sim_time,lat,lon,alt_ft,agl_ft,roll,pitch,heading,roll_rate,pitch_rate,yaw_rate,ias,gs_kt,vs_fps,vn_fps,ve_fps,wow0,wow1,wow2,elevator_trim,rpm,crashed,wind_kt,wind_from,wow,t,cmd_aileron,cmd_elevator,cmd_elevator_trim,cmd_rudder,cmd_throttle,cmd_flaps,cmd_brake,x,y,h,agl,gs_angle,gs_rate,loc_angle,loc_int,track_err,hdg_err,ias_rate,phase,track_des,roll_des,vs_des,hdg_des
624.517,63.93762114,-22.60546924,801.811,725.414,-0.0,0.424,0.0,0.0,0.0,0.0,81.645,82.746,1.0335,139.6589,0.0,0.0,0.0,0.0,-0.03,0.0,0.0,7.8,289.0,0,624.517,0.0004201506445584702,0.1289661479847179,-0.03,0.00034318386683218627,0.6405348984703733,0.3333333333333333,0.0,-2994.4941304010536,-0.11685569751185132,655.311,721.914,3.418369296688633,0.0,-0.0011069430066900819,-0.00011069430066900819,-0.020000000000010232,-0.020000000000010232,0.0,final_approach,0.0014704244936858402,0.03240834191940678,-5.107528574491528,
625.542,63.93767197,-22.6054691,801.852,725.541,0.3865,0.6296,359.8543,5.2617,2.227,-2.4442,84.166,82.472,-0.2479,139.196,0.3787,0.0,0.0,0.0,-0.03,0.0,0.0,7.42,287.6,0,625.542,-0.0081036126196114,0.1360747482613112,-0.03,0.0028428927847443664,0.640488802618009,0.6666666666666666,0.0,-2988.8277653864025,-0.11197450925295271,655.352,722.041,3.424371655173539,0.0020007861616352747,-0.0010616994297368036,-0.0006396991105262599,0.13587989717620985,-0.16570000000001528,0.45836363636363653,final_approach,0.0014705969847987888,-0.20287241958403612,-5.108920419955652,
625.625,63.9380485,-22.60545957,799.337,724.054,2.2677,-2.2941,354.5962,-2.2083,-2.969,-2.9137,82.198,80.806,-5.3504,136.3657,2.2558,0.0,0.0,0.0,-0.03,323.9,0.0,7.39,287.4,0,625.625,-0.11232498299977495,0.07315839004908074,-0.03,0.0808423576993258,0.6402028721871889,0.6666666666666666,0.0,-2946.853266037674,0.34028391469173247,652.837,720.554,3.454595958699598,0.06235869434367179,0.0032490099762099165,-0.0003682614482951457,0.9277165587053844,-5.423800000000028,-1.7388370008969296,final_approach,-0.004237565346770111,-1.4031487513574277,-5.117550235318532,
625.683,63.93809507,-22.60545785,798.621,723.458,1.9337,-2.6685,354.3158,-3.9362,-2.7156,-1.3623,81.997,80.623,-6.0778,136.0572,2.2832,0.0,0.0,0.0,-0.03,359.0,0.0,7.37,287.4,0,625.683,-0.09746390451961809,0.06462018168721648,-0.03,0.08381891631476357,0.6401846524424427,0.6666666666666666,0.0,-2941.66176490771,0.42274096204429235,652.121,719.958,3.4562466349570697,0.056708901198669476,0.004039799752225254,-0.00013324109053273984,0.9414003969653493,-5.704199999999901,-1.8958079318499026,final_approach,-0.005305639455819744,-1.4252434491911767,-5.118099917103002,
625.775,63.93812915,-22.6054566,798.038,723.008,1.4261,-2.8493,354.261,-6.866,-1.1857,0.2994,81.853,80.487,-6.6104,135.8288,2.259,0.0,0.0,0.0,-0.03,384.1,0.0,7.33,287.2,0,625.775,-0.0738345291879278,0.058370854599684885,-0.03,0.08438295814120311,0.6401746175836627,0.6666666666666666,0.0,-2937.8626162805317,0.482656976967093,651.538,719.508,3.4571454410515354,0.048885689575822094,0.004615294015220787,0.0002917745648784682,0.9328114394089937,-5.7590000000000146,-1.8657542463457906,final_approach,-0.006111618346324121,-1.4135871531477253,-5.118402653303239,
625.875,63.93816007,-22.60545549,797.472,722.459,0.8245,-2.9115,354.3387,-7.3302,-0.2701,1.6782,81.722,80.366,-6.989,135.6236,2.2175,0.0,0.0,0.0,-0.03,406.6,0.0,7.3,287.1,0,625.875,-0.048769649135747606,0.05401148529687895,-0.03,0.08358149381288604,0.6401676384213116,0.6666666666666666,0.0,-2934.4157365412916,0.5358368340720825,650.972,718.959,3.457766343970116,0.041772912844152195,0.005126763132143196,0.0008034782962099759,0.9167253997319449,-5.681299999999965,-1.8152311330416009,final_approach,-0.006843064843231161,-1.390586729055416,-5.118613199198183,
625.992,63.93820636,-22.60545386,796.576,721.756,-0.0493,-2.8945,354.6544,-6.3146,0.505,3.4157,81.524,80.185,-7.3359,135.3206,2.1241,0.0,0.0,0.0,-0.03,439.8,0.0,7.25,286.9,0,625.992,-0.021223460645802605,0.05020664815233539,-0.03,0.08020568394170591,0.6401600211408113,0.6666666666666666,0.0,-2929.255450437511,0.6138953414117715,650.076,718.256,3.458440150224719,0.03577059867298042,0.005878674626810145,0.0014881496621913202,0.8792863716351178,-5.365599999999972,-1.8040562747931088,final_approach,-0.007910730327388649,-1.336081481967387,-5.118842991343115,
626.083,63.93824025,-22.6054527,795.9,721.09,-0.5867,-2.8358,355.0107,-5.0604,0.7869,4.3995,81.376,80.054,-7.4331,135.1009,2.0398,0.0,0.0,0.0,-0.03,463.7,0.0,7.22,286.7,0,626.083,-0.009831868312465186,0.04931471214442533,-0.03,0.07616843623845893,0.6401556109388269,0.6666666666666666,0.0,-2925.4774839300085,0.669409314176517,649.4,717.59,3.4588284478490907,0.03052000003768851,0.006414327742165972,0.002067339432753162,0.8450057220634619,-5.009299999999939,-1.7879033067549568,final_approach,-0.008681652597708478,-1.2858371711741565,-5.118976032776722,
626.183,63.93827715,-22.60545148,795.158,720.519,-1.0062,-2.7468,355.4874,-3.1956,0.984,5.1391,81.212,79.913,-7.4162,134.8637,1.944,0.0,0.0,0.0,-0.03,489.4,0.0,7.18,286.6,0,626.183,-0.0029041020256680983,0.04980743455773656,-0.03,0.07039959163007614,0.6401511423213647,0.6666666666666666,0.0,-2921.3639714133105,0.7277457834167937,648.658,717.019,3.459220545603287,0.02608682962173438,0.006978112453323618,0.0027582595466431703,0.8058358770591951,-4.532600000000002,-1.7744575515953827,final_approach,-0.00950224817034595,-1.2283055007745851,-5.119110834858226,
626.283,63.93831705,-22.60545019,794.362,719.701,-1.2659,-2.6354,356.0687,-1.5024,1.0566,5.5581,81.029,79.761,-7.2805,134.6094,1.8495,0.0,0.0,0.0,-0.03,516.9,0.0,7.15,286.4,0,626.283,0.0012243742566579452,0.0517650583811729,-0.03,0.06282059574642485,0.6401458942646092,0.6666666666666666,0.0,-2916.9160274830833,0.7893950754104067,647.862,716.201,3.4596793271161888,0.02250366053961443,0.007574885615160732,0.003506553909670603,0.7671803654724272,-3.9512999999999465,-1.7795068650866799,final_approach,-0.010372773268773727,-1.1715893382048908,-5.119269147812851,
626.375,63.93834769,-22.60544924,793.763,719.29,-1.3481,-2.5475,356.5356,-0.3654,1.0382,5.6136,80.879,79.64,-7.1116,134.4047,1.7927,0.0,0.0,0.0,-0.03,537.8,0.0,7.11,286.3,0,626.375,0.0027442378412413926,0.05409542825477956,-0.03,0.05632715055461446,0.6401410880246285,0.6666666666666666,0.0,-2913.5003639671695,0.8347468315765655,647.263,715.79,3.460097884252796,0.019511306131938463,0.008014657257182381,0.0042331489453416036,0.7441701033440324,-3.4844000000000506,-1.7659548575886979,final_approach,-0.01103406532644513,-1.1380290941476563,-5.119414131020438,
626.858,63.93837523,-22.60544839,793.237,718.72,-1.3452,-2.4709,356.9534,0.528,0.9868,5.4833,80.736,79.523,-6.9231,134.2085,1.7578,0.0,0.0,0.0,-0.03,556.4,0.0,6.93,285.5,0,626.858,0.002961405582491361,0.05668835468152068,-0.03,0.05023422096644714,0.6401359806167184,0.6666666666666666,0.0,-2910.43028005104,0.8753198442869634,646.737,715.22,3.4605410101266822,0.016412329255527127,0.00840853695773462,0.00822631859790699,0.7303903462585879,-3.066599999999994,-1.6323286207704548,final_approach,-0.01200393746866979,-1.1187886617403056,-5.119568197158831,
626.975,63.93856972,-22.60544215,790.001,715.978,0.0016,-1.9974,359.1078,3.93,0.8211,1.9957,79.505,78.51,-5.1023,132.4946,2.028,0.0,0.0,0.0,-0.03,687.6,0.0,6.89,285.3,0,626.975,-0.021907396486607222,0.08236072029279257,-0.03,0.01558759073659377,0.6400682269734587,0.6666666666666666,0.0,-2888.7490624541074,1.1734725740518615,643.501,712.478,3.46626637726273,0.02183273468736103,0.011313791695907854,0.009517949583797205,0.8569170058016482,-0.9121999999999844,-2.440423066278669,final_approach,-0.015976268765445667,-1.3146375568218396,-5.121611807837759,
627.075,63.93860589,-22.6054408,789.511,715.657,0.3813,-1.9345,359.2626,3.4993,0.3022,0.9819,79.237,78.289,-4.6888,132.1184,2.1891,0.0,0.0,0.0,-0.03,711.6,0.0,6.86,285.1,0,627.075,-0.03508508265095883,0.08808997310633963,-0.03,0.01295911968049579,0.6400477878672931,0.6666666666666666,0.0,-2884.71692573289,1.2382066341076596,643.011,712.157,3.46794116000527,0.02098525014370034,0.01194601698627141,0.010680824783811953,0.92926001738644,-0.7573999999999614,-2.462202787526008,final_approach,-0.01694032121832123,-1.4244861289645652,-5.122228229120669,
627.192,63.93864496,-22.60543923,789.026,715.2,0.7231,-1.9287,359.3141,2.7309,-0.1862,-0.0958,78.941,78.042,-4.2691,131.6991,2.3894,0.0,0.0,0.0,-0.03,737.1,0.0,6.81,284.9,0,627.192,-0.05130901251232178,0.09387101885778137,-0.03,0.012082509078478298,0.6400223578106132,0.6666666666666666,0.0,-2880.3615027076144,1.3136064675403762,642.526,711.7,3.46999350332888,0.0204112744411329,0.012682763809979703,0.012123052932922242,1.019395997494371,-0.7058999999999287,-2.468358400470488,final_approach,-0.018073593766047225,-1.561062098563598,-5.1229951263538,
627.308,63.93868092,-22.60543767,788.615,714.98,0.9672,-1.956,359.2636,1.964,-0.3693,-0.9632,78.665,77.812,-3.9336,131.3056,2.5855,0.0,0.0,0.0,-0.03,760.1,0.0,6.77,284.7,0,627.308,-0.06627318350222128,0.09854245940351979,-0.03,0.0129421076827968,0.639996093317949,0.6666666666666666,0.0,-2876.352772509625,1.388637382394087,642.115,711.48,3.472078285141429,0.020004771535066437,0.0134162440049015,0.01363246143281666,1.1080485889761462,-0.7563999999999851,-2.460263122684794,final_approach,-0.019210153137461106,-1.695201583391004,-5.123787134586969,
627.392,63.93871677,-22.60543599,788.236,714.642,1.1189,-1.9966,359.1334,0.9009,-0.4438,-1.6714,78.39,77.58,-3.6468,130.9103,2.7827,0.0,0.0,0.0,-0.03,782.2,0.0,6.74,284.5,0,627.392,-0.0786699906443663,0.10261441009096672,-0.03,0.015153627970320271,0.6399672630048578,0.6666666666666666,0.0,-2872.356302701646,1.4695518250240474,641.736,711.142,3.4743278793077463,0.02113412343461056,0.014207568921477277,0.01478772633020969,1.1977266326677523,-0.886600000000044,-2.5342218864231993,final_approach,-0.020382890379298857,-1.830684349229184,-5.124656453176048,
627.475,63.93874656,-22.60543451,787.94,714.412,1.1582,-2.0339,358.9763,-0.0981,-0.4557,-2.1192,78.162,77.387,-3.4425,130.5817,2.9409,0.0,0.0,0.0,-0.03,800.1,0.0,6.71,284.4,0,627.475,-0.08537004392534467,0.10560045214675286,-0.03,0.017811748110051595,0.6399415202224049,0.6666666666666666,0.0,-2869.035385349338,1.5409033331349953,641.44,710.912,3.4763038165080684,0.021579514911016413,0.014905745093619856,0.015983990463466127,1.270170656506906,-1.0436999999999443,-2.55356425600365,final_approach,-0.021437576028493055,-1.9400989230688044,-5.12543261865801,
627.575,63.93878221,-22.60543265,787.606,714.124,1.0974,-2.0781,358.7463,-1.19,-0.4188,-2.4788,77.892,77.158,-3.2338,130.1902,3.1155,0.0,0.0,0.0,-0.03,820.5,0.0,6.68,284.2,0,627.575,-0.08816724845409496,0.10876238416524861,-0.03,0.021679190391796777,0.639908661612913,0.6666666666666666,0.0,-2865.0612078101703,1.630644429286928,641.106,710.624,3.478783280688157,0.022115369392660584,0.0157844357476458,0.0175091540700195,1.3508477165619581,-1.2736999999999625,-2.566876596366908,final_approach,-0.022767166633727243,-2.061963464764048,-5.12642325666971,
627.692,63.93882367,-22.60543036,787.24,713.936,0.9031,-2.1216,358.4447,-2.1717,-0.3184,-2.6635,77.585,76.896,-3.0755,129.744,3.2888,0.0,0.0,0.0,-0.03,842.9,0.0,6.63,284.0,0,627.692,-0.08489714230146195,0.11156377279001854,-0.03,0.02669817750675696,0.6398679006391212,0.6666666666666666,0.0,-2860.439343066429,1.741226745914617,640.74,710.436,3.481796141713362,0.02272129931611446,0.016868030095000427,0.019414427890260853,1.4320441509879345,-1.5752999999999702,-2.572063417054689,final_approach,-0.024409569491812277,-2.1848204110619953,-5.127652021793619,
627.783,63.93885615,-22.60542848,786.961,713.697,0.6794,-2.1462,358.1999,-2.7134,-0.2218,-2.6521,77.352,76.696,-3.016,129.404,3.3976,0.0,0.0,0.0,-0.03,859.3,0.0,6.6,283.8,0,627.783,-0.0783834810726669,0.1131062044792159,-0.03,0.030720038181810794,0.6398346604624411,0.6666666666666666,0.0,-2856.818546446353,1.8320710700517293,640.461,710.197,3.484204419911998,0.02334518202832959,0.017758950963498995,0.020971601996672275,1.4839985356958039,-1.8200999999999112,-2.571006702816919,final_approach,-0.025758883791787923,-2.2637379360570176,-5.12865397160348,
627.883,63.93889148,-22.60542638,786.661,713.486,0.3916,-2.1655,357.9411,-3.0227,-0.162,-2.4859,77.105,76.484,-2.9936,129.0431,3.4861,0.0,0.0,0.0,-0.03,876.0,0.0,6.56,283.6,0,627.883,-0.06877385747569731,0.11434875651634263,-0.03,0.03491334292644965,0.639797482281644,0.6666666666666666,0.0,-2852.880037358814,1.933583113201851,640.161,709.986,3.4868491012851788,0.023862120645574716,0.01875544230905027,0.022777240887588805,1.5274693938023916,-2.078899999999976,-2.561824275288057,final_approach,-0.02727530994445715,-2.330256437547561,-5.129774521320602,
627.992,63.93892965,-22.60542405,786.337,713.177,0.0568,-2.1803,357.6864,-3.1182,-0.1128,-2.1697,76.846,76.26,-3.004,128.6629,3.5472,0.0,0.0,0.0,-0.03,892.7,0.0,6.53,283.4,0,627.992,-0.05712692320650059,0.11531412816192604,-0.03,0.03897420723031575,0.6397564054559712,0.6666666666666666,0.0,-2848.624930401065,2.0462532018174007,639.837,709.677,3.489714308485079,0.024266151302355463,0.019862632128083174,0.024859510480990173,1.5592285044118341,-2.333599999999933,-2.5449445038066423,final_approach,-0.028968783607517423,-2.3796670022603976,-5.1310124505749535,
628.083,63.93896185,-22.60542206,786.061,713.019,-0.2323,-2.1891,357.5014,-3.1096,-0.0801,-1.8233,76.633,76.074,-3.0313,128.3493,3.5724,0.0,0.0,0.0,-0.03,905.6,0.0,6.49,283.2,0,628.083,-0.04721083535111942,0.11590921723779143,-0.03,0.0418787672700881,0.6397212339501981,0.6666666666666666,0.0,-2845.0353453867638,2.1424977317427736,639.561,709.519,3.492122731878126,0.024632824607359577,0.020809516312462025,0.026677769283632045,1.5743258845110688,-2.518599999999992,-2.5263731253386945,final_approach,-0.030421298830241028,-2.404094817223358,-5.132072306946892,
628.233,63.93899982,-22.60541969,785.731,712.88,-0.5549,-2.1968,357.3275,-2.8083,-0.0638,-1.3414,76.387,75.86,-3.0766,127.9873,3.5731,0.0,0.0,0.0,-0.03,919.6,0.0,6.44,282.9,0,628.233,-0.0367290268118059,0.11643334731483651,-0.03,0.044571944956051324,0.6396792716092153,0.6666666666666666,0.0,-2840.80253309211,2.2571353518543154,639.231,709.38,3.4949448988695604,0.023663094941060746,0.021938703188912684,0.02983518591555031,1.579146070940368,-2.6924999999999955,-2.445793750307924,final_approach,-0.03226520157984325,-2.4139278819585392,-5.1333366717084346,
628.3,63.93903477,-22.6054175,785.421,712.553,-0.8295,-2.2024,357.2148,-2.6153,-0.0489,-0.8702,76.165,75.666,-3.1272,127.6607,3.5504,0.0,0.0,0.0,-0.03,931.2,0.0,6.42,282.8,0,628.3,-0.02851355633584629,0.11677798603522513,-0.03,0.046297139998382475,0.639640351809411,0.6666666666666666,0.0,-2836.9063836263745,2.363071617415418,638.921,709.053,3.4975151010825214,0.02611278362740317,0.022983563867045753,0.03130845277943114,1.5730549741155642,-2.8052000000000135,-2.5246700308090624,final_approach,-0.03380778389735184,-2.4072166112275415,-5.134509239077261,
628.4,63.93906962,-22.60541533,785.106,712.368,-1.0729,-2.207,357.1497,-2.1958,-0.0438,-0.3926,75.947,75.475,-3.1823,127.3399,3.5089,0.0,0.0,0.0,-0.03,941.8,0.0,6.38,282.6,0,628.4,-0.021880712946667213,0.1170275238134528,-0.03,0.047286195849073676,0.6396012771745371,0.6666666666666666,0.0,-2833.021382176664,2.4680318997733015,638.606,708.868,3.500052016339537,0.02598884511786102,0.02402026323606709,0.0336061175937736,1.5584078629128726,-2.870300000000043,-2.49333639164456,final_approach,-0.03543274825962328,-2.387997873467725,-5.135686352488936,
628.5,63.9391044,-22.60541318,784.786,712.127,-1.2752,-2.211,357.1316,-1.7976,-0.0368,0.0619,75.733,75.288,-3.2411,127.0242,3.4532,0.0,0.0,0.0,-0.03,951.2,0.0,6.35,282.4,0,628.5,-0.016826969750347254,0.11718831986743072,-0.03,0.047560195019794915,0.6395620169599003,0.6666666666666666,0.0,-2829.1441844405467,2.572015031372085,638.286,708.627,3.502559172530228,0.025835964582701706,0.025048782102422427,0.035998975412037136,1.5372234779333667,-2.888400000000047,-2.4612149014950093,final_approach,-0.037057691734759146,-2.359117965187318,-5.136868936623937,
628.6,63.93913908,-22.60541107,784.459,711.852,-1.4382,-2.2142,357.157,-1.4161,-0.0272,0.4729,75.521,75.102,-3.3027,126.7127,3.3879,0.0,0.0,0.0,-0.03,959.8,0.0,6.31,282.2,0,628.6,-0.013017510089078421,0.11727486206722679,-0.03,0.047175565137727915,0.6395228300897989,0.6666666666666666,0.0,-2825.278135062496,2.6740423051179114,637.959,708.352,3.5050217983065735,0.025634346779492775,0.026059547488364948,0.038484933576167404,1.5115444849997743,-2.8630000000000564,-2.430195364995422,final_approach,-0.038669769680648614,-2.323561334493176,-5.138049191790564,
628.7,63.93917369,-22.605409,784.125,711.599,-1.5635,-2.2163,357.221,-1.0487,-0.0139,0.8239,75.312,74.918,-3.3662,126.404,3.3171,0.0,0.0,0.0,-0.03,967.7,0.0,6.28,282.0,0,628.7,-0.010180958945006147,0.11729213386476248,-0.03,0.046202655449832486,0.6394836923386275,0.6666666666666666,0.0,-2821.4198897400784,2.774112553454901,637.625,708.099,3.5074433956782602,0.025397951269054378,0.02705252260753926,0.04106190272500136,1.4832136738665724,-2.798999999999978,-2.399268513632162,final_approach,-0.040268697604567194,-2.2840402391333026,-5.139227848252048,
628.8,63.9392082,-22.60540696,783.786,711.434,-1.6524,-2.2169,357.3168,-0.6928,0.0017,1.1033,75.103,74.735,-3.431,126.0974,3.2444,0.0,0.0,0.0,-0.03,975.2,0.0,6.24,281.8,0,628.8,-0.008121799507070704,0.1172551095079076,-0.03,0.04473643358827817,0.6394445156887799,0.6666666666666666,0.0,-2817.572792603915,2.8727168814375865,637.286,707.934,3.509831087949358,0.025144446509378797,0.028032444750830228,0.043728274190998624,1.453856111666454,-2.7031999999999243,-2.371153194211232,final_approach,-0.04186053307407889,-2.2429608336276754,-5.14040755681749,
628.9,63.93924264,-22.60540496,783.439,711.134,-1.7062,-2.216,357.4371,-0.3491,0.018,1.3042,74.896,74.554,-3.4963,125.7926,3.173,0.0,0.0,0.0,-0.03,982.3,0.0,6.2,281.6,0,628.9,-0.006710997060032808,0.11716565266473122,-0.03,0.042878881434056826,0.6394055413891351,0.6666666666666666,0.0,-2813.7334995241777,2.9693641840117118,636.939,707.634,3.5121719295847416,0.024855108150120434,0.02899450376745214,0.046481963653774466,1.424925744994738,-2.582899999999995,-2.3437756311010713,final_approach,-0.04343870534734151,-2.2024640132088464,-5.141581053675004,
629.0,63.93927699,-22.60540301,783.087,710.862,-1.7262,-2.2134,357.5737,-0.0211,0.0338,1.4239,74.69,74.373,-3.5614,125.4895,3.1055,0.0,0.0,0.0,-0.03,988.9,0.0,6.17,281.4,0,629.0,-0.005870806098012049,0.11703450684911504,-0.03,0.04074834701183161,0.6393665667951767,0.6666666666666666,0.0,-2809.9042402060495,3.0635653024547986,636.587,707.362,3.51447977995124,0.024559007402597168,0.029933869813171046,0.049320410756246304,1.3976144909463528,-2.4463000000000648,-2.3179778464554794,final_approach,-0.044996563978163095,-2.1643082560010836,-5.142754441330176,
629.075,63.93929984,-22.60540172,782.848,710.592,-1.7216,-2.2109,357.6699,0.1844,0.0435,1.4596,74.553,74.253,-3.6043,125.2883,3.0639,0.0,0.0,0.0,-0.03,993.1,0.0,6.14,281.2,0,629.075,-0.0056059391467293,0.11692894329486644,-0.03,0.0392348529119636,0.6393407431638984,0.6666666666666666,0.0,-2807.356974669304,3.125878056395114,636.348,707.092,3.5159913754985723,0.02382494071845595,0.03055599645246854,0.051488809463292144,1.3808774686403638,-2.3500999999999976,-2.2733131937473052,final_approach,-0.04606090396860907,-2.1410757053987233,-5.143531834850709,
629.2,63.93934544,-22.6053992,782.362,710.313,-1.6729,-2.2039,357.864,0.5594,0.0599,1.4306,74.28,74.015,-3.6877,124.8878,2.9909,0.0,0.0,0.0,-0.03,1000.9,0.0,6.1,280.9,0,629.2,-0.005729713241556134,0.1166884312240784,-0.03,0.03614984144013167,0.6392892527004828,0.6666666666666666,0.0,-2802.2735922943357,3.247567831772497,635.862,706.813,3.5189653031581107,0.023819354144764507,0.03177309059027264,0.05524590908097917,1.351896986496513,-2.155999999999949,-2.2651938124975475,final_approach,-0.04808832516586037,-2.1011003254164695,-5.145081747055627,
629.3,63.93937955,-22.60539735,781.99,709.939,-1.6059,-2.1975,358.0032,0.7945,0.0688,1.3328,74.075,73.838,-3.7475,124.5893,2.9466,0.0,0.0,0.0,-0.03,1006.3,0.0,6.07,280.7,0,629.3,-0.006359723795758554,0.11649386484832339,-0.03,0.033913032044543545,0.6392508585057557,0.6666666666666666,0.0,-2798.4710891035006,3.336878916368751,635.49,706.439,3.521149392583229,0.02348961082917067,0.032668090969686904,0.05832856514767513,1.3348216158269963,-2.0167999999999893,-2.245630738634302,final_approach,-0.04961533771653137,-2.0780277428731058,-5.146237315123415,
629.375,63.93940791,-22.60539582,781.675,709.803,-1.5333,-2.1915,358.1099,0.9567,0.0746,1.207,73.906,73.691,-3.7952,124.3418,2.9173,0.0,0.0,0.0,-0.03,1010.5,0.0,6.04,280.5,0,629.375,-0.007216549279633777,0.11632305104324231,-0.03,0.03218550163194056,0.6392190556684648,0.6666666666666666,0.0,-2795.3095826319404,3.4107357561253795,635.175,706.303,3.5229377344821153,0.023548768799609675,0.03340919794919181,0.06068843358099676,1.3240236343751803,-1.9101000000000568,-2.2463309745159044,final_approach,-0.05085801063839668,-2.063844062718843,-5.1471944134302525,
629.492,63.93944751,-22.60539369,781.229,709.417,-1.4119,-2.1825,358.2388,1.1442,0.0776,0.98,73.669,73.486,-3.8569,123.9976,2.8879,0.0,0.0,0.0,-0.03,1013.7,0.0,6.0,280.3,0,629.492,-0.008887964293552542,0.11610167099669635,-0.03,0.030084364448167422,0.639174606434282,0.6666666666666666,0.0,-2790.895067357956,3.5135514537441233,634.729,705.917,3.525406767111147,0.02314111449687179,0.03444230269885477,0.06448149810579563,1.3141756144170529,-1.7811999999998989,-2.2262682518909824,final_approach,-0.052647167391207006,-2.0518791298528622,-5.148531970444257,
629.592,63.93948137,-22.60539189,780.841,709.11,-1.2898,-2.1755,358.3269,1.2865,0.0652,0.7583,73.464,73.31,-3.8926,123.7008,2.8729,0.0,0.0,0.0,-0.03,1008.6,0.0,5.97,280.0,0,629.592,-0.010815290476046346,0.11608324735190995,-0.03,0.02863982358159256,0.6391366771087392,0.6666666666666666,0.0,-2787.12043420679,3.6004225800711,634.341,705.61,3.5274865435047222,0.02275055607001799,0.03531668187627481,0.06779822796640456,1.3104316509534044,-1.6930999999999585,-2.2102438653553946,final_approach,-0.054173461674619006,-2.048586167100085,-5.149673210668048,
629.692,63.93951515,-22.60539009,780.449,708.745,-1.1578,-2.1683,358.3919,1.3364,0.0788,0.5188,73.262,73.137,-3.9433,123.4079,2.8681,0.0,0.0,0.0,-0.03,1003.3,0.0,5.93,279.8,0,629.692,-0.013182020435128228,0.11584681017118217,-0.03,0.027569849580810102,0.6390988066949934,0.6666666666666666,0.0,-2783.3547191954453,3.6872968194162636,633.949,705.245,3.5295390861079006,0.022379701063644765,0.03619216710793249,0.07119145058397723,1.3113608608857419,-1.628099999999904,-2.1929489685048607,final_approach,-0.055709853282234434,-2.0522472676770356,-5.150812567148094,
629.775,63.93954324,-22.60538859,780.119,708.552,-1.0465,-2.1614,358.4276,1.3194,0.0858,0.3178,73.094,72.993,-3.9839,123.1651,2.8708,0.0,0.0,0.0,-0.03,998.7,0.0,5.9,279.6,0,629.775,-0.015421401049152794,0.11564336249097504,-0.03,0.02698072339245361,0.6390673330817341,0.6666666666666666,0.0,-2780.223311956469,3.759694353633839,633.619,705.052,3.5312272466089403,0.022039631410547975,0.03692258204480117,0.07405906188041235,1.3152398201840754,-1.5923999999999978,-2.177598733690144,final_approach,-0.05699580091030754,-2.059915786876079,-5.151759387164287,
629.9,63.93958248,-22.60538649,779.651,708.139,-0.8988,-2.1509,358.4498,1.195,0.0943,0.0471,72.859,72.793,-4.0368,122.8272,2.8835,0.0,0.0,0.0,-0.03,992.3,0.0,5.86,279.3,0,629.9,-0.01880131468700852,0.11536845025929027,-0.03,0.026613864874389437,0.6390235060979779,0.6666666666666666,0.0,-2775.8489288215756,3.861054248032774,633.151,704.639,3.533552131610114,0.021466206177021836,0.037946451655868206,0.07849378891289416,1.324832735083561,-1.5701999999999998,-2.150544303354676,final_approach,-0.05884527877842061,-2.0769013102728646,-5.153077705665751,
630.0,63.93961602,-22.60538469,779.245,707.76,-0.7853,-2.1413,358.4447,1.0412,0.0984,-0.161,72.659,72.623,-4.0788,122.5397,2.9006,0.0,0.0,0.0,-0.03,986.8,0.0,5.83,279.1,0,630.0,-0.021772431854411356,0.11513826302490002,-0.03,0.02669817750675696,0.6389861423206162,0.6666666666666666,0.0,-2772.109968226528,3.947937826431394,632.745,704.26,3.5355111216624815,0.021153488568129666,0.03882524391849295,0.0821146673417013,1.3359777707298974,-1.5752999999999702,-2.136858457595108,final_approach,-0.06041174159688012,-2.09576521159582,-5.1542014931855356,
630.083,63.93964391,-22.60538317,778.903,707.499,-0.7042,-2.1329,358.4255,0.8743,0.1012,-0.3116,72.494,72.482,-4.1119,122.3017,2.9181,0.0,0.0,0.0,-0.03,982.1,0.0,5.8,278.9,0,630.083,-0.02415457696222667,0.11494512436995599,-0.03,0.027015406065092673,0.638955174832856,0.6666666666666666,0.0,-2769.000855993481,4.021323017843622,632.403,703.999,3.5371191722686546,0.02085692442158128,0.039568051946274024,0.08517163174026222,1.3468092712810744,-1.5944999999999254,-2.123321489380072,final_approach,-0.06173540057345406,-2.1137980140374335,-5.155132818191397,
630.183,63.93967731,-22.60538135,778.49,707.249,-0.627,-2.1227,358.3873,0.6427,0.1038,-0.4589,72.296,72.315,-4.15,122.0184,2.9411,0.0,0.0,0.0,-0.03,976.6,0.0,5.76,278.6,0,630.183,-0.026705683364474986,0.11470728463343832,-0.03,0.027645684787382385,0.638918028858916,0.6666666666666666,0.0,-2765.277501800289,4.109191918673531,631.99,703.749,3.5390299492964283,0.02056539873093994,0.040458513096237526,0.08893357761075263,1.3607753073456195,-1.6326999999999998,-2.1102922630727456,final_approach,-0.06333316658506405,-2.136879804250219,-5.156249858987312,
630.275,63.93970786,-22.60537966,778.108,706.903,-0.5768,-2.1131,358.3407,0.4222,0.1051,-0.5592,72.116,72.163,-4.1837,121.7608,2.9628,0.0,0.0,0.0,-0.03,971.4,0.0,5.73,278.4,0,630.275,-0.028622998165159064,0.11447822643058772,-0.03,0.028412952218898058,0.6388841094932418,0.6666666666666666,0.0,-2761.871858535374,4.190802535892066,631.608,703.403,3.5407579648057927,0.020268295155067163,0.041286201340238915,0.0924591784960477,1.373900530303871,-1.679300000000012,-2.096313124532572,final_approach,-0.06482155701302617,-2.1585442626600173,-5.157269777251582,
630.375,63.93974388,-22.60537766,777.653,706.511,-0.5441,-2.1016,358.276,0.1596,0.1062,-0.633,71.905,71.984,-4.2227,121.459,2.9871,0.0,0.0,0.0,-0.03,965.3,0.0,5.7,278.1,0,630.375,-0.03020782528549043,0.1141863092318979,-0.03,0.02947522553983073,0.638844135102577,0.6666666666666666,0.0,-2757.856432208414,4.287388356536029,631.153,703.011,3.542774471072508,0.0202510897404143,0.042266910111751044,0.09637767224557021,1.388818858768019,-1.7439999999999145,-2.097557385938657,final_approach,-0.06655586707920946,-2.1832218091105116,-5.158471649480191,
630.475,63.93977705,-22.6053758,777.229,706.223,-0.5386,-2.0909,358.2112,-0.0695,0.1072,-0.6584,71.712,71.821,-4.2583,121.1831,3.0067,0.0,0.0,0.0,-0.03,959.6,0.0,5.67,277.9,0,630.475,-0.030953739505151845,0.11389192126809794,-0.03,0.03053552102092305,0.6388074209582729,0.6666666666666666,0.0,-2754.1587169815434,4.377225956244027,630.729,702.723,3.5446080011669183,0.019931791607694753,0.04318004001052706,0.1003744173391386,1.4012863300633,-1.8088000000000193,-2.0823248963078282,final_approach,-0.06821001109775793,-2.204140425042173,-5.15957539033149,
630.583,63.9398129,-22.60537378,776.766,705.835,-0.5572,-2.0793,358.1403,-0.2858,0.1083,-0.6428,71.504,71.646,-4.2967,120.887,3.0233,0.0,0.0,0.0,-0.03,953.5,0.0,5.63,277.6,0,630.583,-0.030978488291926565,0.11354374455726662,-0.03,0.031691333377976694,0.6387677882276224,0.6666666666666666,0.0,-2750.162241358079,4.474798266526761,630.266,702.335,3.5465679655777236,0.019634462776174973,0.044172956127933614,0.10478374869853238,1.4126290576418796,-1.879699999999957,-2.068106808091376,final_approach,-0.07001584562337015,-2.2236108028278068,-5.160766756239134,
630.692,63.93984866,-22.60537174,776.298,705.531,-0.5971,-2.0675,358.073,-0.4578,0.1094,-0.5885,71.299,71.472,-4.3351,120.5936,3.034,0.0,0.0,0.0,-0.03,947.3,0.0,5.59,277.3,0,630.692,-0.0302859681077558,0.1131620003642318,-0.03,0.032784166229288036,0.6387284638579573,1.0,0.0,-2746.1757982990816,4.573353953604418,629.798,702.031,3.5484934114872315,0.019306159208750215,0.04517687645517638,0.10932731394521016,1.421193657686274,-1.9470000000000027,-2.0510729114424753,final_approach,-0.07185133611987027,-2.2390065396671996,-5.161948733092039,
630.8,63.9398816,-22.60536986,775.863,705.089,-0.6485,-2.0566,358.0176,-0.575,0.1022,-0.5091,71.109,71.313,-4.3635,120.3237,3.0377,0.0,0.0,0.0,-0.03,941.6,0.0,5.56,277.0,0,630.8,-0.029134863022159063,0.1128790207276317,-0.03,0.033680530316891,0.6386922628533445,1.0,0.0,-2742.5037223797826,4.664180377888612,629.363,701.589,3.5502494269116545,0.01879836635362487,0.046103272880338116,0.11391288908608167,1.426185800400333,-2.002399999999966,-2.0245443976077255,final_approach,-0.07358946830257906,-2.2489674479233113,-5.16303672529142,
630.883,63.93990625,-22.60536845,775.536,704.828,-0.6941,-2.0496,357.9818,-0.6389,0.0826,-0.4351,70.966,71.191,-4.3703,120.1192,3.0364,0.0,0.0,0.0,-0.03,937.3,0.0,5.53,276.8,0,630.883,-0.02802271314534105,0.11285100400699472,-0.03,0.03425817825953692,0.6386650785347993,1.0,0.0,-2739.7557966606428,4.732302336301485,629.036,701.328,3.551557919102825,0.018292799654464564,0.04679881245752445,0.11748203152692165,1.4280271559153448,-2.0381999999999607,-1.9971214129400534,final_approach,-0.07490872564811468,-2.25364459529359,-5.163853661860291,
630.992,63.93994451,-22.60536626,775.026,704.488,-0.7721,-2.042,357.938,-0.6943,0.0433,-0.3023,70.741,71.0,-4.3621,119.7971,3.0275,0.0,0.0,0.0,-0.03,930.7,0.0,5.49,276.5,0,630.992,-0.02603139767662932,0.1130452482521658,-0.03,0.03496317667185733,0.6386227251024771,1.0,0.0,-2735.490659190671,4.838109800745871,628.526,700.988,3.553579642197939,0.018335319429355755,0.04788041370023605,0.12227414523902953,1.427664911406083,-2.0819999999999936,-2.0032213011716515,final_approach,-0.07687459994046719,-2.256017534634802,-5.165126343608673,
631.1,63.93997723,-22.60536439,774.591,704.032,-0.8424,-2.0393,357.9134,-0.6993,0.0068,-0.1795,70.545,70.834,-4.3426,119.5168,3.0137,0.0,0.0,0.0,-0.03,924.9,0.0,5.46,276.2,0,631.1,-0.024200790570558683,0.11336485091989762,-0.03,0.03535828580038958,0.6385859332028977,1.0,0.0,-2731.8431083245255,4.9284548486784425,628.091,700.532,3.55531956309206,0.017964495966006546,0.04880526290922074,0.1271049267103676,1.424447206080373,-2.1065999999999576,-1.9860934387754807,final_approach,-0.07863839117035809,-2.253866138351862,-5.166231794376056,
631.175,63.94000443,-22.60536284,774.23,703.784,-0.9004,-2.0397,357.9023,-0.6793,-0.0215,-0.0754,70.38,70.694,-4.3211,119.2803,2.9981,0.0,0.0,0.0,-0.03,920.2,0.0,5.43,276.0,0,631.175,-0.022674618715879447,0.1136898493005386,-0.03,0.03553636458578491,0.6385549660377403,1.0,0.0,-2728.8109145272515,5.003336701496533,627.73,700.284,3.5567725539969266,0.018199281982489754,0.049572778564515904,0.1305051227859273,1.419821293088745,-2.1177000000000135,-2.005539489796081,final_approach,-0.08003335607071804,-2.249084921701007,-5.167162154269359,
631.3,63.94004243,-22.60536068,773.728,703.32,-0.9762,-2.0442,357.9013,-0.611,-0.0571,0.0659,70.147,70.495,-4.2865,118.9447,2.971,0.0,0.0,0.0,-0.03,913.4,0.0,5.39,275.7,0,631.3,-0.02067178795906699,0.1141849400134225,-0.03,0.03555240151506567,0.6385109436896195,1.0,0.0,-2724.5747615223845,5.107684471448652,627.228,699.82,3.558820492452122,0.017896652925668746,0.05064374853011699,0.13629182000725057,1.4108361186763432,-2.11869999999999,-1.9926722634509755,final_approach,-0.08209757970554676,-2.238841806001714,-5.168484609766921,
631.4,63.94007761,-22.6053587,773.266,703.004,-1.039,-2.0516,357.9145,-0.5309,-0.082,0.1855,69.927,70.307,-4.2528,118.6282,2.9415,0.0,0.0,0.0,-0.03,907.2,0.0,5.36,275.4,0,631.4,-0.01899627573658519,0.11464169198491075,-0.03,0.035340631484363394,0.6384693476288857,1.0,0.0,-2720.6529759976734,5.203323104131079,626.766,699.504,3.5607370438981714,0.018108129848138723,0.05162706293589993,0.1410002202341508,1.4004127467264027,-2.1055000000000064,-2.0115202395008405,final_approach,-0.083924543042464,-2.2261164052626743,-5.169734041442496,
631.5,63.94011001,-22.60535688,772.842,702.596,-1.088,-2.0606,357.9376,-0.4341,-0.1005,0.2812,69.723,70.131,-4.222,118.3319,2.9116,0.0,0.0,0.0,-0.03,901.4,0.0,5.33,275.1,0,631.5,-0.017664316681545,0.11503687295128595,-0.03,0.03496960612460687,0.63843041657857,1.0,0.0,-2717.041098543541,5.291230917685288,626.342,699.096,3.5625149376531757,0.018053264465122208,0.05253213586350862,0.1457834330863889,1.3894993636747586,-2.082400000000007,-2.0141093086370927,final_approach,-0.08565690891998656,-2.2125224574318114,-5.170903303135738,
631.6,63.94014232,-22.60535508,772.421,702.311,-1.1268,-2.0712,357.9695,-0.3297,-0.1139,0.3597,69.516,69.953,-4.1927,118.0317,2.8799,0.0,0.0,0.0,-0.03,895.7,0.0,5.3,274.8,0,631.6,-0.016561137780151003,0.11538811506086441,-0.03,0.034456351177639455,0.6383909413539469,1.0,0.0,-2713.439254337164,5.3781623587346665,625.921,698.811,3.5643024112920676,0.018023509785754274,0.05342854979223893,0.15064034328865927,1.3777040300892622,-2.0505000000000564,-2.0191902805791266,final_approach,-0.08738619452599394,-2.197614374290108,-5.172088789872181,
631.7,63.94017455,-22.6053533,772.003,701.983,-1.1551,-2.083,358.0083,-0.224,-0.1225,0.4192,69.306,69.772,-4.1655,117.7276,2.8474,0.0,0.0,0.0,-0.03,889.9,0.0,5.27,274.5,0,631.7,-0.015687541608819078,0.11568530969368859,-0.03,0.033830710943247966,0.6383508869346407,1.0,0.0,-2709.8463286118586,5.46411703815222,625.503,698.483,3.5661007770881357,0.018016867814907994,0.054316290445135265,0.15556983785554507,1.365505198443941,-2.011700000000019,-2.0265366187082607,final_approach,-0.08911225530605194,-2.1820998341086586,-5.173291548309614,
631.8,63.9402067,-22.60535154,771.588,701.56,-1.1728,-2.0952,358.0522,-0.1189,-0.1185,0.4581,69.096,69.59,-4.1474,117.4212,2.815,0.0,0.0,0.0,-0.03,884.1,0.0,5.23,274.2,0,631.8,-0.015040843957769223,0.11582968567155902,-0.03,0.03312105426646683,0.6383102463571816,1.0,0.0,-2706.262321368415,5.549094956112283,625.088,698.06,3.567910057608943,0.01802952404710474,0.055195337471204295,0.1605708054764758,1.353318711123194,-1.9677999999998974,-2.0332151079167686,final_approach,-0.09083493889596994,-2.166594440536267,-5.174511782241321,
631.9,63.94023876,-22.6053498,771.173,701.257,-1.18,-2.1059,358.099,-0.0152,-0.0919,0.4757,68.887,69.409,-4.1522,117.1161,2.7838,0.0,0.0,0.0,-0.03,878.3,0.0,5.2,273.9,0,631.9,-0.014620241951106061,0.11562322050762375,-0.03,0.032362476702768705,0.6382694311531917,1.0,0.0,-2702.688347372728,5.633096501741576,624.673,697.757,3.56971187561171,0.01802763337719867,0.05606566356380226,0.16564213581460224,1.3416399658896694,-1.9210000000000491,-2.038377370833386,final_approach,-0.09255408388149888,-2.151832366162804,-5.1757371319469385,
632.0,63.94027074,-22.60534808,770.757,700.902,-1.1772,-2.1134,358.1467,0.0801,-0.0542,0.4735,68.679,69.229,-4.1745,116.8125,2.7541,0.0,0.0,0.0,-0.03,872.5,0.0,5.17,273.6,0,632.0,-0.014411729511059401,0.11513531222480103,-0.03,0.03158718878198563,0.6382285472990713,1.0,0.0,-2699.1232918581113,5.716121285739044,624.257,697.402,3.571501783408303,0.01800620747531996,0.05692725507050951,0.17078272086893903,1.33061810293853,-1.873299999999972,-2.0421612462121246,final_approach,-0.0942695470962569,-2.1380351211168573,-5.1769644147411995,
632.108,63.94030263,-22.60534637,770.338,700.602,-1.1653,-2.117,358.1932,0.1626,-0.0123,0.4533,68.472,69.049,-4.2089,116.5105,2.7264,0.0,0.0,0.0,-0.03,866.6,0.0,5.14,273.3,0,632.108,-0.014402631881544281,0.11443555685838006,-0.03,0.030829388115488632,0.6381878969472117,1.0,0.0,-2695.568269421814,5.798659634557103,623.838,697.102,3.5732669929249736,0.01772926165639524,0.05778496674516328,0.17640867948228572,1.320503300752165,-1.8268000000000484,-2.03075264807172,final_approach,-0.09603472993838125,-2.125653624484613,-5.178184561221805,
632.175,63.9403265,-22.6053451,770.021,700.261,-1.1513,-2.1169,358.2265,0.2139,0.0181,0.4284,68.318,68.916,-4.2402,116.2851,2.7071,0.0,0.0,0.0,-0.03,862.3,0.0,5.12,273.1,0,632.175,-0.014508451482252993,0.11380369016242847,-0.03,0.030285506676261398,0.6381576407867654,1.0,0.0,-2692.907297953094,5.859952822868833,623.521,696.761,3.5745716726132266,0.018019856574988183,0.0584228057154666,0.17992902808104527,1.3135964277151402,-1.7934999999999945,-2.05509399485486,final_approach,-0.09727246783888788,-2.1172455040132174,-5.179092637277769,
632.283,63.94035825,-22.60534342,769.594,699.964,-1.1273,-2.1131,358.2673,0.2685,0.0608,0.3828,68.113,68.738,-4.2863,115.9858,2.6835,0.0,0.0,0.0,-0.03,856.5,0.0,5.08,272.7,0,632.283,-0.014783252886446052,0.11285595783957136,-0.03,0.029617793257439184,0.6381177533155535,1.0,0.0,-2689.36788277217,5.941026807667345,623.094,696.464,3.5762799546735504,0.01765278489323528,0.05926760179598755,0.1856821845739234,1.3053846476380215,-1.7527000000000044,-2.0408261906086964,final_approach,-0.09903500673323862,-2.107678943596568,-5.180289670209049,
632.383,63.94039256,-22.60534162,769.127,699.571,-1.096,-2.1046,358.3059,0.3084,0.0992,0.323,67.892,68.547,-4.3389,115.6633,2.6607,0.0,0.0,0.0,-0.03,850.4,0.0,5.05,272.4,0,632.383,-0.015220534617169879,0.11173432812875203,-0.03,0.028984755441144094,0.6380749522459107,1.0,0.0,-2685.543085089259,6.027880423268678,622.627,696.071,3.5780985149788247,0.01774158791981917,0.06017412458817545,0.19108065641749578,1.2977905060864998,-1.7140999999999167,-2.056205627826045,final_approach,-0.10083877259989649,-2.0990884246026056,-5.18157400568181,
632.483,63.94042414,-22.60533997,768.691,699.244,-1.0641,-2.0932,358.3354,0.327,0.1324,0.2605,67.689,68.371,-4.3876,115.367,2.6422,0.0,0.0,0.0,-0.03,844.9,0.0,5.02,272.1,0,632.483,-0.015725439052782675,0.11064330441106922,-0.03,0.028500102808463046,0.6380359928450073,1.0,0.0,-2682.0226214677255,6.107491211430016,622.191,695.744,3.5797410834713386,0.017522270754041586,0.06100626874743635,0.1965443477708428,1.291990847435784,-1.6846000000000458,-2.0538232980238478,final_approach,-0.10255194534930823,-2.093025037621006,-5.18274294217694,
632.583,63.94045564,-22.60533833,768.25,698.934,-1.0312,-2.0786,358.3585,0.3286,0.1623,0.1944,67.486,68.196,-4.435,115.0718,2.6259,0.0,0.0,0.0,-0.03,839.4,0.0,4.99,271.8,0,632.583,-0.016289708852004148,0.10951733465550202,-0.03,0.028120086872229,0.6379975976726664,1.0,0.0,-2678.51107615545,6.18661517528412,621.75,695.434,3.5813482189228054,0.01728045138081212,0.06183447300664827,0.20207264724560606,1.287243652170588,-1.6614999999999327,-2.051657543657991,final_approach,-0.1042672260341746,-2.088525995555649,-5.183894836176599,
632.683,63.94048707,-22.60533669,767.804,698.509,-0.9988,-2.0612,358.3749,0.3148,0.1879,0.1281,67.284,68.022,-4.4801,114.7778,2.6116,0.0,0.0,0.0,-0.03,834.0,0.0,4.96,271.4,0,632.683,-0.01688294192793749,0.10837296570527963,-0.03,0.027850024431801512,0.6379597561164807,1.0,0.0,-2675.0073342155188,6.265741862855077,621.304,695.009,3.5829211014833993,0.017021847084999247,0.06266363440946623,0.20766543519573527,1.2834562682162698,-1.6450999999999567,-2.048779585143585,final_approach,-0.10599105064975589,-2.0854637003066046,-5.1850300110350425,
632.783,63.94051841,-22.60533507,767.354,698.072,-0.9684,-2.0415,358.3847,0.2874,0.2099,0.0644,67.082,67.848,-4.5225,114.485,2.599,0.0,0.0,0.0,-0.03,828.7,0.0,4.93,271.1,0,632.783,-0.017470388885053256,0.10721367840777545,-0.03,0.027688540568976405,0.6379224124715677,1.0,0.0,-2671.5136255241355,6.343892178269603,620.854,694.572,3.584462719566526,0.016754236042710317,0.06348392869706998,0.21332160994812444,1.280486155711202,-1.6352999999999156,-2.04616325922141,final_approach,-0.10771035587885791,-2.0836074435910117,-5.186150142403282,
632.883,63.94053926,-22.60533399,767.052,697.909,-0.9498,-2.0272,358.3878,0.2629,0.2222,0.0246,66.948,67.733,-4.549,114.2905,2.5913,0.0,0.0,0.0,-0.03,825.2,0.0,4.9,270.7,0,632.883,-0.017849935165149877,0.1064382697057302,-0.03,0.027637442661489153,0.6378977495455521,1.0,0.0,-2669.189317055353,6.395994074706025,620.552,694.409,3.5854751960369393,0.015649324152946776,0.06403131076170117,0.21901366899113542,1.278840413640438,-1.6322000000000116,-1.9819665992921636,final_approach,-0.109074280674335,-2.083189205720519,-5.1868898543331845,
632.975,63.94057566,-22.60533212,766.519,697.51,-0.9221,-2.0002,358.3873,0.2088,0.239,-0.037,66.715,67.532,-4.5924,113.9514,2.5787,0.0,0.0,0.0,-0.03,819.1,0.0,4.87,270.4,0,632.975,-0.018416690786640266,0.1050701667241856,-0.03,0.027645684787382385,0.6378551591166792,1.0,0.0,-2665.131531791464,6.4861959236398095,620.019,694.01,3.5872132363944127,0.01618972729679201,0.06498040657375034,0.22432022447768007,1.2763720783512156,-1.6326999999999998,-2.032024971688557,final_approach,-0.11092372257687799,-2.082270711674999,-5.18816715436062,
633.1,63.94060936,-22.60533038,766.019,697.099,-0.9022,-1.9738,358.3808,0.1509,0.2523,-0.0844,66.498,67.346,-4.6291,113.638,2.5676,0.0,0.0,0.0,-0.03,813.6,0.0,4.83,270.0,0,633.1,-0.01884282936766557,0.10378280432200654,-0.03,0.027752813933481058,0.6378162740063834,1.0,0.0,-2661.3747359444797,6.570133652227456,619.519,693.599,3.5887887654438773,0.015592144813279425,0.06586458118363861,0.23161862952364456,1.2743523891081452,-1.6391999999999598,-2.00511361062596,final_approach,-0.11291267006640027,-2.082225087757598,-5.189333210060738,
633.208,63.94064297,-22.60532866,765.516,696.634,-0.8888,-1.9461,358.3697,0.0907,0.2616,-0.1211,66.283,67.161,-4.6627,113.326,2.5566,0.0,0.0,0.0,-0.03,808.1,0.0,4.8,269.6,0,633.208,-0.019129357652051593,0.10248065157712204,-0.03,0.027935677889628363,0.63777775781948,1.0,0.0,-2657.6279733468355,6.653095008484886,619.016,693.134,3.5903389227497264,0.015385672075649417,0.06674000723761611,0.23799272323901888,1.2723560987538747,-1.6503000000000156,-2.0038069860910315,final_approach,-0.11478567791401417,-2.0820421235219992,-5.1904880892750676,
633.275,63.94066103,-22.60532773,765.244,696.449,-0.8843,-1.9307,358.3623,0.058,0.2642,-0.1361,66.167,67.062,-4.6795,113.1585,2.5505,0.0,0.0,0.0,-0.03,805.2,0.0,4.78,269.4,0,633.275,-0.019224125669955572,0.10176952880631195,-0.03,0.028057531107304468,0.6377571649655452,1.0,0.0,-2655.6146875435047,6.69795641224468,618.744,692.949,3.5911635342122588,0.01487266569123081,0.06721372259676912,0.24196452557110237,1.2711813721703606,-1.657699999999977,-1.979037558590201,final_approach,-0.11585824698937586,-2.081890510595315,-5.191105504357939,
633.392,63.94069964,-22.60532576,764.657,695.826,-0.8814,-1.8966,358.3439,-0.0146,0.281,-0.1565,65.92,66.85,-4.7137,112.8011,2.5366,0.0,0.0,0.0,-0.03,799.0,0.0,4.75,269.0,0,633.392,-0.019259944023618636,0.10020727446605558,-0.03,0.02836032165857849,0.6377136074590872,1.0,0.0,-2651.3105369774294,6.792971636958793,618.157,692.326,3.59289828139522,0.014865037909302119,0.06821862170521299,0.24900244266088953,1.2682142438392532,-1.6760999999999058,-1.9910442451828871,final_approach,-0.11797675876093194,-2.0806310561497963,-5.192411339510148,
633.5,63.94073557,-22.60532392,764.106,695.409,-0.8865,-1.8635,358.3253,-0.0746,0.2899,-0.1624,65.69,66.653,-4.7425,112.4691,2.5221,0.0,0.0,0.0,-0.03,793.3,0.0,4.72,268.6,0,633.5,-0.019096989223748584,0.098710485864246,-0.03,0.028666117187356455,0.6376733711715569,1.0,0.0,-2647.305146293302,6.8817219630722235,617.606,691.909,3.5944895437768416,0.014843183414576517,0.0691584510318464,0.2555751465787465,1.2646325804620915,-1.6947000000000116,-2.003642916496325,final_approach,-0.11995701685155424,-2.078254297131009,-5.193617477760782,
633.6,63.94076628,-22.60532236,763.63,695.092,-0.896,-1.8342,358.3091,-0.1191,0.3015,-0.158,65.494,66.485,-4.7654,112.1856,2.5082,0.0,0.0,0.0,-0.03,788.5,0.0,4.69,268.2,0,633.6,-0.01882350363525881,0.09738863659425719,-0.03,0.028932218474215454,0.6376394297160574,1.0,0.0,-2643.8816689735936,6.956957169727887,617.13,691.592,3.5958236430743056,0.014592818341253217,0.06995653984410792,0.26171888340789623,1.2607823501410564,-1.7109000000000378,-1.9996753786329806,final_approach,-0.12170213974611244,-2.0751298174999455,-5.194634824049935,
633.717,63.94079946,-22.60532068,763.113,694.552,-0.9111,-1.8008,358.2926,-0.1589,0.3166,-0.1444,65.282,66.303,-4.7885,111.8797,2.4914,0.0,0.0,0.0,-0.03,783.3,0.0,4.66,267.7,0,633.717,-0.018399451667855726,0.09590775439868997,-0.03,0.029203018872003383,0.6376028627653524,1.0,0.0,-2640.1828420568204,7.037975509331001,616.613,691.052,3.597252673445535,0.01419633775051714,0.07081720043814543,0.2689837922138661,1.2556837620905412,-1.7273999999999887,-1.9826108725723852,final_approach,-0.12365632146070737,-2.0704624743834756,-5.195730767840917,
633.817,63.94083256,-22.60531901,762.594,694.136,-0.93,-1.7661,358.278,-0.1895,0.3278,-0.1233,65.071,66.123,-4.8093,111.5748,2.4724,0.0,0.0,0.0,-0.03,778.2,0.0,4.63,267.4,0,633.817,-0.017860358584494418,0.09438705905652102,-0.03,0.02944244211014868,0.6375665644185938,1.0,0.0,-2636.4929334508893,7.1185070246274345,616.094,690.636,3.5986628679109907,0.014180605567856499,0.07167396585252181,0.2752545761584068,1.2494166256404355,-1.7419999999999618,-1.994191702338487,final_approach,-0.12549306969915008,-2.063885704771579,-5.196818560911328,
633.917,63.94086302,-22.60531748,762.112,693.747,-0.9499,-1.7328,358.2667,-0.2071,0.3411,-0.099,64.876,65.956,-4.8269,111.2944,2.4531,0.0,0.0,0.0,-0.03,773.5,0.0,4.6,267.0,0,633.917,-0.01729189165145595,0.09293182775807618,-0.03,0.029627623099307332,0.6375335590428999,1.0,0.0,-2633.097325828017,7.192282147489221,615.612,690.247,3.5999380359818014,0.013942451424564498,0.07246002113452793,0.2815830630179997,1.2426827753731686,-1.7532999999999674,-1.9901742748531235,final_approach,-0.12724320804084144,-2.0564867040968515,-5.197807583032521,
633.975,63.94087823,-22.60531672,761.871,693.517,-0.9604,-1.7156,358.2621,-0.2139,0.3457,-0.0855,64.779,65.873,-4.835,111.1544,2.4428,0.0,0.0,0.0,-0.03,771.1,0.0,4.58,266.8,0,633.975,-0.016990964084958815,0.09219100410767203,-0.03,0.029702974844816765,0.6375170328697131,1.0,0.0,-2631.401751637046,7.228925518512226,615.371,690.017,3.6005740220082525,0.013446255573491037,0.07285091142468196,0.28526402195879597,1.2389659437379237,-1.7579000000000633,-1.961286958330458,final_approach,-0.12817383197192456,-2.0523498120531087,-5.198302766788412,
634.092,63.94091363,-22.60531496,761.306,692.974,-0.9856,-1.674,358.2539,-0.2164,0.3673,-0.0515,64.553,65.68,-4.8527,110.8286,2.4168,0.0,0.0,0.0,-0.03,765.7,0.0,4.55,266.3,0,634.092,-0.016249669930987698,0.0904094682541562,-0.03,0.029837251888371497,0.6374789550543782,1.0,0.0,-2627.455444993441,7.313776970118937,614.806,689.474,3.6020331126638587,0.013283689695297671,0.07375721331768637,0.2927810862313235,1.22923076652404,-1.7661000000000513,-1.9585903195390122,final_approach,-0.13021659957662024,-2.0409268797809688,-5.199443636626537,
634.2,63.94094893,-22.60531322,760.739,692.601,-1.011,-1.6307,358.2498,-0.2138,0.3789,-0.0165,64.328,65.487,-4.8675,110.5036,2.3886,0.0,0.0,0.0,-0.03,760.4,0.0,4.52,265.9,0,634.2,-0.015483729231286436,0.08857921503215258,-0.03,0.029904368420620497,0.6374412109388241,1.0,0.0,-2623.5202863650698,7.397652438522151,614.239,689.101,3.6034708930431063,0.01328853829430171,0.07465477916226192,0.299789790470419,1.2182889809811286,-1.7701999999999316,-1.9699305935202025,final_approach,-0.13219043239114825,-2.027607170156184,-5.200574399820212,
634.3,63.9409791,-22.60531175,760.252,692.123,-1.032,-1.5924,358.2495,-0.2009,0.3929,0.0125,64.135,65.322,-4.8785,110.2257,2.3629,0.0,0.0,0.0,-0.03,755.8,0.0,4.49,265.5,0,634.3,-0.014833248342806471,0.08695177988003774,-0.03,0.029909278809570283,0.6374090690419109,1.0,0.0,-2620.157008022797,7.468499222472947,613.752,688.623,3.6046886862301197,0.013103437223608983,0.07541441610179116,0.3063319327790241,1.2080572035221167,-1.77049999999997,-1.966300539563978,final_approach,-0.13392990480165068,-2.0149913099178036,-5.201537242928101,
634.4,63.9410092,-22.60531029,759.764,691.788,-1.0513,-1.5524,358.252,-0.1815,0.4102,0.0394,63.942,65.157,-4.8877,109.9482,2.3357,0.0,0.0,0.0,-0.03,751.3,0.0,4.47,265.1,0,634.4,-0.014204441089720077,0.08527422388585063,-0.03,0.02986835649743702,0.6373771027097612,1.0,0.0,-2616.801533223097,7.538858792989511,613.264,688.288,3.60589391195061,0.012928240553824398,0.07616992662982906,0.31292781899941174,1.1969878738339048,-1.768000000000029,-1.963000490512672,final_approach,-0.13567001164238235,-2.0011292475951823,-5.202494749200547,
634.5,63.94103922,-22.60530885,759.276,691.329,-1.0685,-1.5107,358.2571,-0.1586,0.4275,0.0635,63.75,64.993,-4.8951,109.671,2.3075,0.0,0.0,0.0,-0.03,746.7,0.0,4.44,264.6,0,634.5,-0.013610654063977878,0.08355386734138041,-0.03,0.029784858058740427,0.6373451974368313,1.0,0.0,-2613.4549769052596,7.608241601874525,612.776,687.829,3.607091035235999,0.012768739270501381,0.07691633602993178,0.3195763598724084,1.1853369354913923,-1.762899999999945,-1.9590913550114804,final_approach,-0.13740407812939637,-1.986390696553789,-5.2034503493815585,
634.608,63.94106917,-22.60530743,758.786,690.947,-1.1192,-1.4675,358.2644,-0.9963,0.4361,0.0842,63.562,64.832,-4.9007,109.4009,2.2776,0.0,0.0,0.0,-0.03,850.8,0.0,4.41,264.2,0,634.608,-0.012403426064610479,0.08181774376762896,-0.03,0.02966530126779654,0.6373136364332651,1.0,0.0,-2610.116224301014,7.6766472601745,612.286,687.447,3.6082696183233263,0.01245941711944218,0.07765363599396297,0.3268124776642122,1.1726594646106605,-1.7555999999999585,-1.939241299168765,final_approach,-0.1391925200106492,-1.9702034089358236,-5.204395562492191,
634.717,63.94110401,-22.6053058,758.215,690.367,-1.2708,-1.4175,358.2756,-1.5524,0.4158,0.108,63.357,64.66,-4.9055,109.1111,2.2354,0.0,0.0,0.0,-0.03,994.4,0.0,4.38,263.7,0,634.717,-0.009428256366964094,0.07985556547475216,-0.03,0.029481781811788732,0.6372768032134526,1.0,0.0,-2606.2323468538825,7.755151318205473,611.715,686.867,3.609638111596207,0.012475344958679049,0.07850157639342811,0.3341817308222517,1.1536759174489077,-1.7444000000000415,-1.9339224487855564,final_approach,-0.1411417120592624,-1.9448725447771675,-5.205498576682455,
634.775,63.94111892,-22.60530512,757.97,690.155,-1.351,-1.3972,358.2811,-1.6652,0.3899,0.1161,63.276,64.593,-4.9071,108.9986,2.2137,0.0,0.0,0.0,-0.03,1049.7,0.0,4.37,263.5,0,634.775,-0.007961598446542928,0.07905888159038907,-0.03,0.029391620982968658,0.6372610506443177,1.0,0.0,-2604.570217052238,7.787886864794748,611.47,686.655,3.6102211144568073,0.012071416375337415,0.07885609788755954,0.33810929982014,1.1434849681859873,-1.7389000000000578,-1.885070564726691,final_approach,-0.14205228687645644,-1.9310680687621318,-5.205970274613602,
634.883,63.94115365,-22.60530355,757.398,689.727,-1.5491,-1.3551,358.2952,-1.7002,0.3195,0.1234,63.106,64.456,-4.9121,108.7679,2.1535,0.0,0.0,0.0,-0.03,1164.3,0.0,4.34,263.0,0,634.883,-0.004515264771420557,0.0773028466482373,-0.03,0.029160362694790054,0.6372243591212873,1.0,0.0,-2600.698603072691,7.863455579624362,610.898,686.227,3.611573873850725,0.012147105303393841,0.07967578085224603,0.34549709067283424,1.1142532345776885,-1.7247999999999593,-1.8567981564854648,final_approach,-0.14396635384959922,-1.890416572453292,-5.207068899836333,
635.0,63.94118584,-22.60530214,756.866,689.288,-1.7304,-1.3253,358.3083,-1.6131,0.2262,0.1145,62.973,64.352,-4.9181,108.5945,2.0858,0.0,0.0,0.0,-0.03,1257.4,0.0,4.31,262.5,0,635.0,-0.0014595061216171046,0.07583881161411497,-0.03,0.028945353530289597,0.6371903850015223,1.0,0.0,-2597.110142744258,7.931284136097136,610.366,685.788,3.6128200439211944,0.0118977587933834,0.08041407745784626,0.35355809908177555,1.080358158158134,-1.7117000000000644,-1.7913394274188343,final_approach,-0.14584928137463393,-1.8427480136901053,-5.20808606929295,
635.117,63.94122045,-22.60530067,756.292,688.828,-1.9107,-1.3047,358.3203,-1.4497,0.1217,0.0848,62.854,64.267,-4.9286,108.4513,2.0009,0.0,0.0,0.0,-0.03,1344.0,0.0,4.28,262.0,0,635.117,0.0016864985734578175,0.07438771435742189,-0.03,0.02874827083223308,0.6371539034343148,1.0,0.0,-2593.251907683064,8.001958147552914,609.792,685.328,3.614151433534666,0.011811365395443594,0.08118605834263472,0.36167799132144224,1.0369732217070577,-1.699700000000007,-1.7209534810256992,final_approach,-0.1477832196570006,-1.78097556050926,-5.209178213495655,
635.175,63.94123774,-22.60529996,756.004,688.574,-1.9931,-1.2989,358.3247,-1.3659,0.0684,0.0625,62.805,64.233,-4.9358,108.3954,1.9542,0.0,0.0,0.0,-0.03,1382.6,0.0,4.26,261.7,0,635.175,0.0032321722506216677,0.07372127240621353,-0.03,0.028675976735033415,0.6371357746460243,1.0,0.0,-2591.32446273163,8.036070893659677,609.504,685.074,3.6148104714132776,0.011736591503707674,0.08155999502217862,0.3657092269161733,1.0128416516401728,-1.6952999999999747,-1.6413056724058168,final_approach,-0.1487310697843256,-1.7464025990161325,-5.209720895431786,
635.283,63.94127231,-22.60529859,755.428,688.022,-2.1406,-1.2954,358.3289,-1.145,-0.0124,0.0013,62.723,64.183,-4.9556,108.3133,1.8535,0.0,0.0,0.0,-0.03,1450.7,0.0,4.24,261.2,0,635.283,0.006326081844586495,0.07243264783443677,-0.03,0.02860695355223497,0.6370993432842234,1.0,0.0,-2587.4706884497587,8.101847088723707,608.928,684.522,3.6161297694186176,0.011816446631699737,0.0822837431849343,0.37327931796325226,0.9603723369537249,-1.6911000000000058,-1.5611196348470004,final_approach,-0.15053937479622093,-1.6707973338177382,-5.2108113865222485,
635.383,63.94130191,-22.60529748,754.931,687.562,-2.2475,-1.2997,358.3261,-0.9698,-0.0724,-0.0648,62.67,64.157,-4.9774,108.2712,1.7604,0.0,0.0,0.0,-0.03,1500.3,0.0,4.21,260.8,0,635.383,0.009004119532327548,0.07140475594515464,-0.03,0.02865297065324679,0.6370685524768422,1.0,0.0,-2584.1709580056972,8.155078310624639,608.431,684.062,3.6172395597679303,0.011696689441937176,0.08287284057797879,0.3803223376278409,0.9114998222202928,-1.693899999999985,-1.4673814862245325,final_approach,-0.15211080479317118,-1.6001387208459263,-5.211732962188638,
635.5,63.94133398,-22.60529634,754.39,687.149,-2.3433,-1.3099,358.3151,-0.7788,-0.1155,-0.1468,62.625,64.142,-5.0063,108.2474,1.6536,0.0,0.0,0.0,-0.03,1546.4,0.0,4.18,260.2,0,635.5,0.01194277259085541,0.07031062968688744,-0.03,0.028833688277402958,0.6370353832824696,1.0,0.0,-2580.595879503755,8.209683230071388,607.89,683.649,3.61842977047115,0.011442698043807976,0.08348067499905805,0.3886063194859794,0.855188985588569,-1.7048999999999523,-1.3689482042600771,final_approach,-0.1538470909442502,-1.5185374386915385,-5.2127256435075076,
635.617,63.94136851,-22.60529519,753.804,686.651,-2.4244,-1.3253,358.2928,-0.5918,-0.1452,-0.2424,62.59,64.139,-5.0424,108.2438,1.5329,0.0,0.0,0.0,-0.03,1587.9,0.0,4.16,259.7,0,635.617,0.015137545821045484,0.06917342343574805,-0.03,0.029199737832742212,0.6369999925270465,1.0,0.0,-2576.7465680550345,8.264682361367978,607.304,683.151,3.619693711489045,0.011336067483651043,0.08409738789444109,0.39693014922363096,0.7913428185997873,-1.727200000000039,-1.2716933947041944,final_approach,-0.15559956867522828,-1.4255974000489235,-5.213784719828755,
635.717,63.94140057,-22.6052942,753.256,686.145,-2.4808,-1.3419,358.262,-0.4279,-0.1578,-0.334,62.568,64.147,-5.0792,108.2583,1.4166,0.0,0.0,0.0,-0.03,1619.8,0.0,4.13,259.2,0,635.717,0.01810102525774765,0.06816461968420073,-0.03,0.029704612722186496,0.6369675529229468,1.0,0.0,-2573.1726068858757,8.311938610591149,606.756,682.645,3.6208468990327285,0.011368702142514855,0.08463196153184847,0.40407024487940535,0.7296937341343721,-1.7580000000000382,-1.1760849042765409,final_approach,-0.15711015123273597,-1.3354920455837131,-5.2147553993838685,
635.817,63.94143018,-22.60529336,752.746,685.754,-2.5169,-1.3577,358.2248,-0.2767,-0.1558,-0.4173,62.556,64.162,-5.115,108.2849,1.3062,0.0,0.0,0.0,-0.03,1644.1,0.0,4.11,258.7,0,635.817,0.02077437786548575,0.0672886146317027,-0.03,0.03031329630847046,0.6369380482762861,1.0,0.0,-2569.871766291888,8.351941136637718,606.246,682.254,3.621891359879576,0.011214686530174678,0.08508917805383288,0.4112322618685256,0.6711039084602817,-1.7952000000000226,-1.0800771857059441,final_approach,-0.15852133045380512,-1.2497428581252787,-5.215638188350631,
635.917,63.94145979,-22.60529259,752.233,685.287,-2.5384,-1.3729,358.1794,-0.137,-0.1461,-0.496,62.55,64.183,-5.1511,108.3222,1.1936,0.0,0.0,0.0,-0.03,1664.0,0.0,4.09,258.2,0,635.917,0.02334014890580699,0.06647491999274853,-0.03,0.03105448888493645,0.6369088675653976,1.0,0.0,-2566.5709268942496,8.38851410175805,605.733,681.787,3.622920286106096,0.011060449152678063,0.08551197090303579,0.41841268475260235,0.6113154161975842,-1.840599999999995,-0.9873428960963118,final_approach,-0.15988925193735426,-1.162057213803111,-5.216511220585531,
635.975,63.9414746,-22.60529223,751.975,685.088,-2.544,-1.3801,358.1538,-0.0795,-0.1411,-0.5329,62.549,64.196,-5.1688,108.3443,1.1366,0.0,0.0,0.0,-0.03,1672.5,0.0,4.07,257.9,0,635.975,0.024569546451638336,0.06609851872435127,-0.03,0.031471609250937393,0.6368944448003081,1.0,0.0,-2564.919950240035,8.405575546616745,605.475,681.588,3.623427360279761,0.010674150655005595,0.08571107049289084,0.4225749956506678,0.5810467941003878,-1.8661999999999352,-0.8991518491157658,final_approach,-0.16062164267045276,-1.1176983434139665,-5.216942699047209,
636.083,63.94150917,-22.60529145,751.369,684.572,-2.5451,-1.3954,358.0874,0.0657,-0.1197,-0.6088,62.552,64.23,-5.2088,108.4036,1.0022,0.0,0.0,0.0,-0.03,1689.0,0.0,4.05,257.4,0,636.083,0.027299944094736406,0.06530954223084388,-0.03,0.03255069422670098,0.6368612508487237,1.0,0.0,-2561.066186048366,8.442445441950369,604.869,681.072,3.6245907076918287,0.010690414761992551,0.0861461133435139,0.4303575059074211,0.5096889986589019,-1.9325999999999794,-0.8148855193981697,final_approach,-0.1620737072401468,-1.0126436995486152,-5.217935686001205,
636.2,63.94154129,-22.60529082,750.803,684.14,-2.5332,-1.4076,358.0184,0.1679,-0.1022,-0.666,62.559,64.267,-5.2428,108.4667,0.8761,0.0,0.0,0.0,-0.03,1700.5,0.0,4.02,256.8,0,636.2,0.0296480209247606,0.06469248758001328,-0.03,0.03366760759963028,0.6368307057592,1.0,0.0,-2557.4855424318666,8.472061614107389,604.303,680.64,3.625656729696184,0.010427228832080363,0.0865034760892442,0.4388000183368292,0.4427755878897983,-2.001600000000053,-0.7353660121956994,final_approach,-0.1634980220359381,-0.9141473094099624,-5.218849359835808,
636.3,63.94157342,-22.60529028,750.233,683.573,-2.5109,-1.4178,357.944,0.2556,-0.0842,-0.708,62.569,64.307,-5.2731,108.5356,0.7494,0.0,0.0,0.0,-0.03,1708.9,0.0,4.0,256.3,0,636.3,0.03182668865485361,0.06418845090213984,-0.03,0.03486671547055442,0.6368006131406594,1.0,0.0,-2553.903785587865,8.497267961735774,603.733,680.073,3.626702801160254,0.010432809800185013,0.08681625748553176,0.4460189773575864,0.37560084295876095,-2.076000000000022,-0.6594236474506229,final_approach,-0.16472540870561403,-0.8148920111901781,-5.219749430627974,
636.408,63.94160311,-22.60528985,749.705,683.113,-2.4821,-1.4254,357.872,0.3302,-0.0672,-0.7316,62.581,64.347,-5.2974,108.6032,0.6322,0.0,0.0,0.0,-0.03,1714.4,0.0,3.98,255.7,0,636.408,0.033670572945257826,0.06383287628524746,-0.03,0.03602182570616708,0.6367728577068272,1.0,0.0,-2550.5940338658907,8.517179946185147,603.205,679.613,3.6276640086596585,0.010177353073308491,0.08707108590860134,0.45381698631723244,0.3135259243674682,-2.147999999999911,-0.5893750330359251,final_approach,-0.16594188176468094,-0.7232403519293271,-5.22057953584698,
636.525,63.94163776,-22.60528944,749.085,682.604,-2.4398,-1.4323,357.786,0.4012,-0.0499,-0.7403,62.596,64.395,-5.3211,108.6855,0.4955,0.0,0.0,0.0,-0.03,1718.4,0.0,3.95,255.1,0,636.525,0.03563011415281042,0.06352738758810825,-0.03,0.03739446299989568,0.6367409203737108,1.0,0.0,-2546.7313578637377,8.53591904887348,602.585,679.104,3.6287657911971998,0.010050618355309198,0.08732283800900371,0.4622638721176459,0.24121112805369194,-2.2339999999999236,-0.5241404729231034,final_approach,-0.16722759977645651,-0.6162126654341105,-5.22153464105169,
636.575,63.9416551,-22.60528927,748.774,682.299,-2.4158,-1.435,357.7429,0.4245,-0.0434,-0.7379,62.604,64.42,-5.3309,108.7276,0.4274,0.0,0.0,0.0,-0.03,1719.6,0.0,3.94,254.9,0,636.575,0.03654100412104677,0.06342352689914407,-0.03,0.03807940112194663,0.6367249845433615,1.0,0.0,-2544.7983483100165,8.543573236063756,602.274,678.799,3.6293138649342054,0.010202427752773857,0.08743131614701602,0.46586499813813886,0.2052242303982439,-2.2771000000000186,-0.4619458844755635,final_approach,-0.16777724830627605,-0.5627942044853977,-5.222011183020136,
636.683,63.94168732,-22.60528903,748.196,681.839,-2.3666,-1.439,357.6637,0.488,-0.03,-0.718,62.62,64.466,-5.346,108.8067,0.3016,0.0,0.0,0.0,-0.03,1720.7,0.0,3.92,254.3,0,636.683,0.038095308159889485,0.06330894364642986,-0.03,0.039332713530183416,0.6366952520101162,1.0,0.0,-2541.206563689327,8.554077962844984,601.696,678.339,3.6303334723177105,0.010075491311733844,0.08759501145705968,0.47364814538220024,0.1388170842800207,-2.3562999999999192,-0.40648279060067555,final_approach,-0.16887201996232193,-0.46430990995747123,-5.2229002479356375,
636.783,63.94171708,-22.60528888,747.661,681.283,-2.316,-1.4416,357.5932,0.5309,-0.0214,-0.6868,62.635,64.51,-5.3562,108.8803,0.1866,0.0,0.0,0.0,-0.03,1720.4,0.0,3.9,253.7,0,636.783,0.03936294522938194,0.06328410653102015,-0.03,0.04044241532628645,0.6366678234014155,1.0,0.0,-2537.8890133851633,8.560268979526095,601.161,677.783,3.6312706731010227,0.009958244065298123,0.08771041408722584,0.48084035963965044,0.0781939064255539,-2.4267999999999574,-0.35589344600061673,final_approach,-0.1698364385879252,-0.3743199701326052,-5.223720361854259,
636.875,63.94174686,-22.60528879,747.124,680.824,-2.2612,-1.4434,357.5264,0.5709,-0.0155,-0.6434,62.65,64.553,-5.3632,108.954,0.073,0.0,0.0,0.0,-0.03,1719.3,0.0,3.88,253.3,0,636.875,0.04047974403865906,0.06332605825921084,-0.03,0.04148858543409428,0.636640508945449,1.0,0.0,-2534.5692345713737,8.563519594177231,600.624,677.324,3.632200764961312,0.00998348574334559,0.08779584289060448,0.48744300008269004,0.01838859774386492,-2.493600000000015,-0.3087173619768422,final_approach,-0.17069478333466392,-0.28538060450115843,-5.224537006520702,
636.983,63.94177666,-22.60528878,746.588,680.375,-2.2024,-1.4447,357.4645,0.6093,-0.0122,-0.5893,62.664,64.597,-5.3676,109.0273,-0.0388,0.0,0.0,0.0,-0.03,1717.5,0.0,3.86,252.7,0,636.983,0.041424706459602945,0.06341103783831997,-0.03,0.04245331390351548,0.6366127767128447,1.0,0.0,-2531.2472275915848,8.562849932323267,600.088,676.875,3.6331418394945265,0.009771846967008373,0.08784119258200777,0.4951750540812454,-0.04039008717319348,-2.555499999999938,-0.26886763546715475,final_approach,-0.17162792371889424,-0.19808602074531478,-5.225366084583115,
637.075,63.94180648,-22.60528884,746.051,679.777,-2.1401,-1.4458,357.4083,0.643,-0.0108,-0.5272,62.678,64.64,-5.3697,109.1,-0.1484,0.0,0.0,0.0,-0.03,1715.1,0.0,3.84,252.2,0,637.075,0.042209825487454444,0.06354393957283408,-0.03,0.04332520921802141,0.6365849802514064,1.0,0.0,-2527.922992274774,8.558749931115013,599.551,676.277,3.6340818468886207,0.009846117751661259,0.08785142062063755,0.5017388479458352,-0.09793481609401056,-2.611699999999928,-0.23059113105711612,final_approach,-0.17238284234652212,-0.1123732333417955,-5.226197024960385,
637.183,63.94183383,-22.60528895,745.559,679.337,-2.0799,-1.4468,357.3625,0.6744,-0.0108,-0.4644,62.69,64.679,-5.3699,109.1656,-0.2465,0.0,0.0,0.0,-0.03,1712.4,0.0,3.82,251.5,0,637.183,0.04275669738190496,0.06369228698936302,-0.03,0.044032894758854524,0.6365592518328842,1.0,0.0,-2524.8741053563017,8.552296358058777,599.059,675.837,3.6349490494169387,0.00954337363304872,0.08783315295579601,0.5094185686124525,-0.14937578913338712,-2.6575000000000273,-0.19952729085999923,final_approach,-0.17322628808410556,-0.03600091278508977,-5.226966092182611,
637.283,63.94186617,-22.60528915,744.977,678.948,-2.0052,-1.4479,357.3161,0.7076,-0.012,-0.3858,62.703,64.724,-5.3689,109.2419,-0.3592,0.0,0.0,0.0,-0.03,1709.0,0.0,3.8,251.0,0,637.283,0.043208909841645105,0.06387983568896863,-0.03,0.04474718949826961,0.6365286958183218,1.0,0.0,-2521.2689510523605,8.54123917475966,598.477,675.448,3.63597542374449,0.009663435240125461,0.08777631679641365,0.5164981383967207,-0.20839446980477305,-2.703899999999976,-0.16957026441817905,final_approach,-0.17395114682900115,0.051990057585339144,-5.227879400232105,
637.375,63.94189605,-22.6052894,744.44,678.5,-1.9332,-1.4492,357.281,0.7376,-0.0138,-0.311,62.714,64.765,-5.3669,109.3108,-0.4596,0.0,0.0,0.0,-0.03,1705.6,0.0,3.79,250.5,0,637.375,0.043424678828640706,0.06406410407158414,-0.03,0.04528572608526871,0.6365001617332244,1.0,0.0,-2517.9380303800713,8.527828030485566,597.94,675.0,3.6369304384956465,0.009782961886982664,0.08769088428267646,0.5229817721263091,-0.26090012234075743,-2.7390000000000327,-0.14328522061731935,final_approach,-0.17457102783512823,0.1303060061378467,-5.228732210416801,
637.475,63.94192346,-22.60528968,743.948,678.105,-1.8644,-1.4505,357.2553,0.7647,-0.0161,-0.2419,62.724,64.802,-5.3645,109.3727,-0.5484,0.0,0.0,0.0,-0.03,1702.4,0.0,3.77,249.9,0,637.475,0.04343196848055175,0.06424387723641413,-0.03,0.045679044065871977,0.6364737297749875,1.0,0.0,-2514.8824577648716,8.513043188839438,597.448,674.605,3.637812159271526,0.009622002865617815,0.08758688467366614,0.529997188019923,-0.30728139813496114,-2.764699999999948,-0.1211683823793851,final_approach,-0.1752265265147699,0.1993191001498662,-5.2295221390704185,
637.583,63.94195337,-22.60529004,743.411,677.574,-1.7867,-1.4522,357.2345,0.7913,-0.0186,-0.1679,62.733,64.842,-5.3617,109.4387,-0.6412,0.0,0.0,0.0,-0.03,1698.8,0.0,3.75,249.3,0,637.583,0.04323897811778582,0.06442213742983789,-0.03,0.045996750615239,0.636444749251003,1.0,0.0,-2511.548194671373,8.494241566958088,596.911,674.074,3.638775680217167,0.009505250760918186,0.08744579995427702,0.5375333445381095,-0.35569142775236173,-2.7854999999999563,-0.10257731731458852,final_approach,-0.17589200809987915,0.2713711996967447,-5.230388172446389,
637.7,63.94198829,-22.60529054,742.786,677.113,-1.6929,-1.4544,357.2195,0.8181,-0.021,-0.0855,62.743,64.887,-5.3586,109.5138,-0.7438,0.0,0.0,0.0,-0.03,1694.6,0.0,3.73,248.6,0,637.7,0.04275808883039528,0.06462111280651323,-0.03,0.04622551919002904,0.636410342120352,1.0,0.0,-2507.6554355125527,8.46838587047715,596.286,673.613,3.639915298895124,0.00954443073090241,0.08724064270507333,0.5456441196909098,-0.40913767517869815,-2.8005000000000564,-0.08548209887961919,final_approach,-0.1765380173483848,0.35104009626200217,-5.231416289101606,
637.8,63.94202074,-22.60529106,742.205,676.54,-1.6031,-1.4567,357.2138,0.8394,-0.0225,-0.0149,62.75,64.927,-5.3559,109.5816,-0.8331,0.0,0.0,0.0,-0.03,1690.7,0.0,3.71,248.0,0,637.8,0.042066577033314345,0.06477640649081126,-0.03,0.046312374766629416,0.6363781963906213,1.0,0.0,-2504.038024239801,8.44164641377499,595.705,673.04,3.640975823263449,0.00972123288962869,0.08702177596311757,0.5525274835549122,-0.45558584931205814,-2.80619999999999,-0.07134736261783176,final_approach,-0.17702732320887904,0.4203723115313611,-5.2323767530333285,
637.9,63.94205071,-22.6052916,741.67,676.251,-1.5184,-1.459,357.2151,0.8527,-0.0239,0.0443,62.756,64.964,-5.3536,109.6426,-0.9102,0.0,0.0,0.0,-0.03,1687.2,0.0,3.7,247.4,0,637.9,0.04122988230755109,0.06491075017985762,-0.03,0.04629256931453496,0.6363480291744839,1.0,0.0,-2500.697075620595,8.414023585978882,595.17,672.751,3.6419674301595175,0.009753705568137658,0.08678919208765824,0.5593646444851632,-0.4956310099565826,-2.804899999999975,-0.059406693288938994,final_approach,-0.1774933449049172,0.48006779638349784,-5.233278031832334,
638.0,63.94208069,-22.60529218,741.134,675.764,-1.4327,-1.4614,357.222,0.8598,-0.0249,0.097,62.761,64.999,-5.3518,109.7021,-0.982,0.0,0.0,0.0,-0.03,1683.9,0.0,3.68,246.8,0,638.0,0.040231283368896364,0.06502335465341398,-0.03,0.04618741133504589,0.6363178274302268,1.0,0.0,-2497.3550129179935,8.384440620104145,594.634,672.264,3.642956674336193,0.00977682826790676,0.08653611500486764,0.566153707170701,-0.5328703346388295,-2.798000000000002,-0.04946063026267052,final_approach,-0.1779269445859022,0.5355683961796167,-5.234180274084871,
638.092,63.9421107,-22.6052928,740.599,675.258,-1.3465,-1.4638,357.2338,0.8608,-0.0252,0.1425,62.765,65.034,-5.3504,109.7602,-1.0483,0.0,0.0,0.0,-0.03,1680.6,0.0,3.67,246.2,0,638.092,0.03909198864914132,0.06511664476816399,-0.03,0.04600743295839205,0.6362871291494882,1.0,0.0,-2494.00960659704,8.352896737548114,594.099,671.758,3.6439586323288355,0.009962498180941767,0.08626253415157856,0.5723536556106551,-0.5672050841683642,-2.786200000000008,-0.04101164015974153,final_approach,-0.17826699536927393,0.586818820842419,-5.235097279978255,
638.192,63.94213821,-22.60529341,740.108,674.955,-1.2676,-1.4661,357.2484,0.8546,-0.0251,0.1776,62.768,65.065,-5.3494,109.8122,-1.1042,0.0,0.0,0.0,-0.03,1677.8,0.0,3.65,245.6,0,638.192,0.037939094661802175,0.06518877228136391,-0.03,0.045784498860475864,0.6362589357795793,1.0,0.0,-2490.9428919515276,8.321940074127287,593.608,671.455,3.6448757111258803,0.00983054647919233,0.0859903690446564,0.5790448469964201,-0.5961096453006007,-2.771600000000035,-0.03455603650885645,final_approach,-0.17866440115818705,0.6297870505944836,-5.235939398269704,
638.3,63.94217075,-22.60529416,739.529,674.371,-1.1755,-1.4688,357.2694,0.8419,-0.0247,0.2114,62.77,65.101,-5.3489,109.8724,-1.1643,0.0,0.0,0.0,-0.03,1674.6,0.0,3.64,244.9,0,638.3,0.03649356371910101,0.06524279499062749,-0.03,0.04546335946106572,0.6362250538146124,1.0,0.0,-2487.3154517057365,8.283928557852327,593.029,670.871,3.6459739155702935,0.009886882011076566,0.08565363129248839,0.5862108777268182,-0.6271313564967045,-2.750599999999963,-0.029731076960910388,final_approach,-0.17903040526522318,0.6759836647986717,-5.236951352851531,
638.4,63.94220079,-22.60529489,738.994,673.941,-1.0918,-1.4712,357.2917,0.8265,-0.0235,0.235,62.771,65.134,-5.3488,109.9268,-1.214,0.0,0.0,0.0,-0.03,1671.8,0.0,3.62,244.3,0,638.4,0.03508826618193528,0.0652756970624139,-0.03,0.0451217224951278,0.6361936732679484,1.0,0.0,-2483.966702964366,8.246994197863378,592.494,670.441,3.6469872702360533,0.009927992785496425,0.08532330316516493,0.5927891717842468,-0.6527324067064058,-2.72829999999999,-0.026119160873557222,final_approach,-0.17933845992486752,0.7140905480014794,-5.237888521043736,
638.492,63.94222835,-22.60529559,738.503,673.313,-1.0167,-1.4732,357.3139,0.8058,-0.022,0.2504,62.771,65.163,-5.349,109.9756,-1.2548,0.0,0.0,0.0,-0.03,1669.4,0.0,3.61,243.7,0,638.492,0.033764030237969256,0.06528961024413252,-0.03,0.044780989761060264,0.6361647516293373,1.0,0.0,-2480.8944160214405,8.211626153230764,592.003,669.813,3.6479180412642136,0.009959506720088435,0.0850045440719509,0.5987917030453936,-0.6737052267717729,-2.706099999999992,-0.023744691703233838,final_approach,-0.17959671245407804,0.7452935143326958,-5.238752189850626,
638.592,63.94225843,-22.60529637,737.968,672.769,-0.9373,-1.4753,357.3395,0.7756,-0.0203,0.2613,62.771,65.194,-5.3495,110.028,-1.2943,0.0,0.0,0.0,-0.03,1667.0,0.0,3.6,243.1,0,638.592,0.03231088129593984,0.06529910857622462,-0.03,0.044387300470586255,0.6361328337092403,1.0,0.0,-2477.5412090652612,8.172240550282439,591.468,669.269,3.6489417352537425,0.01000574558262156,0.0846481178267341,0.6052605424845838,-0.6939603294381982,-2.680499999999938,-0.021586083366576216,final_approach,-0.17985803300737402,0.775405401176819,-5.239705262367014,
638.692,63.94228852,-22.60529718,737.433,672.209,-0.8611,-1.4772,357.3659,0.7423,-0.0182,0.2666,62.77,65.225,-5.3503,110.0794,-1.3287,0.0,0.0,0.0,-0.03,1664.7,0.0,3.58,242.5,0,638.692,0.030871257279977637,0.0652913052570297,-0.03,0.04398044839301041,0.6361006804865834,1.0,0.0,-2474.1868878554574,8.131384746406571,590.933,668.709,3.649969294809906,0.010050720579123066,0.08427603860456745,0.6116706112034268,-0.7115481496684879,-2.6540999999999713,-0.020532803060521507,final_approach,-0.18009210055226532,0.8015368214585656,-5.24066528429724,
638.792,63.94231862,-22.60529801,736.898,671.756,-0.7884,-1.4789,357.3926,0.7044,-0.0161,0.267,62.768,65.255,-5.3512,110.13,-1.3584,0.0,0.0,0.0,-0.03,1662.6,0.0,3.57,241.8,0,638.792,0.029463681304520428,0.06527038751859479,-0.03,0.04356809185618482,0.6360682901378081,1.0,0.0,-2470.8314522194246,8.089548678927478,590.398,668.256,3.6510007351475333,0.010094667711981292,0.08389335860145201,0.6180210450262287,-0.7266797439061179,-2.627399999999966,-0.020484366418657723,final_approach,-0.1803054709922698,0.8239974110244255,-5.241632308423338,
638.892,63.94234874,-22.60529885,736.362,671.199,-0.7197,-1.4804,357.4192,0.6628,-0.0139,0.2633,62.766,65.285,-5.3523,110.1799,-1.3835,0.0,0.0,0.0,-0.03,1660.6,0.0,3.56,241.2,0,638.892,0.02810387183549551,0.06524532188535155,-0.03,0.04315640574269686,0.6360358102599862,1.0,0.0,-2467.4737872202486,8.047221895695184,589.862,667.699,3.652031338360282,0.01012989511456523,0.08350515509766888,0.6243114903859096,-0.7394102119164927,-2.6007999999999356,-0.020440333107872466,final_approach,-0.18050479093679783,0.8428615744905326,-5.242601927040624,
638.992,63.94237887,-22.60529971,735.827,670.729,-0.6553,-1.4817,357.4452,0.6181,-0.0118,0.2565,62.763,65.314,-5.3534,110.2291,-1.4044,0.0,0.0,0.0,-0.03,1658.8,0.0,3.55,240.5,0,638.992,0.026807269433565872,0.06520934371441912,-0.03,0.04275316965092135,0.6360028951058162,1.0,0.0,-2464.115007795636,8.00391484885994,589.327,667.229,3.6530720240595045,0.010176055427510008,0.08310631767659694,0.6305410838522773,-0.7499509770417774,-2.574799999999982,-0.021309393734432098,final_approach,-0.18068323268834163,0.8584590711552149,-5.243584459833116,
639.092,63.94240901,-22.60530058,735.292,670.111,-0.5955,-1.4827,357.4705,0.5712,-0.0098,0.2474,62.759,65.343,-5.3546,110.2777,-1.4215,0.0,0.0,0.0,-0.03,1657.2,0.0,3.54,239.9,0,639.092,0.025586952778801186,0.0651602152013923,-0.03,0.04236000289419806,0.6359697368159913,1.0,0.0,-2460.755113774566,7.960117475572554,588.792,666.611,3.6541166404857037,0.010221073566590012,0.08270191688051909,0.6367094719274896,-0.7585123201925228,-2.5494999999999663,-0.023008539758571794,final_approach,-0.18084743398631886,0.8710973638416526,-5.244574168858037,
639.192,63.94243917,-22.60530147,734.756,669.583,-0.5404,-1.4836,357.4948,0.5228,-0.0077,0.2368,62.756,65.372,-5.3558,110.3258,-1.4351,0.0,0.0,0.0,-0.03,1655.7,0.0,3.53,239.2,0,639.192,0.024447986910100583,0.06512229880795407,-0.03,0.04198165134586396,0.6359364850686707,1.0,0.0,-2457.392990560581,7.915339449554945,588.256,666.083,3.6551604538350224,0.01025725022102243,0.08228686156875947,0.642815793177942,-0.7652521173250193,-2.5252000000000407,-0.023644127053246568,final_approach,-0.1809905927449691,0.8810250140940123,-5.245566585311771,
639.3,63.94246934,-22.60530236,734.22,669.071,-0.4903,-1.4842,357.5179,0.4734,-0.0058,0.2254,62.752,65.4,-5.357,110.3735,-1.4456,0.0,0.0,0.0,-0.03,1654.3,0.0,3.52,238.5,0,639.3,0.023398709562569342,0.06507331421492961,-0.03,0.041621330384841726,0.6359029878243703,1.0,0.0,-2454.029752579118,7.870561034410062,587.72,665.571,3.6562082183626816,0.01016462908489479,0.08187131206772022,0.649343758025812,-0.7703797859334145,-2.5020999999999276,-0.024861664324500026,final_approach,-0.18118072926711903,0.888455341428875,-5.246566245672234,
639.392,63.94249953,-22.60530325,733.684,668.524,-0.445,-1.4847,357.54,0.4259,-0.0043,0.2142,62.747,65.428,-5.3583,110.4209,-1.4532,0.0,0.0,0.0,-0.03,1653.1,0.0,3.51,237.9,0,639.392,0.02243917825674946,0.06501116689815867,-0.03,0.04127601613056053,0.635869196506769,1.0,0.0,-2450.664285063492,7.825781841010907,587.184,665.024,3.6572614016300213,0.010378464939112679,0.08145527966463167,0.6548463228970182,-0.7740005585754091,-2.480000000000018,-0.027542224484720598,final_approach,-0.18125440124937242,0.8937930198411941,-5.247574597626471,
639.492,63.94252972,-22.60530415,733.148,667.901,-0.4047,-1.4851,357.5609,0.3757,-0.0029,0.2034,62.742,65.456,-5.3595,110.4679,-1.4585,0.0,0.0,0.0,-0.03,1652.0,0.0,3.5,237.2,0,639.492,0.02157475893205918,0.06495118471686491,-0.03,0.040948923621938915,0.6358352023144851,1.0,0.0,-2447.2988177180946,7.78051271028661,586.648,664.401,3.658317116948143,0.010408246312798254,0.08103363556255413,0.6607668653769448,-0.7764282408305689,-2.459100000000035,-0.02958384044066155,final_approach,-0.18136789738332126,0.8972753014120034,-5.248588917924291,
639.608,63.94255993,-22.60530506,732.612,667.422,-0.3692,-1.4853,357.5808,0.3269,-0.0015,0.1938,62.738,65.484,-5.3607,110.5146,-1.4617,0.0,0.0,0.0,-0.03,1651.0,0.0,3.49,236.4,0,639.608,0.020797700005774522,0.06490256359119768,-0.03,0.040637007509567225,0.6358009097249556,1.0,0.0,-2443.9311210095543,7.7347528639831715,586.112,663.922,3.6593782863181565,0.010198207229075672,0.08060639403311898,0.667562241871995,-0.7777673706791859,-2.439200000000028,-0.03002919663884458,final_approach,-0.1815728426554557,0.8989819397060472,-5.249612054910983,
639.708,63.94259519,-22.60530611,731.987,666.778,-0.3339,-1.4854,357.6029,0.2745,-0.0008,0.1851,62.732,65.516,-5.3622,110.569,-1.4632,0.0,0.0,0.0,-0.03,1649.9,0.0,3.48,235.8,0,639.708,0.020015926952873575,0.06482894954063521,-0.03,0.04029007023558784,0.6357605021575471,1.0,0.0,-2440.00046916578,7.681937386396993,585.487,663.278,3.660623819739264,0.010574395059408704,0.08011326288687794,0.6733483606877775,-0.7781717416599747,-2.417100000000005,-0.03275381512622131,final_approach,-0.18157700943075739,0.8995841329743843,-5.250817523434424,
639.775,63.94261031,-22.60530657,731.718,666.517,-0.3207,-1.4854,357.6121,0.2546,-0.0006,0.182,62.729,65.53,-5.3628,110.5922,-1.4633,0.0,0.0,0.0,-0.03,1649.5,0.0,3.47,235.3,0,639.775,0.019714208423247948,0.06479338597860972,-0.03,0.040145477941883945,0.6357432891620348,1.0,0.0,-2438.3149487458036,7.65881191097896,585.218,663.017,3.661152814880173,0.010127904193559032,0.07989660430063304,0.6771976218370509,-0.7780645102574795,-2.407899999999927,-0.03384675187865409,final_approach,-0.18172649076564795,0.8991978537608887,-5.251330997509523,
639.875,63.9426456,-22.60530762,731.093,665.917,-0.294,-1.4854,357.633,0.2005,0.0002,0.1765,62.723,65.562,-5.3644,110.6462,-1.4623,0.0,0.0,0.0,-0.03,1648.6,0.0,3.47,234.6,0,639.875,0.019099622223587798,0.0647178895615132,-0.03,0.03981664169365029,0.6357023322814584,1.0,0.0,-2434.380952599597,7.605995266010962,584.593,662.417,3.6624077496737697,0.010531478150626414,0.07940249638606146,0.6828805460695349,-0.777176847807425,-2.3869999999999436,-0.036224319889684505,final_approach,-0.18171771439319784,0.8978753738082563,-5.252552677748923,
639.983,63.94267585,-22.60530853,730.556,665.319,-0.2757,-1.4853,357.6506,0.1615,0.0007,0.1739,62.718,65.589,-5.3656,110.6924,-1.4604,0.0,0.0,0.0,-0.03,1648.0,0.0,3.46,233.9,0,639.983,0.01865791512823134,0.06465830214760195,-0.03,0.039539341067128086,0.6356672535936243,1.0,0.0,-2431.0087968211456,7.56023386337249,584.056,661.819,3.6634783981331447,0.010428467069002741,0.07897329507250439,0.6889512919715121,-0.7758775669984175,-2.3694000000000415,-0.03713995410846562,final_approach,-0.1818382248792254,0.8957389556519697,-5.253598921799913,
640.083,63.94270865,-22.60530951,729.975,664.731,-0.2602,-1.4852,357.6694,0.1217,0.0009,0.1734,62.712,65.619,-5.3671,110.7423,-1.4577,0.0,0.0,0.0,-0.03,1647.3,0.0,3.45,233.2,0,640.083,0.018270354685547774,0.0645832326276173,-0.03,0.03924274649976134,0.6356287175968997,1.0,0.0,-2427.3523765567793,7.510943672013514,583.475,661.231,3.6646501761813495,0.01064335263784315,0.07851075312406235,0.6945058629773478,-0.7741403295272562,-2.350599999999986,-0.039218140098604075,final_approach,-0.1818565206274485,0.8930972889438706,-5.254748177230766,
640.175,63.94273641,-22.60531034,729.483,664.244,-0.2503,-1.4851,357.6853,0.0916,0.0012,0.1744,62.707,65.644,-5.3684,110.7845,-1.4549,0.0,0.0,0.0,-0.03,1646.9,0.0,3.45,232.6,0,640.175,0.0180038205037224,0.06451996153594029,-0.03,0.038991593089569454,0.6355959628460844,1.0,0.0,-2424.2577964891475,7.469198660308933,582.983,660.744,3.6656425837156306,0.010667300267552733,0.07811850232320677,0.6995629472112849,-0.7724052355932827,-2.334699999999998,-0.040593566097548564,final_approach,-0.18191119056330862,0.8904040632649242,-5.255724932677754,
640.275,63.9427667,-22.60531124,728.946,663.633,-0.2425,-1.485,357.7028,0.0607,0.0015,0.1771,62.701,65.671,-5.3699,110.8305,-1.4517,0.0,0.0,0.0,-0.03,1646.4,0.0,3.44,231.9,0,640.275,0.017776025945882623,0.06444309429564873,-0.03,0.038714839895890085,0.6355600491819345,1.0,0.0,-2420.881181470557,7.423925638312454,582.446,660.133,3.666726960556744,0.01069671162481605,0.07769289080228554,0.7050003598008103,-0.7704389750550149,-2.317199999999957,-0.04235778736140675,final_approach,-0.18196488771428676,0.887364383068169,-5.256795796532639,
640.383,63.94279701,-22.60531214,728.409,663.158,-0.2377,-1.4848,357.7208,0.0341,0.0017,0.1814,62.696,65.698,-5.3714,110.8765,-1.4484,0.0,0.0,0.0,-0.03,1646.0,0.0,3.44,231.1,0,640.383,0.01760934930937652,0.0643776683125886,-0.03,0.03842982477650703,0.6355238203808696,1.0,0.0,-2417.5023369170112,7.378651838061427,581.909,659.658,3.6678169288588944,0.01059597620300989,0.07726677729487734,0.7108071704533775,-0.7684226777632546,-2.299199999999928,-0.04271583362821467,final_approach,-0.18205965071778252,0.8841875414345992,-5.257875960406992,
640.475,63.94282733,-22.60531304,727.871,662.577,-0.2354,-1.4846,357.7392,0.0116,0.0017,0.187,62.69,65.725,-5.373,110.9225,-1.4451,0.0,0.0,0.0,-0.03,1645.6,0.0,3.43,230.5,0,640.475,0.01749868933160642,0.06429877852138594,-0.03,0.03813810668740125,0.6354875332515697,1.0,0.0,-2414.1223775959866,7.333377648683127,581.371,659.077,3.668904742238037,0.010800656580665757,0.07684014876143697,0.7156966554833718,-0.7664080509529185,-2.2807999999999993,-0.04476142978059163,final_approach,-0.1820501149952527,0.8811701039882678,-5.258957766082794,
640.575,63.94285767,-22.60531393,727.334,662.069,-0.2351,-1.4844,357.7581,-0.0079,0.0017,0.1932,62.685,65.753,-5.3747,110.9685,-1.4419,0.0,0.0,0.0,-0.03,1645.3,0.0,3.43,229.8,0,640.575,0.017430010842609756,0.06422938899280987,-0.03,0.03783807543358819,0.635450716493921,1.0,0.0,-2410.740188568987,7.288592618201088,580.834,658.569,3.670004475023537,0.010833435126387375,0.07641815229616364,0.7209528151947114,-0.7644467163102604,-2.2618999999999687,-0.045237663436896315,final_approach,-0.1820880987897766,0.8781612916673911,-5.2600552618090255,
640.675,63.94289054,-22.6053149,726.752,661.391,-0.2369,-1.4842,357.7794,-0.0253,0.0017,0.2006,62.679,65.782,-5.3767,111.0183,-1.4388,0.0,0.0,0.0,-0.03,1645.0,0.0,3.43,229.1,0,640.675,0.017407636479372435,0.06414432277536308,-0.03,0.03749947953635402,0.6354106241837868,1.0,0.0,-2407.0759647620484,7.239789640450403,580.252,657.891,3.671197563851642,0.011016343985499777,0.07595740301507335,0.726145379445565,-0.7625131945286796,-2.240599999999972,-0.046579694033547274,final_approach,-0.18206786335935377,0.8752818928279407,-5.261250286845737,
640.775,63.94291837,-22.60531572,726.259,661.025,-0.2397,-1.484,357.7981,-0.0363,0.002,0.2067,62.674,65.807,-5.3783,111.0605,-1.4365,0.0,0.0,0.0,-0.03,1644.8,0.0,3.42,228.4,0,640.775,0.017417784610797737,0.06407519995677516,-0.03,0.03720181104743303,0.635376524220343,1.0,0.0,-2403.973581151845,7.198531842005993,579.759,657.525,3.672208686321619,0.010865490771210967,0.07556746985952377,0.7312816418333666,-0.761044726753795,-2.221900000000005,-0.04689063093958972,final_approach,-0.1821345294150376,0.8729715535607703,-5.262266605594583,
640.875,63.94295128,-22.60531669,725.676,660.301,-0.2442,-1.4837,357.8208,-0.047,0.0021,0.2139,62.669,65.837,-5.3803,111.1103,-1.4341,0.0,0.0,0.0,-0.03,1644.5,0.0,3.42,227.7,0,640.875,0.017463227222387634,0.06400166291514607,-0.03,0.036839967229931325,0.6353359570219351,1.0,0.0,-2400.304898274995,7.149727307746215,579.176,656.801,3.6734072581847186,0.011052195414507974,0.07510562251462444,0.7363545986120523,-0.7594752337074624,-2.199200000000019,-0.04717330085417377,final_approach,-0.18209933711488446,0.8706624318933507,-5.263475562727574,
640.983,63.94297913,-22.6053175,725.183,659.947,-0.2488,-1.4835,357.8407,-0.0528,0.0023,0.2193,62.664,65.862,-5.382,111.1525,-1.4323,0.0,0.0,0.0,-0.03,1644.3,0.0,3.42,226.9,0,640.983,0.017517745987779665,0.06393064176370607,-0.03,0.03652230608005347,0.6353013406944118,1.0,0.0,-2397.200284959608,7.108958668198342,578.683,656.447,3.674426339013628,0.010782818445592635,0.07471989217472703,0.7417734704119168,-0.7582668249781932,-2.179300000000012,-0.04709357316709223,final_approach,-0.18220346142331323,0.8686870418612092,-5.264507079934141,
641.075,63.94300952,-22.60531839,724.644,659.313,-0.2543,-1.4833,357.8629,-0.0575,0.0024,0.2247,62.659,65.889,-5.3839,111.1986,-1.4308,0.0,0.0,0.0,-0.03,1644.2,0.0,3.42,226.3,0,641.075,0.017599805902631382,0.06385733190567781,-0.03,0.03616743838715297,0.6352635716549254,1.0,0.0,-2393.812522096012,7.064171692254273,578.144,655.813,3.6755344174616713,0.010993070530824154,0.07429532408273949,0.7463338682516037,-0.7571880365422601,-2.1570999999999003,-0.04775305070525896,final_approach,-0.18215946574697028,0.8671296382639699,-5.2656324427067425,
641.183,63.94303993,-22.60531928,724.106,658.726,-0.2602,-1.483,357.8856,-0.06,0.0026,0.229,62.653,65.916,-5.3858,111.2446,-1.4297,0.0,0.0,0.0,-0.03,1644.0,0.0,3.42,225.5,0,641.183,0.01769437058634299,0.06377287921388371,-0.03,0.03580404634457368,0.6352252539213975,1.0,0.0,-2390.422529697459,7.0193839380556575,577.606,655.226,3.6766545649778233,0.010889514819132038,0.07387024967260779,0.7516250532905371,-0.7563167866035485,-2.134399999999914,-0.048462369328015856,final_approach,-0.18219735247383184,0.8657613385205707,-5.266774046920943,
641.275,63.94307289,-22.60532024,723.522,658.264,-0.2669,-1.4827,357.9106,-0.0615,0.0027,0.2327,62.648,65.946,-5.388,111.2946,-1.429,0.0,0.0,0.0,-0.03,1643.9,0.0,3.42,224.9,0,641.275,0.017816058423482495,0.06369553060669318,-0.03,0.035403218476565246,0.635183653250811,1.0,0.0,-2386.7482728122013,6.97106739531032,577.022,654.764,3.677866137551437,0.011269473533360271,0.07341132172627261,0.7560739113925957,-0.755625717852979,-2.1094000000000506,-0.04899741085155225,final_approach,-0.18209550713470435,0.8648745187621234,-5.268013337614484,
641.375,63.94310079,-22.60532106,723.028,657.646,-0.2725,-1.4824,357.932,-0.0605,0.0033,0.2342,62.643,65.971,-5.3897,111.3368,-1.4286,0.0,0.0,0.0,-0.03,1643.8,0.0,3.42,224.2,0,641.375,0.017917623242947267,0.06362481153494334,-0.03,0.035059601450516564,0.6351481492746445,1.0,0.0,-2383.638085830445,6.929806872975273,576.528,654.146,3.678896446613778,0.011108409715034328,0.0730185542770408,0.7608555204489922,-0.7551411113809081,-2.0879999999999654,-0.049088555319594246,final_approach,-0.18211837917733575,0.8641107261823198,-5.269070906058708,
641.475,63.94313124,-22.60532194,722.489,657.138,-0.2785,-1.482,357.9555,-0.0589,0.0039,0.2347,62.638,65.998,-5.3916,111.3829,-1.4286,0.0,0.0,0.0,-0.03,1643.6,0.0,3.42,223.5,0,641.475,0.018035061978291078,0.06355202274890755,-0.03,0.034681730032821934,0.6351091408717601,1.0,0.0,-2380.243634191754,6.885507499592709,575.989,653.638,3.6800245600763453,0.011137197200140446,0.07259709629680834,0.7655790450105108,-0.7548368789697122,-2.0644999999999527,-0.049171413926905154,final_approach,-0.18209690603882223,0.863685150930614,-5.27023275509055,
641.583,63.9431617,-22.60532283,721.95,656.527,-0.2843,-1.4815,357.9789,-0.0571,0.0044,0.2339,62.633,66.025,-5.3934,111.4291,-1.4289,0.0,0.0,0.0,-0.03,1643.5,0.0,3.42,222.7,0,641.583,0.018152671646881224,0.06348145671746828,-0.03,0.03430491551883419,0.6350698424593467,1.0,0.0,-2376.8480679566064,6.840717799758003,575.45,653.027,3.681156980786381,0.011028560490913927,0.0721699533066268,0.7706173154055862,-0.7546864709078136,-2.041099999999915,-0.04891003959684803,final_approach,-0.18210349949250926,0.8634488506061224,-5.271403128805019,
641.675,63.94319217,-22.60532372,721.411,656.018,-0.29,-1.4811,358.0022,-0.0553,0.0048,0.232,62.628,66.053,-5.3952,111.4752,-1.4295,0.0,0.0,0.0,-0.03,1643.5,0.0,3.42,222.1,0,641.675,0.018276425784140182,0.06341101342844303,-0.03,0.033929170438608325,0.6350302517467724,1.0,0.0,-2373.451386953188,6.795927710621686,574.911,652.518,3.6822937264574915,0.011249788943715647,0.07174228646891023,0.7748543793268148,-0.7546910143553589,-2.0177999999999656,-0.04940438382322489,final_approach,-0.1820188993450209,0.8635830191685763,-5.2725820929557194,
641.775,63.94322265,-22.60532461,720.871,655.557,-0.2955,-1.4805,358.0253,-0.0531,0.0052,0.2287,62.623,66.08,-5.3969,111.5214,-1.4305,0.0,0.0,0.0,-0.03,1643.4,0.0,3.43,221.4,0,641.775,0.01840181979370581,0.06334265635450123,-0.03,0.033556123231062274,0.634990590372724,1.0,0.0,-2370.0535911830843,6.751137232532433,574.371,652.057,3.6834284193456934,0.011265978933432433,0.07131409453952776,0.7794029408496792,-0.7549003674824348,-1.9946999999999662,-0.049458530748387554,final_approach,-0.18196879422486845,0.8639735248326321,-5.273763045885346,
641.875,63.94325315,-22.6053255,720.331,654.994,-0.3007,-1.48,358.048,-0.051,0.0056,0.2244,62.618,66.107,-5.3986,111.5676,-1.4317,0.0,0.0,0.0,-0.03,1643.3,0.0,3.43,220.7,0,641.875,0.018524776994558845,0.06327445716340262,-0.03,0.033189029339993015,0.6349505812500464,1.0,0.0,-2366.653565878817,6.70634597618891,573.831,651.494,3.684568964603598,0.011289224541034135,0.07088538672974137,0.7838934697198221,-0.7552122407231252,-1.97199999999998,-0.0495077552258017,final_approach,-0.1819114543847462,0.8645292186407207,-5.274954236339866,
641.983,63.94328366,-22.60532639,719.791,654.421,-0.3058,-1.4794,358.0702,-0.0494,0.006,0.2192,62.613,66.135,-5.4001,111.6139,-1.4333,0.0,0.0,0.0,-0.03,1643.2,0.0,3.43,219.9,0,641.983,0.018651561063815603,0.06321058945637932,-0.03,0.032829540650223366,0.6349102745062525,1.0,0.0,-2363.2524258062804,6.661554330717836,573.291,650.921,3.6857138765335558,0.011174526515612338,0.07045615115602626,0.7886807175536792,-0.75572849861328,-1.949799999999982,-0.049215804414032685,final_approach,-0.18188693667442024,0.8653431233643953,-5.276154169093822,
642.083,63.94331673,-22.60532735,719.206,653.86,-0.3111,-1.4787,358.0937,-0.0487,0.0062,0.213,62.608,66.165,-5.4018,111.664,-1.4353,0.0,0.0,0.0,-0.03,1643.1,0.0,3.44,219.2,0,642.083,0.01879193162043974,0.06314479240882277,-0.03,0.03244848840520842,0.6348662369866349,1.0,0.0,-2359.565906480351,6.613233507573043,572.706,650.36,3.6869600866424963,0.011389122277910724,0.06999271588812254,0.7930510534173135,-0.7564244857449296,-1.9262999999999693,-0.04928709492184919,final_approach,-0.18177028556530317,0.866566191810767,-5.277465030942452,
642.183,63.94334726,-22.60532824,718.666,653.276,-0.316,-1.478,358.1147,-0.0478,0.0064,0.2065,62.603,66.192,-5.4031,111.7103,-1.4375,0.0,0.0,0.0,-0.03,1643.1,0.0,3.44,218.5,0,642.183,0.018927128072478983,0.06308540204074302,-0.03,0.03210753231600205,0.6348253069477489,1.0,0.0,-2356.1625368728583,6.568441083847425,572.166,649.776,3.688114028394448,0.01141417148484432,0.0695623772126796,0.7973637876271914,-0.7572474821634785,-1.9052999999998974,-0.049351904474403185,final_approach,-0.18169071437744222,0.8679245974481322,-5.278683265174404,
642.275,63.94337527,-22.60532906,718.171,652.836,-0.3203,-1.4774,358.1333,-0.0471,0.0066,0.2001,62.598,66.217,-5.4043,111.7528,-1.4398,0.0,0.0,0.0,-0.03,1643.0,0.0,3.45,217.9,0,642.275,0.019052303365601375,0.06302614145617808,-0.03,0.03180519821137229,0.6347874367545614,1.0,0.0,-2353.040087450432,6.527176281112923,571.671,649.336,3.6891780264147536,0.011439342216185387,0.06916528550514613,0.8012817449449408,-0.7581461522226505,-1.886700000000019,-0.049806079166456844,final_approach,-0.18161033406240534,0.8693980990895458,-5.279810317411538,
642.417,63.94340328,-22.60532988,717.675,652.246,-0.3247,-1.4768,358.1514,-0.0469,0.0067,0.1934,62.594,66.242,-5.4054,111.7952,-1.4424,0.0,0.0,0.0,-0.03,1642.9,0.0,3.45,216.9,0,642.417,0.019177544415933556,0.0629804762200197,-0.03,0.03151068357112441,0.6347495838627732,1.0,0.0,-2349.917638027214,6.485911478378144,571.175,648.746,3.690238040533811,0.010776933207216606,0.06876773490211477,0.8072540297083038,-0.7591985260397678,-1.868600000000015,-0.047839073249913586,final_approach,-0.18176140487792125,0.8707545755234989,-5.2809367498081485,
642.508,63.94343385,-22.60533078,717.135,651.776,-0.3297,-1.4761,358.1706,-0.0528,0.0052,0.1886,62.59,66.27,-5.4072,111.8418,-1.4458,0.0,0.0,0.0,-0.03,1642.9,0.0,3.46,216.3,0,642.508,0.019338807806667968,0.06292256044124894,-0.03,0.031197941371195914,0.6347077204652285,1.0,0.0,-2346.5098095216226,6.440627560818839,570.635,648.276,3.6914063302369593,0.01112050240372137,0.06833069741843488,0.8110234526165999,-0.7606320718732036,-1.8494000000000597,-0.047486070586831956,final_approach,-0.1816116396012859,0.8731374556752431,-5.282182405364921,
642.583,63.94346189,-22.60533161,716.639,651.173,-0.3348,-1.4757,358.1877,-0.0557,0.0042,0.1841,62.585,66.295,-5.4086,111.8845,-1.4492,0.0,0.0,0.0,-0.03,1642.8,0.0,3.46,215.8,0,642.583,0.01950497666470108,0.06285931289881619,-0.03,0.030919122798015786,0.6346692560525103,1.0,0.0,-2343.3840159669912,6.398871653377372,570.139,647.673,3.692476066505387,0.0116442770440539,0.06792701177661577,0.8140904198683018,-0.7620902862011292,-1.832300000000032,-0.04922976113955282,final_approach,-0.18142644809725894,0.8756107375282376,-5.283326810304217,
642.675,63.94349759,-22.60533266,716.008,650.624,-0.3413,-1.4752,358.2088,-0.0542,0.0044,0.1769,62.58,66.328,-5.41,111.9389,-1.454,0.0,0.0,0.0,-0.03,1642.7,0.0,3.47,215.2,0,642.675,0.019726377231206682,0.06280285137213328,-0.03,0.03057472005398365,0.6346198540209028,1.0,0.0,-2339.404314358158,6.346039054366606,569.508,647.124,3.6938448503751506,0.012183245126863411,0.06741587788547249,0.8177961366795018,-0.7641861465394868,-1.8111999999999853,-0.04969503977113833,final_approach,-0.1811719052135139,0.8791479592115987,-5.284796475954831,
642.775,63.9435282,-22.60533356,715.467,650.049,-0.3466,-1.4747,358.2262,-0.0523,0.0051,0.1706,62.575,66.355,-5.411,111.9854,-1.4584,0.0,0.0,0.0,-0.03,1642.6,0.0,3.48,214.5,0,642.775,0.019913061319379532,0.06275052044927497,-0.03,0.03029041091492546,0.6345772052081573,1.0,0.0,-2335.992026782656,6.300753580298205,568.967,646.549,3.695021923864346,0.012114493421044694,0.06697717207579809,0.8217678667648175,-0.7661279893386279,-1.7937999999999192,-0.049722763428302404,final_approach,-0.1810427952455207,0.8822645532191782,-5.286065096052088,
642.875,63.94354351,-22.60533402,715.196,649.818,-0.3492,-1.4744,358.2347,-0.0522,0.0052,0.1676,62.573,66.369,-5.4116,112.0088,-1.4608,0.0,0.0,0.0,-0.03,1642.6,0.0,3.49,213.8,0,642.875,0.020001869065758404,0.06272803838104254,-0.03,0.03015142668347992,0.6345558724504162,1.0,0.0,-2334.2853257829793,6.277620711288748,568.696,646.318,3.6956091069268773,0.011074049621755771,0.06675240594315703,0.8257038811365847,-0.7671995935560574,-1.7853000000000065,-0.047020694025731266,final_approach,-0.1811913990065115,0.8836535628309186,-5.286699604681672,
642.983,63.94359201,-22.60533546,714.339,648.913,-0.3579,-1.4736,358.2607,-0.0552,0.0044,0.1606,62.567,66.413,-5.4138,112.0829,-1.4694,0.0,0.0,0.0,-0.03,1642.5,0.0,3.49,213.1,0,642.983,0.020343548902282904,0.06265485219342107,-0.03,0.029725904337006837,0.6344875062292488,1.0,0.0,-2328.8787285896806,6.205182475305598,567.839,645.413,3.6974838415987845,0.012121483746383138,0.06604841524138085,0.8298645760105601,-0.7711011548649367,-1.7592999999999392,-0.047796590528445225,final_approach,-0.18073426701491613,0.890212716010387,-5.288732824386546,
643.083,63.94362266,-22.60533637,713.798,648.283,-0.3635,-1.4732,358.2766,-0.0545,0.0044,0.1563,62.562,66.441,-5.4147,112.1296,-1.4753,0.0,0.0,0.0,-0.03,1642.4,0.0,3.5,212.4,0,643.083,0.02056697417643588,0.06260512608887987,-0.03,0.029465390873097852,0.6344438168222966,1.0,0.0,-2325.4619821160804,6.159405507403513,567.298,644.783,3.698676327870444,0.012088713574751272,0.0656028031869045,0.8336586410758828,-0.7738026218835046,-1.7434000000000651,-0.04799690048040604,final_approach,-0.18057599285356218,0.894516018653146,-5.290031974096664,
643.192,63.94365333,-22.60533729,713.256,647.792,-0.3689,-1.4727,358.292,-0.0525,0.0047,0.1521,62.558,66.469,-5.4157,112.1765,-1.4817,0.0,0.0,0.0,-0.03,1642.3,0.0,3.51,211.7,0,643.192,0.02079497161509003,0.06256496911800181,-0.03,0.029212861784535527,0.6343999837541311,1.0,0.0,-2322.043006279337,6.113137823922289,566.756,644.292,3.6998684303209526,0.011896714600531558,0.06515142187688158,0.8377311863312219,-0.7767558253922857,-1.7280000000000655,-0.04696965931913178,final_approach,-0.18044157781046977,0.8991620837857077,-5.291335255899689,
643.292,63.94368912,-22.60533837,712.625,647.082,-0.375,-1.4721,358.3096,-0.0522,0.0044,0.1485,62.553,66.501,-5.417,112.2312,-1.4897,0.0,0.0,0.0,-0.03,1642.2,0.0,3.52,211.0,0,643.292,0.021071798251762863,0.06251182787592621,-0.03,0.02892400878866186,0.6343481339457162,1.0,0.0,-2318.0532722762655,6.058831910965517,566.125,643.582,3.7012730530727533,0.01225496675344369,0.06462060826463482,0.8414008098699155,-0.78047044478825,-1.710399999999936,-0.04724514483557564,final_approach,-0.1801570403435271,0.9051795533815881,-5.292876717488415,
643.392,63.94371725,-22.60533922,712.128,646.593,-0.3798,-1.4717,358.3231,-0.0505,0.0044,0.1459,62.55,66.527,-5.4178,112.2743,-1.4965,0.0,0.0,0.0,-0.03,1642.2,0.0,3.53,210.4,0,643.392,0.02129704200095578,0.062485532319847076,-0.03,0.028702267382532565,0.6343073726028271,1.0,0.0,-2314.91744615796,6.016092626729405,565.628,643.093,3.7023731415896566,0.012045953156041393,0.06420224856496175,0.8450163653601794,-0.7836481085894889,-1.6968999999999141,-0.04567740439597734,final_approach,-0.18001449180157536,0.9101752322136214,-5.29408838868147,
643.5,63.94374796,-22.60534015,711.586,646.114,-0.3848,-1.4712,358.3375,-0.0489,0.004,0.1437,62.546,66.555,-5.4188,112.3213,-1.5043,0.0,0.0,0.0,-0.03,1642.1,0.0,3.55,209.6,0,643.5,0.021545964794395023,0.062445934221188826,-0.03,0.028465574246829717,0.6342624670446048,1.0,0.0,-2311.494011421534,5.969333449588002,565.086,642.614,3.703580897021554,0.01190211440765491,0.06374389223604923,0.8488586468063742,-0.7873067212940441,-1.6825000000000045,-0.04489191645425527,final_approach,-0.17984488041885172,0.9159350597296196,-5.295423110814841,
643.6,63.94378123,-22.60534117,710.999,645.534,-0.3901,-1.4708,358.3531,-0.048,0.0031,0.1425,62.541,66.585,-5.4199,112.3723,-1.5133,0.0,0.0,0.0,-0.03,1642.0,0.0,3.56,209.0,0,643.6,0.02182739130817246,0.06239508490657991,-0.03,0.028208961405371213,0.6342134595826074,1.0,0.0,-2307.7851977745486,5.91806522029748,564.499,642.034,3.704894026590374,0.012106977954411582,0.06324013547780585,0.8523531315314677,-0.7915465660054508,-1.6668999999999414,-0.0453562876856879,final_approach,-0.17957619179619044,0.9227181565708236,-5.2968795859624365,
643.692,63.94381196,-22.60534211,710.457,644.899,-0.3949,-1.4705,358.3673,-0.0458,0.0026,0.1419,62.538,66.613,-5.4209,112.4195,-1.5221,0.0,0.0,0.0,-0.03,1641.9,0.0,3.57,208.4,0,643.692,0.0220957490319742,0.062367523933033076,-0.03,0.027975202780790465,0.6341678553807685,1.0,0.0,-2304.35953367498,5.8708153275769375,563.957,641.399,3.706111377884114,0.012294494841974412,0.06277533335730254,0.8555145792636425,-0.7957068618825929,-1.6526999999999816,-0.04419741568264178,final_approach,-0.17932118483188475,0.9293606682151285,-5.298234761279982,
643.8,63.94384014,-22.60534298,709.96,644.467,-0.399,-1.4702,358.3803,-0.0425,0.0022,0.1414,62.534,66.639,-5.4218,112.4628,-1.5305,0.0,0.0,0.0,-0.03,1641.8,0.0,3.58,207.7,0,643.8,0.022339341573740346,0.06232814844127936,-0.03,0.02776105321266542,0.6341257804739229,1.0,0.0,-2301.218134061326,5.827094223228782,563.46,640.967,3.707230635178939,0.011972661280079287,0.062344383681906826,0.8591679202159376,-0.7996869505140296,-1.639699999999948,-0.043546472169404764,final_approach,-0.1791663239881096,0.9355811190677379,-5.2994849260266825,
643.892,63.94387346,-22.60534401,709.373,643.766,-0.4035,-1.47,358.3956,-0.04,0.0014,0.1419,62.53,66.669,-5.4231,112.514,-1.5409,0.0,0.0,0.0,-0.03,1641.7,0.0,3.59,207.1,0,643.892,0.022634559456080783,0.06228540937965306,-0.03,0.027508839261744744,0.6340755598142608,1.0,0.0,-2297.5037467479724,5.775334110977024,562.873,640.266,3.70856175318099,0.01238866338928671,0.06183348775084236,0.8622218194670228,-0.804627225250556,-1.6243999999999232,-0.043540271142140215,final_approach,-0.17883846484383525,0.9435058789106776,-5.3009769559479345,
643.992,63.94390167,-22.60534489,708.876,643.335,-0.407,-1.4699,358.4086,-0.0362,0.0011,0.1422,62.527,66.695,-5.4241,112.5574,-1.5501,0.0,0.0,0.0,-0.03,1641.6,0.0,3.61,206.5,0,643.992,0.022883303397666865,0.06225600109118261,-0.03,0.027294391125499917,0.6340327818218717,1.0,0.0,-2294.359003002906,5.731121901922179,562.376,639.835,3.7096914977017015,0.012206793692259741,0.061396209750892855,0.8654873677105523,-0.8090069749856639,-1.6114000000000033,-0.042309337401948234,final_approach,-0.17863146487465897,0.9504052697829941,-5.302247723752789,
644.092,63.94393245,-22.60534586,708.333,642.799,-0.4105,-1.4698,358.4229,-0.0322,0.0006,0.143,62.523,66.723,-5.4253,112.6048,-1.5604,0.0,0.0,0.0,-0.03,1641.5,0.0,3.62,205.9,0,644.092,0.023155144422094653,0.06221314411476886,-0.03,0.027058341663854013,0.6339860087599163,1.0,0.0,-2290.9277655798014,5.682400251765001,561.833,639.299,3.710922475197563,0.01222395723665207,0.0609133450528673,0.8686937443234714,-0.8139147566092788,-1.597099999999955,-0.04209939763813192,final_approach,-0.17835774523023318,0.9581988630856557,-5.303637017696644,
644.192,63.94396324,-22.60534683,707.79,642.21,-0.4136,-1.4697,358.4373,-0.0279,0.0001,0.1441,62.519,66.751,-5.4265,112.6523,-1.5711,0.0,0.0,0.0,-0.03,1641.4,0.0,3.63,205.2,0,644.192,0.023426568115148594,0.06217046871217674,-0.03,0.026820477146308863,0.6339388847820168,1.0,0.0,-2287.4954133884276,5.633678212480273,561.29,638.71,3.71215821783151,0.012246202087120685,0.06042986842460351,0.8718410853515208,-0.8190210909094446,-1.5826999999999316,-0.04190854330739627,final_approach,-0.1780765509847555,0.9663018660894629,-5.30503657453853,
644.292,63.94399405,-22.60534781,707.248,641.663,-0.4162,-1.4697,358.4517,-0.0232,-0.0001,0.1452,62.516,66.779,-5.4279,112.6998,-1.582,0.0,0.0,0.0,-0.03,1641.3,0.0,3.65,204.6,0,644.292,0.02369162258706453,0.062135692012934285,-0.03,0.02658244907603413,0.6338910937823189,1.0,0.0,-2284.060831833911,5.584465457442346,560.748,638.163,3.7134069167707815,0.012286333304719612,0.059940528011758164,0.8749290012015256,-0.8242247667144795,-1.5682999999999083,-0.040825948461268816,final_approach,-0.17778092166470572,0.9745724757066476,-5.306455777328036,
644.392,63.94402487,-22.6053488,706.705,641.217,-0.4183,-1.4697,358.4663,-0.0182,-0.0005,0.1464,62.512,66.808,-5.4292,112.7473,-1.5933,0.0,0.0,0.0,-0.03,1641.2,0.0,3.66,204.0,0,644.392,0.0239539178955977,0.062091326086974985,-0.03,0.026340949506305167,0.6338431975360951,1.0,0.0,-2280.6251356829366,5.534762376126337,560.205,637.717,3.714653831110864,0.012316801654069863,0.059445303635730716,0.8779571015610943,-0.8296272756070664,-1.5536999999999352,-0.040750862237514264,final_approach,-0.1774707865939682,0.9831633846943149,-5.30787793968123,
644.492,63.9440557,-22.60534979,706.162,640.522,-0.42,-1.4697,358.481,-0.013,-0.0008,0.1475,62.509,66.836,-5.4306,112.795,-1.6047,0.0,0.0,0.0,-0.03,1641.1,0.0,3.68,203.4,0,644.492,0.024209858037887833,0.062056787610755795,-0.03,0.02609762887684075,0.6337949412069127,1.0,0.0,-2277.1883247644846,5.485058905683055,559.662,637.022,3.7159055766560587,0.012350243953718124,0.058949449098481196,0.8809255227990694,-0.8350745610799493,-1.5389999999999873,-0.03977351112501555,final_approach,-0.1771530801922907,0.9918324447110187,-5.309310626026171,
644.592,63.94408655,-22.60535079,705.619,639.984,-0.4211,-1.4698,358.4958,-0.0077,-0.001,0.1486,62.505,66.864,-5.4321,112.8427,-1.6164,0.0,0.0,0.0,-0.03,1641.0,0.0,3.69,202.8,0,644.592,0.024458438497520885,0.06200863160681673,-0.03,0.025852485264462155,0.6337462608476909,1.0,0.0,-2273.7492844820977,5.434864719834419,559.119,636.484,3.7171637489960365,0.012388823861394336,0.05844770202759349,0.8838338745924992,-0.8406695200538934,-1.5242000000000644,-0.039794101022738566,final_approach,-0.1768208280446757,1.0007448363404343,-5.310755730893579,
644.692,63.94411741,-22.6053518,705.076,639.486,-0.4216,-1.4699,358.5107,-0.0023,-0.0013,0.1495,62.502,66.893,-5.4336,112.8904,-1.6282,0.0,0.0,0.0,-0.03,1640.9,0.0,3.71,202.2,0,644.692,0.024695685280422985,0.06197242805406386,-0.03,0.025605516786767257,0.6336972139499494,1.0,0.0,-2270.309129604045,5.384180207359854,558.576,635.986,3.718426798732605,0.012429102778775524,0.05794004242700793,0.8866817659198923,-0.8463104781791344,-1.5092999999999392,-0.038903728202489087,final_approach,-0.17647395963373214,1.0097477441336125,-5.312211543552831,
644.792,63.94414828,-22.60535282,704.532,638.92,-0.4216,-1.47,358.5257,0.003,-0.0013,0.1502,62.499,66.921,-5.4351,112.9382,-1.6401,0.0,0.0,0.0,-0.03,1640.8,0.0,3.73,201.6,0,644.792,0.024923882687966414,0.061936269859421564,-0.03,0.025356721603359222,0.6336480570855784,1.0,0.0,-2266.8678601287434,5.333005368606933,558.032,635.42,3.7196880996815875,0.012459753897283425,0.057426458513169965,0.8894688058848104,-0.8519966400718602,-1.4943000000000666,-0.03809429836589865,final_approach,-0.17611241527107424,1.0188400371950408,-5.313670446006402,
644.892,63.94417916,-22.60535384,703.988,638.405,-0.4211,-1.4701,358.5408,0.008,-0.0015,0.1508,62.496,66.95,-5.4366,112.9861,-1.6521,0.0,0.0,0.0,-0.03,1640.7,0.0,3.74,201.0,0,644.892,0.025142606043629445,0.06190031950380197,-0.03,0.025106097917041992,0.6335985303108854,1.0,0.0,-2263.4254758867564,5.281830140727015,557.488,634.905,3.7209543025662044,0.01249346638876383,0.05691221757813804,0.8921951316230088,-0.8577279327406302,-1.4791999999999916,-0.03735845305990735,final_approach,-0.17574314723619366,1.028011129517303,-5.315140150549752,
644.992,63.94421006,-22.60535487,703.445,637.809,-0.4202,-1.4702,358.5559,0.0127,-0.0018,0.1511,62.492,66.978,-5.4382,113.034,-1.6642,0.0,0.0,0.0,-0.03,1640.6,0.0,3.76,200.4,0,644.992,0.025354533777112553,0.06185089331344075,-0.03,0.02485530541169434,0.6335483061870026,1.0,0.0,-2259.980862280042,5.230164197267405,556.945,634.309,3.7222336783880507,0.012543515027049031,0.056392043115632264,0.8948603521624929,-0.8635050292010646,-1.4640999999999167,-0.03759859369083261,final_approach,-0.17535916241622118,1.0372725211147298,-5.316630368298917,
645.092,63.94424097,-22.60535591,702.901,637.236,-0.4187,-1.4704,358.571,0.017,-0.0018,0.1513,62.489,67.007,-5.4398,113.0819,-1.6763,0.0,0.0,0.0,-0.03,1640.5,0.0,3.78,199.8,0,645.092,0.02555250965360112,0.06181329093365899,-0.03,0.02460434570766068,0.6334979663084882,1.0,0.0,-2256.535134077662,5.178007927355929,556.401,633.736,3.7235113475644916,0.01258237781660854,0.0558659153953495,0.8974640758614868,-0.8692772143274681,-1.4489999999999554,-0.03690781244621095,final_approach,-0.1749603905714885,1.0465480643036429,-5.318123838275511,
645.192,63.9442719,-22.60535695,702.357,636.81,-0.4169,-1.4705,358.5861,0.021,-0.0018,0.1512,62.486,67.035,-5.4414,113.13,-1.6884,0.0,0.0,0.0,-0.03,1640.3,0.0,3.79,199.3,0,645.192,0.025743699298898137,0.06177594154833822,-0.03,0.02435322042836774,0.6334471837846353,1.0,0.0,-2253.0871763411187,5.125850879190184,555.857,633.31,3.7247955783825453,0.012625699543929335,0.05533911931500403,0.9000064408734495,-0.8750429828734809,-1.4338999999999942,-0.036279829496554894,final_approach,-0.17455380728871717,1.055825003521953,-5.3196302556620445,
645.292,63.94430283,-22.605358,701.813,636.194,-0.4146,-1.4707,358.6012,0.0246,-0.0019,0.151,62.483,67.064,-5.443,113.178,-1.7005,0.0,0.0,0.0,-0.03,1640.2,0.0,3.81,198.7,0,645.292,0.02592322193769231,0.061738768453645246,-0.03,0.024101931200299465,0.6333960812758767,1.0,0.0,-2249.639218774804,5.073203893873353,555.313,632.694,3.72608321260913,0.012667473330914994,0.05480634543257218,0.9024870539471291,-0.8808045937508666,-1.4187999999999192,-0.03570893590595848,final_approach,-0.17413237581363816,1.06511730176425,-5.321145977792703,
645.392,63.94433379,-22.60535906,701.268,635.563,-0.4121,-1.4708,358.6163,0.0277,-0.002,0.1507,62.48,67.092,-5.4446,113.2262,-1.7126,0.0,0.0,0.0,-0.03,1640.1,0.0,3.83,198.1,0,645.392,0.02609859133198389,0.0617017252779688,-0.03,0.02385047965297593,0.6333447329380867,1.0,0.0,-2246.1879170770762,5.020065803675772,554.768,632.063,3.7273723529880027,0.012704795073883413,0.054267603699909794,0.9049055241372969,-0.8865597717509104,-1.403699999999958,-0.03518994173268901,final_approach,-0.1736960650739121,1.0744215769002317,-5.322668802179276,
645.492,63.94436475,-22.60536013,700.724,635.007,-0.4092,-1.471,358.6314,0.0304,-0.0021,0.1503,62.477,67.121,-5.4462,113.2743,-1.7246,0.0,0.0,0.0,-0.03,1640.0,0.0,3.85,197.6,0,645.492,0.026262693174560592,0.0616650284209104,-0.03,0.023598867418913483,0.6332927923601543,1.0,0.0,-2242.7366155511613,4.966437776327661,554.224,631.507,3.7286716309567205,0.012752792509434414,0.05372286014211466,0.9072614584043819,-0.8922602346957262,-1.3885999999999967,-0.03471812884790168,final_approach,-0.17324478591018888,1.083665406044819,-5.324208997723787,
645.592,63.94439573,-22.60536121,700.179,634.483,-0.4061,-1.4712,358.6464,0.0326,-0.0023,0.1498,62.474,67.15,-5.4478,113.3226,-1.7365,0.0,0.0,0.0,-0.03,1639.9,0.0,3.87,197.0,0,645.592,0.026420516367587854,0.06162842470334423,-0.03,0.023348764012700696,0.6332406646832061,1.0,0.0,-2239.283084661311,4.912319033400133,553.679,630.983,3.729970855060728,0.01279270059787367,0.05317211698942436,0.9095544652419769,-0.8979037439829085,-1.3735999999998967,-0.03428920804354647,final_approach,-0.17277849701640946,1.0928454956641254,-5.325754546543646,
645.7,63.94442672,-22.60536229,699.634,633.985,-0.4028,-1.4714,358.6614,0.0343,-0.0024,0.1493,62.471,67.178,-5.4494,113.3709,-1.7484,0.0,0.0,0.0,-0.03,1639.8,0.0,3.89,196.4,0,645.7,0.02657297194528707,0.06159204330582663,-0.03,0.023098505260999214,0.6331881430764352,1.0,0.0,-2235.828439003191,4.858199901519116,553.134,630.485,3.7312751509359714,0.012673386108170766,0.05262066158417768,0.9119631006181983,-0.9035424275882633,-1.358600000000024,-0.03369725983756616,final_approach,-0.17232433135001912,1.1019994055992086,-5.327311577893614,
645.8,63.9444603,-22.60536347,699.044,633.308,-0.3991,-1.4717,358.6775,0.0351,-0.0027,0.149,62.468,67.21,-5.4512,113.4233,-1.7611,0.0,0.0,0.0,-0.03,1639.6,0.0,3.91,195.9,0,645.8,0.026733658313479625,0.061554492856967596,-0.03,0.022829723183697692,0.6331307073887679,1.0,0.0,-2232.0850703030987,4.799080612608231,552.544,629.808,3.732696085263691,0.01292937896967715,0.05201713280117924,0.9141249368962536,-0.9095481776432734,-1.3424999999999727,-0.03336114530687445,final_approach,-0.1717737082504165,1.1118489120300445,-5.329014063379091,
645.892,63.94448874,-22.60536448,698.544,632.871,-0.3958,-1.4719,358.6912,0.0364,-0.0026,0.1486,62.465,67.236,-5.4526,113.4677,-1.7719,0.0,0.0,0.0,-0.03,1639.5,0.0,3.93,195.4,0,645.892,0.026866354891645516,0.06151999610939027,-0.03,0.022600870014789942,0.6330818398602356,1.0,0.0,-2228.914689132477,4.748490269100152,552.044,629.371,3.733900655297918,0.012956674565719415,0.051499672854644345,0.9160595903257345,-0.9146523163518623,-1.328800000000001,-0.03329274079280772,final_approach,-0.17131077172656006,1.1202115575802232,-5.3304623888167235,
645.992,63.94452235,-22.60536567,697.953,632.222,-0.3919,-1.4721,358.7073,0.037,-0.0028,0.1482,62.462,67.267,-5.4545,113.5202,-1.7844,0.0,0.0,0.0,-0.03,1639.4,0.0,3.95,194.9,0,645.992,0.02701922320142236,0.061480696767911305,-0.03,0.02233176537800241,0.633023752394189,1.0,0.0,-2225.167976300972,4.688879875482577,551.453,628.722,3.73532729804261,0.013174966712588448,0.05088926097268336,0.9180949844552485,-0.9205460687221034,-1.3126999999999498,-0.03299340072073687,final_approach,-0.17073680034273053,1.1299263566405493,-5.332183750358908,
646.092,63.94455081,-22.60536669,697.453,631.812,-0.3884,-1.4724,358.7208,0.0379,-0.0027,0.1478,62.459,67.294,-5.4559,113.5647,-1.795,0.0,0.0,0.0,-0.03,1639.3,0.0,3.97,194.4,0,646.092,0.027143186448483514,0.06144662351060953,-0.03,0.022105986419098222,0.6329741314756507,1.0,0.0,-2221.995365765624,4.637798816394806,550.953,628.312,3.7365415756659703,0.013002934966090495,0.05036513710598774,0.9200711815509969,-0.925539845489908,-1.299199999999928,-0.03272127338248755,final_approach,-0.17026978002168036,1.1381280626317292,-5.333654023353784,
646.192,63.94458187,-22.60536781,696.907,631.215,-0.3847,-1.4726,358.7356,0.038,-0.0028,0.1476,62.457,67.323,-5.4575,113.6133,-1.8064,0.0,0.0,0.0,-0.03,1639.2,0.0,3.99,193.9,0,646.192,0.027279754634564946,0.061423152311708654,-0.03,0.02185832869076776,0.6329197372707186,1.0,0.0,-2218.532917420825,4.581717211323954,550.407,627.715,3.7378680257284986,0.013046529242622068,0.04978878219752604,0.9219831558322465,-0.9309001856578618,-1.284400000000005,-0.0315647939840814,final_approach,-0.16972671836742848,1.1469938571387779,-5.33526552702542,
646.308,63.94461553,-22.60536903,696.316,630.605,-0.3806,-1.4729,358.7516,0.0373,-0.0031,0.1477,62.454,67.354,-5.4593,113.666,-1.8187,0.0,0.0,0.0,-0.03,1639.0,0.0,4.02,193.3,0,646.308,0.02742438943719272,0.061386797492970616,-0.03,0.02159043105550218,0.6328602025512212,1.0,0.0,-2214.780631265785,4.520635060443804,549.816,627.105,3.7393143331643395,0.012950135627244,0.04915999815705811,0.9241207140825803,-0.9366764298502517,-1.2683999999999287,-0.03104636443693959,final_approach,-0.169140091161605,1.1565489021413065,-5.337029083215608,
646.408,63.9446492,-22.60537026,695.724,630.079,-0.3767,-1.4732,358.7677,0.0365,-0.003,0.1483,62.463,67.385,-5.4607,113.7188,-1.8309,0.0,0.0,0.0,-0.03,1638.9,0.0,4.01,192.8,0,646.408,0.027574477592562485,0.061501278337502144,-0.03,0.021320693681428637,0.6328004711521626,1.0,0.0,-2211.0272305142867,4.459062582937451,549.224,626.579,3.7407597070892287,0.01320073623085144,0.04852499223971083,0.9258928109262765,-0.9423961200277802,-1.252299999999991,-0.02004214948812845,final_approach,-0.16850398684085022,1.1660924992019908,-5.338798211163876,
646.517,63.94468289,-22.60537149,695.133,629.328,-0.3728,-1.4734,358.7838,0.0363,-0.0007,0.1492,62.493,67.416,-5.4595,113.7712,-1.8431,0.0,0.0,0.0,-0.03,1638.8,0.0,4.01,192.4,0,646.517,0.027724590835535412,0.06191874034466201,-0.03,0.02105079242270358,0.6327399103681393,1.0,0.0,-2207.2716002278335,4.397489327350612,548.633,625.828,3.742219375834394,0.013232522921985714,0.04788909210230938,0.9277486447523967,-0.9481137454756947,-1.2362000000000535,0.0068007148106178986,final_approach,-0.1678761634900212,1.175619736723366,-5.34059164399001,
646.617,63.944714,-22.60537264,694.587,628.908,-0.3691,-1.4733,358.7987,0.0368,-0.0005,0.1504,62.521,67.445,-5.4564,113.8193,-1.8542,0.0,0.0,0.0,-0.03,1638.7,0.0,4.0,192.0,0,646.617,0.027858298658294534,0.06234806711838807,-0.03,0.020800863762816535,0.6326836890188046,1.0,0.0,-2203.8035785594993,4.339935964843123,548.087,625.408,3.743569306257671,0.013276986473785736,0.047293504588748314,0.929385499728762,-0.9533077763271933,-1.2212999999999283,0.03163701346422006,final_approach,-0.1672766941971524,1.1843175373926869,-5.342256335766326,
646.717,63.94474513,-22.6053738,694.042,628.363,-0.3655,-1.4735,358.8138,0.0377,-0.0046,0.1519,62.548,67.473,-5.4515,113.867,-1.8652,0.0,0.0,0.0,-0.03,1638.5,0.0,3.99,191.6,0,646.717,0.027993587641200135,0.06280233248797912,-0.03,0.02054744055511104,0.6326266864408566,1.0,0.0,-2200.333327526438,4.281891886755943,547.542,624.863,3.7449329898984205,0.013336961462736508,0.04669179967095146,0.930956728030095,-0.958450395288196,-1.206199999999967,0.05330637587655904,final_approach,-0.16666175489509882,1.1929606872206442,-5.343943929511951,
646.817,63.94477627,-22.60537496,693.497,627.7,-0.3617,-1.4741,358.8291,0.0388,-0.0112,0.1537,62.575,67.502,-5.4455,113.9144,-1.8762,0.0,0.0,0.0,-0.03,1638.4,0.0,3.98,191.2,0,646.817,0.028124107624818595,0.0632783148065128,-0.03,0.02029051891005751,0.6325692494796937,1.0,0.0,-2196.8619617266913,4.223847419541765,546.997,624.2,3.746302021861594,0.01339585449090223,0.04608930495824455,0.9324624694324861,-0.9635911769086078,-1.190900000000056,0.07300579625141265,final_approach,-0.16603837765039486,1.2016130505581835,-5.345644149455353,
646.917,63.94480742,-22.60537613,692.953,627.175,-0.3578,-1.4755,358.8446,0.04,-0.0193,0.1558,62.602,67.53,-5.4387,113.9615,-1.8871,0.0,0.0,0.0,-0.03,1638.3,0.0,3.98,190.8,0,646.917,0.028250770596107255,0.06376984156341743,-0.03,0.02003009500212949,0.6325110860782769,1.0,0.0,-2193.389481330488,4.165312625875446,546.453,623.675,3.7476832642216826,0.013465282675899238,0.04548066891908235,0.933902328092953,-0.9686799013421705,-1.1753999999999678,0.09091436022854585,final_approach,-0.1653994699246688,1.210209891093566,-5.347365633969375,
647.017,63.94483859,-22.6053773,692.409,626.615,-0.3537,-1.4778,358.8603,0.0416,-0.028,0.158,62.629,67.557,-5.4317,114.0083,-1.8979,0.0,0.0,0.0,-0.03,1638.3,0.0,3.97,190.3,0,647.017,0.028370555989859825,0.06426411713140877,-0.03,0.019766165074596498,0.6324524087121504,1.0,0.0,-2189.914771398536,4.106777053954303,545.909,623.115,3.749071562227376,0.013534898906071173,0.044871237376089314,0.9352764440702525,-0.9737166736374263,-1.1596999999999298,0.10719487293503703,final_approach,-0.1647520878101254,1.2187407853721304,-5.349102086829596,
647.108,63.94486976,-22.60537848,691.866,626.053,-0.3495,-1.4809,358.8762,0.0434,-0.0369,0.1603,62.655,67.585,-5.4248,114.0548,-1.9086,0.0,0.0,0.0,-0.03,1638.2,0.0,3.96,190.0,0,647.108,0.028486960845984732,0.06474349811689616,-0.03,0.019498725444368148,0.6323930608955974,1.0,0.0,-2186.440061638397,4.047751544882629,545.366,622.553,3.75047051753337,0.013841271626845938,0.04425564097472359,0.9364667021852712,-0.9787015978499483,-1.1438000000000557,0.12342391046045674,final_approach,-0.16407581757013645,1.2272365342012108,-5.350858131727971,
647.208,63.94489835,-22.60537957,691.369,625.602,-0.3454,-1.4846,358.891,0.0457,-0.0453,0.1622,62.679,67.61,-5.4189,114.0972,-1.9182,0.0,0.0,0.0,-0.03,1638.1,0.0,3.96,189.5,0,647.208,0.028582313783836466,0.06517481494071997,-0.03,0.01924965622140029,0.6323379784929385,1.0,0.0,-2183.252960324565,3.9932358660408367,544.869,622.102,3.7517642923493333,0.013690684382310088,0.04368616889816078,0.9377137634011367,-0.9831648403632016,-1.1289999999999054,0.13402173678222926,final_approach,-0.16346670796842488,1.2348480219737894,-5.3524877434484,
647.308,63.94493216,-22.60538087,690.782,624.914,-0.3404,-1.4898,358.9087,0.0474,-0.0537,0.1647,62.707,67.64,-5.4126,114.1471,-1.9295,0.0,0.0,0.0,-0.03,1638.0,0.0,3.95,189.1,0,647.308,0.02869173976450201,0.06566485896481529,-0.03,0.018951618413285964,0.6322721963510312,1.0,0.0,-2179.483954027106,3.9282283798272495,544.282,621.414,3.7533035979875446,0.013974413048943429,0.043005933874436963,0.9388886442439102,-0.988414255978654,-1.1113000000000284,0.1472924879838378,final_approach,-0.16270357254441592,1.2438696345827047,-5.354433624803246,
647.417,63.94496077,-22.60538197,690.286,624.495,-0.336,-1.4949,358.9239,0.0496,-0.0596,0.1666,62.732,67.665,-5.4081,114.1891,-1.9388,0.0,0.0,0.0,-0.03,1637.9,0.0,3.94,188.7,0,647.417,0.028773467646842132,0.06607553222683536,-0.03,0.01869553529889867,0.6322159556811855,1.0,0.0,-2176.2946233493385,3.873221985580102,543.786,620.995,3.754614692082005,0.013650075238737352,0.042429585387781556,0.9401021736437593,-0.9927231809185457,-1.0960999999999785,0.154752970727584,final_approach,-0.16208161834708434,1.251267649715345,-5.3560970196451265,
647.517,63.9449946,-22.60538328,689.701,623.927,-0.3305,-1.5016,358.942,0.0513,-0.065,0.1692,62.76,67.694,-5.4038,114.2387,-1.9497,0.0,0.0,0.0,-0.03,1637.8,0.0,3.94,188.2,0,647.517,0.028862143221674907,0.06652080157834758,-0.03,0.018390426739719024,0.6321485732088491,1.0,0.0,-2172.5233876879447,3.8077237837870994,543.201,620.427,3.756179595872571,0.013983235683223972,0.04174217688911512,0.9411427174205251,-0.9977661772748831,-1.0779999999999745,0.16613906429779668,final_approach,-0.16129385979081334,1.2600150993176165,-5.358089653651522,
647.617,63.94502584,-22.60538449,689.16,623.331,-0.3254,-1.5082,358.9591,0.0531,-0.0689,0.1714,62.786,67.722,-5.4007,114.2844,-1.9595,0.0,0.0,0.0,-0.03,1637.7,0.0,3.93,187.8,0,647.617,0.02893798139891418,0.06691366184083773,-0.03,0.018102010231938248,0.6320861588703415,1.0,0.0,-2169.0408750693146,3.747225739024242,542.66,619.831,3.7576234139203772,0.01405905981569887,0.041106357010666755,0.9421162107301891,-1.0022869972450792,-1.0608999999999469,0.17467187663438516,final_approach,-0.1605664675650047,1.2678879609589906,-5.35993508346785,
647.717,63.94505709,-22.60538571,688.62,622.743,-0.32,-1.5152,358.9763,0.055,-0.072,0.1734,62.812,67.749,-5.3986,114.3299,-1.969,0.0,0.0,0.0,-0.03,1637.6,0.0,3.93,187.4,0,647.717,0.029000086243445078,0.0672843424364039,-0.03,0.017811748110051595,0.6320229622332482,1.0,0.0,-2165.557247854227,3.686237367635182,542.12,619.243,3.7590798011243445,0.014143195186360565,0.04046431494193387,0.9430222548552821,-1.0066556180650537,-1.0436999999999443,0.18242897875852318,final_approach,-0.15982326122781032,1.2755556422152203,-5.3618033632512265,
647.817,63.94508836,-22.60538694,688.08,622.216,-0.3144,-1.5224,358.9937,0.0565,-0.074,0.1752,62.838,67.776,-5.3973,114.3754,-1.9784,0.0,0.0,0.0,-0.03,1637.5,0.0,3.92,187.0,0,647.817,0.029055212100281558,0.06763692829254983,-0.03,0.017517951178863234,0.6319592041375396,1.0,0.0,-2162.071391275205,3.624758280840767,541.58,618.716,3.76054355230779,0.014225581294375646,0.039816042043348196,0.9438604515434329,-1.01097067212811,-1.026299999999992,0.18948088978047328,final_approach,-0.15906418438552805,1.2831662015351384,-5.363687955559737,
647.917,63.94511964,-22.60538817,687.541,621.685,-0.3087,-1.5298,359.0114,0.0577,-0.0751,0.1769,62.864,67.803,-5.3969,114.4209,-1.9875,0.0,0.0,0.0,-0.03,1637.5,0.0,3.92,186.5,0,647.917,0.029101670494407428,0.06796949896167596,-0.03,0.017218926685793612,0.6318946486008543,1.0,0.0,-2158.584419928705,3.5632788047450186,541.041,618.185,3.7620199682342967,0.01431534428949052,0.039166906181604316,0.9446309406564487,-1.015132104753036,-1.0086000000000013,0.19589171798223964,final_approach,-0.1582963221759357,1.2905589702725564,-5.365595826726164,
648.017,63.94515093,-22.6053894,687.001,621.09,-0.3029,-1.5373,359.0291,0.0585,-0.0753,0.1785,62.89,67.83,-5.397,114.4663,-1.9964,0.0,0.0,0.0,-0.03,1637.4,0.0,3.91,186.1,0,648.017,0.02914154406935421,0.0682900845603366,-0.03,0.016919741433292113,0.6318298974012274,1.0,0.0,-2155.0963338155193,3.501798939696333,540.501,617.59,3.7634952177339374,0.014388202740642573,0.038516905210918315,0.9453338613753526,-1.019191012419526,-0.9909000000000106,0.20171974362021552,final_approach,-0.15751968748030976,1.2978105984587778,-5.367509185314695,
648.108,63.94517962,-22.60539054,686.506,620.674,-0.2976,-1.5441,359.0455,0.0591,-0.0747,0.1796,62.914,67.854,-5.3977,114.5079,-2.0042,0.0,0.0,0.0,-0.03,1637.3,0.0,3.91,185.7,0,648.108,0.02917176092896895,0.06857186481677796,-0.03,0.016642389145000713,0.631770110771853,1.0,0.0,-2151.8980856828043,3.444829683305861,540.006,617.174,3.764852394362062,0.014475840430620087,0.0379135684061168,0.9459164833874699,-1.0227297448773243,-0.9745000000000346,0.2073576090853395,final_approach,-0.15679091890351415,1.3042099208163904,-5.369275581580059,
648.217,63.94521094,-22.60539179,685.966,620.114,-0.2917,-1.5515,359.0636,0.059,-0.074,0.1808,62.94,67.881,-5.3988,114.5533,-2.0126,0.0,0.0,0.0,-0.03,1637.2,0.0,3.9,185.2,0,648.217,0.029199390864206698,0.06886906940273446,-0.03,0.016336132069703746,0.631704313437398,1.0,0.0,-2148.406655608434,3.382368776225342,539.466,616.614,3.7663405664239447,0.014338692808211182,0.03725111110254726,0.9465400246080067,-1.0265325337240085,-0.9564000000000306,0.21019165463136566,final_approach,-0.1559889115879649,1.3111145663102093,-5.3712192733139865,
648.317,63.94524487,-22.60539315,685.381,619.588,-0.2854,-1.5593,359.0832,0.0582,-0.0718,0.1823,62.969,67.911,-5.4004,114.6025,-2.0214,0.0,0.0,0.0,-0.03,1637.1,0.0,3.9,184.8,0,648.317,0.029226567732954234,0.06918988532106343,-0.03,0.01600431463779639,0.6316325406017302,1.0,0.0,-2144.6242731281563,3.314416996709598,538.881,616.088,3.767957448872257,0.014643714754029513,0.036529295011592904,0.947037820693806,-1.030498725624426,-0.9367999999999483,0.21744695875578413,final_approach,-0.1550945248157518,1.3184022152889057,-5.373339137609523,
648.408,63.9452736,-22.6053943,684.886,619.086,-0.2801,-1.5658,359.1,0.0581,-0.0701,0.1831,62.992,67.935,-5.402,114.644,-2.0286,0.0,0.0,0.0,-0.03,1637.0,0.0,3.89,184.4,0,648.408,0.02924541096484634,0.06943869287372743,-0.03,0.01571975354347388,0.6315712568384165,1.0,0.0,-2141.4215660973427,3.2569562464854402,538.386,615.586,3.769332775195827,0.014722008308888557,0.03591812909943649,0.9474336890524169,-1.0337302417875947,-0.9199999999999591,0.22065607639136625,final_approach,-0.15433434785121136,1.3243867032674714,-5.375148912804658,
648.508,63.94530495,-22.60539556,684.346,618.528,-0.2743,-1.5727,359.1183,0.0573,-0.0687,0.1838,63.018,67.962,-5.4038,114.6894,-2.0362,0.0,0.0,0.0,-0.03,1636.9,0.0,3.89,184.0,0,648.508,0.02926056778251168,0.069717443094795,-0.03,0.015409634606110667,0.6315039143430237,1.0,0.0,-2137.926791892352,3.1940042346985082,537.846,615.028,3.7708385442160623,0.014777955291132159,0.03524759624785339,0.9478003363803609,-1.0371246048989917,-0.9017000000000053,0.22423279671942153,final_approach,-0.1534926842074924,1.3307371003740904,-5.377137304756644,
648.608,63.94533632,-22.60539683,683.805,617.948,-0.2686,-1.5794,359.1368,0.056,-0.0666,0.1844,63.045,67.989,-5.4056,114.7347,-2.0435,0.0,0.0,0.0,-0.03,1636.9,0.0,3.89,183.5,0,648.608,0.029272877690057153,0.07000525378951698,-0.03,0.015095969798986197,0.6314362869802872,1.0,0.0,-2134.4297883234262,3.130561507506222,537.305,614.448,3.772344920818554,0.014825590413432193,0.03457075597765828,0.9480980775235253,-1.0403673985347552,-0.883199999999988,0.22839345156313373,final_approach,-0.152634929397216,1.3368839979516913,-5.379133787693661,
648.717,63.94537031,-22.60539821,683.219,617.379,-0.2627,-1.5865,359.1568,0.0539,-0.0646,0.1852,63.073,68.018,-5.4075,114.7837,-2.0513,0.0,0.0,0.0,-0.03,1636.8,0.0,3.88,183.1,0,648.717,0.029292006869549303,0.07030349361550721,-0.03,0.014756699238740678,0.6313624458114765,1.0,0.0,-2130.6407175811146,3.0616275187514375,536.719,613.879,3.773983187715494,0.014859653933119105,0.03383422775671734,0.9483412520006721,-1.0438241393338217,-0.8632000000000062,0.2309832045069265,final_approach,-0.15169240179078258,1.3434782514884027,-5.381313347421695,
648.817,63.9454017,-22.60539948,682.678,616.721,-0.2574,-1.5928,359.1753,0.0524,-0.0626,0.1856,63.099,68.045,-5.4092,114.8289,-2.0581,0.0,0.0,0.0,-0.03,1636.7,0.0,3.88,182.6,0,648.817,0.029305613292548993,0.07058020323495393,-0.03,0.014442716890528895,0.6312937246223016,1.0,0.0,-2127.1414844780256,2.998184013304881,536.178,613.221,3.775501814733191,0.014914089973759984,0.03315548735853881,0.9484956632298571,-1.0468131045516031,-0.8446999999999889,0.23362109500628803,final_approach,-0.15081595236407352,1.349271912609229,-5.38334143838798,
648.908,63.94543048,-22.60540066,682.183,616.297,-0.2526,-1.5984,359.1924,0.0512,-0.0609,0.1858,63.123,68.07,-5.4106,114.8703,-2.0642,0.0,0.0,0.0,-0.03,1636.6,0.0,3.88,182.2,0,648.908,0.029317654470222998,0.07083790532600331,-0.03,0.014152363935113543,0.6312299900060333,1.0,0.0,-2123.9332041228845,2.9392515054697492,535.683,612.797,3.776905093792012,0.014998516477805627,0.03252392054197611,0.9485782364873797,-1.0494847333217194,-0.8275999999999613,0.23635883761810275,final_approach,-0.1499935143562361,1.35450867657147,-5.385222070940003,
649.008,63.9454619,-22.60540194,681.641,615.644,-0.2476,-1.6043,359.2109,0.0493,-0.0596,0.1859,63.149,68.097,-5.4119,114.9154,-2.0707,0.0,0.0,0.0,-0.03,1636.5,0.0,3.87,181.8,0,649.008,0.029334204162435262,0.07112031886826312,-0.03,0.013838100173858892,0.6311604756261869,1.0,0.0,-2120.4306268883824,2.875316895316504,535.141,612.144,3.7784300355625335,0.01504033334903982,0.031837996832315425,0.9486001087156534,-1.0523205785237906,-0.809099999999944,0.2385080341982729,final_approach,-0.1490926314218477,1.3601088107989838,-5.387272924622277,
649.125,63.94549594,-22.60540333,681.055,615.136,-0.2424,-1.6107,359.2311,0.0465,-0.0581,0.1862,63.177,68.126,-5.4132,114.9643,-2.0774,0.0,0.0,0.0,-0.03,1636.4,0.0,3.87,181.3,0,649.125,0.029351503817643454,0.07142555182353362,-0.03,0.013494796519483487,0.6310842554797271,1.0,0.0,-2116.6359824797028,2.8058910236004833,534.555,611.636,3.7800954481501905,0.014905993727700562,0.031092054863272153,0.9485383387106652,-1.0552196285921127,-0.7889000000000124,0.2385815073908214,final_approach,-0.14810325592939222,1.365935936628837,-5.389521227862922,
649.275,63.94554573,-22.60540538,680.198,614.311,-0.2354,-1.6195,359.2606,0.043,-0.0548,0.1868,63.218,68.168,-5.4147,115.0354,-2.087,0.0,0.0,0.0,-0.03,1636.2,0.0,3.87,180.6,0,649.275,0.029390710897111316,0.0718780183198542,-0.03,0.012993142512204625,0.6309717290466202,1.0,0.0,-2111.085590726694,2.703516415823346,533.698,610.811,3.782541639515003,0.01513965184509798,0.029989835328794873,0.9482941223164311,-1.0593598430015447,-0.7593999999999141,0.24174076429469227,final_approach,-0.14662405550881275,1.374356452773231,-5.392839734745703,
649.383,63.94557718,-22.60540668,679.656,613.627,-0.2312,-1.6248,359.2794,0.041,-0.0527,0.1873,63.244,68.194,-5.4153,115.0803,-2.0928,0.0,0.0,0.0,-0.03,1636.1,0.0,3.87,180.2,0,649.383,0.02941672863505329,0.0721701747296698,-0.03,0.012673267056575455,0.6309002572928218,1.0,0.0,-2107.5796695318,2.6386007636385425,533.156,610.127,3.7840877057825417,0.015002281271436534,0.029289613662219764,0.9480435417516115,-1.0618411446161247,-0.7405999999999722,0.24164985306249934,final_approach,-0.14567356277600751,1.3794985149355519,-5.39494704362335,
649.483,63.94561128,-22.60540809,679.069,613.104,-0.2269,-1.6305,359.2997,0.039,-0.0525,0.1874,63.271,68.223,-5.4156,115.1288,-2.099,0.0,0.0,0.0,-0.03,1636.0,0.0,3.87,179.7,0,649.483,0.029450351406462183,0.07248095270295961,-0.03,0.012327719207859245,0.6308220027670617,1.0,0.0,-2103.7783368610867,2.5681926826834816,532.569,609.604,3.785773775782149,0.015312017725545165,0.028529064244933934,0.9477363030369331,-1.0644868594727939,-0.720299999999952,0.24422713914774993,final_approach,-0.14463721779050331,1.3850152483449207,-5.3972539313970636,
649.575,63.94564276,-22.6054094,678.528,612.568,-0.223,-1.6356,359.3184,0.0375,-0.0525,0.1872,63.298,68.25,-5.4156,115.1734,-2.1045,0.0,0.0,0.0,-0.03,1635.9,0.0,3.86,179.3,0,649.575,0.029479300238859474,0.07279295571953705,-0.03,0.012009271996922921,0.6307489583761897,1.0,0.0,-2100.269071535572,2.502785925966326,532.028,609.068,3.787341321280806,0.01559977110943136,0.027821415087574828,0.9473894818956764,-1.0668176761523114,-0.7015999999999849,0.24870451384970566,final_approach,-0.14366606997402798,1.3899622152383841,-5.399406843882943,
649.675,63.94567163,-22.6054106,678.031,612.129,-0.2197,-1.6404,359.3356,0.0363,-0.0531,0.1867,63.321,68.274,-5.4155,115.2143,-2.1094,0.0,0.0,0.0,-0.03,1635.8,0.0,3.86,178.9,0,649.675,0.029511059147295404,0.07306235988080795,-0.03,0.01171625758771122,0.630681823045015,1.0,0.0,-2097.050758615964,2.4428700415103344,531.531,608.629,3.788776779232789,0.015392239177833066,0.027172345865570588,0.9469487515425816,-1.068882091258132,-0.6843999999999824,0.2470041034997479,final_approach,-0.1427614626599798,1.3944101453917526,-5.401385265702501,
649.783,63.94570314,-22.60541191,677.49,611.441,-0.2161,-1.6457,359.3542,0.0344,-0.0534,0.1863,63.347,68.3,-5.4153,115.2587,-2.1147,0.0,0.0,0.0,-0.03,1635.7,0.0,3.86,178.4,0,649.783,0.0295452031279973,0.07336609922691209,-0.03,0.011399276427176863,0.6306075926619591,1.0,0.0,-2093.538148988016,2.377462117237298,530.99,607.941,3.7903581182505754,0.015267203971937544,0.02646285110305534,0.946397723956158,-1.0711119075904492,-0.6657999999999902,0.24643470688528318,final_approach,-0.14176481494677162,1.399243508027947,-5.40357240861,
649.875,63.94573729,-22.60541333,676.903,610.972,-0.2126,-1.6514,359.3744,0.032,-0.0528,0.1863,63.374,68.329,-5.4151,115.3068,-2.1203,0.0,0.0,0.0,-0.03,1635.6,0.0,3.86,178.0,0,649.875,0.029590104157538044,0.07368182193372638,-0.03,0.011054894365426504,0.6305268046988792,1.0,0.0,-2089.731242651727,2.306562153321278,530.403,607.472,3.7920722822886055,0.015828039610727537,0.025692685227405577,0.9458591646436139,-1.073455230358178,-0.6456000000000586,0.2507113936111325,final_approach,-0.1406896712157213,1.404364219142657,-5.405952331573825,
649.975,63.94576619,-22.60541454,676.407,610.485,-0.2097,-1.6562,359.3915,0.0309,-0.0536,0.1858,63.398,68.353,-5.4147,115.3474,-2.1249,0.0,0.0,0.0,-0.03,1635.5,0.0,3.86,177.6,0,649.975,0.029628156288199647,0.07396385023052403,-0.03,0.010763257217699551,0.6304577196000544,1.0,0.0,-2086.509585600706,2.2461551641585973,529.907,606.985,3.793532515549946,0.015623755111173568,0.02503549515943645,0.945209850277412,-1.0753686737338057,-0.6285000000000309,0.24973763055557086,final_approach,-0.13975080432443931,1.4086366334757656,-5.407987142669306,
650.083,63.94579773,-22.60541586,675.865,609.873,-0.2067,-1.6616,359.4101,0.0292,-0.0569,0.1854,63.423,68.379,-5.4144,115.3915,-2.1299,0.0,0.0,0.0,-0.03,1635.4,0.0,3.86,177.1,0,650.083,0.029674240122769757,0.07425592512826097,-0.03,0.010445930859688701,0.6303820706105037,1.0,0.0,-2082.9936318413447,2.1802561353529324,529.365,606.373,3.795125612018624,0.015478278130728662,0.02431762160228332,0.9444333979494602,-1.0774472524724672,-0.6098999999999251,0.24807798063975364,final_approach,-0.13871765468030617,1.4132973957538333,-5.4102149057487985,
650.183,63.94583192,-22.6054173,675.278,609.293,-0.2037,-1.6679,359.4301,0.0271,-0.0616,0.1854,63.451,68.408,-5.4143,115.4393,-2.1353,0.0,0.0,0.0,-0.03,1635.3,0.0,3.86,176.6,0,650.183,0.029730863554117082,0.07457516379909807,-0.03,0.010104598956349742,0.6302993047964066,1.0,0.0,-2079.1822667771858,2.108374740452142,528.778,605.793,3.7968616233764148,0.01579191737192471,0.023533348552337494,0.9436386214781957,-1.0796887520793916,-0.5898999999999432,0.25097998239976904,final_approach,-0.13759498609302767,1.4183359940769051,-5.412651796752073,
650.283,63.94586349,-22.60541862,674.737,608.647,-0.201,-1.6743,359.4487,0.0258,-0.0673,0.1852,63.476,68.434,-5.4144,115.4833,-2.1402,0.0,0.0,0.0,-0.03,1635.2,0.0,3.86,176.2,0,650.283,0.029783727955362993,0.07485672943152406,-0.03,0.009787051453090445,0.6302219931203671,1.0,0.0,-2075.662968716183,2.0424745442649335,528.237,605.147,3.7984767405502105,0.015851793099596143,0.022813421793718994,0.9427745015859734,-1.0817153435370983,-0.5713000000000648,0.2508908930906927,final_approach,-0.13654922746019338,1.4229372836783014,-5.414927673117262,
650.375,63.94589244,-22.60541984,674.241,608.139,-0.1987,-1.6806,359.4657,0.0251,-0.0729,0.1847,63.5,68.458,-5.4149,115.5236,-2.1446,0.0,0.0,0.0,-0.03,1635.0,0.0,3.86,175.8,0,650.375,0.02983579982547835,0.07511560296646988,-0.03,0.009496730977004209,0.6301506014786881,1.0,0.0,-2072.4357379995868,1.9815756721412936,527.741,604.639,3.799962673683452,0.015901735433072463,0.022147145296937575,0.9419208638150949,-1.083526552822974,-0.554300000000012,0.2517980451022156,final_approach,-0.13557530966392406,1.4271082120211815,-5.417028911214761,
650.475,63.94592403,-22.60542118,673.699,607.659,-0.1963,-1.6882,359.4841,0.0241,-0.0792,0.1843,63.525,68.484,-5.4161,115.5675,-2.1494,0.0,0.0,0.0,-0.03,1634.9,0.0,3.86,175.4,0,650.475,0.02989630585427,0.07537215413311606,-0.03,0.009182409074200537,0.6300724598457239,1.0,0.0,-2068.9142107456696,1.9146948230498007,527.199,604.159,3.801583102162536,0.015952160326033388,0.021414359638897283,0.9409225635662674,-1.0855015609915313,-0.5358999999999696,0.2516345864565532,final_approach,-0.13449745672246038,1.431679868706233,-5.419328416119161,
650.575,63.94595563,-22.60542251,673.157,607.057,-0.1939,-1.6963,359.5025,0.0233,-0.0845,0.184,63.55,68.51,-5.418,115.6115,-2.1541,0.0,0.0,0.0,-0.03,1634.8,0.0,3.86,174.9,0,650.575,0.029954784519462763,0.07561327982287357,-0.03,0.00886799391864801,0.6299937035990182,1.0,0.0,-2065.3915685532543,1.8483035221559034,526.657,603.557,3.803210001592188,0.016004965987780534,0.020686049320365527,0.9398547599530828,-1.0874246019199916,-0.5174999999999272,0.25148598768776914,final_approach,-0.1334176456027052,1.4361764090145357,-5.421645582125027,
650.675,63.94598725,-22.60542385,672.615,606.603,-0.1916,-1.7049,359.5209,0.0224,-0.0888,0.1837,63.576,68.536,-5.4207,115.6555,-2.1588,0.0,0.0,0.0,-0.03,1634.7,0.0,3.86,174.5,0,650.675,0.030016741939606795,0.07584625778956541,-0.03,0.008553488687714883,0.6299142421367581,1.0,0.0,-2061.8666969969045,1.7814215056825906,526.115,603.103,3.8048451558880787,0.01606272881630386,0.01995124887519013,0.9387170356407593,-1.0893461772419357,-0.49909999999999854,0.2522599888070874,final_approach,-0.13232138758009526,1.4406951542901751,-5.423983064626508,
650.775,63.94601888,-22.6054252,672.073,606.041,-0.1895,-1.7139,359.5393,0.0217,-0.0925,0.1835,63.601,68.562,-5.4243,115.6995,-2.1635,0.0,0.0,0.0,-0.03,1634.6,0.0,3.87,174.0,0,650.775,0.030084990332060635,0.07605056626693407,-0.03,0.008238896561316156,0.6298341545886533,1.0,0.0,-2058.3407108448887,1.714049162931473,525.573,602.541,3.806486848566907,0.016121761811633092,0.019209944091893718,0.9375089732644791,-1.0912662886278213,-0.48069999999995616,0.2520545352791639,final_approach,-0.13120861675901452,1.4452362015723672,-5.426338525447477,
650.883,63.94605052,-22.60542654,671.53,605.41,-0.1873,-1.7232,359.5577,0.0211,-0.0953,0.1834,63.627,68.588,-5.4286,115.7436,-2.1682,0.0,0.0,0.0,-0.03,1634.4,0.0,3.87,173.6,0,650.883,0.030150985457110147,0.07624850147185344,-0.03,0.007924220721837516,0.6297537904256991,1.0,0.0,-2054.8136097535835,1.6471663682036133,525.03,601.91,3.8081278793512037,0.015967256423730886,0.018473110391732616,0.9361290368830334,-1.093184010753646,-0.4622999999999138,0.25102600850293405,final_approach,-0.13008231789280345,1.4497936926897061,-5.428701679295145,
650.975,63.94608217,-22.60542789,670.987,604.867,-0.1853,-1.7328,359.576,0.0204,-0.0969,0.1835,63.653,68.615,-5.4336,115.7879,-2.1729,0.0,0.0,0.0,-0.03,1634.3,0.0,3.87,173.2,0,650.975,0.03022222046473022,0.07643110882628104,-0.03,0.007611175198384723,0.6296727932291654,1.0,0.0,-2051.2853940666128,1.5797932470238876,524.487,601.367,3.809775489520194,0.016290848050555546,0.017729759588727006,0.9348893790520885,-1.0950984130930408,-0.44399999999996,0.2538971618801383,final_approach,-0.12896328152545422,1.4543351061927723,-5.431082999800829,
651.083,63.94611647,-22.60542935,670.398,604.296,-0.1831,-1.7433,359.5959,0.0197,-0.0984,0.1836,63.681,68.643,-5.4398,115.8359,-2.1779,0.0,0.0,0.0,-0.03,1634.2,0.0,3.87,172.7,0,651.083,0.03029748947917621,0.0766101782389425,-0.03,0.007270672830361535,0.6295845840778632,1.0,0.0,-2047.461766903031,1.5069276970736287,523.898,600.796,3.8115626362164736,0.01633364914132815,0.01692467737827551,0.9333516424443554,-1.0971252914262948,-0.42409999999995307,0.2543846252782506,final_approach,-0.12772927110089327,1.4592167778910827,-5.433675840924586,
651.183,63.94614815,-22.60543071,669.854,603.679,-0.1812,-1.7531,359.6143,0.0197,-0.0989,0.1837,63.707,68.669,-5.4461,115.8803,-2.1826,0.0,0.0,0.0,-0.03,1634.1,0.0,3.87,172.3,0,651.183,0.030373184008103515,0.07676406965412072,-0.03,0.006955759457865307,0.6295025320899391,1.0,0.0,-2043.9302070846475,1.439063471361275,523.354,600.179,3.813218405604795,0.01637098993164193,0.016173673985535285,0.9318578377014274,-1.0990357263199542,-0.4057000000000244,0.2548951138893164,final_approach,-0.12657144477456228,1.4638098310880032,-5.436087219024952,
651.283,63.94617984,-22.60543207,669.308,603.275,-0.1792,-1.763,359.6327,0.0197,-0.099,0.1838,63.733,68.696,-5.4529,115.9249,-2.1872,0.0,0.0,0.0,-0.03,1633.9,0.0,3.88,171.8,0,651.283,0.03044433050446299,0.07690640262207737,-0.03,0.006640775367576346,0.6294205583565131,1.0,0.0,-2040.397532498786,1.371198856521648,522.808,599.775,3.8148662859143787,0.016388958792340362,0.015421628358103914,0.9302938077448993,-1.10089342361033,-0.387299999999982,0.2553591944448243,final_approach,-0.12540431193049173,1.4683376338138459,-5.438495837922918,
651.383,63.94621154,-22.60543343,668.763,602.703,-0.1773,-1.7728,359.6511,0.0196,-0.0987,0.184,63.759,68.722,-5.4601,115.9696,-2.1918,0.0,0.0,0.0,-0.03,1633.8,0.0,3.88,171.4,0,651.383,0.03051867680059156,0.07703988418873182,-0.03,0.006325723753005996,0.6293375753115058,1.0,0.0,-2036.863743145447,1.3033338523806868,522.263,599.203,3.8165281027669278,0.016427160414531454,0.014668537830538567,0.9286596821688031,-1.1027487563223133,-0.3688999999999396,0.25578108585892884,final_approach,-0.12422788368420967,1.472875575266979,-5.440933646016898,
651.483,63.94624325,-22.60543479,668.216,602.131,-0.1754,-1.7826,359.6695,0.0196,-0.0981,0.1842,63.785,68.749,-5.4677,116.0144,-2.1965,0.0,0.0,0.0,-0.03,1633.7,0.0,3.88,170.9,0,651.483,0.03059549764404018,0.07716389505307338,-0.03,0.00601060780958429,0.6292546710077441,1.0,0.0,-2033.32883902463,1.2354684592865133,521.716,598.631,3.818182029789747,0.016445845383477185,0.013914399734500331,0.9269555898683587,-1.1046510914802354,-0.3505000000000109,0.25616462350813524,final_approach,-0.12304217106876436,1.477497523355023,-5.443368672016582,
651.583,63.94627498,-22.60543616,667.669,601.473,-0.1734,-1.7923,359.6879,0.0198,-0.097,0.1844,63.812,68.776,-5.4754,116.0594,-2.2011,0.0,0.0,0.0,-0.03,1633.5,0.0,3.89,170.5,0,651.583,0.030668064762271463,0.07729372006583209,-0.03,0.005695430734563356,0.6291710247514825,1.0,0.0,-2029.7917055406704,1.1671123506132002,521.169,597.973,3.819844433830337,0.016475544553880235,0.013153688153676537,0.9251811067174981,-1.1065007337684563,-0.33209999999996853,0.257422385007391,final_approach,-0.12183984844324769,1.4820652232578055,-5.445825015826898,
651.675,63.94630672,-22.60543752,667.121,601.007,-0.1714,-1.8019,359.7064,0.0199,-0.0958,0.1846,63.838,68.802,-5.4832,116.1045,-2.2057,0.0,0.0,0.0,-0.03,1633.4,0.0,3.89,170.1,0,651.675,0.030739999446150135,0.07741163130324259,-0.03,0.0053784823407661,0.629087090199291,1.0,0.0,-2026.25345711742,1.0992457901372061,520.621,597.507,3.8215062514448483,0.016740159618291214,0.012397441184993363,0.9234844492459174,-1.108348002855621,-0.31359999999995125,0.2597120496114698,final_approach,-0.12065219640851055,1.4866071752235754,-5.44828934717135,
651.775,63.94633582,-22.60543878,666.618,600.396,-0.1696,-1.8106,359.7233,0.0202,-0.0948,0.1846,63.862,68.827,-5.4905,116.1459,-2.2098,0.0,0.0,0.0,-0.03,1633.3,0.0,3.89,169.7,0,651.775,0.030806601871047112,0.07751716253300261,-0.03,0.005088897275655646,0.6290098527581823,1.0,0.0,-2023.0095055743234,1.0363813319796038,520.118,596.896,3.823029942622953,0.016489618312083253,0.011695915754853261,0.9215757593239159,-1.109981991421165,-0.2966999999999871,0.25792004510133204,final_approach,-0.11951266041067399,1.4907577212080447,-5.450556627258724,
651.875,63.94636758,-22.60544016,666.068,599.912,-0.1676,-1.82,359.7418,0.0201,-0.0937,0.1847,63.889,68.854,-5.4985,116.1913,-2.2144,0.0,0.0,0.0,-0.03,1633.2,0.0,3.9,169.2,0,651.875,0.030880559292057352,0.07763741875863896,-0.03,0.004771845888306259,0.6289253896577299,1.0,0.0,-2019.4690279589506,0.9675341185996018,519.568,596.412,3.824690173406921,0.01650839990001567,0.010926571257878855,0.9195964972519569,-1.111823711400831,-0.2781999999999698,0.25901822281938813,final_approach,-0.11827583242583017,1.4953644961076797,-5.453035550596361,
651.975,63.94639936,-22.60544153,665.518,599.417,-0.1656,-1.8293,359.7603,0.0199,-0.0924,0.1849,63.916,68.881,-5.5064,116.2367,-2.2189,0.0,0.0,0.0,-0.03,1633.0,0.0,3.9,168.8,0,651.975,0.03095253823440608,0.0777587448559763,-0.03,0.00445474541928681,0.6288401711151773,1.0,0.0,-2015.9263206376022,0.8991760642899218,519.018,595.917,3.8263589641823437,0.01653831787571656,0.010161684751336804,0.9175473440695836,-1.1136147160654275,-0.2597000000000662,0.26001656619943264,final_approach,-0.1170369794566497,1.4998981681980084,-5.455536155199649,
652.075,63.94643115,-22.60544291,664.967,598.735,-0.1637,-1.8384,359.7788,0.0198,-0.0913,0.1851,63.942,68.908,-5.5142,116.2822,-2.2235,0.0,0.0,0.0,-0.03,1632.9,0.0,3.9,168.4,0,652.075,0.031030158502356686,0.07787242693778881,-0.03,0.004137599126077696,0.6287546604416997,1.0,0.0,-2012.3824987197963,0.8303276835280997,518.467,595.235,3.8280271946805127,0.016562315726711498,0.009390185495293793,0.9154278714722139,-1.1154526333143622,-0.24119999999993524,0.26001506018130005,final_approach,-0.1157814727341524,1.504526708156515,-5.4580448374163595,
652.175,63.94646295,-22.6054443,664.415,598.223,-0.1617,-1.8475,359.7973,0.0198,-0.0903,0.1852,63.969,68.935,-5.5219,116.3279,-2.228,0.0,0.0,0.0,-0.03,1632.7,0.0,3.91,167.9,0,652.175,0.031103501614418383,0.07799539459003714,-0.03,0.0038204102674908036,0.6286688578454632,1.0,0.0,-2008.8375622063254,0.7609889764884727,517.915,594.723,3.8296948647726903,0.016581379925891458,0.00861205909624524,0.9132376511435998,-1.11723798884978,-0.22270000000003165,0.2609227819830233,final_approach,-0.11450924488809378,1.509101374150255,-5.460561586624159,
652.275,63.94649741,-22.6054458,663.816,597.6,-0.1596,-1.8571,359.8174,0.0195,-0.0893,0.1855,63.998,68.964,-5.5302,116.3774,-2.2329,0.0,0.0,0.0,-0.03,1632.6,0.0,3.91,167.5,0,652.275,0.03118480004602253,0.07812601446857495,-0.03,0.0034757444140983695,0.6285755387511914,1.0,0.0,-2004.996099448766,0.6861574513769779,517.316,594.1,3.8315015916168207,0.016829028011792885,0.007771092333628609,0.9109706348731501,-1.1191829216386964,-0.20259999999996126,0.26356616543910283,final_approach,-0.11314557857013696,1.5140513244982792,-5.463298243750721,
652.375,63.94652658,-22.60544707,663.309,597.111,-0.1578,-1.8653,359.8344,0.0201,-0.0887,0.1854,64.023,68.989,-5.537,116.4194,-2.2369,0.0,0.0,0.0,-0.03,1632.5,0.0,3.92,167.1,0,652.375,0.03125191471111871,0.07824392559399485,-0.03,0.0031842028617299345,0.6284959936500771,1.0,0.0,-2001.7443447051376,0.6228003320038692,516.809,593.611,3.8330359189613574,0.01658140225072138,0.0070580764947182325,0.9086398737397109,-1.1207543463948468,-0.1856000000000222,0.2623328776719052,final_approach,-0.11194322452826455,1.5182009141165338,-5.46563050333037,
652.475,63.94655842,-22.60544846,662.755,596.534,-0.1558,-1.8741,359.8529,0.0202,-0.0881,0.1853,64.05,69.017,-5.5444,116.4654,-2.2414,0.0,0.0,0.0,-0.03,1632.3,0.0,3.92,166.7,0,652.475,0.031326434991712115,0.07836954297163891,-0.03,0.0028669057032639778,0.6284088338410403,1.0,0.0,-1998.1949491209637,0.5534600682808113,516.255,593.034,3.8347111403238796,0.016609870813137487,0.006276663160074112,0.9062387404765854,-1.1225326727542893,-0.1671000000000049,0.26302988879263645,final_approach,-0.11064283879402836,1.522806446572421,-5.468185535952998,
652.583,63.94659027,-22.60544985,662.2,596.042,-0.1538,-1.8828,359.8714,0.0204,-0.0875,0.1852,64.077,69.044,-5.5516,116.5113,-2.2458,0.0,0.0,0.0,-0.03,1632.2,0.0,3.93,166.2,0,652.583,0.031400280631483035,0.07849794798536468,-0.03,0.0025495790435825505,0.6283213778367351,1.0,0.0,-1994.644438770104,0.48411941560481725,515.7,592.542,3.8363858305133824,0.016425957451539967,0.005494147893733514,0.9035696489833942,-1.1242613824724401,-0.14859999999998763,0.26184535344786325,final_approach,-0.10931073066778652,1.527384960335155,-5.470748736999873,
652.683,63.94662479,-22.60545137,661.598,595.353,-0.1516,-1.8922,359.8915,0.0201,-0.0868,0.1854,64.107,69.074,-5.5593,116.5612,-2.2506,0.0,0.0,0.0,-0.03,1632.0,0.0,3.93,165.8,0,652.683,0.031478842633038184,0.07864386938174005,-0.03,0.00220477828361898,0.6282261085740902,1.0,0.0,-1990.796287750511,0.4083056810802209,515.098,591.853,3.8382031193057085,0.0167171125301593,0.004637291754046325,0.9010214793288536,-1.1261473313156785,-0.12850000000003092,0.26531395767987054,final_approach,-0.1078943726168724,1.5323244240592615,-5.473540347014122,
652.783,63.94665666,-22.60545277,661.042,594.833,-0.1496,-1.9008,359.9101,0.0204,-0.0865,0.1853,64.134,69.101,-5.5662,116.6073,-2.255,0.0,0.0,0.0,-0.03,1631.9,0.0,3.94,165.4,0,652.783,0.03155287207508567,0.07877593428077871,-0.03,0.001885684969970769,0.6281376181646912,1.0,0.0,-1987.2435480357165,0.33847431282481133,514.542,591.333,3.83988461674341,0.01673342283796835,0.0038468979696225803,0.8984027641947191,-1.1278712940498394,-0.10989999999992506,0.2657399615271504,final_approach,-0.10655757692688539,1.5369023280117133,-5.476132774548077,
652.883,63.94668855,-22.60545417,660.485,594.199,-0.1476,-1.9094,359.9286,0.0207,-0.0864,0.1851,64.161,69.128,-5.573,116.6534,-2.2594,0.0,0.0,0.0,-0.03,1631.7,0.0,3.95,164.9,0,652.883,0.03162733912748994,0.07890883257464608,-0.03,0.0015682877464587852,0.6280487309734543,1.0,0.0,-1983.6885787867582,0.2686421661410706,513.985,590.699,3.8415674369923316,0.016749219446508673,0.003055381860911364,0.8957136265001605,-1.129593892202081,-0.09140000000002146,0.26612723775195024,final_approach,-0.1052113467160325,1.5414920492771529,-5.478736297122051,
652.983,63.94672045,-22.60545557,659.927,593.727,-0.1455,-1.918,359.9471,0.0209,-0.0864,0.1849,64.188,69.156,-5.5798,116.6996,-2.2637,0.0,0.0,0.0,-0.03,1631.6,0.0,3.95,164.5,0,652.983,0.03169720783952673,0.07904051593078211,-0.03,0.001250874382004552,0.6279595429217016,1.0,0.0,-1980.1324947695302,0.1988096305038407,513.427,590.227,3.843249757314997,0.016761550076535552,0.002262743930625325,0.8929541888048916,-1.1312650969993001,-0.07290000000000418,0.26647930704725076,final_approach,-0.1038556964828743,1.5460187468876363,-5.481348099565157,
653.092,63.94675237,-22.60545698,659.369,593.101,-0.1434,-1.9266,359.9656,0.0211,-0.0863,0.1846,64.215,69.183,-5.5864,116.7457,-2.268,0.0,0.0,0.0,-0.03,1631.4,0.0,3.96,164.1,0,653.092,0.03176910693039703,0.07917525551889429,-0.03,0.0009334481431009234,0.6278695578122866,1.0,0.0,-1976.5741813891593,0.12848637928747175,512.869,589.601,3.844940889267732,0.01655378707101891,0.0014633970181224037,0.8898692988605414,-1.1329359302693263,-0.0543999999999869,0.26477268113552554,final_approach,-0.1024544441730626,1.5506128341475112,-5.483982703394016,
653.2,63.94678961,-22.60545863,658.716,592.477,-0.141,-1.9366,359.9872,0.0204,-0.0859,0.1847,64.247,69.215,-5.5942,116.7996,-2.2731,0.0,0.0,0.0,-0.03,1631.3,0.0,3.97,163.6,0,653.2,0.031854217521031625,0.07933260203315749,-0.03,0.0005628196350243586,0.6277646084264004,1.0,0.0,-1972.4228158634448,0.04619761745196682,512.216,588.977,3.8469054437539625,0.016826542445338648,0.000526602834749466,0.8867226424907947,-1.134923316543052,-0.03279999999995198,0.2676384643319411,final_approach,-0.1008651908104774,1.5559611240964024,-5.487054750475561,
653.3,63.94682155,-22.60546004,658.157,591.863,-0.139,-1.9451,0.0056,0.0207,-0.0857,0.1845,64.274,69.242,-5.6007,116.8457,-2.2774,0.0,0.0,0.0,-0.03,1631.1,0.0,3.97,163.2,0,653.3,0.03192871216403531,0.07946694502050264,-0.03,0.00024709262270639076,0.6276735096623816,1.0,0.0,-1968.8622729481183,-0.02412641201894894,511.65700000000004,588.363,3.8486039873476754,0.016853024693972964,-0.00027520993177810053,0.8837393793559836,-1.1365912724193947,-0.014399999999994861,0.267853149392697,final_approach,-0.09947216900078004,1.5605380482248457,-5.489720769809459,
653.4,63.94685351,-22.60546146,657.596,591.324,-0.1369,-1.9537,0.0241,0.0211,-0.0857,0.1841,64.302,69.27,-5.6072,116.8919,-2.2816,0.0,0.0,0.0,-0.03,1631.0,0.0,3.98,162.8,0,653.4,0.03199891157456186,0.07960762098153441,-0.03,-7.035282782585917e-05,0.6275824061148587,1.0,0.0,-1965.299500669649,-0.09494115706900375,511.096,587.824,3.850296425400598,0.016864917333181212,-0.001083762306028573,0.8806852051941934,-1.138207956994279,0.004099999999993997,0.26895740853881495,final_approach,-0.09806225928577561,1.5650633093658612,-5.492386375449467,
653.5,63.94688547,-22.60546287,657.035,590.817,-0.1348,-1.9622,0.0425,0.0213,-0.0858,0.1837,64.329,69.297,-5.6136,116.9381,-2.2858,0.0,0.0,0.0,-0.03,1630.8,0.0,3.99,162.4,0,653.5,0.03206922468362472,0.07974148944856939,-0.03,-0.0003860816445736548,0.6274906887358379,1.0,0.0,-1961.7367282193673,-0.1652659647944663,510.53499999999997,587.317,3.851994075030242,0.016883513827056894,-0.0018878666862994257,0.8775608011749154,-1.1398233623483804,0.022500000000007958,0.2690521895807233,final_approach,-0.09665027305412366,1.5695895119587107,-5.495069382598611,
653.6,63.94691745,-22.6054643,656.473,590.249,-0.1327,-1.9707,0.0608,0.0214,-0.0858,0.1833,64.356,69.325,-5.62,116.9843,-2.29,0.0,0.0,0.0,-0.03,1630.7,0.0,4.0,161.9,0,653.6,0.03214061708163085,0.07987422000353357,-0.03,-0.0007000906505838511,0.6273985606761031,1.0,0.0,-1958.1717265761706,-0.23657142542421317,509.97299999999996,586.749,3.853693137776582,0.016901366099780133,-0.0027043255817164394,0.87436516594616,-1.1414374899968038,0.04079999999999018,0.2691383541642893,final_approach,-0.09521396768925428,1.5741499091448716,-5.4977638397875666,
653.7,63.94694944,-22.60546572,655.911,589.551,-0.1306,-1.9793,0.0791,0.0213,-0.0857,0.1829,64.384,69.352,-5.6264,117.0305,-2.2942,0.0,0.0,0.0,-0.03,1630.5,0.0,4.0,161.5,0,653.7,0.03221212793965811,0.08001354766464708,-0.03,-0.001014092605731598,0.6273057103355986,1.0,0.0,-1954.605609995268,-0.3073873378560883,509.41099999999994,586.051,3.855399311742147,0.016928095025757883,-0.003516347359763577,0.8710989806570291,-1.1430503414522946,0.05910000000000082,0.27012577651298975,final_approach,-0.09377553529943228,1.578711322269001,-5.5004788506061715,
653.8,63.94698145,-22.60546715,655.348,588.992,-0.1285,-1.9878,0.0974,0.0212,-0.0856,0.1826,64.411,69.379,-5.6328,117.0768,-2.2983,0.0,0.0,0.0,-0.03,1630.4,0.0,4.01,161.1,0,653.8,0.032282231951311524,0.0801441477617132,-0.03,-0.0013280843477586624,0.62721244301703,1.0,0.0,-1951.0372640496385,-0.3786939656935946,508.84799999999996,585.492,3.857106938144073,0.016952789858010842,-0.0043351457292356435,0.8677618028152517,-1.1446120380778666,0.07740000000001146,0.2701143422845594,final_approach,-0.09232015703032559,1.5832213433715943,-5.50320547795442,
653.9,63.94701347,-22.60546858,654.784,588.535,-0.1264,-1.9963,0.1157,0.021,-0.0854,0.1824,64.439,69.407,-5.6392,117.123,-2.3024,0.0,0.0,0.0,-0.03,1630.2,0.0,4.02,160.7,0,653.9,0.032352818106202885,0.08028101267424538,-0.03,-0.001642062714694692,0.6271188596233482,1.0,0.0,-1947.4678033373232,-0.4500009828321586,508.284,585.035,3.8588141618165253,0.016972697669095455,-0.005155118064789587,0.8643537516660544,-1.1461734596059614,0.09569999999999368,0.27101303844049507,final_approach,-0.0908552252071182,1.5877449812530138,-5.505940765889196,
654.0,63.9470455,-22.60547001,654.22,587.905,-0.1244,-2.0048,0.1339,0.0208,-0.0853,0.1821,64.466,69.434,-5.6455,117.1692,-2.3065,0.0,0.0,0.0,-0.03,1630.1,0.0,4.03,160.3,0,654.0,0.03242676342699041,0.08041141947742211,-0.03,-0.0019543089571774086,0.6270245424504101,1.0,0.0,-1943.89722785753,-0.5213083890979961,507.72,584.405,3.8605285640680607,0.017001251810137907,-0.005976267428084417,0.8608749457510251,-1.1477336481211182,0.113900000000001,0.27092094403680905,final_approach,-0.08938074918496852,1.592280787166473,-5.508696914153045,
654.1,63.94707754,-22.60547144,653.655,587.311,-0.1223,-2.0133,0.1521,0.0207,-0.0852,0.182,64.493,69.462,-5.6519,117.2155,-2.3106,0.0,0.0,0.0,-0.03,1629.9,0.0,4.04,159.9,0,654.1,0.03249819466454973,0.08053869128784973,-0.03,-0.0022665357336216774,0.6269299050763992,1.0,0.0,-1940.3255376102593,-0.5926161843170463,507.155,583.811,3.8622425884689733,0.0170244171766353,-0.00679859689110386,0.8573255029094105,-1.149291641897662,0.13210000000000832,0.27083722185163994,final_approach,-0.08789673822667154,1.5968273071166372,-5.5114618279884695,
654.2,63.94710959,-22.60547288,653.089,586.782,-0.1203,-2.0217,0.1703,0.0207,-0.085,0.1819,64.52,69.489,-5.6582,117.2618,-2.3147,0.0,0.0,0.0,-0.03,1629.7,0.0,4.05,159.5,0,654.2,0.03257332066312374,0.08066676785997816,-0.03,-0.0025787399349800344,0.6268349475913781,1.0,0.0,-1936.752732767323,-0.6644143061620227,506.58900000000006,583.282,3.863956235500064,0.017043092699013034,-0.00762773421258843,0.8537049778117861,-1.1508484036801292,0.15029999999998722,0.2707611107742135,final_approach,-0.08639573002952261,1.6013971293507439,-5.514235499496589,
654.3,63.94714166,-22.60547432,652.523,586.213,-0.1182,-2.0302,0.1885,0.0205,-0.0848,0.1818,64.548,69.517,-5.6645,117.308,-2.3188,0.0,0.0,0.0,-0.03,1629.6,0.0,4.05,159.1,0,654.3,0.0326460155676353,0.08080122034205969,-0.03,-0.0028909184528354004,0.6267391408843823,1.0,0.0,-1933.1776983886396,-0.736213206087762,506.023,582.713,3.865679004606949,0.01707385909398896,-0.008458072235493667,0.8500134873288675,-1.1524049000009313,0.16849999999999454,0.271601009794768,final_approach,-0.08488512264264259,1.6059806380561596,-5.517033373540507,
654.4,63.94717374,-22.60547576,651.956,585.547,-0.1162,-2.0386,0.2067,0.0205,-0.0845,0.1817,64.575,69.544,-5.6708,117.3543,-2.3228,0.0,0.0,0.0,-0.03,1629.4,0.0,4.06,158.7,0,654.4,0.03271991110362338,0.08092723994072647,-0.03,-0.0032030681794849025,0.6266430086529883,1.0,0.0,-1929.6015492432705,-0.8080124953145587,505.456,582.047,3.8674014295909,0.017098924218241312,-0.009289608110167193,0.8462511482267537,-1.1539103993253264,0.18670000000000186,0.27145546344978444,final_approach,-0.0833649330083972,1.610501997617515,-5.5198401460630535,
654.5,63.94720583,-22.6054772,651.389,584.982,-0.1142,-2.047,0.2249,0.0204,-0.0843,0.1817,64.603,69.572,-5.6771,117.4006,-2.3268,0.0,0.0,0.0,-0.03,1629.3,0.0,4.07,158.4,0,654.5,0.032794260332992375,0.08105948542168331,-0.03,-0.003515186008028026,0.6265461222393901,1.0,0.0,-1926.0242853296313,-0.8798121734948444,504.889,581.482,3.8691311514518096,0.017131973283383447,-0.010122344971194162,0.8424180765688776,-1.1554147096194924,0.20490000000000919,0.2722322394997906,final_approach,-0.08183517010890284,1.615035627364449,-5.522668323095182,
654.6,63.94723794,-22.60547865,650.821,584.495,-0.1119,-2.0554,0.243,0.0275,-0.0838,0.179,64.63,69.599,-5.6833,117.4467,-2.3305,0.0,0.0,0.0,-0.03,1629.1,0.0,4.07,158.4,0,654.6,0.03285423384451386,0.08118543275681873,-0.03,-0.003825554192936842,0.6264487993567974,1.0,0.0,-1922.4447920528494,-0.9521025672542694,504.321,580.995,3.87086244842125,0.01716213935188642,-0.010961933746106265,0.8385138229390364,-1.1567734719645557,0.2230000000000132,0.2720293086361686,final_approach,-0.08028834064730717,1.619377031864854,-5.52550861980405,
654.7,63.94727006,-22.6054801,650.252,583.817,-0.1084,-2.0637,0.2605,0.0451,-0.083,0.1702,64.657,69.626,-5.6896,117.4926,-2.3334,0.0,0.0,0.0,-0.03,1628.9,0.0,4.07,158.4,0,654.7,0.032862294807306014,0.08130829198747092,-0.03,-0.004125598139778419,0.6263511454580324,1.0,0.0,-1918.86418400859,-1.0243933503150284,503.75199999999995,580.317,3.872593435904869,0.017186761932602466,-0.011802738327913542,0.8345385030297807,-1.157743133999361,0.24049999999999727,0.2718448260328759,final_approach,-0.07873188069126513,1.6231512556530916,-5.52835795207076,
654.8,63.94730219,-22.60548155,649.683,583.161,-0.103,-2.0719,0.2769,0.066,-0.0818,0.1558,64.684,69.653,-5.6958,117.5381,-2.3353,0.0,0.0,0.0,-0.03,1628.8,0.0,4.07,158.3,0,654.8,0.03279369438965207,0.08143222428933217,-0.03,-0.004406747761850016,0.6262527251868392,1.0,0.0,-1915.2824611968524,-1.0966845223290005,503.183,579.661,3.874331791223423,0.01721956047476161,-0.012644761906229013,0.8304922318290622,-1.158228639090538,0.2569000000000017,0.271677114575365,final_approach,-0.07716579903087606,1.6262163536078553,-5.531229012913855,
654.9,63.94733433,-22.605483,649.113,582.597,-0.0954,-2.0799,0.2917,0.0853,-0.0802,0.137,64.712,69.68,-5.7019,117.5834,-2.3364,0.0,0.0,0.0,-0.03,1628.6,0.0,4.07,158.3,0,654.9,0.03264411907746961,0.08156390214085135,-0.03,-0.004660437635769954,0.6261539694585363,1.0,0.0,-1911.699623618429,-1.1689760834699694,502.61300000000006,579.097,3.876069863569664,0.017246420972702375,-0.013488007687526376,0.8263751236208784,-1.1583260362981775,0.2717000000000098,0.2724337405230586,final_approach,-0.07559010435517877,1.6287158867144598,-5.534109222096184,
655.0,63.94736648,-22.60548445,648.542,581.955,-0.0862,-2.0878,0.3044,0.1,-0.0785,0.1148,64.739,69.707,-5.7079,117.6285,-2.3365,0.0,0.0,0.0,-0.03,1628.4,0.0,4.06,158.3,0,655.0,0.03242747259399198,0.08168943546601272,-0.03,-0.004878106577503427,0.6260548782696703,1.0,0.0,-1908.1156712717361,-1.2412680337384878,502.04200000000003,578.455,3.8778076542080604,0.017268335207912003,-0.014332478887190045,0.8221872919867556,-1.1579383948232476,0.2844000000000051,0.2722124913845941,final_approach,-0.07400480526279551,1.6305050909476968,-5.536998574050838,
655.1,63.94739865,-22.6054859,647.971,581.33,-0.0757,-2.0956,0.3148,0.1089,-0.0769,0.0903,64.765,69.733,-5.7137,117.6734,-2.3357,0.0,0.0,0.0,-0.03,1628.3,0.0,4.06,158.3,0,655.1,0.0321553583603324,0.0818112322437455,-0.03,-0.005056337597733496,0.6259548998229261,1.0,0.0,-1904.52948939088,-1.3135607624353376,501.471,577.83,3.8795547900626186,0.017302172430856362,-0.015178186642232938,0.8179288490159088,-1.1571149413283592,0.2948000000000093,0.2711022648950767,final_approach,-0.07240989975127121,1.631657556643347,-5.539913147318703,
655.2,63.94743083,-22.60548735,647.399,580.571,-0.0646,-2.1031,0.3227,0.1115,-0.0754,0.0647,64.792,69.76,-5.7194,117.7181,-2.334,0.0,0.0,0.0,-0.03,1628.1,0.0,4.06,158.2,0,655.2,0.03184881250764782,0.08194071926282574,-0.03,-0.005191713670274933,0.6258545801434514,1.0,0.0,-1900.942192741754,-1.3858538800856766,500.899,577.071,3.8813016790851247,0.017329958729889777,-0.016025126669801885,0.813599906852208,-1.155856169552976,0.3026999999999873,0.27100205899551966,final_approach,-0.07080540613374708,1.632174022101875,-5.542837013025025,
655.3,63.94746302,-22.6054888,646.827,579.959,-0.0535,-2.1106,0.3279,0.1079,-0.0738,0.0392,64.819,69.786,-5.7249,117.7626,-2.3315,0.0,0.0,0.0,-0.03,1627.9,0.0,4.06,158.2,0,655.3,0.031527749421350226,0.08207321929903028,-0.03,-0.00528081667333169,0.6257534724986814,1.0,0.0,-1897.3537813259422,-1.4581473868630122,500.327,576.459,3.8830560600188617,0.01736560049780586,-0.016873302221939317,0.8092005769405106,-1.1542112022247295,0.3078999999999894,0.27091096272322296,final_approach,-0.06919133272127098,1.6321278705704394,-5.545783181193741,
655.4,63.94749523,-22.60549025,646.254,579.433,-0.0431,-2.1178,0.3307,0.0987,-0.0725,0.0148,64.845,69.812,-5.7301,117.807,-2.3284,0.0,0.0,0.0,-0.03,1627.8,0.0,4.06,158.2,0,655.4,0.03121656041241211,0.08220380630620577,-0.03,-0.005328793440823487,0.6256519074529425,1.0,0.0,-1893.7631403751752,-1.5304416718948948,499.754,575.933,3.8848121464378735,0.017398144446523912,-0.017722725058995248,0.8047309691781417,-1.1522767391005289,0.3106999999999971,0.26991905702110297,final_approach,-0.06756767644493067,1.6316635636543921,-5.548742008145691,
655.5,63.94752744,-22.6054917,645.681,578.758,-0.0337,-2.125,0.3312,0.0854,-0.0714,-0.0075,64.871,69.839,-5.7352,117.8514,-2.3246,0.0,0.0,0.0,-0.03,1627.6,0.0,4.06,158.2,0,655.5,0.030921541836382127,0.08233549147172493,-0.03,-0.0053373605889593945,0.6255496560440242,1.0,0.0,-1890.172499424408,-1.6027359571008382,499.18100000000004,575.258,3.886573856517813,0.01743463717200162,-0.018573381654828393,0.8001911944487307,-1.1500035446060792,0.3112000000000137,0.2690173245646303,final_approach,-0.06593446765155875,1.6307074956559227,-5.551720153656653,
655.6,63.94755967,-22.60549314,645.107,578.104,-0.0259,-2.132,0.3295,0.0686,-0.0707,-0.0271,64.898,69.865,-5.7401,117.8956,-2.3206,0.0,0.0,0.0,-0.03,1627.4,0.0,4.06,158.1,0,655.6,0.030669463842273426,0.08247665225947336,-0.03,-0.005308232122098633,0.6254469412137582,1.0,0.0,-1886.5796287684568,-1.6745410830621226,498.60699999999997,574.604,3.888337308398236,0.017467950777372784,-0.01941961069670967,0.7955819293975629,-1.1476368115148716,0.3095000000000141,0.2691066586951138,final_approach,-0.06429923903878532,1.6296146944230365,-5.554711113866922,
655.7,63.94759191,-22.60549458,644.533,577.424,-0.0199,-2.139,0.326,0.0499,-0.0703,-0.0433,64.924,69.891,-5.7448,117.9398,-2.3163,0.0,0.0,0.0,-0.03,1627.2,0.0,4.05,158.1,0,655.7,0.030463581152947616,0.08261428256364452,-0.03,-0.005248260300480201,0.6253434184356388,1.0,0.0,-1882.9856433442362,-1.7463465981509567,498.033,573.924,3.890108365834119,0.017508388040948158,-0.02026708050139338,0.7909032815827639,-1.1451261631401053,0.3060000000000116,0.2682787806319258,final_approach,-0.0626545372969538,1.6283210291456243,-5.557724909292478,
655.8,63.94762416,-22.60549602,643.958,576.797,-0.0157,-2.146,0.3211,0.0305,-0.0702,-0.0557,64.951,69.917,-5.7494,117.984,-2.312,0.0,0.0,0.0,-0.03,1627.1,0.0,4.05,158.1,0,655.8,0.030309498531838397,0.08275928466597593,-0.03,-0.005164296509605482,0.6252395389058785,1.0,0.0,-1879.3905431533299,-1.8181525025408483,497.45799999999997,573.297,3.891879268718617,0.017541828174955955,-0.02111579435668514,0.7861553578751571,-1.1426173915625952,0.30109999999999104,0.2684352551199429,final_approach,-0.06100037017687754,1.6270442874022493,-5.5607483937927675,
655.9,63.94765643,-22.60549745,643.383,576.106,-0.0135,-2.153,0.3151,0.0114,-0.0703,-0.0642,64.977,69.943,-5.7539,118.0282,-2.3078,0.0,0.0,0.0,-0.03,1626.9,0.0,4.05,158.0,0,655.9,0.03021410290482124,0.08289898526854678,-0.03,-0.005061478636067984,0.6251347271436641,1.0,0.0,-1875.7932132556557,-1.889469247860695,496.88300000000004,572.606,3.8936597760048715,0.017585702289553373,-0.021960070826097168,0.7813388329329625,-1.1401590202809473,0.2950999999999908,0.26766841374540673,final_approach,-0.05934429667039964,1.6258456706743765,-5.56379830509043,
656.0,63.94768871,-22.60549889,642.807,575.447,-0.0132,-2.16,0.3084,-0.0063,-0.0708,-0.0686,65.003,69.969,-5.7582,118.0723,-2.3038,0.0,0.0,0.0,-0.03,1626.7,0.0,4.05,158.0,0,656.0,0.030176979263178527,0.08304150896383812,-0.03,-0.004946658877950538,0.6250295524031865,1.0,0.0,-1872.1947687623158,-1.9612763194583462,496.307,571.947,3.8954401656499753,0.017622067983133555,-0.0228112884084712,0.7764532413156711,-1.1378004469245866,0.28839999999999577,0.2669712852230882,final_approach,-0.05767127809481565,1.6248214511508294,-5.566858066352445,
656.1,63.94772099,-22.60550032,642.231,574.793,-0.0146,-2.1671,0.3015,-0.0218,-0.0715,-0.0692,65.029,69.995,-5.7626,118.1165,-2.3002,0.0,0.0,0.0,-0.03,1626.5,0.0,4.05,158.0,0,656.1,0.03019574596496838,0.08318127654078068,-0.03,-0.004828404691079258,0.6249236650360831,1.0,0.0,-1868.5963240979559,-2.0325934539051893,495.731,571.293,3.897226325023214,0.017661988941341737,-0.023658047926050974,0.7714992590520126,-1.1356366447331254,0.2814999999999941,0.2663375320209805,final_approach,-0.055996404185677306,1.6240909836644981,-5.569937839657825,
656.2,63.9477533,-22.60550175,641.654,574.113,-0.0173,-2.1742,0.2947,-0.0344,-0.0723,-0.0663,65.056,70.021,-5.767,118.1606,-2.2971,0.0,0.0,0.0,-0.03,1626.3,0.0,4.05,158.0,0,656.2,0.030261652301639907,0.0833264362272334,-0.03,-0.004711857573144629,0.6248171776630878,1.0,0.0,-1864.994535131163,-2.103911755559792,495.154,570.613,3.8990163022466633,0.017701619490199626,-0.02450607656704359,0.766476987198467,-1.1337177574535815,0.2746999999999957,0.26667048365543217,final_approach,-0.05431214334446821,1.6237404452155815,-5.573034336990158,
656.3,63.94778561,-22.60550318,641.077,573.58,-0.0213,-2.1814,0.2883,-0.0439,-0.0733,-0.0601,65.082,70.048,-5.7713,118.2048,-2.2944,0.0,0.0,0.0,-0.03,1626.1,0.0,4.05,157.9,0,656.3,0.030372743086845788,0.08346637149538905,-0.03,-0.00460216018357873,0.6247099677729657,1.0,0.0,-1861.3927461651617,-2.175230057388179,494.577,570.08,3.9008121042589226,0.017744352928934514,-0.025355347997323793,0.7613865291080777,-1.1319931726104926,0.26830000000001064,0.266064076050411,final_approach,-0.05261854194211324,1.6236941549734851,-5.576151108246808,
656.4,63.94781793,-22.6055046,640.5,572.835,-0.026,-2.1888,0.2827,-0.05,-0.0745,-0.0514,65.108,70.074,-5.7758,118.2489,-2.2923,0.0,0.0,0.0,-0.03,1626.0,0.0,4.05,157.9,0,656.4,0.030516206844300897,0.08360172955545049,-0.03,-0.004506170315671354,0.6246019119518208,1.0,0.0,-1857.7898422598707,-2.2460588110192474,494.0,569.335,3.9026157248244955,0.01779299505006629,-0.026200160343284654,0.7562285579767212,-1.1305614257682066,0.26269999999999527,0.2655127964094687,final_approach,-0.050923185744888855,1.6240879948321982,-5.579291726133963,
656.5,63.94785027,-22.60550603,639.922,572.18,-0.0311,-2.1962,0.278,-0.0524,-0.0755,-0.0405,65.135,70.1,-5.7804,118.293,-2.2908,0.0,0.0,0.0,-0.03,1625.8,0.0,4.04,157.9,0,656.5,0.03068439715897958,0.08374038416942269,-0.03,-0.004425604108880821,0.6244933592387196,1.0,0.0,-1854.1847089906444,-2.317378280229731,493.422,568.68,3.904421284997956,0.017836762830822164,-0.027051953624121945,0.7510026007543854,-1.129421249008601,0.2580000000000098,0.2659207240086032,final_approach,-0.04921095415009802,1.6249426542141343,-5.582446033047461,
656.6,63.94788262,-22.60550745,639.344,571.638,-0.0364,-2.2038,0.2745,-0.0514,-0.0765,-0.0282,65.162,70.126,-5.7851,118.337,-2.2897,0.0,0.0,0.0,-0.03,1625.6,0.0,4.04,157.9,0,656.6,0.03086714061555057,0.08387631520173883,-0.03,-0.004365606085700802,0.6243839490844544,1.0,0.0,-1850.578460783712,-2.3882082012423433,492.84400000000005,568.138,3.906234728543434,0.017886374934814393,-0.02789928651547164,0.7457093301003225,-1.1284764548974238,0.2545000000000073,0.26629156728054376,final_approach,-0.04749699206340452,1.6260917892498128,-5.585624492730808,
656.7,63.94791498,-22.60550888,638.765,570.997,-0.0414,-2.2114,0.2723,-0.0472,-0.0776,-0.0151,65.189,70.152,-5.7899,118.381,-2.289,0.0,0.0,0.0,-0.03,1625.4,0.0,4.04,157.8,0,656.7,0.031050931050955966,0.08400927223875694,-0.03,-0.004327892218440654,0.6242741539182778,1.0,0.0,-1846.9710979803224,-2.4595284485330366,492.265,567.497,3.9080481820702304,0.01792773499033865,-0.02875360516228343,0.7403482718170918,-1.127725888056574,0.2522999999999911,0.2666286975277495,final_approach,-0.04576617067214883,1.6275562627535258,-5.588813368801791,
656.8,63.94794735,-22.6055103,638.186,570.264,-0.0458,-2.2192,0.2714,-0.0401,-0.0786,-0.0017,65.218,70.178,-5.7946,118.425,-2.2888,0.0,0.0,0.0,-0.03,1625.2,0.0,4.04,157.8,0,656.8,0.031228609335932134,0.08415532995867292,-0.03,-0.004312463636420905,0.6241634909542696,1.0,0.0,-1843.3626202384346,-2.5303591478001954,491.68600000000004,566.764,3.9098695763366575,0.01797543626933019,-0.029603461732881656,0.7349200980710849,-1.1272176957148474,0.25139999999998963,0.26875336138889677,final_approach,-0.04403364341212068,1.6293853472981148,-5.592026671173812,
656.9,63.94797974,-22.60551172,637.606,569.684,-0.0494,-2.227,0.2718,-0.0309,-0.0796,0.0115,65.246,70.204,-5.7995,118.4688,-2.2887,0.0,0.0,0.0,-0.03,1625.0,0.0,4.04,157.8,0,656.9,0.0313864930278111,0.08429045950336715,-0.03,-0.004319320796969617,0.6240523161767911,1.0,0.0,-1839.7519129615912,-2.6011906253219013,491.106,566.184,3.9116929984388253,0.018018567061387457,-0.030454594584066387,0.7294249049524401,-1.12676009414119,0.2518000000000029,0.2697757830808018,final_approach,-0.042291863393813856,1.6313037887345025,-5.5952540497564485,
657.0,63.94801214,-22.60551315,637.026,569.015,-0.052,-2.235,0.2736,-0.0198,-0.0806,0.0239,65.274,70.23,-5.8044,118.5126,-2.2889,0.0,0.0,0.0,-0.03,1624.8,0.0,4.04,157.8,0,657.0,0.03152305577067921,0.08442472729305162,-0.03,-0.004350177761907825,0.623940261756885,1.0,0.0,-1836.1400910882908,-2.672512429295749,490.52599999999995,565.515,3.9135244271789986,0.018067853784777654,-0.03131273640386821,0.7238622149622105,-1.126447813779265,0.2536000000000058,0.27070525734618295,final_approach,-0.04053322638446488,1.633464452856753,-5.598506168929607,
657.1,63.94804454,-22.60551457,636.445,568.33,-0.0535,-2.2431,0.2765,-0.0077,-0.0812,0.035,65.301,70.256,-5.8095,118.5563,-2.2891,0.0,0.0,0.0,-0.03,1624.7,0.0,4.04,157.7,0,657.1,0.0316284100278203,0.08454816256356167,-0.03,-0.004399890868612921,0.6238279324575793,1.0,0.0,-1832.528269044762,-2.7433442959444516,489.94500000000005,564.83,3.9153539449169963,0.018105741050643463,-0.03216640214506426,0.7182327006978287,-1.1261366968649327,0.2564999999999884,0.27064114304197984,final_approach,-0.03877293490513267,1.635629266734913,-5.601765465729688,
657.2,63.94807697,-22.60551599,635.864,567.676,-0.0537,-2.2511,0.2804,0.0049,-0.0816,0.0447,65.329,70.282,-5.8147,118.5998,-2.2893,0.0,0.0,0.0,-0.03,1624.5,0.0,4.04,157.7,0,657.2,0.031696983668688616,0.08467489198303788,-0.03,-0.004466744670069134,0.6237144674871529,1.0,0.0,-1828.9131026980078,-2.814177329975251,489.36400000000003,564.176,3.917195516912606,0.018157404201551767,-0.0330213670743886,0.7125364549880625,-1.1258276734961896,0.2604000000000042,0.27149194821996825,final_approach,-0.03700339307826184,1.6378109657300364,-5.6050569025981964,
657.308,63.9481094,-22.60551742,635.282,567.004,-0.0526,-2.2593,0.2853,0.0176,-0.0817,0.0526,65.357,70.307,-5.8201,118.6433,-2.2893,0.0,0.0,0.0,-0.03,1624.3,0.0,4.03,157.7,0,657.308,0.03172697402098662,0.08479666996455947,-0.03,-0.0045507375737382505,0.6236007219302647,1.0,0.0,-1825.2979365230663,-2.8855003013306426,488.78200000000004,563.504,3.91903521029528,0.017970203165914692,-0.03388335205756136,0.7063119217278919,-1.12542232767845,0.2652999999999963,0.2703798855871929,final_approach,-0.035164924627235195,1.6399516819929687,-5.608355660894503,
657.417,63.94814455,-22.60551896,634.651,566.407,-0.0501,-2.268,0.2913,0.0306,-0.0813,0.0591,65.387,70.335,-5.826,118.6902,-2.2891,0.0,0.0,0.0,-0.03,1624.1,0.0,4.03,157.7,0,657.417,0.03171563268940675,0.08492474905735789,-0.03,-0.004653581548572094,0.6234766516372928,1.0,0.0,-1821.379555499962,-2.9623184253472052,488.15099999999995,562.907,3.9210346265172347,0.01803238065348255,-0.03481335566327156,0.6999509993116485,-1.1248891215236938,0.27129999999999654,0.2708207466972737,final_approach,-0.03322146287948513,1.6420581833813976,-5.611952916621291,
657.517,63.94817971,-22.6055205,634.019,565.565,-0.0462,-2.2768,0.298,0.0423,-0.0807,0.0633,65.417,70.363,-5.832,118.7369,-2.2884,0.0,0.0,0.0,-0.03,1623.9,0.0,4.03,157.6,0,657.517,0.031651578585549234,0.08504975523935872,-0.03,-0.004768418031698696,0.6233520376280244,1.0,0.0,-1817.4600597101721,-3.039136938490765,487.519,562.065,3.9230352545089464,0.01836136386408761,-0.03574486811193877,0.6940433425027478,-1.1241170137149652,0.2779999999999916,0.27347340608842546,final_approach,-0.03132721822713336,1.6437342805328896,-5.615564959021526,
657.617,63.94821218,-22.60552192,633.436,564.893,-0.0415,-2.2848,0.3044,0.0514,-0.0802,0.0651,65.444,70.388,-5.8376,118.78,-2.2874,0.0,0.0,0.0,-0.03,1623.7,0.0,4.03,157.6,0,657.617,0.03155614629588194,0.08515945731990117,-0.03,-0.004878106577503427,0.6232358127658865,1.0,0.0,-1813.8404342942995,-3.1099715290303815,486.93600000000004,561.393,3.924894451586463,0.018399798349270132,-0.0366051889294271,0.6880693458014681,-1.1232342876712664,0.2844000000000051,0.2731576418985919,final_approach,-0.029519242618071928,1.645116266760482,-5.618932953250283,
657.717,63.94824466,-22.60552334,632.852,564.371,-0.036,-2.2927,0.3109,0.0586,-0.0796,0.0652,65.472,70.414,-5.8433,118.8228,-2.2859,0.0,0.0,0.0,-0.03,1623.5,0.0,4.03,157.6,0,657.717,0.031428146733668005,0.08527187866703788,-0.03,-0.004989502859996331,0.6231191706886997,1.0,0.0,-1810.2196941109487,-3.180806508697272,486.352,560.871,3.9267538445774455,0.01843215360936187,-0.03746680328601929,0.6820291009868599,-1.12211397560705,0.2908999999999935,0.2737796744532519,final_approach,-0.02770207881607334,1.6461570934985659,-5.622312183479515,
657.817,63.94827716,-22.60552476,632.267,563.64,-0.0298,-2.3006,0.3174,0.0639,-0.0788,0.0637,65.5,70.439,-5.8489,118.8656,-2.2839,0.0,0.0,0.0,-0.03,1623.3,0.0,4.03,157.5,0,657.817,0.031270555928705035,0.08538522211215728,-0.03,-0.005100892807496926,0.623001983257511,1.0,0.0,-1806.5967243926425,-3.2516422666187084,485.76700000000005,560.14,3.928615462349947,0.018462824295303337,-0.0383297280426425,0.6759226978459714,-1.1207535476775377,0.2974000000000103,0.2743451585938649,final_approach,-0.025875714782056747,1.646853013886144,-5.625706352762048,
657.917,63.94830966,-22.60552618,631.682,563.012,-0.0233,-2.3084,0.3236,0.0669,-0.078,0.0609,65.527,70.464,-5.8545,118.9082,-2.2814,0.0,0.0,0.0,-0.03,1623.1,0.0,4.03,157.5,0,657.917,0.031095114522931677,0.0854922801124817,-0.03,-0.005207135647778083,0.6228839936829167,1.0,0.0,-1802.9737546751282,-3.322478024365808,485.182,559.512,3.93048333893319,0.018498814551490685,-0.03919394014529113,0.6697502281719543,-1.1191551107977489,0.30359999999998877,0.27395014417623614,final_approach,-0.02404019127511603,1.647207123171956,-5.629122885122801,
658.017,63.94834218,-22.6055276,631.096,562.314,-0.0165,-2.3161,0.3296,0.068,-0.0771,0.0569,65.554,70.489,-5.8601,118.9507,-2.2783,0.0,0.0,0.0,-0.03,1622.9,0.0,4.02,157.5,0,658.017,0.030899926350285545,0.08559847737361381,-0.03,-0.005309945574110131,0.6227654511480158,1.0,0.0,-1799.3485554226588,-3.3933145605415147,484.596,558.814,3.932353484127981,0.018532587450892653,-0.04005947007075976,0.6635117804043037,-1.1172698395794782,0.309599999999989,0.27359104016021,final_approach,-0.022195478172868377,1.6471465462490684,-5.632554551520023,
658.117,63.94837471,-22.60552901,630.51,561.765,-0.0097,-2.3238,0.335,0.0671,-0.0761,0.0522,65.581,70.514,-5.8656,118.9931,-2.2748,0.0,0.0,0.0,-0.03,1622.7,0.0,4.02,157.5,0,658.117,0.030697449530090293,0.08570590872339548,-0.03,-0.005402469599894433,0.622645966542428,1.0,0.0,-1795.7222412308993,-3.463661548693964,484.01,558.265,3.9342319803576706,0.018574649925229773,-0.040920519730487825,0.6572080224965796,-1.1151943013604466,0.3149999999999977,0.27326458196385056,final_approach,-0.020349287430629914,1.6468039958085683,-5.636012600993521,
658.217,63.94840725,-22.60553042,629.923,561.048,-0.0031,-2.3313,0.34,0.0645,-0.0751,0.047,65.608,70.539,-5.8711,119.0354,-2.2707,0.0,0.0,0.0,-0.03,1622.5,0.0,4.02,157.4,0,658.217,0.03048968692138243,0.08581241953397925,-0.03,-0.005488135775353897,0.6225260503585005,1.0,0.0,-1792.094812272454,-3.5340089257993483,483.423,557.548,3.9361107560161837,0.018610167701879135,-0.04178287222181674,0.6508390418660746,-1.112832461669342,0.3199999999999932,0.27296780178531405,final_approach,-0.01849401223042335,1.6460473922445331,-5.6394822452570885,
658.317,63.9484398,-22.60553183,629.335,560.426,0.0032,-2.3387,0.3445,0.0602,-0.074,0.0417,65.636,70.564,-5.8764,119.0775,-2.2663,0.0,0.0,0.0,-0.03,1622.3,0.0,4.02,157.4,0,658.317,0.030285617466887627,0.08592705351178855,-0.03,-0.005565231810386373,0.6224057020636081,1.0,0.0,-1788.466268546531,-3.6043566920320074,482.83500000000004,556.926,3.937989815501586,0.018640238893902848,-0.04264653106974222,0.644404925286212,-1.1103298304947202,0.32450000000000045,0.27360709253209026,final_approach,-0.016629657761562555,1.6450940531195464,-5.642963491475751,
658.417,63.94847236,-22.60553324,628.747,559.729,0.009,-2.346,0.3484,0.0548,-0.0731,0.0363,65.662,70.589,-5.8817,119.1196,-2.2614,0.0,0.0,0.0,-0.03,1622.1,0.0,4.02,157.4,0,658.417,0.030086713794185982,0.08603047411341197,-0.03,-0.005632045636849603,0.6222843968190883,1.0,0.0,-1784.8366100539222,-3.6747048473916624,482.24699999999996,556.229,3.9398773073431026,0.018679352147445618,-0.04351149980955362,0.6379057588876345,-1.107588553958749,0.3283999999999878,0.2723700841200862,final_approach,-0.014756229128174425,1.6437978044367725,-5.6464715071861065,
658.517,63.94850494,-22.60553464,628.159,559.013,0.0142,-2.3532,0.3518,0.0483,-0.0724,0.0313,65.69,70.614,-5.8868,119.1615,-2.2562,0.0,0.0,0.0,-0.03,1621.9,0.0,4.02,157.4,0,658.517,0.029899482472943606,0.08614757551038525,-0.03,-0.0056902914892360545,0.6221619931568565,1.0,0.0,-1781.2047218545456,-3.7445638436812727,481.659,555.513,3.941775333757412,0.018729504146719936,-0.044371991220681986,0.6313422072359394,-1.1047068341349018,0.331799999999987,0.27306371283642855,final_approach,-0.012881423597765007,1.642293814131559,-5.650010361728757,
658.617,63.94853752,-22.60553604,627.57,558.376,0.0188,-2.3604,0.3547,0.0411,-0.0717,0.0268,65.716,70.639,-5.8918,119.2034,-2.2508,0.0,0.0,0.0,-0.03,1621.7,0.0,4.02,157.3,0,658.617,0.029726046929511418,0.08625515686580583,-0.03,-0.005739970214148293,0.6220392769882097,1.0,0.0,-1777.572833655169,-3.8144228401449443,481.07000000000005,554.876,3.943671661578757,0.01876846649117721,-0.04523377627478369,0.6247143555843472,-1.1017310378258571,0.334699999999998,0.2718761025785895,final_approach,-0.010997650075662335,1.6406626675881348,-5.653557318827531,
658.717,63.94857012,-22.60553744,626.98,557.723,0.0226,-2.3675,0.3572,0.0336,-0.0712,0.023,65.743,70.663,-5.8967,119.2452,-2.2451,0.0,0.0,0.0,-0.03,1621.5,0.0,4.02,157.3,0,658.717,0.029569873462052976,0.08636897248967823,-0.03,-0.005782795537562335,0.6219159813198919,1.0,0.0,-1773.938715921629,-3.884282614688825,480.48,554.223,3.945570411999694,0.018804972777542162,-0.046096888410181544,0.6180222855580464,-1.098614136334703,0.3371999999999957,0.2717055477987131,final_approach,-0.00910487377536029,1.63883416003506,-5.657120086949295,
658.817,63.94860273,-22.60553884,626.39,557.056,0.0256,-2.3746,0.3594,0.0261,-0.0708,0.02,65.77,70.688,-5.9015,119.2869,-2.2393,0.0,0.0,0.0,-0.03,1621.3,0.0,4.01,157.3,0,658.817,0.029434781291009016,0.08648403483647636,-0.03,-0.0058204809242244915,0.621791703144286,1.0,0.0,-1770.3034834206112,-3.9541427785340395,479.89,553.556,3.9474777338146625,0.018849680339565338,-0.046961316353314624,0.6112660796375199,-1.0954522992902298,0.3394000000000119,0.2715504979988254,final_approach,-0.007203118896555338,1.6369518978342796,-5.660710295132908,
658.917,63.94863535,-22.60554023,625.8,556.391,0.0279,-2.3816,0.3613,0.0186,-0.0704,0.0178,65.797,70.713,-5.9062,119.3285,-2.2334,0.0,0.0,0.0,-0.03,1621.1,0.0,4.01,157.3,0,658.917,0.029317535822228014,0.08660034690231273,-0.03,-0.005853026713626086,0.6216664335445262,1.0,0.0,-1766.6671359803036,-4.023513394007874,479.29999999999995,552.891,3.949393674455088,0.018901301350346122,-0.04782124055810537,0.6044464019829161,-1.0922455655852161,0.3412999999999897,0.2714095436352912,final_approach,-0.0053001252424280665,1.6350043734019764,-5.664328179845594,
659.017,63.94866798,-22.60554161,625.209,555.674,0.0295,-2.3886,0.363,0.0119,-0.0701,0.0165,65.823,70.737,-5.9109,119.37,-2.2275,0.0,0.0,0.0,-0.03,1620.9,0.0,4.01,157.2,0,659.017,0.02921998913711993,0.08671077105537327,-0.03,-0.005882146092493157,0.6215407042804764,1.0,0.0,-1763.0296736022897,-4.092394461457898,478.70899999999995,552.174,3.951310053432756,0.018945049421400947,-0.04867665142624026,0.5975639155003475,-1.0890419555980486,0.3429999999999893,0.27037231239571047,final_approach,-0.003395980379753638,1.633063186563266,-5.667958368281706,
659.117,63.94870063,-22.605543,624.618,555.13,0.0304,-2.3955,0.3646,0.0058,-0.07,0.0161,65.85,70.762,-5.9154,119.4114,-2.2215,0.0,0.0,0.0,-0.03,1620.7,0.0,4.01,157.2,0,659.117,0.029140695396913274,0.08682941725296509,-0.03,-0.005909552100243909,0.6214138337853394,1.0,0.0,-1759.3899818611326,-4.161766244487062,478.11800000000005,551.63,3.953237200745757,0.01899945337283895,-0.04953921926288437,0.5906181138557309,-1.0857934928236546,0.344600000000014,0.2703384658143055,final_approach,-0.0014752565577929033,1.6310797135526087,-5.671620522401568,
659.217,63.94873328,-22.60554437,624.026,554.433,0.0307,-2.4025,0.3662,0.0004,-0.07,0.0165,65.877,70.786,-5.92,119.4528,-2.2156,0.0,0.0,0.0,-0.03,1620.5,0.0,4.01,157.2,0,659.217,0.02907977174543075,0.08694524424336626,-0.03,-0.005936957653505215,0.6212866332050127,1.0,0.0,-1755.7502897771428,-4.230158152866763,477.52599999999995,550.933,3.955162747291896,0.019042122054263342,-0.05039141987371966,0.5836102448221716,-1.0825952236201601,0.3462000000000103,0.27030769619481854,final_approach,0.00043882466724909364,1.6291612523904604,-5.675291212752516,
659.317,63.94876595,-22.60554575,623.434,553.695,0.0306,-2.4094,0.3679,-0.0039,-0.0701,0.0177,65.903,70.81,-5.9245,119.494,-2.2097,0.0,0.0,0.0,-0.03,1620.3,0.0,4.01,157.1,0,659.317,0.029030724520798246,0.08705754460716078,-0.03,-0.005966075553508032,0.621158277159577,1.0,0.0,-1752.1083683292181,-4.299040776825881,476.93399999999997,550.195,3.9570991393034776,0.01909575506452135,-0.051250785020882726,0.5765397988373412,-1.0794009366856017,0.34790000000000987,0.2693706329043846,final_approach,0.0023694113482370938,1.6272733522474638,-5.678994242023538,
659.417,63.94879862,-22.60554712,622.841,553.016,0.03,-2.4164,0.3698,-0.0073,-0.0703,0.0194,65.93,70.835,-5.9289,119.5352,-2.2039,0.0,0.0,0.0,-0.03,1620.1,0.0,4.01,157.1,0,659.417,0.028997514305535155,0.08717565355840487,-0.03,-0.00599861847572436,0.6210295854513495,1.0,0.0,-1748.4664467110651,-4.367433463459853,476.341,549.516,3.959033960873806,0.019137831837647955,-0.05210560834784139,0.5694074386730976,-1.0762567609634175,0.3497999999999877,0.26942784809489045,final_approach,0.004301010503514391,1.6254617854794127,-5.682705943382661,
659.517,63.94883131,-22.60554849,622.248,552.386,0.0292,-2.4234,0.3718,-0.0097,-0.0704,0.0217,65.956,70.859,-5.9334,119.5763,-2.1982,0.0,0.0,0.0,-0.03,1619.8,0.0,4.0,157.1,0,659.517,0.028972243569643896,0.08728662448612375,-0.03,-0.0060328734804563355,0.6208997238008793,1.0,0.0,-1744.8222955571644,-4.435826928348648,475.74800000000005,548.886,3.960979706352826,0.019191102329739116,-0.05296176303381515,0.5622132375741374,-1.0731635255198455,0.3517999999999972,0.26857077099534615,final_approach,0.006241349196319135,1.6237393405394052,-5.686450362922734,
659.617,63.94886401,-22.60554986,621.654,551.796,0.0281,-2.4304,0.3741,-0.0111,-0.0705,0.0244,65.983,70.883,-5.9379,119.6173,-2.1926,0.0,0.0,0.0,-0.03,1619.6,0.0,4.0,157.1,0,659.617,0.028957635311285423,0.08740155979705268,-0.03,-0.006072265839454749,0.6207693794730881,1.0,0.0,-1741.177029636578,-4.504220782364441,475.154,548.296,3.9629260187957045,0.01923643934624965,-0.05381923614665095,0.5549572698342318,-1.0701211704036382,0.3540999999999883,0.2687007009048834,final_approach,0.008190401960252558,1.622105895703168,-5.690207666292032,
659.717,63.94889672,-22.60555122,621.06,551.05,0.027,-2.4374,0.3767,-0.0115,-0.0705,0.0272,66.009,70.907,-5.9424,119.6582,-2.1871,0.0,0.0,0.0,-0.03,1619.4,0.0,4.0,157.0,0,659.717,0.028945146745883887,0.0875112327821724,-0.03,-0.0061167951699440115,0.6206379910077925,1.0,0.0,-1737.5306487774938,-4.57212508818264,474.55999999999995,547.55,3.964881232863939,0.01928905623559797,-0.05467217276765181,0.5476401949913509,-1.0671296359941778,0.35669999999998936,0.26790972809533975,final_approach,0.010140382920642566,1.620549734654876,-5.693994021752783,
659.817,63.94892944,-22.60555258,620.465,550.479,0.0258,-2.4444,0.3795,-0.0111,-0.0705,0.0302,66.035,70.931,-5.947,119.699,-2.1817,0.0,0.0,0.0,-0.03,1619.2,0.0,4.0,157.0,0,659.817,0.02893782589542021,0.087618295352512,-0.03,-0.006164748444164259,0.6205061123988324,1.0,0.0,-1733.8831531509315,-4.640029783302171,473.96500000000003,546.979,3.9668370552785253,0.019333917553974837,-0.05552642611880271,0.540262085062831,-1.0641888630005099,0.35949999999999704,0.26719066190484553,final_approach,0.012098992990825508,1.6190822794996294,-5.697793447793607,
659.917,63.94896218,-22.60555393,619.87,549.793,0.0248,-2.4514,0.3827,-0.0099,-0.0704,0.0331,66.062,70.956,-5.9515,119.7397,-2.1763,0.0,0.0,0.0,-0.03,1618.9,0.0,4.0,157.0,0,659.917,0.02892518458023191,0.08773144288817704,-0.03,-0.006219550407708163,0.6203730326030611,1.0,0.0,-1730.2334278183937,-4.707445319177319,473.37,546.293,3.9688039707529423,0.019389790419006743,-0.05637615014068941,0.5328235964318843,-1.0612509579846972,0.3626999999999896,0.26744605627712764,final_approach,0.014058458321137834,1.6176203601351418,-5.701626411134242,
660.017,63.94899492,-22.60555528,619.275,549.102,0.0239,-2.4584,0.3861,-0.0083,-0.0703,0.0359,66.088,70.98,-5.9561,119.7803,-2.171,0.0,0.0,0.0,-0.03,1618.7,0.0,4.0,157.0,0,660.017,0.028912229703843162,0.08783755763606478,-0.03,-0.006277775397400487,0.6202390286093351,1.0,0.0,-1726.583702486648,-4.774860855226252,472.775,545.602,3.9707777928144323,0.019447862118321526,-0.057227171579387066,0.5253248006191709,-1.0583637290418153,0.36609999999998877,0.26676914207010727,final_approach,0.01602644500750472,1.6162468649833137,-5.705484910183728,
660.117,63.94902768,-22.60555663,618.679,548.372,0.0231,-2.4654,0.3898,-0.0064,-0.0703,0.0384,66.114,71.003,-5.9608,119.8207,-2.1658,0.0,0.0,0.0,-0.03,1618.5,0.0,4.0,156.9,0,660.117,0.02889899636209231,0.08794116966555546,-0.03,-0.0063411354086301275,0.6201043746699807,1.0,0.0,-1722.9317476191545,-4.842277169355948,472.179,544.872,3.9727544316551437,0.019500949833123303,-0.05807952984608698,0.5177657649658385,-1.0555279817593828,0.3697999999999979,0.2661537655183103,final_approach,0.018002997304304102,1.6149630685054817,-5.709361030986102,
660.217,63.94906044,-22.60555797,618.083,547.793,0.0226,-2.4724,0.3938,-0.0041,-0.0701,0.0405,66.14,71.027,-5.9654,119.8611,-2.1605,0.0,0.0,0.0,-0.03,1618.3,0.0,4.0,156.9,0,660.217,0.028875718349397395,0.08804610998969264,-0.03,-0.006409629784047466,0.6199687844337325,1.0,0.0,-1719.2797925814327,-4.909203546334559,471.58299999999997,544.293,3.9747380402964487,0.019556805929776967,-0.058927311413462045,0.5101471479412711,-1.0526463547372487,0.3737999999999886,0.26559433228936424,final_approach,0.019980252267949083,1.6136117466201192,-5.713262999034299,
660.317,63.94909322,-22.60555932,617.486,547.033,0.0223,-2.4793,0.3979,-0.0015,-0.0698,0.0422,66.166,71.051,-5.97,119.9013,-2.1553,0.0,0.0,0.0,-0.03,1618.0,0.0,3.99,156.9,0,660.317,0.028849750588389234,0.0881503978878604,-0.03,-0.006479833321744399,0.6198325347152326,1.0,0.0,-1715.6256081789838,-4.976620638892863,470.986,543.533,3.9767245184877744,0.019608135260356204,-0.05978231391624074,0.5024684260565078,-1.0498161520576446,0.377900000000011,0.265085756626686,final_approach,0.021973807263556466,1.6123615986557205,-5.717182830739205,
660.417,63.94912601,-22.60556065,616.889,546.374,0.0223,-2.4863,0.4022,0.001,-0.0696,0.0435,66.192,71.075,-5.9747,119.9414,-2.15,0.0,0.0,0.0,-0.03,1617.8,0.0,3.99,156.9,0,660.417,0.02881347675063889,0.08825243709259181,-0.03,-0.0065534579067114684,0.6196951885378781,1.0,0.0,-1711.9703086678087,-5.0430582459284246,470.389,542.874,3.978720175365386,0.01966620751298172,-0.06062686646719595,0.4947308446562647,-1.046940943110343,0.38220000000001164,0.2646234151151603,final_approach,0.023960247824227565,1.6110335485400462,-5.721133078144465,
660.517,63.94915881,-22.60556199,616.291,545.802,0.0225,-2.4931,0.4066,0.0032,-0.0692,0.0444,66.218,71.098,-5.9794,119.9814,-2.1446,0.0,0.0,0.0,-0.03,1617.6,0.0,3.99,156.8,0,660.517,0.028770598801408587,0.08835376388459917,-0.03,-0.0066287909236658615,0.6195573201550273,1.0,0.0,-1708.313894560176,-5.10998617941613,469.79100000000005,542.302,3.980716615876871,0.019715907113292637,-0.06147862899627978,0.48693387894111406,-1.0440207655982476,0.3865999999999872,0.26420310465014984,final_approach,0.025962892488692546,1.6096624935549464,-5.725097207112672,
660.617,63.94919162,-22.60556332,615.693,545.132,0.0229,-2.5,0.411,0.0053,-0.0687,0.0448,66.244,71.122,-5.9841,120.0213,-2.1392,0.0,0.0,0.0,-0.03,1617.3,0.0,3.99,156.8,0,660.617,0.028722443598509617,0.08845469192728644,-0.03,-0.0067041200862960615,0.6194183411537098,1.0,0.0,-1704.6563655140453,-5.17642456470624,469.193,541.632,3.9827223092886923,0.01977274494744912,-0.0623258207278986,0.47907818393852764,-1.041103379796425,0.39099999999999113,0.26382100422742705,final_approach,0.027966151150462082,1.6082965041290826,-5.7290921181545045,
660.717,63.94922444,-22.60556465,615.094,544.458,0.0235,-2.5068,0.4155,0.0071,-0.0683,0.0447,66.269,71.145,-5.9887,120.0611,-2.1338,0.0,0.0,0.0,-0.03,1617.1,0.0,3.99,156.8,0,660.717,0.028669341319474018,0.08855242314867637,-0.03,-0.006781157243109348,0.6192788316700679,1.0,0.0,-1700.9977217004368,-5.242863339123622,468.59400000000005,540.958,3.9847288317780034,0.019821491605058677,-0.06317433524570945,0.4711638231341598,-1.0381887756568347,0.3954999999999984,0.26256454929766093,final_approach,0.029977778826332013,1.606947154226205,-5.7331011171586965,
660.817,63.94925727,-22.60556597,614.495,543.801,0.0243,-2.5136,0.42,0.0086,-0.0678,0.0443,66.295,71.169,-5.9934,120.1007,-2.1282,0.0,0.0,0.0,-0.03,1616.8,0.0,3.99,156.8,0,660.817,0.028607146263408323,0.0886523032785995,-0.03,-0.00685819027600254,0.6191381971534122,1.0,0.0,-1697.3379629491224,-5.308812565343135,467.995,540.301,3.9867446827417026,0.019877661277046738,-0.06401826812009478,0.4631914502450346,-1.03518240539114,0.4000000000000057,0.26233140845241026,final_approach,0.03198992509961229,1.605461423419996,-5.7371412708644485,
660.917,63.94929011,-22.60556729,613.895,543.066,0.0252,-2.5203,0.4244,0.0097,-0.0674,0.0435,66.321,71.192,-5.998,120.1402,-2.1225,0.0,0.0,0.0,-0.03,1616.6,0.0,3.99,156.7,0,660.917,0.028540826410637266,0.08875331774317072,-0.03,-0.006933507431413188,0.6189970237300468,1.0,0.0,-1693.677089429538,-5.374762180690195,467.395,539.566,3.9887614087113015,0.019925927680203015,-0.06486352198803932,0.4551611265454121,-1.0321311778666598,0.40440000000000964,0.2621194622294551,final_approach,0.03401035715475942,1.6039210123124583,-5.741195722367049,
661.017,63.94932297,-22.60556861,613.295,542.339,0.0262,-2.527,0.4287,0.0103,-0.0669,0.0424,66.346,71.215,-6.0025,120.1795,-2.1168,0.0,0.0,0.0,-0.03,1616.4,0.0,3.98,156.7,0,661.017,0.028472366330455356,0.08885164599764421,-0.03,-0.007007108938998474,0.6188545576603666,1.0,0.0,-1690.0139863757904,-5.440712574291526,466.79499999999996,538.839,3.990789713830891,0.019985448266151302,-0.06571012064359033,0.44707291072589983,-1.029083629271753,0.4087000000000103,0.26101769293586824,final_approach,0.03603909964625274,1.6023984887508789,-5.745286097984504,
661.117,63.94935583,-22.60556993,612.695,541.79,0.0273,-2.5336,0.4329,0.0104,-0.0666,0.0412,66.372,71.239,-6.0071,120.2188,-2.111,0.0,0.0,0.0,-0.03,1616.1,0.0,3.98,156.7,0,661.117,0.028399775987682396,0.08895195958003592,-0.03,-0.007078995027995916,0.6187110935135062,1.0,0.0,-1686.3508833212509,-5.506662968067195,466.19500000000005,538.29,3.992825308349913,0.020047197753498835,-0.0665580276896181,0.43892686492119243,-1.0259904225914056,0.4129000000000076,0.2609251753962619,final_approach,0.03807609756275454,1.6008200392583944,-5.749403913567505,
661.217,63.94938871,-22.60557124,612.094,541.016,0.0283,-2.5402,0.4369,0.0102,-0.0662,0.0397,66.397,71.262,-6.0116,120.2579,-2.105,0.0,0.0,0.0,-0.03,1615.9,0.0,3.98,156.6,0,661.217,0.028326310099028584,0.08904935731883551,-0.03,-0.007147454484341953,0.6185669195994598,1.0,0.0,-1682.6855505615272,-5.5721242025982045,465.59400000000005,537.516,3.9948640484748723,0.02010389833618043,-0.06740136094187917,0.4307236392772653,-1.0228056403412609,0.41689999999999827,0.2599319776329654,final_approach,0.0401135301980986,1.5991053491203502,-5.753540874441569,
661.317,63.94942159,-22.60557254,611.492,540.353,0.0293,-2.5467,0.4408,0.0095,-0.0659,0.0383,66.423,71.285,-6.016,120.2969,-2.099,0.0,0.0,0.0,-0.03,1615.6,0.0,3.98,156.6,0,661.317,0.028253079218191035,0.08915199708265044,-0.03,-0.00721419914836241,0.6184223432211432,1.0,0.0,-1679.0202176307835,-5.637095499978406,464.99199999999996,536.853,3.996901578994725,0.020149132813237186,-0.06824006940425517,0.42246388687258035,-1.0196237529868029,0.42080000000001405,0.2599381614845052,final_approach,0.0421512565633968,1.5973953876986293,-5.757688150975159,
661.417,63.94945449,-22.60557385,610.89,539.634,0.0302,-2.5533,0.4446,0.0086,-0.0656,0.0368,66.448,71.308,-6.0205,120.3357,-2.093,0.0,0.0,0.0,-0.03,1615.3,0.0,3.98,156.6,0,661.417,0.028183446362568088,0.08924848600938412,-0.03,-0.007279229241911156,0.6182764406279392,1.0,0.0,-1675.3526553361046,-5.702557512763962,464.39,536.134,3.998950865126477,0.020206420897283608,-0.06908605540285051,0.4141470683760515,-1.0164455776985335,0.4245999999999981,0.2590346922586282,final_approach,0.04420501363244611,1.5957148964785794,-5.761872221888385,
661.517,63.94948739,-22.60557515,610.288,539.044,0.0311,-2.5598,0.4482,0.0073,-0.0653,0.0355,66.473,71.331,-6.0249,120.3745,-2.0868,0.0,0.0,0.0,-0.03,1615.1,0.0,3.98,156.6,0,661.517,0.02811017286195594,0.0893464369577807,-0.03,-0.007340833788174184,0.6181295130555743,1.0,0.0,-1671.6850928704052,-5.767529588398711,463.788,535.544,4.00100757882826,0.020266540250708075,-0.0699274143459509,0.4057738367135343,-1.0131742778379191,0.4282000000000039,0.2582133565987529,final_approach,0.04625904850674445,1.5938956020585593,-5.7660844208013415,
661.617,63.94952031,-22.60557644,609.685,538.351,0.0317,-2.5663,0.4517,0.0059,-0.0651,0.0342,66.498,71.353,-6.0293,120.4131,-2.0807,0.0,0.0,0.0,-0.03,1614.8,0.0,3.98,156.5,0,661.617,0.028047144779553057,0.08944388721927234,-0.03,-0.007400724358720634,0.6179818541425504,1.0,0.0,-1668.0153006995222,-5.8320125049628615,463.18499999999995,534.851,4.003067555788864,0.02032207847659986,-0.07076417830522432,0.39734483942730775,-1.00995429201879,0.4317000000000064,0.25746668781707394,final_approach,0.04831333022731954,1.5921533306042157,-5.770316309326006,
661.717,63.94955324,-22.60557773,609.082,537.637,0.0323,-2.5727,0.455,0.0045,-0.0648,0.0331,66.523,71.376,-6.0336,120.4516,-2.0745,0.0,0.0,0.0,-0.03,1614.6,0.0,3.98,156.5,0,661.717,0.027982724588900554,0.08954288794059014,-0.03,-0.007457190118280277,0.6178329972636644,1.0,0.0,-1664.3443937603693,-5.896495810654561,462.582,534.137,4.005137240440349,0.02038453981630659,-0.0716022654978351,0.38886013007943127,-1.0066896293783998,0.4350000000000023,0.25678789801550883,final_approach,0.050375647338167795,1.5903562549532815,-5.774581238381916,
661.817,63.94958618,-22.60557902,608.478,536.997,0.0327,-2.5791,0.4583,0.003,-0.0644,0.0322,66.548,71.399,-6.038,120.4899,-2.0682,0.0,0.0,0.0,-0.03,1614.3,0.0,3.97,156.5,0,661.817,0.027922316523035395,0.08963951041989117,-0.03,-0.007513653439713219,0.6176835562637385,1.0,0.0,-1660.6723720545308,-5.960979505473257,461.97799999999995,533.497,4.007208043548109,0.02043845502652226,-0.0724416796086698,0.38031976168496423,-1.0033811403580444,0.43829999999999814,0.2561708163777353,final_approach,0.05244599864277433,1.5885056408361535,-5.778861599935155,
661.917,63.94961913,-22.6055803,607.874,536.259,0.0329,-2.5855,0.4615,0.0014,-0.0642,0.0315,66.573,71.421,-6.0423,120.5282,-2.062,0.0,0.0,0.0,-0.03,1614.0,0.0,3.97,156.5,0,661.917,0.027869331606382164,0.08973769389895848,-0.03,-0.007568403405591728,0.6175329014031139,1.0,0.0,-1656.9992354094022,-6.024973652094635,461.374,532.759,4.009288636632928,0.020499700996799253,-0.0732764656675996,0.37172438257925244,-1.0001222707801105,0.4414999999999907,0.25560983307065555,final_approach,0.05451646779907904,1.586729327819718,-5.783175410388619,
662.017,63.94965209,-22.60558158,607.27,535.613,0.033,-2.5919,0.4646,-0.0001,-0.064,0.0311,66.598,71.444,-6.0465,120.5663,-2.0558,0.0,0.0,0.0,-0.03,1613.8,0.0,3.97,156.4,0,662.017,0.027819544784272898,0.0898374411855005,-0.03,-0.007621440216458386,0.6173810213997144,1.0,0.0,-1653.3249839975879,-6.088968187843011,460.77,532.113,4.011379076594411,0.020567150766469058,-0.07411257675331635,0.36307404362865464,-0.9968670854845811,0.4446000000000083,0.2550998482460505,final_approach,0.05659488955529568,1.584970369980244,-5.787522963379324,
662.117,63.94968506,-22.60558286,606.665,535.006,0.0329,-2.5982,0.4677,-0.0013,-0.064,0.0308,66.622,71.466,-6.0508,120.6043,-2.0496,0.0,0.0,0.0,-0.03,1613.5,0.0,3.97,156.4,0,662.117,0.027775587882186925,0.0899309971040358,-0.03,-0.007674474828550437,0.6172285396443149,1.0,0.0,-1649.6496178182958,-6.152963112718658,460.16499999999996,531.506,4.013470727823566,0.020625377687319237,-0.07495001656500958,0.3543687951600661,-0.9936147576962355,0.44769999999999754,0.2537271347691575,final_approach,0.05868126303465715,1.5832275313312998,-5.791886392986914,
662.217,63.94971804,-22.60558413,606.06,534.347,0.0327,-2.6046,0.4708,-0.0023,-0.0638,0.0308,66.647,71.489,-6.0551,120.6422,-2.0434,0.0,0.0,0.0,-0.03,1613.2,0.0,3.97,156.4,0,662.217,0.027734455738348374,0.09002819773552354,-0.03,-0.007727507226623076,0.6170748163924252,1.0,0.0,-1645.9731367005056,-6.216468489570772,459.55999999999995,530.847,4.0155723101753855,0.02069045199246488,-0.07578281617077073,0.3456092842257868,-0.9903652766588493,0.45079999999998677,0.2533883043355977,final_approach,0.06076765366428205,1.5814889361025344,-5.796283984503891,
662.317,63.94975103,-22.6055854,605.454,533.624,0.0325,-2.6109,0.4739,-0.0031,-0.0636,0.031,66.671,71.511,-6.0594,120.68,-2.0373,0.0,0.0,0.0,-0.03,1613.0,0.0,3.97,156.3,0,662.317,0.027695678770051357,0.09012108615931111,-0.03,-0.0077805373954333845,0.6169204815329216,1.0,0.0,-1642.2955408152377,-6.279974255376098,458.95399999999995,530.124,4.017675156416987,0.020746787063055043,-0.07661694258552304,0.3367955590198132,-0.9871660955615766,0.4539000000000044,0.25217118575963016,final_approach,0.06286191483224712,1.5798372598666148,-5.800697696717599,
662.417,63.94978403,-22.60558667,604.848,532.978,0.0321,-2.6172,0.477,-0.0039,-0.0635,0.0313,66.696,71.533,-6.0636,120.7176,-2.0311,0.0,0.0,0.0,-0.03,1612.7,0.0,3.97,156.3,0,662.417,0.027660832483158704,0.0902193612226855,-0.03,-0.007833565319738556,0.6167648885989968,1.0,0.0,-1638.6168301632842,-6.343480410482482,458.34799999999996,529.478,4.019788018548408,0.02081042610491457,-0.07745239952698138,0.32792766720371364,-0.983923059478343,0.45699999999999363,0.2519738052360145,final_approach,0.06496404598453509,1.578131756521362,-5.805145995332126,
662.517,63.94981704,-22.60558793,604.241,532.308,0.0317,-2.6235,0.4802,-0.0043,-0.0633,0.0318,66.721,71.556,-6.0679,120.7551,-2.025,0.0,0.0,0.0,-0.03,1612.4,0.0,3.96,156.3,0,662.517,0.02762800939607457,0.09031530913891984,-0.03,-0.00788830145181274,0.6166086739717058,1.0,0.0,-1634.9370045720405,-6.406497017217487,457.741,528.808,4.021902198502662,0.020865655011184495,-0.07828320401455491,0.3190062545782437,-0.9807302668079956,0.4601999999999862,0.2517943683963768,final_approach,0.06706609420131926,1.576501202955125,-5.809610664322278,
662.617,63.94985006,-22.60558918,603.634,531.523,0.0313,-2.6298,0.4834,-0.0045,-0.0632,0.0324,66.745,71.578,-6.0721,120.7925,-2.019,0.0,0.0,0.0,-0.03,1612.1,0.0,3.96,156.3,0,662.617,0.02759719999486132,0.09040918108148559,-0.03,-0.007943035159240552,0.616451184361115,1.0,0.0,-1631.2560640422987,-6.4690240759289575,457.134,528.023,4.0240264810384305,0.020928516735604218,-0.0791093456836887,0.31003196582795556,-0.9775876631229323,0.46340000000000714,0.25072215308763596,final_approach,0.0691679729531991,1.574945393002146,-5.814110352343366,
662.717,63.94988309,-22.60559044,603.026,530.934,0.0309,-2.6361,0.4866,-0.0045,-0.0632,0.033,66.769,71.6,-6.0764,120.8298,-2.013,0.0,0.0,0.0,-0.03,1611.9,0.0,3.96,156.2,0,662.717,0.027567141876819745,0.09050080489713037,-0.03,-0.007997766425262731,0.6162930628389384,1.0,0.0,-1627.5740089168914,-6.532041461092293,456.52599999999995,527.434,4.026152135276319,0.02098318767614978,-0.07994280636123706,0.3010042453057366,-0.9744477888805534,0.4665999999999997,0.24974741189784674,final_approach,0.07128552562691581,1.5734170657526079,-5.818626663199979,
662.817,63.94991613,-22.60559169,602.419,530.276,0.0304,-2.6423,0.49,-0.0043,-0.063,0.0337,66.794,71.622,-6.0806,120.8669,-2.007,0.0,0.0,0.0,-0.03,1611.6,0.0,3.96,156.2,0,662.817,0.027539895298866024,0.09059804299099132,-0.03,-0.008055915701613015,0.616132990765885,1.0,0.0,-1623.8908388529865,-6.594569298058033,455.919,526.776,4.028296786161154,0.021060407871516147,-0.0807716022459407,0.291923737596788,-0.9713114207173135,0.46999999999999886,0.24977037445257502,final_approach,0.07340289606244355,1.5718936789091167,-5.823197228164176,
662.917,63.94994919,-22.60559293,601.81,529.583,0.03,-2.6486,0.4934,-0.0039,-0.0628,0.0344,66.818,71.643,-6.0849,120.9039,-2.001,0.0,0.0,0.0,-0.03,1611.3,0.0,3.96,156.2,0,662.917,0.027510101158883582,0.0906891596705401,-0.03,-0.008114062182832726,0.6159727606460268,1.0,0.0,-1620.2054390831054,-6.6566079759534516,455.30999999999995,526.083,4.030436348652649,0.021116277378754027,-0.08159574713380298,0.28279108375808304,-0.9681777557752866,0.47339999999999804,0.2488821585932459,final_approach,0.07552002996018103,1.570373951303985,-5.827770839895887,
663.017,63.94998225,-22.60559417,601.201,528.895,0.0297,-2.6548,0.4968,-0.0034,-0.0627,0.035,66.842,71.665,-6.0892,120.9408,-1.995,0.0,0.0,0.0,-0.03,1611.0,0.0,3.96,156.2,0,663.017,0.027478075073520125,0.09078008654159003,-0.03,-0.008172205848828162,0.6158113904909115,1.0,0.0,-1616.5200393132245,-6.71864665384887,454.701,525.395,4.032583921725269,0.02117618626999482,-0.08242119261531161,0.27360632755068953,-0.9650467838285124,0.4767999999999972,0.2480746896302194,final_approach,0.07764476084861016,1.5688695794391805,-5.832375513696704,
663.117,63.95001532,-22.60559541,600.592,528.238,0.0293,-2.661,0.5004,-0.0028,-0.0625,0.0356,66.866,71.687,-6.0934,120.9776,-1.9891,0.0,0.0,0.0,-0.03,1610.7,0.0,3.96,156.1,0,663.117,0.027451016153272056,0.09087269900546523,-0.03,-0.00823376663964559,0.6156486983986807,1.0,0.0,-1612.8335247758655,-6.780685720871562,454.092,524.738,4.034741835076368,0.02124334414349756,-0.08324796643409874,0.26436950981545243,-0.9619658425289117,0.48040000000000305,0.24734062693658376,final_approach,0.07977712058174546,1.5674513854726655,-5.837016409455352,
663.217,63.9500484,-22.60559665,599.983,527.471,0.0291,-2.6672,0.5039,-0.0021,-0.0623,0.0361,66.89,71.709,-6.0977,121.0142,-1.9832,0.0,0.0,0.0,-0.03,1610.4,0.0,3.95,156.1,0,663.217,0.0274190998461602,0.09096344147308191,-0.03,-0.008293614338373168,0.6154846719188249,1.0,0.0,-1609.145895471029,-6.842725177021527,453.48299999999995,523.971,4.036910150673597,0.021316646114961344,-0.08407607233308448,0.25508067088275704,-0.9588883210096526,0.48390000000000555,0.246673297215072,final_approach,0.08191710945995467,1.566049686183053,-5.841693848864164,
663.317,63.95008149,-22.60559788,599.373,526.74,0.0289,-2.6734,0.5076,-0.0013,-0.0621,0.0366,66.914,71.73,-6.102,121.0506,-1.9773,0.0,0.0,0.0,-0.03,1610.1,0.0,3.95,156.1,0,663.317,0.027387323972588418,0.09105376227496753,-0.03,-0.008356878589823924,0.6153199742857515,1.0,0.0,-1605.4571512276946,-6.904275085147958,452.87300000000005,523.24,4.039080042066209,0.021380357416821094,-0.0848994894927136,0.24574045303054104,-0.9558142009455537,0.48759999999998627,0.24606663383187952,final_approach,0.08405672517401186,1.5646524905339874,-5.8463888943794196,
663.417,63.9501146,-22.60559911,598.762,526.104,0.0288,-2.6796,0.5112,-0.0006,-0.0619,0.0369,66.938,71.752,-6.1063,121.087,-1.9713,0.0,0.0,0.0,-0.03,1609.8,0.0,3.95,156.0,0,663.417,0.027351415086343478,0.09114375422433117,-0.03,-0.008418429701504526,0.615154427915653,1.0,0.0,-1601.7661774501967,-6.965825771354599,452.26199999999994,522.604,4.041253822864556,0.0214399325112615,-0.08572426202312074,0.2363488919847917,-0.9526946183987377,0.4911999999999921,0.24551512166534087,final_approach,0.08620392398144361,1.563198635322113,-5.85110659063141,
663.517,63.95014771,-22.60560033,598.151,525.447,0.0288,-2.6857,0.5149,0.0001,-0.0617,0.0371,66.962,71.773,-6.1106,121.1232,-1.9654,0.0,0.0,0.0,-0.03,1609.5,0.0,3.95,156.0,0,663.517,0.027314871163041765,0.09123358917674629,-0.03,-0.008481687154321516,0.6149876978421763,1.0,0.0,-1598.0752035008861,-7.026886520410706,451.65099999999995,521.947,4.043435832133709,0.021503292541305268,-0.08654430913762774,0.22690663143107748,-0.9496257312478349,0.49490000000000123,0.24501374696848757,final_approach,0.08835062444929775,1.5618198081499415,-5.855856458437287,
663.617,63.95018083,-22.60560155,597.54,524.825,0.0289,-2.6918,0.5187,0.0007,-0.0615,0.0372,66.985,71.794,-6.1149,121.1592,-1.9595,0.0,0.0,0.0,-0.03,1609.2,0.0,3.95,156.0,0,663.617,0.027276135464789575,0.09131999732903016,-0.03,-0.008546650640907982,0.6148195967156054,1.0,0.0,-1594.38311478489,-7.087947658419751,451.03999999999996,521.325,4.045628428816351,0.02157373825549427,-0.08736568425280578,0.21741370756770195,-0.9465602018340746,0.4987000000000137,0.24364886088045876,final_approach,0.09050479502225173,1.5604571476526985,-5.860643802700821,
663.717,63.95021396,-22.60560277,596.928,523.984,0.029,-2.6979,0.5224,0.0013,-0.0613,0.0371,67.009,71.815,-6.1192,121.1952,-1.9535,0.0,0.0,0.0,-0.03,1608.9,0.0,3.95,156.0,0,663.717,0.02723592818272097,0.091409401134396,-0.03,-0.008609901003935327,0.6146508017123278,1.0,0.0,-1590.6899113014163,-7.14900918573013,450.428,520.484,4.047822720285794,0.02163526766198208,-0.08818839113085725,0.20787015609605505,-0.9434492249608013,0.5023999999999944,0.24331714625495837,final_approach,0.09266643654479267,1.559037680726501,-5.865449312604021,
663.817,63.9502471,-22.60560398,596.316,523.416,0.0291,-2.704,0.5261,0.0019,-0.0612,0.037,67.032,71.837,-6.1235,121.2309,-1.9475,0.0,0.0,0.0,-0.03,1608.6,0.0,3.95,155.9,0,663.817,0.027195894243107532,0.09149544940378941,-0.03,-0.008673147830184802,0.6144806168149254,1.0,0.0,-1586.9955928794445,-7.2095811648429144,449.81600000000003,519.916,4.05002769420062,0.021704346243027552,-0.08900638499915065,0.19827661707581762,-0.9403423673735745,0.5061000000000035,0.24210649659540842,final_approach,0.09482751544869217,1.557623507388417,-5.870292777547039,
663.917,63.95028025,-22.60560519,595.703,522.666,0.0293,-2.7101,0.5298,0.0024,-0.061,0.0367,67.056,71.858,-6.1278,121.2666,-1.9415,0.0,0.0,0.0,-0.03,1608.3,0.0,3.95,155.9,0,663.917,0.027153616147411963,0.09158444560780664,-0.03,-0.008736391093794982,0.6143097263025038,1.0,0.0,-1583.3001596899949,-7.270153532908911,449.203,519.166,4.052234424273888,0.02176483865796989,-0.08982570854402663,0.18863312416449338,-0.937237333650728,0.5098000000000127,0.2419149969049126,final_approach,0.09699598630659878,1.5562230899846128,-5.875154696858175,
664.017,63.95031341,-22.60560639,595.09,522.025,0.0296,-2.7161,0.5334,0.0026,-0.0608,0.0364,67.079,71.879,-6.1321,121.3021,-1.9355,0.0,0.0,0.0,-0.03,1608.0,0.0,3.94,155.9,0,664.017,0.027108841883929646,0.09167015698188412,-0.03,-0.00879792163590598,0.6141374267584561,1.0,0.0,-1579.603611562047,-7.330236352951374,448.59000000000003,518.525,4.054451932887081,0.021833213236961344,-0.09064030735118803,0.17894031634882407,-0.9341356291515694,0.5133999999999901,0.24083181536809412,final_approach,0.09916380298991356,1.5548266487545241,-5.880055056675925,
664.117,63.95034659,-22.60560759,594.477,521.276,0.0299,-2.7222,0.5371,0.0027,-0.0606,0.0361,67.102,71.9,-6.1364,121.3375,-1.9294,0.0,0.0,0.0,-0.03,1607.7,0.0,3.94,155.9,0,664.117,0.027062638664283656,0.09175599119824387,-0.03,-0.008861157794695984,0.6139635220190875,1.0,0.0,-1575.9048338991438,-7.390319951422442,447.977,517.776,4.0566826265326945,0.021912167106827484,-0.09145626055756018,0.16919822257191416,-0.9309892767068959,0.5170999999999992,0.239847104880114,final_approach,0.10133896859178648,1.5533744091988702,-5.884999396656372,
664.217,63.95037977,-22.60560879,593.863,520.618,0.0302,-2.7282,0.5406,0.0027,-0.0604,0.0357,67.126,71.92,-6.1407,121.3727,-1.9234,0.0,0.0,0.0,-0.03,1607.4,0.0,3.94,155.8,0,664.217,0.027018755003796135,0.09184461349489782,-0.03,-0.008920972433447583,0.6137890716285387,1.0,0.0,-1572.2060562370327,-7.450403549719175,447.36300000000006,517.118,4.058912852654312,0.0219771827917177,-0.09227351847816795,0.15940687664885542,-0.9278934444626827,0.5206000000000017,0.23986100443646313,final_approach,0.1035214137740077,1.5520085757080366,-5.889957565502225,
664.317,63.95041296,-22.60560999,593.249,520.009,0.0304,-2.7341,0.5442,0.0026,-0.0602,0.0353,67.149,71.941,-6.145,121.4078,-1.9173,0.0,0.0,0.0,-0.03,1607.0,0.0,3.94,155.8,0,664.317,0.026976073085017538,0.09193005678110196,-0.03,-0.008982492641263273,0.6136131791449153,1.0,0.0,-1568.5061638066518,-7.510487537143455,446.749,516.509,4.061154021294901,0.022049600060745914,-0.09309211152008232,0.14956630924134875,-0.9247529661487874,0.5242000000000075,0.2389645494876855,final_approach,0.10571117503719663,1.5505868967751262,-5.8949550168184,
664.417,63.95044615,-22.60561118,592.634,519.204,0.0307,-2.7401,0.5477,0.0026,-0.06,0.0349,67.172,71.962,-6.1493,121.4427,-1.9112,0.0,0.0,0.0,-0.03,1606.7,0.0,3.94,155.8,0,664.417,0.026930898549325955,0.09201510127467886,-0.03,-0.009042300606423304,0.6134367328344469,1.0,0.0,-1564.8062712060428,-7.570081587242593,446.134,515.704,4.063394764075872,0.02210923801890496,-0.09390593839259566,0.1396771610379491,-0.9216157823484252,0.52770000000001,0.2381495904433422,final_approach,0.1079001443584815,1.5491689357259517,-5.899966488318206,
664.517,63.95047936,-22.60561236,592.019,518.634,0.031,-2.7461,0.5512,0.0024,-0.0599,0.0345,67.194,71.982,-6.1536,121.4775,-1.905,0.0,0.0,0.0,-0.03,1606.4,0.0,3.94,155.7,0,664.517,0.02688398242393092,0.09209718226323789,-0.03,-0.009102105248666836,0.6132586394191818,1.0,0.0,-1561.1041488986657,-7.629186478271684,445.519,515.134,4.065648902321751,0.022181262092218927,-0.09471504305142582,0.1297400661960111,-0.9184339810934432,0.5312000000000126,0.23649962767576616,final_approach,0.11008830793688773,1.5476830226503147,-5.905023003612094,
664.617,63.95051258,-22.60561354,591.403,517.869,0.0312,-2.752,0.5546,0.002,-0.0597,0.0342,67.217,72.003,-6.1579,121.5122,-1.8989,0.0,0.0,0.0,-0.03,1606.1,0.0,3.94,155.7,0,664.617,0.026841965305559934,0.0921821071781964,-0.03,-0.0091601979842455,0.6130797935025109,1.0,0.0,-1557.4009118246026,-7.688291758601834,444.903,514.369,4.067905038529177,0.02224461208922889,-0.0955254747313708,0.11975505183556308,-0.9153018741928918,0.5346000000000117,0.23590875243253018,final_approach,0.11228362963842287,1.546282103869764,-5.910099131792116,
664.717,63.95054581,-22.60561472,590.787,517.251,0.0314,-2.7579,0.558,0.0016,-0.0595,0.0339,67.24,72.023,-6.1622,121.5468,-1.8927,0.0,0.0,0.0,-0.03,1605.7,0.0,3.93,155.7,0,664.717,0.026798516630659353,0.09226710139130355,-0.03,-0.009218287543400261,0.6128994650679259,1.0,0.0,-1553.6965599830623,-7.747397427885195,444.28700000000003,513.751,4.0701723187048495,0.022315977033811017,-0.09633723721552635,0.10972214460788962,-0.9121251567553657,0.5380000000000109,0.2353715931204737,final_approach,0.11448611134926168,1.5448251544028402,-5.915215564145772,
664.817,63.95057905,-22.6056159,590.171,516.477,0.0315,-2.7638,0.5614,0.0013,-0.0593,0.0336,67.263,72.044,-6.1665,121.5811,-1.8866,0.0,0.0,0.0,-0.03,1605.4,0.0,3.93,155.7,0,664.817,0.02676000785980498,0.09235217273059756,-0.03,-0.009276373906092372,0.6127176399477654,1.0,0.0,-1549.991093374044,-7.806503486469892,443.67100000000005,512.977,4.0724508119212395,0.02239413622215824,-0.09715033430973773,0.09964137069488725,-0.9089995492601304,0.5414000000000101,0.23488326647316257,final_approach,0.11669575503734109,1.5434553260145059,-5.920372663031191,
664.917,63.95061229,-22.60561707,589.554,515.864,0.0316,-2.7697,0.5648,0.001,-0.0592,0.0334,67.286,72.064,-6.1708,121.6154,-1.8804,0.0,0.0,0.0,-0.03,1605.1,0.0,3.93,155.6,0,664.917,0.02671971690546332,0.09243686915269642,-0.03,-0.009334457052286527,0.6125352304319597,1.0,0.0,-1546.2856265940054,-7.86511960772972,443.054,512.364,4.074729034139945,0.022458817216306368,-0.09795863917666173,0.0895133688749025,-0.9058285985372265,0.5448000000000093,0.23443933315741225,final_approach,0.11890441930087547,1.5420161974894206,-5.925544526828542,
665.017,63.95064555,-22.60561824,588.936,515.12,0.0317,-2.7756,0.5681,0.0007,-0.059,0.0333,67.308,72.084,-6.1751,121.6495,-1.8742,0.0,0.0,0.0,-0.03,1604.7,0.0,3.93,155.6,0,665.017,0.02667986441031278,0.09251840496194783,-0.03,-0.00939082877569708,0.6123518518232528,1.0,0.0,-1542.5779302798037,-7.923736507069757,442.43600000000004,511.62,4.077011771720467,0.02252024364779129,-0.09876830481642886,0.07933816049700762,-0.9026608814585586,0.5481000000000051,0.23312666650673894,final_approach,0.12112020527338174,1.5405925311489739,-5.930742044337052,
665.117,63.95067882,-22.6056194,588.319,514.374,0.0318,-2.7814,0.5714,0.0004,-0.059,0.0333,67.331,72.104,-6.1794,121.6835,-1.868,0.0,0.0,0.0,-0.03,1604.4,0.0,3.93,155.6,0,665.117,0.02664010186331811,0.09260340894421429,-0.03,-0.009447197431848409,0.6121662058950772,1.0,0.0,-1538.8691190263112,-7.981863858386535,441.81899999999996,510.874,4.079315063206009,0.022605688849066018,-0.09957319476585,0.06911638048544189,-0.8994956570572015,0.551400000000001,0.23284242409705092,final_approach,0.1233349593331603,1.5391710251155395,-5.936001967580616,
665.217,63.95071209,-22.60562056,587.7,513.769,0.0318,-2.7873,0.5748,0.0002,-0.0588,0.0332,67.353,72.124,-6.1837,121.7173,-1.8619,0.0,0.0,0.0,-0.03,1604.1,0.0,3.93,155.6,0,665.217,0.02660521659467907,0.09268475677115,-0.03,-0.009505271001661986,0.6119807016723634,1.0,0.0,-1535.1603077728191,-8.039991209703315,441.20000000000005,510.269,4.081608967460775,0.022661247798830903,-0.10037938564803625,0.058848053985684455,-0.8963806971518977,0.5548000000000002,0.2316749309973066,final_approach,0.12555668157136068,1.5378350930651976,-5.941256014289735,
665.317,63.95074537,-22.60562171,587.082,513.012,0.0318,-2.7931,0.5781,0.0001,-0.0586,0.0333,67.375,72.144,-6.188,121.751,-1.8557,0.0,0.0,0.0,-0.03,1603.7,0.0,3.93,155.5,0,665.317,0.026568572491684705,0.09276663374712904,-0.03,-0.00956163337402316,0.6117929030268889,1.0,0.0,-1531.450381581621,-8.097629012996281,440.582,509.51199999999994,4.083923555941526,0.022742020633610523,-0.10118078827737534,0.04853381497799229,-0.893221129866987,0.558099999999996,0.2306135736339156,final_approach,0.12777728076154915,1.5364307431654858,-5.946573155456896,
665.417,63.95077867,-22.60562287,586.463,512.328,0.0319,-2.7989,0.5814,-0.0,-0.0585,0.0333,67.398,72.164,-6.1924,121.7846,-1.8495,0.0,0.0,0.0,-0.03,1603.4,0.0,3.92,155.5,0,665.417,0.026530034654794643,0.09284953821898637,-0.03,-0.009617992623646932,0.611604095579871,1.0,0.0,-1527.7382260264878,-8.155757531694604,439.96299999999997,508.828,4.086242860403223,0.022817191297502395,-0.10198967481199427,0.03817306811353054,-0.8900640202107013,0.5613999999999919,0.23055779421264228,final_approach,0.1300129866333073,1.5350526399734257,-5.9519169462454045,
665.517,63.95081197,-22.60562401,585.843,511.66,0.0318,-2.8047,0.5847,-0.0002,-0.0585,0.0334,67.42,72.183,-6.1967,121.818,-1.8434,0.0,0.0,0.0,-0.03,1603.0,0.0,3.92,155.5,0,665.517,0.02649832808367375,0.09293098866941292,-0.03,-0.009674348732231497,0.611414669449947,1.0,0.0,-1524.026070129314,-8.21290617574319,439.34299999999996,508.16,4.088562068983754,0.02287967371547024,-0.10278760963368455,0.02776706358978128,-0.8869570930879149,0.5646999999999878,0.22959799473876621,final_approach,0.13223937801001284,1.5337356400218631,-5.957276325485932,
665.617,63.95084528,-22.60562516,585.223,511.038,0.0318,-2.8105,0.5881,-0.0004,-0.0584,0.0336,67.442,72.203,-6.201,121.8512,-1.8372,0.0,0.0,0.0,-0.03,1602.7,0.0,3.92,155.4,0,665.617,0.02646291511209542,0.09301261739209181,-0.03,-0.009732409297093736,0.6112236628121559,1.0,0.0,-1520.3127996348903,-8.270545146244194,438.72299999999996,507.538,4.090892903780436,0.022951119424030865,-0.1035930063269083,0.01731520607846735,-0.8838062713633406,0.568099999999987,0.22872544976252507,final_approach,0.13448077288749616,1.532375406396163,-5.9626784774078665,
665.717,63.9508786,-22.6056263,584.603,510.324,0.0318,-2.8163,0.5915,-0.0004,-0.0582,0.0338,67.464,72.223,-6.2054,121.8844,-1.8311,0.0,0.0,0.0,-0.03,1602.3,0.0,3.92,155.4,0,665.717,0.026429375417903966,0.09309269386358159,-0.03,-0.009790466488230898,0.6110310603836793,1.0,0.0,-1516.598414202761,-8.327694568721386,438.10299999999995,506.824,4.093235438991189,0.023030158204614102,-0.10439360027460884,0.006818128697409189,-0.8807041586073012,0.5714999999999861,0.2279322270568415,final_approach,0.1367209470921935,1.5310861807652998,-5.968123790837005,
665.817,63.95091193,-22.60562743,583.982,509.506,0.0318,-2.8221,0.5949,-0.0003,-0.0581,0.034,67.486,72.242,-6.2098,121.9173,-1.8249,0.0,0.0,0.0,-0.03,1602.0,0.0,3.92,155.4,0,665.817,0.026394129527653798,0.09317258876149928,-0.03,-0.009848520285636209,0.6108376176966093,1.0,0.0,-1512.8829138329254,-8.384354442826647,437.48199999999997,506.006,4.095580418847428,0.023100098264242055,-0.10518938034063821,-0.00372353643231506,-0.8775588552070417,0.5749000000000137,0.22721111550622006,final_approach,0.13895981449639905,1.5297303776067182,-5.973590873006035,
665.917,63.95094527,-22.60562857,583.361,508.894,0.0317,-2.8278,0.5983,-0.0003,-0.058,0.0342,67.508,72.262,-6.2141,121.9502,-1.8188,0.0,0.0,0.0,-0.03,1601.6,0.0,3.92,155.4,0,665.917,0.026363977372981295,0.09325442009897235,-0.03,-0.009906570669305004,0.6106425565503635,1.0,0.0,-1509.1662988658406,-8.441504643558385,436.861,505.394,4.097937209971046,0.023178067092897443,-0.10599263875284795,-0.014310388519494547,-0.8744622162202518,0.5783000000000129,0.22655555955109674,final_approach,0.1412136315641348,1.528469705594567,-5.979101684897287,
666.017,63.95097862,-22.6056297,582.739,508.183,0.0317,-2.8336,0.6017,-0.0002,-0.0579,0.0343,67.53,72.281,-6.2185,121.9829,-1.8127,0.0,0.0,0.0,-0.03,1601.2,0.0,3.92,155.3,0,666.017,0.026331316723720466,0.09333434249939464,-0.03,-0.00996461761923706,0.6104466403834333,1.0,0.0,-1505.4485689602575,-8.498165296092528,436.23900000000003,504.683,4.100296521089074,0.02324724110746106,-0.10679108095467815,-0.024941795319899797,-0.8713686383053414,0.5817000000000121,0.22595959959190665,final_approach,0.14346613486842585,1.5272116282387742,-5.984634625260615,
666.117,63.95101197,-22.60563082,582.117,507.49,0.0317,-2.8393,0.6051,0.0,-0.0578,0.0345,67.551,72.3,-6.2229,122.0154,-1.8065,0.0,0.0,0.0,-0.03,1600.9,0.0,3.91,155.3,0,666.117,0.02629691936134365,0.0934116744810545,-0.03,-0.010022661115435039,0.610249288043144,1.0,0.0,-1501.730838883654,-8.554336011127743,435.61699999999996,503.99,4.102665295331853,0.023320657994186016,-0.10758466452046596,-0.03561712245420368,-0.8682311562829739,0.5851000000000113,0.2245087269017514,final_approach,0.14571719681865503,1.52588570280815,-5.9902060766269685,
666.217,63.95104534,-22.60563194,581.494,506.725,0.0317,-2.8451,0.6086,0.0004,-0.0577,0.0346,67.573,72.319,-6.2274,122.0478,-1.8004,0.0,0.0,0.0,-0.03,1600.5,0.0,3.91,155.3,0,666.217,0.026264719073847698,0.09348994086666079,-0.03,-0.010082408144598154,0.6100508613726533,1.0,0.0,-1498.0108792728872,-8.61050750459129,434.994,503.225,4.105039121869751,0.023390259224984253,-0.10837960720065708,-0.046336359432757816,-0.8651429676072837,0.5886000000000138,0.2240988426379434,final_approach,0.14797500489235915,1.5246435833558145,-5.99580579035127,
666.275,63.95106202,-22.6056325,581.183,506.454,0.0318,-2.8479,0.6103,0.0006,-0.0575,0.0347,67.584,72.329,-6.2296,122.064,-1.7973,0.0,0.0,0.0,-0.03,1600.3,0.0,3.91,155.3,0,666.275,0.026248939156502504,0.09353012848928012,-0.03,-0.010111426795482048,0.60995081123544,1.0,0.0,-1496.1514568508467,-8.638593056759564,434.683,502.954,4.106233089618625,0.02292282449459565,-0.10877755017708789,-0.052555873714791465,-0.8635760217340192,0.5903000000000134,0.22096759989031106,final_approach,0.14920166463052453,1.5241345632311258,-5.998628478066774,
666.383,63.95110097,-22.6056338,580.456,505.565,0.0318,-2.8546,0.6144,0.0007,-0.0577,0.0348,67.609,72.351,-6.2347,122.1015,-1.7901,0.0,0.0,0.0,-0.03,1599.9,0.0,3.91,155.2,0,666.383,0.02620630601233409,0.0936226322330681,-0.03,-0.010181409344322212,0.6097163626626572,1.0,0.0,-1491.8094601173616,-8.703800554375098,433.956,502.065,4.109023235209666,0.023408133978581335,-0.10970332840857899,-0.06421463203755133,-0.8599391283465252,0.5944000000000074,0.22192340730767113,final_approach,0.1517379056061614,1.522488121135929,-6.005240858658713,
666.483,63.95113436,-22.60563491,579.832,504.912,0.0319,-2.8603,0.6179,0.0011,-0.0574,0.0349,67.63,72.37,-6.2392,122.1335,-1.784,0.0,0.0,0.0,-0.03,1599.5,0.0,3.91,155.2,0,666.483,0.0261722284373615,0.09369846594123712,-0.03,-0.010241146486412833,0.6095143979439582,1.0,0.0,-1488.0872708006189,-8.759482888768321,433.332,501.412,4.1114182291154355,0.0234984348251046,-0.11049562637804357,-0.07505014590188733,-0.856858043736139,0.5979000000000099,0.22083946118881,final_approach,0.15400535451318476,1.5212710003828214,-6.010934762706832,
666.583,63.95116775,-22.60563602,579.208,504.186,0.032,-2.866,0.6213,0.0012,-0.0574,0.0349,67.652,72.389,-6.2437,122.1654,-1.7778,0.0,0.0,0.0,-0.03,1599.1,0.0,3.91,155.2,0,666.583,0.026136705994617926,0.09377708412433623,-0.03,-0.010299173252054206,0.6093109460498832,1.0,0.0,-1484.3650814830842,-8.81516522316182,432.70799999999997,500.686,4.113822931383124,0.023589866133734157,-0.11128922392870509,-0.08592890114175403,-0.8537323605709162,0.601300000000009,0.22076314653528234,final_approach,0.1562793952931152,1.519997006427051,-6.016668445462159,
666.683,63.95120116,-22.60563712,578.583,503.575,0.0322,-2.8717,0.6248,0.0014,-0.0574,0.0349,67.673,72.407,-6.2482,122.1971,-1.7716,0.0,0.0,0.0,-0.03,1598.7,0.0,3.91,155.1,0,666.683,0.02609868369940055,0.09385309579266683,-0.03,-0.010358902959124783,0.6091063764890986,1.0,0.0,-1480.640662461158,-8.870358398658507,432.08299999999997,500.075,4.116232905404144,0.02367484514647672,-0.11207799880934327,-0.09685027135221833,-0.8506096636523068,0.6048000000000116,0.21978467866843487,final_approach,0.15855189421054305,1.518725153934966,-6.022431458287709,
666.783,63.95123457,-22.60563822,577.958,502.783,0.0323,-2.8774,0.6283,0.0016,-0.0573,0.0348,67.694,72.426,-6.2527,122.2287,-1.7654,0.0,0.0,0.0,-0.03,1598.4,0.0,3.91,155.1,0,666.783,0.02606361222654241,0.09392930859532465,-0.03,-0.010418628862434276,0.6089002977264698,1.0,0.0,-1476.9162434384393,-8.92555157398141,431.45799999999997,499.283,4.11865269419051,0.023762018932674045,-0.11286807039316347,-0.10781424415369643,-0.8474892584496558,0.608300000000014,0.21889516242584628,final_approach,0.16083090888070473,1.5174664580644368,-6.028234795745764,
666.883,63.951268,-22.60563932,577.333,502.174,0.0325,-2.8831,0.6318,0.0016,-0.0572,0.0347,67.715,72.445,-6.2572,122.2601,-1.7592,0.0,0.0,0.0,-0.03,1598.0,0.0,3.9,155.1,0,666.883,0.026026357374158537,0.09400593691344455,-0.03,-0.01047835094019689,0.6086922668342771,1.0,0.0,-1473.1895948807653,-8.980745527732921,430.83299999999997,498.674,4.121087381720357,0.023859494993638174,-0.1136595077084106,-0.11882081411069434,-0.8443718097381634,0.6117999999999881,0.21808651129622028,final_approach,0.1631165294954755,1.5162220488548854,-6.034090882079411,
666.983,63.95130143,-22.60564041,576.707,501.446,0.0327,-2.8888,0.6353,0.0017,-0.0571,0.0346,67.736,72.463,-6.2618,122.2914,-1.753,0.0,0.0,0.0,-0.03,1597.6,0.0,3.9,155.1,0,666.983,0.025989153151961264,0.09408066493520478,-0.03,-0.010538069170632602,0.6084835157549692,1.0,0.0,-1469.4629461520713,-9.0354495439855,430.207,497.946,4.123522479628363,0.02394140900804606,-0.11444604333686957,-0.12986934906400227,-0.8412566285081482,0.6152999999999906,0.21735137390567288,final_approach,0.16540043053461417,1.5149784409812455,-6.039965001641246,
667.083,63.95133487,-22.6056415,576.08,500.775,0.0328,-2.8944,0.6387,0.0018,-0.057,0.0345,67.757,72.481,-6.2664,122.3225,-1.7468,0.0,0.0,0.0,-0.03,1597.2,0.0,3.9,155.0,0,667.083,0.025954915075869278,0.09415532109702851,-0.03,-0.010596077461246245,0.6082738268598069,1.0,0.0,-1465.7351826566914,-9.090153949539136,429.58000000000004,497.275,4.125960515363387,0.024014567065076705,-0.11523390932001276,-0.14095984216579271,-0.8381443741548367,0.6186999999999898,0.21668306718697172,final_approach,0.1676908185701933,1.5137488984087426,-6.045863258315034,
667.183,63.95136832,-22.60564258,575.453,500.072,0.033,-2.9001,0.6422,0.0017,-0.0567,0.0343,67.777,72.5,-6.271,122.3533,-1.7406,0.0,0.0,0.0,-0.03,1596.8,0.0,3.9,155.0,0,667.183,0.025918199357508998,0.09422784818554875,-0.03,-0.010655788043169023,0.6080623671768512,1.0,0.0,-1462.0063042220213,-9.144368806895457,428.953,496.572,4.128411103098273,0.024096452112373254,-0.11601689359720119,-0.15209166538496272,-0.8350356952552147,0.6221999999999923,0.21516642471542108,final_approach,0.16997944148600297,1.5125220463419176,-6.051809045464033,
667.283,63.95140178,-22.60564366,574.826,499.335,0.0332,-2.9057,0.6456,0.0018,-0.0564,0.0342,67.798,72.518,-6.2756,122.3839,-1.7343,0.0,0.0,0.0,-0.03,1596.5,0.0,3.9,155.0,0,667.283,0.025880070191196203,0.0943031959410347,-0.03,-0.010713788862699691,0.6078491194588167,1.0,0.0,-1458.2763110206656,-9.198584053204712,428.326,495.835,4.130874324502574,0.02418574576747807,-0.11680120571857865,-0.16326481373887325,-0.831883095904459,0.6255999999999915,0.21469674974128827,final_approach,0.17227447641019822,1.511239060408755,-6.057802797232963,
667.383,63.95143524,-22.60564474,574.198,498.65,0.0334,-2.9113,0.649,0.0025,-0.0559,0.0338,67.818,72.536,-6.2802,122.4143,-1.7281,0.0,0.0,0.0,-0.03,1596.1,0.0,3.9,155.0,0,667.383,0.025844125884039393,0.09437596324735675,-0.03,-0.01077178597060302,0.6076351255464908,1.0,0.0,-1454.5463178185178,-9.252799299688302,427.698,495.15,4.1333380862892595,0.02426105778404052,-0.1175868155464861,-0.17447927924772816,-0.8287801843658258,0.6289999999999907,0.21336068158298158,final_approach,0.17457588264504054,1.510039925898191,-6.063815196382432,
667.483,63.95146872,-22.60564581,573.57,497.989,0.0337,-2.9168,0.6523,0.0033,-0.0555,0.0332,67.837,72.553,-6.2849,122.4444,-1.7217,0.0,0.0,0.0,-0.03,1595.8,0.0,3.9,155.0,0,667.483,0.025802116627835547,0.09444512123172849,-0.03,-0.01082807371283978,0.6074190972965918,1.0,0.0,-1450.814094911186,-9.3065253871013,427.07000000000005,494.489,4.135817147239282,0.02434931640340907,-0.11836756340754058,-0.18573443799097955,-0.8255872144610237,0.6322999999999865,0.21123698325727666,final_approach,0.17687547758172073,1.5087033249128687,-6.069882396465697,
667.583,63.9515022,-22.60564688,572.941,497.199,0.0341,-2.9223,0.6556,0.004,-0.0552,0.0324,67.857,72.571,-6.2896,122.4743,-1.7154,0.0,0.0,0.0,-0.03,1595.4,0.0,3.89,155.0,0,667.583,0.02575972744779348,0.09451658684598706,-0.03,-0.010884357921539967,0.6072023080709691,1.0,0.0,-1447.0818720038544,-9.360251474514293,426.44100000000003,493.699,4.138296822711446,0.024423889456446045,-0.1191496059910455,-0.19703028379678342,-0.8224438918413455,0.6356000000000108,0.21021543932478923,final_approach,0.1791813685449668,1.507450403015799,-6.075968596307629,
667.675,63.9515329,-22.60564786,572.364,496.599,0.0345,-2.9273,0.6586,0.0047,-0.0549,0.0316,67.875,72.587,-6.294,122.5015,-1.7095,0.0,0.0,0.0,-0.03,1595.1,0.0,3.89,155.0,0,667.675,0.025718246430175784,0.09457994464628433,-0.03,-0.010935522302358502,0.6070022975267939,1.0,0.0,-1443.6595528908006,-9.409459949152488,425.86400000000003,493.099,4.140577441503195,0.02448479699586014,-0.11986713305071209,-0.2074538338338037,-0.8195067631171753,0.6385999999999967,0.20889150610554327,final_approach,0.18130375658933673,1.5062314124398526,-6.0815816454341665,
667.775,63.95156639,-22.60564892,571.735,495.946,0.035,-2.9327,0.6617,0.0051,-0.0546,0.0305,67.894,72.605,-6.2987,122.531,-1.703,0.0,0.0,0.0,-0.03,1594.8,0.0,3.89,155.0,0,667.775,0.025670153972883192,0.09464976733795313,-0.03,-0.010988389064242376,0.6067821789301795,1.0,0.0,-1439.9262150441787,-9.462696488368163,425.235,492.446,4.143079503683861,0.024574101130992055,-0.12064545441034542,-0.21882686649539482,-0.8162754767117804,0.641699999999986,0.20717409645958582,final_approach,0.18361345590043499,1.5048525403870237,-6.087756678143258,
667.875,63.9515999,-22.60564997,571.104,495.218,0.0355,-2.9381,0.6647,0.0054,-0.0542,0.0294,67.913,72.622,-6.3034,122.5603,-1.6965,0.0,0.0,0.0,-0.03,1594.4,0.0,3.89,155.0,0,667.875,0.02562214432885368,0.09471933705835298,-0.03,-0.011039547434283481,0.6065616822616325,1.0,0.0,-1436.1906474931652,-9.515443868687024,424.60400000000004,491.718,4.145577712685657,0.024642099278818327,-0.12141888853799045,-0.23023933246087847,-0.8130470347355754,0.6447000000000003,0.20561281496324796,final_approach,0.1859211680394104,1.5034749286345424,-6.093939882840115,
667.983,63.95163341,-22.60565103,570.474,494.465,0.036,-2.9435,0.6676,0.0052,-0.0538,0.0283,67.932,72.639,-6.3082,122.5894,-1.69,0.0,0.0,0.0,-0.03,1594.1,0.0,3.89,154.9,0,667.983,0.025578798236154165,0.09478796781786539,-0.03,-0.011088997695769987,0.6063386773452117,1.0,0.0,-1432.45508011238,-9.56868118615697,423.97400000000005,490.965,4.148096129928948,0.024421529095455002,-0.12219986746742892,-0.24260805655049558,-0.8098214193778688,0.6476000000000113,0.20291400686895836,final_approach,0.18834682846221895,1.502278004261889,-6.10019095414745,
668.1,63.95167252,-22.60565225,569.737,493.716,0.0366,-2.9497,0.6708,0.005,-0.0534,0.0271,67.954,72.659,-6.3137,122.6231,-1.6823,0.0,0.0,0.0,-0.03,1593.7,0.0,3.89,154.9,0,668.1,0.025521274523992332,0.09486915815056018,-0.03,-0.011143560258431884,0.6060777906740237,1.0,0.0,-1428.0952457318804,-9.629975411383711,423.23699999999997,490.216,4.1510319867948295,0.02453340653378996,-0.12310226994863863,-0.256064850713948,-0.8060072301181549,0.6508000000000038,0.2015612960657797,final_approach,0.19105529676425803,1.5006235529324812,-6.107500750171894,
668.2,63.95170885,-22.60565338,569.053,492.831,0.0372,-2.9554,0.6737,0.0047,-0.0529,0.0261,67.974,72.677,-6.3188,122.6541,-1.6751,0.0,0.0,0.0,-0.03,1593.4,0.0,3.89,154.9,0,668.2,0.025461964956221994,0.09494445494223587,-0.03,-0.011193004628317627,0.6058328739423271,1.0,0.0,-1424.045315145658,-9.686752023835655,422.553,489.331,4.153778075002683,0.025021319124579933,-0.12394004602805943,-0.26760530581437675,-0.8024458691810423,0.6536999999999864,0.20141936005980488,final_approach,0.1934621829613974,1.4988961187941001,-6.114360011009882,
668.308,63.95174239,-22.60565442,568.421,492.159,0.0376,-2.9607,0.6763,0.0038,-0.0528,0.0253,67.993,72.694,-6.3234,122.6826,-1.6685,0.0,0.0,0.0,-0.03,1593.1,0.0,3.89,154.9,0,668.308,0.025420046485037817,0.09501720088066261,-0.03,-0.011237331666155148,0.6056054663902887,1.0,0.0,-1420.3064031211911,-9.739010634211468,421.92100000000005,488.659,4.156319227740524,0.02477263127332616,-0.12471281008964508,-0.28011091020312057,-0.7991823348883997,0.6562999999999874,0.1991017751385436,final_approach,0.19589246776525826,1.497649310501398,-6.120726246168562,
668.417,63.95178153,-22.60565563,567.683,491.287,0.038,-2.9668,0.6792,0.0028,-0.0526,0.0246,68.014,72.714,-6.3289,122.7155,-1.6607,0.0,0.0,0.0,-0.03,1592.7,0.0,3.88,154.9,0,668.417,0.025363015665700928,0.09509752719470588,-0.03,-0.011286770677051305,0.6053383573957581,1.0,0.0,-1415.9432242680298,-9.799816089668948,421.183,487.787,4.159293546827837,0.025191747907147996,-0.12561394500339781,-0.29278509390142393,-0.7953323175455296,0.6591999999999985,0.1985162092585539,final_approach,0.1985108437620582,1.4958063470002436,-6.12820066314514,
668.517,63.95181508,-22.60565666,567.05,490.685,0.0383,-2.972,0.6816,0.0019,-0.0527,0.0241,68.033,72.73,-6.3335,122.7435,-1.654,0.0,0.0,0.0,-0.03,1592.3,0.0,3.88,154.9,0,668.517,0.025318406051485998,0.09517080798217192,-0.03,-0.011327683570675928,0.6051078935984727,1.0,0.0,-1412.2031973042724,-9.85158515184744,420.54999999999995,487.185,4.16185082102732,0.02525524692176076,-0.12638326343745795,-0.30444746993216765,-0.7920285303616765,0.6615999999999929,0.1977420084168682,final_approach,0.2008413292241471,1.4943499212847016,-6.13464683607382,
668.617,63.95184865,-22.60565768,566.416,489.974,0.0384,-2.9772,0.684,0.0009,-0.0528,0.0238,68.051,72.747,-6.3382,122.7714,-1.6474,0.0,0.0,0.0,-0.03,1592.0,0.0,3.88,154.9,0,668.617,0.025280678517319854,0.09524040190618914,-0.03,-0.011368594509753138,0.604876118196357,1.0,0.0,-1408.4609406353313,-9.902865054955337,419.91600000000005,486.474,4.16441434165092,0.025318573474137282,-0.1271476543749692,-0.31614741046988004,-0.7887735313483688,0.6639999999999873,0.19612909856080477,final_approach,0.20316956282962195,1.4929631083967578,-6.1411270749859135,
668.717,63.95188222,-22.60565871,565.782,489.211,0.0385,-2.9825,0.6864,0.0001,-0.0529,0.0237,68.069,72.763,-6.3429,122.799,-1.6407,0.0,0.0,0.0,-0.03,1591.7,0.0,3.88,154.9,0,668.717,0.025241881600408578,0.0953104266936812,-0.03,-0.011409503487280648,0.6046426017352043,1.0,0.0,-1404.7186841374112,-9.9546348953881,419.28200000000004,485.711,4.166988783252986,0.025389547231890262,-0.1279196241873532,-0.3278855481870518,-0.7854752265500906,0.6664000000000101,0.19466281687345577,final_approach,0.2055120858551298,1.4915328518914137,-6.147653344025439,
668.817,63.9519158,-22.60565972,565.147,488.541,0.0385,-2.9877,0.6887,-0.0007,-0.0529,0.0237,68.088,72.779,-6.3475,122.8264,-1.6341,0.0,0.0,0.0,-0.03,1591.4,0.0,3.88,154.9,0,668.817,0.025207115585908157,0.09538441032690871,-0.03,-0.011448706076942039,0.604407992252739,1.0,0.0,-1400.975312529972,-10.0054252502984,418.64700000000005,485.041,4.169566938631558,0.025454881657527538,-0.12868032592651504,-0.3396606289524158,-0.782226279423412,0.6687000000000012,0.19423892443040244,final_approach,0.20784393664188983,1.490160462859727,-6.154207492674246,
668.917,63.95194938,-22.60566074,564.512,487.822,0.0384,-2.993,0.6911,-0.0012,-0.053,0.0239,68.106,72.795,-6.3523,122.8537,-1.6274,0.0,0.0,0.0,-0.03,1591.0,0.0,3.88,154.9,0,668.917,0.02517375744634326,0.0954532861798791,-0.03,-0.011489611192817994,0.6041716179070729,1.0,0.0,-1397.2319410935534,-10.05670554270763,418.01199999999994,484.322,4.172156127661735,0.02552771643156663,-0.12944861346710967,-0.35147328820262136,-0.7789327651135807,0.6710999999999956,0.19294447675490822,final_approach,0.21019001585394648,1.488742650363843,-6.160808250097414,
669.008,63.95198298,-22.60566175,563.877,487.074,0.0382,-2.9982,0.6935,-0.0017,-0.053,0.0242,68.123,72.811,-6.3571,122.8808,-1.6208,0.0,0.0,0.0,-0.03,1590.7,0.0,3.88,154.9,0,669.008,0.025140170922225036,0.09552073578671401,-0.03,-0.01153051432643215,0.6039329749655077,1.0,0.0,-1393.4863399519509,-10.1074966758722,417.37699999999995,483.574,4.174761743732927,0.02604528763288431,-0.1302119578767356,-0.362256440728524,-0.7756885579506161,0.67349999999999,0.19238708676021485,final_approach,0.21241329058047853,1.4872148248066672,-6.167469623181159,
669.1,63.95201098,-22.60566259,563.347,486.504,0.0381,-3.0026,0.6956,-0.002,-0.0531,0.0246,68.138,72.824,-6.3611,122.9032,-1.6153,0.0,0.0,0.0,-0.03,1590.4,0.0,3.88,154.9,0,669.1,0.02511888837843801,0.09557870156174306,-0.03,-0.011566302936768524,0.6037334954338306,1.0,0.0,-1390.365005638251,-10.149740964129442,416.847,483.004,4.176933327032125,0.025638434076675952,-0.1308480083591638,-0.3731835377459977,-0.7729872642571536,0.6756000000000029,0.18971948598755015,final_approach,0.21448518501573233,1.4862729152012726,-6.173035704604718,
669.2,63.95204459,-22.60566359,562.711,485.863,0.0379,-3.0079,0.698,-0.0022,-0.0533,0.0251,68.156,72.84,-6.3659,122.9299,-1.6088,0.0,0.0,0.0,-0.03,1590.0,0.0,3.87,154.9,0,669.2,0.025091938225106747,0.09564879752912209,-0.03,-0.011607202334777744,0.603492217624966,1.0,0.0,-1386.6182895573584,-10.200042549096693,416.211,482.363,4.179552193629403,0.025730139392692954,-0.13160743008843903,-0.38510033562902435,-0.7697947050856726,0.6779999999999973,0.1888358963523152,final_approach,0.21683133392799903,1.4850062277011453,-6.179765535360794,
669.308,63.9520782,-22.60566459,562.074,485.124,0.0377,-3.0132,0.7006,-0.002,-0.0533,0.0256,68.173,72.856,-6.3708,122.9565,-1.6022,0.0,0.0,0.0,-0.03,1589.7,0.0,3.87,154.9,0,669.308,0.025067618086702548,0.09571517835991424,-0.03,-0.011651507756102908,0.6032500441316363,1.0,0.0,-1382.8715734764655,-10.250344134238004,415.57399999999996,481.624,4.1821723434816045,0.02548522395718616,-0.13236813436092085,-0.39800973293173303,-0.7665575444258366,0.6805999999999983,0.18597876099369076,final_approach,0.2192912841735506,1.4838430842025794,-6.186517552162936,
669.392,63.95209781,-22.60566517,561.702,484.698,0.0375,-3.0163,0.7021,-0.0018,-0.0531,0.026,68.183,72.865,-6.3737,122.9719,-1.5984,0.0,0.0,0.0,-0.03,1589.5,0.0,3.87,154.8,0,669.392,0.02506711098265918,0.09575346739398842,-0.03,-0.011677067503642502,0.603108216346689,1.0,0.0,-1380.6855245532154,-10.279523575337452,415.202,481.198,4.1837029327888455,0.024274570177099466,-0.13281037813276528,-0.40805137744268366,-0.764693844007212,0.6820999999999913,0.17989411172586386,final_approach,0.22100792317702656,1.4836229959263996,-6.190470542507281,
669.475,63.95212583,-22.60566599,561.171,484.102,0.0374,-3.0207,0.7043,-0.0015,-0.0531,0.0265,68.198,72.878,-6.3778,122.9938,-1.5929,0.0,0.0,0.0,-0.03,1589.2,0.0,3.87,154.8,0,669.475,0.025041499260066713,0.09581089387901724,-0.03,-0.011714553709564646,0.602903977590217,1.0,0.0,-1377.5619603625187,-10.32078876702544,414.67100000000005,480.602,4.18590205016612,0.02464470682885795,-0.13343750437641136,-0.41799774816166413,-0.7619995560320092,0.6843000000000075,0.17996945534770953,final_approach,0.22295726720886222,1.4825081236395086,-6.196161358191542,
669.583,63.95217348,-22.60566739,560.266,483.094,0.0373,-3.0281,0.7081,-0.0004,-0.0527,0.0274,68.222,72.9,-6.385,123.0307,-1.5837,0.0,0.0,0.0,-0.03,1588.7,0.0,3.87,154.8,0,669.583,0.02498275497248792,0.09590157382795066,-0.03,-0.011779298608234123,0.6025555738612597,1.0,0.0,-1372.2501177136169,-10.391234178241486,413.76599999999996,479.594,4.18963995339006,0.026305624863464976,-0.1345095177030428,-0.4310199841802044,-0.7574932819201479,0.6880999999999915,0.18381061597267587,final_approach,0.2258399038229335,1.4800781614860803,-6.2058645642105255,
669.683,63.95220712,-22.60566838,559.628,482.357,0.0373,-3.0333,0.7108,-0.0001,-0.0525,0.028,68.24,72.915,-6.39,123.0565,-1.5772,0.0,0.0,0.0,-0.03,1588.3,0.0,3.87,154.8,0,669.683,0.024952037412345973,0.09597013347320738,-0.03,-0.011825298468831291,0.6023064906723997,1.0,0.0,-1368.5000571600626,-10.441046993439473,413.12800000000004,478.857,4.192301971850449,0.026358051486867665,-0.1352689219272689,-0.4431101430923333,-0.7543127398802199,0.6907999999999959,0.18346419633879313,final_approach,0.22820557953371434,1.4788585936192469,-6.212798138637677,
669.783,63.95224077,-22.60566935,558.988,481.687,0.0373,-3.0385,0.7137,-0.0001,-0.0527,0.0284,68.257,72.93,-6.395,123.0821,-1.5707,0.0,0.0,0.0,-0.03,1588.0,0.0,3.87,154.8,0,669.783,0.024921017682979385,0.09603644374321657,-0.03,-0.011874702850846908,0.602057165669986,1.0,0.0,-1364.748881496198,-10.489880323115273,412.48800000000006,478.187,4.19495807169826,0.02639187598540836,-0.13601694895572475,-0.45523480417760076,-0.7511347146144374,0.6937000000000069,0.1822401784898176,final_approach,0.230560163079069,1.4776261739610135,-6.219735527038107,
669.883,63.95227443,-22.60567033,558.349,480.887,0.0373,-3.0438,0.7165,0.0003,-0.053,0.0288,68.274,72.945,-6.4001,123.1075,-1.5641,0.0,0.0,0.0,-0.03,1587.6,0.0,3.87,154.8,0,669.883,0.024888891278423864,0.09610217178692096,-0.03,-0.011922400796099741,0.6018047347931548,1.0,0.0,-1360.996591236668,-10.539203979242938,411.84900000000005,477.387,4.197638685400889,0.026460919492220875,-0.13677264477143788,-0.46739461930748866,-0.7479126553448054,0.6964999999999861,0.18112743499073605,final_approach,0.23292880929545134,1.4763488786427637,-6.226756372936194,
669.983,63.95230809,-22.6056713,557.708,480.299,0.0373,-3.049,0.7194,0.0007,-0.0531,0.029,68.291,72.96,-6.4052,123.1328,-1.5576,0.0,0.0,0.0,-0.03,1587.2,0.0,3.86,154.8,0,669.983,0.024858504075615684,0.09616754496634626,-0.03,-0.01197179928870018,0.6015523088996276,1.0,0.0,-1357.244300806118,-10.588037698219795,411.20799999999997,476.799,4.200310712484518,0.026504144716235176,-0.13752326261491826,-0.4795889635046111,-0.7447390335077273,0.6993999999999971,0.18011584999158856,final_approach,0.23529466155460455,1.4751398801567213,-6.233774110569346,
670.083,63.95234176,-22.60567226,557.067,479.502,0.0374,-3.0543,0.7223,0.0012,-0.0531,0.0292,68.307,72.975,-6.4104,123.1578,-1.551,0.0,0.0,0.0,-0.03,1586.8,0.0,3.86,154.8,0,670.083,0.02482388715053685,0.09622997801455661,-0.03,-0.012021194766648313,0.6012977054225896,1.0,0.0,-1353.4908954370692,-10.636381868824998,410.567,476.002,4.202997238786626,0.026564331100375472,-0.13826882954332007,-0.4918172165805972,-0.741521953727073,0.7023000000000081,0.17828713635599114,final_approach,0.23765768538902776,1.4738615859897521,-6.240849390666984,
670.183,63.95237544,-22.60567323,556.426,478.821,0.0376,-3.0596,0.7252,0.0017,-0.0531,0.0293,68.324,72.989,-6.4156,123.1827,-1.5445,0.0,0.0,0.0,-0.03,1586.5,0.0,3.86,154.8,0,670.183,0.024789131464990677,0.09629502809720757,-0.03,-0.012070587217615447,0.6010409027398784,1.0,0.0,-1349.7363754723558,-10.685216366056125,409.92600000000004,475.321,4.205698364646758,0.026638819017198802,-0.1390220820017574,-0.5040800340588404,-0.7383532638117458,0.7051999999999907,0.17753376032362106,final_approach,0.2400347269493608,1.4726766825591575,-6.247982747966596,
670.283,63.95240912,-22.60567419,555.784,478.098,0.0378,-3.0649,0.7282,0.0021,-0.0531,0.0293,68.34,73.004,-6.4209,123.2073,-1.5379,0.0,0.0,0.0,-0.03,1586.1,0.0,3.86,154.8,0,670.283,0.024752663269317687,0.09635661257120026,-0.03,-0.012121679658079976,0.6007831209366307,1.0,0.0,-1345.9818553358298,-10.7335609257886,409.284,474.598,4.208401190385435,0.026703725412125897,-0.1397702400825895,-0.516376791286906,-0.7351410952016124,0.708200000000005,0.17593978211238434,final_approach,0.24240888614285439,1.4714223703961622,-6.255140246567375,
670.383,63.95244281,-22.60567514,555.142,477.326,0.038,-3.0701,0.7311,0.0025,-0.0531,0.0292,68.357,73.018,-6.4262,123.2318,-1.5313,0.0,0.0,0.0,-0.03,1585.7,0.0,3.86,154.8,0,670.383,0.024716184957029597,0.09642079597096835,-0.03,-0.012171065912663037,0.600523109510314,1.0,0.0,-1342.2262202608053,-10.78141593749754,408.64200000000005,473.826,4.211118760607253,0.026782388213133626,-0.14051333144074363,-0.5287068684600268,-0.7319307822048984,0.7110999999999876,0.17539980192034216,final_approach,0.24478012933376192,1.4701664529549738,-6.26235656219886,
670.483,63.95247651,-22.60567609,554.499,476.597,0.0383,-3.0754,0.734,0.0028,-0.0529,0.029,68.373,73.033,-6.4316,123.2561,-1.5246,0.0,0.0,0.0,-0.03,1585.3,0.0,3.86,154.8,0,670.483,0.024675789351567445,0.09648167967698944,-0.03,-0.012220449102870456,0.6002618355377123,1.0,0.0,-1338.4694704190956,-10.829271338333477,407.999,473.097,4.2138408876327915,0.02685553522018026,-0.14125773438781714,-0.5410702856705971,-0.7286764128321295,0.7139999999999986,0.17399981992760186,final_approach,0.24715685803065668,1.4688527833613492,-6.269604804390493,
670.592,63.95251302,-22.60567711,553.802,475.869,0.0386,-3.0811,0.7371,0.0031,-0.0528,0.0288,68.391,73.048,-6.4374,123.2822,-1.5174,0.0,0.0,0.0,-0.03,1584.9,0.0,3.86,154.8,0,670.592,0.02463411992520903,0.09655022147563311,-0.03,-0.012273234627729335,0.5999769062243502,1.0,0.0,-1334.399472138634,-10.880665644850355,407.302,472.369,4.2167997101498536,0.026903806134647188,-0.1420597523588319,-0.5545889099731113,-0.7251806819214721,0.7170999999999879,0.17319416490498796,final_approach,0.249739930395517,1.4674866773447341,-6.277505747235246,
670.7,63.95254673,-22.60567806,553.158,475.1,0.0389,-3.0863,0.74,0.0031,-0.0525,0.0285,68.407,73.062,-6.4428,123.306,-1.5107,0.0,0.0,0.0,-0.03,1584.5,0.0,3.86,154.8,0,670.7,0.024598625893014647,0.09661203321560355,-0.03,-0.012322611438739806,0.5997121874831742,1.0,0.0,-1330.6416075286545,-10.928521434813842,406.658,471.6,4.219539632964387,0.026648114393890764,-0.14280685035437998,-0.5680155297354887,-0.7219318095244205,0.7199999999999989,0.17091725429071472,final_approach,0.25224028093155226,1.466366242114475,-6.284842961349014,
670.8,63.95258326,-22.60567907,552.459,474.395,0.0392,-3.0919,0.7431,0.0031,-0.0524,0.0282,68.424,73.077,-6.4487,123.3317,-1.5035,0.0,0.0,0.0,-0.03,1584.0,0.0,3.85,154.7,0,670.8,0.024552612380804972,0.09667777167766242,-0.03,-0.012375390116279306,0.5994241703127134,1.0,0.0,-1326.5693795430093,-10.979426582434185,405.95899999999995,470.895,4.222510940521394,0.027158941256591858,-0.14360541584080255,-0.5804826862204394,-0.7184411752155881,0.7230999999999881,0.17083386753703664,final_approach,0.2547000262458816,1.4648231182312088,-6.292822342910245,
670.9,63.95261698,-22.60568,551.814,473.695,0.0396,-3.0971,0.7459,0.003,-0.0523,0.0279,68.44,73.091,-6.4542,123.3552,-1.4968,0.0,0.0,0.0,-0.03,1583.6,0.0,3.85,154.7,0,670.9,0.02451044354471721,0.09673887678270647,-0.03,-0.012423058120507369,0.5991559560152273,1.0,0.0,-1322.8103998235113,-11.026302886875206,405.31399999999996,470.195,4.225268907518862,0.02722906270960513,-0.14434239202155189,-0.592981983135196,-0.7151965880489684,0.7258999999999958,0.16984897048820374,final_approach,0.2570822906464123,1.4635322979471042,-6.30024973940699,
671.0,63.95265071,-22.60568093,551.168,472.908,0.0399,-3.1023,0.7487,0.0027,-0.0523,0.0276,68.456,73.105,-6.4597,123.3784,-1.49,0.0,0.0,0.0,-0.03,1583.2,0.0,3.85,154.7,0,671.0,0.02446938225948514,0.09680027265158689,-0.03,-0.012470723209463519,0.5988864286520136,1.0,0.0,-1319.0503053373275,-11.073179580443226,404.668,469.408,4.228031686622238,0.027295517430296876,-0.14508067721348894,-0.6055134442460971,-0.7119084824772131,0.7287000000000035,0.16895360953473224,final_approach,0.2594699038088564,1.4621843207855498,-6.307710250783202,
671.1,63.95268445,-22.60568186,550.522,472.174,0.0401,-3.1075,0.7514,0.0025,-0.0523,0.0273,68.471,73.119,-6.4652,123.4015,-1.4833,0.0,0.0,0.0,-0.03,1582.8,0.0,3.85,154.7,0,671.1,0.024432842610253525,0.09686066184765245,-0.03,-0.012516683202491108,0.5986145586825239,1.0,0.0,-1315.289096083666,-11.120056663312578,404.02200000000005,468.674,4.230809749716233,0.027376369681904822,-0.14582027536314088,-0.618077093634927,-0.7086685903525733,0.7314000000000078,0.16723055412248128,final_approach,0.26186287352292936,1.4609165154116504,-6.315232321773287,
671.2,63.95271819,-22.60568278,549.875,471.428,0.0404,-3.1127,0.7541,0.0021,-0.0523,0.0271,68.487,73.132,-6.4707,123.4244,-1.4765,0.0,0.0,0.0,-0.03,1582.4,0.0,3.85,154.7,0,671.2,0.02439208545378002,0.09692300839285699,-0.03,-0.012562640464529373,0.5983416291465108,1.0,0.0,-1311.527886658984,-11.166443808683004,403.375,467.928,4.233589918022839,0.027447255245930356,-0.1465547177129332,-0.6306723084274402,-0.7053846020388619,0.7341000000000122,0.16657323102042615,final_approach,0.2642526111214991,1.4595778417584775,-6.322780405112155,
671.317,63.95275475,-22.60568377,549.174,470.645,0.0406,-3.1183,0.7571,0.0017,-0.0522,0.0268,68.503,73.147,-6.4767,123.449,-1.4691,0.0,0.0,0.0,-0.03,1581.9,0.0,3.85,154.7,0,671.317,0.024355226270408203,0.0969883337467463,-0.03,-0.012613700873926326,0.5980434430931488,1.0,0.0,-1307.452314028865,-11.216370249035428,402.674,467.145,4.236617482077683,0.02718548201383804,-0.1473475378613773,-0.6454523483543495,-0.7018139997526589,0.7370999999999981,0.16386222245058987,final_approach,0.26696598423138695,1.4582945693609055,-6.331023209866835,
671.375,63.95277444,-22.6056843,548.796,470.248,0.0407,-3.1213,0.7586,0.0017,-0.0519,0.0268,68.512,73.154,-6.48,123.4622,-1.4652,0.0,0.0,0.0,-0.03,1581.6,0.0,3.85,154.7,0,671.375,0.024334339102949465,0.097023152372955,-0.03,-0.012639229805424645,0.5978823041102836,1.0,0.0,-1305.2573461106906,-11.243103116702779,402.29600000000005,466.748,4.238249318868958,0.027343754526688066,-0.14777309016795892,-0.6527753130439384,-0.6999314714577451,0.738599999999991,0.16307223984536615,final_approach,0.2683534679211981,1.45755347885936,-6.335475969082527,
671.492,63.95281383,-22.60568536,548.04,469.364,0.0409,-3.1273,0.7617,0.0013,-0.0521,0.0266,68.53,73.17,-6.4866,123.4883,-1.4573,0.0,0.0,0.0,-0.03,1581.1,0.0,3.84,154.7,0,671.492,0.02429187017853157,0.0970936110201829,-0.03,-0.012691986898325847,0.5975575747483416,1.0,0.0,-1300.8662955076568,-11.296569240990411,401.53999999999996,465.864,4.241528849256109,0.02745815781376739,-0.14862552483205696,-0.6676186757284129,-0.6961228690759924,0.7417000000000087,0.16223350475453377,final_approach,0.27115247781704,1.4560420817395183,-6.344445763074731,
671.6,63.95285041,-22.60568634,547.337,468.724,0.041,-3.1329,0.7646,0.0011,-0.0518,0.0266,68.546,73.184,-6.4927,123.5123,-1.4499,0.0,0.0,0.0,-0.03,1580.7,0.0,3.84,154.7,0,671.6,0.024253322670263144,0.09715869555871946,-0.03,-0.012741337003703723,0.5972543745650207,1.0,0.0,-1296.78849317077,-11.346006522272791,400.837,465.224,4.244580240685569,0.02759073556927964,-0.14941586230402965,-0.6813521616246336,-0.692559211900118,0.7445999999999913,0.1609530177903138,final_approach,0.27374434985305385,1.4545872590779716,-6.352816706877572,
671.7,63.952887,-22.60568731,546.633,467.814,0.0411,-3.1385,0.7675,0.0008,-0.0518,0.0266,68.563,73.198,-6.4988,123.5361,-1.4425,0.0,0.0,0.0,-0.03,1580.2,0.0,3.84,154.7,0,671.7,0.02421053738403106,0.09722594362570253,-0.03,-0.012790683902530464,0.5969494123042856,1.0,0.0,-1292.7095758969688,-11.394954255531081,400.13300000000004,464.314,4.247639059586655,0.028090311142874934,-0.15020126824314808,-0.6941011145768692,-0.688998017162362,0.7475000000000023,0.16177547071845985,final_approach,0.2762185189544262,1.4529598857589932,-6.361232262733495,
671.8,63.95292078,-22.60568821,545.983,467.204,0.0412,-3.1436,0.7702,0.0004,-0.052,0.0266,68.577,73.211,-6.5045,123.5578,-1.4357,0.0,0.0,0.0,-0.03,1579.8,0.0,3.84,154.7,0,671.8,0.024175955943651184,0.0972847392922451,-0.03,-0.012836624673693176,0.5966656784132934,1.0,0.0,-1288.9439070603353,-11.440363082934924,399.48299999999995,463.704,4.2504757804981965,0.0281364608049691,-0.15093057119723813,-0.7068805013146585,-0.6857276903013769,0.7502000000000066,0.1597958824713349,final_approach,0.2786222403319165,1.4516624793375392,-6.369058394360049,
671.917,63.95295738,-22.60568917,545.278,466.377,0.0412,-3.1492,0.7731,0.0001,-0.0522,0.0267,68.593,73.225,-6.5107,123.5812,-1.4284,0.0,0.0,0.0,-0.03,1579.3,0.0,3.84,154.7,0,671.917,0.02414681470762642,0.0973498971552027,-0.03,-0.012885965345768802,0.5963565729876479,1.0,0.0,-1284.8638748472442,-11.488821267995894,398.778,462.877,4.253556213429235,0.027835131769149944,-0.15171239541203874,-0.7218740176227496,-0.682217612228726,0.7530999999999892,0.15770099649685845,final_approach,0.2813451877651154,1.4504840392111618,-6.377580387991927,
672.025,63.95299399,-22.60569013,544.572,465.588,0.0412,-3.1548,0.776,0.0001,-0.052,0.0268,68.609,73.238,-6.5169,123.6043,-1.421,0.0,0.0,0.0,-0.03,1578.8,0.0,3.84,154.7,0,672.025,0.02411147051046658,0.09741554808513113,-0.03,-0.012935302775266111,0.5960456629263156,1.0,0.0,-1280.7827278666753,-11.53727984201008,398.072,462.088,4.256644287452101,0.027961489472544006,-0.1524957356821515,-0.7357448106129733,-0.6786641087386442,0.7560000000000002,0.1568325557378839,final_approach,0.2839433144847767,1.4490536909358802,-6.386147996970276,
672.083,63.9530137,-22.60569065,544.192,465.167,0.0412,-3.1579,0.7775,0.0003,-0.0519,0.0269,68.618,73.246,-6.5203,123.6167,-1.4171,0.0,0.0,0.0,-0.03,1578.5,0.0,3.84,154.7,0,672.083,0.024093962376954103,0.09745089713252647,-0.03,-0.012960820858949562,0.595877097746664,1.0,0.0,-1278.5855302433172,-11.56352355060683,397.692,461.667,4.258314246500774,0.028099974125606424,-0.15292012539731126,-0.7431917379188313,-0.676790649785886,0.7574999999999932,0.15668163374290617,final_approach,0.2853432330216279,1.4483447183750968,-6.390791343903494,
672.208,63.95305314,-22.60569167,543.43,464.355,0.0413,-3.1639,0.7807,-0.0001,-0.0523,0.027,68.635,73.26,-6.5271,123.6412,-1.4091,0.0,0.0,0.0,-0.03,1578.0,0.0,3.84,154.6,0,672.208,0.024057740986511644,0.09751999026154687,-0.03,-0.013015256519230634,0.5955392640838193,1.0,0.0,-1274.1889051188134,-11.615031871405417,396.92999999999995,460.855,4.2616521401483105,0.0278671699680541,-0.15375731563542838,-0.7593147701319314,-0.6729537707167879,0.7606999999999857,0.15480148522083115,final_approach,0.2882666289771372,1.446977058839753,-6.400093768712878,
672.317,63.95309258,-22.60569269,542.668,463.39,0.0413,-3.1699,0.7838,0.0,-0.0521,0.0272,68.651,73.274,-6.534,123.6655,-1.4012,0.0,0.0,0.0,-0.03,1577.5,0.0,3.83,154.6,0,672.317,0.024017436037695294,0.0975868371431894,-0.03,-0.013067987262893266,0.5951983811325997,1.0,0.0,-1269.7922799943092,-11.666540192378067,396.168,459.89,4.265008131665411,0.028354127140196875,-0.1545962083948552,-0.7734069131821627,-0.669165781095785,0.7638000000000034,0.15407307663944253,final_approach,0.29096287761275264,1.4453424853416799,-6.409475252673655,
672.417,63.95312921,-22.60569363,541.96,462.658,0.0413,-3.1755,0.7868,0.0001,-0.0521,0.0274,68.667,73.288,-6.5404,123.6878,-1.3939,0.0,0.0,0.0,-0.03,1577.0,0.0,3.83,154.6,0,672.417,0.023980076671047734,0.09765167488637257,-0.03,-0.013119013437770777,0.5948793450115725,1.0,0.0,-1265.708903137536,-11.714019670170845,395.46000000000004,459.158,4.268138231827021,0.028845272886179867,-0.15537209986204414,-0.7863661001244295,-0.6656676110470983,0.7667999999999893,0.1546118878540402,final_approach,0.2934481975660077,1.443826001688013,-6.418251046951529,
672.517,63.95316303,-22.6056945,541.306,461.884,0.0413,-3.1807,0.7895,-0.0,-0.0523,0.0275,68.681,73.3,-6.5463,123.7082,-1.3871,0.0,0.0,0.0,-0.03,1576.5,0.0,3.83,154.6,0,672.517,0.023949050668750138,0.09771109802829615,-0.03,-0.013164933975553406,0.5945827494384892,1.0,0.0,-1261.9387747187227,-11.757960242108897,394.80600000000004,458.384,4.271038903081333,0.02887217949566885,-0.1560911463457084,-0.7993539944252552,-0.6624121066641919,0.7694999999999936,0.1532835344127571,final_approach,0.2958618990051747,1.4425655976160172,-6.426405732411091,
672.617,63.95319686,-22.60569536,540.651,461.144,0.0413,-3.1859,0.7923,-0.0002,-0.0524,0.0276,68.695,73.312,-6.5523,123.7283,-1.3803,0.0,0.0,0.0,-0.03,1576.0,0.0,3.83,154.6,0,672.617,0.023918007120070695,0.09776928640742658,-0.03,-0.013212552241443798,0.5942846586501495,1.0,0.0,-1258.167531361411,-11.801411266023415,394.15099999999995,457.644,4.273945307941009,0.028904157679188216,-0.1568049860719995,-0.8123699797176925,-0.6591592212671173,0.7723000000000013,0.1520759403752415,final_approach,0.29827190777660917,1.4413035680293689,-6.434597825124467,
672.725,63.95323069,-22.60569621,539.995,460.506,0.0413,-3.1911,0.795,-0.0002,-0.0525,0.0277,68.709,73.323,-6.5583,123.7483,-1.3736,0.0,0.0,0.0,-0.03,1575.6,0.0,3.83,154.6,0,672.725,0.02389294150914828,0.09782775626357715,-0.03,-0.013258466920521239,0.5939853694824608,1.0,0.0,-1254.3962878330788,-11.844372352787126,393.495,457.006,4.276854531162842,0.02857634007498895,-0.15751355999310906,-0.8264569122699725,-0.6559541968418614,0.7750000000000057,0.15003536667109674,final_approach,0.30079592815783585,1.4402838953281574,-6.442819134478022,
672.792,63.95325043,-22.60569671,539.613,460.029,0.0413,-3.1942,0.7967,0.0,-0.0523,0.0277,68.717,73.33,-6.5618,123.7598,-1.3696,0.0,0.0,0.0,-0.03,1575.3,0.0,3.83,154.6,0,672.792,0.02387912788491381,0.09786238849708712,-0.03,-0.01328737468028851,0.5938087880076943,1.0,0.0,-1252.195745565247,-11.86963735411596,393.11300000000006,456.529,4.278566854341308,0.028073127123350285,-0.15793021092478957,-0.8351924826311982,-0.6540434968877662,0.7767000000000053,0.1472506047077741,final_approach,0.30233116061280896,1.4397216998938802,-6.447667990800895,
672.925,63.95329555,-22.60569784,538.737,459.056,0.0413,-3.2011,0.8003,0.0002,-0.0524,0.0276,68.735,73.346,-6.5699,123.786,-1.3606,0.0,0.0,0.0,-0.03,1574.6,0.0,3.83,154.6,0,672.925,0.02383919544757629,0.09793904202570007,-0.03,-0.013348587318081417,0.5934053810484498,1.0,0.0,-1247.1659344468967,-11.926756009413033,392.23699999999997,455.556,4.282467354039195,0.028282116835736164,-0.1588757656881,-0.8526202727947072,-0.6497440616135748,0.7803000000000111,0.1461676720856804,final_approach,0.30554452531388065,1.4380954834401507,-6.458740561147454,
672.992,63.95331812,-22.60569841,538.299,458.551,0.0413,-3.2046,0.8022,0.0007,-0.0518,0.0277,68.744,73.353,-6.574,123.7989,-1.3561,0.0,0.0,0.0,-0.03,1574.3,0.0,3.83,154.6,0,672.992,0.023819748142402286,0.09797722711473356,-0.03,-0.01338089190340952,0.5932018008406306,1.0,0.0,-1244.64991420615,-11.955560694677079,391.799,455.051,4.284429804477116,0.028450148203713502,-0.1593526844399833,-0.8613927173762789,-0.647596037555644,0.7821999999999889,0.14509137082415907,final_approach,0.3071632669683666,1.4373029571870788,-6.4643258214595,
673.117,63.95336325,-22.60569953,537.422,457.667,0.0414,-3.2114,0.8059,0.0007,-0.052,0.0275,68.762,73.368,-6.5821,123.8245,-1.347,0.0,0.0,0.0,-0.03,1573.7,0.0,3.82,154.6,0,673.117,0.023771716110774055,0.09805568538921922,-0.03,-0.013443796683427212,0.5927929196991776,1.0,0.0,-1239.6189881493012,-12.012189801776556,390.922,454.167,4.288359393620574,0.028947909027705075,-0.16029507616140887,-0.8778404655740538,-0.6432560672190561,0.785899999999998,0.14499215529469056,final_approach,0.31026175513604315,1.4354439839098205,-6.475538437145595,
673.175,63.953383,-22.60570001,537.038,457.156,0.0414,-3.2144,0.8075,0.001,-0.0517,0.0275,68.769,73.375,-6.5857,123.8355,-1.3431,0.0,0.0,0.0,-0.03,1573.4,0.0,3.82,154.6,0,673.175,0.02375471669710455,0.09808815367131984,-0.03,-0.013470997047173361,0.5926128811658842,1.0,0.0,-1237.417330771951,-12.036475317756986,390.538,453.656,4.290084680869184,0.02908097950185315,-0.16070155250813725,-0.8854639973860816,-0.6413964836790171,0.7874999999999943,0.14278283710176554,final_approach,0.3116579730688507,1.4347501385796555,-6.480473419800074,
673.308,63.95342533,-22.60570105,536.214,456.229,0.0415,-3.2209,0.8109,0.0005,-0.0521,0.0273,68.786,73.389,-6.5934,123.859,-1.3346,0.0,0.0,0.0,-0.03,1572.8,0.0,3.82,154.6,0,673.308,0.023719012359048275,0.09816145598233658,-0.03,-0.013528794393129484,0.5922253720579421,1.0,0.0,-1232.6985382153555,-12.089075970977929,389.71400000000006,452.729,4.293787906536289,0.028874783252926854,-0.1615815035559933,-0.9030287803039555,-0.637347049241697,0.7908999999999935,0.14142253817179712,final_approach,0.3148003781801627,1.43339193399256,-6.49109086748151,
673.417,63.95346766,-22.60570209,535.389,455.32,0.0416,-3.2273,0.8143,0.0007,-0.0518,0.0272,68.802,73.402,-6.6012,123.8821,-1.3261,0.0,0.0,0.0,-0.03,1572.1,0.0,3.82,154.6,0,673.417,0.023670585844477454,0.09823242987661998,-0.03,-0.01358658706209026,0.5918352410924662,1.0,0.0,-1227.9797456587605,-12.141676624198869,388.889,451.82,4.297502243543465,0.02974173376149885,-0.16246339396039228,-0.9174562856772055,-0.6333011250781908,0.7942999999999927,0.14191039750396892,final_approach,0.3175910003738096,1.4315121846533465,-6.50177404558308,
673.517,63.95350154,-22.60570291,534.729,454.56,0.0417,-3.2325,0.817,0.0006,-0.0519,0.027,68.815,73.413,-6.6074,123.9004,-1.3193,0.0,0.0,0.0,-0.03,1571.6,0.0,3.82,154.5,0,673.517,0.023638247888009112,0.09829135346747862,-0.03,-0.01363247789552502,0.5915198843064468,1.0,0.0,-1224.2029277807708,-12.183169844624063,388.22900000000004,451.06,4.300494582915381,0.029772010421108292,-0.1631625095944462,-0.9307143490177291,-0.6300663537901414,0.796999999999997,0.14082763409450635,final_approach,0.3200088745116396,1.430288902493043,-6.510405187562711,
673.575,63.95351848,-22.60570332,534.398,454.242,0.0417,-3.2351,0.8184,0.0005,-0.0518,0.0269,68.822,73.418,-6.6105,123.9095,-1.3159,0.0,0.0,0.0,-0.03,1571.4,0.0,3.82,154.5,0,673.575,0.023627711787547134,0.09832134078518705,-0.03,-0.013656271973161216,0.5913624507604038,1.0,0.0,-1222.31451884138,-12.203916454749768,387.898,450.742,4.3019850878606904,0.02909306887192731,-0.16351253048344844,-0.9383986947110006,-0.628449570493558,0.7983999999999867,0.1389969087379617,final_approach,0.32133760246250986,1.4298575431463156,-6.51471257448787,
673.7,63.95356083,-22.60570434,533.572,453.311,0.0418,-3.2415,0.8217,0.0002,-0.0522,0.0266,68.837,73.432,-6.6183,123.9319,-1.3075,0.0,0.0,0.0,-0.03,1570.7,0.0,3.82,154.5,0,673.7,0.023590020347311724,0.09839360144946137,-0.03,-0.013712354844060082,0.5909644161711498,1.0,0.0,-1217.5934964077887,-12.25553801157552,387.072,449.811,4.305743665013155,0.029255660263225906,-0.16438565083617784,-0.955036906504227,-0.6244565801062834,0.801700000000011,0.13726991703451105,final_approach,0.32436631689759565,1.4284135366272537,-6.525598429790943,
673.817,63.95360036,-22.60570528,532.799,452.407,0.0418,-3.2475,0.8248,0.0003,-0.052,0.0264,68.852,73.444,-6.6257,123.9525,-1.2995,0.0,0.0,0.0,-0.03,1570.1,0.0,3.81,154.5,0,673.817,0.023554558663201386,0.09846072271218179,-0.03,-0.013765034686113564,0.5905917383762848,1.0,0.0,-1213.1868370086138,-12.303130336268463,386.299,448.907,4.309250181779871,0.029374755015247476,-0.1651944282546376,-0.970640010674648,-0.6206586217493566,0.8048000000000002,0.13644584532275322,final_approach,0.327193394108118,1.4269596153181432,-6.5357851345124125,
673.875,63.95362013,-22.60570576,532.412,451.938,0.0418,-3.2506,0.8264,0.0004,-0.0518,0.0264,68.86,73.45,-6.6295,123.9627,-1.2956,0.0,0.0,0.0,-0.03,1569.8,0.0,3.81,154.5,0,673.875,0.02353860684135306,0.0984936118041583,-0.03,-0.013792222735462989,0.5904045559670018,1.0,0.0,-1210.9829500971002,-12.327416630503166,385.91200000000003,448.438,4.311006824330896,0.029526785935192913,-0.1656060496836751,-0.9783685908689959,-0.6188068120557375,0.8063999999999965,0.13658086251911197,final_approach,0.3286082094355294,1.4263051965099685,-6.540899486150547,
674.008,63.9536625,-22.60570676,531.583,451.045,0.0418,-3.257,0.8296,0.0,-0.0522,0.0262,68.875,73.463,-6.6374,123.9844,-1.2871,0.0,0.0,0.0,-0.03,1569.2,0.0,3.81,154.5,0,674.008,0.023506382516833957,0.09856628271589622,-0.03,-0.013846595665098493,0.5900000449222594,1.0,0.0,-1206.2596977865126,-12.378059091107787,385.08299999999997,447.545,4.314792741874909,0.029349912519943757,-0.16647073163194184,-0.9961717640898633,-0.6147744139355495,0.809599999999989,0.13441732546166452,final_approach,0.3317573402078402,1.4249824491917238,-6.551947195313392,
674.075,63.95368511,-22.60570729,531.14,450.522,0.0418,-3.2605,0.8314,0.0002,-0.0518,0.0262,68.883,73.469,-6.6417,123.9958,-1.2826,0.0,0.0,0.0,-0.03,1568.8,0.0,3.81,154.5,0,674.075,0.023487549036869892,0.09860392824831277,-0.03,-0.013877178576175542,0.5897833068761102,1.0,0.0,-1203.7392177917736,-12.40490558392957,384.64,447.022,4.3168155180020555,0.02949004184409871,-0.16693054407936933,-1.0051313269367146,-0.6126406056273765,0.8113999999999919,0.13305238542647208,final_approach,0.3333746174387535,1.424208903033339,-6.557863967886135,
674.192,63.95372749,-22.60570829,530.31,449.606,0.0419,-3.2669,0.8346,0.0002,-0.0522,0.026,68.898,73.482,-6.6498,124.0169,-1.2742,0.0,0.0,0.0,-0.03,1568.2,0.0,3.81,154.5,0,674.192,0.023446337661495287,0.09867513145333505,-0.03,-0.013931544874949409,0.589373573926787,1.0,0.0,-1199.0148507145002,-12.455548433487127,383.80999999999995,446.106,4.320628691423086,0.030006905840212934,-0.16779821879537327,-1.020843706360715,-0.6086593963184157,0.8146000000000129,0.13261172567908142,final_approach,0.33629153818836954,1.4226150257350554,-6.569044381205362,
674.3,63.95376705,-22.60570921,529.533,448.707,0.0419,-3.273,0.8377,0.0001,-0.0522,0.0259,68.912,73.493,-6.6574,124.0364,-1.2663,0.0,0.0,0.0,-0.03,1567.6,0.0,3.81,154.5,0,674.3,0.02340836986259648,0.0987410583774453,-0.03,-0.013984208160058298,0.5889901822412709,1.0,0.0,-1194.6048466708517,-12.502162051086216,383.033,445.207,4.324184089737926,0.03049248066135327,-0.16860100635143482,-1.0353775777037644,-0.6049180168323858,0.8177000000000021,0.13234062603823635,final_approach,0.3389899152299378,1.4210529991281646,-6.57950017082571,
674.408,63.95380097,-22.60570999,528.867,448.013,0.0419,-3.2781,0.8403,-0.0002,-0.0524,0.0259,68.924,73.503,-6.664,124.0528,-1.2595,0.0,0.0,0.0,-0.03,1567.0,0.0,3.81,154.5,0,674.408,0.023383869604980012,0.09879734443352439,-0.03,-0.014028374269852595,0.5886583826171262,1.0,0.0,-1190.8235690388694,-12.541697078895089,382.36699999999996,444.513,4.327251318350224,0.03014377803923877,-0.16928482606886047,-1.049932979639476,-0.6017003311788756,0.8203000000000031,0.1304106701357651,final_approach,0.34153407113283407,1.4200442897066807,-6.588544415207533,
674.475,63.95382075,-22.60571045,528.478,447.564,0.0419,-3.2812,0.8418,-0.0003,-0.0523,0.0259,68.931,73.509,-6.6679,124.0623,-1.2556,0.0,0.0,0.0,-0.03,1566.7,0.0,3.81,154.5,0,674.475,0.023373103161448083,0.09882942250595403,-0.03,-0.014053853428886653,0.5884644693925236,1.0,0.0,-1188.6185670178372,-12.565003887607327,381.97799999999995,444.064,4.329039759246155,0.02956867298277505,-0.16968755878326527,-1.058957195756761,-0.5998548361604037,0.8217999999999961,0.12805311939070915,final_approach,0.3430834670499472,1.4196008343775617,-6.593828192319009,
674.608,63.95386598,-22.60571149,527.589,446.666,0.0418,-3.2881,0.8452,-0.0006,-0.0527,0.0259,68.947,73.521,-6.6768,124.0837,-1.2466,0.0,0.0,0.0,-0.03,1566.0,0.0,3.8,154.5,0,674.608,0.023338504076095834,0.09890453837935502,-0.03,-0.014111602687296831,0.5880170924082474,1.0,0.0,-1183.5764919188405,-12.617717387728433,381.08900000000006,443.166,4.33315436041717,0.029796702637297407,-0.1706021869498599,-1.0769525763865604,-0.595599501701372,0.8251999999999953,0.12734835870789993,final_approach,0.3463199824000007,1.4180749746596675,-6.60601296075771,
674.675,63.9538886,-22.605712,527.143,446.169,0.0418,-3.2916,0.8469,-0.0003,-0.0522,0.026,68.954,73.528,-6.6813,124.0943,-1.2422,0.0,0.0,0.0,-0.03,1565.6,0.0,3.8,154.5,0,674.675,0.023321675575291023,0.09893983326658991,-0.03,-0.014140475489215043,0.5877933311578679,1.0,0.0,-1181.0548968153748,-12.64358439502748,380.64300000000003,442.669,4.335206365581572,0.029935075989790304,-0.17105371456998295,-1.0860079811754868,-0.5935190110918427,0.8268999999999949,0.12526919991083174,final_approach,0.34793713189285924,1.4173810318133064,-6.612104498868526,
674.8,63.95393384,-22.60571303,526.252,445.072,0.0418,-3.2985,0.8504,-0.0003,-0.0524,0.026,68.969,73.54,-6.6903,124.1152,-1.2332,0.0,0.0,0.0,-0.03,1564.9,0.0,3.8,154.5,0,674.8,0.023280499338625416,0.09901360330265171,-0.03,-0.014199915644257155,0.5873410443869077,1.0,0.0,-1176.0117067786719,-12.695808346950715,379.75199999999995,441.572,4.339342077586504,0.030460179331401417,-0.17196502090020183,-1.102978575533114,-0.5892681498950765,0.8303999999999974,0.12479018173712018,final_approach,0.3510535131959003,1.415681906489283,-6.62441155248133,
674.917,63.95397344,-22.60571392,525.471,444.222,0.0417,-3.3046,0.8534,-0.0003,-0.0523,0.0261,68.983,73.551,-6.6983,124.1332,-1.2254,0.0,0.0,0.0,-0.03,1564.2,0.0,3.8,154.4,0,674.917,0.023252345449573664,0.09907815725082876,-0.03,-0.01425086021139077,0.5869425977676128,1.0,0.0,-1171.5972431528435,-12.740953709084014,378.971,440.722,4.342972345759243,0.030554804959553927,-0.1727568010565598,-1.1188895048121628,-0.5855857393206918,0.8334000000000117,0.12432363063902999,final_approach,0.35389283609730526,1.414419182428503,-6.635247270068955,
675.017,63.95401021,-22.60571474,524.745,443.459,0.0417,-3.3102,0.8563,-0.0004,-0.0524,0.0261,68.995,73.56,-6.7057,124.1497,-1.2181,0.0,0.0,0.0,-0.03,1563.6,0.0,3.8,154.4,0,675.017,0.0232182273719464,0.09913798821847239,-0.03,-0.014300102982733598,0.586570372829971,1.0,0.0,-1167.49825749993,-12.7825593872821,378.245,439.959,4.346352749132208,0.03109634308790231,-0.17348922616767262,-1.1325087957462259,-0.5821419110481543,0.8362999999999943,0.12393057330820702,final_approach,0.3563951997257533,1.4130090946827991,-6.645364590738698,
675.117,63.95404415,-22.6057155,524.074,442.681,0.0417,-3.3154,0.8589,-0.0004,-0.0527,0.0262,69.006,73.569,-6.7126,124.1647,-1.2115,0.0,0.0,0.0,-0.03,1563.0,0.0,3.8,154.4,0,675.117,0.023193669815643525,0.09919252898085959,-0.03,-0.014344248618964661,0.5862250878810655,1.0,0.0,-1163.7147499909515,-12.821115318695782,377.57399999999996,439.181,4.3494791491631934,0.031124285958231978,-0.17416861435197914,-1.1461506278622573,-0.5790287272027115,0.8388999999999953,0.12266415755292064,final_approach,0.3588302679330795,1.4119934268629386,-6.6547451149203205,
675.233,63.95407811,-22.60571625,523.402,441.914,0.0416,-3.3207,0.8615,-0.0005,-0.053,0.0262,69.017,73.578,-6.7195,124.1795,-1.2048,0.0,0.0,0.0,-0.03,1562.5,0.0,3.8,154.4,0,675.233,0.02317870143750428,0.09924781969398329,-0.03,-0.014388391357387564,0.5858776471510421,1.0,0.0,-1159.9290127767895,-12.85918209121293,376.90200000000004,438.414,4.352616098782579,0.030444016487299306,-0.17484266407697896,-1.1620005944674507,-0.5758710523040236,0.8414999999999964,0.12013356015782524,final_approach,0.36150765959481035,1.4112740615149661,-6.6641798123684985,
675.283,63.95410074,-22.60571675,522.954,441.483,0.0416,-3.3242,0.8633,-0.0004,-0.0528,0.0262,69.024,73.584,-6.7242,124.1892,-1.2003,0.0,0.0,0.0,-0.03,1562.1,0.0,3.79,154.4,0,675.283,0.02315135680327457,0.09928303382967296,-0.03,-0.01441895001259641,0.5856448553539771,1.0,0.0,-1157.4063027340337,-12.884559550314655,376.45399999999995,437.983,4.354712931726143,0.03235945688461914,-0.17529265208239214,-1.1688285594141339,-0.5737517178888538,0.8432999999999993,0.12193960014346922,final_approach,0.3628711919631087,1.410142014207036,-6.670498783178338,
675.392,63.9541347,-22.60571749,522.281,440.677,0.0416,-3.3294,0.8659,-0.0003,-0.0531,0.0262,69.035,73.592,-6.7313,124.2037,-1.1937,0.0,0.0,0.0,-0.03,1561.5,0.0,3.79,154.4,0,675.392,0.02313178494857715,0.09933619718835306,-0.03,-0.014463087826981191,0.5852941217756374,1.0,0.0,-1153.6205653488512,-12.922136385506931,375.78099999999995,437.177,4.357864634861066,0.031785332013822436,-0.17596205217979105,-1.183761679335865,-0.5706427450851095,0.8459000000000003,0.12002849387520714,final_approach,0.36543890253303957,1.409331297951276,-6.680015503549258,
675.483,63.95416866,-22.60571823,521.608,439.941,0.0415,-3.3347,0.8685,-0.0001,-0.0531,0.0262,69.046,73.6,-6.7384,124.2179,-1.187,0.0,0.0,0.0,-0.03,1560.9,0.0,3.79,154.4,0,675.483,0.02310310102913704,0.09939037832408264,-0.03,-0.014507222719859159,0.5849406191122511,1.0,0.0,-1149.8348279628765,-12.959713220699486,375.10799999999995,436.441,4.361032228366247,0.03228922998438344,-0.17663265787727317,-1.1962445074420303,-0.5674896961290017,0.8485000000000014,0.12010582360285829,final_approach,0.36773148057579874,1.4080424479866132,-6.689602885285176,
675.6,63.95420546,-22.60571903,520.877,439.174,0.0415,-3.3404,0.8713,-0.0,-0.0532,0.0262,69.057,73.609,-6.7462,124.2331,-1.1798,0.0,0.0,0.0,-0.03,1560.3,0.0,3.79,154.4,0,675.6,0.02308092906450132,0.09944640121416565,-0.03,-0.01455474932715678,0.5845566354626456,1.0,0.0,-1145.732497666281,-13.000340191629379,374.37699999999995,435.674,4.364462843227175,0.03179460740995771,-0.1773594500339716,-1.2123302095169914,-0.5641024062630606,0.851300000000009,0.11773412091323449,final_approach,0.3705048858584341,1.407122934366587,-6.700011886465205,
675.717,63.95424509,-22.60571988,520.09,438.274,0.0415,-3.3466,0.8744,0.0002,-0.0532,0.0262,69.069,73.619,-6.7546,124.2492,-1.172,0.0,0.0,0.0,-0.03,1559.6,0.0,3.79,154.4,0,675.717,0.0230511524293327,0.09950841544336406,-0.03,-0.014607364093526198,0.5841391626143502,1.0,0.0,-1141.3146890539376,-13.043526972019082,373.59000000000003,434.774,4.368180870568365,0.0317918414188267,-0.17813601430673043,-1.2284440353737573,-0.5604353679465532,0.8543999999999983,0.11635502833604407,final_approach,0.37334698022784707,1.4058872685894954,-6.7113227726259375,
675.775,63.9542649,-22.60572031,519.695,437.724,0.0416,-3.3497,0.8759,0.0005,-0.0529,0.0262,69.075,73.624,-6.7589,124.2572,-1.1682,0.0,0.0,0.0,-0.03,1559.2,0.0,3.79,154.4,0,675.775,0.02303541949993987,0.09953739592843483,-0.03,-0.014632821346683533,0.5839311370134908,1.0,0.0,-1139.1063422174113,-13.065365136312595,373.19500000000005,434.224,4.370029019663445,0.031803974444080764,-0.17852823094780543,-1.2364236809670064,-0.5586485267523926,0.8558999999999912,0.11518168720204787,final_approach,0.37476447581485317,1.4053340283265285,-6.716956660862579,
675.883,63.95430454,-22.60572115,518.906,436.834,0.0416,-3.3558,0.879,0.0006,-0.0533,0.0261,69.087,73.633,-6.7674,124.2729,-1.1604,0.0,0.0,0.0,-0.03,1558.5,0.0,3.79,154.4,0,675.883,0.023000702204576562,0.09959894778774916,-0.03,-0.014685429884208567,0.5835101512586257,1.0,0.0,-1134.68741866657,-13.108062368678764,372.40599999999995,433.334,4.373760036191415,0.03226105359224037,-0.17930060770897174,-1.2513370213481025,-0.5549846214329932,0.8590000000000089,0.11481163483013922,final_approach,0.3774654666886086,1.4038916695730919,-6.728353433385092,
676.0,63.95434135,-22.60572193,518.173,436.025,0.0417,-3.3616,0.8818,0.0007,-0.0532,0.0261,69.098,73.641,-6.7754,124.2873,-1.1532,0.0,0.0,0.0,-0.03,1557.9,0.0,3.78,154.4,0,676.0,0.022976416020565438,0.09965530783268473,-0.03,-0.014732943649430952,0.5831161744672174,1.0,0.0,-1130.583973260456,-13.147709854260254,371.673,432.525,4.377240747374462,0.03184248936539747,-0.18001928289831057,-1.267519063063942,-0.5516037674814243,0.8617999999999881,0.11292122202895272,final_approach,0.38023901011852246,1.4029819616144792,-6.7390134300928075,
676.108,63.95437817,-22.6057227,517.438,435.23,0.0418,-3.3673,0.8846,0.0008,-0.0532,0.0261,69.109,73.65,-6.7835,124.3014,-1.146,0.0,0.0,0.0,-0.03,1557.2,0.0,3.78,154.4,0,676.108,0.022946985035219802,0.09971030726612826,-0.03,-0.014780453964019002,0.5827211144977666,1.0,0.0,-1126.479412915844,-13.18686779164415,370.938,431.73,4.380720550031857,0.03190547363381276,-0.1807327076360507,-1.282475126861598,-0.5482249679433835,0.8645999999999958,0.11191491564921716,final_approach,0.3828671821592984,1.4018575625019025,-6.7496973365922734,
676.217,63.95441782,-22.60572353,516.646,434.353,0.0419,-3.3734,0.8877,0.0009,-0.0532,0.026,69.12,73.658,-6.7922,124.3163,-1.1383,0.0,0.0,0.0,-0.03,1556.5,0.0,3.78,154.3,0,676.217,0.022912572086010552,0.09977000902509472,-0.03,-0.014833050631187061,0.582292580372249,1.0,0.0,-1122.0593744265045,-13.229075475638664,370.14599999999996,430.853,4.384483495120499,0.03234163336249041,-0.18150308417845054,-1.297599303409457,-0.5446131296573355,0.8677000000000135,0.11091514433498985,final_approach,0.3855893031290094,1.400524796503305,-6.76128044073341,
676.317,63.95445181,-22.60572424,515.967,433.598,0.042,-3.3787,0.8903,0.0008,-0.0532,0.026,69.13,73.666,-6.7997,124.3289,-1.1317,0.0,0.0,0.0,-0.03,1555.9,0.0,3.78,154.3,0,676.317,0.0228865862254638,0.09982233858645159,-0.03,-0.01487716068231959,0.5819221411842678,1.0,0.0,-1118.2702922258275,-13.265183666412216,369.467,430.098,4.38772661877929,0.0323565672333926,-0.18216376802366985,-1.3114903492004624,-0.5415186730297421,0.8702999999999861,0.10992285848634407,final_approach,0.38802774541586516,1.3995420971047814,-6.771288207520897,
676.375,63.95446881,-22.60572459,515.626,433.191,0.042,-3.3814,0.8916,0.0008,-0.0531,0.026,69.135,73.67,-6.8035,124.3351,-1.1283,0.0,0.0,0.0,-0.03,1555.6,0.0,3.78,154.3,0,676.375,0.022877506875412845,0.09984730335821006,-0.03,-0.014899214581927944,0.5817376652351117,1.0,0.0,-1116.3751936562403,-13.282992987700194,369.126,429.691,4.389338353584461,0.03159522788176729,-0.1824912216730195,-1.3195392920490423,-0.53992601899796,0.8716000000000008,0.1077668619468493,final_approach,0.3893677610257278,1.3991636458188204,-6.776270262319025,
676.492,63.95450847,-22.6057254,514.832,432.279,0.0421,-3.3875,0.8946,0.0007,-0.0535,0.0259,69.146,73.678,-6.8124,124.3495,-1.1206,0.0,0.0,0.0,-0.03,1554.8,0.0,3.78,154.3,0,676.492,0.02284758092766137,0.09990617865663134,-0.03,-0.014950105324129048,0.5813023622793672,1.0,0.0,-1111.9540400581743,-13.324221186346028,368.332,428.779,4.393132873100788,0.03173465502444733,-0.18325191032095933,-1.3358335623175979,-0.5363182203830377,0.8745999999999867,0.10651688304414371,final_approach,0.3922092204466132,1.3980156633876675,-6.788021728589289,
676.617,63.95455098,-22.60572627,513.98,431.352,0.0422,-3.3942,0.8978,0.001,-0.0534,0.0258,69.158,73.687,-6.8219,124.3645,-1.1123,0.0,0.0,0.0,-0.03,1554.1,0.0,3.78,154.3,0,676.617,0.022815076823676228,0.09997128686633797,-0.03,-0.015004384352564848,0.5808325923518357,1.0,0.0,-1107.2151787812177,-13.368499910030813,367.48,427.852,4.397214369900669,0.03188754158688138,-0.18407026678535543,-1.3532763724894439,-0.5324323767411556,0.8778000000000077,0.1055608027674037,final_approach,0.3952562782339406,1.3967591387820981,-6.800696534619103,
676.675,63.95457081,-22.60572668,513.582,430.881,0.0423,-3.3973,0.8993,0.0012,-0.0531,0.0259,69.163,73.691,-6.8264,124.3714,-1.1084,0.0,0.0,0.0,-0.03,1553.7,0.0,3.78,154.3,0,676.675,0.022798146343790737,0.10000012940637808,-0.03,-0.015029826068486518,0.580612632784516,1.0,0.0,-1105.004602067695,-13.389358977929135,367.082,427.381,4.399120693416017,0.032050892458458755,-0.18445546059601367,-1.3613584548838653,-0.5306074288328375,0.8793000000000006,0.10380135674779033,final_approach,0.39667603083537983,1.3961521387453075,-6.806628708916799,
676.783,63.95461049,-22.60572748,512.785,430.138,0.0424,-3.4034,0.9023,0.001,-0.0535,0.0258,69.174,73.699,-6.8354,124.3851,-1.1007,0.0,0.0,0.0,-0.03,1552.9,0.0,3.77,154.3,0,676.783,0.02276351275002919,0.1000598560574102,-0.03,-0.01508070646871501,0.5801702628456279,1.0,0.0,-1100.5812187636532,-13.430098017504646,366.28499999999997,426.638,4.402945520215991,0.03261158754249947,-0.18521367474664088,-1.376460641318929,-0.5270046044842616,0.8822999999999865,0.10362412902998085,final_approach,0.39937957734617413,1.394804967440603,-6.818554303741138,
676.883,63.9546445,-22.60572816,512.101,429.327,0.0425,-3.4087,0.9049,0.0008,-0.0535,0.0258,69.183,73.706,-6.8432,124.3966,-1.0941,0.0,0.0,0.0,-0.03,1552.3,0.0,3.77,154.3,0,676.883,0.02273770248296092,0.10010986890301408,-0.03,-0.015124799537322875,0.5797890739401192,1.0,0.0,-1096.78990651496,-13.464737174732198,365.601,425.827,4.406231761787224,0.03265339223747059,-0.18586098639577167,-1.3904585378207797,-0.5239180814896258,0.8848999999999876,0.10238557184543558,final_approach,0.40181240920762207,1.393825687122579,-6.828825389487745,
676.992,63.95467851,-22.60572884,511.416,428.461,0.0426,-3.4141,0.9075,0.0006,-0.0537,0.0258,69.192,73.712,-6.851,124.4078,-1.0874,0.0,0.0,0.0,-0.03,1551.7,0.0,3.77,154.3,0,676.992,0.022715550762113124,0.10016041940681863,-0.03,-0.015168889552608977,0.5794062563417924,1.0,0.0,-1092.9985942662663,-13.499376331785692,364.916,424.961,4.409523213898268,0.03224396159092878,-0.18650948157891734,-1.4057360719587888,-0.5207872825562276,0.8874999999999886,0.10058404779943055,final_approach,0.40439128234287836,1.3929988510948803,-6.839135582504902,
677.1,63.9547182,-22.60572962,510.616,427.618,0.0427,-3.4203,0.9105,0.0007,-0.0537,0.0258,69.202,73.72,-6.8602,124.4208,-1.0797,0.0,0.0,0.0,-0.03,1550.9,0.0,3.77,154.3,0,677.1,0.022680978005955033,0.10021837377788408,-0.03,-0.015219758841639619,0.5789564982723742,1.0,0.0,-1088.5740958527063,-13.539135886012799,364.116,424.118,4.4133790566459945,0.03282034260312623,-0.18725858959373423,-1.420899349775869,-0.5171893797307803,0.890500000000003,0.09985755187153575,final_approach,0.40708969384602867,1.3916513137589668,-6.851242569753744,
677.208,63.95475505,-22.60573035,509.873,426.789,0.0428,-3.426,0.9133,0.0007,-0.0537,0.0258,69.212,73.727,-6.8688,124.4325,-1.0725,0.0,0.0,0.0,-0.03,1550.2,0.0,3.77,154.3,0,677.208,0.02265268806715426,0.10027330755277832,-0.03,-0.015267233154707793,0.5785355282986538,1.0,0.0,-1084.4661905215798,-13.5763352416531,363.373,423.289,4.416977313146112,0.03290315047192482,-0.1879594720326375,-1.4360837350961935,-0.5138275925306175,0.8933000000000106,0.09919710102800389,final_approach,0.4097269851950074,1.3905659246261806,-6.862568713576104,
677.325,63.95479191,-22.60573107,509.128,426.012,0.0428,-3.4318,0.9161,0.0005,-0.0538,0.0258,69.221,73.734,-6.8774,124.4441,-1.0654,0.0,0.0,0.0,-0.03,1549.5,0.0,3.77,154.3,0,677.325,0.022633424358774412,0.10032744953400263,-0.03,-0.01531470389377615,0.5781133745277601,1.0,0.0,-1080.3571702527468,-13.613045049095529,362.628,422.512,4.420575360780154,0.03254471604005058,-0.1886550137829121,-1.4525556451419297,-0.5105128661798801,0.8960999999999899,0.09717218974573355,final_approach,0.4125026143440351,1.389758278518876,-6.873921022883524,
677.383,63.95481176,-22.60573145,508.727,425.467,0.0429,-3.4349,0.9176,0.0005,-0.0536,0.0258,69.226,73.737,-6.8821,124.4502,-1.0615,0.0,0.0,0.0,-0.03,1549.1,0.0,3.77,154.3,0,677.383,0.02261633740143093,0.10035636824352226,-0.03,-0.01534013317286903,0.5778842410154503,1.0,0.0,-1078.1443634912073,-13.632435083447852,362.227,421.967,4.422524001111009,0.03272013788066214,-0.1890248965833004,-1.4607108148964858,-0.5086934299158088,0.8976000000000113,0.09617534490990837,final_approach,0.4139104098657249,1.389141575984027,-6.880080377749765,
677.483,63.95484862,-22.60573217,507.98,424.565,0.0429,-3.4407,0.9204,0.0006,-0.0541,0.0258,69.235,73.744,-6.8908,124.4614,-1.0543,0.0,0.0,0.0,-0.03,1548.4,0.0,3.76,154.2,0,677.483,0.02258609046270227,0.1004098000325141,-0.03,-0.015387598401972347,0.5774593454808139,1.0,0.0,-1074.0353432215825,-13.669144890890557,361.48,421.065,4.426129594443998,0.033276103788871206,-0.1897225639434284,-1.474814035241161,-0.5053351765818093,0.9003999999999905,0.09561394991810626,final_approach,0.4164213473469722,1.3878721506795237,-6.891497645333363,
677.6,63.95488549,-22.60573287,507.233,423.76,0.043,-3.4466,0.9232,0.0008,-0.0542,0.0257,69.244,73.75,-6.8995,124.4724,-1.0472,0.0,0.0,0.0,-0.03,1547.6,0.0,3.76,154.2,0,677.6,0.022564359922462807,0.10046480081334791,-0.03,-0.015435060029310887,0.5770303747328818,1.0,0.0,-1069.925207842439,-13.70487521298486,360.733,420.26,4.429759495815395,0.03290088616507763,-0.19040806469276542,-1.4913400040727847,-0.5020243263124087,0.9031999999999982,0.09391477964582662,final_approach,0.41918982052495224,1.3870595670784418,-6.903018681065303,
677.7,63.95492236,-22.60573358,506.486,422.98,0.0431,-3.4524,0.926,0.0008,-0.0541,0.0257,69.253,73.757,-6.9084,124.4831,-1.04,0.0,0.0,0.0,-0.03,1546.9,0.0,3.76,154.2,0,677.7,0.02253183915946888,0.10051800260137128,-0.03,-0.015482518043938465,0.5765976973401018,1.0,0.0,-1065.8150726351082,-13.741095472229693,359.986,419.48,4.433410445226573,0.0335023208228608,-0.19110174681960854,-1.5054790454078395,-0.49866918784175596,0.9060000000000059,0.09355889058711356,final_approach,0.42169952647571307,1.38579293480187,-6.914633475298713,
677.792,63.9549564,-22.60573422,505.794,422.177,0.0432,-3.4577,0.9285,0.0007,-0.0542,0.0257,69.262,73.763,-6.9166,124.4929,-1.0334,0.0,0.0,0.0,-0.03,1546.2,0.0,3.76,154.2,0,677.792,0.022501895936358984,0.10056791885254829,-0.03,-0.015524888209534127,0.5761983276880449,1.0,0.0,-1062.0204153999,-13.773776047539592,359.294,418.677,4.436771266844923,0.03400704564649744,-0.19173284144438899,-1.5185016644148037,-0.49559417984337983,0.9085000000000036,0.09394681752978885,final_approach,0.42400076588155144,1.38463365466405,-6.925349033627182,
677.892,63.9549876,-22.60573481,505.16,421.415,0.0432,-3.4627,0.9309,0.0005,-0.0545,0.0257,69.269,73.768,-6.9241,124.5016,-1.0273,0.0,0.0,0.0,-0.03,1545.6,0.0,3.76,154.2,0,677.892,0.02248500419176691,0.10061382241088146,-0.03,-0.01556556084353622,0.5758290916002764,1.0,0.0,-1058.5423512471255,-13.803896424436742,358.66,417.915,4.43987085010153,0.0335051767997572,-0.1923146239542646,-1.5326714545955173,-0.492753912740028,0.910899999999998,0.09176983411799297,final_approach,0.42636660921773384,1.3839228535125336,-6.935251730302134,
677.992,63.95502164,-22.60573545,504.467,420.505,0.0433,-3.4681,0.9335,0.0005,-0.0546,0.0257,69.277,73.773,-6.9324,124.511,-1.0207,0.0,0.0,0.0,-0.03,1544.9,0.0,3.76,154.2,0,677.992,0.022459957618910564,0.10066276743970527,-0.03,-0.01560961984331094,0.5754250702771886,1.0,0.0,-1054.7476940127094,-13.836576999746365,357.967,417.005,4.443254116080924,0.033559757298793506,-0.19294795572268805,-1.5468573453191214,-0.489681330763716,0.9134999999999991,0.09069984919817801,final_approach,0.4288021177521557,1.3829683553644756,-6.946082601029277,
678.092,63.95505569,-22.60573608,503.773,419.817,0.0434,-3.4735,0.936,0.0007,-0.0546,0.0257,69.285,73.779,-6.9408,124.5201,-1.0141,0.0,0.0,0.0,-0.03,1544.2,0.0,3.76,154.2,0,678.092,0.022434781738895737,0.10071088409453108,-0.03,-0.01565198129592099,0.5750188877788107,1.0,0.0,-1050.9519218390033,-13.868768026858667,357.273,416.317,4.446646816878904,0.033620965745627264,-0.19357567803788706,-1.5610587219718497,-0.48661033411107724,0.9159999999999968,0.0897271356347016,final_approach,0.43123197676586145,1.3820077580900225,-6.956966445582022,
678.208,63.95508973,-22.60573671,503.079,419.008,0.0434,-3.479,0.9386,0.0007,-0.0547,0.0257,69.293,73.784,-6.9492,124.5291,-1.0075,0.0,0.0,0.0,-0.03,1543.5,0.0,3.75,154.2,0,678.208,0.022421263248291357,0.10076005273086498,-0.03,-0.015696034109098866,0.5746098870361895,1.0,0.0,-1047.1572644335668,-13.90095866484342,356.579,415.508,4.450054390866159,0.032913411091549674,-0.19420450404288647,-1.5775503507158646,-0.48354015582339116,0.9185999999999979,0.08783971578077165,final_approach,0.43392187172625185,1.3814379862972075,-6.967920817307238,
678.275,63.95511243,-22.60573712,502.615,418.347,0.0435,-3.4826,0.9403,0.0007,-0.0545,0.0257,69.297,73.787,-6.9548,124.535,-1.0031,0.0,0.0,0.0,-0.03,1543.1,0.0,3.75,154.2,0,678.275,0.022403684687098135,0.10079141053060713,-0.03,-0.0157248361598189,0.5743371201996987,1.0,0.0,-1044.6267494800754,-13.921929412434148,356.115,414.847,4.452322157368318,0.0330690527806672,-0.1946175582743836,-1.5870665313369838,-0.48149398590709325,0.9202999999999975,0.08528169548589858,final_approach,0.43554010246582564,1.3807968084027422,-6.975223637835436,
678.408,63.95515783,-22.60573795,501.687,417.418,0.0436,-3.4898,0.9438,0.001,-0.0547,0.0258,69.307,73.794,-6.9662,124.5465,-0.9943,0.0,0.0,0.0,-0.03,1542.1,0.0,3.75,154.2,0,678.408,0.022371076777076893,0.10085467095438472,-0.03,-0.0157841302259617,0.5737872290333518,1.0,0.0,-1039.5657197449057,-13.964360844766135,355.187,413.918,4.456882437254192,0.03327218043235154,-0.19545205603979915,-1.6060256598346887,-0.477403325848627,0.9238,0.08436408407125588,final_approach,0.43877932018952137,1.3795210858954476,-6.9899392724028715,
678.517,63.9552004,-22.60573872,500.816,416.34,0.0437,-3.4966,0.947,0.0012,-0.0544,0.0259,69.317,73.8,-6.9769,124.557,-0.9861,0.0,0.0,0.0,-0.03,1541.2,0.0,3.75,154.2,0,678.517,0.02233219519064622,0.10091593908630313,-0.03,-0.01583833689427,0.5732675711636862,1.0,0.0,-1034.8201681528788,-14.003742530313994,354.316,412.84,4.461178077860886,0.03429507483535776,-0.19623073997697213,-1.621579583928118,-0.4735930363252976,0.9269999999999925,0.08503490545259082,final_approach,0.4415605601995054,1.3779792298286893,-7.003837708649774,
678.617,63.95523446,-22.60573933,500.117,415.467,0.0439,-3.502,0.9496,0.0011,-0.0546,0.0259,69.325,73.805,-6.9855,124.5652,-0.9795,0.0,0.0,0.0,-0.03,1540.5,0.0,3.75,154.2,0,678.617,0.022304886615093,0.1009643774170109,-0.03,-0.015882376249164776,0.5728512875773748,1.0,0.0,-1031.0232808704461,-14.034954071903558,353.617,411.967,4.464609591845124,0.03429841900320041,-0.1968508903495989,-1.6358594076833044,-0.47052759016671075,0.9295999999999935,0.08457718677509807,final_approach,0.44398923597736584,1.3770251246700056,-7.0149657209472895,
678.717,63.95526852,-22.60573994,499.418,414.754,0.044,-3.5074,0.9522,0.0009,-0.0549,0.0259,69.332,73.81,-6.9941,124.5732,-0.9729,0.0,0.0,0.0,-0.03,1539.8,0.0,3.75,154.1,0,678.717,0.022280111194013352,0.10101307550514195,-0.03,-0.015926412400132317,0.5724316770611712,1.0,0.0,-1027.2263935880137,-14.06616561366718,352.918,411.254,4.468060002688236,0.03433270057451818,-0.1974721945673889,-1.650153762447769,-0.46746326335687627,0.9321999999999946,0.08325198797735206,final_approach,0.44642105713680635,1.3760773998900042,-7.026177633612656,
678.775,63.95528555,-22.60574024,499.069,414.277,0.044,-3.5101,0.9535,0.0008,-0.0549,0.0259,69.335,73.812,-6.9984,124.5771,-0.9696,0.0,0.0,0.0,-0.03,1539.5,0.0,3.75,154.1,0,678.775,0.022273321499748477,0.10103773372965393,-0.03,-0.015948429271411102,0.5722198450174247,1.0,0.0,-1025.3279498608908,-14.081526415886694,352.569,410.777,4.469798656760187,0.03360671620276244,-0.19777983973716265,-1.6584346958784577,-0.4659316045194828,0.9335000000000093,0.08038581979132396,final_approach,0.4477610145269253,1.3757901591097834,-7.031835838398969,
678.9,63.95532813,-22.60574099,498.193,413.358,0.0441,-3.517,0.9567,0.0008,-0.0554,0.0258,69.344,73.818,-7.0093,124.5868,-0.9614,0.0,0.0,0.0,-0.03,1538.6,0.0,3.74,154.1,0,678.9,0.02224371935674213,0.1010976990352346,-0.03,-0.016002621218161706,0.5716917511234784,1.0,0.0,-1020.5812831601379,-14.119928616085875,351.693,409.858,4.474123805324722,0.03377246158834933,-0.19855023672655062,-1.6763433309031164,-0.4621260445457267,0.9367000000000019,0.07962347253756749,final_approach,0.4507971502268546,1.3746372636066297,-7.04593612391791,
679.0,63.95536503,-22.60574164,497.433,412.411,0.0442,-3.5229,0.9595,0.001,-0.0554,0.0258,69.351,73.823,-7.0188,124.5949,-0.9542,0.0,0.0,0.0,-0.03,1537.8,0.0,3.74,154.1,0,679.0,0.022211631954654865,0.10114908419766216,-0.03,-0.016050035161249032,0.5712311600633933,1.0,0.0,-1016.4678026234595,-14.153210419111716,350.933,408.911,4.477885405368501,0.03441305139658804,-0.1992193514244385,-1.6906774549425532,-0.45878653133701164,0.9395000000000095,0.07874861139779173,final_approach,0.453296356110112,1.3733781415600248,-7.05822766877705,
679.108,63.9553991,-22.60574223,496.731,411.671,0.0443,-3.5284,0.9621,0.0009,-0.0556,0.0258,69.358,73.827,-7.0277,124.6022,-0.9476,0.0,0.0,0.0,-0.03,1537.1,0.0,3.74,154.1,0,679.108,0.022191408823846626,0.10119617975261751,-0.03,-0.01609405903262834,0.5708027965875649,1.0,0.0,-1012.6698002315082,-14.183442475352873,350.231,408.171,4.481374992914676,0.03406270879681127,-0.19983134546177253,-1.7061728014146238,-0.45572612679353597,0.9421000000000106,0.07748190261752819,final_approach,0.45585146606749305,1.3726209966355825,-7.069653878136249,
679.217,63.95543885,-22.60574291,495.91,410.671,0.0444,-3.5349,0.9651,0.001,-0.0557,0.0257,69.366,73.832,-7.0381,124.6105,-0.9399,0.0,0.0,0.0,-0.03,1536.2,0.0,3.74,154.1,0,679.217,0.02215841974262389,0.1012510532952023,-0.03,-0.01614485177331204,0.5703017745955823,1.0,0.0,-1008.2386115036701,-14.21830499144278,349.41,407.171,4.485445854901779,0.03461015027731535,-0.20054103637689316,-1.721832679867904,-0.4521568562640823,0.9450999999999965,0.0771103201443691,final_approach,0.45855373676841893,1.371321850030725,-7.083011772282928,
679.275,63.95545588,-22.6057432,495.558,410.203,0.0445,-3.5377,0.9664,0.0011,-0.0556,0.0258,69.369,73.834,-7.0426,124.614,-0.9366,0.0,0.0,0.0,-0.03,1535.8,0.0,3.74,154.1,0,679.275,0.02214934250924766,0.10127381595691819,-0.03,-0.016166860615486722,0.5700861044514448,1.0,0.0,-1006.3401676055272,-14.233175856337427,349.058,406.703,4.487194713729472,0.03386724829917894,-0.2008446415138697,-1.730152792561296,-0.4506275108777231,0.9464000000000112,0.07480248539770308,final_approach,0.45989275987496114,1.3710366612320009,-7.088759703825369,
679.392,63.95549563,-22.60574388,494.736,409.268,0.0446,-3.5441,0.9694,0.001,-0.0559,0.0257,69.377,73.839,-7.0531,124.6219,-0.929,0.0,0.0,0.0,-0.03,1535.0,0.0,3.74,154.1,0,679.392,0.022122862651441033,0.1013289956607619,-0.03,-0.01621764713857765,0.5695799672178873,1.0,0.0,-1001.9089788776888,-14.268038372427334,348.236,405.768,4.491290818184196,0.0340576135466404,-0.20155654693400374,-1.7469873126615962,-0.4471062569213018,0.9493999999999971,0.0742182656684561,final_approach,0.46273054020235804,1.3700125016431386,-7.102244063145479,
679.5,63.95553255,-22.6057445,493.971,408.264,0.0447,-3.5501,0.9721,0.0011,-0.0558,0.0256,69.384,73.843,-7.0629,124.6291,-0.9218,0.0,0.0,0.0,-0.03,1534.2,0.0,3.73,154.1,0,679.5,0.022095207130391814,0.10137967294042206,-0.03,-0.0162633512869213,0.5691080552651178,1.0,0.0,-997.7932682937859,-14.299851141906899,347.471,404.764,4.495099784232871,0.034259378647936364,-0.20221113520064862,-1.7625369609376769,-0.44377170728293436,0.9521000000000015,0.07336340649995035,final_approach,0.46534778778136143,1.3689376393643613,-7.11481039413604,
679.6,63.95556946,-22.60574512,493.205,407.384,0.0448,-3.5561,0.9749,0.0012,-0.0559,0.0256,69.391,73.847,-7.0728,124.636,-0.9147,0.0,0.0,0.0,-0.03,1533.3,0.0,3.73,154.1,0,679.6,0.02206476998494683,0.10142946000330744,-0.03,-0.01631074444580588,0.5686341134552594,1.0,0.0,-993.6786724773607,-14.33166352225919,346.705,403.884,4.4989154128868725,0.0349088632966142,-0.20286699321633248,-1.7769485370561877,-0.4404845200101306,0.9549000000000092,0.07305764227268524,final_approach,0.46783819821732564,1.3677436713137254,-7.127424806778794,
679.708,63.95560354,-22.60574569,492.498,406.557,0.045,-3.5617,0.9775,0.0011,-0.056,0.0256,69.397,73.85,-7.0819,124.6422,-0.9081,0.0,0.0,0.0,-0.03,1532.6,0.0,3.73,154.1,0,679.708,0.02204247518912472,0.10147722682301707,-0.03,-0.016354748963854804,0.5681924225051985,1.0,0.0,-989.879554975891,-14.360916092977886,345.998,403.057,4.502462747578072,0.03456500134471109,-0.20347204012945327,-1.7925265026567587,-0.4374298656679514,0.9575000000000102,0.07146654348022156,final_approach,0.47039339882693554,1.366995233417363,-7.139175496729775,
679.808,63.95562342,-22.60574602,492.084,406.103,0.045,-3.5649,0.979,0.001,-0.056,0.0256,69.401,73.853,-7.0873,124.6458,-0.9043,0.0,0.0,0.0,-0.03,1532.2,0.0,3.73,154.1,0,679.808,0.02205412895775133,0.10150365256171678,-0.03,-0.01638013468631977,0.5679356996892091,1.0,0.0,-987.6634030568167,-14.377857608435807,345.584,402.603,4.504520766697598,0.03223419965313563,-0.20382377308713873,-1.8069337916232866,-0.43567116100959424,0.9590000000000032,0.06860594861837394,final_approach,0.4724829818651024,1.3674910596291632,-7.146002971648549,
679.917,63.95567738,-22.6057469,490.961,404.83,0.0452,-3.5738,0.983,0.0013,-0.056,0.0257,69.41,73.858,-7.102,124.6551,-0.8938,0.0,0.0,0.0,-0.03,1530.9,0.0,3.73,154.0,0,679.917,0.021984904223095125,0.1015757746868486,-0.03,-0.016447824567467517,0.5672316590770317,1.0,0.0,-981.648133295024,-14.423071819962408,344.461,401.33,4.510150619452308,0.035470170589705315,-0.2047694935749636,-1.8226884736467317,-0.43081423980504496,0.9629999999999939,0.0698752994111967,final_approach,0.47550651988052195,1.3647436744710326,-7.164717978671044,
679.983,63.95570579,-22.60574736,490.369,404.18,0.0453,-3.5784,0.9852,0.0015,-0.0559,0.0257,69.416,73.861,-7.1098,124.6599,-0.8883,0.0,0.0,0.0,-0.03,1530.3,0.0,3.73,154.0,0,679.983,0.021953981885990792,0.10161483443499993,-0.03,-0.016485050658581413,0.5668585976205021,1.0,0.0,-978.4810870191308,-14.44671444548423,343.869,400.68,4.513125542952326,0.0370709085722836,-0.20526623843037314,-1.8322261307411016,-0.4282706590024645,0.96520000000001,0.07178746227465231,final_approach,0.4772371678850824,1.3635254421445389,-7.174629645264909,
680.075,63.95573987,-22.60574791,489.657,403.342,0.0454,-3.584,0.9877,0.0006,-0.0565,0.0256,69.421,73.864,-7.1191,124.6654,-0.8818,0.0,0.0,0.0,-0.03,1529.5,0.0,3.73,154.0,0,680.075,0.021926440124347413,0.10166053157306354,-0.03,-0.016527350146163466,0.5664108393519185,1.0,0.0,-974.6819691756205,-14.474987141901309,343.157,399.842,4.516688687682707,0.03734739614787497,-0.2058618945964309,-1.8455465982430481,-0.4252654209039122,0.9677000000000078,0.07020204080304787,final_approach,0.4795250767488888,1.362450464824672,-7.186521222854692,
680.183,63.9557768,-22.60574851,488.885,402.508,0.0454,-3.5901,0.9905,0.0001,-0.0569,0.0255,69.428,73.867,-7.1293,124.6712,-0.8746,0.0,0.0,0.0,-0.03,1528.7,0.0,3.72,154.0,0,680.183,0.021901699365417804,0.10171081304220726,-0.03,-0.016574721914707213,0.5659223402990269,1.0,0.0,-970.565143482199,-14.505820425858408,342.385,399.008,4.520566903648411,0.037107731304874436,-0.20651142672643144,-1.86120586457582,-0.4219377910677906,0.970499999999987,0.0697122929859309,final_approach,0.4821479325954918,1.3613942906195824,-7.199489040412999,
680.292,63.95581088,-22.60574905,488.172,401.695,0.0455,-3.5957,0.993,-0.0001,-0.0571,0.0254,69.433,73.87,-7.1388,124.6763,-0.868,0.0,0.0,0.0,-0.03,1527.9,0.0,3.72,154.0,0,680.292,0.02188229550427162,0.10175554179394157,-0.03,-0.01661701486241146,0.5654687328645837,1.0,0.0,-966.7660254676682,-14.533603184776558,341.672,398.195,4.524159698800155,0.03641667998914245,-0.20710245055944482,-1.877017650378846,-0.41888842649348135,0.9730000000000132,0.06754495359021905,final_approach,0.4847109791239461,1.360665487554062,-7.21152529231045,
680.4,63.95584781,-22.60574963,487.398,400.809,0.0454,-3.6019,0.9958,-0.0001,-0.0571,0.0255,69.439,73.874,-7.1491,124.6817,-0.8609,0.0,0.0,0.0,-0.03,1527.1,0.0,3.72,154.0,0,680.4,0.021861145299480966,0.10180507421454286,-0.03,-0.016664379286789488,0.5649753813350687,1.0,0.0,-962.649199432206,-14.56345659408392,340.898,397.309,4.528058220602656,0.03636347067382715,-0.2077405568796173,-1.8926963669804733,-0.4156085994748082,0.9757999999999925,0.06645500831433124,final_approach,0.48732095636125905,1.3596616320178434,-7.224610373996224,
680.483,63.95587622,-22.60575007,486.802,400.112,0.0454,-3.6066,0.9979,-0.0,-0.0573,0.0255,69.444,73.876,-7.1571,124.6857,-0.8555,0.0,0.0,0.0,-0.03,1526.4,0.0,3.72,154.0,0,680.483,0.021843886354106723,0.10184304258685103,-0.03,-0.016699900049129468,0.5645938835881728,1.0,0.0,-959.4821528150643,-14.586119345129788,340.302,396.612,4.5310664704718455,0.03634355461612256,-0.20822800918266465,-1.904742831793984,-0.413114609092446,0.9779000000000053,0.06589009518171567,final_approach,0.4893225551999194,1.3589237135222305,-7.234724700546117,
680.6,63.955916,-22.60575069,485.966,399.201,0.0454,-3.6133,1.0009,0.0001,-0.0574,0.0254,69.45,73.879,-7.1684,124.6911,-0.8478,0.0,0.0,0.0,-0.03,1525.5,0.0,3.72,154.0,0,680.6,0.02181829532932278,0.10189435632926809,-0.03,-0.016750640184960808,0.5640579088018562,1.0,0.0,-955.0476187586708,-14.618043405000423,339.466,395.701,4.535283547188117,0.03629352730299178,-0.2089145751569736,-1.9217573400433645,-0.40955958652529034,0.9808999999999912,0.06456209119083425,final_approach,0.49214708836742815,1.3578289610207328,-7.24892860284219,
680.692,63.95594725,-22.60575117,485.309,398.432,0.0455,-3.6185,1.0032,0.0002,-0.0573,0.0254,69.455,73.882,-7.1774,124.6952,-0.8418,0.0,0.0,0.0,-0.03,1524.7,0.0,3.72,154.0,0,680.692,0.02179653680642646,0.10193414996828307,-0.03,-0.01678953791247295,0.5636337866415388,1.0,0.0,-951.5639788880752,-14.64277641730823,338.809,394.932,4.538612980088397,0.03627618742691442,-0.2094500440723581,-1.9351333549218863,-0.4067899847786123,0.9832000000000107,0.06363352163593261,final_approach,0.49436196024606005,1.3569976031586997,-7.26016341867574,
680.783,63.95598134,-22.60575169,484.59,397.631,0.0455,-3.6242,1.0058,0.0005,-0.0572,0.0255,69.46,73.884,-7.1872,124.6995,-0.8353,0.0,0.0,0.0,-0.03,1523.9,0.0,3.72,154.0,0,680.783,0.021770719785293713,0.10197717396379981,-0.03,-0.01683350606770362,0.5631714745722175,1.0,0.0,-947.763745764026,-14.66957969087798,338.09,394.131,4.542234689592271,0.03686332377860793,-0.21003269859572674,-1.948376425984169,-0.4037902223653873,0.9858000000000118,0.06284366102766602,final_approach,0.49662391565903263,1.3558918614751327,-7.27240501655141,
680.892,63.95601544,-22.60575221,483.871,396.803,0.0455,-3.6299,1.0083,0.0003,-0.0574,0.0255,69.465,73.886,-7.197,124.7036,-0.8287,0.0,0.0,0.0,-0.03,1523.1,0.0,3.71,154.0,0,680.892,0.02175379531191035,0.10202183981861898,-0.03,-0.0168757799408355,0.5627049510484415,1.0,0.0,-943.962397872499,-14.696383353400936,337.371,393.303,4.545881547482085,0.036295671787697534,-0.21061652505157247,-1.9642545262003865,-0.4007453318767489,0.9883000000000095,0.06130074271906915,final_approach,0.49918487709615533,1.3551665963237838,-7.28475305082978,
680.992,63.95605238,-22.60575277,483.091,395.953,0.0456,-3.636,1.0111,0.0004,-0.0573,0.0255,69.47,73.889,-7.2077,124.7079,-0.8217,0.0,0.0,0.0,-0.03,1522.2,0.0,3.71,154.0,0,680.992,0.021725164655204465,0.10206936319396587,-0.03,-0.01692312294544268,0.5621972716716332,1.0,0.0,-939.8444567275181,-14.725257277359898,336.591,392.453,4.54984130179812,0.036845983683144894,-0.2112479042133381,-1.9788318015343724,-0.39751626577179877,0.9910999999999888,0.060273402471881045,final_approach,0.5016615549245209,1.3540389799122998,-7.298184671720639,
681.075,63.95607795,-22.60575315,482.55,395.33,0.0456,-3.6403,1.013,0.0005,-0.0572,0.0256,69.474,73.891,-7.2152,124.7107,-0.8168,0.0,0.0,0.0,-0.03,1521.6,0.0,3.71,154.0,0,681.075,0.02171380957316299,0.1021014738600055,-0.03,-0.016955246303885507,0.5618451406837538,1.0,0.0,-936.9940030217896,-14.744869892668149,336.05,391.83,4.552582494613432,0.03620938964621457,-0.21168034076220255,-1.9909265018334024,-0.39525668243635437,0.992999999999995,0.059175163254832554,final_approach,0.5035961123999151,1.3535518542738174,-7.307497489856669,
681.175,63.95611489,-22.6057537,481.768,394.461,0.0457,-3.6465,1.0158,0.0005,-0.0575,0.0255,69.479,73.893,-7.2259,124.7146,-0.8097,0.0,0.0,0.0,-0.03,1520.7,0.0,3.71,153.9,0,681.175,0.021683501991191068,0.10215043928627641,-0.03,-0.01700258266338711,0.5613334468240849,1.0,0.0,-932.8760617057884,-14.773253879302239,335.268,390.961,4.55655814678873,0.036800578330681954,-0.21230688133968756,-2.0055207682945797,-0.39198323893867837,0.9958000000000027,0.05834105750439323,final_approach,0.5060683103331058,1.3523509937197282,-7.321025251618302,
681.275,63.95614899,-22.6057542,481.045,393.647,0.0457,-3.6522,1.0183,0.0004,-0.0578,0.0255,69.484,73.895,-7.2359,124.7181,-0.8032,0.0,0.0,0.0,-0.03,1519.9,0.0,3.71,153.9,0,681.275,0.021662833275879978,0.10219474756781356,-0.03,-0.017044843912840835,0.5608591001101488,1.0,0.0,-929.0747134722207,-14.799077667349522,334.545,390.147,4.560235619843068,0.03679627036612962,-0.21288096513959157,-2.0201237955808935,-0.3889868101877312,0.9983000000000004,0.05758277954944322,final_approach,0.5084724396909017,1.3514632798347996,-7.3335604014328215,
681.392,63.95618877,-22.60575478,480.2,392.709,0.0458,-3.6589,1.0213,0.0004,-0.0579,0.0255,69.489,73.897,-7.2477,124.7219,-0.7956,0.0,0.0,0.0,-0.03,1518.9,0.0,3.71,153.9,0,681.392,0.02163640572620068,0.10224430933562229,-0.03,-0.017095553220172144,0.5603036873316244,1.0,0.0,-924.6401787325375,-14.829041978094468,333.7,389.209,4.564531936707105,0.03678366813136804,-0.21354974239857744,-2.0372306326387726,-0.3854843607598468,1.0012999999999863,0.056232985293593635,final_approach,0.5112838370129325,1.350427548960532,-7.348231462186865,
681.483,63.95622287,-22.60575527,479.474,391.893,0.0458,-3.6647,1.0239,0.0006,-0.0577,0.0256,69.494,73.899,-7.2578,124.7249,-0.7891,0.0,0.0,0.0,-0.03,1518.1,0.0,3.71,153.9,0,681.483,0.021610503391018054,0.10228802942976875,-0.03,-0.017139497577668694,0.559826360608996,1.0,0.0,-920.8388303279494,-14.854375828816881,332.974,388.393,4.568216050353725,0.03740051766739312,-0.21411914207203964,-2.050535874981642,-0.38248973851096935,1.0038999999999874,0.056115900716455,final_approach,0.5135352614121373,1.349313650795441,-7.360834493556483,
681.583,63.95625413,-22.60575572,478.808,391.133,0.0459,-3.6699,1.0262,0.0005,-0.058,0.0255,69.498,73.901,-7.2671,124.7276,-0.7831,0.0,0.0,0.0,-0.03,1517.3,0.0,3.7,153.9,0,681.583,0.021593427917152075,0.1023279172218673,-0.03,-0.01717836855424021,0.5593862446965383,1.0,0.0,-917.3540751768151,-14.877639418451416,332.308,387.633,4.571606363369164,0.03681761974855782,-0.21464264932251675,-2.0651650203306247,-0.3797257975842001,1.0062000000000069,0.05465081883314453,final_approach,0.515875724724804,1.3486789405653887,-7.3724506548451725,
681.683,63.95628824,-22.6057562,478.081,390.317,0.0459,-3.6757,1.0288,0.0004,-0.0583,0.0255,69.502,73.902,-7.2773,124.7304,-0.7766,0.0,0.0,0.0,-0.03,1516.5,0.0,3.7,153.9,0,681.683,0.02157258852400834,0.10237153393122791,-0.03,-0.01722230639676925,0.5589028028209948,1.0,0.0,-913.5516118337288,-14.902483720976235,331.581,386.817,4.5753232332798826,0.03687613297499411,-0.21520713266352018,-2.079801850195878,-0.3767320188847805,1.008800000000008,0.053318926211940273,final_approach,0.5182709693510468,1.347781847668216,-7.385205547742233,
681.783,63.95632234,-22.60575669,477.353,389.521,0.046,-3.6815,1.0313,0.0005,-0.0584,0.0255,69.506,73.904,-7.2876,124.7329,-0.7701,0.0,0.0,0.0,-0.03,1515.6,0.0,3.7,153.9,0,681.783,0.0215498765806042,0.10241411786603341,-0.03,-0.01726455105052288,0.5584177937169387,1.0,0.0,-909.7502634291408,-14.927817571872708,330.853,386.021,4.5790446947671315,0.036932546624575256,-0.2157797145915083,-2.094447148821046,-0.37373922341419075,1.0113000000000056,0.05210811473813114,final_approach,0.5206778124721296,1.3469036042743383,-7.397996809379551,
681.883,63.95635645,-22.60575716,476.624,388.689,0.046,-3.6873,1.0339,0.0006,-0.0584,0.0255,69.51,73.905,-7.2979,124.7354,-0.7636,0.0,0.0,0.0,-0.03,1514.8,0.0,3.7,153.9,0,681.883,0.02152893345279505,0.10245768201105232,-0.03,-0.017308482079390897,0.5579301587533944,1.0,0.0,-905.9477999150341,-14.95217193724672,330.124,385.189,4.582778886243497,0.03700077464775315,-0.21633928489935955,-2.109099586814915,-0.37074654597915924,1.0139000000000067,0.05100737703466829,final_approach,0.5230683206924631,1.346001046102316,-7.410852354170219,
681.983,63.95639055,-22.60575763,475.893,387.88,0.0461,-3.6931,1.0364,0.0007,-0.0585,0.0254,69.514,73.906,-7.3083,124.7376,-0.7571,0.0,0.0,0.0,-0.03,1513.9,0.0,3.7,153.9,0,681.983,0.021505789837218514,0.10249946626517013,-0.03,-0.017350720165479783,0.5574427620731448,1.0,0.0,-902.1464511684052,-14.976525913493456,329.393,384.38,4.586503931895182,0.03704238829260877,-0.2168998640786357,-2.1237592412667157,-0.3677548229337333,1.0164000000000044,0.05000670639514782,final_approach,0.5254609551305123,1.3451030967962119,-7.423696697814153,
682.083,63.95642466,-22.6057581,475.162,387.066,0.0462,-3.6989,1.0389,0.0009,-0.0587,0.0254,69.518,73.908,-7.3187,124.7397,-0.7506,0.0,0.0,0.0,-0.03,1513.1,0.0,3.7,153.9,0,682.083,0.021482753284943312,0.10254298799995795,-0.03,-0.01739295502039062,0.5569509102281396,1.0,0.0,-898.3439876542986,-15.000880278867468,328.662,383.566,4.5902557194826175,0.03712163622289848,-0.21746158851750141,-2.13842620264758,-0.3647634798998922,1.0189000000000021,0.049097005813774366,final_approach,0.527855905378626,1.3442091797445848,-7.436653523227649,
682.183,63.95645876,-22.60575857,474.429,386.236,0.0463,-3.7048,1.0415,0.0008,-0.0587,0.0254,69.522,73.909,-7.3291,124.7416,-0.7441,0.0,0.0,0.0,-0.03,1512.2,0.0,3.7,153.9,0,682.183,0.021459827220847827,0.10258629959747505,-0.03,-0.01743687583356829,0.5564593043923184,1.0,0.0,-894.5426389084618,-15.025234255113928,327.929,382.736,4.593998406669914,0.037172508831241166,-0.218024327601522,-2.1531005480655767,-0.36177278365914844,1.0215000000000032,0.04827000528525304,final_approach,0.530253008121754,1.3433194501518066,-7.449598985314626,
682.292,63.95649571,-22.60575907,473.635,385.381,0.0464,-3.7111,1.0442,0.0008,-0.0588,0.0254,69.526,73.91,-7.3405,124.7435,-0.7371,0.0,0.0,0.0,-0.03,1511.3,0.0,3.69,153.9,0,682.292,0.021436072909001624,0.10263282633404093,-0.03,-0.017482482191599147,0.5559216626149612,1.0,0.0,-890.4235819698812,-15.051168944599068,327.135,381.881,4.598083436347417,0.0372233134411744,-0.21862871821505364,-2.169108146359718,-0.35855253031502343,1.0242000000000075,0.0472179364144413,final_approach,0.5328554114206483,1.3423933539257256,-7.4637511957892,
682.375,63.95652413,-22.60575945,473.023,384.674,0.0464,-3.716,1.0463,0.001,-0.0587,0.0254,69.529,73.911,-7.3494,124.7448,-0.7317,0.0,0.0,0.0,-0.03,1510.5,0.0,3.69,153.8,0,682.375,0.02141874012552042,0.10266672384095592,-0.03,-0.017517951178863178,0.5555073471900828,1.0,0.0,-887.2554195591395,-15.070892460997058,326.523,381.174,4.60122571312503,0.037329220593777745,-0.21909118565397276,-2.181291515564065,-0.3560688468730575,1.026299999999992,0.04621126749615277,final_approach,0.5348393309657915,1.341644250609896,-7.474653234094291,
682.483,63.95656108,-22.60575994,472.226,383.802,0.0465,-3.7223,1.0491,0.0009,-0.0589,0.0254,69.533,73.911,-7.3608,124.7464,-0.7247,0.0,0.0,0.0,-0.03,1509.6,0.0,3.69,153.8,0,682.483,0.021394296572453064,0.10271416372029435,-0.03,-0.017565239581017023,0.5549669682989609,1.0,0.0,-883.1363624495382,-15.096337212983272,325.726,380.302,4.605316732047829,0.03742098463494005,-0.21969068122126137,-2.197165459679923,-0.35284955967918563,1.0290999999999997,0.045377246545329826,final_approach,0.5374201706674953,1.3406872639106808,-7.4888674140966,
682.583,63.95659519,-22.60576039,471.489,382.972,0.0466,-3.7282,1.0516,0.0008,-0.059,0.0254,69.536,73.912,-7.3715,124.7476,-0.7182,0.0,0.0,0.0,-0.03,1508.7,0.0,3.69,153.8,0,682.583,0.021371146902677107,0.10275527675723296,-0.03,-0.017607457902392598,0.5544662923593734,1.0,0.0,-879.3338985933909,-15.119711703881606,324.989,379.472,4.609099854938059,0.037489358679498375,-0.22024354493679643,-2.211865929308006,-0.34986104910666427,1.0315999999999974,0.04397931504120842,final_approach,0.5398071598113461,1.3397856179536802,-7.502032242414723,
682.692,63.95663214,-22.60576087,470.69,382.101,0.0467,-3.7345,1.0544,0.0008,-0.0592,0.0254,69.54,73.913,-7.3831,124.7488,-0.7112,0.0,0.0,0.0,-0.03,1507.8,0.0,3.69,153.8,0,682.692,0.021347186351295566,0.1028015470526537,-0.03,-0.017654738530235636,0.5539205794311975,1.0,0.0,-875.2148413127694,-15.14466651871701,324.19,378.601,4.6132153943525696,0.03753400595540693,-0.22083831292059822,-2.2279008592065375,-0.3466429570913476,1.034400000000005,0.04331730891986713,final_approach,0.5423999125549912,1.3388482614169952,-7.51637587597796,
682.792,63.95666625,-22.60576131,469.951,381.252,0.0468,-3.7404,1.0569,0.0009,-0.0591,0.0254,69.543,73.913,-7.3938,124.7497,-0.7047,0.0,0.0,0.0,-0.03,1506.9,0.0,3.69,153.8,0,682.792,0.021323915828306395,0.10284436997206224,-0.03,-0.017696949892940017,0.5534152509724314,1.0,0.0,-871.4123772863936,-15.167551072116138,323.451,377.752,4.617019157774258,0.03761794399898448,-0.22138625285265498,-2.2426131482944514,-0.3436553383196781,1.0369000000000028,0.04210664447260597,final_approach,0.5447817213067552,1.3379401696355586,-7.529653080602131,
682.875,63.95669467,-22.60576167,469.334,380.584,0.0469,-3.7453,1.0591,0.0009,-0.059,0.0255,69.546,73.914,-7.4028,124.7504,-0.6993,0.0,0.0,0.0,-0.03,1506.2,0.0,3.69,153.8,0,682.875,0.021304034139192074,0.10287932825961531,-0.03,-0.01773409316723551,0.552993531045684,1.0,0.0,-868.2442145336112,-15.186294714038452,322.834,377.084,4.6201883473865495,0.03771212122865773,-0.22183887540473146,-2.254821211909425,-0.3411734707966616,1.0390999999999906,0.04156463845812065,final_approach,0.546755403292007,1.3371784075062294,-7.540729922016874,
682.992,63.95673447,-22.60576218,468.47,379.592,0.047,-3.7521,1.062,0.0007,-0.0593,0.0255,69.549,73.914,-7.4154,124.7511,-0.6918,0.0,0.0,0.0,-0.03,1505.1,0.0,3.68,153.8,0,682.992,0.021278936236095447,0.10292927036607717,-0.03,-0.017783050849257354,0.5523980742399214,1.0,0.0,-863.8074490610378,-15.2128302419382,321.97,376.092,4.624655189080966,0.037789790047268484,-0.22247815850239155,-2.272057353727752,-0.3377271700824167,1.0420000000000016,0.04011703729293104,final_approach,0.5495422739992755,1.3361899232758283,-7.556364616259398,
683.075,63.95676289,-22.60576253,467.852,378.899,0.047,-3.7571,1.0642,0.0006,-0.0595,0.0255,69.552,73.914,-7.4245,124.7515,-0.6864,0.0,0.0,0.0,-0.03,1504.4,0.0,3.68,153.8,0,683.075,0.021261196502663227,0.10296451380287673,-0.03,-0.017820188189230812,0.5519714497215283,1.0,0.0,-860.6392861372349,-15.231083946535644,321.352,375.399,4.62784988286511,0.03790653946537691,-0.22292537323974582,-2.28427413436135,-0.33524611889268385,1.0441999999999894,0.03975590465841167,final_approach,0.5515097954585251,1.3354201362089455,-7.567562437115583,
683.183,63.95679984,-22.60576299,467.047,378.028,0.0471,-3.7635,1.0669,0.0007,-0.0597,0.0255,69.555,73.915,-7.4363,124.7519,-0.6794,0.0,0.0,0.0,-0.03,1503.4,0.0,3.68,153.8,0,683.183,0.02123651781786079,0.10301056893459366,-0.03,-0.017865762322588852,0.5514154100138969,1.0,0.0,-856.5202285145726,-15.255058886721311,320.547,374.528,4.632006721827367,0.03800365782957193,-0.22351145259946828,-2.3001899843583837,-0.3320302597793727,1.0468999999999937,0.03866698403290082,final_approach,0.5540775831681373,1.3344486607939068,-7.582152260295839,
683.275,63.95682827,-22.60576334,466.426,377.318,0.0472,-3.7684,1.069,0.0007,-0.0599,0.0255,69.557,73.915,-7.4454,124.752,-0.674,0.0,0.0,0.0,-0.03,1502.7,0.0,3.68,153.8,0,683.275,0.02122179416355552,0.10304542913427267,-0.03,-0.017901206189796237,0.5509874115757576,1.0,0.0,-853.3509508232921,-15.273312980446027,319.926,373.818,4.635201071342833,0.03745657992222766,-0.22396040874790238,-2.3137404260111563,-0.3295499844460039,1.0490000000000066,0.03712808825124944,final_approach,0.5561979065149778,1.3339090794249557,-7.593378765959031,
683.375,63.95686522,-22.6057638,465.619,376.42,0.0473,-3.7749,1.0718,0.0008,-0.0601,0.0254,69.56,73.915,-7.4574,124.7521,-0.667,0.0,0.0,0.0,-0.03,1501.7,0.0,3.68,153.8,0,683.375,0.02119269760831477,0.10309009481984405,-0.03,-0.01794846102176012,0.5504266564504469,1.0,0.0,-849.2318932014219,-15.297287920631417,319.119,372.92,4.639379412033299,0.03817771775263085,-0.22454867465192252,-2.328482825389648,-0.3263348896659295,1.0518000000000143,0.03648008022840807,final_approach,0.5586360832937132,1.332744440223994,-7.608082757610875,
683.483,63.95690217,-22.60576424,464.811,375.514,0.0473,-3.7814,1.0745,0.0007,-0.0602,0.0254,69.563,73.915,-7.4694,124.7519,-0.66,0.0,0.0,0.0,-0.03,1500.7,0.0,3.68,153.8,0,683.483,0.021169970822991102,0.10313585684549742,-0.03,-0.017994024212994286,0.5498629591251661,1.0,0.0,-845.1128352367189,-15.32028298634141,318.311,372.014,4.64357199660325,0.03828480271045373,-0.2251237848169457,-2.3444136559784674,-0.32312052703179006,1.0544999999999902,0.035688961823806646,final_approach,0.5611910719450748,1.3317559943653414,-7.622858545015378,
683.592,63.95693628,-22.60576465,464.063,374.698,0.0474,-3.7873,1.0771,0.0007,-0.0604,0.0254,69.566,73.914,-7.4805,124.7516,-0.6535,0.0,0.0,0.0,-0.03,1499.8,0.0,3.67,153.7,0,683.592,0.021151620670881888,0.10317793274640823,-0.03,-0.01803789618722962,0.549342349697783,1.0,0.0,-841.31037069649,-15.341697728114328,317.563,371.198,4.647437392907319,0.037814394160955445,-0.2256585231316574,-2.3604923987164352,-0.3201360257424142,1.0570999999999913,0.03494659581980678,final_approach,0.5637096091696279,1.331057476836488,-7.63650020981688,
683.7,63.95697323,-22.60576509,463.252,373.788,0.0475,-3.7938,1.0798,0.0009,-0.0603,0.0255,69.569,73.914,-7.4926,124.7511,-0.6466,0.0,0.0,0.0,-0.03,1498.8,0.0,3.67,153.7,0,683.7,0.02112834979401479,0.1032233816629898,-0.03,-0.018083451702322062,0.548775085896028,1.0,0.0,-837.1913127317869,-15.364692793650258,316.752,370.288,4.651641979096179,0.03800055406755145,-0.22623597883175967,-2.376428111794895,-0.3169682774885416,1.0597999999999956,0.03429488508871191,final_approach,0.5662681960128282,1.330144287356017,-7.6513593278489935,
683.775,63.95700166,-22.60576542,462.627,373.1,0.0476,-3.7988,1.082,0.0009,-0.0603,0.0255,69.571,73.914,-7.502,124.7506,-0.6412,0.0,0.0,0.0,-0.03,1498.0,0.0,3.67,153.7,0,683.775,0.02110358754243641,0.10325719838853814,-0.03,-0.018120568109453228,0.5483372392881184,1.0,0.0,-834.0220346984657,-15.381967012899299,316.127,369.6,4.65488226644112,0.03886776693394529,-0.22667494795920326,-2.387487662612338,-0.3144894077645404,1.0620000000000118,0.03360141068670435,final_approach,0.5680941499063863,1.3291654963362376,-7.662824902880272,
683.892,63.95704145,-22.60576588,461.751,372.118,0.0477,-3.8058,1.0849,0.0007,-0.0606,0.0254,69.573,73.913,-7.5151,124.7497,-0.6337,0.0,0.0,0.0,-0.03,1497.0,0.0,3.67,153.7,0,683.892,0.021077787003963677,0.10330567199122548,-0.03,-0.01816949029226439,0.5477220189083872,1.0,0.0,-829.5863831390601,-15.406052465221215,315.251,368.618,4.659427906840132,0.03886507700194779,-0.22728917754624492,-2.404769294501072,-0.31104697791818126,1.0648999999999944,0.03210073854190998,final_approach,0.5708530071402365,1.3281407368643912,-7.678930111356506,
684.0,63.95707556,-22.60576628,460.999,371.295,0.0477,-3.8119,1.0875,0.0007,-0.0606,0.0255,69.576,73.913,-7.5265,124.7488,-0.6272,0.0,0.0,0.0,-0.03,1496.1,0.0,3.67,153.7,0,684.0,0.02106117049512002,0.10334649155307848,-0.03,-0.01821334769255817,0.5471921158702137,1.0,0.0,-825.7839184278109,-15.426977269669267,314.499,367.795,4.663336450396159,0.03841926718685276,-0.22782094274054995,-2.4207167868568398,-0.30806377393241746,1.0674999999999955,0.03170774210880838,final_approach,0.5733527432416494,1.327415952439651,-7.692797164575342,
684.083,63.95710398,-22.6057666,460.371,370.599,0.0478,-3.8169,1.0896,0.0007,-0.0608,0.0255,69.577,73.912,-7.5359,124.748,-0.6219,0.0,0.0,0.0,-0.03,1495.3,0.0,3.67,153.7,0,684.083,0.02104243984129045,0.10338096396444392,-0.03,-0.018248768302183582,0.5467502502694289,1.0,0.0,-822.6157549909467,-15.443761162292104,313.871,367.099,4.666590965322603,0.03855122652407582,-0.22825518679157517,-2.4329646509168987,-0.30563143375056256,1.0696000000000083,0.029920510350839095,final_approach,0.5753065624669347,1.32669857878129,-7.704357077253347,
684.192,63.95714377,-22.60576705,459.491,369.605,0.0479,-3.824,1.0926,0.0007,-0.061,0.0254,69.58,73.911,-7.5493,124.7466,-0.6143,0.0,0.0,0.0,-0.03,1494.2,0.0,3.67,153.7,0,684.192,0.021010419438809047,0.10342803152742715,-0.03,-0.018299365016412605,0.5461281509332504,1.0,0.0,-818.1801032597289,-15.467356677463489,312.991,366.105,4.671165908701653,0.03912134837105376,-0.22886578640666624,-2.449071250070233,-0.30214406530453175,1.0725999999999942,0.029702549026199915,final_approach,0.5779279585150867,1.3254003445983038,-7.720627215769854,
684.283,63.95717504,-22.6057674,458.799,368.815,0.0479,-3.8295,1.0949,0.0006,-0.0612,0.0254,69.582,73.91,-7.5598,124.7454,-0.6084,0.0,0.0,0.0,-0.03,1493.4,0.0,3.66,153.7,0,684.283,0.020991180103752283,0.10346646319173776,-0.03,-0.018338152511517214,0.545636025250559,1.0,0.0,-814.6942316309129,-15.48572128332473,312.299,365.315,4.674779273373674,0.039219007657234885,-0.22934398026547795,-2.462512702815846,-0.2994369641785397,1.0749000000000137,0.02900031929454254,final_approach,0.5800742985011809,1.3245596626902376,-7.733494021295137,
684.375,63.95720346,-22.60576771,458.168,368.129,0.048,-3.8346,1.097,0.0004,-0.0614,0.0253,69.583,73.91,-7.5694,124.7442,-0.6031,0.0,0.0,0.0,-0.03,1492.6,0.0,3.66,153.7,0,684.375,0.02097747648880388,0.10349938670194206,-0.03,-0.018373564659458053,0.5451898195263425,1.0,0.0,-811.5260680230285,-15.5020152386227,311.668,364.629,4.678051168411648,0.03860985246431667,-0.2297734564412199,-2.4761001551864674,-0.2970053869831304,1.0769999999999982,0.027352068923897313,final_approach,0.5821729966925524,1.3240606136786681,-7.745157190927914,
684.483,63.95724325,-22.60576814,457.284,367.137,0.048,-3.8417,1.1,0.0006,-0.0615,0.0253,69.586,73.909,-7.5829,124.7423,-0.5956,0.0,0.0,0.0,-0.03,1491.5,0.0,3.66,153.7,0,684.483,0.02094835639323417,0.103547261892404,-0.03,-0.018424149257744438,0.544561205379116,1.0,0.0,-807.090415950562,-15.52463087914407,310.784,363.637,4.682653785346096,0.03927768096478548,-0.23037301349576178,-2.4920664800853305,-0.29356483695090674,1.0800000000000125,0.027390769728796865,final_approach,0.584763973830075,1.322786930486295,-7.761583429654689,
684.6,63.9572802,-22.60576854,456.462,366.242,0.0481,-3.8484,1.1027,0.0006,-0.0616,0.0253,69.588,73.907,-7.5955,124.7404,-0.5886,0.0,0.0,0.0,-0.03,1490.5,0.0,3.66,153.7,0,684.6,0.020928137509553524,0.1035912715233574,-0.03,-0.018469671177271718,0.5439744195199587,1.0,0.0,-802.9713573017774,-15.545666195728646,309.962,362.742,4.686943078993675,0.03884150571506534,-0.23093151518506358,-2.509366408089661,-0.29035383510245083,1.0826999999999884,0.026454701307448626,final_approach,0.5874514232827295,1.3220020102381014,-7.776911665095218,
684.675,63.95730862,-22.60576885,455.829,365.55,0.0482,-3.8535,1.1048,0.0006,-0.0616,0.0253,69.589,73.907,-7.6052,124.7388,-0.5833,0.0,0.0,0.0,-0.03,1489.7,0.0,3.66,153.7,0,684.675,0.0209049035527617,0.10362529422375277,-0.03,-0.018505074344970618,0.5435211827541702,1.0,0.0,-799.803193693893,-15.561960151200676,309.329,362.05,4.690251578757842,0.03972014312737577,-0.23136360278234694,-2.520445262278103,-0.28792292851073853,1.0848000000000013,0.025261849673445035,final_approach,0.5892703799494505,1.3210845545922716,-7.788748045712701,
684.783,63.95734557,-22.60576924,455.004,364.597,0.0482,-3.8601,1.1075,0.0004,-0.0619,0.0252,69.591,73.905,-7.6179,124.7366,-0.5763,0.0,0.0,0.0,-0.03,1488.7,0.0,3.66,153.6,0,684.783,0.02088164906556611,0.10366874406141223,-0.03,-0.018550589134428086,0.5429315390506858,1.0,0.0,-795.684134874088,-15.582505530460384,308.504,361.097,4.694549959068662,0.03973342222160651,-0.23191692978182904,-2.536418687750348,-0.28471238429668233,1.0875000000000057,0.02464881956844684,final_approach,0.591801269580241,1.3200655837123918,-7.804142583705794,
684.892,63.95738252,-22.60576962,454.178,363.681,0.0482,-3.8668,1.1103,0.0002,-0.062,0.0252,69.592,73.904,-7.6307,124.7342,-0.5694,0.0,0.0,0.0,-0.03,1487.6,0.0,3.65,153.6,0,684.892,0.020860290187775132,0.10371104283238822,-0.03,-0.01859778540629642,0.5423388341811242,1.0,0.0,-791.5650758832628,-15.602560972395224,307.678,360.181,4.698864118992046,0.03970775999106708,-0.23246414256074982,-2.5525416247239825,-0.28154807779824864,1.0903000000000134,0.02324204614646496,final_approach,0.5943409676393401,1.3191291312381033,-7.819612417397881,
684.975,63.95741094,-22.60576992,453.542,362.979,0.0483,-3.8719,1.1124,0.0003,-0.0618,0.0252,69.594,73.903,-7.6405,124.7323,-0.564,0.0,0.0,0.0,-0.03,1486.8,0.0,3.65,153.6,0,684.975,0.02083991038731209,0.10374598292003369,-0.03,-0.018633179763671903,0.5418808709863365,1.0,0.0,-788.396912104358,-15.618364990542386,307.042,359.479,4.702193128867212,0.03977455877803297,-0.23289147087046352,-2.5648095849778234,-0.2790716231150441,1.0923999999999978,0.023319713364251895,final_approach,0.5962878254116184,1.3183351189895909,-7.8315623272888715,
685.092,63.95744788,-22.60577029,452.713,362.104,0.0483,-3.8786,1.1151,0.0002,-0.0621,0.0252,69.595,73.901,-7.6534,124.7297,-0.5571,0.0,0.0,0.0,-0.03,1485.8,0.0,3.65,153.6,0,685.092,0.02082291261740532,0.10378747603823936,-0.03,-0.018678683201400592,0.5412859382949602,1.0,0.0,-784.2789677107821,-15.637930106024804,306.213,358.604,4.706512185464255,0.03929796792335192,-0.23343338132634425,-2.5821185332115864,-0.27590750649389406,1.0951000000000022,0.02197674019905192,final_approach,0.5989543630977749,1.3175891046378574,-7.84708229641593,
685.183,63.95747914,-22.60577061,452.011,361.338,0.0483,-3.8842,1.1174,0.0004,-0.062,0.0253,69.596,73.9,-7.6643,124.7273,-0.5512,0.0,0.0,0.0,-0.03,1484.9,0.0,3.65,153.6,0,685.183,0.020803250478226232,0.10382413548444103,-0.03,-0.018717442194023937,0.5407794212841203,1.0,0.0,-780.7942103363828,-15.654824510958228,305.511,357.838,4.710184471099419,0.03947410446939396,-0.23389792037889165,-2.595570817748658,-0.273202210567689,1.0973999999999933,0.020977855725416515,final_approach,0.6010838148326876,1.316725740954034,-7.8602923072777084,
685.292,63.95751609,-22.60577098,451.18,360.416,0.0484,-3.8909,1.1201,0.0003,-0.0621,0.0252,69.598,73.898,-7.6773,124.7244,-0.5443,0.0,0.0,0.0,-0.03,1483.9,0.0,3.65,153.6,0,685.292,0.020779539574744543,0.10386709519855707,-0.03,-0.0187629381217837,0.5401784766332764,1.0,0.0,-776.6751511745371,-15.674390015568196,304.68,356.916,4.714535649698017,0.03954826534314392,-0.23444206224978986,-2.6116944285627373,-0.270038443277997,1.1000999999999976,0.020738834646120648,final_approach,0.6036194720713937,1.315784006296564,-7.875960958355995,
685.4,63.95755303,-22.60577134,450.348,359.517,0.0484,-3.8976,1.1229,0.0004,-0.062,0.0253,69.599,73.896,-7.6903,124.7213,-0.5374,0.0,0.0,0.0,-0.03,1482.8,0.0,3.65,153.6,0,685.4,0.020757276010824166,0.10391023181279191,-0.03,-0.018810114785778265,0.5395750639324833,1.0,0.0,-772.5572066091487,-15.693465193900089,303.848,356.017,4.718898595623474,0.03968982902894652,-0.23497996547807,-2.6276701648915353,-0.2668749232138339,1.1029000000000053,0.019695236883683135,final_approach,0.6061302110483844,1.3148052723494033,-7.891689646611882,
685.475,63.95758145,-22.60577162,449.706,358.809,0.0484,-3.9027,1.125,0.0004,-0.0623,0.0253,69.6,73.895,-7.7003,124.7188,-0.5321,0.0,0.0,0.0,-0.03,1482.0,0.0,3.65,153.6,0,685.475,0.02073579253299468,0.1039433618794887,-0.03,-0.018845494405454077,0.539111310066987,1.0,0.0,-769.3890424882031,-15.70828933739751,303.206,355.309,4.722247679406923,0.0405172659317813,-0.23539681902195655,-2.63875575090596,-0.2644450981256341,1.1049999999999898,0.019116882015457345,final_approach,0.6079297733084665,1.3138602913746737,-7.9037750858382605,
685.583,63.95761839,-22.60577198,448.871,357.897,0.0485,-3.9095,1.1277,0.0004,-0.0626,0.0252,69.601,73.893,-7.7134,124.7154,-0.5252,0.0,0.0,0.0,-0.03,1481.0,0.0,3.64,153.6,0,685.583,0.02071140632862417,0.1039859633717236,-0.03,-0.018890978854677054,0.5385050267184845,1.0,0.0,-765.2710979228148,-15.7273645157294,302.371,354.397,4.726620853904295,0.04051311435267952,-0.23593677776667807,-2.6547374022014916,-0.2612818747226697,1.1076999999999941,0.018220734492171042,final_approach,0.6104438487976154,1.3128869855915113,-7.919571170873253,
685.683,63.95765249,-22.6057723,448.099,357.051,0.0485,-3.9157,1.1303,0.0002,-0.0629,0.0252,69.602,73.891,-7.7255,124.7121,-0.5188,0.0,0.0,0.0,-0.03,1480.0,0.0,3.64,153.6,0,685.683,0.020690328504361644,0.10402601738533743,-0.03,-0.018934774823244682,0.5379432461139247,1.0,0.0,-761.4697466108802,-15.744369432799349,301.599,353.551,4.730667869082221,0.04050595392377389,-0.2364271923046163,-2.6695309967579517,-0.2583479946594309,1.1102999999999952,0.0174733949928869,final_approach,0.6127586387678008,1.3119587382390954,-7.934204149686304,
685.783,63.95768659,-22.60577262,447.326,356.2,0.0485,-3.922,1.1328,0.0001,-0.0632,0.0252,69.603,73.889,-7.7376,124.7088,-0.5124,0.0,0.0,0.0,-0.03,1479.0,0.0,3.64,153.6,0,685.783,0.020669299312433387,0.10406695512771394,-0.03,-0.018976882741311707,0.5373791122625073,1.0,0.0,-757.6683952989456,-15.761374349695238,300.826,352.7,4.7347269618988905,0.0405201162975929,-0.23691858497944712,-2.68432441860004,-0.255413958075593,1.112799999999993,0.016793995448070215,final_approach,0.6150746784322507,1.3110321211720297,-7.948894995631171,
685.9,63.95772352,-22.60577296,446.487,355.283,0.0485,-3.9288,1.1355,0.0001,-0.0634,0.0251,69.604,73.886,-7.7509,124.7049,-0.5055,0.0,0.0,0.0,-0.03,1478.0,0.0,3.64,153.6,0,685.9,0.02065182630986323,0.10410855754594361,-0.03,-0.01902235533047375,0.5367670705584887,1.0,0.0,-753.5515651589942,-15.779469264250114,299.987,351.783,4.739125371160892,0.040032303840590575,-0.2374470313708126,-2.7016368560378794,-0.25225116182974716,1.1154999999999973,0.01604426936615948,final_approach,0.6177237305195113,1.3102618127461376,-7.964829643365853,
685.975,63.95775194,-22.60577323,445.841,354.553,0.0486,-3.934,1.1376,0.0001,-0.0634,0.0251,69.605,73.884,-7.7611,124.7019,-0.5002,0.0,0.0,0.0,-0.03,1477.1,0.0,3.64,153.5,0,685.975,0.020627997215311777,0.10414240661506019,-0.03,-0.019057720049052762,0.5362931633890615,1.0,0.0,-750.3834008670283,-15.793803470596732,299.341,351.053,4.742527315977901,0.040920130571618314,-0.23786064319718506,-2.71272231213758,-0.24982164032405763,1.1176000000000101,0.015797820635907612,final_approach,0.6195189437899167,1.309310722079676,-7.977165286879993,
686.083,63.95778887,-22.60577356,444.999,353.66,0.0486,-3.9409,1.1403,0.0001,-0.0635,0.0251,69.605,73.882,-7.7745,124.6978,-0.4934,0.0,0.0,0.0,-0.03,1476.1,0.0,3.64,153.5,0,686.083,0.02060675461921624,0.1041827613014618,-0.03,-0.01910318529973426,0.535678250305971,1.0,0.0,-746.2665705560564,-15.81140844782674,298.499,350.16,4.746936689458329,0.040904697514050514,-0.23838373652546185,-2.728701955358627,-0.24670480219248248,1.120299999999986,0.014361655123552374,final_approach,0.622010506023134,1.3083731655882325,-7.993167923121941,
686.192,63.95782581,-22.60577389,444.156,352.726,0.0486,-3.9477,1.143,0.0001,-0.0635,0.0251,69.606,73.879,-7.7879,124.6936,-0.4865,0.0,0.0,0.0,-0.03,1475.0,0.0,3.63,153.5,0,686.192,0.0205845797055626,0.104225313754698,-0.03,-0.019148646409141157,0.5350595072314059,1.0,0.0,-742.1486254776069,-15.829013814184023,297.656,349.226,4.751368207540011,0.040863269459996736,-0.23890804040671856,-2.7448286479918282,-0.24354198850525677,1.1229999999999905,0.013890078469276321,final_approach,0.6245202346285765,1.3073939016416247,-8.009266523339393,
686.275,63.95785422,-22.60577414,443.507,352.014,0.0486,-3.953,1.1451,0.0,-0.0637,0.025,69.607,73.877,-7.7983,124.6902,-0.4812,0.0,0.0,0.0,-0.03,1474.1,0.0,3.63,153.5,0,686.275,0.020567038410672756,0.1042575860754757,-0.03,-0.019184002180522408,0.5345814354584654,1.0,0.0,-738.981575611078,-15.84236775692769,297.007,348.514,4.754788656845039,0.040921096648449666,-0.2393092382740647,-2.7570972888424605,-0.2411127436738525,1.1251000000000033,0.013722634314900858,final_approach,0.6264325960549257,1.306618857435268,-8.02170262860936,
686.383,63.95788831,-22.60577444,442.726,351.145,0.0486,-3.9593,1.1476,0.0,-0.0639,0.025,69.607,73.875,-7.8107,124.6861,-0.4749,0.0,0.0,0.0,-0.03,1473.1,0.0,3.63,153.5,0,686.383,0.020551749997456847,0.1042963047519647,-0.03,-0.01922608910423179,0.5340085658766616,1.0,0.0,-735.1813387245803,-15.858392410220628,296.226,347.645,4.758883364735051,0.04041990753113005,-0.2397915456578979,-2.7730692255336895,-0.23822507975935991,1.127600000000001,0.012475122104455325,final_approach,0.6288695699891136,1.305943062399102,-8.036601950061437,
686.483,63.95792524,-22.60577475,441.879,350.249,0.0486,-3.9662,1.1503,0.0002,-0.064,0.025,69.608,73.872,-7.8243,124.6815,-0.468,0.0,0.0,0.0,-0.03,1472.1,0.0,3.63,153.5,0,686.483,0.020523955410336858,0.10433757081628184,-0.03,-0.01927153896864664,0.5333848584748522,1.0,0.0,-731.0645080715677,-15.875017512800895,295.379,346.749,4.763336626866277,0.041105359827991586,-0.24030400749546815,-2.7878560621981108,-0.23506236997096153,1.1303000000000054,0.012250111004055462,final_approach,0.6312124605618266,1.3047137581032224,-8.052820145335751,
686.583,63.95795933,-22.60577504,441.096,349.364,0.0486,-3.9726,1.1528,0.0,-0.0641,0.025,69.608,73.87,-7.8369,124.677,-0.4617,0.0,0.0,0.0,-0.03,1471.0,0.0,3.63,153.5,0,686.583,0.020503914366587883,0.10437514820779145,-0.03,-0.01931361845236279,0.5328068413826468,1.0,0.0,-727.2642710140499,-15.890552228943026,294.596,345.864,4.767459297120049,0.041125583612945125,-0.2407809007531542,-2.802641298732769,-0.2321749839934455,1.1328000000000031,0.011136464549141328,final_approach,0.633508356398842,1.3038268196374894,-8.06784726047603,
686.692,63.95799626,-22.60577535,440.246,348.45,0.0486,-3.9795,1.1555,-0.0001,-0.0642,0.025,69.608,73.867,-7.8506,124.6721,-0.4549,0.0,0.0,0.0,-0.03,1470.0,0.0,3.63,153.5,0,686.692,0.02048289233275713,0.1044155202143942,-0.03,-0.01935906026373918,0.5321794198004244,1.0,0.0,-723.1474403610372,-15.9071773315233,293.746,344.95,4.771929726641768,0.041106838823811345,-0.24129551498762983,-2.818759579814364,-0.2290582771455263,1.1355000000000075,0.010124058681037572,final_approach,0.6360042895873725,1.3028959619849552,-8.084155621120058,
686.775,63.95802467,-22.60577559,439.592,347.728,0.0486,-3.9848,1.1576,-0.0,-0.0641,0.0251,69.608,73.864,-7.8611,124.6683,-0.4496,0.0,0.0,0.0,-0.03,1469.1,0.0,3.63,153.5,0,686.775,0.020465211938876793,0.10444855359915611,-0.03,-0.019394400994737937,0.5316932447298894,1.0,0.0,-719.9803903234879,-15.920041336942095,293.092,344.228,4.775390549108158,0.04120514172343903,-0.2416932981981311,-2.831021555393985,-0.22662887672169063,1.137599999999992,0.009203689710034156,final_approach,0.6379113314534699,1.3021126721551184,-8.096790419757989,
686.892,63.95806159,-22.60577589,438.739,346.817,0.0486,-3.9917,1.1603,0.0001,-0.0643,0.025,69.609,73.861,-7.8749,124.6631,-0.4428,0.0,0.0,0.0,-0.03,1468.0,0.0,3.62,153.5,0,686.892,0.02044846295990188,0.10448885831502885,-0.03,-0.019439835340872624,0.5310636463656035,1.0,0.0,-715.8646742669328,-15.936176113244285,292.239,343.317,4.779868274038032,0.04071614364399276,-0.24220237940314526,-2.8483182497181274,-0.22351222192568798,1.1402999999999963,0.00914399142247854,final_approach,0.640532924489893,1.301370308813894,-8.11314978343522,
686.975,63.95809284,-22.60577614,438.017,346.025,0.0486,-3.9976,1.1626,0.0003,-0.0641,0.0251,69.609,73.859,-7.8866,124.6586,-0.437,0.0,0.0,0.0,-0.03,1467.1,0.0,3.62,153.5,0,686.975,0.02042442118595772,0.1045237534899012,-0.03,-0.01947853535048122,0.5305264360713217,1.0,0.0,-712.3810304628685,-15.949640567950418,291.517,342.525,4.783685416101505,0.04159506360588752,-0.24263122060251266,-2.860576293870578,-0.22085379654910753,1.1425999999999874,0.008312719474980492,final_approach,0.6424803526845011,1.3003041325737534,-8.127106186465449,
687.083,63.95812976,-22.60577643,437.162,345.081,0.0487,-4.0045,1.1654,0.0001,-0.0643,0.0251,69.609,73.855,-7.9004,124.6532,-0.4302,0.0,0.0,0.0,-0.03,1466.0,0.0,3.62,153.5,0,687.083,0.020400095356663484,0.10456548321790479,-0.03,-0.019525644271181808,0.5298912479912712,1.0,0.0,-708.2653142352929,-15.96528540692774,290.662,341.581,4.788194689522969,0.04162130828494638,-0.24313489491961912,-2.876536787863955,-0.21773697335575548,1.145399999999995,0.00755701770452772,final_approach,0.6449440109106668,1.2993246685096764,-8.143605287248718,
687.2,63.95816668,-22.60577672,436.305,344.131,0.0487,-4.0114,1.1681,-0.0,-0.0646,0.025,69.609,73.852,-7.9143,124.6476,-0.4234,0.0,0.0,0.0,-0.03,1464.9,0.0,3.62,153.4,0,687.2,0.02038314148164677,0.10460597912447887,-0.03,-0.019571066421496808,0.5292551431361542,1.0,0.0,-704.1495980077173,-15.980930246079124,289.805,340.631,4.792706213205423,0.04111109548311182,-0.24363967239382384,-2.893824136061374,-0.21462019120727405,1.1480999999999995,0.0068700160950252,final_approach,0.6475588232978922,1.2985719250517924,-8.160125376482243,
687.283,63.95819792,-22.60577696,435.579,343.338,0.0487,-4.0173,1.1704,-0.0,-0.0648,0.025,69.609,73.849,-7.926,124.6428,-0.4177,0.0,0.0,0.0,-0.03,1463.9,0.0,3.62,153.4,0,687.283,0.020360440241704858,0.10464210614292371,-0.03,-0.019609756020177005,0.528714525688448,1.0,0.0,-700.6670687993183,-15.993904374333384,289.079,339.838,4.796537258755602,0.041952108786488855,-0.24406363044874868,-2.9060751706121795,-0.21200754085305107,1.1503999999999905,0.0062454691772956365,final_approach,0.6494989886573883,1.297563471492083,-8.174163458501187,
687.392,63.95823484,-22.60577724,434.719,342.424,0.0487,-4.0243,1.1731,-0.0,-0.0649,0.0249,69.609,73.846,-7.94,124.637,-0.4109,0.0,0.0,0.0,-0.03,1462.8,0.0,3.62,153.4,0,687.392,0.020338729242028786,0.10468227609466046,-0.03,-0.01965517031048375,0.5280751355441411,1.0,0.0,-696.5513524007224,-16.009059275985837,288.219,338.924,4.8010645335920925,0.041882529243311505,-0.2445629651965044,-2.9221737940320462,-0.2088905422066034,1.153099999999995,0.005677699252086942,final_approach,0.6519724638376339,1.2965984387956837,-8.19076392510148,
687.475,63.95826324,-22.60577745,434.057,341.701,0.0487,-4.0297,1.1751,-0.0,-0.065,0.0249,69.608,73.843,-7.9508,124.6324,-0.4057,0.0,0.0,0.0,-0.03,1462.0,0.0,3.62,153.4,0,687.475,0.02032184312764257,0.10471305229113102,-0.03,-0.019688807780785023,0.5275805744320065,1.0,0.0,-693.3854166175896,-16.02045308047682,287.557,338.201,4.8045636548640465,0.04192845563841264,-0.24494378170057032,-2.934419447083034,-0.2065070049749238,1.1551000000000045,0.004066254522717674,final_approach,0.6538552371083561,1.2958474828289681,-8.203602472829365,
687.583,63.95830015,-22.60577772,433.195,340.734,0.0487,-4.0367,1.1778,-0.0001,-0.0651,0.0248,69.608,73.839,-7.9648,124.6264,-0.3989,0.0,0.0,0.0,-0.03,1460.9,0.0,3.61,153.4,0,687.583,0.020299304830072917,0.10475493234157526,-0.03,-0.0197342146526579,0.5269366977834181,1.0,0.0,-689.2708148154509,-16.035117655677126,286.695,337.234,4.8091158377242555,0.04196535324838601,-0.2454374773962718,-2.9503627846323246,-0.20338978256742735,1.1578000000000088,0.0036965950206524307,final_approach,0.6563037337158093,1.2948446389405284,-8.220315017597354,
687.683,63.95833423,-22.60577796,432.398,339.866,0.0487,-4.0432,1.1803,-0.0001,-0.0652,0.0248,69.608,73.836,-7.9778,124.6207,-0.3926,0.0,0.0,0.0,-0.03,1459.8,0.0,3.61,153.4,0,687.683,0.020278033560879982,0.10479339244134334,-0.03,-0.019776254241194946,0.5263397729251461,1.0,0.0,-685.4716916703087,-16.0482022962417,285.898,336.366,4.813332779190966,0.041999363484837356,-0.24588730475163448,-2.9651169724920505,-0.20050170333118444,1.1603000000000065,0.003360540927865846,final_approach,0.6585603191991822,1.2938976201732366,-8.23580679686734,
687.783,63.9583683,-22.60577821,431.599,339.002,0.0486,-4.0497,1.1828,-0.0001,-0.0653,0.0247,69.607,73.833,-7.9909,124.6148,-0.3864,0.0,0.0,0.0,-0.03,1458.8,0.0,3.61,153.4,0,687.783,0.02026092297305704,0.10482929768684945,-0.03,-0.019818290157156526,0.5257435208556132,1.0,0.0,-681.6736834636647,-16.061776484829807,285.099,335.502,4.817541922565344,0.0420147085279937,-0.24634548178040233,-2.979867797428454,-0.19765962189740094,1.1628000000000043,0.002145946298055726,final_approach,0.6608274911780256,1.2930354501065473,-8.251279220145937,
687.9,63.95840521,-22.60577846,430.733,338.06,0.0486,-4.0567,1.1855,-0.0001,-0.0655,0.0247,69.607,73.829,-8.0051,124.6084,-0.3796,0.0,0.0,0.0,-0.03,1457.6,0.0,3.61,153.4,0,687.9,0.020242866994696462,0.10487058945760398,-0.03,-0.019863684812576998,0.525093074962111,1.0,0.0,-677.5590813186932,-16.07546118555472,284.233,334.56,4.822130302354416,0.041548410652349224,-0.24682722738668872,-2.99712509862272,-0.19454209045008497,1.1655000000000086,0.001950860270959751,final_approach,0.6634084677039098,1.2922307921303613,-8.268155899792452,
687.992,63.95843644,-22.60577868,429.999,337.247,0.0486,-4.0627,1.1877,-0.0,-0.0656,0.0247,69.606,73.826,-8.0171,124.6029,-0.3739,0.0,0.0,0.0,-0.03,1456.7,0.0,3.61,153.4,0,687.992,0.020224767298396007,0.10490558278173139,-0.03,-0.01990066986987682,0.5245413182504771,1.0,0.0,-674.0776665365232,-16.087455050205758,283.499,333.747,4.826019886516473,0.04167002366329479,-0.24724204770104613,-3.0106801833754373,-0.19192880470851037,1.1676999999999964,0.0007853670447411343,final_approach,0.6654836446305801,1.291423797268532,-8.282470377992247,
688.092,63.95847051,-22.60577891,429.196,336.378,0.0486,-4.0692,1.1902,-0.0001,-0.0658,0.0247,69.606,73.822,-8.0303,124.5967,-0.3677,0.0,0.0,0.0,-0.03,1455.6,0.0,3.61,153.4,0,688.092,0.020204813367499574,0.10494250554450138,-0.03,-0.01994269487039052,0.5239401539540984,1.0,0.0,-670.2796579878384,-16.10004936431819,282.696,332.878,4.830255139328284,0.04178377440576243,-0.24768793347179416,-3.0254133761113686,-0.1890863158257048,1.1701999999999941,0.0007139700406737585,final_approach,0.6677326018567271,1.2905336778810543,-8.298065105666266,
688.192,63.9584989,-22.6057791,428.526,335.649,0.0486,-4.0747,1.1923,-0.0001,-0.0659,0.0247,69.605,73.819,-8.0413,124.5915,-0.3625,0.0,0.0,0.0,-0.03,1454.8,0.0,3.6,153.4,0,688.192,0.020196909973018762,0.10497317719536498,-0.03,-0.019977993009673012,0.5234376134588102,1.0,0.0,-667.1148366293504,-16.110462904858373,282.026,332.149,4.833793557645106,0.040717175866170505,-0.2480589295550587,-3.040134557813173,-0.18670207411349793,1.172300000000007,-0.00026002723574234375,final_approach,0.6698816704208461,1.2901809865208875,-8.311100272848156,
688.275,63.95853296,-22.60577932,427.722,334.76,0.0486,-4.0812,1.1947,0.0001,-0.0659,0.0247,69.604,73.815,-8.0546,124.5851,-0.3563,0.0,0.0,0.0,-0.03,1453.7,0.0,3.6,153.3,0,688.275,0.020167153440354357,0.10501010071847171,-0.03,-0.020018330535345685,0.5228306937494317,1.0,0.0,-663.317942677123,-16.12256689251866,281.222,331.26,4.838064563822596,0.042507297513959985,-0.24849885319354123,-3.0523489236849497,-0.18385932655019133,1.1747000000000014,-0.0013316786480517873,final_approach,0.6718385458531522,1.28885242460764,-8.32684154965926,
688.375,63.95856702,-22.60577954,426.915,333.865,0.0487,-4.0878,1.1972,0.0002,-0.066,0.0247,69.604,73.811,-8.0679,124.5787,-0.3501,0.0,0.0,0.0,-0.03,1452.7,0.0,3.6,153.3,0,688.375,0.020144696371136472,0.10504672645965893,-0.03,-0.020060345149069847,0.5222261923456372,1.0,0.0,-659.5210487248954,-16.134670880178952,280.415,330.365,4.842316103527974,0.042508647437261994,-0.24893967640351444,-3.0670683949130213,-0.1810162860982416,1.1771999999999991,-0.0012106169527743521,final_approach,0.674079243509965,1.2879490677445418,-8.34251874953535,
688.492,63.9586096,-22.60577981,425.906,332.776,0.0487,-4.096,1.2003,-0.0,-0.0662,0.0247,69.603,73.806,-8.0845,124.5705,-0.3424,0.0,0.0,0.0,-0.03,1451.4,0.0,3.6,153.3,0,688.492,0.020115664749851325,0.10509481305901663,-0.03,-0.02011243809732627,0.5214639109960824,1.0,0.0,-654.7743738143719,-16.149556090699377,279.406,329.276,4.847674026786739,0.043056242178866985,-0.2494882307764616,-3.084296951173701,-0.177485323574615,1.1802999999999884,-0.0018775616431632427,final_approach,0.6767447357190619,1.2866510739888746,-8.36228606106953,
688.575,63.95863798,-22.60577999,425.232,332.067,0.0487,-4.1015,1.2023,-0.0001,-0.0663,0.0247,69.602,73.803,-8.0957,124.5649,-0.3372,0.0,0.0,0.0,-0.03,1450.5,0.0,3.6,153.3,0,688.575,0.02009804229251344,0.10512475738391329,-0.03,-0.020146043405458947,0.5209552329761629,1.0,0.0,-651.6106670531334,-16.15947930478714,278.732,328.567,4.851247477878602,0.04305580641785117,-0.24985466028451378,-3.096501666412414,-0.17510059141497436,1.182299999999998,-0.002802164472962812,final_approach,0.6786037970060264,1.2858626880229984,-8.37547598258769,
688.683,63.95867488,-22.60578021,424.354,331.08,0.0487,-4.1086,1.205,-0.0002,-0.0665,0.0246,69.601,73.799,-8.1102,124.5575,-0.3305,0.0,0.0,0.0,-0.03,1449.3,0.0,3.6,153.3,0,688.683,0.020075718927600184,0.10516524604602445,-0.03,-0.02019140677435155,0.5202928138164604,1.0,0.0,-647.4971791633706,-16.171693804583956,277.854,327.58,4.85589875236206,0.04305773140293081,-0.2503213868341758,-3.1123889701914127,-0.17202786415160176,1.1850000000000023,-0.0033891730899032833,final_approach,0.6810102768596735,1.2848634604830025,-8.392651291826754,
688.792,63.95871177,-22.60578043,423.474,330.12,0.0486,-4.1158,1.2077,-0.0003,-0.0668,0.0246,69.6,73.794,-8.1248,124.5501,-0.3238,0.0,0.0,0.0,-0.03,1448.2,0.0,3.59,153.3,0,688.792,0.02005620015885512,0.10520419486739889,-0.03,-0.020236765771889875,0.5196303270329319,1.0,0.0,-643.3848060402934,-16.183907915253773,276.974,326.62,4.860548145507857,0.0429906066672677,-0.2507890702123516,-3.1284166322528693,-0.16895477088846178,1.1877000000000066,-0.003915094802334455,final_approach,0.6834338301539233,1.2838892808771334,-8.409827244891915,
688.892,63.95874582,-22.60578063,422.661,329.246,0.0486,-4.1224,1.2101,-0.0001,-0.0667,0.0246,69.599,73.79,-8.1383,124.5431,-0.3177,0.0,0.0,0.0,-0.03,1447.1,0.0,3.59,153.3,0,688.892,0.020036985980549926,0.10524101495108049,-0.03,-0.02027708120329763,0.5190155458617209,1.0,0.0,-639.5890265135029,-16.195031639311114,276.161,325.746,4.864860758455256,0.043013193801720036,-0.25121934494677617,-3.1431105113067073,-0.16615686993608847,1.190100000000001,-0.004468268002113447,final_approach,0.6856576694883927,1.28302829574476,-8.425765483508476,
688.975,63.9587742,-22.60578079,421.982,328.525,0.0486,-4.128,1.2122,-0.0001,-0.0667,0.0246,69.598,73.786,-8.1496,124.5372,-0.3125,0.0,0.0,0.0,-0.03,1446.2,0.0,3.59,153.3,0,688.975,0.020018761559841947,0.10527097148908461,-0.03,-0.02031235436100992,0.5185027929141044,1.0,0.0,-636.4253194094315,-16.20397497892348,275.482,325.025,4.868456287925298,0.043064266862965744,-0.25157355343358156,-3.1552951771604083,-0.16377144755369955,1.192200000000014,-0.005157352072025517,final_approach,0.6874983321683992,1.2822112511534876,-8.439058069031038,
689.083,63.95880825,-22.60578099,421.167,327.602,0.0486,-4.1346,1.2146,-0.0003,-0.067,0.0246,69.597,73.782,-8.1632,124.53,-0.3064,0.0,0.0,0.0,-0.03,1445.2,0.0,3.59,153.3,0,689.083,0.02000401363673676,0.10530786165830516,-0.03,-0.020352663284051442,0.5178838886951628,1.0,0.0,-632.629539882641,-16.215098702806756,274.667,324.102,4.8727946179243045,0.04258184275464528,-0.2520054480799467,-3.1711527029152573,-0.1609731905334968,1.1946000000000083,-0.0055302527254148335,final_approach,0.6898555560971573,1.281549773509692,-8.45510192455206,
689.192,63.95884797,-22.60578121,420.213,326.596,0.0485,-4.1424,1.2175,-0.0004,-0.0672,0.0246,69.596,73.777,-8.179,124.5215,-0.2992,0.0,0.0,0.0,-0.03,1443.9,0.0,3.59,153.3,0,689.192,0.01997792782492669,0.10535119842789702,-0.03,-0.02040136525470454,0.5171638923904651,1.0,0.0,-628.2016875895063,-16.22742293648583,273.713,323.096,4.877839583938445,0.04319888427434321,-0.25250024481057975,-3.1871533747790237,-0.15766991434634292,1.197499999999991,-0.00586153083460583,final_approach,0.6923116484590963,1.2802791238048847,-8.473765713747527,
689.275,63.95887634,-22.60578136,419.531,325.846,0.0485,-4.148,1.2196,-0.0004,-0.0673,0.0246,69.595,73.774,-8.1904,124.5154,-0.2941,0.0,0.0,0.0,-0.03,1443.0,0.0,3.59,153.3,0,689.275,0.019960944355928822,0.10538122494807112,-0.03,-0.020436629019666863,0.5166470000153364,1.0,0.0,-625.0390950818924,-16.23587594982011,273.031,322.346,4.881460194855864,0.04326937327564729,-0.252848938466088,-3.1993220456681493,-0.15532990633397503,1.1996000000000038,-0.006423954647018593,final_approach,0.6941432068623605,1.2795165172942937,-8.48716427225285,
689.383,63.95891322,-22.60578156,418.643,324.848,0.0485,-4.1552,1.2222,-0.0004,-0.0676,0.0245,69.594,73.769,-8.2053,124.5073,-0.2875,0.0,0.0,0.0,-0.03,1441.9,0.0,3.58,153.2,0,689.383,0.019939615152728685,0.10541985259551556,-0.03,-0.02048028521152334,0.5159734619194339,1.0,0.0,-620.9278363850442,-16.24710979671264,272.143,321.348,4.886176640939188,0.04333627724100478,-0.2533069483634052,-3.2151616367270006,-0.15230153840931848,1.2022000000000048,-0.006681709611771289,final_approach,0.6965326991554903,1.2785582809463527,-8.504622970776994,
689.483,63.95894726,-22.60578173,417.822,323.98,0.0484,-4.162,1.2247,-0.0004,-0.0677,0.0244,69.592,73.764,-8.219,124.4997,-0.2813,0.0,0.0,0.0,-0.03,1440.8,0.0,3.58,153.2,0,689.483,0.019920174918357514,0.10545624089913963,-0.03,-0.020522258443224806,0.5153500689718308,1.0,0.0,-617.1331711118781,-16.256763319668377,271.322,320.48,4.890540654816596,0.04338692082985788,-0.2537194362108115,-3.229816374892312,-0.14945633885372445,1.2047000000000025,-0.007892463283425862,final_approach,0.6987286180041927,1.277584428865957,-8.520781640771398,
689.592,63.95898414,-22.60578192,416.93,323.007,0.0484,-4.1693,1.2273,-0.0004,-0.0679,0.0244,69.591,73.759,-8.234,124.4914,-0.2747,0.0,0.0,0.0,-0.03,1439.6,0.0,3.58,153.2,0,689.592,0.01989908846666133,0.10549376326317972,-0.03,-0.02056590656504853,0.5146753879709599,1.0,0.0,-613.0219122440096,-16.26750722923604,270.43,319.507,4.895262451176152,0.043375639467625356,-0.2541717545307109,-3.245786096640723,-0.14642740854182534,1.2073000000000036,-0.008008994978264072,final_approach,0.7011252639364614,1.2766360603945195,-8.538269615036233,
689.7,63.95901818,-22.60578209,416.106,322.084,0.0484,-4.176,1.2298,-0.0003,-0.0678,0.0244,69.589,73.755,-8.2478,124.4837,-0.2686,0.0,0.0,0.0,-0.03,1438.6,0.0,3.58,153.2,0,689.7,0.01988338243142279,0.10552972201993309,-0.03,-0.020607872021325913,0.5140491686130401,1.0,0.0,-609.2272469708437,-16.277160752365837,269.606,318.584,4.899644047217005,0.04290808850828374,-0.2545860283864508,-3.261596557758562,-0.14362761143809166,1.2098000000000013,-0.008964406209191422,final_approach,0.7034538804432167,1.2759293269741505,-8.55450146464505,
689.775,63.95904654,-22.60578223,415.418,321.345,0.0483,-4.1816,1.2318,-0.0004,-0.0678,0.0244,69.588,73.751,-8.2594,124.4771,-0.2635,0.0,0.0,0.0,-0.03,1437.7,0.0,3.58,153.2,0,689.775,0.019863927291005223,0.1055585651883311,-0.03,-0.020641441634148938,0.513527429502005,1.0,0.0,-606.065769059687,-16.285123439073917,268.918,317.845,4.90329393134688,0.043867594045522325,-0.25493057870102886,-3.2725623597667326,-0.14128668928529464,1.2118000000000109,-0.009361581402302123,final_approach,0.7051442072200409,1.2749534774913585,-8.56802524257505,
689.875,63.95908057,-22.60578239,414.592,320.442,0.0483,-4.1884,1.2342,-0.0005,-0.0681,0.0243,69.587,73.746,-8.2733,124.4692,-0.2574,0.0,0.0,0.0,-0.03,1436.6,0.0,3.58,153.2,0,689.875,0.019843497426415835,0.1055949966670826,-0.03,-0.0206817219344001,0.5128978779712567,1.0,0.0,-602.2722183837705,-16.294286635751295,268.092,316.942,4.907697319518879,0.043895308657931065,-0.255338666849827,-3.2871876852524964,-0.13848644181297232,1.2142000000000053,-0.009419619456629509,final_approach,0.7073309491069963,1.2740332515408852,-8.584343796173817,
689.983,63.95911744,-22.60578256,413.695,319.47,0.0482,-4.1957,1.2368,-0.0006,-0.0681,0.0243,69.585,73.741,-8.2884,124.4605,-0.2508,0.0,0.0,0.0,-0.03,1435.4,0.0,3.58,153.2,0,689.983,0.01982344299385269,0.10563336971357548,-0.03,-0.020725354936336815,0.5122154032968039,1.0,0.0,-598.1620739405467,-16.304050281716282,267.195,315.97,4.912470135083032,0.04394487999913303,-0.25577919205543115,-3.3029779623275664,-0.13545640626441013,1.2168000000000063,-0.01024679209862828,final_approach,0.7096917610980853,1.2730294419887223,-8.602034558019259,
690.083,63.95914296,-22.60578268,413.073,318.801,0.0482,-4.2008,1.2387,-0.0007,-0.0682,0.0242,69.584,73.737,-8.2989,124.4545,-0.2463,0.0,0.0,0.0,-0.03,1434.6,0.0,3.57,153.2,0,690.083,0.019822944284809296,0.10565967493862084,-0.03,-0.02075723796263851,0.5117424627943294,1.0,0.0,-595.3171896248846,-16.31092258181216,266.573,315.301,4.915777221464358,0.042132543968153746,-0.25608648199569334,-3.317576683986047,-0.13339029179789463,1.2187000000000126,-0.010224356453289651,final_approach,0.7117428872729583,1.2730069600142428,-8.61429419496739,
690.175,63.95917699,-22.60578283,412.242,317.897,0.0481,-4.2076,1.2411,-0.0005,-0.0683,0.0242,69.582,73.733,-8.3129,124.4463,-0.2402,0.0,0.0,0.0,-0.03,1433.5,0.0,3.57,153.2,0,690.175,0.019799985332800196,0.1056944389521832,-0.03,-0.020797508080067417,0.511111495061658,1.0,0.0,-591.5236387771555,-16.319595840990885,265.742,314.397,4.920188954587593,0.04310272345758449,-0.2564892760715177,-3.3309997955537343,-0.13058929954939913,1.221100000000007,-0.011271154087980597,final_approach,0.7137869843773323,1.27187163415935,-8.630650732686508,
690.292,63.95921952,-22.60578301,411.202,316.761,0.0481,-4.2161,1.2441,-0.0001,-0.0682,0.0242,69.58,73.726,-8.3304,124.436,-0.2326,0.0,0.0,0.0,-0.03,1432.1,0.0,3.57,153.2,0,690.292,0.01976981573301606,0.10573955686724476,-0.03,-0.020847840727088895,0.5103194805201053,1.0,0.0,-586.7825361656292,-16.33006967029897,264.702,313.261,4.9257262944971085,0.043806884803701505,-0.25698810285681173,-3.348076504385333,-0.1270990934545182,1.2240999999999929,-0.011800505270342926,final_approach,0.7163695441894085,1.2705101681080002,-8.651183039797806,
690.375,63.95924787,-22.60578313,410.507,316.025,0.0481,-4.2217,1.2461,0.0,-0.068,0.0242,69.579,73.722,-8.3422,124.429,-0.2276,0.0,0.0,0.0,-0.03,1431.2,0.0,3.57,153.2,0,690.375,0.019753419189759258,0.10576773721772376,-0.03,-0.020881392732855275,0.5097916922484155,1.0,0.0,-583.6221726799096,-16.3370520934041,264.007,312.525,4.929416147802917,0.04391508132398834,-0.2573213480815619,-3.3601711646139654,-0.12480277807830475,1.2261000000000024,-0.011823022315870499,final_approach,0.7181722668172839,1.2697697731138469,-8.66486620299778,
690.483,63.95928756,-22.60578329,409.533,314.931,0.0481,-4.2297,1.249,-0.0003,-0.0685,0.0242,69.577,73.716,-8.3586,124.4192,-0.2206,0.0,0.0,0.0,-0.03,1430.0,0.0,3.57,153.1,0,690.483,0.019725783378652273,0.10580995823265318,-0.03,-0.020930038738071477,0.5090494249131616,1.0,0.0,-579.1976636630858,-16.34643553610026,263.033,311.431,4.934605401078181,0.04460400800959842,-0.25778268441112206,-3.3759150783377487,-0.12158750189587408,1.2290000000000134,-0.0124317037888354,final_approach,0.720555120794323,1.2685211176162312,-8.684110932037973,
690.575,63.95931591,-22.6057834,408.836,314.175,0.048,-4.2353,1.251,-0.0005,-0.0687,0.0242,69.575,73.712,-8.3703,124.4121,-0.2155,0.0,0.0,0.0,-0.03,1429.1,0.0,3.57,153.1,0,690.575,0.01971465411062312,0.10584029750467407,-0.03,-0.02096358466507814,0.5085183484769668,1.0,0.0,-576.0373000063457,-16.352928021880523,262.336,310.675,4.9383182574503905,0.04389619575474829,-0.25810958477282314,-3.389308353896627,-0.11924459225818396,1.2309999999999945,-0.013277833483914795,final_approach,0.7224959660438621,1.2679180047948897,-8.697881002161061,
690.675,63.95934709,-22.60578353,408.068,313.343,0.048,-4.2416,1.2532,-0.0006,-0.0689,0.0242,69.574,73.708,-8.3833,124.4042,-0.21,0.0,0.0,0.0,-0.03,1428.2,0.0,3.56,153.1,0,690.675,0.019701302804567666,0.10587261783475954,-0.03,-0.021000482311221147,0.5079339092299594,1.0,0.0,-572.5614575215889,-16.36051050531977,261.568,309.843,4.942404334970397,0.04339029232897385,-0.25847675670215997,-3.4038583350538407,-0.11671781394252889,1.2332000000000107,-0.01297984862174589,final_approach,0.7246202486069926,1.2673142413094638,-8.713035633368765,
690.792,63.95939244,-22.6057837,406.948,312.148,0.0479,-4.2508,1.2564,-0.0004,-0.069,0.0241,69.571,73.701,-8.4022,124.3926,-0.202,0.0,0.0,0.0,-0.03,1426.8,0.0,3.56,153.1,0,690.792,0.01966802894788855,0.10591860898672517,-0.03,-0.02105414623044982,0.5070840862509635,1.0,0.0,-567.5059903356703,-16.370604131185242,260.448,308.648,4.94834630473461,0.04462292133427176,-0.25899726208108775,-3.420885967210629,-0.11304200803144226,1.2364000000000033,-0.01413086471440627,final_approach,0.7272256744175714,1.2657086008389413,-8.73507365585176,
690.883,63.95942078,-22.6057838,406.248,311.38,0.0479,-4.2565,1.2584,-0.0004,-0.0692,0.0241,69.57,73.696,-8.4141,124.3853,-0.197,0.0,0.0,0.0,-0.03,1425.9,0.0,3.56,153.1,0,690.883,0.01965531256793346,0.10594837354915035,-0.03,-0.021087682933241203,0.5065485598009839,1.0,0.0,-564.3467412753876,-16.37660629068742,259.748,307.88,4.952091116520023,0.044044397422173295,-0.25931843557400425,-3.4341072574139924,-0.11074431726646594,1.2384000000000128,-0.013845241648465925,final_approach,0.7291395358645651,1.2651328254496441,-8.748962477584904,
690.975,63.95945479,-22.60578392,405.406,310.439,0.0478,-4.2634,1.2608,-0.0004,-0.0695,0.0241,69.568,73.691,-8.4284,124.3765,-0.191,0.0,0.0,0.0,-0.03,1424.9,0.0,3.56,153.1,0,690.975,0.019632935346915292,0.10598306600791291,-0.03,-0.021127923673445348,0.5059063796640509,1.0,0.0,-560.5554194495527,-16.383808959811052,258.906,306.939,4.956582269122495,0.04483981053744975,-0.25970460208756513,-3.4474688185499764,-0.1079867602361162,1.2408000000000072,-0.014562867901763168,final_approach,0.7311546828262152,1.2640191403142929,-8.765618782730511,
691.092,63.95949446,-22.60578406,404.421,309.374,0.0478,-4.2715,1.2636,-0.0005,-0.0696,0.024,69.565,73.685,-8.4451,124.3661,-0.184,0.0,0.0,0.0,-0.03,1423.7,0.0,3.56,153.1,0,691.092,0.01960954204935811,0.10602230339561645,-0.03,-0.02117486664089918,0.5051585353203101,1.0,0.0,-556.1331396256437,-16.39221174960293,257.921,305.874,4.961813292011391,0.04481810833804292,-0.2601560827033395,-3.4644619518339166,-0.1047692075108273,1.2435999999999865,-0.015569973150787878,final_approach,0.7336653717650421,1.2629587666009385,-8.78501783310499,
691.175,63.95952279,-22.60578415,403.717,308.639,0.0478,-4.2772,1.2656,-0.0006,-0.0697,0.0239,69.564,73.681,-8.4571,124.3587,-0.179,0.0,0.0,0.0,-0.03,1422.9,0.0,3.56,153.1,0,691.175,0.019592131007070523,0.10605111872674461,-0.03,-0.02120839431794047,0.504621655932102,1.0,0.0,-552.9750051618183,-16.397723582652965,257.217,305.139,4.9655693577317725,0.0448907242583743,-0.2604714147553709,-3.4764960678585344,-0.10247060680111986,1.245599999999996,-0.015249811298093182,final_approach,0.7354375838431544,1.2621691183537038,-8.798945969157186,
691.292,63.95956246,-22.60578428,402.729,307.565,0.0477,-4.2853,1.2684,-0.0007,-0.0699,0.0239,69.561,73.674,-8.4739,124.3482,-0.172,0.0,0.0,0.0,-0.03,1421.7,0.0,3.55,153.1,0,691.292,0.01957058990583188,0.10609047663143661,-0.03,-0.021255328837974985,0.5038697735024729,1.0,0.0,-548.5527251668888,-16.405636435119973,256.229,304.065,4.970830749306082,0.04490379667443789,-0.26091699471006385,-3.4934650215749743,-0.09925219497526427,1.2484000000000037,-0.016194467147438222,final_approach,0.737937742355232,1.2610916393886953,-8.818454146917228,
691.392,63.95959646,-22.60578438,401.881,306.641,0.0476,-4.2923,1.2708,-0.0006,-0.0699,0.0238,69.559,73.669,-8.4883,124.3392,-0.166,0.0,0.0,0.0,-0.03,1420.7,0.0,3.55,153.1,0,691.392,0.019551859233948587,0.106125554205104,-0.03,-0.021295554493504787,0.5032229828957925,1.0,0.0,-544.7625177664909,-16.411858840466596,255.38099999999997,303.141,4.975357952507035,0.04496516923028396,-0.26129085266181984,-3.5079492234359098,-0.09649312323372783,1.2507999999999981,-0.01654042467949756,final_approach,0.7400632679113315,1.2601412233203,-8.835237886020298,
691.492,63.95963045,-22.60578448,401.031,305.69,0.0476,-4.2992,1.2732,-0.0005,-0.07,0.0238,69.557,73.664,-8.5028,124.3301,-0.1601,0.0,0.0,0.0,-0.03,1419.7,0.0,3.55,153.1,0,691.492,0.019532436900541073,0.10615867973133489,-0.03,-0.021335776511459792,0.5025773212947399,1.0,0.0,-540.9734251335709,-16.41808085686,254.531,302.19,4.979878500062222,0.04500522028388894,-0.26166541157618267,-3.5224226005153954,-0.09377979451377882,1.2531999999999925,-0.01685493152681338,final_approach,0.7421884761573061,1.2592589448196883,-8.851994534458669,
691.575,63.95965878,-22.60578457,400.322,304.925,0.0475,-4.3051,1.2752,-0.0007,-0.0703,0.0237,69.556,73.659,-8.5149,124.3225,-0.1551,0.0,0.0,0.0,-0.03,1418.8,0.0,3.55,153.0,0,691.575,0.019517205420037265,0.10618756118336145,-0.03,-0.021369292076237056,0.5020366294527264,1.0,0.0,-537.8152906697455,-16.42359268991004,253.822,301.425,4.9836651620182275,0.04510808910404719,-0.2619834015414574,-3.534421853648589,-0.09147998787102551,1.255200000000002,-0.016417955276296685,final_approach,0.7439601906828024,1.2584667123262037,-8.866028721800875,
691.683,63.95969561,-22.60578467,399.399,303.935,0.0475,-4.3127,1.2777,-0.0006,-0.0707,0.0236,69.553,73.653,-8.5306,124.3125,-0.1486,0.0,0.0,0.0,-0.03,1417.7,0.0,3.55,153.0,0,691.683,0.019494057189808678,0.10622520827431935,-0.03,-0.021411182967487286,0.5013317356903322,1.0,0.0,-533.70960409929,-16.429925218265918,252.899,300.435,4.988603361070108,0.04521075180257525,-0.2623843331709464,-3.550035442957909,-0.08848988460772489,1.2576999999999998,-0.017450666412796294,final_approach,0.7462486632283678,1.2574141314170753,-8.884327501387338,
691.792,63.95973243,-22.60578477,398.474,302.908,0.0474,-4.3203,1.2803,-0.0007,-0.0709,0.0235,69.551,73.647,-8.5464,124.3026,-0.1422,0.0,0.0,0.0,-0.03,1416.6,0.0,3.55,153.0,0,691.792,0.01947514713155102,0.10626196637483157,-0.03,-0.02145474528519664,0.5006270718121539,1.0,0.0,-529.6050322955202,-16.436257357668854,251.974,299.408,4.9935418807253535,0.045226879797625366,-0.2627860954951525,-3.565780665257472,-0.08554534090663424,1.2603000000000009,-0.017532298907374993,final_approach,0.7485530550150763,1.2564537710561758,-8.902623368503313,
691.883,63.95976075,-22.60578484,397.761,302.134,0.0473,-4.3262,1.2822,-0.0006,-0.0711,0.0235,69.549,73.643,-8.5587,124.2949,-0.1373,0.0,0.0,0.0,-0.03,1415.8,0.0,3.54,153.0,0,691.883,0.019465012707194862,0.10628766742011557,-0.03,-0.021486576567715632,0.500085142381375,1.0,0.0,-526.4480122571318,-16.44078892694188,251.26100000000002,298.634,4.997341321001077,0.0446477483216896,-0.2630903154242739,-3.578905682609801,-0.08329066862333434,1.262200000000007,-0.017936455550156247,final_approach,0.7504335988520054,1.2558924967735159,-8.916696182852641,
691.992,63.95980039,-22.60578493,396.762,301.054,0.0473,-4.3344,1.285,-0.0003,-0.0712,0.0234,69.547,73.636,-8.5758,124.284,-0.1304,0.0,0.0,0.0,-0.03,1414.6,0.0,3.54,153.0,0,691.992,0.01943703123675239,0.10632737829188861,-0.03,-0.021533481633585372,0.4993231708995016,1.0,0.0,-522.029075880554,-16.446740862901652,250.262,297.554,5.0026857087195795,0.0453783035991242,-0.2635107752586836,-3.594624999799504,-0.08011527555365205,1.2649999999999864,-0.017973925395897632,final_approach,0.7527596176745099,1.2546182386757962,-8.936486401394049,
692.075,63.95982871,-22.605785,396.046,300.305,0.0473,-4.3403,1.2869,-0.0003,-0.0713,0.0234,69.545,73.632,-8.5881,124.2763,-0.1254,0.0,0.0,0.0,-0.03,1413.8,0.0,3.54,153.0,0,692.075,0.019418870768113716,0.10635331759285234,-0.03,-0.021565307221438623,0.49878079759965216,1.0,0.0,-518.8720558421658,-16.45127243234874,249.546,296.805,5.006491559041298,0.04545752272158907,-0.26381628055947104,-3.6065766219198405,-0.07781382542344772,1.2668999999999926,-0.018530512681914958,final_approach,0.7545094658981881,1.2537906995540986,-8.950575620016203,
692.183,63.95986552,-22.60578508,395.115,299.258,0.0472,-4.348,1.2895,-0.0005,-0.0714,0.0233,69.543,73.626,-8.6041,124.2662,-0.119,0.0,0.0,0.0,-0.03,1412.7,0.0,3.54,153.0,0,692.183,0.01939867962786551,0.1063891182927623,-0.03,-0.021608854285354584,0.4980712433604447,1.0,0.0,-514.7685984638329,-16.456624307974664,248.615,295.758,5.01147280121892,0.04556837106062098,-0.2642055400099221,-3.622127144401993,-0.07486766053739302,1.2694999999999936,-0.01852942230342127,final_approach,0.7567753775147779,1.252770142394322,-8.969010956005992,
692.292,63.95990233,-22.60578516,394.182,298.269,0.0472,-4.3557,1.292,-0.0005,-0.0715,0.0232,69.54,73.62,-8.6201,124.256,-0.1126,0.0,0.0,0.0,-0.03,1411.6,0.0,3.54,153.0,0,692.292,0.019376813783695324,0.10642452202428651,-0.03,-0.021650722378825038,0.49736106056836044,1.0,0.0,-510.6651410862922,-16.46197618360032,247.68200000000002,294.769,5.016461198717772,0.045601161661908765,-0.264595695626362,-3.6378076799339443,-0.07192105819606809,1.2719999999999914,-0.019347014437638258,final_approach,0.7590571111880031,1.2517726563201705,-8.98746647625517,
692.383,63.95993347,-22.60578522,393.391,297.401,0.0471,-4.3622,1.2941,-0.0005,-0.0715,0.0232,69.538,73.615,-8.6337,124.2474,-0.1072,0.0,0.0,0.0,-0.03,1410.7,0.0,3.54,153.0,0,692.383,0.019359774739252822,0.10645391962323496,-0.03,-0.021685888477999626,0.49676022558196775,1.0,0.0,-507.19375647351154,-16.466127549604792,246.89100000000002,293.901,5.020683795120869,0.045734661097555286,-0.2649204044444687,-3.6508807534425927,-0.06943448345569436,1.2741000000000042,-0.019586196941318867,final_approach,0.760958658443684,1.250894945978228,-9.003083507072214,
692.492,63.95997027,-22.60578529,392.455,296.379,0.0471,-4.37,1.2966,-0.0006,-0.0716,0.0232,69.536,73.609,-8.6498,124.2372,-0.1009,0.0,0.0,0.0,-0.03,1409.6,0.0,3.53,153.0,0,692.492,0.01933904183326063,0.10648946503941117,-0.03,-0.021727749185531386,0.496047841808057,1.0,0.0,-503.0914136924281,-16.4709890987783,245.95499999999998,292.879,5.025693188669447,0.04577184074426473,-0.26530423463397323,-3.6665340482801767,-0.0665331066845738,1.276600000000002,-0.01947369029694271,final_approach,0.763228962419106,1.2499481459407384,-9.021603802006334,
692.592,63.96000424,-22.60578535,391.589,295.437,0.047,-4.3771,1.2989,-0.0005,-0.0716,0.0232,69.534,73.603,-8.6647,124.2277,-0.095,0.0,0.0,0.0,-0.03,1408.5,0.0,3.53,153.0,0,692.592,0.01932029403833102,0.10652161616451218,-0.03,-0.02176625748194816,0.49539029932897594,1.0,0.0,-499.3045499095899,-16.475250587792026,245.089,291.937,5.030319826450769,0.045854263589088846,-0.26565568683395785,-3.680877836802642,-0.06381549358712846,1.278899999999993,-0.01952153663357963,final_approach,0.7653089687350167,1.2489915340814797,-9.038702209357249,
692.692,63.9600382,-22.60578541,390.722,294.521,0.047,-4.3842,1.3013,-0.0005,-0.0717,0.0232,69.532,73.597,-8.6796,124.2182,-0.0891,0.0,0.0,0.0,-0.03,1407.5,0.0,3.53,152.9,0,692.692,0.01929933649044313,0.10655445959757137,-0.03,-0.02180643641382002,0.49473114083907077,1.0,0.0,-495.5188008950214,-16.47951168750414,244.22199999999998,291.021,5.034960751558099,0.04594676150312311,-0.2660077990938673,-3.69520902392269,-0.06109746461550003,1.2812999999999874,-0.019565033303262477,final_approach,0.7673884037755343,1.248033432258886,-9.055846489097968,
692.775,63.96006367,-22.60578545,390.07,293.819,0.0469,-4.3895,1.303,-0.0005,-0.0717,0.0233,69.53,73.593,-8.6908,124.2111,-0.0847,0.0,0.0,0.0,-0.03,1406.8,0.0,3.53,152.9,0,692.775,0.019290205895083512,0.10657779570240099,-0.03,-0.021834894238848324,0.49423828636776895,1.0,0.0,-492.6794890485849,-16.482462543712824,243.57,290.319,5.038432773089736,0.045260898705690236,-0.26626841925640876,-3.7070858910881146,-0.0590701939888163,1.282999999999987,-0.019976974415886,final_approach,0.7690706927576976,1.2475158421312926,-9.068667907964134,
692.883,63.96010329,-22.60578551,389.055,292.682,0.0469,-4.3979,1.3057,-0.0006,-0.0721,0.0233,69.527,73.586,-8.7083,124.1999,-0.0779,0.0,0.0,0.0,-0.03,1405.6,0.0,3.53,152.9,0,692.883,0.01926205996196545,0.10661457286484385,-0.03,-0.021880088116543017,0.4934677828917363,1.0,0.0,-488.2627816931092,-16.48694388961778,242.555,289.182,5.043864315596366,0.04609942562916688,-0.26667289782175974,-3.7225410548449562,-0.055936749053586254,1.2856999999999914,-0.020686138357874834,final_approach,0.7713457251564684,1.246227919253574,-9.08871685512339,
692.983,63.96013725,-22.60578556,388.184,291.74,0.0468,-4.4051,1.308,-0.0007,-0.0722,0.0233,69.525,73.581,-8.7232,124.1904,-0.0721,0.0,0.0,0.0,-0.03,1404.6,0.0,3.53,152.9,0,692.983,0.01924440183046805,0.10664928180646309,-0.03,-0.021918582877331005,0.4928043278205769,1.0,0.0,-484.47703250672834,-16.49071505217936,241.68400000000003,288.24,5.048544865099222,0.046217103862406364,-0.2670192640969749,-3.7368345110718244,-0.053263643878864286,1.288000000000011,-0.02062376214351999,final_approach,0.7734132967416052,1.2453193946831789,-9.105984973614209,
693.083,63.9601712,-22.6057856,387.311,290.812,0.0467,-4.4123,1.3104,-0.0008,-0.0725,0.0232,69.523,73.575,-8.7382,124.1808,-0.0663,0.0,0.0,0.0,-0.03,1403.6,0.0,3.52,152.9,0,693.083,0.019226374325878537,0.10668199830146755,-0.03,-0.02195874766037037,0.4921422010501195,1.0,0.0,-480.69239791759685,-16.493995888288527,240.81099999999998,287.312,5.053219538331131,0.04630537527185179,-0.26735834018117394,-3.751114230053039,-0.050590154200790494,1.2904000000000053,-0.02056705649411735,final_approach,0.7754697149889935,1.2443935508399129,-9.123222934899525,
693.192,63.96020798,-22.60578564,386.363,289.795,0.0466,-4.4201,1.3129,-0.0007,-0.0727,0.0232,69.521,73.569,-8.7545,124.1704,-0.0599,0.0,0.0,0.0,-0.03,1402.5,0.0,3.52,152.9,0,693.192,0.019205123512962385,0.10671672647206581,-0.03,-0.02200058199097482,0.49142524691099954,1.0,0.0,-476.5922841576157,-16.49738684740722,239.863,286.295,5.058285396877074,0.046333773805963874,-0.26772385026282386,-3.7666670813624994,-0.04763957373586436,1.292900000000003,-0.020365380799485043,final_approach,0.7777044638545547,1.2433195184484482,-9.141893413310795,
693.275,63.96023628,-22.60578567,385.633,288.988,0.0466,-4.4261,1.3148,-0.0004,-0.0727,0.0232,69.519,73.564,-8.7671,124.1624,-0.0551,0.0,0.0,0.0,-0.03,1401.6,0.0,3.52,152.9,0,693.275,0.019188437866501706,0.10674337213452724,-0.03,-0.02203237335807806,0.49087086832734844,1.0,0.0,-473.43749297010123,-16.499957889300283,239.13299999999998,285.488,5.06220556015963,0.04648329199203356,-0.26800504792028207,-3.778490388081442,-0.045426354870159,1.2948000000000093,-0.020704563048815607,final_approach,0.7794076968609254,1.2425543298025765,-9.156333959733828,
693.383,63.96027022,-22.6057857,384.755,288.042,0.0466,-4.4334,1.3171,-0.0005,-0.0729,0.0232,69.516,73.558,-8.7822,124.1527,-0.0493,0.0,0.0,0.0,-0.03,1400.6,0.0,3.52,152.9,0,693.383,0.01917201247399386,0.10677417871723333,-0.03,-0.022070854491616942,0.49020841779897395,1.0,0.0,-469.653972976635,-16.502748398957586,238.255,284.542,5.066893523657029,0.045970588230083854,-0.2683381874883145,-3.793868346933096,-0.04275167420061621,1.2971000000000004,-0.02134758256962902,final_approach,0.781580119994171,1.241800731280982,-9.173594003137467,
693.483,63.960307,-22.60578574,383.803,287.013,0.0465,-4.4412,1.3197,-0.0005,-0.0729,0.0232,69.514,73.552,-8.7986,124.1422,-0.043,0.0,0.0,0.0,-0.03,1399.5,0.0,3.52,152.9,0,693.483,0.019147458986587262,0.10680982019300778,-0.03,-0.022114350738261457,0.48948585143748446,1.0,0.0,-465.55385921665385,-16.506139358250337,237.303,283.513,5.07201152797228,0.04683883071716227,-0.2687059853439719,-3.80809271764437,-0.03984593813009951,1.2997000000000014,-0.021225075063309444,final_approach,0.7836679908899633,1.2405735761916752,-9.192425992833392,
693.592,63.96034376,-22.60578576,382.849,285.982,0.0465,-4.4491,1.3222,-0.0005,-0.0731,0.0232,69.511,73.546,-8.815,124.1317,-0.0367,0.0,0.0,0.0,-0.03,1398.4,0.0,3.51,152.9,0,693.592,0.019124737966834726,0.10684428644912913,-0.03,-0.02215616987633634,0.48876468704650494,1.0,0.0,-461.45597464958735,-16.50854966446475,236.349,282.482,5.07712458591594,0.046850490343290405,-0.2690584879137789,-3.823584022619536,-0.036939710379073176,1.3021999999999991,-0.021797607855718416,final_approach,0.7858786178846628,1.2395298596923894,-9.2112274777244,
693.7,63.9603777,-22.60578578,381.967,285.0,0.0464,-4.4564,1.3245,-0.0005,-0.0731,0.0232,69.509,73.54,-8.8302,124.122,-0.0309,0.0,0.0,0.0,-0.03,1397.4,0.0,3.51,152.8,0,693.7,0.01911004452897136,0.10687673515664824,-0.03,-0.022194639860895315,0.4880965913214434,1.0,0.0,-457.6724544851008,-16.510850236971237,235.46699999999998,281.5,5.08186598970459,0.046359056441394875,-0.2693859055249382,-3.8389127979348077,-0.03426370466459616,1.3044999999999902,-0.021499508825059008,final_approach,0.7880379108954685,1.2387545495640886,-9.228650939215118,
693.775,63.96040598,-22.6057858,381.23,284.233,0.0464,-4.4624,1.3264,-0.0005,-0.0733,0.0231,69.507,73.535,-8.8429,124.1139,-0.0261,0.0,0.0,0.0,-0.03,1396.5,0.0,3.51,152.8,0,693.775,0.019088721436124112,0.10690225920189354,-0.03,-0.02222641679066295,0.4875419412131267,1.0,0.0,-454.5198926615214,-16.51293056328489,234.73000000000002,280.733,5.085805753266059,0.04738757717110165,-0.2696619291749796,-3.8495401606280844,-0.03204876990608341,1.3063999999999965,-0.021969250447019896,final_approach,0.7895993888277673,1.2377740511465554,-9.243119962398117,
693.875,63.96043992,-22.60578581,380.345,283.244,0.0463,-4.4697,1.3287,-0.0005,-0.0735,0.023,69.505,73.53,-8.8581,124.1042,-0.0204,0.0,0.0,0.0,-0.03,1395.5,0.0,3.51,152.8,0,693.875,0.019070959724770076,0.10693532625603877,-0.03,-0.022264880420517108,0.48687264058557067,1.0,0.0,-450.7363723260144,-16.51474119846651,233.84500000000003,279.744,5.090564216873195,0.047420420321142256,-0.26998263682121754,-3.8637066237747826,-0.029418165473373392,1.3086999999999875,-0.021790227679117265,final_approach,0.7916187417639406,1.2368568725584161,-9.260584969629708,
693.992,63.96047668,-22.60578582,379.384,282.208,0.0463,-4.4777,1.3312,-0.0005,-0.0738,0.023,69.503,73.523,-8.8747,124.0936,-0.0141,0.0,0.0,0.0,-0.03,1394.4,0.0,3.51,152.8,0,693.992,0.0190519385611711,0.10696880172809468,-0.03,-0.02230668475726455,0.4861488873486069,1.0,0.0,-446.6384875879276,-16.516661567530107,232.88400000000001,278.708,5.095715295853317,0.04685473627919155,-0.2703301071238889,-3.8802667904755506,-0.0265101704492281,1.3112000000000137,-0.021363299444105043,final_approach,0.7939432200979191,1.235981302289769,-9.279477343633069,
694.075,63.96050778,-22.60578583,378.57,281.315,0.0462,-4.4844,1.3333,-0.0004,-0.0737,0.023,69.5,73.518,-8.8887,124.0847,-0.0088,0.0,0.0,0.0,-0.03,1393.4,0.0,3.51,152.8,0,694.075,0.019030153002723094,0.10699782938500625,-0.03,-0.022341797209760428,0.4855343530979236,1.0,0.0,-443.17156118995587,-16.518361690401147,232.07,277.815,5.100093649763056,0.04783748888674482,-0.27062594858582184,-3.8919933394212034,-0.024063376539317005,1.3132999999999981,-0.022707052068569853,final_approach,0.795654677202176,1.234877914520986,-9.295524133301715,
694.183,63.96054453,-22.60578583,377.606,280.294,0.0462,-4.4924,1.3358,-0.0005,-0.0739,0.0229,69.498,73.512,-8.9053,124.0741,-0.0026,0.0,0.0,0.0,-0.03,1392.3,0.0,3.5,152.8,0,694.183,0.019007544046361458,0.10703230203710333,-0.03,-0.022383593943857527,0.4848085430840653,1.0,0.0,-439.07479104832635,-16.519791733012607,231.106,276.794,5.105270421476315,0.04785341930880228,-0.27096679710239785,-3.9072465774863385,-0.021200645636042736,1.3157999999999959,-0.022326276291289356,final_approach,0.797823019959953,1.233835960292879,-9.314483106595262,
694.275,63.96057562,-22.60578583,376.789,279.389,0.0461,-4.4991,1.3379,-0.0005,-0.074,0.0229,69.496,73.507,-8.9194,124.0651,0.0027,0.0,0.0,0.0,-0.03,1391.4,0.0,3.5,152.8,0,694.275,0.01899003950915268,0.10706073460905531,-0.03,-0.022418699999471825,0.48419384312219027,1.0,0.0,-435.608979246812,-16.52100152960556,230.289,275.889,5.109659601226976,0.047829262015780805,-0.2712557752059306,-3.9202198859676574,-0.018753085237818823,1.3179000000000087,-0.022272899395253058,final_approach,0.7996660267888522,1.2329287975580954,-9.330545423264285,
694.383,63.96061237,-22.60578583,375.822,278.376,0.0461,-4.5071,1.3404,-0.0005,-0.0741,0.0228,69.493,73.5,-8.936,124.0545,0.0089,0.0,0.0,0.0,-0.03,1390.3,0.0,3.5,152.8,0,694.383,0.018967365333022235,0.10709590792509242,-0.03,-0.02246048910555065,0.4834649732192832,1.0,0.0,-431.51220910518254,-16.52243157221702,229.322,274.876,5.114869976757907,0.04789842132631084,-0.2715981035123359,-3.9354396895575148,-0.015889448292540465,1.3204000000000065,-0.022773342884572157,final_approach,0.8018325070116177,1.2318826693671845,-9.349597926226377,
694.492,63.96064911,-22.60578582,374.853,277.315,0.046,-4.5151,1.3429,-0.0005,-0.0743,0.0227,69.491,73.494,-8.9527,124.0439,0.0151,0.0,0.0,0.0,-0.03,1389.2,0.0,3.5,152.8,0,694.492,0.018946987658503445,0.10713016715173597,-0.03,-0.02250227405533195,0.48273662205986884,1.0,0.0,-427.4165535600104,-16.523371288550393,228.353,273.815,5.1200833114419435,0.047886810866788164,-0.2719330809949172,-3.9507816311805577,-0.013025321951545266,1.3229000000000042,-0.022371095699900242,final_approach,0.804003075986575,1.230841931818496,-9.368644505053398,
694.592,63.96068303,-22.60578581,373.957,276.332,0.046,-4.5225,1.3451,-0.0004,-0.0743,0.0227,69.489,73.488,-8.9682,124.034,0.0208,0.0,0.0,0.0,-0.03,1388.1,0.0,3.5,152.8,0,694.592,0.018926135563513413,0.10716121043090028,-0.03,-0.02253904136710444,0.4820624968767848,1.0,0.0,-423.63526241741806,-16.524201270827735,227.457,272.832,5.124914621153139,0.04795785857431432,-0.272242428011128,-3.9648366018777383,-0.010391729665258254,1.325099999999992,-0.022155541545359207,final_approach,0.8059947936972414,1.2298787391200783,-9.386280018715237,
694.675,63.96070846,-22.6057858,373.284,275.607,0.046,-4.528,1.3468,-0.0003,-0.0742,0.0227,69.487,73.484,-8.9798,124.0267,0.0251,0.0,0.0,0.0,-0.03,1387.4,0.0,3.5,152.8,0,694.675,0.01891409319095383,0.1071844307489767,-0.03,-0.022567450259955657,0.4815572852757508,1.0,0.0,-420.80040878499847,-16.52470088407732,226.784,272.107,5.128539310307464,0.04724337442302563,-0.2724727666765837,-3.9764824602466957,-0.008404722159468747,1.3267999999999915,-0.022331981908716773,final_approach,0.8076109423452635,1.229322226744472,-9.399501127138654,
694.783,63.96074802,-22.60578578,372.235,274.471,0.0459,-4.5367,1.3495,-0.0006,-0.0744,0.0227,69.484,73.477,-8.9978,124.0152,0.0318,0.0,0.0,0.0,-0.03,1386.2,0.0,3.49,152.7,0,694.783,0.018886376248876513,0.10722142859979494,-0.03,-0.022612566296943304,0.4807713641786048,1.0,0.0,-416.39038866622616,-16.525260396967802,225.735,270.971,5.134184868303294,0.04808175954361126,-0.2728282451945965,-3.9916325738708327,-0.005308206182917274,1.329499999999996,-0.022827054260448263,final_approach,0.8097867777006016,1.2279406366783938,-9.42007602341003,
694.892,63.96078193,-22.60578576,371.334,273.5,0.0459,-4.5441,1.3518,-0.0006,-0.0745,0.0226,69.482,73.471,-9.0133,124.0053,0.0375,0.0,0.0,0.0,-0.03,1385.1,0.0,3.49,152.7,0,694.892,0.01886968864820926,0.10725278607721607,-0.03,-0.022650994628109322,0.48009717100751553,1.0,0.0,-412.610212119299,-16.525600052793276,224.834,270.0,5.139034695312494,0.047483770581754216,-0.2731313608197285,-4.006900960515124,-0.0026733884257907903,1.331799999999987,-0.022419924223422236,final_approach,0.8119070871235827,1.2271685481703436,-9.437733650628713,
694.992,63.96081866,-22.60578573,370.357,272.414,0.0458,-4.5521,1.3542,-0.0005,-0.0745,0.0226,69.48,73.465,-9.0301,123.9947,0.0437,0.0,0.0,0.0,-0.03,1384.0,0.0,3.49,152.7,0,694.992,0.018843805275082448,0.10728806961523157,-0.03,-0.022691089974756995,0.47936376624545085,1.0,0.0,-408.5156709995639,-16.52555950534964,223.85700000000003,268.914,5.144317842804539,0.04837505463821107,-0.27345367198791243,-4.020889991178852,0.00019300390303556014,1.3342000000000098,-0.02219993111219945,final_approach,0.8139083440948411,1.2258702841137783,-9.456950320576542,
695.075,63.96084691,-22.60578571,369.604,271.627,0.0457,-4.5583,1.3561,-0.0006,-0.0745,0.0226,69.478,73.46,-9.043,123.9865,0.0484,0.0,0.0,0.0,-0.03,1383.2,0.0,3.49,152.7,0,695.075,0.018828596640617423,0.10731516041130568,-0.03,-0.022722829380960596,0.47880000601443873,1.0,0.0,-405.366452793544,-16.52567891515633,223.10399999999998,268.127,5.148384293567249,0.04847810931237595,-0.2737045831651227,-4.032483009272641,0.002366270421163108,1.3360999999999876,-0.022372336060386723,final_approach,0.8155455246685044,1.225065799479239,-9.471727919726263,
695.183,63.96088081,-22.60578567,368.699,270.616,0.0457,-4.5657,1.3584,-0.0008,-0.075,0.0226,69.476,73.454,-9.0585,123.9766,0.0541,0.0,0.0,0.0,-0.03,1382.2,0.0,3.49,152.7,0,695.183,0.018810572212018428,0.10734809836525269,-0.03,-0.022761247518814642,0.47812261221305113,1.0,0.0,-401.587390672846,-16.52503830737858,222.199,267.116,5.153276691858515,0.04794842179004928,-0.27399328301999126,-4.047557345005411,0.005002310717571845,1.3384000000000071,-0.022021989011122876,final_approach,0.817624945844809,1.2242304949205476,-9.489491122339764,
695.283,63.96091753,-22.60578563,367.716,269.555,0.0456,-4.5738,1.3608,-0.0008,-0.0752,0.0225,69.473,73.448,-9.0753,123.9659,0.0603,0.0,0.0,0.0,-0.03,1381.0,0.0,3.49,152.7,0,695.283,0.018784240908086502,0.10738231275696529,-0.03,-0.022801332211152825,0.4773909654161218,1.0,0.0,-397.4939641487762,-16.52450743348308,221.216,266.055,5.158568827965353,0.048777245003101814,-0.2743094180379493,-4.061496428992524,0.007870045166868067,1.3408000000000015,-0.022747262737383915,final_approach,0.8196124004231002,1.2229094670895044,-9.508685708428876,
695.383,63.96095142,-22.60578559,366.808,268.585,0.0455,-4.5813,1.3631,-0.001,-0.0754,0.0225,69.471,73.442,-9.0909,123.9561,0.0659,0.0,0.0,0.0,-0.03,1380.0,0.0,3.48,152.7,0,695.383,0.01876570807139888,0.10741456939633282,-0.03,-0.02283974306091624,0.47671205157030894,1.0,0.0,-393.71601679555584,-16.523866436578054,220.308,265.085,5.163487053384446,0.0488447465344049,-0.2745993447892909,-4.075418042041481,0.0104607156419263,1.3430999999999926,-0.022497511579435272,final_approach,0.8215634123003603,1.2219495269388396,-9.526505110690485,
695.483,63.96098531,-22.60578555,365.898,267.592,0.0454,-4.5888,1.3653,-0.001,-0.0755,0.0224,69.469,73.436,-9.1065,123.9462,0.0716,0.0,0.0,0.0,-0.03,1379.0,0.0,3.48,152.7,0,695.483,0.018745639950999593,0.1074467172852976,-0.03,-0.02287648052824509,0.4760336994582033,1.0,0.0,-389.93806944233563,-16.523225439673023,219.39800000000002,264.092,5.168408606518826,0.04890654400264419,-0.2748899076169414,-4.089322305996358,0.013098048643769289,1.3453000000000088,-0.02227046507222422,final_approach,0.8235132871369402,1.2209178438622423,-9.544317855756523,
695.583,63.9610192,-22.60578551,364.987,266.612,0.0453,-4.5963,1.3675,-0.0009,-0.0757,0.0223,69.466,73.43,-9.1222,123.9364,0.0773,0.0,0.0,0.0,-0.03,1378.0,0.0,3.48,152.7,0,695.583,0.01872553404823013,0.10747781638840963,-0.03,-0.022913214719262442,0.4753526839251937,1.0,0.0,-386.1601220883232,-16.522584442768274,218.48700000000002,263.112,5.173357089213247,0.04900292449290337,-0.27518110861650424,-4.103209342504691,0.015735774010352088,1.3474999999999966,-0.022973150065657866,final_approach,0.825462041394168,1.2198838801215999,-9.562208819411289,
695.683,63.96105309,-22.60578546,364.074,265.643,0.0452,-4.6039,1.3698,-0.0009,-0.0759,0.0223,69.464,73.424,-9.1378,123.9265,0.0829,0.0,0.0,0.0,-0.03,1376.9,0.0,3.48,152.7,0,695.683,0.01870653200088207,0.10751103750626056,-0.03,-0.02295161513763261,0.4746722332339458,1.0,0.0,-382.38217456408256,-16.52145350853838,217.574,262.143,5.178309248767306,0.04908936966751617,-0.2754647812304567,-4.117078456152724,0.0183277137104767,1.3497999999999877,-0.022702863696047956,final_approach,0.8273988606387448,1.2189007078524128,-9.580093380034189,
695.783,63.96108697,-22.6057854,363.159,264.639,0.0451,-4.6114,1.372,-0.0009,-0.0759,0.0222,69.462,73.419,-9.1535,123.9166,0.0885,0.0,0.0,0.0,-0.03,1375.9,0.0,3.48,152.6,0,695.783,0.018687133788188537,0.10754220284043514,-0.03,-0.022988342611260093,0.47399344219430384,1.0,0.0,-378.6053416362993,-16.51983224785634,216.659,261.139,5.18325724949904,0.049154475942485606,-0.2757408045598272,-4.130928941754867,0.02092006740645047,1.3520000000000039,-0.0224571488145844,final_approach,0.829323506689029,1.217898635908469,-9.597942870464777,
695.883,63.96112085,-22.60578535,362.243,263.633,0.0451,-4.619,1.3742,-0.0009,-0.076,0.0222,69.46,73.413,-9.1693,123.9068,0.0942,0.0,0.0,0.0,-0.03,1374.9,0.0,3.47,152.6,0,695.883,0.018664402102490818,0.10757304290160734,-0.03,-0.023025066793085636,0.4733119784314118,1.0,0.0,-374.8285088787443,-16.518700924673507,215.743,260.133,5.188232861900308,0.0492547506208485,-0.2760256226120468,-4.144761740876892,0.023559041071990805,1.3541999999999916,-0.02223377164963045,final_approach,0.8312577034145221,1.216840921348318,-9.615871384513309,
695.983,63.96115473,-22.60578528,361.325,262.637,0.045,-4.6265,1.3764,-0.0011,-0.076,0.0221,69.458,73.407,-9.185,123.8969,0.0998,0.0,0.0,0.0,-0.03,1373.8,0.0,3.47,152.6,0,695.983,0.018644569364719477,0.10760529106966603,-0.03,-0.023061787678026358,0.472631103673995,1.0,0.0,-371.0516757799405,-16.5165897266666,214.825,259.137,5.193212481751154,0.04934499193545768,-0.276294677422232,-4.1585753361495135,0.02615222462131328,1.3564000000000078,-0.02203070149966146,final_approach,0.8331689956170685,1.21581754291633,-9.633793300955563,
696.083,63.9611886,-22.60578522,360.406,261.647,0.0449,-4.6341,1.3787,-0.0013,-0.0762,0.0221,69.455,73.401,-9.2008,123.8871,0.1054,0.0,0.0,0.0,-0.03,1372.8,0.0,3.47,152.6,0,696.083,0.018625036986705923,0.10763607829330113,-0.03,-0.023100174163504905,0.4719486311248214,1.0,0.0,-367.2759576188429,-16.514968077031625,213.906,258.147,5.198212296426671,0.04945385107207455,-0.2765724343553264,-4.172370661797884,0.028745783085099674,1.358699999999999,-0.022755183181509903,final_approach,0.835089650999354,1.2148076442951492,-9.651766352203303,
696.183,63.96122247,-22.60578515,359.485,260.648,0.0447,-4.6417,1.3809,-0.0012,-0.0764,0.0221,69.453,73.395,-9.2166,123.8773,0.111,0.0,0.0,0.0,-0.03,1371.8,0.0,3.47,152.6,0,696.183,0.01860725586937384,0.10766747106366215,-0.03,-0.02313688828898708,0.4712667583549507,1.0,0.0,-363.50023928672476,-16.512856489897718,212.985,257.148,5.203216402024392,0.049551718556262295,-0.2768425912219545,-4.18614701871409,0.031339751704678065,1.3608999999999867,-0.022504711983186168,final_approach,0.8369981600202081,1.2137788908240452,-9.669732836976202,
696.292,63.96125634,-22.60578508,358.562,259.677,0.0446,-4.6493,1.3831,-0.0011,-0.0765,0.0221,69.451,73.389,-9.2324,123.8674,0.1166,0.0,0.0,0.0,-0.03,1370.7,0.0,3.47,152.6,0,696.292,0.018591773578639004,0.107698754139542,-0.03,-0.02317359910210981,0.4705854971536926,1.0,0.0,-359.7245209553988,-16.5107449029376,212.062,256.177,5.208224866819408,0.0489513018473657,-0.2771133456880755,-4.201142705892767,0.03393417410853772,1.3631000000000029,-0.02212688578955946,final_approach,0.8390449230352282,1.2129569438736851,-9.687692572404773,
696.392,63.96129303,-22.605785,357.561,258.584,0.0445,-4.6576,1.3855,-0.0009,-0.0764,0.0221,69.449,73.383,-9.2496,123.8568,0.1226,0.0,0.0,0.0,-0.03,1369.6,0.0,3.47,152.6,0,696.392,0.018566593366508566,0.10773282577691332,-0.03,-0.023213643478179224,0.46984453501469725,1.0,0.0,-355.63443804968057,-16.508253112534867,211.06099999999998,255.084,5.213682487312492,0.04988878569460984,-0.27740388508246355,-4.214879285381374,0.03671436912705417,1.3654999999999973,-0.02193353253595849,final_approach,0.8409757066064394,1.2116821039315155,-9.707236977754752,
696.475,63.96131843,-22.60578494,356.867,257.839,0.0445,-4.6633,1.3871,-0.0009,-0.0763,0.0222,69.447,73.379,-9.2615,123.8494,0.1268,0.0,0.0,0.0,-0.03,1368.8,0.0,3.46,152.6,0,696.475,0.018553624901727905,0.1077564854933704,-0.03,-0.023240337532289213,0.4693308141366946,1.0,0.0,-352.8029278645922,-16.506301871952346,210.36700000000002,254.339,5.217472730135766,0.049184917442848086,-0.2776016260215737,-4.226259054318272,0.038660779170470505,1.3670999999999935,-0.02213015553651874,final_approach,0.8425187495691837,1.2110767047094129,-9.720794135281075,
696.575,63.96135511,-22.60578486,355.862,256.745,0.0444,-4.6715,1.3895,-0.0011,-0.0765,0.0222,69.445,73.373,-9.2786,123.8388,0.1328,0.0,0.0,0.0,-0.03,1367.7,0.0,3.46,152.6,0,696.575,0.01852836400963831,0.1077913780837912,-0.03,-0.023280375313668333,0.4685922855031324,1.0,0.0,-348.7139597263517,-16.503809692422337,209.36200000000002,253.245,5.222930950453996,0.050084465066088484,-0.27789324571404983,-4.23996084870862,0.041441782403438765,1.369499999999988,-0.021936505033207123,final_approach,0.8444470005675981,1.2097968280063967,-9.74029377272538,
696.675,63.96138897,-22.60578477,354.934,255.729,0.0442,-4.6791,1.3917,-0.0011,-0.0767,0.0221,69.443,73.367,-9.2945,123.829,0.1384,0.0,0.0,0.0,-0.03,1366.7,0.0,3.46,152.6,0,696.675,0.018509643577270418,0.10782407133234555,-0.03,-0.023317073129757948,0.4679050859914859,1.0,0.0,-344.93935581967054,-16.500717841685482,208.43400000000003,252.229,5.228019894079757,0.050218626931348785,-0.2781497300286599,-4.253642618882445,0.044037766457819316,1.3717000000000041,-0.0217604591210948,final_approach,0.8463267907370096,1.2087218967403857,-9.758448658685985,
696.783,63.96142564,-22.60578468,353.926,254.623,0.0441,-4.6874,1.3941,-0.0012,-0.0768,0.0221,69.44,73.36,-9.3117,123.8184,0.1444,0.0,0.0,0.0,-0.03,1365.6,0.0,3.46,152.5,0,696.783,0.018487906513002528,0.10785808100445689,-0.03,-0.0233571033046186,0.4671640112426721,1.0,0.0,-340.8515022778874,-16.497735335703336,207.426,251.123,5.233518914711688,0.0503349987266303,-0.27843431876329333,-4.268400411880912,0.04681968762977817,1.3740999999999985,-0.022307488089882834,final_approach,0.8483648293510342,1.2076053961873292,-9.7780383957656,
696.883,63.9614595,-22.60578458,352.994,253.624,0.044,-4.6951,1.3963,-0.0011,-0.077,0.022,69.438,73.355,-9.3276,123.8086,0.1499,0.0,0.0,0.0,-0.03,1364.5,0.0,3.46,152.5,0,696.883,0.018468077896590773,0.10789079352094184,-0.03,-0.023393794136976953,0.4664775366206936,1.0,0.0,-337.07689820097806,-16.494153547815397,206.49400000000003,250.124,5.238623276541566,0.050453101988653784,-0.27868372221041376,-4.282040782729021,0.04937024691616898,1.3762999999999863,-0.02209771644534338,final_approach,0.8502306102415567,1.206577595279569,-9.796195673377174,
696.983,63.96149335,-22.60578449,352.06,252.637,0.0439,-4.7027,1.3986,-0.0011,-0.0772,0.022,69.436,73.349,-9.3435,123.7989,0.1555,0.0,0.0,0.0,-0.03,1363.5,0.0,3.45,152.5,0,696.983,0.018447062681757886,0.10792295081150524,-0.03,-0.023432149154755222,0.4657928290837558,1.0,0.0,-333.30340906177463,-16.49106130795127,205.56,249.137,5.243724747456638,0.050546703182339336,-0.27894187011935695,-4.29566150046518,0.05196743289928918,1.3786000000000058,-0.02190701495030958,final_approach,0.8521056537042782,1.2054937028738806,-9.814316770272976,
697.083,63.96152719,-22.60578439,351.125,251.624,0.0438,-4.7104,1.4008,-0.0011,-0.0773,0.022,69.434,73.343,-9.3595,123.7891,0.161,0.0,0.0,0.0,-0.03,1362.5,0.0,3.45,152.5,0,697.083,0.018427124061627387,0.10795439962948601,-0.03,-0.023468833133751865,0.4651064998595657,1.0,0.0,-329.53103451902865,-16.487478741634998,204.625,248.124,5.248848765983145,0.05066228352945901,-0.27919219898921044,-4.309261848695887,0.05451880093065142,1.3807999999999936,-0.02173364995483516,final_approach,0.8539681064402664,1.2044596722490581,-9.832491526536208,
697.192,63.96156386,-22.60578428,350.11,250.531,0.0437,-4.7188,1.4031,-0.0011,-0.0774,0.0219,69.432,73.337,-9.3768,123.7786,0.1669,0.0,0.0,0.0,-0.03,1361.4,0.0,3.45,152.5,0,697.192,0.018406437987814106,0.10798968034618806,-0.03,-0.0235071809755667,0.46436195253397583,1.0,0.0,-325.4431806352047,-16.483516361177173,203.61,247.031,5.254419506604762,0.05073652162870069,-0.2794627336579133,-4.324066301947676,0.057256163871585386,1.383100000000013,-0.021425920309228505,final_approach,0.8559928604996365,1.2033900680714318,-9.852220307198106,
697.292,63.9615977,-22.60578417,349.171,249.502,0.0436,-4.7265,1.4053,-0.001,-0.0773,0.0219,69.43,73.331,-9.3928,123.7689,0.1724,0.0,0.0,0.0,-0.03,1360.3,0.0,3.45,152.5,0,697.292,0.018386039170760815,0.10802115339984275,-0.03,-0.023543858079997704,0.46367638740527967,1.0,0.0,-321.6708059214382,-16.479443857536037,202.671,246.002,5.259560263586776,0.05084836299393843,-0.2797059119001363,-4.337623338797867,0.059808304022197945,1.3853000000000009,-0.02129629119020308,final_approach,0.8578409974517704,1.2023333702315995,-9.870397727135337,
697.392,63.96163154,-22.60578407,348.231,248.468,0.0435,-4.7342,1.4075,-0.0009,-0.0774,0.0219,69.428,73.325,-9.4088,123.7592,0.1779,0.0,0.0,0.0,-0.03,1359.3,0.0,3.45,152.5,0,697.392,0.018365939388028996,0.10805390888670195,-0.03,-0.023580531815816208,0.4629880275046917,1.0,0.0,-317.89843137869224,-16.47586129121976,201.731,244.968,5.264733106693577,0.0509950410062821,-0.2799579591247174,-4.351160390247682,0.062360843919378794,1.3874999999999886,-0.021178446536556525,final_approach,0.8596985230209135,1.2012901542890049,-9.888660536929903,
697.492,63.96166538,-22.60578395,347.29,247.478,0.0434,-4.7419,1.4097,-0.0009,-0.0775,0.0219,69.426,73.32,-9.4248,123.7495,0.1834,0.0,0.0,0.0,-0.03,1358.3,0.0,3.45,152.5,0,697.492,0.01834508353000458,0.1080879616920338,-0.03,-0.023617202177958707,0.46229684483308014,1.0,0.0,-314.1260564939055,-16.471298850427814,200.79000000000002,243.978,5.269938587001098,0.05117166801777796,-0.2801939025467742,-4.364675912534855,0.06491378364691514,1.3897000000000048,-0.02107131503323062,final_approach,0.8615324380184752,1.200210888036274,-9.907009780248947,
697.575,63.96169357,-22.60578386,346.504,246.618,0.0433,-4.7483,1.4115,-0.0009,-0.0776,0.0218,69.424,73.315,-9.4381,123.7415,0.188,0.0,0.0,0.0,-0.03,1357.4,0.0,3.44,152.5,0,697.575,0.018327940309131374,0.10811564481648894,-0.03,-0.023647202688646007,0.46172356782457835,1.0,0.0,-310.98352569481716,-16.467986364545183,200.00400000000002,243.118,5.274264921958349,0.05133047627434657,-0.2803991686322646,-4.375873440173331,0.06704919740408855,1.3915000000000077,-0.021346321443126766,final_approach,0.8630646795354693,1.1993055096046206,-9.92223780297508,
697.675,63.9617274,-22.60578374,345.559,245.6,0.0432,-4.756,1.4137,-0.0011,-0.0781,0.0217,69.422,73.309,-9.4541,123.7318,0.1935,0.0,0.0,0.0,-0.03,1356.4,0.0,3.44,152.5,0,697.675,0.01830698186610008,0.10814860436143567,-0.03,-0.02368386690386104,0.4610358803041045,1.0,0.0,-307.21226557750816,-16.463423534625964,199.05900000000003,242.1,5.27946542169769,0.05144289646086485,-0.28063599290955904,-4.389350794663697,0.06960286925109926,1.3936999999999955,-0.02122392858467103,final_approach,0.8648954204246024,1.1982203598948296,-9.940515702807437,
697.775,63.96176123,-22.60578362,344.613,244.564,0.0431,-4.7638,1.4159,-0.0012,-0.0784,0.0216,69.42,73.304,-9.4702,123.7222,0.1989,0.0,0.0,0.0,-0.03,1355.4,0.0,3.44,152.4,0,697.775,0.018287448479879675,0.108181366581188,-0.03,-0.023720527731136032,0.46034535231819945,1.0,0.0,-303.4410054601991,-16.458860704706744,198.113,241.064,5.284699393437526,0.05159236661711165,-0.2808733492050176,-4.402806960268656,0.0721105567751863,1.3959000000000117,-0.021112662349696287,final_approach,0.8667244560576819,1.1972016649223853,-9.958881081462273,
697.883,63.96179788,-22.60578348,343.586,243.474,0.043,-4.7723,1.4182,-0.0012,-0.0786,0.0215,69.418,73.297,-9.4876,123.7119,0.2048,0.0,0.0,0.0,-0.03,1354.3,0.0,3.44,152.4,0,697.883,0.018264807989228415,0.10821768345308166,-0.03,-0.02375885133172284,0.45959758433549425,1.0,0.0,-299.3553805982694,-16.453427734019765,197.086,239.974,5.290381022948728,0.05176158562413489,-0.2811227250782154,-4.417318109520144,0.07485073727710301,1.3982000000000028,-0.020876831092311615,final_approach,0.8686882121026116,1.1960361959168537,-9.978782555154531,
697.992,63.96183452,-22.60578334,342.557,242.364,0.0428,-4.7808,1.4205,-0.0014,-0.0788,0.0215,69.416,73.291,-9.5051,123.7015,0.2107,0.0,0.0,0.0,-0.03,1353.2,0.0,3.44,152.4,0,697.992,0.018244699618036264,0.1082524088943803,-0.03,-0.023797171218066238,0.45885054093578287,1.0,0.0,-295.2708705038175,-16.447994374205514,196.05700000000002,238.864,5.296071738309643,0.05183605432121166,-0.2813726090388626,-4.431938134774113,0.07759145255914746,1.4004999999999939,-0.020646994070584332,final_approach,0.8706648922697688,1.1948893118539843,-9.998679206121313,
698.1,63.96186834,-22.60578321,341.605,241.341,0.0427,-4.7886,1.4227,-0.0014,-0.0787,0.0214,69.414,73.286,-9.5213,123.692,0.2162,0.0,0.0,0.0,-0.03,1352.2,0.0,3.43,152.4,0,698.1,0.01822699936023886,0.10828339758416,-0.03,-0.023833821541546563,0.45816207358823485,1.0,0.0,-291.50072498217367,-16.44294121783443,195.10500000000002,237.841,5.301329392663619,0.051310376060844244,-0.28160315182559786,-4.446396297886099,0.08014661349005792,1.40270000000001,-0.02045349629311893,final_approach,0.8725978849687834,1.193955373446137,-10.017028730362085,
698.175,63.96189652,-22.60578309,340.811,240.479,0.0426,-4.7951,1.4245,-0.0014,-0.0788,0.0214,69.413,73.281,-9.5348,123.6841,0.2207,0.0,0.0,0.0,-0.03,1351.3,0.0,3.43,152.4,0,698.175,0.01820614614739008,0.10831070406025249,-0.03,-0.023863805634733337,0.45758620412666096,1.0,0.0,-288.3593084375021,-16.43815853102398,194.31099999999998,236.979,5.305737015897035,0.05255336501386018,-0.2817858363722034,-4.45641424486929,0.08223759656814877,1.404500000000013,-0.01980620875132713,final_approach,0.8739673854406291,1.1928723438078919,-10.03238690056557,
698.283,63.96193316,-22.60578294,339.777,239.364,0.0424,-4.8036,1.4268,-0.0013,-0.079,0.0213,69.411,73.275,-9.5523,123.6738,0.2266,0.0,0.0,0.0,-0.03,1350.2,0.0,3.43,152.4,0,698.283,0.01818501759998553,0.10834706486186675,-0.03,-0.023902115317698258,0.45683653381545053,1.0,0.0,-284.2747981720298,-16.43223523405892,193.277,235.864,5.311488555643039,0.052670303786241914,-0.28202894603395806,-4.470830279759436,0.08497946298268744,1.406800000000004,-0.01968914600288511,final_approach,0.8759121157145664,1.1916757367101525,-10.052393645857407,
698.383,63.96196697,-22.6057828,338.821,238.315,0.0423,-4.8115,1.4289,-0.0013,-0.0792,0.0212,69.409,73.269,-9.5686,123.6644,0.232,0.0,0.0,0.0,-0.03,1349.2,0.0,3.43,152.4,0,698.383,0.01816442082497588,0.10837846283863269,-0.03,-0.02393709046135073,0.456144650637327,1.0,0.0,-280.5057672476354,-16.426691751235413,192.32100000000003,234.815,5.316810695234159,0.052762152473733726,-0.28225247186142655,-4.484152759346384,0.08748934416377097,1.4088999999999885,-0.01971740545716363,final_approach,0.8777078075321079,1.1906036324416966,-10.070871810124704,
698.492,63.9620036,-22.60578264,337.784,237.188,0.0422,-4.8201,1.4312,-0.0015,-0.0794,0.0212,69.407,73.263,-9.5862,123.6542,0.2378,0.0,0.0,0.0,-0.03,1348.1,0.0,3.43,152.4,0,698.492,0.018142634572489158,0.10841485751399874,-0.03,-0.023975392992455435,0.4553922197787087,1.0,0.0,-276.4223715778283,-16.420278127818488,191.284,233.688,5.322614053827569,0.05284209738776508,-0.2824881972847996,-4.498651551158125,0.09018565945785895,1.411200000000008,-0.019592970765904345,final_approach,0.879652127499778,1.1894747642912549,-10.090982052768387,
698.592,63.96203741,-22.60578249,336.824,236.16,0.042,-4.828,1.4333,-0.0015,-0.0792,0.0211,69.405,73.258,-9.6025,123.6448,0.2432,0.0,0.0,0.0,-0.03,1347.0,0.0,3.43,152.4,0,698.592,0.01812367303481377,0.10844636495358871,-0.03,-0.024010361596506602,0.4547010638237321,1.0,0.0,-272.6533404824135,-16.414244707670115,190.324,232.66,5.3279592615004,0.05294376061118736,-0.2827043329476234,-4.511926479282363,0.09269633343205896,1.4132999999999925,-0.019629973423544753,final_approach,0.8814327138638163,1.1883787719169305,-10.109468577463074,
698.675,63.96206558,-22.60578236,336.023,235.315,0.0419,-4.8345,1.4351,-0.0016,-0.0795,0.0211,69.404,73.253,-9.6161,123.637,0.2477,0.0,0.0,0.0,-0.03,1346.2,0.0,3.42,152.4,0,698.675,0.01810606088771738,0.10847332042510423,-0.03,-0.024040332196252068,0.4541243056630888,1.0,0.0,-269.5130385341992,-16.40897169440752,189.52300000000002,231.815,5.332430513237464,0.05309821765202434,-0.28288054663866563,-4.522922568060687,0.09478882209447193,1.4150999999999954,-0.01894072063696307,final_approach,0.8829039194935682,1.1874461059614703,-10.124905646256565,
698.775,63.96209938,-22.60578221,335.061,234.247,0.0417,-4.8425,1.4372,-0.0016,-0.0796,0.021,69.402,73.248,-9.6324,123.6277,0.2531,0.0,0.0,0.0,-0.03,1345.2,0.0,3.42,152.3,0,698.775,0.018086983100910226,0.1085066474113618,-0.03,-0.02407529498772465,0.4534295385618131,1.0,0.0,-265.74512220626224,-16.402937885305935,188.56099999999998,230.747,5.337829825482813,0.053247368452267047,-0.28309747580059474,-4.536155907080547,0.09730009969041475,1.4172000000000082,-0.01903701876087087,final_approach,0.884680832712327,1.1863436726708514,-10.143513929224001,
698.883,63.962136,-22.60578204,334.016,233.118,0.0416,-4.8511,1.4395,-0.0015,-0.0798,0.0209,69.4,73.242,-9.65,123.6177,0.2589,0.0,0.0,0.0,-0.03,1344.1,0.0,3.42,152.3,0,698.883,0.018064106474714292,0.10854301811245566,-0.03,-0.0241135839703408,0.45267925268763837,1.0,0.0,-261.66284113291255,-16.39603393543687,187.51600000000002,229.618,5.343677070993385,0.053396334066038484,-0.28332672320813856,-4.550425031921543,0.09999782900959531,1.4194999999999993,-0.018989882375197602,final_approach,0.8865906838207742,1.185160891527996,-10.16362494452758,
698.983,63.96217262,-22.60578186,332.97,232.013,0.0414,-4.8597,1.4417,-0.0016,-0.0799,0.0209,69.399,73.236,-9.6678,123.6077,0.2646,0.0,0.0,0.0,-0.03,1343.0,0.0,3.42,152.3,0,698.983,0.018040613902882252,0.1085790201008518,-0.03,-0.02415020468913176,0.4519248009096422,1.0,0.0,-257.5805598893345,-16.388640048242653,186.47000000000003,228.513,5.349574336001622,0.054325720068768894,-0.2835480593086347,-4.563611754412657,0.10264964158670864,1.421699999999987,-0.018172620341093897,final_approach,0.888368102458049,1.1838482158391592,-10.18386432710366,
699.083,63.96220359,-22.60578171,332.083,231.036,0.0413,-4.867,1.4436,-0.0017,-0.0802,0.0209,69.397,73.231,-9.6828,123.5992,0.2695,0.0,0.0,0.0,-0.03,1342.0,0.0,3.42,152.3,0,699.083,0.01802539160638761,0.10860859666809858,-0.03,-0.02418182889554027,0.4512893243931502,1.0,0.0,-254.12812273066294,-16.382496115958034,185.58300000000003,227.536,5.354555505122128,0.053573381924815436,-0.28373756318247884,-4.576773471549532,0.10492951498187608,1.4235999999999933,-0.018338745764626165,final_approach,0.8901008516867961,1.183026842742585,-10.200925165141667,
699.183,63.96223739,-22.60578154,331.114,230.005,0.0411,-4.875,1.4457,-0.0016,-0.0804,0.0208,69.396,73.225,-9.6991,123.59,0.2749,0.0,0.0,0.0,-0.03,1341.0,0.0,3.41,152.3,0,699.183,0.018005345733288713,0.10864418781783203,-0.03,-0.024216778966136276,0.4505928202600251,1.0,0.0,-250.36020606068513,-16.37548243220671,184.61399999999998,226.505,5.3600298662765775,0.05376842019476059,-0.28393948952804593,-4.589911508930508,0.10744221873144966,1.4257000000000062,-0.0175806779678461,final_approach,0.8918472431646727,1.1818764018762167,-10.219638419033327,
699.292,63.96227399,-22.60578135,330.062,231.174,0.0409,-4.8836,1.448,-0.0017,-0.0804,0.0209,69.39,73.219,-9.717,123.5802,0.2806,0.0,0.0,0.0,-0.03,1339.9,0.0,3.42,152.3,0,699.292,0.017985516301729565,0.10867469286154832,-0.03,-0.02425505399599559,0.449841031698221,1.0,0.0,-246.28015418025012,-16.36759782960742,183.562,227.674,5.365956438404049,0.05386905372112197,-0.2841536305940086,-4.604207576182812,0.11009501604922889,1.4279999999999973,-0.020986604658007026,final_approach,0.8937402123189493,1.1807356833734275,-10.23985363576126,
699.4,63.96230497,-22.60578119,329.17,230.106,0.0407,-4.891,1.4499,-0.002,-0.0803,0.021,69.388,73.215,-9.7323,123.5719,0.2854,0.0,0.0,0.0,-0.03,1338.9,0.0,3.41,152.3,0,699.4,0.017977030661547544,0.10870091112957604,-0.03,-0.02428666964132814,0.4492041482115167,1.0,0.0,-242.82660208387253,-16.360964349124924,182.67000000000002,226.606,5.370991782147637,0.052661470297834766,-0.28433600663360564,-4.618340717624977,0.1123293272811452,1.4299000000000035,-0.020762233190777697,final_approach,0.8955730524081673,1.1801329560015468,-10.256992768819819,
699.492,63.96233312,-22.60578104,328.359,229.119,0.0406,-4.8976,1.4516,-0.002,-0.0803,0.0211,69.387,73.21,-9.7461,123.5644,0.2898,0.0,0.0,0.0,-0.03,1338.1,0.0,3.41,152.3,0,699.492,0.01796391693994087,0.10872830657695476,-0.03,-0.024314955129607796,0.4486222780384957,1.0,0.0,-239.68852932857294,-16.354710683132108,181.85899999999998,225.619,5.3756040667881155,0.052240146698338596,-0.2844981204978567,-4.630351633176728,0.11437759142944515,1.431600000000003,-0.019862899738656545,final_approach,0.8971400227717048,1.1794103867465466,-10.272662513947266,
699.583,63.96236972,-22.60578084,327.302,227.854,0.0404,-4.9063,1.4539,-0.0018,-0.0804,0.0213,69.386,73.204,-9.7641,123.5547,0.2955,0.0,0.0,0.0,-0.03,1337.0,0.0,3.41,152.3,0,699.583,0.017935114857527523,0.10876254272111109,-0.03,-0.024353220428367794,0.44786812704788437,1.0,0.0,-235.60847727711757,-16.346336143207946,180.80200000000002,224.354,5.381599112223599,0.05451339227697229,-0.28470511597785275,-4.642214398776744,0.1170313760998738,1.4338999999999942,-0.019056182579602537,final_approach,0.8987492644088775,1.177842191513264,-10.292987681375692,
699.692,63.96240913,-22.60578062,326.162,226.502,0.0402,-4.9156,1.4564,-0.0017,-0.0806,0.0214,69.385,73.198,-9.7833,123.5443,0.3017,0.0,0.0,0.0,-0.03,1335.8,0.0,3.41,152.3,0,699.692,0.017907777570221495,0.10880335429988343,-0.03,-0.024394808829963477,0.4470539508405455,1.0,0.0,-231.21517524851927,-16.337091073388756,179.66199999999998,223.002,5.388093418612634,0.055357958990799254,-0.2849246098372495,-4.656404468933454,0.11991825051376281,1.436399999999992,-0.018157830702049196,final_approach,0.9006372564881246,1.1763425265834009,-10.314950990699662,
699.783,63.96243728,-22.60578047,325.346,225.497,0.04,-4.9223,1.4582,-0.0017,-0.0808,0.0214,69.384,73.194,-9.7971,123.5369,0.306,0.0,0.0,0.0,-0.03,1334.9,0.0,3.41,152.3,0,699.783,0.01789759134030866,0.10883093479716778,-0.03,-0.024424749692268377,0.4464730521080124,1.0,0.0,-228.07710249242754,-16.33083740722216,178.846,221.997,5.392741235297469,0.0546441172630915,-0.28508785999062947,-4.6682230373035045,0.12192093758443434,1.4381999999999948,-0.017506119819050404,final_approach,0.9021839999476811,1.175657992017431,-10.33063448068205,
699.892,63.96247668,-22.60578024,324.201,224.104,0.0398,-4.9317,1.4607,-0.0015,-0.0811,0.0214,69.382,73.188,-9.8163,123.5266,0.3121,0.0,0.0,0.0,-0.03,1333.8,0.0,3.4,152.2,0,699.892,0.017871214696576376,0.1088699812893903,-0.03,-0.024466330346871845,0.44566276138624733,1.0,0.0,-223.6849150602866,-16.321102011124882,177.70100000000002,220.604,5.399244603196116,0.05548075199851631,-0.2852997032139218,-4.682359494584958,0.1247621381594115,1.4406999999999925,-0.017582711094878727,final_approach,0.9040558629794226,1.1742026551375346,-10.35252969081496,
699.975,63.96250483,-22.60578008,323.383,223.117,0.0397,-4.9385,1.4625,-0.0013,-0.0812,0.0214,69.381,73.183,-9.83,123.5193,0.3165,0.0,0.0,0.0,-0.03,1332.9,0.0,3.4,152.2,0,699.975,0.017853298866228606,0.10890109949241218,-0.03,-0.024496265623477897,0.4450777992269111,1.0,0.0,-220.54684213396655,-16.314358407633136,176.88299999999998,219.617,5.403954314408806,0.05569121142987262,-0.28545511587241124,-4.693097741267346,0.12681166852974002,1.4424999999999955,-0.017079573065448498,final_approach,0.905470508149584,1.1732494453623588,-10.36834969857898,
700.075,63.9625386,-22.60577988,322.399,221.933,0.0396,-4.9466,1.4646,-0.0014,-0.0817,0.0212,69.38,73.178,-9.8464,123.5105,0.3217,0.0,0.0,0.0,-0.03,1331.9,0.0,3.4,152.2,0,700.075,0.017832397601604266,0.10893780399036267,-0.03,-0.024531187151533185,0.4443797777716286,1.0,0.0,-216.78226925256877,-16.30587374469972,175.899,218.433,5.409590826453995,0.05580352960020579,-0.28563503475355667,-4.706017585605147,0.12923436135142197,1.4446000000000083,-0.016435975514048223,final_approach,0.9071632538052157,1.1721535003215173,-10.387242314735905,
700.192,63.96257518,-22.60577966,321.331,220.655,0.0394,-4.9554,1.4669,-0.0014,-0.0821,0.021,69.379,73.173,-9.8642,123.5011,0.3274,0.0,0.0,0.0,-0.03,1330.8,0.0,3.4,152.2,0,700.192,0.017814482848827973,0.1089773158028837,-0.03,-0.024569430875301113,0.44362378026773075,1.0,0.0,-212.70444639402805,-16.29651855187128,174.83100000000002,217.155,5.4157160939378315,0.05522839358968545,-0.28582750702368903,-4.721105935343053,0.1318900987048437,1.4468999999999994,-0.01571879669885572,final_approach,0.9091169097410692,1.1710993826627316,-10.407722691526294,
700.283,63.96260613,-22.60577947,320.426,219.555,0.0393,-4.9629,1.4688,-0.0012,-0.0824,0.0208,69.378,73.168,-9.8793,123.4931,0.3322,0.0,0.0,0.0,-0.03,1329.9,0.0,3.4,152.2,0,700.283,0.017794312765327225,0.10901076816790178,-0.03,-0.024601020623436776,0.4429828921169456,1.0,0.0,-209.25423808702254,-16.288414092380478,173.926,216.055,5.420925763351754,0.0555651803978548,-0.2859874112984806,-4.732810101767342,0.13412692728292086,1.4488000000000056,-0.015288816179783607,final_approach,0.9106462970281584,1.1700372073447305,-10.425099997989225,
700.383,63.96264271,-22.60577925,319.355,218.285,0.0392,-4.9718,1.4711,-0.0011,-0.0827,0.0206,69.377,73.162,-9.8971,123.4838,0.3378,0.0,0.0,0.0,-0.03,1328.8,0.0,3.39,152.2,0,700.383,0.017767836343517585,0.1090524014565293,-0.03,-0.02463925733758332,0.44222296701555,1.0,0.0,-205.1764152284818,-16.279058899552034,172.85500000000002,214.785,5.427123663187028,0.05663415005700012,-0.2861807690155176,-4.745652144996339,0.13673688403261508,1.4510999999999967,-0.014808014708898322,final_approach,0.9123478902080464,1.1686733457244287,-10.445723325879744,
700.492,63.96267929,-22.60577902,318.282,216.994,0.0391,-4.9808,1.4733,-0.001,-0.0829,0.0203,69.376,73.157,-9.9151,123.4745,0.3435,0.0,0.0,0.0,-0.03,1327.7,0.0,3.39,152.2,0,700.492,0.017743572458474133,0.10909162828954105,-0.03,-0.024675827986496368,0.44146229812967824,1.0,0.0,-201.0985921989207,-16.26921376939872,171.78199999999998,213.494,5.433350379154611,0.056716097475003474,-0.28636598760735404,-4.7596235015187105,0.13939363585723186,1.453300000000013,-0.01429585991050078,final_approach,0.9141660631984827,1.167414247302606,-10.466387063136763,
700.592,63.96271305,-22.6057788,317.289,215.795,0.039,-4.989,1.4753,-0.0009,-0.0829,0.0201,69.375,73.152,-9.9316,123.466,0.3487,0.0,0.0,0.0,-0.03,1326.7,0.0,3.39,152.2,0,700.592,0.017721593991460838,0.10912851724700492,-0.03,-0.024709070972631475,0.44076322328817186,1.0,0.0,-197.3351337429598,-16.2597488426883,170.789,212.295,5.439093304306283,0.056834956481954545,-0.2865306651053,-4.7724111563575145,0.14181770848597353,1.455299999999994,-0.013905327191368479,final_approach,0.9158238082963521,1.1662636192242353,-10.485395633336747,
700.692,63.9627468,-22.60577858,316.295,214.599,0.0389,-4.9973,1.4773,-0.001,-0.0831,0.0199,69.375,73.147,-9.9483,123.4575,0.3539,0.0,0.0,0.0,-0.03,1325.7,0.0,3.39,152.1,0,700.692,0.017699537395957476,0.10916419946775327,-0.03,-0.024742311042172005,0.44006213232293895,1.0,0.0,-193.57279005447666,-16.250283526850602,169.79500000000002,211.099,5.444872744385729,0.05699486386737026,-0.2866956189974557,-4.785172681069405,0.14424211432816492,1.4573000000000036,-0.012641206537607707,final_approach,0.9174789577718556,1.1651085814558506,-10.504476579679434,
700.775,63.96277493,-22.6057784,315.466,213.616,0.0388,-5.0042,1.479,-0.001,-0.0832,0.0198,69.374,73.143,-9.9621,123.4505,0.3582,0.0,0.0,0.0,-0.03,1324.8,0.0,3.38,152.1,0,700.775,0.017681895245403922,0.10919664925426358,-0.03,-0.024770562805290774,0.4394742457698504,1.0,0.0,-190.4369463202792,-16.24255927062891,168.966,210.116,5.449734617388014,0.057258517082821495,-0.2868363094948737,-4.795741117006517,0.14624712436048526,1.4590000000000032,-0.012587296195202118,final_approach,0.9188550237034647,1.1641642134399568,-10.520490235945813,
700.875,63.96280868,-22.60577818,314.468,212.394,0.0387,-5.0125,1.4809,-0.0012,-0.0837,0.0196,69.373,73.138,-9.9788,123.4421,0.3634,0.0,0.0,0.0,-0.03,1323.8,0.0,3.38,152.1,0,700.875,0.01765971064382954,0.10923121029211964,-0.03,-0.024802135805484737,0.43877530269401377,1.0,0.0,-186.67460263179612,-16.233093954965273,167.96800000000002,208.894,5.455533770491284,0.057380686074466,-0.28700196935219763,-4.808455510218384,0.14867200190380458,1.4609000000000094,-0.01235208745017496,final_approach,0.920505763672903,1.163001824375801,-10.539545414890474,
700.992,63.96284525,-22.60577793,313.386,211.094,0.0386,-5.0215,1.4831,-0.0013,-0.0839,0.0194,69.372,73.132,-9.9969,123.4331,0.369,0.0,0.0,0.0,-0.03,1322.8,0.0,3.38,152.1,0,700.992,0.017639386434537774,0.10927134992456347,-0.03,-0.024838690715655365,0.43801207205076476,1.0,0.0,-182.5978940276719,-16.222268561034948,166.88600000000002,207.594,5.461890047609312,0.05687176420454846,-0.2871718298091135,-4.823301637816194,0.1512837128659612,1.4630999999999972,-0.012006171186254704,final_approach,0.922402276863437,1.1619279241879923,-10.5603738327638,
701.075,63.96287618,-22.60577772,312.469,210.024,0.0385,-5.0292,1.4848,-0.0011,-0.0838,0.0193,69.372,73.128,-10.0123,123.4256,0.3737,0.0,0.0,0.0,-0.03,1321.8,0.0,3.38,152.1,0,701.075,0.01761586952867561,0.10930455846440464,-0.03,-0.024866935262640444,0.4373670854311235,1.0,0.0,-179.14991491278897,-16.213183448640144,165.969,206.524,5.467281192107451,0.05821872819883623,-0.28731708146003043,-4.833804487712762,0.1534759027051109,1.4647999999999968,-0.010914701078413367,final_approach,0.9237769103694262,1.1607003154420141,-10.577992318528787,
701.183,63.96290993,-22.60577748,311.467,208.819,0.0384,-5.0375,1.4868,-0.0013,-0.084,0.0192,69.371,73.123,-10.0291,123.4174,0.3789,0.0,0.0,0.0,-0.03,1320.8,0.0,3.38,152.1,0,701.183,0.017596316379356658,0.10934107769616001,-0.03,-0.02490016142685525,0.43666163589000045,1.0,0.0,-175.38757088226507,-16.20273825832677,164.96699999999998,205.319,5.473198621404926,0.05764744216797767,-0.2874664959528708,-4.8474491731199,0.1559014746050309,1.4668000000000063,-0.010764206367585606,final_approach,0.9255111142746024,1.1596621752524001,-10.597280351441404,
701.292,63.9629493,-22.60577721,310.296,207.391,0.0382,-5.0473,1.489,-0.0013,-0.0842,0.0191,69.37,73.118,-10.0488,123.4079,0.3849,0.0,0.0,0.0,-0.03,1319.7,0.0,3.37,152.1,0,701.292,0.017568911667229348,0.10938301997562447,-0.03,-0.024936706813640852,0.4358377112370713,1.0,0.0,-170.9987270684758,-16.1910419455482,163.796,203.891,5.480137940107473,0.058650114195860095,-0.287649904360647,-4.861190614032879,0.15870066686372297,1.468999999999994,-0.010619670509306532,final_approach,0.9273008763428336,1.158146423673358,-10.619831653052207,
701.375,63.9629746,-22.60577702,309.542,206.5,0.0381,-5.0536,1.4904,-0.0012,-0.0842,0.0191,69.37,73.114,-10.0614,123.4018,0.3887,0.0,0.0,0.0,-0.03,1318.9,0.0,3.37,152.1,0,701.375,0.017556589186767446,0.109411325598698,-0.03,-0.02495996111546256,0.43530871556610357,1.0,0.0,-168.17836233331562,-16.182717629166447,163.04199999999997,203.0,5.484609492656484,0.05785411634597411,-0.28775366268777264,-4.871624874003803,0.16047383297660645,1.4704000000000121,-0.009654245917551393,final_approach,0.9286132234448345,1.157454454972516,-10.634324335616055,
701.483,63.96301396,-22.60577674,308.367,205.085,0.038,-5.0634,1.4927,-0.0015,-0.0845,0.019,69.369,73.108,-10.0811,123.3925,0.3947,0.0,0.0,0.0,-0.03,1317.8,0.0,3.37,152.1,0,701.483,0.017526149297538207,0.10945375182082823,-0.03,-0.024998161477911507,0.43448512329252587,1.0,0.0,-163.79063311598364,-16.170530989935735,161.86700000000002,201.585,5.491596880976769,0.05899477028875667,-0.28792904343668463,-4.885183361148545,0.16327343269605876,1.4727000000000032,-0.009618338039529266,final_approach,0.9303717895469639,1.1558912165192439,-10.656909610062367,
701.583,63.9630477,-22.60577649,307.357,203.879,0.0378,-5.0718,1.4946,-0.0016,-0.0848,0.019,69.369,73.104,-10.0981,123.3845,0.3999,0.0,0.0,0.0,-0.03,1316.8,0.0,3.37,152.0,0,701.583,0.01750444324615258,0.10948820752547632,-0.03,-0.025029715357306692,0.4337819041834915,1.0,0.0,-160.02940368191707,-16.159595473170224,160.85700000000003,200.379,5.4975881096276895,0.05914768965882875,-0.2880710476821027,-4.897706521379597,0.16570000282234787,1.4746000000000095,-0.008743943672299333,final_approach,0.9319697985443405,1.1546470156023183,-10.67621497786204,
701.683,63.96308143,-22.60577624,306.347,202.682,0.0377,-5.0803,1.4965,-0.0019,-0.085,0.019,69.368,73.099,-10.115,123.3766,0.405,0.0,0.0,0.0,-0.03,1315.8,0.0,3.36,152.0,0,701.683,0.017482029276522315,0.10952629273116578,-0.03,-0.025061266571656637,0.4330724484816707,1.0,0.0,-156.26928901453616,-16.148659567277708,159.84699999999998,199.182,5.503656286164115,0.05940336894306406,-0.28821327765002824,-4.9102021607400035,0.16808029524437984,1.4764999999999873,-0.008858130611185346,final_approach,0.9335649895461486,1.1534680627018012,-10.69571144105462,
701.783,63.96311517,-22.60577599,305.334,201.445,0.0375,-5.0887,1.4984,-0.0022,-0.0854,0.019,69.368,73.094,-10.132,123.3688,0.4101,0.0,0.0,0.0,-0.03,1314.7,0.0,3.36,152.0,0,701.783,0.01746162194402645,0.10956269918380881,-0.03,-0.02509281511773581,0.4323658708149287,1.0,0.0,-152.5080595804696,-16.137724050512194,158.834,197.945,5.5097239974868195,0.05961565965705869,-0.2883559483868453,-4.922670415042891,0.17046073748221602,1.4783999999999935,-0.008052846010168497,final_approach,0.9351576604659932,1.152285087985394,-10.71514886528046,
701.892,63.9631489,-22.60577573,304.32,200.234,0.0372,-5.0973,1.5003,-0.0022,-0.0855,0.0191,69.368,73.09,-10.149,123.3611,0.4151,0.0,0.0,0.0,-0.03,1313.7,0.0,3.36,152.0,0,701.892,0.01744822544892044,0.10960034858645003,-0.03,-0.02512436099231813,0.4316569762289332,1.0,0.0,-148.74794474286034,-16.126298207294536,157.82,196.734,5.515836212322042,0.059025610624338365,-0.2884900823123497,-4.936230131506952,0.1727948787121818,1.4802999999999997,-0.007320769100153179,final_approach,0.9368621109723492,1.1513394895600797,-10.734670340341788,
701.975,63.96317982,-22.60577549,303.389,199.103,0.037,-5.1051,1.502,-0.002,-0.0854,0.0192,69.367,73.086,-10.1647,123.354,0.4198,0.0,0.0,0.0,-0.03,1312.8,0.0,3.36,152.0,0,701.975,0.017425167206111203,0.109633055993445,-0.03,-0.025152583981403576,0.43100622304459585,1.0,0.0,-145.30107988239396,-16.11574289379785,156.889,195.603,5.5214691559213955,0.06049914057922908,-0.28861186201496586,-4.946528012690354,0.1749890184478886,1.4819999999999993,-0.0077505348884097085,final_approach,0.938182703591675,1.150027681869691,-10.75260881128273,
702.083,63.96321635,-22.60577521,302.287,197.797,0.0368,-5.1143,1.5041,-0.0019,-0.0856,0.0192,69.367,73.081,-10.1832,123.3457,0.4253,0.0,0.0,0.0,-0.03,1311.7,0.0,3.36,152.0,0,702.083,0.017402340977645925,0.1096736170092147,-0.03,-0.02518744471409351,0.43023731075349725,1.0,0.0,-141.2288298343275,-16.103446131732223,155.78699999999998,194.297,5.528152507829839,0.06072976515621985,-0.2887591895197619,-4.959906504312797,0.17755693516846804,1.4841000000000122,-0.007045940807645189,final_approach,0.9398840392772989,1.1487263199362694,-10.773826962450096,
702.175,63.96324446,-22.60577499,301.438,196.79,0.0367,-5.1214,1.5057,-0.0019,-0.0858,0.0193,69.367,73.077,-10.1975,123.3394,0.4295,0.0,0.0,0.0,-0.03,1310.9,0.0,3.35,152.0,0,702.175,0.017387733234801528,0.1097050331920938,-0.03,-0.025214003074154945,0.42964339460889206,1.0,0.0,-138.09521495179615,-16.093761348130293,154.938,193.29,5.533335589400141,0.05999777815609462,-0.28886882335365116,-4.971272056114771,0.17951806018768934,1.4857000000000085,-0.006405400734222899,final_approach,0.9413089782290669,1.1479211110949912,-10.790232963327643,
702.283,63.9632838,-22.60577467,300.247,195.379,0.0365,-5.1314,1.508,-0.0018,-0.0861,0.0193,69.367,73.072,-10.2175,123.3307,0.4354,0.0,0.0,0.0,-0.03,1309.7,0.0,3.35,152.0,0,702.283,0.01735872882989742,0.10974864428589051,-0.03,-0.02525217738184299,0.42881440127464476,1.0,0.0,-133.709714584546,-16.0796141815199,153.747,191.879,5.540600975189512,0.061210163570459136,-0.28901195449270817,-4.9845887677979785,0.18227306551833067,1.4879999999999995,-0.005823091576566272,final_approach,0.9429978107259593,1.1463199859021742,-10.813157443075221,
702.392,63.96332033,-22.60577438,299.139,194.066,0.0363,-5.1407,1.5101,-0.0018,-0.0864,0.0194,69.366,73.067,-10.2361,123.3226,0.4408,0.0,0.0,0.0,-0.03,1308.7,0.0,3.35,151.9,0,702.392,0.017337150029915593,0.1097889249831398,-0.03,-0.02528702874489308,0.42804332140309803,1.0,0.0,-129.63746436545918,-16.066827482129405,152.639,190.566,5.547391543677206,0.06139160188622598,-0.2891515130204947,-4.997995610194217,0.18479516368182658,1.4901000000000124,-0.0061277479720280815,final_approach,0.944692092078661,1.1450767961187722,-10.834506666304533,
702.475,63.96334562,-22.60577417,298.37,193.157,0.0361,-5.1471,1.5115,-0.0016,-0.0863,0.0194,69.366,73.064,-10.249,123.3171,0.4446,0.0,0.0,0.0,-0.03,1307.9,0.0,3.35,151.9,0,702.475,0.017325418594788144,0.10981620237768809,-0.03,-0.025310261160659986,0.4275118348237256,1.0,0.0,-126.81821405652799,-16.057522901970362,151.87,189.657,5.552090784328625,0.060595894446194225,-0.2892401936788655,-5.008174758414689,0.18656983661878712,1.491500000000002,-0.005570679974570983,final_approach,0.9459557629637665,1.1443093821019303,-10.849237039042267,
702.583,63.96338214,-22.60577387,297.259,191.841,0.036,-5.1565,1.5136,-0.0015,-0.0867,0.0194,69.366,73.059,-10.2676,123.3092,0.45,0.0,0.0,0.0,-0.03,1306.8,0.0,3.35,151.9,0,702.583,0.0173008028948739,0.10985875390982351,-0.03,-0.025345107041690296,0.42673846334035165,1.0,0.0,-122.74707843389848,-16.044245876127725,150.75900000000001,188.341,5.558956333277499,0.061091561650960635,-0.2893714027037286,-5.021397440776392,0.18909215470804952,1.4935999999999865,-0.0050642545223372575,final_approach,0.9476182945270502,1.1430181577745735,-10.87069324011802,
702.692,63.96342147,-22.60577354,296.06,190.422,0.0358,-5.1665,1.5159,-0.0014,-0.0869,0.0194,69.366,73.054,-10.2878,123.3008,0.4558,0.0,0.0,0.0,-0.03,1305.7,0.0,3.34,151.9,0,702.692,0.017272958755300882,0.10990263299216996,-0.03,-0.0253832677972326,0.42590522454842045,1.0,0.0,-118.36269266310575,-16.029608383239246,149.56,186.922,5.566390603813134,0.06227702084924423,-0.2895069638452349,-5.03470928913404,0.19180152395881578,1.495900000000006,-0.004603867747579325,final_approach,0.9492965784613112,1.1414696579745716,-10.89383970198932,
702.783,63.96345238,-22.60577328,295.116,189.305,0.0357,-5.1745,1.5177,-0.0015,-0.087,0.0193,69.366,73.05,-10.3036,123.2942,0.4604,0.0,0.0,0.0,-0.03,1304.8,0.0,3.34,151.9,0,702.783,0.01725145823054597,0.10993891367706574,-0.03,-0.025413129975611237,0.42524949270607854,1.0,0.0,-114.91694222807635,-16.01807280613961,148.61599999999999,185.805,5.572268769011813,0.06266338770161975,-0.2896131921758137,-5.045792138111667,0.19395048818142868,1.497700000000009,-0.0041853343159812045,final_approach,0.950685115648195,1.1403276232936328,-10.912076819122841,
702.883,63.96348609,-22.60577299,294.085,188.085,0.0355,-5.1832,1.5196,-0.0016,-0.0873,0.0193,69.366,73.046,-10.3209,123.2871,0.4654,0.0,0.0,0.0,-0.03,1303.8,0.0,3.34,151.9,0,702.883,0.01723014625046887,0.10997850810990935,-0.03,-0.02544464853078965,0.4245325811648967,1.0,0.0,-111.15905641156931,-16.005176372693075,147.58499999999998,184.585,5.57872368567207,0.06297768418511011,-0.2897235886618776,-5.057945189850818,0.1962864494727512,1.4995999999999867,-0.003804849378164731,final_approach,0.9521997230951982,1.139094073693741,-10.932037449131712,
702.992,63.9635226,-22.60577268,292.966,186.761,0.0354,-5.1926,1.5217,-0.0015,-0.0876,0.0192,69.367,73.042,-10.3397,123.2796,0.4708,0.0,0.0,0.0,-0.03,1302.7,0.0,3.34,151.9,0,702.992,0.017205244053389912,0.11002134841578806,-0.03,-0.025479481678563065,0.42375653700270965,1.0,0.0,-107.08903538618928,-15.991409020572085,146.466,183.261,5.585744905773962,0.06321721404094993,-0.2898470809096119,-5.0711613208134985,0.19880929089632104,1.5016999999999996,-0.002624925623181052,final_approach,0.9538513244140852,1.1377855877077714,-10.95367062443063,
703.083,63.96355069,-22.60577243,292.103,185.742,0.0352,-5.1999,1.5233,-0.0014,-0.0878,0.0192,69.367,73.038,-10.3542,123.2738,0.475,0.0,0.0,0.0,-0.03,1301.8,0.0,3.33,151.9,0,703.083,0.017190467227194084,0.1100527128997023,-0.03,-0.02550601899709326,0.4231613855668337,1.0,0.0,-103.95764952476004,-15.980253646741275,145.603,182.242,5.59115375489627,0.0625873287746159,-0.2899320941084745,-5.082162618704237,0.20077165284328657,1.5032999999999959,-0.0023862960210736836,final_approach,0.955202766055887,1.1368680581603385,-10.970279781872478,
703.183,63.96358721,-22.60577211,290.98,184.414,0.0351,-5.2094,1.5254,-0.0012,-0.088,0.0191,69.367,73.034,-10.3731,123.2663,0.4804,0.0,0.0,0.0,-0.03,1300.8,0.0,3.33,151.8,0,703.183,0.017161230581200615,0.11009501578785107,-0.03,-0.02554084630694131,0.422383059224893,1.0,0.0,-99.8865135600898,-15.965996746422963,144.48000000000002,180.914,5.598259614718734,0.06399920701628395,-0.29004734667708815,-5.094226811309601,0.2032950378541898,1.5054000000000087,-0.002169360019157894,final_approach,0.9567137045812082,1.1353474677037028,-10.992025465307737,
703.292,63.96362091,-22.60577181,289.942,183.187,0.035,-5.2181,1.5273,-0.0013,-0.0883,0.019,69.367,73.03,-10.3905,123.2596,0.4854,0.0,0.0,0.0,-0.03,1299.8,0.0,3.33,151.8,0,703.292,0.017140938294435637,0.11013571037835229,-0.03,-0.025572353869991626,0.4216631524281191,1.0,0.0,-96.12974234004015,-15.952609986698347,143.442,179.687,5.604865215821454,0.06343298001008028,-0.2901497671340621,-5.1073441118461265,0.2056313310281439,1.5072999999999865,-0.0019721454719617217,final_approach,0.9583264461282717,1.134260755080163,-11.012163996213415,
703.4,63.96365742,-22.60577148,288.815,181.856,0.0348,-5.2277,1.5293,-0.0012,-0.0883,0.0189,69.368,73.026,-10.4095,123.2523,0.4907,0.0,0.0,0.0,-0.03,1298.7,0.0,3.33,151.8,0,703.4,0.01711800109383521,0.11017840269262523,-0.03,-0.025605516786768256,0.42088383956998104,1.0,0.0,-92.05972097261933,-15.937862759927615,142.315,178.356,5.6120523769408575,0.0639521146988427,-0.2902565557535267,-5.120305381064855,0.2081084447347905,1.509299999999996,-0.0009511086782218914,final_approach,0.9599273301451277,1.1329447191135884,-11.033991730439153,
703.483,63.9636855,-22.60577122,287.947,180.831,0.0347,-5.235,1.5309,-0.0012,-0.0886,0.0188,69.368,73.022,-10.4241,123.2468,0.4949,0.0,0.0,0.0,-0.03,1297.9,0.0,3.33,151.8,0,703.483,0.017097145788924017,0.11021191295365583,-0.03,-0.02563204494732846,0.420282705471042,1.0,0.0,-88.92944970764749,-15.926217059818727,141.447,177.331,5.617622617777211,0.06447865147866444,-0.2903333420356972,-5.130236870232869,0.2100711164619895,1.5108999999999924,-0.0008646442529289921,final_approach,0.9611473670077331,1.1318293213107466,-11.050848498595645,
703.592,63.96372481,-22.60577086,286.73,179.393,0.0346,-5.2453,1.5331,-0.0011,-0.0889,0.0187,69.368,73.018,-10.4445,123.2391,0.5006,0.0,0.0,0.0,-0.03,1296.7,0.0,3.32,151.8,0,703.592,0.017066797951328205,0.11026077330197163,-0.03,-0.02566851801064851,0.41943886519357726,1.0,0.0,-84.54729295795691,-15.910108976701373,140.23000000000002,175.893,5.625481165365155,0.06574833737586222,-0.2904446556208129,-5.143255477067029,0.21273546685333145,1.5131000000000085,-0.0007860402299354474,final_approach,0.9627606334412917,1.1302506307529896,-11.074540269414173,
703.7,63.96375851,-22.60577055,285.684,178.159,0.0345,-5.2542,1.5349,-0.001,-0.0889,0.0187,69.369,73.014,-10.4621,123.2327,0.5056,0.0,0.0,0.0,-0.03,1295.7,0.0,3.32,151.8,0,703.7,0.017045339024414408,0.11030129597095424,-0.03,-0.02569835688542854,0.418717331852809,1.0,0.0,-80.79052156767895,-15.896232279651613,139.18400000000003,174.659,5.632237736334675,0.06521708819827417,-0.2905390988482178,-5.156117980025202,0.21507221362159612,1.5149000000000115,0.00012716881454034293,final_approach,0.9643341321119472,1.1291042456314777,-11.09482537363812,
703.775,63.96378659,-22.60577029,284.812,177.13,0.0344,-5.2615,1.5365,-0.0011,-0.0892,0.0186,69.369,73.011,-10.4767,123.2273,0.5097,0.0,0.0,0.0,-0.03,1294.9,0.0,3.32,151.8,0,703.775,0.017022410970092938,0.11033778678082633,-0.03,-0.0257248782703145,0.4181111980497591,1.0,0.0,-77.66025030270711,-15.884586579542724,138.312,173.63,5.63794052462265,0.06702043636073948,-0.2906164438577758,-5.165023918364464,0.21698881882991827,1.5165000000000077,0.00011560801321849357,final_approach,0.9654393110150359,1.1278854850290188,-11.111885739678737,
703.883,63.96382308,-22.60576994,283.676,175.789,0.0343,-5.2712,1.5385,-0.0015,-0.0897,0.0185,69.37,73.007,-10.4958,123.2205,0.5151,0.0,0.0,0.0,-0.03,1293.8,0.0,3.32,151.8,0,703.883,0.01699482812838421,0.11038318349186556,-0.03,-0.02575802727276222,0.41732639262239585,1.0,0.0,-73.59245812740888,-15.868858699867983,137.176,172.289,5.645361342788205,0.06730224351905964,-0.29070629861975966,-5.177826112509293,0.21951277681429815,1.5184999999999889,0.0009468490355893802,final_approach,0.9669999637713715,1.126438585675153,-11.134001851527913,
704.0,63.96385958,-22.60576959,282.538,174.446,0.0341,-5.2809,1.5405,-0.0017,-0.0901,0.0184,69.371,73.003,-10.515,123.2138,0.5204,0.0,0.0,0.0,-0.03,1292.7,0.0,3.31,151.7,0,704.0,0.016974310228203005,0.11042901351588938,-0.03,-0.025791173239873066,0.4165380394460366,1.0,0.0,-69.52355118463298,-15.85313120949458,136.038,170.946,5.652858461620382,0.06676485938864557,-0.2907964983401759,-5.191655780976303,0.22199031574629657,1.5204999999999984,0.0016377726275294993,final_approach,0.9686768357372024,1.125235957536745,-11.156248694656668,
704.083,63.96389046,-22.60576929,281.573,173.309,0.034,-5.2891,1.5422,-0.0018,-0.0903,0.0184,69.371,72.999,-10.5312,123.2081,0.5249,0.0,0.0,0.0,-0.03,1291.8,0.0,3.31,151.7,0,704.083,0.01694852467389779,0.11046768194163901,-0.03,-0.025819344922588194,0.4158723201641897,1.0,0.0,-66.08114436716313,-15.839634715887986,135.07299999999998,169.809,5.659223304828218,0.06841819247816426,-0.2908694933820162,-5.201434367932973,0.22409411977119476,1.522199999999998,0.0014888842068449992,final_approach,0.9698746068074762,1.1238750509384943,-11.17505911965608,
704.175,63.96391854,-22.60576902,280.695,172.273,0.0338,-5.2966,1.5437,-0.0018,-0.0907,0.0183,69.372,72.997,-10.546,123.2031,0.529,0.0,0.0,0.0,-0.03,1291.0,0.0,3.31,151.7,0,704.175,0.01693397180801204,0.11050467806171523,-0.03,-0.025844200464409106,0.4152624213823377,1.0,0.0,-62.950872931170906,-15.827499078454228,134.195,168.773,5.665082186705219,0.06762907684231541,-0.2909385294187309,-5.2122496472445,0.22601070185825733,1.523699999999991,0.0023416733896268202,final_approach,0.971183985316177,1.1229629918700574,-11.192311942253665,
704.292,63.96395783,-22.60576863,279.463,170.821,0.0336,-5.3072,1.5459,-0.0018,-0.091,0.0182,69.373,72.992,-10.5667,123.1961,0.5348,0.0,0.0,0.0,-0.03,1289.8,0.0,3.31,151.7,0,704.292,0.016905768783000374,0.11055491016630044,-0.03,-0.0258806521602834,0.4144134152789262,1.0,0.0,-58.57094520416676,-15.809920405281504,132.96300000000002,167.321,5.673282895137986,0.06803948487965289,-0.29102434594059623,-5.225971722095305,0.22872208136072913,1.5259000000000071,0.0029057947675738224,final_approach,0.9728429385108939,1.121382162231754,-11.216360202176713,
704.392,63.96399432,-22.60576827,278.317,169.475,0.0334,-5.317,1.5478,-0.0015,-0.0909,0.0183,69.374,72.989,-10.5861,123.1897,0.5401,0.0,0.0,0.0,-0.03,1288.8,0.0,3.31,151.7,0,704.392,0.01687757143762819,0.1106009709966031,-0.03,-0.02591213020140215,0.4136213782498119,1.0,0.0,-54.50315285784812,-15.793702588281896,131.817,165.975,5.680981266954792,0.0695301904277167,-0.2911062560231527,-5.237662441957305,0.23119999674514702,1.5278000000000134,0.0035507225159674173,final_approach,0.9742678533211553,1.1198004481690411,-11.238828244211122,
704.533,63.96402801,-22.60576793,277.258,168.236,0.0333,-5.3261,1.5497,-0.0014,-0.0911,0.0182,69.375,72.985,-10.6039,123.1839,0.545,0.0,0.0,0.0,-0.03,1287.8,0.0,3.3,151.7,0,704.533,0.016868947534396994,0.11064802304107714,-0.03,-0.02594360548743274,0.4128843586645914,1.0,0.0,-50.74749572119466,-15.778355690304593,130.75799999999998,164.736,5.688187232456983,0.06645951507533472,-0.2911751784356327,-5.254101128639525,0.23349088715235666,1.5296999999999912,0.003872674885570018,final_approach,0.9762106898300296,1.119277630983909,-11.259764870610713,
704.675,63.96408975,-22.60576731,275.31,165.959,0.033,-5.3427,1.553,-0.001,-0.0915,0.0183,69.377,72.979,-10.6368,123.1736,0.5539,0.0,0.0,0.0,-0.03,1286.0,0.0,3.3,151.7,0,704.675,0.01680980032042284,0.1107282023108131,-0.03,-0.025998266531897463,0.4115409693083511,1.0,0.0,-43.8649112799618,-15.750382050360905,128.81,162.459,5.701429208669149,0.07092515483058613,-0.29130471059477325,-5.270596985535082,0.2376519509907098,1.532999999999987,0.004801023263447902,final_approach,0.978239568836301,1.1160747909839621,-11.298000244861644,
704.783,63.96412624,-22.60576693,274.157,164.612,0.0329,-5.3526,1.555,-0.0014,-0.0922,0.0183,69.378,72.976,-10.6562,123.1676,0.5592,0.0,0.0,0.0,-0.03,1284.9,0.0,3.3,151.6,0,704.783,0.016781711561524804,0.11078008400392826,-0.03,-0.02603139038096841,0.41073911356235415,1.0,0.0,-39.79711859160244,-15.73318435888562,127.65699999999998,161.112,5.709400864126711,0.07140623312665804,-0.2913692323052804,-5.283090713476133,0.24012993482773481,1.5349999999999966,0.005206317444888842,final_approach,0.9797320807016163,1.114594444048091,-11.320868351433463,
704.883,63.96415991,-22.60576658,273.09,163.365,0.0328,-5.3619,1.5568,-0.0018,-0.0929,0.0182,69.379,72.972,-10.6742,123.1622,0.5641,0.0,0.0,0.0,-0.03,1283.9,0.0,3.29,151.6,0,704.883,0.016755881454246557,0.11082545046103495,-0.03,-0.026061199223656017,0.410002830300091,1.0,0.0,-36.04369081888403,-15.717346745328902,126.58999999999997,159.865,5.716766203192791,0.07178075938234586,-0.29142949344843105,-5.294623360442725,0.24242080137301514,1.5367999999999995,0.0056421067680848995,final_approach,0.9811106936680858,1.1132240666782778,-11.341896908061807,
704.992,63.96419359,-22.60576623,272.022,162.118,0.0326,-5.3711,1.5586,-0.0019,-0.0936,0.0181,69.381,72.969,-10.6923,123.1569,0.5689,0.0,0.0,0.0,-0.03,1282.9,0.0,3.29,151.6,0,704.992,0.01673697904597171,0.11087340377800696,-0.03,-0.0260910055800172,0.4092594597478869,1.0,0.0,-32.289148278687904,-15.701509520899455,125.52199999999999,158.618,5.724247517952342,0.0712566186895029,-0.2914900136736463,-5.307158640390202,0.24466513143957513,1.5386000000000024,0.006797244684911828,final_approach,0.9826026081453278,1.112093783946868,-11.363157793999212,
705.1,63.96423006,-22.60576584,270.862,160.764,0.0324,-5.3813,1.5606,-0.0017,-0.0938,0.0181,69.382,72.966,-10.712,123.1512,0.5742,0.0,0.0,0.0,-0.03,1281.9,0.0,3.29,151.6,0,705.1,0.01671023735411442,0.11092164038254446,-0.03,-0.026124120834380204,0.40845904002503514,1.0,0.0,-28.223584954263586,-15.683821113844756,124.36200000000002,157.264,5.73235455849932,0.07189138061621017,-0.29154568965414973,-5.319539803767452,0.24714313945347044,1.540600000000012,0.00702106419167423,final_approach,0.9840707823892885,1.1105767888678386,-11.38608424578941,
705.183,63.96426093,-22.60576552,269.88,159.616,0.0322,-5.3898,1.5623,-0.0018,-0.0942,0.018,69.383,72.963,-10.7287,123.1465,0.5786,0.0,0.0,0.0,-0.03,1281.0,0.0,3.29,151.6,0,705.183,0.016686425224654466,0.1109662933329965,-0.03,-0.026152266381734568,0.4077727752680357,1.0,0.0,-24.782292562230687,-15.669344356461151,123.38,156.116,5.739348745137349,0.07395403532883323,-0.29160215386800736,-5.329025389081403,0.24920045705044913,1.5423000000000116,0.007478075880701573,final_approach,0.9852137273703434,1.10920318052899,-11.405769218442273,
705.3,63.96429741,-22.60576512,268.716,158.258,0.032,-5.4,1.5642,-0.0018,-0.0948,0.018,69.385,72.96,-10.7484,123.1411,0.5839,0.0,0.0,0.0,-0.03,1279.9,0.0,3.28,151.6,0,705.3,0.016662669303395994,0.11101849862905747,-0.03,-0.02618372053661694,0.4069667081009122,1.0,0.0,-20.715614299308314,-15.651166401382913,122.21600000000001,154.758,5.747616007085597,0.07340508919603723,-0.29164909757011664,-5.342365134479685,0.2516782205819652,1.5441999999999894,0.008352252354647276,final_approach,0.9867784158626947,1.10783150521047,-11.428924270608531,
705.383,63.96432827,-22.60576479,267.73,157.108,0.0319,-5.4087,1.5659,-0.0018,-0.0952,0.0179,69.386,72.957,-10.7653,123.1365,0.5883,0.0,0.0,0.0,-0.03,1279.0,0.0,3.28,151.6,0,705.383,0.016636311900370238,0.11106062046998824,-0.03,-0.02621186136916348,0.40628135170254315,1.0,0.0,-17.27543650373275,-15.636199317547167,121.23000000000002,153.608,5.754690279003868,0.0753762729610835,-0.2916965628349307,-5.351795405656267,0.2537356561888373,1.545899999999989,0.008688246937948297,final_approach,0.9879032910260435,1.1064305410207496,-11.448640630179964,
705.492,63.96436474,-22.60576439,266.563,155.746,0.0317,-5.419,1.5678,-0.0018,-0.0956,0.0178,69.388,72.954,-10.7852,123.1313,0.5936,0.0,0.0,0.0,-0.03,1277.9,0.0,3.28,151.6,0,705.492,0.01660922462410952,0.11111388394520297,-0.03,-0.026243310248815266,0.405468078196253,1.0,0.0,-13.209873008288099,-15.61802097334166,120.06299999999999,152.246,5.763139664294808,0.07573311017543825,-0.2917436333013539,-5.3641506050455545,0.2562133693347448,1.5477999999999952,0.009566463021163133,final_approach,0.9893571942495392,1.104892475368537,-11.472071625726324,
705.575,63.96438999,-22.60576411,265.753,154.802,0.0315,-5.4261,1.5691,-0.0017,-0.0956,0.0178,69.389,72.952,-10.7991,123.1278,0.5972,0.0,0.0,0.0,-0.03,1277.2,0.0,3.28,151.5,0,705.575,0.01659541893610611,0.11114816689723814,-0.03,-0.026264826296678034,0.4049070236885364,1.0,0.0,-10.395080571333034,-15.605285275573781,119.25299999999999,151.302,5.769003887615825,0.07488647398356953,-0.29177349262544827,-5.373526988259517,0.25789639067525627,1.54910000000001,0.009792074816599076,final_approach,0.9904528555908847,1.104010077549077,-11.48825815456666,
705.683,63.96442927,-22.60576368,264.492,153.331,0.0314,-5.4373,1.5712,-0.0016,-0.0961,0.0178,69.391,72.949,-10.8207,123.1223,0.6028,0.0,0.0,0.0,-0.03,1276.0,0.0,3.28,151.5,0,705.683,0.0165616317902727,0.11120589370182778,-0.03,-0.026299580228896613,0.4040265553069706,1.0,0.0,-6.0162669277250895,-15.58574646414837,117.99200000000002,149.831,5.7782657559352035,0.07669840165202262,-0.29182517119432155,-5.385699409590764,0.26051473968144023,1.5511999999999944,0.010585387880418795,final_approach,0.991892198555437,1.1022388227510689,-11.513696618042907,
705.792,63.96446573,-22.60576327,263.319,151.963,0.0312,-5.4477,1.5731,-0.0018,-0.0966,0.0177,69.393,72.946,-10.8409,123.1174,0.608,0.0,0.0,0.0,-0.03,1274.9,0.0,3.27,151.5,0,705.792,0.01653528536887544,0.11125855437491848,-0.03,-0.026331021321353343,0.40320779173056637,1.0,0.0,-1.951818027945683,-15.567077793490997,116.81900000000002,148.463,5.786944535332692,0.07718563959914047,-0.29186328687797847,-5.397944466672288,0.26294579613556834,1.5531000000000006,0.01129113660521363,final_approach,0.9933218985159904,1.1007344348590955,-11.537392998197674,
705.875,63.96449379,-22.60576295,262.414,150.912,0.031,-5.4557,1.5746,-0.0018,-0.0971,0.0176,69.395,72.944,-10.8564,123.1138,0.612,0.0,0.0,0.0,-0.03,1274.1,0.0,3.27,151.5,0,705.875,0.016515378676423442,0.11129971127247808,-0.03,-0.026355841260401636,0.40257933754893377,1.0,0.0,1.1762247281930152,-15.552491691352408,115.91399999999999,147.412,5.793650057036101,0.07778626935151482,-0.29188858956364416,-5.407236906581607,0.26481557905268005,1.5545999999999935,0.012455250144932503,final_approach,0.99440209346578,1.099548183733468,-11.555608357574467,
705.992,63.96453306,-22.60576251,261.146,149.442,0.0308,-5.467,1.5767,-0.0017,-0.0976,0.0175,69.397,72.941,-10.8783,123.1087,0.6176,0.0,0.0,0.0,-0.03,1272.9,0.0,3.27,151.5,0,705.992,0.01648639528044632,0.1113569151035488,-0.03,-0.02639058624264129,0.4016936809044542,1.0,0.0,5.553923776135658,-15.532462553649193,114.64600000000002,145.942,5.803166050179106,0.07837743691402398,-0.29193130739884976,-5.4203046456116,0.26743359791646526,1.5567000000000064,0.012876956231220848,final_approach,0.9959305079334619,1.0979111779721826,-11.581318531396724,
706.083,63.96456111,-22.60576219,260.239,148.391,0.0307,-5.4751,1.5781,-0.0017,-0.098,0.0175,69.399,72.939,-10.8939,123.1052,0.6216,0.0,0.0,0.0,-0.03,1272.1,0.0,3.27,151.5,0,706.083,0.01646734646808168,0.1114005791584771,-0.03,-0.02641374766158522,0.401057748663615,1.0,0.0,8.68085176479663,-15.517876062383333,113.73899999999998,144.891,5.810047479142826,0.07791788051208766,-0.2919566281229252,-5.430431108012432,0.26930340774754313,1.558099999999996,0.01370432584456157,final_approach,0.9971046772208787,1.0968660457829777,-11.599808411342163,
706.2,63.96460038,-22.60576173,258.967,146.917,0.0305,-5.4866,1.5801,-0.0016,-0.0985,0.0174,69.401,72.936,-10.9159,123.1004,0.6271,0.0,0.0,0.0,-0.03,1270.9,0.0,3.26,151.5,0,706.2,0.016438808082600342,0.11146067194572498,-0.03,-0.02644683275976123,0.40016452635488203,1.0,0.0,13.058551154780066,-15.496867050030383,112.46699999999998,143.417,5.819783099135318,0.07879997164110693,-0.29198108756917895,-5.443414213936786,0.27187453922991267,1.5601000000000056,0.014012479594507448,final_approach,0.9985995514815791,1.095249055724203,-11.62582050833494,
706.283,63.96463123,-22.60576137,257.965,145.757,0.0304,-5.4956,1.5817,-0.0016,-0.0988,0.0174,69.403,72.934,-10.9332,123.0968,0.6315,0.0,0.0,0.0,-0.03,1270.0,0.0,3.26,151.5,0,706.283,0.016410717084820503,0.11150754979552321,-0.03,-0.026473298597145645,0.3994647355806171,1.0,0.0,16.49761469593903,-15.480429765266816,111.46499999999997,142.257,5.827468703767039,0.08109958406181372,-0.2920016181019195,-5.452590235580684,0.27393101487757576,1.5617000000000019,0.014929198317033357,final_approach,0.9996603311937484,1.0937530826837403,-11.64623369073997,
706.383,63.96466489,-22.60576098,256.871,144.489,0.0302,-5.5054,1.5835,-0.0017,-0.0994,0.0174,69.406,72.932,-10.9522,123.0929,0.6363,0.0,0.0,0.0,-0.03,1269.0,0.0,3.26,151.4,0,706.383,0.016385488847442786,0.11156113316256823,-0.03,-0.0265030702804126,0.3986935544200963,1.0,0.0,20.24992838526124,-15.46263201345741,110.37099999999998,140.989,5.835998897034656,0.08179997549753719,-0.2920266541519832,-5.463617600210616,0.2761745135611591,1.5635000000000048,0.016299271197302536,final_approach,1.0009356016637057,1.0922983599706164,-11.668764415289596,
706.492,63.96470135,-22.60576055,255.683,143.114,0.03,-5.5162,1.5854,-0.0017,-0.0999,0.0174,69.408,72.929,-10.9728,123.0888,0.6414,0.0,0.0,0.0,-0.03,1267.9,0.0,3.26,151.4,0,706.492,0.016359099738402605,0.1116182854201368,-0.03,-0.026534493204952214,0.39785915619908013,1.0,0.0,24.31437762628935,-15.442983468150024,109.18299999999999,139.614,5.845301278440706,0.08239047102785026,-0.29204684023392946,-5.475599561848673,0.2785582795750656,1.565400000000011,0.016485575984200588,final_approach,1.0023120403559282,1.0907848733788832,-11.693183859435283,
706.575,63.96472939,-22.60576021,254.768,142.055,0.0299,-5.5245,1.5868,-0.0015,-0.1,0.0174,69.41,72.927,-10.9887,123.0858,0.6454,0.0,0.0,0.0,-0.03,1267.1,0.0,3.26,151.4,0,706.575,0.016335894921322203,0.11166339755901653,-0.03,-0.026557645135571295,0.3972144103615748,1.0,0.0,27.440191190305413,-15.427416713281486,108.268,138.555,5.852542248466282,0.08319882630949063,-0.29205377285117384,-5.484690866207549,0.28042748393983175,1.5668000000000006,0.01717746776219037,final_approach,1.0033453936409131,1.089529011213891,-11.712082954324295,
706.683,63.96476585,-22.60575978,253.577,140.676,0.0297,-5.5353,1.5887,-0.0016,-0.1007,0.0173,69.413,72.925,-11.0095,123.0819,0.6506,0.0,0.0,0.0,-0.03,1266.0,0.0,3.25,151.4,0,706.683,0.016307530940868065,0.11172383244317113,-0.03,-0.026589063163043825,0.39636946873655005,1.0,0.0,31.50464043133352,-15.4077681679741,107.077,137.176,5.862102895597802,0.08408644033742284,-0.2920740434214267,-5.49648997577871,0.2828575848817252,1.5687000000000069,0.018141132309063283,final_approach,1.0047013249517605,1.0879150569580958,-11.73689024804878,
706.792,63.96480231,-22.60575934,252.383,139.296,0.0295,-5.5462,1.5906,-0.0016,-0.1013,0.0173,69.415,72.923,-11.0304,123.0782,0.6557,0.0,0.0,0.0,-0.03,1264.9,0.0,3.25,151.4,0,706.792,0.016280465962299984,0.1117828003294475,-0.03,-0.026620478366630562,0.39552457051236367,1.0,0.0,35.56908984417411,-15.387629685342118,105.88300000000001,135.796,5.871745657487869,0.08481631785009039,-0.2920850688623891,-5.508356668039385,0.28524079164554905,1.570600000000013,0.01815999517672047,final_approach,1.0060527169883535,1.0863647207481968,-11.761742016774207,
706.875,63.96483035,-22.605759,251.463,138.233,0.0294,-5.5546,1.592,-0.0015,-0.1014,0.0173,69.417,72.921,-11.0465,123.0755,0.6596,0.0,0.0,0.0,-0.03,1264.1,0.0,3.25,151.4,0,706.875,0.016258434452730786,0.11182911302528203,-0.03,-0.026643624602544103,0.39487329796284065,1.0,0.0,38.694903407398094,-15.372062930473309,104.963,134.733,5.87923615244488,0.08572141940723167,-0.29209206698537205,-5.517360522817592,0.287063016983808,1.5720000000000027,0.01869966702812054,final_approach,1.0070762832190034,1.085164694720067,-11.780930005641137,
706.983,63.9648668,-22.60575855,250.265,136.849,0.0292,-5.5656,1.5939,-0.0016,-0.1023,0.0173,69.421,72.919,-11.0675,123.0721,0.6648,0.0,0.0,0.0,-0.03,1263.1,0.0,3.25,151.4,0,706.983,0.01622903402938397,0.11189097599294953,-0.03,-0.026675034893913263,0.39402367897411417,1.0,0.0,42.7582382237813,-15.351434121563246,103.76499999999999,133.349,5.8890848400600255,0.08663310817138123,-0.29209370562240106,-5.529044145142662,0.2894922712373784,1.573900000000009,0.020366700665300528,final_approach,1.0083947042139272,1.0834955908993322,-11.80600335270459,
707.092,63.96490326,-22.6057581,249.065,135.463,0.0291,-5.5767,1.5958,-0.0016,-0.1031,0.0172,69.424,72.917,-11.0887,123.0688,0.6699,0.0,0.0,0.0,-0.03,1262.1,0.0,3.24,151.4,0,707.092,0.01619929004965237,0.1119529929405225,-0.03,-0.026706442352676274,0.3931670357981137,1.0,0.0,46.8226878068502,-15.33080570160612,102.565,131.963,5.89910505723867,0.08751568980434879,-0.29209546437671025,-5.540793690365709,0.2918748506414204,1.5757999999999868,0.021017267493892128,final_approach,1.0097207002219335,1.0819079794552202,-11.831332133041606,
707.183,63.9649313,-22.60575775,248.14,134.395,0.0289,-5.5853,1.5972,-0.0016,-0.1036,0.0171,69.426,72.916,-11.105,123.0664,0.6738,0.0,0.0,0.0,-0.03,1261.3,0.0,3.24,151.3,0,707.183,0.01618155829255552,0.11200098609719794,-0.03,-0.026729582876300007,0.3925082880476538,1.0,0.0,49.94850154188666,-15.314749009412717,101.63999999999999,130.895,5.906873360325883,0.08715740283551403,-0.2920931552981641,-5.550567093303734,0.2936965937448406,1.5772000000000048,0.02110460881062637,final_approach,1.0108187168805856,1.0808205032278586,-11.85084282570243,
707.3,63.96497056,-22.60575726,246.843,132.898,0.0288,-5.5974,1.5992,-0.0015,-0.1044,0.017,69.43,72.914,-11.128,123.0632,0.6793,0.0,0.0,0.0,-0.03,1260.2,0.0,3.24,151.3,0,707.3,0.016148705343298042,0.11206959795411282,-0.03,-0.026762638093837665,0.39157985430086956,1.0,0.0,54.3250866766614,-15.29226979613167,100.34299999999999,129.398,5.91791688311338,0.08836268297190324,-0.2920899608978609,-5.563094407064895,0.29626536387590363,1.579199999999986,0.022294011117668256,final_approach,1.0122258104377053,1.0790749393992165,-11.878390485016137,
707.392,63.9650042,-22.60575684,245.729,131.613,0.0286,-5.6078,1.6009,-0.0013,-0.1049,0.017,69.432,72.913,-11.1479,123.0607,0.6841,0.0,0.0,0.0,-0.03,1259.3,0.0,3.24,151.3,0,707.392,0.016118539685913813,0.112125925176397,-0.03,-0.026790732553413077,0.3907830540706698,1.0,0.0,58.07517134488137,-15.273001454267447,99.22900000000001,128.113,5.927485202344025,0.09096948079295389,-0.2920870826982605,-5.57290626249148,0.2985065501346753,1.580900000000014,0.02224356741921739,final_approach,1.0133273964224294,1.0773625231043447,-11.90207898639414,
707.475,63.96503224,-22.60575648,244.799,130.54,0.0285,-5.6165,1.6023,-0.0012,-0.1054,0.017,69.435,72.911,-11.1645,123.0586,0.688,0.0,0.0,0.0,-0.03,1258.5,0.0,3.23,151.3,0,707.475,0.016095301763848158,0.11217527205193961,-0.03,-0.026813867457529117,0.3901157698312817,1.0,0.0,61.20098525014614,-15.256454824748902,98.299,127.03999999999999,5.935564046778449,0.09203047984639108,-0.29207537681623563,-5.5817301447743315,0.30032775925968735,1.5823000000000036,0.02350729568231285,final_approach,1.0143060811023688,1.076096490939932,-11.921950429874016,
707.583,63.96506869,-22.60575602,243.588,129.149,0.0284,-5.628,1.6041,-0.0012,-0.1064,0.0169,69.439,72.91,-11.1862,123.0562,0.6931,0.0,0.0,0.0,-0.03,1257.5,0.0,3.23,151.3,0,707.583,0.016064343561789318,0.11224002634858332,-0.03,-0.02684361006303726,0.38924443331029657,1.0,0.0,65.26432023754974,-15.235336078513969,97.088,125.649,5.946205683688742,0.0931143457212183,-0.2920676129824594,-5.593179218455244,0.3027085254827284,1.5841000000000065,0.024737272169099756,final_approach,1.0155856777329326,1.0744417814837206,-11.947944701685852,
707.683,63.96510234,-22.60575558,242.469,127.862,0.0283,-5.6386,1.6058,-0.0014,-0.1071,0.0169,69.442,72.909,-11.2063,123.0541,0.6978,0.0,0.0,0.0,-0.03,1256.6,0.0,3.23,151.3,0,707.683,0.016035466088449746,0.11230310652591177,-0.03,-0.02687169795318811,0.388430723793428,1.0,0.0,69.01552001449615,-15.215088251127005,95.969,124.362,5.95624008066079,0.09431928305442515,-0.2920460048556562,-5.603739888212628,0.30490235109522246,1.585800000000006,0.025215701971908352,final_approach,1.0167470004482553,1.0728902355491101,-11.972267525589102,
707.792,63.96513318,-22.60575518,241.44,126.681,0.0281,-5.6484,1.6074,-0.0013,-0.1078,0.0168,69.445,72.908,-11.2249,123.0523,0.7021,0.0,0.0,0.0,-0.03,1255.7,0.0,3.23,151.3,0,707.792,0.016017434873579484,0.1123569173109035,-0.03,-0.026898131528481084,0.38768978638317136,1.0,0.0,72.4534694722589,-15.196690828110754,94.94,123.181,5.965460105949771,0.09269730054073279,-0.2920292198440566,-5.615210818248461,0.30690921071695243,1.5874000000000024,0.025425450499899242,final_approach,1.018017193837217,1.0717832321829484,-11.994455560211074,
707.883,63.96516963,-22.60575471,240.223,125.283,0.028,-5.6601,1.6092,-0.001,-0.1084,0.0168,69.449,72.907,-11.247,123.0503,0.7072,0.0,0.0,0.0,-0.03,1254.7,0.0,3.23,151.3,0,707.883,0.015979784609896575,0.11242468400086433,-0.03,-0.02692786688038118,0.3868027541158451,1.0,0.0,76.51680462989081,-15.175082144550677,93.72300000000001,121.783,5.9766046773608865,0.09765905340136996,-0.29201193606539244,-5.624751098281726,0.30928915369653964,1.5892000000000053,0.027110049905007833,final_approach,1.0190692312497376,1.06978773561071,-12.021069737939465,
707.983,63.96520327,-22.60575427,239.097,123.989,0.0279,-5.6709,1.6109,-0.001,-0.1091,0.0167,69.453,72.906,-11.2675,123.0487,0.7119,0.0,0.0,0.0,-0.03,1253.8,0.0,3.22,151.2,0,707.983,0.015950631167017948,0.11248695383618068,-0.03,-0.026955947912869038,0.3859831963974593,1.0,0.0,80.26688964015156,-15.15483392803672,92.59700000000001,120.489,5.98700723570219,0.09872014173666387,-0.29199005898667924,-5.635200933852778,0.31148184700174397,1.5909000000000049,0.02828186355001487,final_approach,1.0202176927675772,1.0682185036411198,-12.045709492451117,
708.083,63.96523692,-22.60575382,237.969,122.694,0.0278,-5.6818,1.6125,-0.0011,-0.11,0.0166,69.457,72.905,-11.2881,123.0472,0.7166,0.0,0.0,0.0,-0.03,1252.9,0.0,3.22,151.2,0,708.083,0.01592101504263116,0.1125512747289164,-0.03,-0.026982375027651218,0.3851570946387731,1.0,0.0,84.0180895881183,-15.134096163498947,91.469,119.194,5.997598225568186,0.0999184345572091,-0.2919587923327053,-5.645612809973208,0.3136743251898224,1.5925000000000011,0.0293471486818224,final_approach,1.0213495389882326,1.0666246051525548,-12.070595119345517,
708.192,63.96527336,-22.60575334,236.745,121.29,0.0277,-5.6937,1.6143,-0.0011,-0.1108,0.0165,69.461,72.904,-11.3106,123.0458,0.7217,0.0,0.0,0.0,-0.03,1251.9,0.0,3.22,151.2,0,708.192,0.015889060078575934,0.11262060379356031,-0.03,-0.0270121031042459,0.3842581627548706,1.0,0.0,88.08031014929287,-15.111997153486728,90.245,117.79,6.009246205574679,0.1010757291134064,-0.29193176306095,-5.656920978937286,0.3160528348809635,1.594300000000004,0.030015339502243485,final_approach,1.0225879107669194,1.0649112030607277,-12.097731275917047,
708.275,63.9653014,-22.60575296,235.802,120.211,0.0276,-5.7029,1.6157,-0.0011,-0.1115,0.0165,69.465,72.903,-11.3279,123.0449,0.7256,0.0,0.0,0.0,-0.03,1251.1,0.0,3.22,151.2,0,708.275,0.015864486076052065,0.11267793356435535,-0.03,-0.027035223162918065,0.3835601698349379,1.0,0.0,91.20612439739047,-15.09447064949278,89.30199999999999,116.711,6.018381300573091,0.10257333851501693,-0.291900826056275,-5.665497932791561,0.31787126256122633,1.5956999999999937,0.03166783328244077,final_approach,1.0235134720806798,1.0635693842797096,-12.11884271391414,
708.392,63.96534065,-22.60575243,234.479,118.697,0.0275,-5.716,1.6176,-0.0011,-0.1125,0.0164,69.469,72.903,-11.3524,123.0438,0.7311,0.0,0.0,0.0,-0.03,1250.0,0.0,3.21,151.2,0,708.392,0.015828996680366136,0.11275520283736243,-0.03,-0.027066597893577682,0.38258040381058295,1.0,0.0,95.58159544956115,-15.070031297785262,87.97900000000001,115.197,6.031341603496125,0.1039397520716685,-0.291859231585218,-5.677550020949152,0.3204352876926748,1.5976,0.031896942455667286,final_approach,1.0248165016418938,1.0616743076398656,-12.148537769018242,
708.483,63.96536868,-22.60575205,233.532,117.614,0.0274,-5.7253,1.619,-0.0011,-0.1132,0.0164,69.473,72.902,-11.3701,123.0432,0.735,0.0,0.0,0.0,-0.03,1249.3,0.0,3.21,151.2,0,708.483,0.015807011593779285,0.11280945091393343,-0.03,-0.027089714278412447,0.38187886921196246,1.0,0.0,98.70629492938892,-15.052504404663765,87.03200000000001,114.114,6.040722542247522,0.10379766656413338,-0.2918280217147743,-5.686884469194973,0.32225294088704004,1.5989999999999895,0.0329932244102565,final_approach,1.025827023443778,1.060461301408683,-12.169844359272767,
708.592,63.96540793,-22.60575152,232.204,116.101,0.0273,-5.7386,1.6209,-0.0008,-0.1141,0.0163,69.478,72.902,-11.3949,123.0425,0.7405,0.0,0.0,0.0,-0.03,1248.2,0.0,3.21,151.2,0,708.592,0.01576856862261594,0.11288952335868413,-0.03,-0.027121084018361385,0.3808878194837994,1.0,0.0,103.08176598155961,-15.028065052956245,85.70400000000001,112.601,6.054122663804376,0.10698753797293933,-0.29178621357445794,-5.698026819569851,0.3248159173381566,1.6008999999999958,0.03416398215777592,final_approach,1.0270272761454073,1.0584132895927105,-12.2000075152913,
708.675,63.96543597,-22.60575113,231.253,115.02,0.0272,-5.7481,1.6223,-0.0008,-0.1148,0.0163,69.482,72.902,-11.4127,123.0422,0.7444,0.0,0.0,0.0,-0.03,1247.4,0.0,3.21,151.2,0,708.675,0.015743325522218743,0.11294712622160707,-0.03,-0.027144196722303338,0.38017806923754704,1.0,0.0,106.20758040067754,-15.01004861181149,84.75299999999999,111.52,6.063828356580478,0.1086456245680221,-0.2917454422218184,-5.706477150406782,0.3266327642947999,1.6023000000000138,0.03543932660565208,final_approach,1.0279256354426423,1.057032892328813,-12.221655338443727,
708.792,63.96547241,-22.60575063,230.016,113.612,0.0271,-5.7605,1.624,-0.0009,-0.1159,0.0163,69.487,72.902,-11.4361,123.0419,0.7495,0.0,0.0,0.0,-0.03,1246.4,0.0,3.2,151.1,0,708.792,0.015712750436242096,0.11302381287093438,-0.03,-0.027172260046147534,0.3792442829530635,1.0,0.0,110.26980130389292,-14.986969727149534,83.51599999999999,110.112,6.07674027958395,0.10893107318483813,-0.2916988433675951,-5.718350654194212,0.32900839157542805,1.6040000000000134,0.03610257352649973,final_approach,1.0292019439723958,1.055380702993979,-12.250195691176565,
708.9,63.96550886,-22.60575012,228.775,112.202,0.027,-5.773,1.6258,-0.0006,-0.1163,0.0163,69.492,72.902,-11.4596,123.0419,0.7546,0.0,0.0,0.0,-0.03,1245.4,0.0,3.2,151.1,0,708.9,0.015678653495468986,0.11310037925586705,-0.03,-0.027201971638097178,0.37830951036590493,1.0,0.0,114.33313714639843,-14.96340129446432,82.275,108.702,6.089832669201924,0.11098019928671721,-0.2916426850183503,-5.729262001821089,0.3313831725196792,1.605799999999988,0.037029275596491426,final_approach,1.0303573067836922,1.0535479875487894,-12.278834328271087,
708.983,63.9655369,-22.60574973,227.82,111.115,0.027,-5.7827,1.6272,-0.0006,-0.1171,0.0164,69.496,72.902,-11.4778,123.042,0.7585,0.0,0.0,0.0,-0.03,1244.6,0.0,3.2,151.1,0,708.983,0.015651207809905532,0.11316349194332076,-0.03,-0.027225078863460483,0.37757846509405824,1.0,0.0,117.45895156472433,-14.945384853145226,81.32,107.615,6.100191299685699,0.1132839622244315,-0.29160160466592755,-5.73761397680332,0.3331988936143375,1.607200000000006,0.03804413882265061,final_approach,1.0312441643260115,1.0521519404837782,-12.301279342904177,
709.092,63.96557614,-22.60574918,226.479,109.591,0.0269,-5.7964,1.6291,-0.0006,-0.1183,0.0163,69.502,72.902,-11.5034,123.0424,0.764,0.0,0.0,0.0,-0.03,1243.5,0.0,3.2,151.1,0,709.092,0.015611565855235099,0.11324955070949144,-0.03,-0.02725643616080836,0.3765588326776677,1.0,0.0,121.8333081922501,-14.919965237835033,79.97900000000001,106.091,6.114819716008495,0.11677091090994808,-0.29153992619255664,-5.748545164642593,0.3357587709366783,1.6091000000000122,0.039589750889647495,final_approach,1.0323944993997962,1.050033420912218,-12.332655775577297,
709.192,63.96560979,-22.6057487,225.327,108.283,0.0269,-5.8082,1.6307,-0.0004,-0.119,0.0163,69.507,72.902,-11.5255,123.043,0.7687,0.0,0.0,0.0,-0.03,1242.6,0.0,3.19,151.1,0,709.192,0.015577892983242358,0.1133258190099902,-0.03,-0.027282840063381497,0.3756758927584691,1.0,0.0,125.58450865327802,-14.897757661322657,78.827,104.783,6.127662065467252,0.11871300818954697,-0.2914788823835674,-5.758531235665477,0.3379455370919686,1.6107000000000085,0.04053613717241456,final_approach,1.0334391995220074,1.0483168869482107,-12.359893376856146,
709.275,63.96563782,-22.6057483,224.366,107.19,0.0268,-5.8182,1.6321,-0.0006,-0.1203,0.0163,69.512,72.903,-11.5441,123.0436,0.7726,0.0,0.0,0.0,-0.03,1241.8,0.0,3.19,151.1,0,709.275,0.015551829188457378,0.11339050838889053,-0.03,-0.027305941794626643,0.3749339565990478,1.0,0.0,128.70920847514662,-14.87925089355142,77.86600000000001,103.69,6.138582917070032,0.12085692771374665,-0.2914277544933242,-5.766787802869746,0.3397597721521777,1.612099999999998,0.04232748505268494,final_approach,1.0343020997527113,1.0468870050935486,-12.382830118868181,
709.383,63.96567427,-22.60574778,223.114,105.768,0.0268,-5.8312,1.6338,-0.0006,-0.1218,0.0163,69.518,72.903,-11.5683,123.0446,0.7778,0.0,0.0,0.0,-0.03,1240.8,0.0,3.19,151.1,0,709.383,0.015513582067810006,0.11347811693452761,-0.03,-0.02733399178254653,0.37396226423137036,1.0,0.0,132.77254448867248,-14.8551925237154,76.614,102.268,6.153069741192492,0.12307031649363402,-0.2913612554172884,-5.7774943823644875,0.34217813490710114,1.6137999999999977,0.043530036916579605,final_approach,1.0354207841222092,1.0449335265920716,-12.412937952841224,
709.492,63.96571072,-22.60574725,221.859,104.344,0.0267,-5.8444,1.6356,-0.0007,-0.1231,0.0163,69.523,72.904,-11.5928,123.0458,0.7829,0.0,0.0,0.0,-0.03,1239.7,0.0,3.19,151.0,0,709.492,0.015478514061638138,0.11356468800991193,-0.03,-0.02736368923984045,0.37298440216548256,1.0,0.0,136.83588067242667,-14.830644216380174,75.35900000000001,100.844,6.167865986570191,0.12518282548431192,-0.2912849485302731,-5.788252878831689,0.34454930174945275,1.6156000000000006,0.043742902618074,final_approach,1.0365324294244154,1.0430403761456901,-12.443315879023483,
709.575,63.96573595,-22.60574689,220.989,103.354,0.0267,-5.8537,1.6368,-0.0004,-0.1235,0.0164,69.528,72.905,-11.6099,123.0468,0.7864,0.0,0.0,0.0,-0.03,1239.0,0.0,3.19,151.0,0,709.575,0.015455941765146974,0.11362668181490143,-0.03,-0.027383486097735055,0.3723013475788267,1.0,0.0,139.64844494338143,-14.813988242107195,74.489,99.854,6.17833487739306,0.12534089035913265,-0.2912386092881127,-5.796411517104509,0.3461760204821758,1.616800000000012,0.04524272636692885,final_approach,1.0373905725104855,1.0418851380020122,-12.464582849684124,
709.675,63.9657724,-22.60574635,219.73,101.922,0.0266,-5.8671,1.6386,-0.0003,-0.125,0.0164,69.534,72.906,-11.6348,123.0484,0.7915,0.0,0.0,0.0,-0.03,1238.0,0.0,3.18,151.0,0,709.675,0.015417401589707669,0.11371740606661088,-0.03,-0.027413179212129823,0.3713063335219278,1.0,0.0,143.71178129815596,-14.78894999762116,73.22999999999999,98.422,6.193787721795205,0.13020548263620954,-0.29115230559322913,-5.8062053759401415,0.3485459058086917,1.6185999999999865,0.046584296697213215,final_approach,1.03838042050932,1.0398107909615248,-12.4956332126151,
709.783,63.96580884,-22.60574582,218.468,100.488,0.0266,-5.8807,1.6404,-0.0002,-0.1265,0.0164,69.54,72.907,-11.6599,123.0502,0.7966,0.0,0.0,0.0,-0.03,1236.9,0.0,3.18,151.0,0,709.783,0.015379776656557098,0.11380867171080211,-0.03,-0.027442869717196672,0.370306114151202,1.0,0.0,147.77400271522455,-14.764401301158935,71.96799999999999,96.988,6.209571600562101,0.13286240646672812,-0.2910753000159612,-5.816739168988486,0.35091512539159453,1.6203999999999894,0.04739986568433259,final_approach,1.0394658193015722,1.0378810366511217,-12.526931126681346,
709.875,63.96583688,-22.6057454,217.495,99.382,0.0266,-5.8912,1.6417,-0.0002,-0.1276,0.0163,69.546,72.908,-11.6793,123.0518,0.8006,0.0,0.0,0.0,-0.03,1236.1,0.0,3.18,151.0,0,709.875,0.01535211834322081,0.11388172467456659,-0.03,-0.027464311235449623,0.3695304803622731,1.0,0.0,150.89981764661158,-14.744915048039296,70.995,95.882,6.221990043850492,0.13321585192588437,-0.29100412803718,-5.825673548649674,0.35277271721676584,1.6217000000000041,0.04901964074069883,final_approach,1.040378716160177,1.0364610145963624,-12.551260877648607,
709.983,63.96587613,-22.60574482,216.131,97.832,0.0266,-5.9061,1.6436,-0.0001,-0.129,0.0163,69.553,72.909,-11.7068,123.0543,0.8061,0.0,0.0,0.0,-0.03,1235.0,0.0,3.18,151.0,0,709.983,0.015308318556792155,0.1139855680597407,-0.03,-0.02749564638616242,0.36843131479470687,1.0,0.0,155.27528955388414,-14.718026010055555,69.631,94.332,6.2398653847968415,0.13859861263323417,-0.29091190466705147,-5.836119609578572,0.35532591081960163,1.6236000000000104,0.050455565656522684,final_approach,1.0414342366288274,1.034209747869813,-12.585828792182134,
710.1,63.96591258,-22.60574428,214.861,96.389,0.0266,-5.9201,1.6454,0.0,-0.1305,0.0163,69.56,72.911,-11.7326,123.0569,0.8113,0.0,0.0,0.0,-0.03,1234.0,0.0,3.17,151.0,0,710.1,0.015271552836516822,0.11408330346159076,-0.03,-0.027525329628976802,0.3674025218087737,1.0,0.0,159.33862590945085,-14.692987765395735,68.36099999999999,92.889,6.2569014481163405,0.13976674032753567,-0.2908246764462242,-5.847385230245431,0.3577390170101751,1.6254000000000133,0.05130770149039007,final_approach,1.0425886236024127,1.0323176394683529,-12.618279932765088,
710.175,63.96594062,-22.60574385,213.883,95.277,0.0266,-5.931,1.6468,0.0001,-0.1315,0.0163,69.565,72.912,-11.7526,123.059,0.8152,0.0,0.0,0.0,-0.03,1233.1,0.0,3.17,151.0,0,710.175,0.015239262395737918,0.11416226626280473,-0.03,-0.027548414784741293,0.3665992732755432,1.0,0.0,162.46444101185824,-14.673011574951229,67.38300000000001,91.777,6.2704156247743645,0.14650378729080485,-0.29074324104270355,-5.854572510248014,0.35954831622831307,1.626800000000003,0.05270397105186976,final_approach,1.0432912385065123,1.030654046386534,-12.643682243890925,
710.292,63.96597707,-22.6057433,212.608,93.829,0.0266,-5.9453,1.6485,0.0002,-0.1331,0.0162,69.572,72.914,-11.7789,123.062,0.8204,0.0,0.0,0.0,-0.03,1232.1,0.0,3.17,150.9,0,710.292,0.015201922272663315,0.11426332335300643,-0.03,-0.02757644462741843,0.3655520101025058,1.0,0.0,166.52777753844532,-14.6474833931406,66.108,90.329,6.288326377790714,0.14760038259467045,-0.29064583679311135,-5.865745240362847,0.36195999720942496,1.6285000000000025,0.05335170639525105,final_approach,1.0444217875074244,1.0287281918932827,-12.676888579290045,
710.375,63.96600511,-22.60574288,211.625,92.714,0.0266,-5.9564,1.6499,0.0005,-0.1336,0.0162,69.578,72.915,-11.7993,123.0645,0.8244,0.0,0.0,0.0,-0.03,1231.2,0.0,3.17,150.9,0,710.375,0.015171044043642334,0.1143425867825055,-0.03,-0.02759952626985679,0.3647401602368966,1.0,0.0,169.65359246983232,-14.62799714002096,65.125,89.214,6.302445895180807,0.15135276338732284,-0.2905737366381547,-5.873634298672141,0.36381445574048143,1.6298999999999921,0.05507329277991322,final_approach,1.045215699363105,1.02713390857393,-12.702699073305904,
710.475,63.96604157,-22.60574232,210.346,91.261,0.0267,-5.9709,1.6516,0.0004,-0.1355,0.0162,69.586,72.917,-11.826,123.068,0.8295,0.0,0.0,0.0,-0.03,1230.2,0.0,3.16,150.9,0,710.475,0.015127286841926435,0.11445324486806516,-0.03,-0.027627551842587583,0.36366490275091773,1.0,0.0,173.7180439349175,-14.601979410012738,63.846000000000004,87.761,6.321475073869423,0.15784260063712124,-0.2904662245299402,-5.883102140129564,0.3661777993564783,1.6315999999999917,0.0573393570726427,final_approach,1.0461409322999486,1.0249720138523344,-12.736977083490867,
710.583,63.96607802,-22.60574176,209.063,89.805,0.0267,-5.9856,1.6534,0.0005,-0.1374,0.0162,69.593,72.92,-11.8529,123.0717,0.8347,0.0,0.0,0.0,-0.03,1229.1,0.0,3.16,150.9,0,710.583,0.015086501140194275,0.11456363426814542,-0.03,-0.027657223422643706,0.3625859717583797,1.0,0.0,177.78138063173282,-14.575961290876965,62.56299999999999,86.305,6.340961213082042,0.16160670301955846,-0.2903582882768699,-5.893281667558995,0.368586928506204,1.6333999999999946,0.05801894414011998,final_approach,1.0471457638751467,1.0228609140148848,-12.77148014628275,
710.692,63.96611167,-22.60574124,207.876,88.459,0.0268,-5.9994,1.655,0.0005,-0.1392,0.0161,69.601,72.922,-11.8781,123.0754,0.8395,0.0,0.0,0.0,-0.03,1228.1,0.0,3.16,150.9,0,710.692,0.015049584356631285,0.11466727021034184,-0.03,-0.02768359595144876,0.3615786833318363,1.0,0.0,181.53258177684225,-14.551793965239172,61.376000000000005,84.959,6.3595238275818,0.16305545511530725,-0.29025542322577996,-5.903507251965144,0.37080970651109624,1.634999999999991,0.05941672152854346,final_approach,1.048162436580185,1.0210477310426604,-12.803790905358873,
710.775,63.96614252,-22.60574076,206.786,87.223,0.0269,-6.0122,1.6565,0.0008,-0.1402,0.0162,69.607,72.924,-11.9014,123.079,0.8439,0.0,0.0,0.0,-0.03,1227.1,0.0,3.16,150.9,0,710.775,0.015010217112312207,0.1147654981244896,-0.03,-0.027708318307228086,0.36064311645278335,1.0,0.0,184.9716473702458,-14.529477433099366,60.286,83.723,6.377099201825526,0.17117146208149686,-0.29015768284203153,-5.9112573029105935,0.3728464696376079,1.6365000000000123,0.06058694290108813,final_approach,1.0489070052153906,1.0191050980185743,-12.833887432246144,
710.875,63.96617337,-22.60574027,205.694,85.984,0.0269,-6.0251,1.658,0.0006,-0.1424,0.0161,69.614,72.926,-11.9249,123.0828,0.8484,0.0,0.0,0.0,-0.03,1226.2,0.0,3.15,150.9,0,710.875,0.014976168556248282,0.11486701314934095,-0.03,-0.027733038832410017,0.3596972281960717,1.0,0.0,188.41071313466975,-14.506670963634688,59.19399999999999,82.484,6.395209984790963,0.17282752334363477,-0.29004991211370457,-5.920558103112264,0.3749290193788113,1.6380000000000052,0.06144267536462868,final_approach,1.049813064816984,1.0173363842308412,-12.864401471890089,
710.983,63.96621263,-22.60573966,204.301,84.404,0.027,-6.0418,1.6599,0.0007,-0.1446,0.0162,69.624,72.929,-11.9552,123.0879,0.854,0.0,0.0,0.0,-0.03,1225.0,0.0,3.15,150.8,0,710.983,0.014927213475273482,0.11499864572424515,-0.03,-0.02776434886728857,0.35848017650411595,1.0,0.0,192.78730032248114,-14.478312502977676,57.80099999999999,80.904,6.419041661198671,0.1808002145266704,-0.28992570903277837,-5.930556070516595,0.3775192573110644,1.6399000000000115,0.06427448602171276,final_approach,1.0507760653321299,1.0148899844361097,-12.903791056620237,
711.092,63.96624909,-22.60573908,203.004,82.937,0.0271,-6.0575,1.6616,0.0008,-0.1468,0.0162,69.632,72.932,-11.9837,123.0929,0.8593,0.0,0.0,0.0,-0.03,1223.9,0.0,3.15,150.8,0,711.092,0.014882313968710814,0.11512327219559135,-0.03,-0.027792360614715572,0.3573359694627141,1.0,0.0,196.851752128815,-14.451314898319437,56.50399999999999,79.437,6.4420178113847015,0.18579857355207663,-0.28979675519053766,-5.940596229776157,0.3799699704883608,1.641600000000011,0.06510357778454876,final_approach,1.0517375743345418,1.0126510633569694,-12.940955934507365,
711.175,63.96627433,-22.60573868,202.104,81.923,0.0272,-6.0685,1.6628,0.001,-0.1477,0.0162,69.638,72.935,-12.0037,123.0966,0.8629,0.0,0.0,0.0,-0.03,1223.1,0.0,3.15,150.8,0,711.175,0.014853819147636838,0.11521000987206509,-0.03,-0.027812132193287153,0.3565369341970877,1.0,0.0,199.66543185053683,-14.432699564222105,55.60400000000001,78.423,6.458407322228821,0.18774280897236334,-0.2897087586920766,-5.948206407178549,0.38163350037015675,1.642799999999994,0.06575681222472932,final_approach,1.0524791686279258,1.011264973706968,-12.96698659516314,
711.275,63.9663108,-22.60573809,200.802,80.458,0.0273,-6.0846,1.6646,0.0008,-0.1502,0.0163,69.647,72.938,-12.0328,123.1021,0.8682,0.0,0.0,0.0,-0.03,1222.0,0.0,3.14,150.8,0,711.275,0.014805737667077767,0.11534273287658103,-0.03,-0.027841787356353453,0.3553632988897955,1.0,0.0,203.73099859616096,-14.405212411366547,54.30199999999999,76.958,6.483020332079494,0.19747402389474947,-0.28956945697370556,-5.957335998185327,0.3840822295775297,1.644599999999997,0.067960738386116,final_approach,1.05332452248404,1.0088543333380784,-13.005337389369023,
711.383,63.96634726,-22.60573751,199.497,78.992,0.0273,-6.101,1.6663,0.0009,-0.1526,0.0163,69.656,72.941,-12.0623,123.1079,0.8735,0.0,0.0,0.0,-0.03,1220.9,0.0,3.14,150.8,0,711.383,0.014762238277626849,0.11547821194885294,-0.03,-0.027869792578863406,0.3541750826566009,1.0,0.0,207.7954504024947,-14.378214806882372,52.997000000000014,75.492,6.508628132720724,0.2040798974450308,-0.2894394985604641,-5.967149054436395,0.3865297478721743,1.6462999999999965,0.06935824701767723,final_approach,1.054259119778525,1.0065796473338722,-13.044307597751459,
711.492,63.96638373,-22.60573692,198.189,77.523,0.0275,-6.1176,1.6681,0.0009,-0.1551,0.0163,69.666,72.945,-12.0922,123.1141,0.8788,0.0,0.0,0.0,-0.03,1219.7,0.0,3.14,150.8,0,711.492,0.01471477388913417,0.11561938688213125,-0.03,-0.02789944259031857,0.3529667901239126,1.0,0.0,211.86101714732675,-14.35072765402654,51.68899999999999,74.023,6.535423243199537,0.2110376981443016,-0.28929941319295654,-5.977002048909968,0.3889757053448477,1.6480999999999995,0.07139323540389166,final_approach,1.0551849125533828,1.004294029593222,-13.084085722173464,
711.575,63.96640897,-22.6057365,197.281,76.504,0.0275,-6.1292,1.6693,0.0012,-0.1562,0.0163,69.672,72.948,-12.1132,123.1185,0.8825,0.0,0.0,0.0,-0.03,1218.9,0.0,3.14,150.8,0,711.575,0.014685839434976367,0.11571596953109686,-0.03,-0.027919207790706058,0.3521253163689617,1.0,0.0,214.67469721188147,-14.331132445279746,50.781000000000006,73.004,6.554558916919007,0.21428979608300355,-0.2891906859602277,-5.984468503509357,0.39068287450612615,1.6493000000000109,0.07147468278775931,final_approach,1.0558830833902526,1.0027769448150643,-13.111877935362498,
711.683,63.96644825,-22.60573586,195.865,74.916,0.0277,-6.1476,1.6712,0.0013,-0.1594,0.0163,69.683,72.952,-12.1462,123.1257,0.8882,0.0,0.0,0.0,-0.03,1217.6,0.0,3.13,150.7,0,711.683,0.014632082430261928,0.11587249515808232,-0.03,-0.02795050027761803,0.35079762250711816,1.0,0.0,219.0535144469174,-14.301304950902397,49.36500000000001,71.416,6.585593675399849,0.22646797587296244,-0.2890345439098478,-5.994140147638983,0.3933111823450588,1.6511999999999887,0.07423624361178058,final_approach,1.0567673584617623,1.000154652800255,-13.15588138938997,
711.792,63.96648472,-22.60573526,194.548,73.438,0.0278,-6.1649,1.673,0.0013,-0.1622,0.0164,69.693,72.956,-12.1774,123.1328,0.8936,0.0,0.0,0.0,-0.03,1216.5,0.0,3.13,150.7,0,711.792,0.014584613183251716,0.11602374404984012,-0.03,-0.027980143059791962,0.34953936770847477,1.0,0.0,223.11908136276975,-14.273327860895757,48.048,69.938,6.616018010892548,0.23524370388907132,-0.2888834040128307,-6.003849729473296,0.3957999311256799,1.6529999999999916,0.07582777776215872,final_approach,1.0576624701498538,0.9977584458832744,-13.197757772270519,
711.875,63.96650997,-22.60573484,193.634,72.413,0.0279,-6.1771,1.6742,0.0016,-0.1633,0.0164,69.7,72.959,-12.1993,123.1378,0.8973,0.0,0.0,0.0,-0.03,1215.6,0.0,3.13,150.7,0,711.875,0.014553593778598106,0.11613014231865906,-0.03,-0.027999903436606577,0.3486582045569114,1.0,0.0,225.93387619401008,-14.253733041275959,47.133999999999986,68.913,6.637950329260223,0.2400772198426656,-0.2887739517645607,-6.011207316551542,0.39750455998560597,1.654200000000003,0.07660137518356985,final_approach,1.058347417610186,0.9962252204774131,-13.2271863598887,
711.983,63.96654645,-22.60573424,192.31,70.929,0.0281,-6.1949,1.676,0.0015,-0.1667,0.0164,69.71,72.964,-12.2312,123.1454,0.9027,0.0,0.0,0.0,-0.03,1214.5,0.0,3.13,150.7,0,711.983,0.014503811941455502,0.11628810586640098,-0.03,-0.028029541782891965,0.3473719217838648,1.0,0.0,230.0005578781322,-14.22575634039687,45.81,67.429,6.670955272232731,0.2509979038388328,-0.28862219028996106,-6.020738166763268,0.39999111459471237,1.656000000000006,0.0780551222207502,final_approach,1.0592215750372915,0.9938007316035637,-13.270298151181683,
712.1,63.96658573,-22.60573358,190.881,69.326,0.0283,-6.2145,1.6779,0.0017,-0.1699,0.0165,69.722,72.969,-12.2662,123.154,0.9085,0.0,0.0,0.0,-0.03,1213.2,0.0,3.12,150.7,0,712.1,0.01445030726413793,0.11646366363953553,-0.03,-0.02806082381260916,0.3459616245032091,1.0,0.0,234.379375455209,-14.194948971369783,44.381,65.826,6.708591930265658,0.26277839284703663,-0.28844440576961156,-6.031005283387942,0.4026600149858268,1.6579000000000121,0.08028321134286748,final_approach,1.0601444809816911,0.9911753073309875,-13.317778328585552,
712.175,63.96661379,-22.60573311,189.858,68.179,0.0284,-6.2287,1.6793,0.0019,-0.1722,0.0165,69.73,72.973,-12.2915,123.1603,0.9127,0.0,0.0,0.0,-0.03,1212.2,0.0,3.12,150.7,0,712.175,0.014409743728541091,0.11659404084922584,-0.03,-0.028083871827284668,0.34493774188530363,1.0,0.0,237.50742077665336,-14.173013810054409,43.358000000000004,64.679,6.736942257382545,0.28198272096567006,-0.28831853702367843,-6.037551660456242,0.40459218353612414,1.6593000000000018,0.08268170728141534,final_approach,1.0607164996174383,0.9891300345695271,-13.352389936288645,
712.292,63.96665028,-22.60573249,188.524,66.685,0.0286,-6.2475,1.6811,0.0019,-0.1758,0.0165,69.741,72.978,-12.325,123.1689,0.9182,0.0,0.0,0.0,-0.03,1211.0,0.0,3.12,150.7,0,712.292,0.01436023648762258,0.11676501701723405,-0.03,-0.028113502615491837,0.3435902403588274,1.0,0.0,241.57521757029397,-14.144057623826912,42.024,63.185,6.775680090265823,0.2901676989290173,-0.2881456528137109,-6.047718250359674,0.40712089022244413,1.6611000000000047,0.08371219698464999,final_approach,1.0616345101629996,0.986707971021012,-13.398124291671156,
712.375,63.96668115,-22.60573196,187.393,65.418,0.0289,-6.2636,1.6826,0.0025,-0.1776,0.0166,69.751,72.982,-12.3538,123.1765,0.9228,0.0,0.0,0.0,-0.03,1209.9,0.0,3.12,150.7,0,712.375,0.014311908744777335,0.11691423219145541,-0.03,-0.028138192897475878,0.3424313597440613,1.0,0.0,245.01651355296278,-14.119292183491092,40.893,61.918000000000006,6.810399098861532,0.3115233005045456,-0.2879935189292865,-6.054889691938141,0.40923411692750733,1.6625999999999976,0.08705489977794986,final_approach,1.0622424342309813,0.9844443509067737,-13.437625422936526,
712.492,63.96672044,-22.60573129,185.949,63.8,0.0291,-6.2846,1.6846,0.0023,-0.1819,0.0166,69.763,72.988,-12.391,123.1865,0.9288,0.0,0.0,0.0,-0.03,1208.6,0.0,3.11,150.6,0,712.492,0.014255172908321956,0.11710799496569113,-0.03,-0.02817111038361847,0.34093740338189266,1.0,0.0,249.39644606932967,-14.087995266440746,39.44900000000001,60.3,6.857259471848547,0.32635541849314764,-0.2878039145802713,-6.064948680145471,0.41198980103675353,1.6646000000000072,0.08846482730396714,final_approach,1.0631263638677915,0.9816296189727538,-13.488781309190875,
712.575,63.96674851,-22.60573081,184.915,62.641,0.0293,-6.2998,1.6859,0.0024,-0.1849,0.0166,69.773,72.993,-12.418,123.1939,0.933,0.0,0.0,0.0,-0.03,1207.6,0.0,3.11,150.6,0,712.575,0.014214451020908458,0.11725093432718489,-0.03,-0.028192504976980115,0.33985273221960316,1.0,0.0,252.5256063292722,-14.065570556927778,38.41499999999999,59.141,6.892907563829451,0.34354536276209685,-0.2876667584543813,-6.072045329748789,0.4139171036947289,1.6658999999999935,0.09137547279548033,final_approach,1.0637455257390371,0.9796624096453463,-13.526089604450764,
712.692,63.966785,-22.60573018,183.568,61.131,0.0296,-6.32,1.6877,0.0025,-0.1889,0.0166,69.785,72.998,-12.4537,123.2039,0.9386,0.0,0.0,0.0,-0.03,1206.3,0.0,3.11,150.6,0,712.692,0.014161127606620083,0.11744127834352688,-0.03,-0.028222125952262644,0.33842026920357976,1.0,0.0,256.59340329314114,-14.03612443320108,37.06800000000001,57.631,6.9423080033941895,0.3566587988327372,-0.2874819637981158,-6.081999742727145,0.4164860065478706,1.6676999999999964,0.09239262095626757,final_approach,1.0646239853926929,0.977120242349006,-13.57557921661296,
712.792,63.9668215,-22.60572954,182.217,59.617,0.0299,-6.3405,1.6896,0.0031,-0.1914,0.0167,69.797,73.005,-12.4901,123.2143,0.9442,0.0,0.0,0.0,-0.03,1205.0,0.0,3.11,150.6,0,712.792,0.014102809123511806,0.11763605467345978,-0.03,-0.0282533896270582,0.33696421190721837,1.0,0.0,260.6623151955082,-14.006188761450844,35.71700000000001,56.117,6.995537873951041,0.38593211662201327,-0.28728670443923665,-6.090455080695314,0.4190530653835367,1.6696000000000026,0.09490238268751391,final_approach,1.06531987013814,0.9743062262687054,-13.626142893927367,
712.875,63.96684957,-22.60572905,181.174,58.451,0.0302,-6.3565,1.6909,0.0033,-0.1939,0.0168,69.807,73.01,-12.5186,123.2226,0.9485,0.0,0.0,0.0,-0.03,1204.0,0.0,3.11,150.6,0,712.875,0.014058449391202765,0.1177847742263747,-0.03,-0.028274778838731307,0.33583668513966575,1.0,0.0,263.791475626471,-13.983274114787065,34.67400000000001,54.951,7.039098175448594,0.4090805821198889,-0.28713835408615107,-6.097437305027872,0.42102277973236824,1.670899999999989,0.09722779587146252,final_approach,1.065911439036423,0.9722336263585163,-13.665479932688404,
712.992,63.96688888,-22.60572836,179.711,56.82,0.0306,-6.3794,1.6929,0.0032,-0.1991,0.0168,69.821,73.017,-12.559,123.2346,0.9546,0.0,0.0,0.0,-0.03,1202.6,0.0,3.1,150.6,0,712.992,0.013995716953608073,0.11800315186884563,-0.03,-0.028307682580871185,0.3342287712663932,1.0,0.0,268.1736380190421,-13.950998101341254,33.21100000000001,53.32,7.105229247115658,0.43510429089347635,-0.28692622058940614,-6.10722766734722,0.42381575633245916,1.6728999999999985,0.09926691621570435,final_approach,1.0667355156464673,0.9692725313974009,-13.721855918343012,
713.075,63.96691416,-22.60572792,178.768,55.769,0.0308,-6.3943,1.6942,0.0037,-0.2008,0.0169,69.83,73.021,-12.5855,123.2426,0.9586,0.0,0.0,0.0,-0.03,1201.7,0.0,3.1,150.6,0,713.075,0.013957591989697538,0.11783227985968114,-0.03,-0.028329068232473498,0.3338380575933525,1.0,0.0,270.99177749475643,-13.930424574453538,32.268,52.269,7.151180087778791,0.45485767346160566,-0.2867932126772343,-6.114134840786444,0.4256464457783977,1.6742000000000132,0.10010026337242703,final_approach,1.0673387721710803,0.9674265202695302,-13.735605119107174,
713.192,63.96695628,-22.60572717,177.192,54.015,0.0313,-6.4195,1.6963,0.0037,-0.2007,0.0169,69.846,73.03,-12.6306,123.2564,0.9652,0.0,0.0,0.0,-0.03,1200.1,0.0,3.1,150.5,0,713.192,0.013885578816444644,0.1172228207894403,-0.03,-0.02836361131828835,0.3338380575933525,1.0,0.0,275.6871905485518,-13.895318282161341,30.692000000000007,50.515,7.234395525376653,0.4975885706167072,-0.28655393008225605,-6.123816524726998,0.42866437784863365,1.6762999999999977,0.10343225186149976,final_approach,1.068114955570099,0.9640549517926758,-13.735605119107174,
713.275,63.96698437,-22.60572667,176.138,52.846,0.0316,-6.4361,1.6977,0.0041,-0.1941,0.0171,69.856,73.035,-12.6613,123.2659,0.9696,0.0,0.0,0.0,-0.03,1199.1,0.0,3.1,150.5,0,713.275,0.01383948427059395,0.11680551984057516,-0.03,-0.028386638004349984,0.3338380575933525,1.0,0.0,278.81858068549064,-13.871914476253181,29.638000000000005,49.346,7.295307456261109,0.5369702564064481,-0.286394081584418,-6.130644674446757,0.43067485897859115,1.6776999999999873,0.10498222239325228,final_approach,1.0686740658304572,0.9618720584878773,-13.735605119107174,
713.392,63.96702088,-22.60572601,174.764,51.322,0.032,-6.456,1.6996,0.0033,-0.1714,0.0174,69.871,73.043,-12.7016,123.2786,0.9754,0.0,0.0,0.0,-0.03,1197.8,0.0,3.09,150.5,0,713.392,0.01378028264624187,0.11625527156453688,-0.03,-0.02841788589670835,0.3338380575933525,1.0,0.0,282.8886076973761,-13.840999319154543,28.26400000000001,47.822,7.381973469502926,0.5709310729907876,-0.2861755225075972,-6.14021769634981,0.4333239116733978,1.6795999999999935,0.10709339564887028,final_approach,1.0694652155917304,0.9590776801436931,-13.735605119107174,
713.5,63.9670574,-22.60572535,173.386,49.795,0.0324,-6.4735,1.7015,0.0027,-0.1499,0.018,69.885,73.051,-12.7409,123.2918,0.9812,0.0,0.0,0.0,-0.03,1196.5,0.0,3.09,150.5,0,713.5,0.013718754561293567,0.11571554064696257,-0.03,-0.028449130780571708,0.3338380575933525,1.0,0.0,286.9597494767394,-13.810084551009119,26.885999999999996,46.295,7.4789316505922905,0.6254027168278354,-0.2859564437235597,-6.148996208565091,0.43597056760157216,1.6814999999999998,0.10914214419258986,final_approach,1.070166201938303,0.9561512339940421,-13.735605119107174,
713.583,63.9670883,-22.60572479,172.216,48.498,0.0326,-6.4863,1.7031,0.0013,-0.1272,0.0187,69.897,73.058,-12.7729,123.3033,0.9862,0.0,0.0,0.0,-0.03,1195.4,0.0,3.09,150.5,0,713.583,0.013665868140840032,0.11527399335978741,-0.03,-0.028475439925955415,0.3338380575933525,1.0,0.0,290.4043902749025,-13.783850466254572,25.716000000000008,44.998,7.4789316505922905,0.5211689306898628,-0.2857689835804596,-6.1557028113585694,0.438251262644485,1.683099999999996,0.11236361410717895,final_approach,1.0706753632882666,0.9534866470911716,-13.735605119107174,
713.683,63.96711921,-22.60572422,171.044,47.199,0.0326,-6.497,1.7049,-0.0005,-0.104,0.0195,69.909,73.065,-12.803,123.3151,0.9912,0.0,0.0,0.0,-0.03,1194.4,0.0,3.08,150.5,0,713.683,0.013620569572195873,0.06515268740775723,-0.03,-0.028505035159383407,0.32774559931655306,1.0,0.0,293.8501460115637,-13.75712683330243,24.54400000000001,43.699,7.4789316505922905,0.4343074422415523,-0.2855710089970497,-6.163740902887081,0.4405304105236496,1.684899999999999,0.11305783100652425,flare,1.071320668764855,0.951029116800246,-6.850098801965235,
713.775,63.96715011,-22.60572366,169.868,45.897,0.0326,-6.493,1.7067,0.0027,0.4979,0.0218,69.922,73.07,-12.8518,123.3249,0.9961,0.0,0.0,0.0,-0.03,1193.5,0.0,3.08,150.5,0,713.775,0.01357463996671765,0.06507475193061549,-0.03,-0.028534627684813185,0.3272554010998831,1.0,0.0,297.2947868097268,-13.730892748547882,23.367999999999995,42.397,7.4789316505922905,0.3619228685346269,-0.28538259866393517,-6.171093963195308,0.44277016982127293,1.6867000000000019,0.11562569617193233,flare,1.0719013822522,0.9485336313306583,-6.757398334724681,
713.883,63.96718945,-22.60572293,168.368,44.234,0.0327,-6.3807,1.7099,-0.0054,1.3889,0.0354,69.936,73.078,-12.8789,123.3376,1.0025,0.0,0.0,0.0,-0.03,1192.2,0.0,3.08,150.4,0,713.883,0.013509300895813092,0.06508665323739202,-0.03,-0.02858722992420709,0.32640368757893745,1.0,0.0,301.6802941888126,-13.696658153358479,21.867999999999995,40.734,7.4789316505922905,0.3016023904455224,-0.2851246626483496,-6.179671488493832,0.44569540910978844,1.6898999999999944,0.11689878103172477,flare,1.0725287054338004,0.9450771010753485,-6.607391097350149,
713.992,63.96722598,-22.60572226,166.976,42.691,0.0311,-6.2081,1.7146,-0.0272,1.7708,0.0529,69.943,73.085,-12.8213,123.3501,1.0085,0.0,0.0,0.0,-0.03,1191.0,0.0,3.08,150.4,0,713.992,0.013481368956100415,0.06509249697935812,-0.03,-0.02866447389999771,0.32547921664426027,1.0,0.0,305.7525509066739,-13.665253837189518,20.476,39.191,7.4789316505922905,0.2513353253712687,-0.28489243880857135,-6.188271957915766,0.44843501693287635,1.6946000000000083,0.11210981761849516,flare,1.0731923695035732,0.941954386633217,-6.4573203935813135,
714.092,63.9672597,-22.60572163,165.702,41.276,0.0273,-6.0243,1.7206,-0.0503,1.8869,0.0686,69.945,73.091,-12.6977,123.3595,1.014,0.0,0.0,0.0,-0.03,1189.9,0.0,3.07,150.4,0,714.092,0.013497715801384869,0.06509415352371314,-0.03,-0.02876305625296882,0.3245005735552047,1.0,0.0,309.5115573045595,-13.635699925390991,19.201999999999998,37.776,7.4789316505922905,0.20944610447605722,-0.28466566513997216,-6.1961109512367125,0.4509536921794677,1.7006000000000085,0.10373619783499094,flare,1.0737774314974686,0.9390457069786287,-6.309920971009415,
714.192,63.96729342,-22.60572099,164.442,39.877,0.0214,-5.8353,1.7281,-0.0701,1.8752,0.0806,69.94,73.094,-12.5165,123.364,1.0192,0.0,0.0,0.0,-0.03,1188.8,0.0,3.07,150.4,0,714.192,0.01355543265611825,0.06509000124859557,-0.03,-0.028886241507255717,0.32339265195531974,1.0,0.0,313.2705638734656,-13.605656076093533,17.942000000000007,36.377,7.4789316505922905,0.17453842039671436,-0.284428027384618,-6.203900050804387,0.4533514632159381,1.7081000000000017,0.08976017984999693,flare,1.0743426085166377,0.936288930699174,-6.154503849036922,
714.275,63.96731872,-22.60572052,163.511,38.84,0.0157,-5.6963,1.7343,-0.0806,1.823,0.0865,69.933,73.093,-12.3511,123.3632,1.0229,0.0,0.0,0.0,-0.03,1187.9,0.0,3.07,150.4,0,714.275,0.013626595076014214,0.06508412695388963,-0.03,-0.02898803871303207,0.32247053980418844,1.0,0.0,316.0909333971965,-13.583613515659822,17.010999999999996,35.34,7.4789316505922905,0.14544868366392863,-0.28425974728691794,-6.210329486355307,0.45507287224575066,1.7143000000000086,0.07393313173658722,flare,1.0748457263995128,0.9344562213222112,-6.032825062890071,
714.392,63.96735806,-22.60571977,162.088,37.255,0.0058,-5.4892,1.7447,-0.0881,1.716,0.0898,69.914,73.088,-12.0559,123.3536,1.0283,0.0,0.0,0.0,-0.03,1186.5,0.0,3.07,150.4,0,714.392,0.01375656375522355,0.06506782324316876,-0.03,-0.029158721957250944,0.3208747754327922,1.0,0.0,320.476441118323,-13.54839904599474,15.587999999999994,33.755,7.4789316505922905,0.12120723638660719,-0.28397769814066925,-6.219334592040985,0.4576178836065026,1.7247000000000128,0.05244892317934254,flare,1.0754895319710336,0.931596135665842,-5.8357778483791325,
714.475,63.96738616,-22.60571924,161.094,36.144,-0.0016,-5.3491,1.7521,-0.0891,1.6404,0.0886,69.896,73.079,-11.8257,123.34,1.0317,0.0,0.0,0.0,-0.03,1185.5,0.0,3.07,150.4,0,714.475,0.0138609525097515,0.06505189371964323,-0.03,-0.029280113439537736,0.3196070911644542,1.0,0.0,323.60894653500856,-13.52352581741303,14.593999999999994,32.644,7.4789316505922905,0.10100603032217265,-0.2837815544743686,-6.2256816353577085,0.4592498551345443,1.7321000000000026,0.02796561471943825,flare,1.0759467844396298,0.9298289132763031,-5.689440462666289,
714.583,63.96742268,-22.60571855,159.832,34.73,-0.011,-5.1757,1.7615,-0.0825,1.5576,0.0822,69.866,73.064,-11.5122,123.3133,1.0355,0.0,0.0,0.0,-0.03,1184.2,0.0,3.06,150.3,0,714.583,0.01399996178663454,0.06503993742049083,-0.03,-0.0294342457139653,0.3177949708002305,1.0,0.0,327.6800888274329,-13.49114123746706,13.331999999999994,31.229999999999997,7.4789316505922905,0.08417169193514387,-0.2835247401316325,-6.233889853404633,0.46111911044468457,1.741500000000002,0.00017076085604167748,flare,1.0765339758079584,0.9279001777709333,-5.493141832703863,
714.675,63.96745358,-22.60571795,158.79,33.56,-0.0182,-5.0352,1.7687,-0.074,1.5042,0.0738,69.836,73.046,-11.2409,123.2826,1.0384,0.0,0.0,0.0,-0.03,1183.1,0.0,3.06,150.3,0,714.675,0.014106543854351283,0.06512503644504083,-0.03,-0.02955225300993719,0.31611029293616927,1.0,0.0,331.12473030967755,-13.4629474035871,12.289999999999992,30.060000000000002,7.4789316505922905,0.0701430766126199,-0.2832901634633255,-6.24083528622615,0.46258659789432954,1.7487000000000137,-0.029489031632853595,flare,1.077008153079241,0.9264058246445934,-5.322071876902746,
714.783,63.96749289,-22.6057172,157.5,32.107,-0.0262,-4.8625,1.7766,-0.0611,1.4559,0.0598,69.792,73.016,-10.8932,123.2326,1.0413,0.0,0.0,0.0,-0.03,1181.5,0.0,3.06,150.3,0,714.783,0.014228131839063074,0.06522130470059387,-0.03,-0.02968168164838486,0.3137599641862861,1.0,0.0,335.506893729163,-13.427731766540473,11.0,28.607,7.4789316505922905,0.05845256384384991,-0.2830046175819695,-6.248932777894593,0.4641306221114121,1.7565999999999917,-0.06384524761233501,flare,1.0775451487544672,0.9248908169607688,-5.098643550578273,
714.9,63.96752938,-22.6057165,156.339,30.795,-0.0322,-4.7063,1.7823,-0.0496,1.4275,0.0447,69.745,72.982,-10.5699,123.1755,1.0435,0.0,0.0,0.0,-0.03,1180.0,0.0,3.06,150.3,0,714.9,0.014323438168070413,0.06529812842887459,-0.03,-0.02977503322201097,0.31136830320551107,1.0,0.0,339.57469189017456,-13.394856081887815,9.838999999999999,27.295,7.4789316505922905,0.04871046986987493,-0.28273479799994133,-6.257641911426795,0.46537830716201256,1.7623000000000104,-0.09456017071207798,flare,1.078171670000902,0.9239563089665559,-4.886487410941654,
714.975,63.96755743,-22.60571596,155.47,29.809,-0.0361,-4.5878,1.7856,-0.0423,1.4149,0.0325,69.706,72.952,-10.3213,123.1248,1.0449,0.0,0.0,0.0,-0.03,1178.8,0.0,3.05,150.3,0,714.975,0.01438274082211205,0.06535063798440063,-0.03,-0.029829065941186783,0.309388326101268,1.0,0.0,342.70162364128385,-13.369490970519207,8.969999999999999,26.309,7.4789316505922905,0.04059205822489577,-0.2825248615393719,-6.263187171263684,0.4662296045811729,1.7656000000000063,-0.13323651882913493,flare,1.0785205141941496,0.9232003901522852,-4.7206455668414105,
715.092,63.96759389,-22.60571525,154.37,28.559,-0.0402,-4.4349,1.7883,-0.0346,1.4074,0.0163,69.65,72.908,-9.9993,123.05,1.0462,0.0,0.0,0.0,-0.03,1177.1,0.0,3.05,150.3,0,715.092,0.014451615818958374,0.06540914645566429,-0.03,-0.02987326746330554,0.3066364103830531,1.0,0.0,346.7660776716748,-13.336124181160134,7.8700000000000045,25.059,7.4789316505922905,0.03382671518741314,-0.28224286188054204,-6.271783156135776,0.46713043646073515,1.7683000000000106,-0.164636151538542,flare,1.079118298271915,0.9227444660598749,-4.5027222684226444,
715.183,63.96762471,-22.60571466,153.467,27.528,-0.0432,-4.3059,1.7892,-0.0304,1.4067,0.0031,69.598,72.866,-9.7286,122.9792,1.0469,0.0,0.0,0.0,-0.03,1175.6,0.0,3.05,150.3,0,715.183,0.014503901081653725,0.06544990284165872,-0.03,-0.029887999889069594,0.3041507600611896,1.0,0.0,350.2018008438693,-13.308417171587132,6.967000000000013,24.028,7.4789316505922905,0.028188929322844284,-0.2820143819783473,-6.2784220559888615,0.4677369724669518,1.769200000000012,-0.20161728061945577,flare,1.0795659531837956,0.9225054347954149,-4.316768614636746,
715.3,63.96766392,-22.6057139,152.354,26.252,-0.0466,-4.1417,1.7887,-0.0276,1.409,-0.0126,69.528,72.807,-9.3872,122.8802,1.0472,0.0,0.0,0.0,-0.03,1173.6,0.0,3.05,150.3,0,715.3,0.01456915102432843,0.06549313229935852,-0.03,-0.029879815295478063,0.3007884151976856,1.0,0.0,354.5728167595979,-13.272707705942901,5.854000000000013,22.752,7.4789316505922905,0.02349077443570357,-0.28171310225291407,-6.286896642934093,0.46826977686302484,1.7686999999999955,-0.23767849131684482,flare,1.0801247495232893,0.9225445388284079,-4.079308555714932,
715.383,63.9676947,-22.6057133,151.506,25.277,-0.0491,-4.0124,1.7871,-0.0272,1.412,-0.0236,69.469,72.757,-9.1211,122.7955,1.047,0.0,0.0,0.0,-0.03,1171.9,0.0,3.05,150.3,0,715.383,0.014619891728745948,0.06552024943298199,-0.03,-0.029853623128158313,0.29799628442668114,1.0,0.0,358.0040810336939,-13.244509202536214,5.006,21.777,7.4789316505922905,0.019575645363086307,-0.2814723750100219,-6.292865102681147,0.4685132395553353,1.7670999999999992,-0.2806934806056226,flare,1.0804808219233735,0.9227139563423172,-3.8928059432657305,
715.492,63.96773105,-22.6057126,150.537,24.157,-0.0521,-3.8592,1.784,-0.0286,1.4155,-0.0347,69.395,72.693,-8.8084,122.6876,1.0462,0.0,0.0,0.0,-0.03,1169.8,0.0,3.04,150.2,0,715.492,0.014690156666121112,0.0655469291585554,-0.03,-0.02980286944472188,0.2945416903794976,1.0,0.0,362.05627245080944,-13.211628070102003,4.037000000000006,20.657,7.4789316505922905,0.01631303780257192,-0.2811962388240046,-6.300651416173217,0.468569274007109,1.76400000000001,-0.3168939898750447,flare,1.0809951181758208,0.9234033936688384,-3.673688514920867,
715.575,63.9677562,-22.60571211,149.885,23.402,-0.0543,-3.7529,1.7811,-0.0313,1.4183,-0.0412,69.342,72.646,-8.5918,122.6087,1.0453,0.0,0.0,0.0,-0.03,1168.3,0.0,3.04,150.2,0,715.575,0.014746791299071915,0.06556560792418434,-0.03,-0.029755382607986935,0.2920603360870024,1.0,0.0,364.8599208052074,-13.18859979810973,3.384999999999991,19.902,7.4789316505922905,0.013594198168809933,-0.280998767403729,-6.30654251161632,0.46846311347172787,1.761099999999999,-0.3461358286924764,flare,1.0813992673715944,0.9241711310988663,-3.523350242553586,
715.683,63.96779529,-22.60571135,148.904,22.26,-0.0582,-3.5872,1.7759,-0.0357,1.4229,-0.049,69.255,72.57,-8.2546,122.4792,1.0433,0.0,0.0,0.0,-0.03,1165.7,0.0,3.04,150.2,0,715.683,0.014846567498234986,0.06559475132420964,-0.03,-0.02967021547312909,0.2880701433559408,1.0,0.0,369.2175595127874,-13.15288566293877,2.4039999999999964,18.76,7.4789316505922905,0.011328498474008276,-0.280692691002654,-6.314153769202784,0.4680440192451556,1.755899999999997,-0.3879012584073403,flare,1.081854538918936,0.9254865641942907,-3.2925019330975376,
715.792,63.96783154,-22.60571065,148.028,21.234,-0.0623,-3.4327,1.7703,-0.0403,1.4277,-0.0537,69.17,72.494,-7.9416,122.3514,1.0406,0.0,0.0,0.0,-0.03,1163.2,0.0,3.04,150.2,0,715.792,0.014961249260799059,0.0656245942486087,-0.03,-0.029578470771034482,0.28424112568127097,1.0,0.0,373.2586032567099,-13.120000639232378,1.5279999999999916,17.734,7.4789316505922905,0.009440415395006896,-0.2804129719025979,-6.321777357778733,0.46728948450112284,1.75030000000001,-0.4235299179849588,flare,1.082345802303422,0.9273607744337014,-3.0821962484984997,
715.875,63.9678594,-22.60571011,147.377,20.463,-0.0659,-3.3136,1.7658,-0.0444,1.4316,-0.0559,69.103,72.433,-7.7009,122.2484,1.0381,0.0,0.0,0.0,-0.03,1161.2,0.0,3.04,150.2,0,715.875,0.01506318175291771,0.06565173012461886,-0.03,-0.02950472767621204,0.2812128528424444,1.0,0.0,376.3643544281186,-13.094628134446406,0.8770000000000095,16.963,7.4789316505922905,0.007867012829172413,-0.2801953083746964,-6.327543317683976,0.46652840540232887,1.7458000000000027,-0.45841164504660165,flare,1.082709346495676,0.9290526644390873,-2.922780555137872,
715.983,63.96789558,-22.60570942,146.561,19.498,-0.0708,-3.1582,1.7597,-0.0479,1.4363,-0.0565,69.012,72.35,-7.388,122.1084,1.0341,0.0,0.0,0.0,-0.03,1158.4,0.0,3.04,150.2,0,715.983,0.015210348998309364,0.06569771737400046,-0.03,-0.029404736904663442,0.2772436970987693,1.0,0.0,380.39759462867664,-13.062230324173967,0.06100000000000705,15.998000000000001,7.4789316505922905,0.006555844024310344,-0.27992371359580354,-6.334995922808657,0.46520944682194454,1.7396999999999991,-0.4933371857326332,flare,1.0831920191239774,0.9317630061124866,-2.722109845485729,
716.1,63.96793173,-22.60570872,145.779,18.567,-0.0762,-3.0024,1.7536,-0.0506,1.4407,-0.0553,68.918,72.263,-7.0753,121.9616,1.0294,0.0,0.0,0.0,-0.03,1155.4,0.0,3.03,150.2,0,716.1,0.015378265229942234,0.06575975935041342,-0.03,-0.029304714104539165,0.27323188392105185,1.0,0.0,384.4274906986139,-13.02934140919512,-0.7210000000000036,15.067,7.4789316505922905,0.005463203353591952,-0.2796404077348434,-6.343007366414685,0.4635856114672663,1.7335999999999956,-0.5215264237040514,flare,1.0837222463012743,0.9350034693100113,-2.5278666911733154,
716.2,63.96796505,-22.60570808,145.087,17.75,-0.0813,-2.8581,1.7482,-0.0518,1.4444,-0.0526,68.827,72.179,-6.7873,121.8198,1.0243,0.0,0.0,0.0,-0.03,1152.5,0.0,3.03,150.2,0,716.2,0.015544435388524624,0.06583823366132943,-0.03,-0.029216142686947333,0.2695705585217626,1.0,0.0,388.1419065723713,-12.99928199498217,-1.413000000000011,14.25,7.4789316505922905,0.004552669461326627,-0.27938399788105067,-6.349802408314743,0.4617499612908489,1.7281999999999869,-0.5568422033673082,flare,1.0841508035844214,0.938409546725282,-2.3573664439214834,
716.275,63.96799279,-22.60570755,144.532,17.092,-0.0857,-2.7376,1.7439,-0.0518,1.4468,-0.0495,68.749,72.106,-6.5474,121.6971,1.0195,0.0,0.0,0.0,-0.03,1150.0,0.0,3.03,150.2,0,716.275,0.01569185560080605,0.06592282563155624,-0.03,-0.029145595749549058,0.2665314590940328,1.0,0.0,391.23428036381904,-12.97439475799406,-1.9679999999999893,13.591999999999999,7.4789316505922905,0.003793891217772189,-0.27917295652395,-6.354865874033248,0.45997594678289033,1.7238999999999862,-0.6007656394249151,flare,1.0844439299783062,0.9415191004137426,-2.2203138655453643,
716.375,63.96802603,-22.60570692,143.893,16.328,-0.0908,-2.5927,1.7391,-0.0503,1.4493,-0.045,68.653,72.016,-6.259,121.545,1.0132,0.0,0.0,0.0,-0.03,1146.8,0.0,3.03,150.2,0,716.375,0.01587555904289628,0.06605471634194574,-0.03,-0.029066827039380738,0.2629083986914554,1.0,0.0,394.93977792752645,-12.944822167914008,-2.6069999999999993,12.828,7.4789316505922905,0.0031615760148101576,-0.2789247913843459,-6.361575466924906,0.4576069702412724,1.7190999999999974,-0.6334233085680752,flare,1.0848736873329337,0.9457290602339725,-2.061790045572031,
716.483,63.96806201,-22.60570624,143.233,15.534,-0.0961,-2.4356,1.7345,-0.0476,1.4516,-0.0396,68.545,71.914,-5.9463,121.3738,1.0057,0.0,0.0,0.0,-0.03,1143.3,0.0,3.03,150.2,0,716.483,0.016080062719495025,0.0662428017722351,-0.03,-0.028991321950949722,0.2590444184588123,1.0,0.0,398.95072260988576,-12.912906512421799,-3.266999999999996,12.034,7.4789316505922905,0.0026346466790084645,-0.2786574310710825,-6.36876879779965,0.4547404034294402,1.7144999999999868,-0.6667484623346617,flare,1.0853327163453947,0.9507313759716673,-1.898081222320953,
716.583,63.96809516,-22.60570562,142.654,14.831,-0.1008,-2.2903,1.7308,-0.0437,1.4528,-0.0343,68.443,71.817,-5.6582,121.2096,0.9982,0.0,0.0,0.0,-0.03,1139.9,0.0,3.03,150.1,0,716.583,0.016274001492452894,0.06646875034292812,-0.03,-0.028930576554055953,0.2555480046944499,1.0,0.0,402.6461870960652,-12.883820357521431,-3.8460000000000036,11.331,7.4789316505922905,0.00219553889917372,-0.27841728126258225,-6.375381296599911,0.4518384865357916,1.710800000000006,-0.6988622384860385,flare,1.0857620608396523,0.9557420283809783,-1.7543187919440308,
716.7,63.96813103,-22.60570495,142.059,14.102,-0.1052,-2.1329,1.7274,-0.0382,1.4523,-0.0287,68.328,71.708,-5.3471,121.0252,0.9894,0.0,0.0,0.0,-0.03,1136.1,0.0,3.03,150.1,0,716.7,0.01648243085767076,0.06677772332653661,-0.03,-0.028874746228298276,0.2518569750198444,1.0,0.0,406.6448691667334,-12.85239035895464,-4.4410000000000025,10.602,7.4789316505922905,0.0018296157493114334,-0.2781575960061502,-6.383061748275896,0.44839155325519187,1.707400000000007,-0.7246843970696082,flare,1.0862860180199476,0.9617145227349368,-1.606699966840071,
716.8,63.96816409,-22.60570434,141.54,13.459,-0.1089,-1.9877,1.7247,-0.0329,1.4507,-0.0238,68.219,71.603,-5.0593,120.8491,0.9809,0.0,0.0,0.0,-0.03,1132.4,0.0,3.02,150.1,0,716.8,0.016672043986384,0.06714394559944467,-0.03,-0.028830403413106442,0.24855421446077142,1.0,0.0,410.330300575385,-12.823790639233955,-4.960000000000008,9.959,7.4789316505922905,0.001524679791092861,-0.27792553600508846,-6.389577429382146,0.4450443897726757,1.7047000000000025,-0.7578949064270147,flare,1.086715078395322,0.9673939776792864,-1.4779489767945337,
716.892,63.96819711,-22.60570373,141.05,12.845,-0.1119,-1.8426,1.7225,-0.0272,1.4485,-0.0196,68.108,71.496,-4.769,120.668,0.972,0.0,0.0,0.0,-0.03,1128.7,0.0,3.02,150.1,0,716.892,0.01685201561328936,0.06761422296940864,-0.03,-0.028794267676259477,0.24536631503038014,1.0,0.0,414.0112729141258,-12.795189363004178,-5.449999999999989,9.345,7.4789316505922905,0.0012705664925773841,-0.27769232527140614,-6.39553041919035,0.4415166672876012,1.7024999999999864,-0.7986791639453805,flare,1.0870792630923738,0.973247166929923,-1.356452961678638,
716.983,63.96822458,-22.60570323,140.663,12.356,-0.114,-1.722,1.721,-0.0217,1.4451,-0.0166,68.013,71.404,-4.5264,120.5132,0.9643,0.0,0.0,0.0,-0.03,1125.5,0.0,3.02,150.1,0,716.983,0.017001892550680353,0.0680919971693775,-0.03,-0.028769627331920677,0.24280820359398195,1.0,0.0,417.0735474729901,-12.771761431381062,-5.836999999999989,8.856,7.4789316505922905,0.0010588054104811533,-0.27750576972488594,-6.40138366863043,0.43844887598109494,1.7009999999999934,-0.820977062128277,flare,1.087493467049221,0.9784836541917201,-1.2608076704877433,
717.092,63.96826298,-22.60570254,140.156,11.705,-0.1161,-1.5536,1.7193,-0.0142,1.4396,-0.0134,67.876,71.272,-4.1868,120.2901,0.9531,0.0,0.0,0.0,-0.03,1120.9,0.0,3.02,150.1,0,717.092,0.017197476134434397,0.06890577847888482,-0.03,-0.028741699315042613,0.23938279145206726,1.0,0.0,421.354266033801,-12.739450007356412,-6.343999999999994,8.205,7.4789316505922905,0.0008823378420676277,-0.2772537953394185,-6.408345971659738,0.4339647463235963,1.6992999999999938,-0.8606046686570271,flare,1.087946672879987,0.9859084340659763,-1.1351491688769535,
717.175,63.96828763,-22.60570209,139.851,11.308,-0.1171,-1.4456,1.7183,-0.0104,1.4377,-0.012,67.787,71.185,-3.9695,120.1428,0.9458,0.0,0.0,0.0,-0.03,1118.0,0.0,3.02,150.1,0,717.175,0.017320330346145996,0.06952761714989827,-0.03,-0.02872526993246638,0.23728607879538932,1.0,0.0,424.1021753349836,-12.718362028301598,-6.649000000000001,7.808,7.4789316505922905,0.0007352815350563564,-0.2770840672539292,-6.413614192053553,0.43104016934344713,1.698299999999989,-0.8798487130179226,flare,1.0883170878846684,0.990863217966119,-1.0595206540969322,
717.292,63.96832864,-22.60570136,139.379,10.682,-0.1178,-1.2669,1.7169,-0.0011,1.4208,-0.0107,67.633,71.035,-3.6094,119.8901,0.9333,0.0,0.0,0.0,-0.03,1113.0,0.0,3.02,150.1,0,717.292,0.017506476998844334,0.07073869915151457,-0.03,-0.028702267382533897,0.23397360421101454,1.0,0.0,428.6738488677999,-12.684192417361599,-7.121000000000009,7.182,7.4789316505922905,0.0006127346125469637,-0.27682085783265,-6.420989137070969,0.4260174015441578,1.6968999999999994,-0.9195205860379803,flare,1.0888020081714949,0.999144880376214,-0.9419111339337967,
717.383,63.96835593,-22.60570088,139.089,10.29,-0.1177,-1.1489,1.716,0.0046,1.4052,-0.0105,67.529,70.932,-3.3715,119.7168,0.9249,0.0,0.0,0.0,-0.03,1109.6,0.0,3.02,150.1,0,717.383,0.017623133238564903,0.07167683697033908,-0.03,-0.028687479158199358,0.23189841022447963,1.0,0.0,431.71605727160863,-12.661737355923794,-7.411000000000001,6.789999999999999,7.4789316505922905,0.0005106121771224697,-0.2766513809192849,-6.426687412352176,0.42264307250067645,1.695999999999998,-0.9398239093851667,flare,1.0892211783104173,1.00484868455462,-0.8693385259312887,
717.492,63.96839407,-22.60570022,138.716,9.774,-0.1168,-0.9863,1.7148,0.0112,1.3785,-0.0116,67.379,70.785,-3.0399,119.4689,0.913,0.0,0.0,0.0,-0.03,1104.8,0.0,3.02,150.1,0,717.492,0.017769438784484504,0.07317516290389078,-0.03,-0.02866776046631192,0.22916952684169878,1.0,0.0,435.96779136731385,-12.630885626391406,-7.783999999999992,6.273999999999999,7.4789316505922905,0.0004255101476020581,-0.2764254849720011,-6.433467492615907,0.4178547753006683,1.6947999999999865,-0.9794896257130344,flare,1.0896880968304714,1.0127498664294166,-0.7751302810627347,
717.575,63.96842127,-22.60569974,138.474,9.43,-0.1158,-0.8718,1.7138,0.0142,1.3626,-0.013,67.271,70.678,-2.8053,119.288,0.9044,0.0,0.0,0.0,-0.03,1101.5,0.0,3.02,150.1,0,717.575,0.017868875662534367,0.07437535951656735,-0.03,-0.028651327298682583,0.2273539789308652,1.0,0.0,438.9999668646151,-12.608427062808415,-8.02600000000001,5.93,7.4789316505922905,0.00035459178966838176,-0.276253938746075,-6.438597309468932,0.4143882885321375,1.6938000000000102,-1.0087364614914718,flare,1.090040535952852,1.0184912878674552,-0.7131875802997403,
717.7,63.96845927,-22.60569909,138.167,8.981,-0.1138,-0.7151,1.7121,0.0196,1.3204,-0.0159,67.116,70.525,-2.481,119.0296,0.8924,0.0,0.0,0.0,-0.03,1097.2,0.0,3.02,150.1,0,717.7,0.01799795468112586,0.07621091908418007,-0.03,-0.028623388986460052,0.22499118906097984,1.0,0.0,443.2360940454037,-12.578059822993408,-8.332999999999998,5.481,7.4789316505922905,0.0002954931580569848,-0.276035747604406,-6.446274289130029,0.40955530103121873,1.6921000000000106,-1.0297604195377024,flare,1.0906185638104766,1.026625829335373,-0.6334099863714489,
717.8,63.96849178,-22.60569854,137.933,8.626,-0.1117,-0.5845,1.7104,0.0231,1.2841,-0.019,66.981,70.391,-2.2092,118.8031,0.8821,0.0,0.0,0.0,-0.03,1093.6,0.0,3.02,150.1,0,717.8,0.018099531061698704,0.07789269041341088,-0.03,-0.028595448249262745,0.22313031566463945,1.0,0.0,446.8602122222028,-12.552378324875711,-8.567000000000007,5.1259999999999994,7.4789316505922905,0.00024624429838082066,-0.2758550758124122,-6.452372215747498,0.40540706756138434,1.690400000000011,-1.0588731086707548,flare,1.091068035578182,1.0335372823370612,-0.5712154236284839,
717.883,63.96852153,-22.60569804,137.743,8.324,-0.1095,-0.4682,1.7085,0.0259,1.2446,-0.0222,66.856,70.265,-1.9661,118.5915,0.8727,0.0,0.0,0.0,-0.03,1090.4,0.0,3.01,150.1,0,717.883,0.018184557119914624,0.07949161456064027,-0.03,-0.028564217499579103,0.2215534342425924,1.0,0.0,450.1766537446023,-12.52903911426347,-8.757000000000005,4.824,7.4789316505922905,0.0002052035819840172,-0.27569286658094466,-6.457403160543486,0.4016248569515426,1.6885000000000048,-1.0995231984628702,flare,1.0914215961320544,1.0397540097335565,-0.5189325157186229,
717.992,63.96855392,-22.6056975,137.56,8.02,-0.1068,-0.3459,1.7061,0.0284,1.1952,-0.0259,66.716,70.126,-1.7087,118.3563,0.8624,0.0,0.0,0.0,-0.03,1087.1,0.0,3.01,150.1,0,717.992,0.018275953354215613,0.08125666039603816,-0.03,-0.028524763810723275,0.21997273314702903,1.0,0.0,453.7873945414403,-12.5038428841177,-8.939999999999998,4.52,7.4789316505922905,0.000171002984986681,-0.2755205098618556,-6.463972997968449,0.39747676980479696,1.6861000000000104,-1.1163305140322162,flare,1.0919351216674897,1.0467607864992523,-0.4668950424281153,
718.075,63.96858355,-22.60569701,137.415,7.764,-0.1041,-0.2376,1.7036,0.0294,1.1605,-0.0294,66.586,69.996,-1.4816,118.137,0.853,0.0,0.0,0.0,-0.03,1084.1,0.0,3.01,150.1,0,718.075,0.018350937091157704,0.08285638601394338,-0.03,-0.02848366109561218,0.2186473828839602,1.0,0.0,457.09045868467086,-12.480988941129535,-9.085000000000008,4.264,7.4789316505922905,0.00014250248748890083,-0.2753667284879808,-6.468944777805244,0.3936930057557788,1.6836000000000126,-1.1572336545964992,flare,1.0922930823959334,1.0529857948958536,-0.42354107513918393,
718.183,63.9686185,-22.60569644,137.269,7.488,-0.1009,-0.1148,1.7002,0.031,1.101,-0.0332,66.431,69.84,-1.2236,117.8732,0.8419,0.0,0.0,0.0,-0.03,1080.6,0.0,3.01,150.1,0,718.183,0.018441853014338982,0.08470126165639288,-0.03,-0.02842775302730538,0.21722499248062166,1.0,0.0,460.9865804451053,-12.454422515582857,-9.230999999999995,3.9880000000000004,7.4789316505922905,0.00011875207290741736,-0.27519346940533584,-6.475377471300918,0.3892236109213627,1.6802000000000135,-1.1825019755591717,flare,1.0927899775855217,1.0604497054366284,-0.37728458127527986,
718.3,63.96865337,-22.60569588,137.151,7.24,-0.0975,0.0018,1.6964,0.0316,1.0451,-0.0368,66.273,69.681,-0.979,117.6046,0.8308,0.0,0.0,0.0,-0.03,1077.3,0.0,3.01,150.1,0,718.3,0.018531001194666274,0.08644446875095493,-0.03,-0.028365256135664874,0.2159531406896283,1.0,0.0,464.8737838954896,-12.428342914343139,-9.34899999999999,3.74,7.4789316505922905,9.896006075618113e-05,-0.2750295144529597,-6.482301952353839,0.3847506797731626,1.676400000000001,-1.197767918729047,flare,1.0933544633339487,1.0680200441041414,-0.33615427943822773,
718.392,63.96868548,-22.60569536,137.064,7.034,-0.0943,0.1043,1.6926,0.0315,0.9974,-0.0396,66.125,69.531,-0.7657,117.3527,0.8206,0.0,0.0,0.0,-0.03,1074.2,0.0,3.01,150.1,0,718.392,0.018607818119109,0.08793794333811508,-0.03,-0.028302747231189918,0.2149014913319787,1.0,0.0,468.45331086328684,-12.40411566311022,-9.436000000000007,3.534,7.4789316505922905,8.246671729681761e-05,-0.2748734055626606,-6.487711246345058,0.380639698717232,1.6725999999999885,-1.2351249854056932,flare,1.0937586313641816,1.07480510287618,-0.30230452521621665,
718.475,63.9687122,-22.60569494,137.008,6.877,-0.0917,0.186,1.6892,0.0313,0.9558,-0.0415,66.0,69.405,-0.5972,117.14,0.8122,0.0,0.0,0.0,-0.03,1071.7,0.0,3.01,150.1,0,718.475,0.018673782180512577,0.08908576033227814,-0.03,-0.028246808049319894,0.21410308093649286,1.0,0.0,471.43197650028736,-12.384578045194914,-9.49199999999999,3.377,7.4789316505922905,6.872226441401467e-05,-0.27475698892635503,-6.492566741977723,0.37725871960893187,1.6691999999999894,-1.2597521773130016,flare,1.0941525468335875,1.0804774621913111,-0.2766997255181458,
718.575,63.96874419,-22.60569444,136.959,6.708,-0.0886,0.2795,1.685,0.0303,0.909,-0.0433,65.849,69.252,-0.406,116.882,0.802,0.0,0.0,0.0,-0.03,1068.8,0.0,3.01,150.1,0,718.575,0.01875575936942997,0.09034839570073186,-0.03,-0.02817769348424015,0.21324676376282137,1.0,0.0,474.9981259178953,-12.361325999085006,-9.540999999999997,3.208,7.4789316505922905,5.726855367834556e-05,-0.274620345357417,-6.49838688737354,0.3731357611426631,1.664999999999992,-1.2825019793754213,flare,1.094628530402666,1.0873877138348078,-0.2493258573673991,
718.675,63.9687761,-22.60569394,136.928,6.557,-0.0857,0.3686,1.6806,0.0287,0.8683,-0.0444,65.696,69.098,-0.2267,116.6214,0.7919,0.0,0.0,0.0,-0.03,1065.9,0.0,3.01,150.1,0,718.675,0.018840771020486313,0.09147897312186501,-0.03,-0.028105272108968737,0.21248448859202557,1.0,0.0,478.55535719568144,-12.338070839782846,-9.572000000000003,3.0570000000000004,7.4789316505922905,4.772379473195463e-05,-0.2744823036585992,-6.5041738281148165,0.3690523562357555,1.660599999999988,-1.305001799432333,flare,1.0950989382132086,1.0942297572577964,-0.2250332417461145,
718.775,63.96880795,-22.60569345,136.914,6.423,-0.0829,0.4538,1.6761,0.0268,0.8317,-0.0449,65.542,68.942,-0.0592,116.3583,0.7817,0.0,0.0,0.0,-0.03,1063.1,0.0,3.01,150.1,0,718.775,0.018930367471397813,0.09248067180546424,-0.03,-0.02803118827956691,0.21181034977710247,1.0,0.0,482.10589969837287,-12.315303283216252,-9.586000000000013,2.923,7.4789316505922905,3.976982894329553e-05,-0.2743540290176625,-6.509928651589535,0.3649096890369776,1.6561000000000092,-1.3263652722111767,flare,1.095578550357228,1.1011742632483426,-0.20360709535336063,
718.875,63.96883973,-22.60569297,136.917,6.306,-0.0803,0.5355,1.6716,0.0246,0.7987,-0.0447,65.387,68.785,0.0967,116.0928,0.7716,0.0,0.0,0.0,-0.03,1060.3,0.0,3.01,150.1,0,718.875,0.01902356668157895,0.09335915630488947,-0.03,-0.027957087792340463,0.21122356847925622,1.0,0.0,485.64863865849196,-12.29302293990983,-9.582999999999998,2.806,7.4789316505922905,3.3141524119412936e-05,-0.2742354352282397,-6.515652432940395,0.3608054634725306,1.651600000000002,-1.3466957020101296,flare,1.0960673746483174,1.1080744455737594,-0.185000716473386,
718.975,63.96887143,-22.60569249,136.934,6.205,-0.078,0.6141,1.6672,0.0222,0.7689,-0.0437,65.23,68.626,0.2414,115.825,0.7615,0.0,0.0,0.0,-0.03,1057.5,0.0,3.01,150.1,0,718.975,0.019123725388437096,0.09411960494435764,-0.03,-0.02788461791609176,0.21071843734489695,1.0,0.0,489.1824594795813,-12.270739483585498,-9.566000000000003,2.705,7.4789316505922905,2.7617936766177446e-05,-0.2741154911543702,-6.5213451406126985,0.35668989828658937,1.647199999999998,-1.3669960927364457,flare,1.0965509259171,1.114983330430924,-0.1690151524913137,
719.075,63.96890306,-22.60569202,136.966,6.117,-0.0759,0.6898,1.6629,0.0197,0.7418,-0.0422,65.073,68.466,0.3753,115.5551,0.7513,0.0,0.0,0.0,-0.03,1054.8,0.0,3.01,150.1,0,719.075,0.019230855696441618,0.09477080749335151,-0.03,-0.027813779771773572,0.21027940677255444,1.0,0.0,492.70847675809824,-12.248943240695397,-9.533999999999992,2.617,7.4789316505922905,2.3014947305147872e-05,-0.2740052799842513,-6.52700785147575,0.352512443138977,1.6428999999999974,-1.385450993396746,flare,1.0970438752934264,1.1219988817714999,-0.15514495856190358,
719.175,63.96893461,-22.60569156,137.01,6.043,-0.074,0.7629,1.6588,0.0173,0.7168,-0.0401,64.914,68.305,0.499,115.2832,0.7411,0.0,0.0,0.0,-0.03,1052.2,0.0,3.01,150.1,0,719.175,0.01934341538676898,0.09532044189930525,-0.03,-0.027746222363459805,0.20991101604497067,1.0,0.0,496.22557572577307,-12.227633822111976,-9.490000000000009,2.543,7.4789316505922905,1.9179122754289895e-05,-0.27390471488696133,-6.5326416301261885,0.34832181347502456,1.6388000000000034,-1.4040463576335296,flare,1.0975462285793824,1.1290479159122917,-0.14352315054036424,
719.275,63.96896609,-22.6056911,137.066,5.981,-0.0724,0.8336,1.6549,0.015,0.6936,-0.0376,64.754,68.143,0.613,115.0094,0.7309,0.0,0.0,0.0,-0.03,1049.6,0.0,3.01,150.1,0,719.275,0.019463201164495403,0.0957767828907036,-0.03,-0.027681947729346956,0.20960293057587134,1.0,0.0,499.7348713226879,-12.206321679638195,-9.433999999999997,2.481,7.4789316505922905,1.5982602295241578e-05,-0.2738029752734787,-6.538246455553117,0.34411738067646525,1.6348999999999876,-1.4218603251213544,flare,1.0980437783182637,1.136110029856269,-0.13381538594252795,
719.375,63.9689975,-22.60569065,137.134,5.93,-0.071,0.902,1.6513,0.0127,0.6716,-0.0348,64.593,67.979,0.7179,114.7338,0.7207,0.0,0.0,0.0,-0.03,1047.0,0.0,3.01,150.1,0,719.375,0.019588580002428913,0.09614750384698681,-0.03,-0.027622606323599808,0.20934989677876498,1.0,0.0,503.23636337623833,-12.185496750424306,-9.366000000000014,2.4299999999999997,7.4789316505922905,1.3318835246034647e-05,-0.2737110620296279,-6.543823406904237,0.339898523407669,1.6313000000000102,-1.438963931928472,flare,1.098551087717766,1.1432080225535337,-0.1258501060869257,
719.475,63.96902883,-22.60569021,137.211,5.89,-0.0698,0.9682,1.6479,0.0108,0.6506,-0.0317,64.431,67.815,0.8141,114.4565,0.7104,0.0,0.0,0.0,-0.03,1044.5,0.0,3.01,150.1,0,719.475,0.01972128953327501,0.09643912549939679,-0.03,-0.02756655200892283,0.20915168831238018,1.0,0.0,506.7289371197387,-12.165158645517378,-9.288999999999987,2.3899999999999997,7.4789316505922905,1.109902937169554e-05,-0.2736288880273056,-6.549373551017288,0.33561457065417244,1.627900000000011,-1.455421756298583,flare,1.0990681624362715,1.1504179858701313,-0.11961556208123447,
719.575,63.96906008,-22.60568977,137.297,5.869,-0.0689,1.0324,1.6449,0.009,0.6303,-0.0287,64.268,67.65,0.902,114.1775,0.7001,0.0,0.0,0.0,-0.03,1042.0,0.0,3.01,150.1,0,719.575,0.01986149324190567,0.09666592819787403,-0.03,-0.027517084546393067,0.20904771721396717,1.0,0.0,510.2125927242093,-12.144817427766599,-9.203000000000003,2.3689999999999998,7.4789316505922905,9.249191143079616e-06,-0.27354545926615476,-6.554896851773847,0.3313150361055932,1.6248999999999967,-1.4712925057259478,flare,1.0995805657919853,1.1576438668382494,-0.11634691149285104,
719.675,63.96909126,-22.60568933,137.392,5.857,-0.068,1.0945,1.6422,0.0075,0.6102,-0.0257,64.104,67.483,0.9819,113.8969,0.6897,0.0,0.0,0.0,-0.03,1039.5,0.0,3.01,150.1,0,719.675,0.020004293976153886,0.09682122869311668,-0.03,-0.027472557610243975,0.20898833258335717,1.0,0.0,513.6884449571279,-12.124473485951121,-9.108000000000004,2.357,7.4789316505922905,7.70765928589968e-06,-0.2734609002324695,-6.56039328562451,0.3269490050074637,1.6221999999999923,-1.4866295506600895,flare,1.1000884585959056,1.1649623498091728,-0.11448049832223717,
719.775,63.96912236,-22.60568891,137.494,5.853,-0.0673,1.1547,1.6397,0.0062,0.5903,-0.0228,63.939,67.316,1.0542,113.6148,0.6793,0.0,0.0,0.0,-0.03,1037.1,0.0,3.01,150.1,0,719.775,0.020153509369280675,0.09690838844470792,-0.03,-0.02743132371990159,0.20896854214829008,1.0,0.0,517.155378708976,-12.10510630576747,-9.006,2.3529999999999998,7.4789316505922905,6.423049404916399e-06,-0.27339720851850324,-6.565865028857614,0.322565926697024,1.6196999999999946,-1.5014814096909557,flare,1.1006209634009352,1.1723428944913046,-0.1138585848436442,
719.875,63.96915338,-22.60568849,137.603,5.855,-0.0668,1.2129,1.6376,0.005,0.5706,-0.0203,63.773,67.148,1.1193,113.3313,0.6689,0.0,0.0,0.0,-0.03,1034.8,0.0,3.01,150.1,0,719.875,0.020308253297131318,0.09692903417155388,-0.03,-0.027396683359433183,0.2089784370879894,1.0,0.0,520.6133943217944,-12.085736012391848,-8.896999999999991,2.3550000000000004,7.4789316505922905,5.3525411707636655e-06,-0.27333230988663537,-6.571312043083419,0.3181652014912686,1.6176000000000101,-1.5158921906281042,flare,1.1011490976651288,1.1797428738265445,-0.11416952756630039,
719.975,63.96918433,-22.60568808,137.718,5.865,-0.0663,1.2691,1.6356,0.0041,0.5511,-0.0181,63.607,66.979,1.1776,113.0466,0.6585,0.0,0.0,0.0,-0.03,1032.4,0.0,3.01,150.1,0,719.975,0.020464607941749646,0.0968910455119952,-0.03,-0.02736368923984045,0.2090279201177153,1.0,0.0,524.0636063912483,-12.06685293262424,-8.78200000000001,2.365,7.4789316505922905,4.460450975636388e-06,-0.273277424701749,-6.57673541207665,0.3137459427132967,1.6156000000000006,-1.528992900570973,flare,1.1016877129637344,1.1871859069635953,-0.11572466165598527,
720.075,63.9692152,-22.60568767,137.839,5.88,-0.066,1.3233,1.6339,0.0032,0.5318,-0.0163,63.44,66.81,1.2292,112.7607,0.648,0.0,0.0,0.0,-0.03,1030.1,0.0,3.01,150.1,0,720.075,0.0206283571019803,0.09678932669806725,-0.03,-0.027335641709576197,0.2091021706573165,1.0,0.0,527.5049003224647,-12.04796673966494,-8.661000000000001,2.38,7.4789316505922905,3.71704247969699e-06,-0.27322135459453517,-6.582135096162516,0.30925705876879306,1.613900000000001,-1.5418117277917607,flare,1.1022221041473053,1.194726601413958,-0.11805867653791857,
720.175,63.96924599,-22.60568727,137.965,5.9,-0.0657,1.3756,1.6323,0.0024,0.5086,-0.015,63.272,66.64,1.2746,112.4738,0.6375,0.0,0.0,0.0,-0.03,1027.8,0.0,3.01,150.1,0,720.175,0.02079384175421789,0.09662653958985826,-0.03,-0.027309241913601567,0.20920121977592318,1.0,0.0,530.9372759428387,-12.02956737118638,-8.534999999999997,2.4000000000000004,7.4789316505922905,3.097535399747492e-06,-0.27317522094632063,-6.587512167936602,0.3047482373748096,1.6123000000000047,-1.554374297992648,flare,1.102766991496079,1.2023124474412654,-0.12117314795354162,
720.275,63.9692767,-22.60568688,138.095,5.924,-0.0655,1.4247,1.6309,0.0016,0.4685,-0.0143,63.103,66.469,1.3135,112.186,0.627,0.0,0.0,0.0,-0.03,1025.6,0.0,3.01,150.1,0,720.275,0.02096338834682404,0.09639834299548247,-0.03,-0.0272861404069355,0.20932015148423416,1.0,0.0,534.3607332539549,-12.011654826840994,-8.405000000000001,2.4240000000000004,7.4789316505922905,2.5812794997895766e-06,-0.2731390648472666,-6.592867700528208,0.3002189196003542,1.6108999999999867,-1.5667039072660058,flare,1.1033225496789427,1.209944533029784,-0.12491421051787199,
720.375,63.96930733,-22.60568649,138.228,5.953,-0.0654,1.4693,1.6295,0.0009,0.4174,-0.0143,62.935,66.298,1.3454,111.8975,0.6165,0.0,0.0,0.0,-0.03,1023.4,0.0,3.01,150.1,0,720.375,0.02113656844324241,0.09610710806719916,-0.03,-0.027263037328756068,0.20946396609497372,1.0,0.0,537.7752724252492,-11.993739169477418,-8.271999999999991,2.4530000000000003,7.4789316505922905,2.151066249824647e-06,-0.27310177154849075,-6.598201652014631,0.29566827383953864,1.609499999999997,-1.57700355205997,flare,1.103874183204372,1.217602188190046,-0.1294400391309889,
720.475,63.96933788,-22.60568611,138.364,5.984,-0.0654,1.5085,1.628,0.0005,0.3608,-0.015,62.765,66.127,1.3695,111.6085,0.6059,0.0,0.0,0.0,-0.03,1021.2,0.0,3.01,150.1,0,720.475,0.021315739716361137,0.0957317072342875,-0.03,-0.027238282288247484,0.20961782595621725,1.0,0.0,541.1808932864934,-11.976310336420804,-8.135999999999996,2.484,7.4789316505922905,1.7925552081872059e-06,-0.27307450779313613,-6.6035150972872305,0.2910441567584314,1.608000000000004,-1.5881850473272117,flare,1.1044366720099568,1.2253858332341174,-0.13428449818463228,
720.575,63.96936836,-22.60568574,138.502,6.018,-0.0653,1.5419,1.6264,0.0004,0.3027,-0.0164,62.596,65.956,1.3849,111.3193,0.5954,0.0,0.0,0.0,-0.03,1019.1,0.0,3.01,150.1,0,720.575,0.021492822430792202,0.09527326661145788,-0.03,-0.02721187492662014,0.20978672554718347,1.0,0.0,544.5787106051652,-11.95936871662436,-7.9979999999999905,2.518,7.4789316505922905,1.4937960068226716e-06,-0.27305744488599076,-6.608809124784873,0.28644804472827445,1.6064000000000078,-1.5974409521156157,flare,1.1050103634149089,1.2331436869970993,-0.13960549889280038,
720.683,63.96939876,-22.60568537,138.641,6.053,-0.0653,1.5696,1.6247,0.0003,0.2457,-0.0184,62.427,65.785,1.3911,111.0302,0.5848,0.0,0.0,0.0,-0.03,1017.0,0.0,3.01,150.1,0,720.683,0.02167720478060703,0.09471753237237282,-0.03,-0.02718381486173882,0.2099607557855982,1.0,0.0,547.9676097848073,-11.942423983984064,-7.859000000000009,2.553,7.4789316505922905,1.2448300056855595e-06,-0.2730392928957983,-6.614505655568391,0.2817761115600774,1.6047000000000082,-1.5944749396337916,flare,1.105627943511955,1.2410805799853968,-0.1450914328767432,
720.783,63.9694316,-22.60568498,138.792,6.091,-0.0653,1.5932,1.6226,-0.0003,0.1861,-0.021,62.243,65.599,1.3869,110.7176,0.5734,0.0,0.0,0.0,-0.03,1014.7,0.0,3.01,150.1,0,720.783,0.021874298200811937,0.09398877492088212,-0.03,-0.027149149241176007,0.21014988894480674,1.0,0.0,551.6285125488768,-11.924594323741003,-7.707999999999998,2.591,7.4789316505922905,1.0373583380712995e-06,-0.2730305068645295,-6.6197603540696175,0.2767288511708159,1.6025999999999954,-1.616795399667043,flare,1.1062080676943538,1.2495237786984887,-0.15105726895485283,
720.883,63.96946183,-22.60568463,138.93,6.125,-0.0654,1.6095,1.6204,-0.0005,0.1359,-0.0238,62.075,65.429,1.3729,110.4299,0.5629,0.0,0.0,0.0,-0.03,1012.6,0.0,3.01,150.1,0,720.883,0.022061994593901235,0.0931993261518674,-0.03,-0.02711282910251811,0.21031927646465237,1.0,0.0,554.998460340941,-11.90862285041329,-7.569999999999993,2.625,7.4789316505922905,8.644652817260829e-07,-0.27303251062093714,-6.624997737284813,0.2720541896676423,1.6004000000000076,-1.6225412724245492,flare,1.1068004040673998,1.2574256327945363,-0.15640365705197645,
720.983,63.96949198,-22.60568428,139.066,6.157,-0.0655,1.6209,1.6178,-0.001,0.0903,-0.0268,61.906,65.259,1.3492,110.1432,0.5523,0.0,0.0,0.0,-0.03,1010.6,0.0,3.01,150.1,0,720.983,0.02225324360226061,0.09227440234072584,-0.03,-0.027069900329775298,0.210478839841612,1.0,0.0,558.3594899939754,-11.892648264067665,-7.4339999999999975,2.657,7.4789316505922905,7.203877347717357e-07,-0.27303347265017436,-6.630217758758876,0.2673004761629443,1.5978000000000065,-1.6286738840224608,flare,1.1073894160125448,1.2654404727183959,-0.16144290915817905,
721.083,63.96952206,-22.60568394,139.2,6.187,-0.0656,1.628,1.615,-0.0019,0.0494,-0.0298,61.739,65.09,1.3161,109.8579,0.5418,0.0,0.0,0.0,-0.03,1008.6,0.0,3.01,150.1,0,721.083,0.022444961842422173,0.09121844880470412,-0.03,-0.027023663328219538,0.21062855291989402,1.0,0.0,561.7127161044374,-11.87716089115627,-7.300000000000011,2.6870000000000003,7.4789316505922905,6.003231123097797e-07,-0.2730447828053981,-6.6354215111768875,0.2625704993428144,1.5949999999999989,-1.6324308036567494,flare,1.107990178028011,1.273436699717589,-0.16617368268899213,
721.183,63.96955206,-22.60568361,139.329,6.213,-0.0659,1.6312,1.6119,-0.0033,0.013,-0.0329,61.572,64.922,1.2743,109.5742,0.5313,0.0,0.0,0.0,-0.03,1006.6,0.0,3.01,150.1,0,721.183,0.022643790982982914,0.0900126486432676,-0.03,-0.02697246509749046,0.21075839955079778,1.0,0.0,565.0570239040574,-11.862160342551562,-7.170999999999992,2.713,7.4789316505922905,5.002692602581498e-07,-0.27306635154572256,-6.640610074627538,0.25781183065950586,1.5919000000000096,-1.63584618514246,flare,1.1086026940573603,1.2814929546406049,-0.17027875122447433,
721.283,63.96958198,-22.60568328,139.454,6.237,-0.0663,1.631,1.6085,-0.0051,-0.0184,-0.0357,61.407,64.755,1.2242,109.2924,0.5208,0.0,0.0,0.0,-0.03,1004.7,0.0,3.01,150.1,0,721.283,0.022846922719096996,0.08866049992812539,-0.03,-0.026916303437096167,0.21087833612372672,1.0,0.0,568.3924135654395,-11.847156680929213,-7.045999999999992,2.737,7.4789316505922905,4.168910502151248e-07,-0.2730869267692691,-6.645783400389041,0.2530237062784124,1.5885000000000105,-1.637132895584026,flare,1.1092121879856869,1.2895882043602782,-0.17407221686124608,
721.383,63.96961182,-22.60568296,139.574,6.26,-0.0669,1.6279,1.6048,-0.0071,-0.045,-0.0384,61.243,64.589,1.1664,109.0127,0.5102,0.0,0.0,0.0,-0.03,1002.8,0.0,3.01,150.1,0,721.383,0.023059274153475084,0.0871507939682977,-0.03,-0.026855175941279785,0.21099334540751863,1.0,0.0,571.7188849159797,-11.83263984343949,-6.925999999999988,2.76,7.4789316505922905,3.47409208512604e-07,-0.273117812656721,-6.650942570320084,0.24815309843668842,1.5848000000000013,-1.6373935414399847,flare,1.109833620462144,1.297824390376686,-0.17771137711393337,
721.483,63.96964159,-22.60568264,139.687,6.278,-0.0677,1.6223,1.6008,-0.0095,-0.0666,-0.0408,61.08,64.425,1.1017,108.7354,0.4997,0.0,0.0,0.0,-0.03,1000.9,0.0,3.01,150.1,0,721.483,0.023276653402415914,0.08547096685845848,-0.03,-0.026789080001154042,0.21108340030931627,1.0,0.0,575.0375528957597,-11.818120282233464,-6.812999999999988,2.7779999999999996,7.4789316505922905,2.895076737605033e-07,-0.2731478586683887,-6.656087547619185,0.24330431003201625,1.5808000000000106,-1.6367214013092153,flare,1.1104523501385515,1.306023119755551,-0.18056197820977715,
721.583,63.96967128,-22.60568234,139.794,6.289,-0.0688,1.6148,1.5967,-0.0122,-0.083,-0.0429,60.918,64.262,1.0308,108.4603,0.489,0.0,0.0,0.0,-0.03,999.0,0.0,3.01,150.1,0,721.583,0.023508400163503695,0.08361018784766347,-0.03,-0.026721318580403164,0.21113845438205267,1.0,0.0,578.3473023936774,-11.804577482484929,-6.705999999999989,2.7889999999999997,7.4789316505922905,2.4125639480041943e-07,-0.2731996064990149,-6.661220549777024,0.23831983080273744,1.5766999999999882,-1.635201273917434,flare,1.1110982165945984,1.3144652993782557,-0.1823051194323,
721.683,63.9697009,-22.60568204,139.893,6.293,-0.0702,1.6059,1.5923,-0.0151,-0.0941,-0.0446,60.758,64.1,0.9548,108.1879,0.4784,0.0,0.0,0.0,-0.03,997.2,0.0,3.01,150.1,0,721.683,0.023747886003493757,0.08157378198618401,-0.03,-0.026648584310421275,0.21115847789647488,1.0,0.0,581.649248520043,-11.791031958845757,-6.606999999999999,2.793,7.4789316505922905,2.0104699566701618e-07,-0.2732505673176067,-6.666341538009529,0.23335663475484125,1.5723000000000127,-1.632001158106722,flare,1.111741694779809,1.3228712601026125,-0.1829391971647265,
721.775,63.96972307,-22.60568181,139.963,6.291,-0.0714,1.5986,1.5889,-0.0173,-0.098,-0.0456,60.639,63.98,0.8949,107.9853,0.4703,0.0,0.0,0.0,-0.03,995.9,0.0,3.01,150.1,0,721.775,0.023939014653045043,0.07992622803071756,-0.03,-0.02659237015961541,0.21114846588270697,1.0,0.0,584.1206917472716,-11.780626096337903,-6.537000000000006,2.7910000000000004,7.4789316505922905,1.675391630558468e-07,-0.2732825990772678,-6.671040089741408,0.22953428601306314,1.5689000000000135,-1.601226349267,flare,1.112312760194321,1.3294576981792368,-0.18262214442023073,
721.883,63.96975746,-22.60568148,140.061,6.278,-0.0737,1.5869,1.5835,-0.0214,-0.103,-0.0468,60.456,63.795,0.798,107.6735,0.4577,0.0,0.0,0.0,-0.03,994.0,0.0,3.01,150.1,0,721.883,0.024244037464640822,0.07716230173950925,-0.03,-0.0265030702804126,0.21108340030931627,1.0,0.0,587.9543824292168,-11.765796374592119,-6.438999999999993,2.7779999999999996,7.4789316505922905,1.3961596921320567e-07,-0.27336289115451334,-6.676547537663029,0.22355222345672132,1.5635000000000048,-1.6097007215557715,flare,1.113038247518034,1.3395125316762204,-0.18056197820977715,
721.983,63.96978687,-22.6056812,140.137,6.259,-0.076,1.5763,1.5788,-0.0249,-0.1018,-0.0476,60.301,63.639,0.7121,107.4094,0.4468,0.0,0.0,0.0,-0.03,992.4,0.0,3.01,150.1,0,721.983,0.02452033574612783,0.07460196590580467,-0.03,-0.026425327799813547,0.21098834358208618,1.0,0.0,591.2329180988855,-11.753222553756709,-6.3629999999999995,2.7590000000000003,7.4789316505922905,1.1634664101100473e-07,-0.27343427667931247,-6.6816358068720785,0.21833674362034117,1.5587999999999909,-1.6042733832326488,flare,1.113704844857466,1.348329086158575,-0.17755307635011697,
722.1,63.96982108,-22.60568088,140.214,6.226,-0.0791,1.5649,1.5732,-0.0282,-0.0905,-0.0482,60.122,63.459,0.6098,107.1054,0.4339,0.0,0.0,0.0,-0.03,990.8,0.0,3.01,150.1,0,722.1,0.024860948772747804,0.07139388955186213,-0.03,-0.026332676038222813,0.21082335590534687,1.0,0.0,595.0465427975876,-11.738875765045703,-6.286000000000001,2.726,7.4789316505922905,9.695553417583728e-08,-0.27352405802691515,-6.68757974201443,0.21211250533909265,1.553200000000004,-1.5975134874763681,flare,1.1144919263021364,1.35883717658335,-0.17233304815233197,
722.192,63.9698479,-22.60568063,140.266,6.192,-0.0819,1.5569,1.5688,-0.0307,-0.0769,-0.0485,59.984,63.319,0.5287,106.8696,0.4237,0.0,0.0,0.0,-0.03,989.5,0.0,3.01,150.1,0,722.192,0.025142122766744934,0.06872733145733859,-0.03,-0.026259861170794152,0.21065351656866182,1.0,0.0,598.0363532004347,-11.727670972055042,-6.234000000000009,2.692,7.4789316505922905,8.07962784798644e-08,-0.27359563886264093,-6.692241962914281,0.20715622203482553,1.5488,-1.5886486249785374,flare,1.115110805511943,1.3671920171944443,-0.16696275379760017,
722.275,63.96987465,-22.6056804,140.311,6.15,-0.0848,1.5502,1.5643,-0.0338,-0.065,-0.0486,59.847,63.181,0.4482,106.6366,0.4133,0.0,0.0,0.0,-0.03,988.4,0.0,3.01,150.1,0,722.275,0.02543188181995648,0.0659389879397553,-0.03,-0.026185375941397193,0.21044392380900248,1.0,0.0,601.0183598904812,-11.717443329997822,-6.188999999999993,2.6500000000000004,7.4789316505922905,6.733023206655366e-08,-0.2736893469668418,-6.6964429759484645,0.20206472356622385,1.5442999999999927,-1.5942807872204119,flare,1.1157068003960582,1.3757144277357582,-0.16033996340513568,
722.383,63.9699062,-22.60568012,140.354,6.092,-0.0885,1.545,1.5591,-0.0346,-0.0277,-0.0487,59.688,63.02,0.3537,106.3649,0.401,0.0,0.0,0.0,-0.03,987.0,0.0,3.01,150.1,0,722.383,0.02578692939844962,0.06250813270301989,-0.03,-0.026099284681837698,0.21015486873708664,1.0,0.0,604.5354557797892,-11.704952782391734,-6.145999999999987,2.5919999999999996,7.4789316505922905,5.6108526722128044e-08,-0.27379015989791144,-6.701905118504028,0.19600639622018434,1.5390999999999906,-1.583184554038682,flare,1.1164541082646906,1.3859112904244242,-0.15121440064593017,
722.483,63.96993525,-22.60567988,140.385,6.029,-0.0921,1.5437,1.5542,-0.0358,0.0076,-0.0487,59.543,62.873,0.2691,106.1175,0.3894,0.0,0.0,0.0,-0.03,985.9,0.0,3.01,150.1,0,722.483,0.026129416896782276,0.05924102183973648,-0.03,-0.026018141209072476,0.2098414029929821,1.0,0.0,607.7738591393467,-11.694324702275063,-6.115000000000009,2.529,7.4789316505922905,4.675710560177337e-08,-0.2739036813908227,-6.7069558029147585,0.19024690933585475,1.5341999999999985,-1.5710768673080153,flare,1.117171768954453,1.395614937064213,-0.14132872798368545,
722.592,63.96996664,-22.60567962,140.41,5.952,-0.096,1.5465,1.5489,-0.0371,0.0483,-0.0487,59.388,62.717,0.1816,105.8533,0.3766,0.0,0.0,0.0,-0.03,984.7,0.0,3.01,150.1,0,722.592,0.026509775755850395,0.0556373352109599,-0.03,-0.025930353071425494,0.20945900505502618,1.0,0.0,611.2731184093465,-11.682807803283167,-6.090000000000003,2.452,7.4789316505922905,3.896425466814447e-08,-0.27402591804674564,-6.712456021897932,0.18384342788607455,1.528899999999993,-1.557526092882139,flare,1.1179514783173161,1.4063751329897478,-0.12928387813837539,
722.675,63.96998833,-22.60567945,140.421,5.893,-0.0989,1.5504,1.5453,-0.04,0.063,-0.0488,59.283,62.61,0.1245,105.6725,0.3677,0.0,0.0,0.0,-0.03,983.9,0.0,3.01,150.1,0,722.675,0.026784069918793174,0.0531417412603383,-0.03,-0.02587071115437295,0.20916654630263737,1.0,0.0,613.6910517754825,-11.675322886442727,-6.079000000000008,2.393,7.4789316505922905,3.2470212223453724e-08,-0.27412169361217326,-6.71663699414049,0.17936665736397117,1.5252999999999872,-1.5309382881623332,flare,1.118547920385769,1.4139738822914936,-0.12008276431498288,
722.783,63.97002199,-22.60567918,140.431,5.793,-0.1036,1.5607,1.5396,-0.0402,0.1146,-0.0492,59.12,62.445,0.0403,105.3949,0.3536,0.0,0.0,0.0,-0.03,982.6,0.0,3.01,150.1,0,722.783,0.027220740969552126,0.049220401056375845,-0.03,-0.02577625793053545,0.20867195328257077,1.0,0.0,617.4433634125601,-11.663404382009562,-6.068999999999988,2.293,7.4789316505922905,2.7058510186211436e-08,-0.274263578247356,-6.722077567412302,0.172226679103062,1.519599999999997,-1.5289674673528886,flare,1.1193466980080906,1.4258634141119764,-0.10454334424519018,
722.875,63.97004598,-22.605679,140.432,5.717,-0.107,1.5714,1.5354,-0.0402,0.1508,-0.0497,59.006,62.329,-0.0152,105.1992,0.3434,0.0,0.0,0.0,-0.03,981.8,0.0,3.01,150.1,0,722.875,0.02754418122815616,0.04645644794796497,-0.03,-0.025706645026511543,0.20829700018838915,1.0,0.0,620.1176934489993,-11.655519027109946,-6.068000000000012,2.2169999999999996,7.4789316505922905,2.2548758488509528e-08,-0.2743793081304273,-6.726706092553569,0.167028996430588,1.5153999999999996,-1.502618646210152,flare,1.1200197154773477,1.4346546970943983,-0.09278030702975393,
722.983,63.97007949,-22.60567876,140.426,5.602,-0.1117,1.5916,1.5296,-0.0407,0.1985,-0.0507,58.847,62.169,-0.0854,104.9287,0.3289,0.0,0.0,0.0,-0.03,980.6,0.0,3.01,150.1,0,722.983,0.02800132352681689,0.04264124060998961,-0.03,-0.02561049096406426,0.20773120152928215,1.0,0.0,623.853283062434,-11.645064497742844,-6.074000000000012,2.1020000000000003,7.4789316505922905,1.879063207375794e-08,-0.2745545922568173,-6.73214184658411,0.15959357320991785,1.509600000000006,-1.4998553349385866,flare,1.1208617834102377,1.4470486408677736,-0.07505816958795997,
723.092,63.97011054,-22.60567854,140.414,5.489,-0.1161,1.615,1.524,-0.0407,0.2406,-0.052,58.702,62.022,-0.1424,104.6809,0.3152,0.0,0.0,0.0,-0.03,979.5,0.0,3.01,150.1,0,723.092,0.02843954856406483,0.039215476918522785,-0.03,-0.025517628468931353,0.2071771081404854,1.0,0.0,627.3146395564858,-11.635494117549895,-6.086000000000013,1.9889999999999999,7.4789316505922905,1.565886006146495e-08,-0.27472024494990893,-6.73762623790773,0.15252025081824172,1.5039999999999907,-1.4844389617039306,flare,1.1216966807611222,1.458888051441349,-0.057734956103216106,
723.175,63.9701296,-22.60567842,140.403,5.418,-0.1189,1.6317,1.5205,-0.0404,0.2663,-0.0531,58.614,61.933,-0.1735,104.53,0.3067,0.0,0.0,0.0,-0.03,978.9,0.0,3.01,150.1,0,723.175,0.028720548107064814,0.03717790987876293,-0.03,-0.025459577427935975,0.20682992161052455,1.0,0.0,629.4393882454326,-11.630356546695399,-6.097000000000008,1.9180000000000001,7.4789316505922905,1.304905005122079e-08,-0.27483958540693615,-6.741797157571626,0.1481102568658912,1.5004999999999882,-1.445875507354102,flare,1.122322908391034,1.4664269568765391,-0.04689653483007916,
723.275,63.97016053,-22.60567821,140.382,5.303,-0.1232,1.6626,1.5147,-0.0398,0.3048,-0.0551,58.472,61.789,-0.2172,104.2871,0.2926,0.0,0.0,0.0,-0.03,977.8,0.0,3.01,150.1,0,723.275,0.029172304026806317,0.033999487419678204,-0.03,-0.0253633583313006,0.2062691740185047,1.0,0.0,632.8873673603155,-11.621271434300592,-6.117999999999995,1.803,7.4789316505922905,1.0874208376017325e-08,-0.275015991899764,-6.746826099569698,0.1407552716951841,1.4946999999999946,-1.443523188503696,flare,1.123120637104087,1.4786296734347566,-0.0294169067319352,
723.375,63.97018901,-22.60567804,140.359,5.193,-0.1272,1.6941,1.5091,-0.0396,0.3322,-0.0574,58.342,61.657,-0.2502,104.0653,0.2794,0.0,0.0,0.0,-0.03,976.8,0.0,3.01,150.1,0,723.375,0.029602576574938477,0.031202190917177408,-0.03,-0.025270433267498005,0.2057346813375747,1.0,0.0,636.0622277812525,-11.614050734856955,-6.140999999999991,1.6929999999999996,7.4789316505922905,9.061840313347771e-09,-0.2752059959202272,-6.751857278829823,0.1338303577740021,1.4891000000000076,-1.4304756259124265,flare,1.1239364615406409,1.4902141674310556,-0.012784822099657589,
723.475,63.97021743,-22.60567787,140.333,5.081,-0.1312,1.7284,1.5032,-0.0387,0.358,-0.0601,58.214,61.527,-0.2765,103.8457,0.266,0.0,0.0,0.0,-0.03,975.8,0.0,3.01,150.1,0,723.475,0.030042333900412055,0.028555479447292892,-0.03,-0.02517250480089117,0.20519238418832533,1.0,0.0,639.2303995981154,-11.606827700649955,-6.167000000000002,1.5810000000000004,7.4789316505922905,7.551533594456476e-09,-0.27539568136055836,-6.756890656036447,0.12676239861647787,1.4832000000000107,-1.416796023556725,flare,1.1247521112149315,1.502010870440948,0.004061563814889979,
723.6,63.97025288,-22.60567767,140.297,4.937,-0.1361,1.7748,1.4955,-0.0386,0.3871,-0.0641,58.055,61.366,-0.297,103.5745,0.249,0.0,0.0,0.0,-0.03,974.6,0.0,3.01,150.0,0,723.6,0.0306029300776543,0.02551437400698195,-0.03,-0.025044661001772772,0.20449803009888767,1.0,0.0,643.1822533999293,-11.598408410918884,-6.203000000000003,1.4370000000000003,7.4789316505922905,6.292944662047064e-09,-0.27564701851478773,-6.763192822283977,0.11774260666456371,1.475500000000011,-1.403632748687931,flare,1.1257915216329941,1.5170606683813332,0.025590381269454454,
723.675,63.97026938,-22.60567758,140.28,4.869,-0.1384,1.7974,1.4917,-0.0396,0.3967,-0.0662,57.982,61.292,-0.3017,103.4493,0.2409,0.0,0.0,0.0,-0.03,974.0,0.0,3.01,150.0,0,723.675,0.030875756150991973,0.02421734284753274,-0.03,-0.024981553103610887,0.20417128523453912,1.0,0.0,645.0216211252798,-11.594641035291234,-6.219999999999999,1.3689999999999998,7.4789316505922905,5.244120551705886e-09,-0.2757678824787013,-6.766967431414166,0.1134231196884059,1.4716999999999985,-1.364514620019412,flare,1.126375115884585,1.5243953065711615,0.03570554439424356,
723.792,63.97029999,-22.60567742,140.247,4.744,-0.1425,1.8424,1.4843,-0.0375,0.4339,-0.0703,57.847,61.156,-0.3037,103.2187,0.2258,0.0,0.0,0.0,-0.03,972.9,0.0,3.01,150.0,0,723.792,0.03137885748015873,0.021974473966795943,-0.03,-0.0248586282629234,0.20357259459742608,1.0,0.0,648.433926828942,-11.587993157275069,-6.252999999999986,1.2439999999999998,7.4789316505922905,4.370100459754905e-09,-0.27600071883750327,-6.772868342535642,0.10533936560568691,1.4643000000000086,-1.3453629412763193,flare,1.1273450590767844,1.5379372658030483,0.05421377271522054,
723.875,63.97032818,-22.60567729,140.218,4.628,-0.1464,1.8865,1.4771,-0.0389,0.4515,-0.0743,57.724,61.031,-0.2971,103.0079,0.2116,0.0,0.0,0.0,-0.03,971.9,0.0,3.01,150.0,0,723.875,0.03185340263477732,0.020120958291736712,-0.03,-0.02473898716657219,0.20301929064770338,1.0,0.0,651.5764583121118,-11.58272092226702,-6.282000000000011,1.1280000000000001,7.4789316505922905,3.641750383129087e-09,-0.2762360052908696,-6.7770576618937675,0.0976974765212617,1.457099999999997,-1.3577779203279234,flare,1.128125520104799,1.5505329168239435,0.07128986313860075,
723.983,63.97036334,-22.60567713,140.182,4.485,-0.1512,1.9447,1.4675,-0.0369,0.4816,-0.0793,57.571,60.876,-0.2794,102.7467,0.1935,0.0,0.0,0.0,-0.03,970.6,0.0,3.01,150.0,0,723.983,0.03246177873957928,0.018046183899241675,-0.03,-0.024579406868214138,0.2023402692391444,1.0,0.0,655.4959831753665,-11.576250097145328,-6.318000000000012,0.9850000000000003,7.4789316505922905,3.034791985940906e-09,-0.2765328381244063,-6.782525800828383,0.0879034190747916,1.447499999999991,-1.3631314427224164,flare,1.1291307286260164,1.5666804379832016,0.09220854077143947,
724.092,63.97039374,-22.60567701,140.153,4.364,-0.1551,1.9979,1.4587,-0.0337,0.5043,-0.0837,57.44,60.743,-0.2563,102.5221,0.1775,0.0,0.0,0.0,-0.03,969.4,0.0,3.01,150.0,0,724.092,0.03300125321886377,0.01646761145486525,-0.03,-0.024433066183963514,0.20176839861650997,1.0,0.0,658.884878079499,-11.571553796582386,-6.347000000000008,0.8639999999999999,7.4789316505922905,2.5289933216174217e-09,-0.27681176176245015,-6.7880551057841485,0.07919803341917486,1.4387000000000114,-1.3484681172371886,flare,1.130119310794516,1.5811725518561275,0.10979499320102448,
724.175,63.97041475,-22.60567693,140.135,4.281,-0.1576,2.0359,1.4523,-0.0339,0.509,-0.0867,57.349,60.651,-0.2362,102.3676,0.1663,0.0,0.0,0.0,-0.03,968.6,0.0,3.01,150.0,0,724.175,0.0333778768789737,0.01547463202481944,-0.03,-0.024326601492419775,0.20137756596842687,1.0,0.0,661.227005725095,-11.568451854665538,-6.365000000000009,0.7809999999999997,7.4789316505922905,2.107494434681185e-09,-0.277008434975047,-6.792266520094406,0.07307905773834023,1.432299999999998,-1.3255515195037246,flare,1.1308515655217946,1.5914133167967357,0.12179797756853006,
724.283,63.97044736,-22.60567681,140.11,4.157,-0.1613,2.0961,1.442,-0.0289,0.5222,-0.0912,57.209,60.509,-0.1999,102.1283,0.1486,0.0,0.0,0.0,-0.03,967.4,0.0,3.01,150.0,0,724.283,0.033966388122832814,0.014094515162694277,-0.03,-0.02415519815614875,0.2007958837565294,1.0,0.0,664.8622642212107,-11.563841551048771,-6.389999999999986,0.657,7.4789316505922905,1.7562453622343207e-09,-0.27731935752213227,-6.79776485123446,0.06336716490099548,1.421999999999997,-1.3228919537575228,flare,1.1318786490851487,1.607462597670576,0.13963845985359313,
724.383,63.97047525,-22.60567673,140.092,4.054,-0.164,2.1484,1.4327,-0.025,0.5249,-0.0949,57.09,60.389,-0.1643,101.9242,0.1332,0.0,0.0,0.0,-0.03,966.3,0.0,3.01,150.0,0,724.383,0.034472102420582185,0.01305019993781878,-0.03,-0.024000370885766342,0.20031474937587132,1.0,0.0,667.9713518273231,-11.561007328673634,-6.407999999999987,0.5540000000000003,7.4789316505922905,1.463537801861934e-09,-0.27761265304423643,-6.802866900368103,0.05487714876790051,1.412700000000001,-1.3108108670522687,flare,1.1328379782719544,1.6215818622950486,0.15437401930469896,
724.483,63.97050309,-22.60567665,140.078,3.955,-0.1664,2.2008,1.423,-0.0209,0.5223,-0.0984,56.971,60.268,-0.1255,101.7209,0.1176,0.0,0.0,0.0,-0.03,965.2,0.0,3.01,150.0,0,724.483,0.03497952094809248,0.012103000119770002,-0.03,-0.023838819048944415,0.19985406151070612,1.0,0.0,671.0748655968389,-11.55817116066241,-6.421999999999997,0.45500000000000007,7.4789316505922905,1.219614834884945e-09,-0.2779060170854781,-6.807981279075419,0.04623988451533023,1.4029999999999916,-1.2998280609567125,flare,1.1337987797600064,1.635920757226522,0.16846583979175378,
724.583,63.97053087,-22.60567658,140.068,3.86,-0.1683,2.2527,1.413,-0.0168,0.514,-0.1016,56.852,60.148,-0.0846,101.5183,0.1018,0.0,0.0,0.0,-0.03,964.1,0.0,3.01,150.0,0,724.583,0.035483176038208164,0.011226248819623114,-0.03,-0.023672201384454195,0.19941362671399795,1.0,0.0,674.171690590468,-11.55582259521241,-6.431999999999988,0.3599999999999999,7.4789316505922905,1.0163456957374541e-09,-0.2782111034051118,-6.81310911848568,0.03745474854673603,1.3930000000000007,-1.2898436917788048,flare,1.1347764762273478,1.650503103529811,0.1819224019276433,
724.692,63.97056091,-22.60567652,140.062,3.761,-0.1699,2.3077,1.4019,-0.0125,0.4998,-0.1048,56.724,60.018,-0.0388,101.2994,0.0846,0.0,0.0,0.0,-0.03,962.8,0.0,3.01,150.0,0,724.692,0.036024458778254775,0.010344456575736904,-0.03,-0.023487173864223276,0.19895637171145233,1.0,0.0,677.5204528432406,-11.5540519096701,-6.437999999999988,0.2610000000000001,7.4789316505922905,8.469547464478784e-10,-0.27856044272809083,-6.818717910279212,0.027850449458469484,1.3819000000000017,-1.279340804035741,flare,1.1358663912385047,1.6664734643944854,0.19587688293568561,
724.95,63.97058627,-22.60567647,140.065,3.686,-0.1753,2.3706,1.3939,-0.559,3.1302,0.1352,56.61,59.902,0.3127,101.1037,0.1168,1.0,0.0,0.0,-0.03,961.8,0.0,3.01,150.0,1,724.95,0.035434039388585914,0.017467828070336255,-0.03,-0.02335376760856861,0.19867020444060232,1.0,0.0,680.3475037873976,-11.552589049903352,-6.435000000000002,0.18599999999999994,7.4789316505922905,7.057956220398986e-10,-0.2788568965801384,-6.832022015568489,0.04619089182705238,1.373899999999992,-1.2032062277703284,flare,1.1377531841065718,1.6419007994173676,0.204601966796762,
725.092,63.97067117,-22.60567627,140.277,3.634,-0.3046,3.4656,1.4994,-0.0753,1.7886,0.3377,56.197,59.482,0.9563,100.3945,0.0796,0.0,0.0,0.0,-0.03,958.2,0.0,3.01,150.0,0,725.092,0.04063844598181504,0.027793200123921974,-0.03,-0.02510941854283788,0.19867020444060232,1.0,0.0,689.8118823111162,-11.546093994554395,-6.223000000000013,0.1339999999999999,7.4789316505922905,5.881630183665821e-10,-0.27981580289557756,-6.8394176220393,0.025428216620866806,1.4793999999999983,-1.3582284529027147,flare,1.1398442505142157,1.6760295465018906,0.204601966796762,
725.183,63.97069402,-22.60567623,140.365,3.657,-0.3063,3.5833,1.526,0.0615,0.9511,0.2921,56.078,59.361,1.1286,100.1895,0.06,0.0,0.0,0.0,-0.03,957.2,0.0,3.01,150.0,0,725.183,0.041289590367164064,0.030251388404517465,-0.03,-0.025550796357399652,0.19867020444060232,1.0,0.0,692.3591264711063,-11.545023401175186,-6.134999999999991,0.15700000000000003,7.4789316505922905,4.901358486388184e-10,-0.28009163179465896,-6.844159727079095,0.0143124415214686,1.5060000000000002,-1.3536342578835758,flare,1.14074008915442,1.6939610439762944,0.204601966796762,
725.275,63.97071909,-22.6056762,140.476,3.699,-0.2949,3.6377,1.5501,0.1921,0.2008,0.2255,55.945,59.225,1.2928,99.9597,0.0394,0.0,0.0,0.0,-0.03,956.1,0.0,3.01,150.0,0,725.275,0.04154112869838461,0.032254397395763135,-0.03,-0.025950231512074817,0.19867091334578071,1.0,0.0,695.1538488195368,-11.544529131368355,-6.024000000000001,0.19899999999999984,7.4789316505922905,4.084465405323487e-10,-0.2804114690820243,-6.848968825738265,0.0025836371648608747,1.5301000000000045,-1.3619995229771886,flare,1.1417012222338982,1.7129005421022008,0.2045803603388645,
725.375,63.97074639,-22.60567618,140.613,3.76,-0.2711,3.6293,1.569,0.2845,-0.384,0.1428,55.797,59.074,1.4226,99.7063,0.0188,0.0,0.0,0.0,-0.03,954.9,0.0,3.01,150.0,0,725.375,0.04138663353754962,0.03342911673065779,-0.03,-0.02626317126244737,0.19895176200706696,1.0,0.0,698.1971641238858,-11.544611574087114,-5.8870000000000005,0.2599999999999998,7.4789316505922905,3.4037211711029056e-10,-0.28077571449145966,-6.854216501101617,-0.009196664181899905,1.5490000000000066,-1.372726839070144,flare,1.1427700025529042,1.732072658130562,0.19601747971913674,
725.475,63.97077362,-22.60567617,140.758,3.832,-0.24,3.5719,1.5793,0.3374,-0.7707,0.0559,55.649,58.924,1.4927,99.4526,0.0006,0.0,0.0,0.0,-0.03,953.7,0.0,3.01,150.0,0,725.475,0.04092513921327723,0.03332936336897757,-0.03,-0.0264335990938383,0.19928412288773678,1.0,0.0,701.2326758856622,-11.545181230240104,-5.74199999999999,0.33199999999999985,7.4789316505922905,2.8364343092524214e-10,-0.28115183431036367,-6.8594842961956495,-0.01965433314254028,1.5593000000000075,-1.3824789446091876,flare,1.1438566247638384,1.7492936453613481,0.18587623230502537,
725.583,63.9708053,-22.60567617,140.933,3.919,-0.199,3.4662,1.5803,0.3604,-1.0306,-0.044,55.477,58.75,1.4994,99.1592,-0.0177,0.0,0.0,0.0,-0.03,952.4,0.0,3.01,150.0,0,725.583,0.040153791302069086,0.0316463636971919,-0.03,-0.026450141098427304,0.19968697014513298,1.0,0.0,704.7642589628177,-11.546413985340255,-5.567000000000007,0.41900000000000004,7.4789316505922905,2.363695257710351e-10,-0.2816045453879684,-6.865203443631243,-0.030227344377635745,1.5603000000000122,-1.4015801853350258,flare,1.145094566382948,1.766908214239301,0.17357276290827173,
725.683,63.97083238,-22.60567619,141.08,3.992,-0.1631,3.3579,1.5722,0.3519,-1.1271,-0.1238,55.331,58.604,1.4464,98.9119,-0.0309,0.0,0.0,0.0,-0.03,951.2,0.0,3.01,150.0,0,725.683,0.03941055865748316,0.028967820166881902,-0.03,-0.026316128520841753,0.20002603459366,1.0,0.0,707.7830487001594,-11.548447616559026,-5.4199999999999875,0.492,7.4789316505922905,1.969746048091959e-10,-0.282016530672556,-6.870521085219729,-0.037899156010155366,1.5521999999999991,-1.4068910775772603,flare,1.1462338535599237,1.7800460782291871,0.16320740087563124,
725.783,63.9708594,-22.60567621,141.219,4.058,-0.129,3.2441,1.5565,0.3235,-1.1358,-0.1952,55.188,58.46,1.348,98.6698,-0.0421,0.0,0.0,0.0,-0.03,950.1,0.0,3.01,150.0,0,725.783,0.03867886130116133,0.025288650313574912,-0.03,-0.026056231255796036,0.2003333994407457,1.0,0.0,710.7951498342187,-11.550478912840651,-5.281000000000006,0.5579999999999998,7.4789316505922905,1.6414550400766325e-10,-0.28242871420050586,-6.875862219689049,-0.04444671187255267,1.5364999999999895,-1.4089918887065713,flare,1.1473760373711563,1.7915099629740219,0.15380317998267046,
725.892,63.97088859,-22.60567624,141.357,4.116,-0.0962,3.1237,1.5319,0.2766,-1.0694,-0.2607,55.037,58.309,1.201,98.4141,-0.0523,0.0,0.0,0.0,-0.03,948.9,0.0,3.01,150.0,0,725.892,0.037975516069070736,0.020322952027757163,-0.03,-0.025648624065939984,0.20060414151493772,1.0,0.0,714.0491553193299,-11.553084587232345,-5.143000000000001,0.6159999999999997,7.4789316505922905,1.3678792000638603e-10,-0.2828852623269479,-6.881714413884485,-0.050448573796245455,1.5118999999999971,-1.4068399989075182,flare,1.1486339641503456,1.8023311822161432,0.14551315622990124,
725.992,63.97091547,-22.60567627,141.468,4.154,-0.0707,3.0203,1.5035,0.2251,-0.9744,-0.3097,54.901,58.173,1.039,98.1847,-0.0605,0.0,0.0,0.0,-0.03,947.8,0.0,3.01,150.0,0,725.992,0.03745123228839953,0.015006216227247932,-0.03,-0.02517748483878074,0.20078184388151157,1.0,0.0,717.0456495384726,-11.555600373057285,-5.032000000000011,0.6539999999999999,7.4789316505922905,1.1398993333865502e-10,-0.2833096568545984,-6.887106331523658,-0.055304830812019645,1.4834999999999923,-1.4025818171887614,flare,1.1497978725849585,1.8113034024048247,0.14006872309191643,
726.092,63.97094229,-22.60567631,141.563,4.175,-0.0508,2.9285,1.4707,0.1647,-0.8359,-0.3464,54.77,58.041,0.8603,97.9616,-0.068,0.0,0.0,0.0,-0.03,946.8,0.0,3.01,150.0,0,726.092,0.03708938944871537,0.009163830391725303,-0.03,-0.02463260775041598,0.200880155948437,1.0,0.0,720.035454982521,-11.558603761443731,-4.937000000000012,0.6749999999999998,7.4789316505922905,9.499161111554585e-11,-0.2837462976694526,-6.892523940185526,-0.05977183285202159,1.4507000000000119,-1.3941652883533926,flare,1.1509807359182211,1.8197227019090612,0.13705552963732082,
726.192,63.97096905,-22.60567635,141.639,4.178,-0.0373,2.8519,1.4349,0.1,-0.6706,-0.3709,54.642,57.912,0.6736,97.7445,-0.075,0.0,0.0,0.0,-0.03,945.8,0.0,3.01,150.0,0,726.192,0.036917122585961304,0.0029725380996380446,-0.03,-0.024037002243185945,0.20089420679952869,1.0,0.0,723.0185718217028,-11.561604815066534,-4.86099999999999,0.6779999999999999,7.4789316505922905,7.915967592962154e-11,-0.2841831857363951,-6.897967178958548,-0.06396342116585174,1.4148999999999887,-1.3837866257757852,flare,1.1521668000251424,1.8277354164020743,0.13662481614296773,
726.275,63.9709913,-22.60567639,141.688,4.166,-0.031,2.8021,1.4035,0.0451,-0.4967,-0.3817,54.538,57.808,0.5169,97.5682,-0.0809,0.0,0.0,0.0,-0.03,945.0,0.0,3.01,150.0,0,726.275,0.0369318080170537,-0.002310026652389996,-0.03,-0.02351384979033805,0.20083801279643396,1.0,0.0,725.498928570411,-11.564430372303685,-4.812000000000012,0.6660000000000004,7.4789316505922905,6.596639660801795e-11,-0.2845554220332777,-6.902500903125523,-0.06750756394347945,1.383499999999998,-1.3718980278137411,flare,1.1531656327151332,1.8345037433281242,0.1383472841957918,
726.375,63.97101795,-22.60567645,141.73,4.135,-0.0294,2.7621,1.3651,-0.0181,-0.2859,-0.3844,54.416,57.685,0.3354,97.3617,-0.0883,0.0,0.0,0.0,-0.03,944.1,0.0,3.01,150.0,0,726.375,0.037147305723499,-0.008560865896172831,-0.03,-0.022873140893796107,0.20069296115071633,1.0,0.0,728.4697826260891,-11.568407020176497,-4.77000000000001,0.6349999999999998,7.4789316505922905,5.4971997173348294e-11,-0.28501690741738656,-6.9079942575235105,-0.07196310195803335,1.3451000000000022,-1.3580891161942847,flare,1.154389601413257,1.8429643976212553,0.14279222980935913,
726.475,63.97104455,-22.60567651,141.755,4.087,-0.0339,2.7423,1.3269,-0.0756,-0.0884,-0.3772,54.298,57.566,0.1671,97.1606,-0.0965,0.0,0.0,0.0,-0.03,943.2,0.0,3.01,150.0,0,726.475,0.03757940986624303,-0.01449554063690034,-0.03,-0.022234778745760575,0.20046869662502112,1.0,0.0,731.4350628459629,-11.572381722239433,-4.7450000000000045,0.5869999999999997,7.4789316505922905,4.580999764445691e-11,-0.2854788402628067,-6.913515494024714,-0.07690620380046198,1.306900000000013,-1.3418991965402298,flare,1.1556172863954508,1.852155729500133,0.149661174100979,
726.575,63.97107109,-22.60567657,141.764,4.022,-0.0439,2.7418,1.2898,-0.1256,0.0957,-0.3615,54.183,57.45,0.0166,96.9642,-0.1056,0.0,0.0,0.0,-0.03,942.3,0.0,3.01,150.0,0,726.575,0.03821594750011781,-0.01996653136735249,-0.03,-0.021613878668099495,0.20016565044958037,1.0,0.0,734.3936544609702,-11.57635408971279,-4.73599999999999,0.5220000000000002,7.4789316505922905,3.817499803704743e-11,-0.2859410719358081,-6.919064549571547,-0.08239861644332791,1.2698000000000036,-1.3244538150365506,flare,1.1568484854153844,1.86216909139916,0.15893661584525276,
726.675,63.97109757,-22.60567664,141.759,3.944,-0.0584,2.7588,1.2547,-0.1664,0.2603,-0.339,54.071,57.336,-0.1127,96.7724,-0.116,0.0,0.0,0.0,-0.03,941.5,0.0,3.01,150.0,0,726.675,0.03904237627091478,-0.02485011475977089,-0.03,-0.021025638068671304,0.19980298131286958,1.0,0.0,737.345557300091,-11.580814059573314,-4.741000000000014,0.44399999999999995,7.4789316505922905,3.181249836420619e-11,-0.2864157164346439,-6.924642572716435,-0.08867978101460494,1.2347000000000037,-1.3058671045787766,flare,1.158099224783669,1.8733844892730183,0.1700272717457132,
726.775,63.971124,-22.60567672,141.743,3.855,-0.0766,2.7913,1.222,-0.1966,0.401,-0.3114,53.961,57.225,-0.2189,96.5844,-0.1277,0.0,0.0,0.0,-0.03,940.7,0.0,3.01,150.0,0,726.775,0.04003903171599005,-0.02910202503212017,-0.03,-0.020476927188728566,0.19939049069590623,1.0,0.0,740.2918861323867,-11.585762021296954,-4.757000000000005,0.355,7.4789316505922905,2.6510415303505157e-11,-0.2869029650249242,-6.930250727309874,-0.09575412572201003,1.2019999999999982,-1.2871519132534102,flare,1.1593698860256296,1.8858084786213354,0.18262885426693742,
726.883,63.97115038,-22.60567681,141.717,3.756,-0.0972,2.8366,1.1923,-0.2156,0.5151,-0.2803,53.854,57.115,-0.3011,96.4,-0.141,0.0,0.0,0.0,-0.03,939.9,0.0,3.01,150.0,0,726.883,0.0411806303151967,-0.03269917221061727,-0.03,-0.019977993009673012,0.19893332500187696,1.0,0.0,743.2326409554814,-11.591197974360698,-4.782999999999987,0.2559999999999998,7.4789316505922905,2.2092012752920964e-11,-0.2874028623765309,-6.936341333828227,-0.1038039330940137,1.172300000000007,-1.2602054430249343,flare,1.1607114395798916,1.899787541339677,0.1965797953390478,
726.983,63.97117891,-22.60567691,141.684,3.644,-0.1235,2.9058,1.1646,-0.7733,3.2159,-0.0068,53.732,56.992,-0.0164,96.1922,-0.1068,1.0,0.0,0.0,-0.03,939.0,0.0,3.01,150.0,1,726.983,0.04112278665488028,-0.027395456281960467,-0.03,-0.01951218504335961,0.19867020444060232,1.0,0.0,746.4130705962566,-11.597207527280519,-4.8160000000000025,0.14400000000000013,7.4789316505922905,1.8410010627434137e-11,-0.28794817771391196,-6.9420150138201855,-0.0836141676517741,1.144599999999997,-1.2565504027500412,flare,1.1620656540141,1.8717478617438488,0.204601966796762,
727.083,63.97120516,-22.60567697,141.71,3.593,-0.2312,3.4791,1.1895,-1.0237,6.2775,0.3967,53.611,56.869,0.3235,95.9835,-0.0788,1.0,0.0,0.0,-0.03,938.3,0.0,3.01,150.0,1,727.083,0.04399512827292085,-0.020311186199205605,-0.03,-0.01993092824315379,0.19867020444060232,1.0,0.0,749.3393339567864,-11.601168610063775,-4.789999999999992,0.09299999999999997,7.4789316505922905,1.534167552286178e-11,-0.2884122571248795,-6.9477161894866075,-0.06703835983563522,1.1694999999999993,-1.2523185479545598,flare,1.1633163498576877,1.8489254899033263,0.204601966796762,
727.183,63.97123135,-22.60567703,141.753,3.56,-0.3139,4.0372,1.2331,-0.5905,4.5828,0.4618,53.486,56.741,0.4715,95.7688,-0.1006,1.0,0.0,0.0,-0.03,937.4,0.0,3.01,150.0,1,727.183,0.04765753211498541,-0.01807390997092026,-0.03,-0.020663260568590858,0.19867020444060232,1.0,0.0,752.2589087132417,-11.60512735790961,-4.747000000000014,0.06000000000000005,7.4789316505922905,1.2784729602384817e-11,-0.288876618941354,-6.953444797415789,-0.08018612845688722,1.2130999999999972,-1.2521077708677557,flare,1.1645704940603316,1.87037323622123,0.204601966796762,
727.283,63.97125749,-22.60567711,141.812,3.544,-0.3562,4.4127,1.2795,-0.2413,2.8485,0.4575,53.353,56.607,0.6772,95.5415,-0.1296,1.0,0.0,0.0,-0.03,936.6,0.0,3.01,150.0,1,727.283,0.05021435917517203,-0.014503289611137005,-0.03,-0.021441341952736892,0.19867020444060232,1.0,0.0,755.1729092910597,-11.610064034769088,-4.687999999999988,0.04400000000000004,7.4789316505922905,1.065394133532068e-11,-0.28936583184643877,-6.959203231275715,-0.09772045101331628,1.2595000000000027,-1.2591888826070192,flare,1.1658605956950439,1.8983969251545894,0.204601966796762,
727.383,63.97128357,-22.6056772,141.893,3.552,-0.3684,4.6327,1.3237,0.0086,1.4933,0.4182,53.215,56.466,0.905,95.3038,-0.1593,0.0,0.0,0.0,-0.03,935.7,0.0,3.01,150.0,0,727.383,0.05173576149435488,-0.01052199840866938,-0.03,-0.02218125939083171,0.19867020444060232,1.0,0.0,758.080221092991,-11.615488314189797,-4.606999999999999,0.052000000000000046,7.4789316505922905,8.878284446100567e-12,-0.2898676101503069,-6.964992648186494,-0.11576962488658182,1.303699999999992,-1.2701717114608964,flare,1.1671706626011087,1.9272045835661622,0.204601966796762,
727.483,63.97130959,-22.6056773,141.995,3.581,-0.3589,4.7325,1.3627,0.1871,0.4594,0.353,53.072,56.321,1.1113,95.0591,-0.188,0.0,0.0,0.0,-0.03,934.9,0.0,3.01,150.0,0,727.483,0.05243217650197923,-0.007246830380838537,-0.03,-0.02283306316979955,0.19867020444060232,1.0,0.0,760.9808441198276,-11.62140019617201,-4.5049999999999955,0.08099999999999996,7.4789316505922905,7.398570371750472e-12,-0.2903819972536093,-6.970814205751228,-0.1333146905935223,1.3427000000000078,-1.284701555873661,flare,1.168500881511381,1.9552799991450094,0.204601966796762,
727.583,63.97133554,-22.60567743,142.114,3.629,-0.3342,4.7416,1.3943,0.31,-0.3033,0.269,52.928,56.174,1.2699,94.8109,-0.2145,0.0,0.0,0.0,-0.03,934.0,0.0,3.01,150.0,0,727.583,0.05249263564362755,-0.00522500412917809,-0.03,-0.02336043897304202,0.19867020444060232,1.0,0.0,763.8736632620512,-11.62877916606413,-4.385999999999996,0.129,7.4789316505922905,6.16547530979206e-12,-0.2909333996397696,-6.976671498362703,-0.14962564153648827,1.3743000000000052,-1.2988195962487579,flare,1.1698836825463061,1.9815869940717477,0.204601966796762,
727.683,63.97136144,-22.60567756,142.246,3.69,-0.2993,4.6852,1.4169,0.3869,-0.8378,0.1752,52.783,56.027,1.3676,94.5621,-0.2382,0.0,0.0,0.0,-0.03,933.2,0.0,3.01,150.0,0,727.683,0.052079875541932164,-0.004685326515993848,-0.03,-0.023737190622184545,0.19867020444060232,1.0,0.0,766.760908567678,-11.636156190320161,-4.253999999999991,0.18999999999999995,7.4789316505922905,5.1378960914933836e-12,-0.29148543770785545,-6.982564470472281,-0.1643265939920866,1.396899999999988,-1.312563269317019,flare,1.1712713213238715,2.005498092798195,0.204601966796762,
727.783,63.97138726,-22.60567771,142.384,3.758,-0.2586,4.5843,1.43,0.4257,-1.1831,0.0782,52.638,55.88,1.4008,94.3152,-0.2588,0.0,0.0,0.0,-0.03,932.3,0.0,3.01,150.0,0,727.783,0.05135390054706557,-0.005440113627122101,-0.03,-0.023955409530292515,0.19894254314196866,1.0,0.0,769.6392353914425,-11.64450997603368,-4.116000000000014,0.258,7.4789316505922905,4.2815800762444864e-12,-0.2920622293020334,-6.988495478500911,-0.17721867230369526,1.4099999999999966,-1.3250575175608992,flare,1.1726957096872397,2.0267678586852327,0.19629865183186723,
727.908,63.97140873,-22.60567785,142.5,3.815,-0.2226,4.4787,1.4335,0.4336,-1.3529,-0.0014,52.519,55.76,1.3811,94.1125,-0.2736,0.0,0.0,0.0,-0.03,931.6,0.0,3.01,150.0,0,727.908,0.050615673365057234,-0.007088576106271199,-0.03,-0.024013691776682167,0.19920556439935413,1.0,0.0,772.032638573813,-11.652204554246557,-4.0,0.31499999999999995,7.4789316505922905,3.5679833968704052e-12,-0.2925617394747655,-6.995946964774836,-0.18656747097742254,1.413499999999999,-1.2911431977826355,flare,1.1741898070006371,2.0428721968719508,0.18827403678387178,
727.992,63.97144085,-22.60567806,142.666,3.893,-0.1689,4.3014,1.4267,0.4181,-1.465,-0.1133,52.344,55.584,1.2801,93.8156,-0.2922,0.0,0.0,0.0,-0.03,930.5,0.0,3.01,150.0,0,727.992,0.049375540253437544,-0.01115808362334611,-0.03,-0.023900449756949493,0.19956643691307704,1.0,0.0,775.6132678245999,-11.663743113897294,-3.834000000000003,0.3929999999999998,7.4789316505922905,2.9733194973920044e-12,-0.29331166937378117,-7.000996493500861,-0.1984540378926738,1.4067000000000007,-1.3631604828328168,flare,1.175742143723511,2.0628264507145566,0.17725533267112148,
728.092,63.97146648,-22.60567825,142.786,3.944,-0.1285,4.1543,1.4116,0.3821,-1.4547,-0.1932,52.208,55.448,1.1477,93.5855,-0.3044,0.0,0.0,0.0,-0.03,929.6,0.0,3.01,150.0,0,728.092,0.048415020746893744,-0.015606129783979322,-0.03,-0.023648869317310306,0.19980298131286958,1.0,0.0,778.4704133837902,-11.674049255492646,-3.7139999999999986,0.44399999999999995,7.4789316505922905,2.4777662478266703e-12,-0.29393943636130965,-7.007053782158658,-0.2063619233542795,1.391600000000011,-1.362873166211626,flare,1.177247590513037,2.076799640266959,0.1700272717457132,
728.192,63.97149204,-22.60567844,142.892,3.98,-0.0926,4.012,1.389,0.3273,-1.3701,-0.2623,52.076,55.316,0.9797,93.3626,-0.3145,0.0,0.0,0.0,-0.03,928.8,0.0,3.01,150.0,0,728.192,0.04755810669623867,-0.020930167264695293,-0.03,-0.02327203443601994,0.19997023290319846,1.0,0.0,781.3197555722206,-11.684352673023577,-3.608000000000004,0.48,7.4789316505922905,2.064805206522225e-12,-0.2945677016294303,-7.013153706381074,-0.21300506304700662,1.3689999999999998,-1.3589756056469036,flare,1.1787584750588138,2.0889009289747733,0.16491391307416237,
728.275,63.97151117,-22.60567858,142.96,3.995,-0.0696,3.912,1.3678,0.2796,-1.2783,-0.3063,51.98,55.22,0.837,93.2004,-0.321,0.0,0.0,0.0,-0.03,928.2,0.0,3.01,150.0,0,728.275,0.047028708137396236,-0.02535827394014764,-0.03,-0.022918223673001503,0.20003998900656694,1.0,0.0,783.4523031861894,-11.69195619546194,-3.539999999999992,0.4950000000000001,7.4789316505922905,1.7206710054351875e-12,-0.29503622592738865,-7.0182386545453905,-0.2173368408256522,1.3478000000000065,-1.3405802329539631,flare,1.1799455176016416,2.0970899777832273,0.1627806119471149,
728.375,63.97153875,-22.6056788,143.037,3.998,-0.0433,3.7832,1.332,0.1989,-1.0797,-0.3566,51.846,55.086,0.6135,92.9738,-0.3294,0.0,0.0,0.0,-0.03,927.3,0.0,3.01,150.0,0,728.375,0.046477436452045495,-0.03221838772807556,-0.03,-0.022320061273395253,0.20005394501465454,1.0,0.0,786.5268278730492,-11.703808028670071,-3.462999999999994,0.4980000000000002,7.4789316505922905,1.4338925045293229e-12,-0.29573573675803644,-7.024418099372711,-0.22299429306136176,1.3120000000000118,-1.3405274845035755,flare,1.181558806765448,2.1078769069551946,0.16235375866773794,
728.475,63.97156415,-22.60567901,143.087,3.978,-0.0268,3.684,1.2947,0.1231,-0.8779,-0.39,51.728,54.967,0.3997,92.7726,-0.3365,0.0,0.0,0.0,-0.03,926.5,0.0,3.01,150.0,0,728.475,0.0462287579903769,-0.03874214018138358,-0.03,-0.02169593541446485,0.1999609351056765,1.0,0.0,789.3583334405872,-11.715085094814642,-3.413000000000011,0.4780000000000002,7.4789316505922905,1.1949104204411023e-12,-0.29639079558182096,-7.0306424519329855,-0.22781939124413952,1.2746999999999957,-1.3259340768214034,flare,1.1831188084508852,2.117348298878394,0.16519823167051584,
728.575,63.97158949,-22.60567922,143.116,3.937,-0.0179,3.6057,1.2546,0.0484,-0.6662,-0.4112,51.614,54.852,0.1873,92.5788,-0.3434,0.0,0.0,0.0,-0.03,925.8,0.0,3.01,150.0,0,728.575,0.04624292927241869,-0.045191087428078064,-0.03,-0.021023961061818475,0.19977048695268584,1.0,0.0,792.183150404051,-11.726359826195848,-3.383999999999986,0.43699999999999983,7.4789316505922905,9.957586837009186e-13,-0.29704655688268633,-7.036911632781479,-0.23252468653382152,1.2346000000000004,-1.3090309789285288,flare,1.1846847612308515,2.1266493516195197,0.17102045977010683,
728.683,63.97161478,-22.60567944,143.124,3.876,-0.0163,3.5484,1.2129,-0.022,-0.4579,-0.4213,51.505,54.741,-0.0164,92.3922,-0.3507,0.0,0.0,0.0,-0.03,925.1,0.0,3.01,150.0,0,728.683,0.04653278730303195,-0.051311829387287816,-0.03,-0.02032411148939539,0.19948769212607212,1.0,0.0,795.0023933598978,-11.738122549265832,-3.3760000000000048,0.3759999999999999,7.4789316505922905,8.297989030840988e-13,-0.29771560034859607,-7.043732035741111,-0.2374808411715037,1.1929000000000087,-1.281779004413181,flare,1.1863301595946822,2.136438722469034,0.17966055303149808,
728.792,63.97164422,-22.6056797,143.109,3.78,-0.023,3.5066,1.1637,-0.096,-0.2414,-0.4207,51.383,54.617,-0.235,92.1832,-0.36,0.0,0.0,0.0,-0.03,924.2,0.0,3.01,150.0,0,728.792,0.047197698444478686,-0.05780052316767084,-0.03,-0.019497042968407652,0.1990439905043577,1.0,0.0,798.2842640961072,-11.75200650926615,-3.390999999999991,0.2799999999999998,7.4789316505922905,6.914990859034157e-13,-0.29850138962521977,-7.050676460813736,-0.24375417393585508,1.1436999999999955,-1.2670050999252087,flare,1.1881426733421314,2.1484269374784546,0.19320418528366723,
728.892,63.9716694,-22.60567993,143.077,3.678,-0.0353,3.4889,1.122,-0.1513,-0.0919,-0.4117,51.282,54.516,-0.4017,92.0111,-0.3691,0.0,0.0,0.0,-0.03,923.5,0.0,3.01,150.0,0,728.892,0.04804849426328034,-0.06263347428241048,-0.03,-0.018794951335968035,0.19867020444060232,1.0,0.0,801.0912444394708,-11.764254889261272,-3.423000000000002,0.17799999999999994,7.4789316505922905,5.762492382528464e-13,-0.2991847877894738,-7.0570926847233055,-0.24983921269074472,1.1020000000000039,-1.2436409999319926,flare,1.1897613836691505,2.159846385283924,0.204601966796762,
728.992,63.97169453,-22.60568015,143.049,3.58,-0.081,3.6211,1.0948,-1.3233,6.0827,0.1821,51.172,54.402,0.09,91.8206,-0.2802,1.0,0.0,0.0,-0.03,922.8,0.0,3.01,150.0,1,728.992,0.04684975808968134,-0.05272251305817979,-0.03,-0.01833646615868273,0.19867020444060232,1.0,0.0,803.892651116466,-11.776011386295156,-3.4509999999999934,0.08000000000000007,7.4789316505922905,4.802076985440386e-13,-0.29985662339325186,-7.063554704780214,-0.19484341842539266,1.0748000000000104,-1.2305827272109928,flare,1.191370060543825,2.080664414262955,0.204601966796762,
729.083,63.97171541,-22.6056803,143.068,3.537,-0.191,4.1936,1.1212,-1.1973,6.964,0.4272,51.077,54.306,0.233,91.6581,-0.2641,1.0,0.0,0.0,-0.03,922.2,0.0,3.01,150.0,1,729.083,0.050383405828990646,-0.050311376145228875,-0.03,-0.018781472333706306,0.19867020444060232,1.0,0.0,806.2202828521749,-11.784172943151646,-3.431999999999988,0.03699999999999992,7.4789316505922905,4.001730821200322e-13,-0.3003751586121132,-7.069462728276084,-0.18508932100539255,1.1012000000000057,-1.213616665096897,flare,1.1927152462042692,2.068183129183872,0.204601966796762,
729.192,63.97174458,-22.60568047,143.127,3.511,-0.2593,4.8753,1.1733,0.0442,4.0115,0.3772,50.929,54.153,0.7967,91.3998,-0.201,1.0,1.0,1.0,-0.03,921.4,0.0,3.01,150.0,1,729.192,0.05085517034703235,-0.038428127521735356,-0.03,-0.019658534162716568,0.19867020444060232,1.0,0.0,809.4720564080453,-11.793636961140711,-3.3729999999999905,0.01100000000000012,7.4789316505922905,3.334775684333602e-13,-0.3010519010852918,-7.07659167091498,-0.14600063804306274,1.1533000000000015,-1.2267240741914622,flare,1.1944053814638416,2.0126422227175595,0.204601966796762,
729.3,63.97176953,-22.60568061,143.211,3.526,-0.2515,5.203,1.2114,0.0771,2.4244,0.3797,50.797,54.02,0.8576,91.1749,-0.2255,0.0,1.0,0.0,-0.03,920.6,0.0,3.01,150.0,1,729.3,0.05151828398151276,-0.03832494002781045,-0.03,-0.02029891728098221,0.19867020444060232,1.0,0.0,812.2533986409808,-11.801466955633678,-3.2889999999999873,0.0259999999999998,7.4789316505922905,2.778979736944668e-13,-0.30162552797936404,-7.083691497921454,-0.16170755258045233,1.1913999999999874,-1.22631481492159,flare,1.1959569366228955,2.0382790766374086,0.204601966796762,
729.375,63.97179027,-22.60568073,143.287,3.549,-0.2451,5.361,1.2425,0.0798,1.2966,0.3632,50.685,53.906,0.9348,90.9821,-0.245,0.0,0.0,0.0,-0.03,920.0,0.0,3.01,150.0,0,729.375,0.05204346177206437,-0.03764453251198843,-0.03,-0.02082099734069015,0.19867020444060232,1.0,0.0,814.5654241458548,-11.80815325290807,-3.212999999999994,0.04899999999999993,7.4789316505922905,2.31581644745389e-13,-0.30210798859271554,-7.088640368321108,-0.17428784398856578,1.2224999999999966,-1.2505892256862052,flare,1.197146818495785,2.058726637785316,0.204601966796762,
729.475,63.97181511,-22.60568088,143.385,3.585,-0.2364,5.4403,1.2772,0.0982,0.2531,0.3243,50.547,53.766,1.0194,90.7472,-0.2673,0.0,0.0,0.0,-0.03,919.2,0.0,3.01,150.0,0,729.475,0.052608776251031886,-0.037062581900972336,-0.03,-0.021402805106423284,0.19867020444060232,1.0,0.0,817.3345037663071,-11.816468904326175,-3.115000000000009,0.08499999999999996,7.4789316505922905,1.9298470395449082e-13,-0.30269501601549825,-7.095281068694922,-0.18876683326223542,1.2572000000000116,-1.26235384153289,flare,1.1986642610752263,2.082471500574588,0.204601966796762,
729.575,63.97183989,-22.60568105,143.49,3.628,-0.2254,5.4288,1.3072,0.1253,-0.5067,0.2697,50.409,53.627,1.072,90.5113,-0.2882,0.0,0.0,0.0,-0.03,918.4,0.0,3.01,150.0,0,729.575,0.05304633828755001,-0.037220815149657666,-0.03,-0.021905193784690913,0.19867020444060232,1.0,0.0,820.0968944398522,-11.825762095456316,-3.009999999999991,0.1280000000000001,7.4789316505922905,1.6082058662874233e-13,-0.30330766211417953,-7.101960898010692,-0.20243675486287316,1.2872000000000128,-1.2730489468480517,flare,1.2002197020100454,2.1050632183502813,0.204601966796762,
729.675,63.97186461,-22.60568124,143.597,3.675,-0.2115,5.3523,1.3313,0.155,-1.0334,0.2035,50.272,53.488,1.0793,90.2772,-0.3075,0.0,0.0,0.0,-0.03,917.7,0.0,3.01,150.0,0,729.675,0.05332409040210506,-0.03839185905231293,-0.03,-0.02230835684490634,0.19867020444060232,1.0,0.0,822.8525961672825,-11.836032826298766,-2.9029999999999916,0.17499999999999982,7.4789316505922905,1.3401715552395195e-13,-0.3039460165258471,-7.108682296669901,-0.2151587340339347,1.3112999999999886,-1.281862678952888,flare,1.2018135323372974,2.126297607994502,0.204601966796762,
729.783,63.97189132,-22.60568145,143.711,3.723,-0.1933,5.2206,1.3494,0.1822,-1.3922,0.1237,50.126,53.341,1.031,90.0284,-0.3265,0.0,0.0,0.0,-0.03,916.9,0.0,3.01,150.0,0,729.783,0.053441896025477,-0.04081457949858747,-0.03,-0.022610895419569843,0.19878133048039187,1.0,0.0,825.8301362625213,-11.847360868112006,-2.7889999999999873,0.22299999999999986,7.4789316505922905,1.1168096293662662e-13,-0.30464346114979846,-7.115992534206072,-0.22778987516090865,1.3293999999999926,-1.2882253310345433,flare,1.2035511276263726,2.1476029106086756,0.20121453330020067,
729.892,63.97191591,-22.60568166,143.809,3.761,-0.1743,5.0722,1.3582,0.1976,-1.5683,0.0465,49.994,53.208,0.9362,89.8051,-0.3424,0.0,0.0,0.0,-0.03,916.2,0.0,3.01,150.0,0,729.892,0.05341657748517681,-0.044095497567826825,-0.03,-0.022757906952552698,0.19895637171145233,1.0,0.0,828.5713456722845,-11.858606414950197,-2.6910000000000025,0.2610000000000001,7.4789316505922905,9.306746911385552e-14,-0.30530822290068715,-7.123416357627967,-0.2384506207942252,1.3382000000000005,-1.281205680423357,flare,1.2052586079953542,2.165935800540332,0.19587688293568561,
730.0,63.97194248,-22.60568189,143.902,3.788,-0.1526,4.8972,1.3591,0.2006,-1.6452,-0.0368,49.856,53.07,0.7861,89.5716,-0.3578,0.0,0.0,0.0,-0.03,915.4,0.0,3.01,150.0,0,730.0,0.053279406121637285,-0.0487136690140641,-0.03,-0.02277293928851415,0.19908090217014623,1.0,0.0,831.5332786823785,-11.870908883631897,-2.598000000000013,0.2879999999999998,7.4789316505922905,7.755622426154626e-14,-0.30603225839714354,-7.130823542647394,-0.2488707678757578,1.339100000000002,-1.2808940529101775,flare,1.2070419572168944,2.1840188960966564,0.19207806655122894,
730.075,63.97196288,-22.60568208,143.961,3.797,-0.1361,4.7603,1.3537,0.1926,-1.6231,-0.0984,49.754,52.968,0.642,89.3987,-0.3685,0.0,0.0,0.0,-0.03,914.8,0.0,3.01,150.0,0,730.075,0.0531389501810593,-0.052908589482246915,-0.03,-0.022682737096336447,0.19912244162152024,1.0,0.0,833.8074008990354,-11.881011511680121,-2.5389999999999873,0.29700000000000015,7.4789316505922905,6.463018688462188e-14,-0.3066064261017922,-7.135991965748413,-0.25617094178937805,1.3336999999999932,-1.2880855026455458,flare,1.2083767657657347,2.196810782522011,0.19081063589357683,
730.183,63.9719873,-22.60568231,144.014,3.791,-0.1178,4.6019,1.3406,0.171,-1.5263,-0.1673,49.637,52.85,0.4441,89.1993,-0.3803,0.0,0.0,0.0,-0.03,914.2,0.0,3.01,150.0,0,730.183,0.052999045273381284,-0.058484747663820585,-0.03,-0.022463832054584243,0.1990947470277369,1.0,0.0,836.5296589212205,-11.893230317830891,-2.48599999999999,0.2909999999999999,7.4789316505922905,5.385848907051823e-14,-0.30729852633713245,-7.143490635516126,-0.26427829506368994,1.320600000000013,-1.2694716690717542,flare,1.210128478193802,2.211412562431711,0.191655654028132,
730.275,63.97201167,-22.60568255,144.047,3.764,-0.102,4.4547,1.321,0.1389,-1.3936,-0.2288,49.525,52.737,0.2282,89.0091,-0.3912,0.0,0.0,0.0,-0.03,913.5,0.0,3.01,150.0,0,730.275,0.052916042778320405,-0.06440578461971999,-0.03,-0.022136097201493843,0.19897020191175543,1.0,0.0,839.2463429349967,-11.905937115844223,-2.453000000000003,0.2639999999999998,7.4789316505922905,4.488207422543186e-14,-0.3080041767514454,-7.149920315161675,-0.2718165516372437,1.3009999999999877,-1.2647370904605084,flare,1.2117776623036995,2.225016284439878,0.19545504967697092,
730.375,63.97203599,-22.60568279,144.058,3.715,-0.0899,4.3228,1.2956,0.0982,-1.2232,-0.2815,49.419,52.63,0.0023,88.8283,-0.4013,0.0,0.0,0.0,-0.03,912.9,0.0,3.01,150.0,0,730.375,0.052948041607694896,-0.07040357997930705,-0.03,-0.02171100538507137,0.1987445131208076,1.0,0.0,841.9574531121764,-11.918641968047405,-2.4420000000000073,0.21499999999999986,7.4789316505922905,3.7401728521193214e-14,-0.3087107320772159,-7.156958320652193,-0.27884363311599714,1.2755999999999972,-1.246124627691351,flare,1.2134964643160515,2.2379631808264513,0.20233693332490787,
730.475,63.97206025,-22.60568305,144.046,3.643,-0.0822,4.2087,1.2654,0.0522,-1.0383,-0.3245,49.319,52.528,-0.2254,88.6568,-0.4112,0.0,0.0,0.0,-0.03,912.3,0.0,3.01,150.0,0,730.475,0.05314141906933606,-0.07604886927003793,-0.03,-0.021205041663394486,0.19867020444060232,1.0,0.0,844.6618743424489,-11.932324360136683,-2.4540000000000077,0.1429999999999998,7.4789316505922905,3.116810710099434e-14,-0.30944343484073983,-7.164046136400762,-0.2857422284174902,1.2453999999999894,-1.2237496615375658,flare,1.215255151942582,2.250776002870115,0.204601966796762,
730.575,63.97208448,-22.6056833,144.015,3.553,-0.0826,4.1253,1.2329,-0.7184,2.15,-0.026,49.217,52.425,-0.0721,88.4822,-0.3529,1.0,0.0,0.0,-0.03,911.7,0.0,3.01,150.0,1,730.575,0.0511858441157938,-0.0736734584895267,-0.03,-0.020659903876880104,0.19867020444060232,1.0,0.0,847.3629514421007,-11.94551564751955,-2.4850000000000136,0.052999999999999936,7.4789316505922905,2.597342258416195e-14,-0.31016471216301494,-7.171182453829062,-0.24851571704715525,1.2128999999999905,-1.2052269650341332,flare,1.2170042886031922,2.1982509702916353,0.204601966796762,
730.675,63.97210862,-22.6056835,144.032,3.506,-0.2103,4.6253,1.2601,-2.1432,4.9888,0.2933,49.103,52.305,0.5919,88.2811,-0.2202,1.0,1.0,1.0,-0.03,911.1,0.0,3.01,150.0,1,730.675,0.051306658904417546,-0.059999537241791245,-0.03,-0.021116187163470135,0.19867020444060232,1.0,0.0,850.0539964903469,-11.956253746481007,-2.4679999999999893,0.005999999999999783,7.4789316505922905,2.164451882013496e-14,-0.3108225688141296,-7.178360769197705,-0.1629128599898877,1.2401000000000124,-1.1992972409402127,flare,1.2186749364843692,2.0737988629574957,0.204601966796762,
730.775,63.97213272,-22.60568363,144.101,3.512,-0.2588,5.0065,1.2848,0.0556,2.7272,0.2114,48.985,52.185,0.6695,88.0776,-0.1893,0.0,1.0,1.0,-0.03,910.5,0.0,3.01,150.0,1,730.775,0.05210846304543554,-0.05924456257625099,-0.03,-0.02153013143759014,0.19867020444060232,1.0,0.0,852.7405836658249,-11.963560727833352,-2.399000000000001,0.01200000000000001,7.4789316505922905,1.803709901677913e-14,-0.31139209839287674,-7.185572109806335,-0.14314225593849983,1.2648000000000081,-1.1975429463092617,flare,1.220233417194649,2.046760527114298,0.204601966796762,
730.875,63.97215676,-22.60568375,144.167,3.517,-0.2523,5.2099,1.3034,0.0652,1.2898,0.1543,48.865,52.064,0.6393,87.8738,-0.1887,0.0,1.0,1.0,-0.03,910.0,0.0,3.01,150.0,1,730.875,0.05194503252599336,-0.06091024688554689,-0.03,-0.021841589926006766,0.19867020444060232,1.0,0.0,855.4204824082491,-11.970375437097465,-2.3329999999999984,0.016999999999999904,7.4789316505922905,1.5030915847315943e-14,-0.3119492423726547,-7.192815127010914,-0.14303663862742155,1.2834000000000003,-1.1977663148265745,flare,1.2217791990117632,2.048899075038001,0.204601966796762,
730.975,63.97218076,-22.60568386,144.23,3.52,-0.2465,5.2872,1.316,0.0462,0.2179,0.0913,48.746,51.943,0.6119,87.6693,-0.1902,0.0,1.0,1.0,-0.03,909.4,0.0,3.01,150.0,1,730.975,0.003229530936931957,0.04616622820857916,-0.03,0.30760146265070554,0.0,1.0,0.0,858.0959222525748,-11.976698652527892,-2.2700000000000102,0.020000000000000018,7.4789316505922905,1.2525763206096619e-14,-0.31249428789945305,-7.200088505377491,-0.14430394865399876,1.2959999999999923,-1.197060286205952,landing,,,,10.903805185111494
731.075,63.9722047,-22.60568399,144.29,3.52,-0.255,5.2448,1.3367,-0.3088,-1.468,0.5945,48.627,51.823,0.5907,87.467,-0.2174,0.0,1.0,1.0,-0.03,908.3,0.0,3.01,150.0,1,731.075,0.0033433852869855785,0.045947515977995707,-0.03,0.3073853903000807,0.0,1.0,0.0,860.7646731499934,-11.983999407844417,-2.210000000000008,0.020000000000000018,7.4789316505922905,1.0438136005080515e-14,-0.31306524479280173,-7.207394734838848,-0.1624088721002579,1.3166999999999973,-1.196418442005386,landing,,,,10.903805185111494
731.192,63.97223258,-22.60568416,144.354,3.516,-0.293,4.9634,1.4599,-0.191,-3.3827,1.5671,48.492,51.688,0.5249,87.2383,-0.26,0.0,1.0,0.0,-0.03,904.7,0.0,3.01,150.0,1,731.192,0.0038555818152400945,0.04569752436403571,-0.03,0.3060605872603779,0.0,1.0,0.0,863.8726417131185,-11.99341322841936,-2.1459999999999866,0.016000000000000014,7.4789316505922905,8.698446670900428e-15,-0.31375576790439563,-7.215995320217789,-0.19076053254917724,1.4398999999999944,-1.1925482339909486,landing,,,,10.903805185111494
731.283,63.97225641,-22.60568429,144.413,3.517,-0.3641,4.7096,1.6818,-1.3972,-1.5168,3.1045,48.374,51.566,0.645,87.0335,-0.1654,1.0,1.0,0.0,-0.03,899.9,0.0,3.01,150.0,1,731.283,0.004829997939599595,0.04546799587304848,-0.03,0.30350540299726103,0.0,1.0,0.0,866.5291301698663,-12.000709703336428,-2.086999999999989,0.016999999999999904,7.4789316505922905,7.248705559083691e-15,-0.31432789736384587,-7.222710639739906,-0.12888577987578742,1.6617999999999995,-1.202016876055692,landing,,,,10.903805185111494
731.383,63.9722782,-22.60568436,144.471,3.521,-0.4891,4.5877,2.0183,-1.2267,-1.1496,4.3243,48.267,51.456,0.6365,86.8485,-0.089,1.0,1.0,0.0,-0.03,894.3,0.0,3.01,150.0,1,731.383,0.006606340367273533,0.045258089103072136,-0.03,0.29920951988546696,0.0,1.0,0.0,868.9582071054982,-12.004987172694989,-2.0289999999999964,0.020999999999999908,7.4789316505922905,6.0405879659030755e-15,-0.3147894834304511,-7.2301138859504865,-0.07871514869722773,1.9983000000000004,-1.1900153418687882,landing,,,,10.903805185111494
731.483,63.97230192,-22.60568438,144.533,3.524,-0.5897,4.4875,2.5075,-0.6155,-0.9509,5.5048,48.15,51.336,0.599,86.6453,0.0045,1.0,1.0,0.0,-0.03,887.3,0.0,3.01,150.0,1,731.483,0.008108624656459562,0.0450258876307191,-0.03,0.2920389769289389,0.0,1.0,0.0,871.6024350020073,-12.006890056986892,-1.967000000000013,0.02400000000000002,7.4789316505922905,5.03382330491923e-15,-0.3152208357685333,-7.237535589907498,-0.01702429320948795,2.4875000000000114,-1.1881957653353628,landing,,,,10.903805185111494
731.583,63.97232558,-22.60568432,144.59,3.526,-0.6295,4.4085,3.11,-0.2386,-0.47,6.666,48.03,51.213,0.5495,86.437,0.1297,1.0,1.0,0.0,-0.03,879.5,0.0,3.01,150.0,1,731.583,0.008723854073104498,0.04478438496225365,-0.03,0.28166000111091904,0.0,1.0,0.0,874.2399756626053,-12.004871108438666,-1.9099999999999966,0.0259999999999998,7.4789316505922905,4.194852754099358e-15,-0.31554918257489456,-7.244965389531965,0.06597310209264151,3.0900000000000034,-1.1892688775775753,landing,,,,10.903805185111494
731.683,63.97234918,-22.60568416,144.643,3.524,-0.6279,4.3842,3.8273,0.3377,0.0017,7.7445,47.906,51.084,0.525,86.22,0.2987,1.0,1.0,0.0,-0.03,871.0,0.0,3.01,150.0,1,731.683,0.008698876293144808,0.044527279773854594,-0.03,0.2670120719220923,0.0,1.0,0.0,876.8708294285404,-11.99795045205217,-1.8569999999999993,0.02400000000000002,7.4789316505922905,3.4957106284161314e-15,-0.31574835981754057,-7.252390340881947,0.1784943269835253,3.807299999999998,-1.1938807977977721,landing,,,,10.903805185111494
731.783,63.97237272,-22.60568388,144.695,3.52,-0.5666,4.4032,4.6464,0.9343,0.4052,8.6949,47.778,50.95,0.5016,85.9931,0.5017,1.0,1.0,0.0,-0.03,862.1,0.0,3.01,150.0,1,731.783,0.00775719607592551,0.0442560449134298,-0.03,0.24716938147462042,0.0,1.0,0.0,879.4949966426462,-11.985148213700128,-1.8050000000000068,0.020000000000000018,7.4789316505922905,2.913092190346776e-15,-0.31579207908606083,-7.259794914320948,0.3142706152769108,4.62639999999999,-1.2017098161797666,landing,,,,10.903805185111494
731.875,63.97239424,-22.60568349,144.74,3.515,-0.4593,4.4544,5.476,1.4495,0.7391,9.4499,47.655,50.822,0.4821,85.775,0.7166,1.0,1.0,0.0,-0.03,853.8,0.0,3.01,150.0,1,731.875,0.006174537199080954,0.043992972684769954,-0.03,0.22365834398639228,0.0,1.0,0.0,881.8939827256935,-11.966878061419784,-1.759999999999991,0.015000000000000124,7.4789316505922905,2.42757682528898e-15,-0.3156589339456649,-7.266572165173364,0.4586616193976738,5.455999999999989,-1.2140049712306358,landing,,,,10.903805185111494
731.975,63.97241765,-22.60568291,144.787,3.507,-0.29,4.5434,6.4538,1.9724,1.0639,10.136,47.515,50.676,0.463,85.5253,0.9782,1.0,1.0,0.0,-0.03,844.5,0.0,3.01,150.0,1,731.975,0.003814944895871808,0.04368813258043422,-0.03,0.19161916769239107,0.0,1.0,0.0,884.5036630939923,-11.939372645711767,-1.7129999999999939,0.007000000000000117,7.4789316505922905,2.0229806877408166e-15,-0.3153122432604349,-7.273881482282165,0.63529483960437,6.433799999999991,-1.2309136102096405,landing,,,,10.903805185111494
732.075,63.97244098,-22.60568214,144.84,3.505,-0.206,4.6124,7.4619,0.2334,0.2001,9.9384,47.366,50.517,0.5484,85.2522,1.3348,1.0,1.0,1.0,-0.03,835.2,0.0,3.01,150.0,1,732.075,0.0026902568460863696,0.0433503345576812,-0.03,0.1539898443153851,0.0,1.0,0.0,887.1044285734405,-11.902555308683914,-1.6599999999999966,0.004999999999999893,7.4789316505922905,1.6858172397840138e-15,-0.31471720878408516,-7.2811069315529675,0.8770109628432863,7.441900000000004,-1.2544669183723705,landing,,,,10.903805185111494
732.192,63.97246618,-22.60568108,144.899,3.504,-0.1822,4.6217,8.5336,0.1996,0.03,9.8222,47.199,50.341,0.5481,84.9483,1.7035,1.0,1.0,1.0,-0.03,825.2,0.0,3.01,150.0,1,732.192,0.0023755734581201726,0.04296931483083241,-0.03,0.10954708353157172,0.0,1.0,0.0,889.9136605125967,-11.851602557247064,-1.600999999999999,0.0040000000000000036,7.4789316505922905,1.4048476998200115e-15,-0.3137767685503981,-7.289422496440305,1.1288196964866017,8.513599999999997,-1.2701836010067828,landing,,,,10.903805185111494
732.283,63.97249129,-22.60567976,144.959,3.504,-0.1623,4.6248,9.5881,0.1713,0.0337,9.5782,47.024,50.156,0.5475,84.6273,2.1114,1.0,1.0,1.0,-0.03,815.4,0.0,3.01,150.0,1,732.283,0.0021135536719771864,0.042560723171732734,-0.03,0.062403631435511975,0.0,1.0,0.0,892.7128639925673,-11.787907934263082,-1.5409999999999968,0.0040000000000000036,7.4789316505922905,1.1707064165166761e-15,-0.31249465454708436,-7.295748261764888,1.4091985822603021,9.568100000000015,-1.329537539376777,landing,,,,10.903805185111494
732.383,63.97251246,-22.60567842,145.009,3.504,-0.1476,4.6285,10.4493,0.1427,0.0488,9.1353,46.872,49.994,0.5473,84.3438,2.4862,1.0,1.0,1.0,-0.03,807.2,0.0,3.01,150.0,1,732.383,0.0019205759731737437,0.042196090834248995,-0.03,0.022340417330509732,0.0,1.0,0.0,895.0728494639989,-11.72308012049608,-1.4910000000000139,0.0040000000000000036,7.4789316505922905,9.755886804305634e-16,-0.31111582997461035,-7.3025406838898,1.6684172990770776,10.429300000000012,-1.3468523085243123,landing,,,,10.903805185111494
732.483,63.97253546,-22.6056767,145.064,3.503,-0.1351,4.6339,11.3345,0.1009,0.0596,8.4823,46.701,49.812,0.5474,84.0218,2.9225,1.0,1.0,1.0,-0.03,798.5,0.0,3.01,150.0,1,732.483,0.001756826912641396,0.041778794951843196,-0.03,-0.019341557522086328,0.0,1.0,0.0,897.6368438667869,-11.639705900236118,-1.436000000000007,0.0030000000000001137,7.4789316505922905,8.129905670254695e-16,-0.30927051592810223,-7.309125933202972,1.9720953497272262,11.31450000000001,-1.379865735022243,landing,,,,10.903805185111494
732.575,63.97255648,-22.60567489,145.114,3.503,-0.1275,4.6397,12.0828,0.0602,0.0666,7.747,46.54,49.64,0.5476,83.7157,3.3453,1.0,1.0,1.0,-0.03,790.8,0.0,3.01,150.0,1,732.575,0.0016574115317145588,0.04137696494753981,-0.03,-0.05426574155326236,0.0,1.0,0.0,899.9801158655945,-11.551845197206406,-1.3859999999999957,0.0030000000000001137,7.4789316505922905,6.774921391878913e-16,-0.30726997230442626,-7.314980117793163,2.2683359643574477,12.06280000000001,-1.413514304565507,landing,,,,10.903805185111494
732.683,63.97258121,-22.60567243,145.173,3.502,-0.1236,4.6472,12.8731,0.0044,0.0705,6.7418,46.345,49.432,0.548,83.3415,3.87,1.0,1.0,1.0,-0.03,782.1,0.0,3.01,150.0,1,732.683,0.0016064355756207904,0.040881313946833,-0.03,-0.09017409407690491,0.0,1.0,0.0,902.7369776809035,-11.432282936877687,-1.3269999999999982,0.0019999999999997797,7.4789316505922905,5.645767826565761e-16,-0.3044794567903645,-7.321529970702464,2.6386454614305137,12.853100000000012,-1.4491544182919553,landing,,,,10.903805185111494
732.783,63.97260394,-22.60566984,145.228,3.501,-0.1255,4.6543,13.5016,-0.047,0.0722,5.7255,46.162,49.236,0.5484,82.9851,4.3752,1.0,1.0,1.0,-0.03,774.4,0.0,3.01,150.0,1,732.783,0.0016312667244238743,0.040404499597553295,-0.03,-0.11761428252550932,0.0,1.0,0.0,905.2708882421504,-11.306273666573592,-1.2719999999999914,0.0009999999999998899,7.4789316505922905,4.704806522138134e-16,-0.3014785721988464,-7.3272727280200085,2.997994919673772,13.481600000000014,-1.4837767439017395,landing,,,,10.903805185111494
732.875,63.97262093,-22.6056677,145.269,3.501,-0.1303,4.6597,13.9047,-0.0854,0.0723,4.9244,46.023,49.087,0.5488,82.7119,4.7657,1.0,1.0,1.0,-0.03,768.8,0.0,3.01,150.0,1,732.875,0.0016940261089147257,0.0400356776673195,-0.03,-0.13455352437832457,0.0,1.0,0.0,907.1649146283352,-11.202088214937508,-1.2309999999999945,0.0009999999999998899,7.4789316505922905,3.9206721017817783e-16,-0.29896406847922397,-7.332307119287502,3.277626229910169,13.88470000000001,-1.4862397276577268,landing,,,,10.903805185111494
732.992,63.97265099,-22.60566343,145.343,3.5,-0.1463,4.6691,14.471,-0.1581,0.0678,3.4806,45.775,48.819,0.5496,82.2153,5.4799,1.0,1.0,1.0,-0.03,759.5,0.0,3.01,150.0,1,732.992,0.0019035317159797338,0.03935848433515318,-0.03,-0.15734141126133416,0.0,1.0,0.0,910.5159784148518,-10.994054710937686,-1.1570000000000107,0.0,7.4789316505922905,3.267226751484815e-16,-0.29387082183010227,-7.338094007676401,3.793297760106725,14.450999999999993,-1.5438232178396472,landing,,,,10.903805185111494
733.083,63.97267155,-22.60566015,145.393,3.499,-0.1625,4.6752,14.7493,-0.1995,0.0613,2.498,45.604,48.635,0.5502,81.8678,5.9831,1.0,1.0,1.0,-0.03,753.6,0.0,3.01,150.0,1,733.083,0.002116182451887827,0.03888326881358392,-0.03,-0.16806848860485812,0.0,1.0,0.0,912.8079962544326,-10.834155327217418,-1.1069999999999993,-0.0009999999999998899,7.4789316505922905,2.7226889595706793e-16,-0.289906779159023,-7.3422166394232535,4.159885278169696,14.729299999999995,-1.5743048234106523,landing,,,,10.903805185111494
733.183,63.97269388,-22.60565625,145.448,3.498,-0.1842,4.6811,14.9511,-0.2428,0.0584,1.4584,45.418,48.434,0.5505,81.4851,6.5401,1.0,1.0,1.0,-0.03,747.5,0.0,3.01,150.0,1,733.183,0.0024019602328917977,0.03835459492833934,-0.03,-0.17564062086648569,0.0,1.0,0.0,915.297338524201,-10.64394870748779,-1.0519999999999925,-0.0019999999999997797,7.4789316505922905,2.2689074663088994e-16,-0.2851487091888581,-7.346257454877396,4.568797090651827,14.931100000000015,-1.6002771121914636,landing,,,,10.903805185111494
733.275,63.97271425,-22.60565237,145.499,3.498,-0.208,4.6864,15.047,-0.2776,0.0552,0.5596,45.25,48.251,0.5512,81.1322,7.0562,1.0,1.0,1.0,-0.03,742.3,0.0,3.01,150.0,1,733.275,0.002716771312450572,0.03786460670913447,-0.03,-0.17917661145792885,0.0,1.0,0.0,917.5681860445121,-10.454645693468667,-1.0010000000000048,-0.0019999999999997797,7.4789316505922905,1.8907562219240827e-16,-0.28037510457310233,-7.349523441636497,4.950600094865109,15.026999999999987,-1.6208052798578794,landing,,,,10.903805185111494
733.392,63.97274006,-22.60564701,145.563,3.497,-0.2423,4.6925,15.0543,-0.3109,0.0475,-0.4902,45.039,48.022,0.5524,80.6831,7.7156,1.0,1.0,1.0,-0.03,736.1,0.0,3.01,150.0,1,733.392,0.0031733640738881297,0.037239863584706295,-0.03,-0.188265965851392,0.0,1.0,0.0,920.445492333029,-10.19304364633202,-0.9370000000000118,-0.0030000000000001137,7.4789316505922905,1.5756301849367357e-16,-0.2737281545845651,-7.3528864943005106,5.442495998700991,15.034300000000002,-1.637406509272402,landing,,,,10.659275566939186
733.483,63.97276207,-22.60564204,145.619,3.496,-0.2742,4.6969,14.9678,-0.3242,0.0411,-1.2998,44.862,47.829,0.5534,80.3009,8.2787,1.0,1.0,1.0,-0.03,731.3,0.0,3.01,150.0,1,733.483,0.003601503237319059,0.03670337190851378,-0.03,-0.2011607269493475,0.0,1.0,0.0,922.8991803458592,-9.950401285121313,-0.8810000000000002,-0.0040000000000000036,7.4789316505922905,1.3130251541139463e-16,-0.2675198892014125,-7.354927048518459,5.8661690664590935,14.9478,-1.6653745488892013,landing,,,,10.200744464360696
733.575,63.97278033,-22.60563764,145.665,3.495,-0.3012,4.7002,14.8353,-0.3252,0.0372,-1.9402,44.72,47.673,0.5544,79.9867,8.7424,1.0,1.0,1.0,-0.03,727.7,0.0,3.01,150.0,1,733.575,0.003966840707528119,0.03626310633283855,-0.03,-0.21011742494380126,0.0,1.0,0.0,924.9348208404402,-9.735539426449693,-0.835000000000008,-0.004999999999999893,7.4789316505922905,1.0941876284282885e-16,-0.26199359142741585,-7.356475349314326,6.217564361568691,14.815300000000008,-1.6542930681599968,landing,,,,9.798021523853635
733.683,63.97280397,-22.60563155,145.725,3.494,-0.3362,4.7039,14.5859,-0.3187,0.0296,-2.7141,44.54,47.477,0.5557,79.5867,9.331,1.0,1.0,1.0,-0.03,723.4,0.0,3.01,150.0,1,733.683,0.004444920065003077,0.03570160750804327,-0.03,-0.21970484301467624,0.0,1.0,0.0,927.5702350913729,-9.43808751694552,-0.7750000000000057,-0.005999999999999783,7.4789316505922905,9.118230236902405e-17,-0.2543037345304569,-7.357456841386083,6.667012665963938,14.5659,-1.6554179407515859,landing,,,,9.246810619131523
733.792,63.97282568,-22.6056256,145.781,3.494,-0.3673,4.7065,14.2841,-0.2981,0.0227,-3.3711,44.382,47.303,0.5569,79.2289,9.8522,1.0,1.0,1.0,-0.03,719.9,0.0,3.01,150.0,1,733.792,0.004874404625535234,0.035195400497893686,-0.03,-0.22666035141915847,0.0,1.0,0.0,929.9904968422449,-9.147419628083702,-0.7189999999999941,-0.005999999999999783,7.4789316505922905,7.598525197418671e-17,-0.24675280270086644,-7.357620803690108,7.068405569586247,14.264100000000013,-1.6367018810835494,landing,,,,8.716736313078755
733.892,63.9728491,-22.60561879,145.841,3.493,-0.3976,4.7069,13.8855,-0.2418,-0.1564,-4.0787,44.22,47.125,0.5483,78.8581,10.3781,1.0,1.0,1.0,-0.03,716.8,0.0,3.01,150.0,1,733.892,0.005297463378177103,0.03467009241784655,-0.03,-0.23243160856094675,0.0,1.0,0.0,932.6013985237192,-8.81468367352261,-0.6589999999999918,-0.007000000000000117,7.4789316505922905,6.332104331182225e-17,-0.2380699531759859,-7.356902396328739,7.477310474312503,13.865499999999997,-1.6351835282577378,landing,,,,8.121981204056183
733.975,63.97286704,-22.60561333,145.886,3.493,-0.4226,4.6882,13.5256,-0.2947,-0.1619,-4.5532,44.102,46.996,0.5267,78.5898,10.7407,1.0,1.0,1.0,-0.03,714.7,0.0,3.01,150.0,1,733.975,0.0056502129710852556,0.03428471297790345,-0.03,-0.2354846205920823,0.0,1.0,0.0,934.6013845903417,-8.547876010520719,-0.6140000000000043,-0.007000000000000117,7.4789316505922905,5.2767536093185205e-17,-0.23108185507999843,-7.355728093670537,7.762277998033198,13.505600000000015,-1.6157747299605336,landing,,,,7.655595516926709
734.075,63.97288849,-22.60560653,145.938,3.492,-0.4437,4.6814,13.0487,-0.1693,-0.0081,-5.037,43.967,46.849,0.5234,78.2834,11.14,1.0,1.0,1.0,-0.03,712.5,0.0,3.01,150.0,1,734.075,0.005950688652589076,0.033840808765897096,-0.03,-0.23800759120877218,0.0,1.0,0.0003366817023520152,936.9926769266938,-8.215553335044211,-0.5620000000000118,-0.008000000000000007,7.4789316505922905,4.3972946744321e-17,-0.22234886215802138,-7.35344388624077,8.07901167656712,13.028700000000015,-1.5916133908731827,landing,,,,7.089173282183623
734.183,63.97291164,-22.60559892,145.995,3.491,-0.4587,4.6814,12.4762,-0.1025,-0.0003,-5.5686,43.829,46.699,0.5247,77.9741,11.508,1.0,1.0,1.0,-0.03,710.4,0.0,3.01,150.0,1,734.183,0.006165900300660332,0.03338267648081547,-0.03,-0.23913599438735622,0.0,1.0,0.000893188548995949,939.5734935702762,-7.843611891191164,-0.5049999999999955,-0.008999999999999897,7.4789316505922905,3.6644122286934166e-17,-0.2125416961733336,-7.349925991437025,8.375531795917965,12.456199999999995,-1.5630828805918373,landing,,,,6.4761683483555
734.3,63.9729347,-22.60559108,146.052,3.49,-0.4662,4.6809,11.8479,-0.0291,-0.0095,-6.0634,43.698,46.558,0.5256,77.6912,11.7927,1.0,1.0,1.0,-0.03,708.7,0.0,3.01,150.0,1,734.3,0.0062740211522104294,0.03294732102381301,-0.03,-0.23852773399357796,0.0,1.0,0.0014259137353616613,942.1442812416121,-7.460398387765592,-0.4480000000000075,-0.009999999999999787,7.4789316505922905,3.0536768572445137e-17,-0.20240377181565547,-7.344942521372854,8.611007752100306,11.8279,-1.5227715386888054,landing,,,,5.869738837338744
734.383,63.97295238,-22.60558494,146.096,3.49,-0.4665,4.6799,11.3293,0.0262,-0.0164,-6.414,43.601,46.455,0.5259,77.4918,11.949,1.0,1.0,1.0,-0.03,707.5,0.0,3.01,150.0,1,734.383,0.006278353238889256,0.03262643920312311,-0.03,-0.23676795174799004,0.0,1.0,0.001821041170510851,944.115294985576,-7.16026487214932,-0.40399999999999636,-0.009999999999999787,7.4789316505922905,2.544730714370428e-17,-0.19444255955776216,-7.340760246173679,8.745796216341063,11.309300000000007,-1.4905809168801885,landing,,,,5.4139363884662615
734.483,63.9729753,-22.60557687,146.153,3.489,-0.4602,4.6778,10.6134,0.0933,-0.0229,-6.8259,43.477,46.326,0.5258,77.2526,12.0647,1.0,1.0,1.0,-0.03,706.1,0.0,3.01,150.0,1,734.483,0.006187496693926375,0.03222119243118246,-0.03,-0.2326587900657613,0.0,1.0,0.0023231234391529187,946.6704798464847,-6.76577736334052,-0.3470000000000084,-0.01100000000000012,7.4789316505922905,2.120608928642023e-17,-0.18395279541733178,-7.334686324894839,8.856301569602095,10.593400000000003,-1.4678008335275488,landing,,,,4.842024570113594
734.575,63.9729964,-22.60556937,146.205,3.489,-0.4485,4.6753,9.9156,0.1453,-0.0263,-7.146,43.36,46.206,0.525,77.0451,12.0815,1.0,1.0,1.0,-0.03,704.9,0.0,3.01,150.0,1,734.575,0.006019408758432265,0.031840894204491516,-0.03,-0.2269202686379297,0.0,1.0,0.0027974746342365187,949.0227672949192,-6.399145458628493,-0.2949999999999875,-0.01100000000000012,7.4789316505922905,1.7671741072016857e-17,-0.17417903249266414,-7.328217757821146,8.89201943926048,9.895600000000002,-1.4499770423371712,landing,,,,4.339539362399975
734.675,63.9730157,-22.60556252,146.253,3.488,-0.4335,4.6728,9.2503,0.1844,-0.0284,-7.3795,43.25,46.095,0.5238,76.8648,12.0216,1.0,1.0,1.0,-0.03,703.9,0.0,3.01,150.0,1,734.675,0.0058051116839465955,0.031486298772472415,-0.03,-0.21986357034916404,0.0,1.0,0.0032425967483256657,951.1743854976721,-6.064289434344554,-0.2470000000000141,-0.01200000000000001,7.4789316505922905,1.472645089334738e-17,-0.165233495684094,-7.320313714863492,8.869008687673897,9.2303,-1.4181609475793369,landing,,,,3.906093391443491
734.775,63.97303669,-22.6055551,146.306,3.488,-0.4134,4.67,8.5032,0.2172,-0.0301,-7.5639,43.125,45.972,0.5219,76.6769,11.8759,1.0,1.0,1.0,-0.03,702.8,0.0,3.01,150.0,1,734.775,0.0055199987309890175,0.0310902426764684,-0.03,-0.21015270904289962,0.0,1.0,0.003743059358960965,953.5144091372729,-5.7015727474839,-0.1939999999999884,-0.01200000000000001,7.4789316505922905,1.2272042411122816e-17,-0.15552368182161452,-7.311465037329439,8.784151291479134,8.48320000000001,-1.4028735887084622,landing,,,,3.464835704624903
734.892,63.97306112,-22.6055466,146.366,3.488,-0.3867,4.6664,7.6134,0.2433,-0.031,-7.68,42.974,45.824,0.5191,76.4664,11.6078,1.0,1.0,1.0,-0.03,701.5,0.0,3.01,150.0,1,734.892,0.005144725562363617,0.03060939333575094,-0.03,-0.19604110870894886,0.0,1.0,0.004355445432909333,956.2379312269369,-5.286076693659662,-0.13399999999998613,-0.01200000000000001,7.4789316505922905,1.0226702009269013e-17,-0.1443773096071829,-7.299842468907888,8.611748699825853,7.593400000000003,-1.3926667434256463,landing,,,,2.996292695489288
734.992,63.97308201,-22.6055395,146.418,3.487,-0.3617,4.6633,6.8434,0.2508,-0.0309,-7.7005,42.839,45.694,0.5161,76.2908,11.2997,1.0,1.0,1.0,-0.03,700.5,0.0,3.01,150.0,1,734.992,0.004796726085698366,0.030183218696261588,-0.03,-0.18153874652637636,0.0,1.0,0.00490268316758713,958.5668017199002,-4.939034108529864,-0.08199999999999363,-0.0129999999999999,7.4789316505922905,8.522251674390844e-18,-0.13504858349356316,-7.28901451902756,8.405028360545572,6.823399999999992,-1.3887879485688792,landing,,,,2.635515399647055
735.092,63.97310285,-22.6055326,146.469,3.487,-0.3362,4.6603,6.0757,0.2527,-0.0296,-7.6265,42.698,45.561,0.5127,76.1173,10.9276,1.0,1.0,1.0,-0.03,699.5,0.0,3.01,150.0,1,735.092,0.004444920065003077,0.02974359002723212,-0.03,-0.1649643123079444,0.0,1.0,0.005471718233914957,960.8900949550674,-4.60178832356483,-0.03100000000000591,-0.0129999999999999,7.4789316505922905,7.101876395325704e-18,-0.12596692782645824,-7.277314496746778,8.14971160763642,6.055700000000002,-1.3907163168807686,landing,,,,2.3116116208999813
735.183,63.97312365,-22.60552596,146.52,3.486,-0.3108,4.6574,5.3196,0.2493,-0.0279,-7.4623,42.553,45.424,0.5089,75.9443,10.4988,1.0,1.0,1.0,-0.03,698.6,0.0,3.01,150.0,1,735.183,0.0040974464253943355,0.02928698349519851,-0.03,-0.14654345950247394,0.0,1.0,0.006067706124629979,963.2089246745857,-4.277279351493203,0.020000000000010232,-0.01399999999999979,7.4789316505922905,5.918230329438086e-18,-0.11721386973801089,-7.265906438252805,7.85087694843142,5.299599999999998,-1.4091427056558337,landing,,,,2.0245985495168313
735.275,63.97314267,-22.60552012,146.567,3.486,-0.2883,4.655,4.6454,0.2406,-0.0284,-7.2087,42.416,45.295,0.5046,75.7847,10.0639,1.0,1.0,1.0,-0.03,697.8,0.0,3.01,150.0,1,735.275,0.0037919331443290183,0.028853625576263225,-0.03,-0.12842703958161417,0.0,1.0,0.006638152854786417,965.3293121180719,-3.991896097455057,0.06700000000000728,-0.01399999999999979,7.4789316505922905,4.931858607865072e-18,-0.10950434718274835,-7.253698725116311,7.544388342327466,4.625400000000013,-1.4164143173946546,landing,,,,1.7918509008117383
735.392,63.97316509,-22.60551354,146.621,3.485,-0.2617,4.6514,3.8833,0.2435,-0.031,-6.8187,42.25,45.141,0.4984,75.5937,9.5052,1.0,1.0,1.0,-0.03,697.0,0.0,3.01,150.0,1,735.392,0.0034333066640570564,0.028332045167688474,-0.03,-0.1061584809886108,0.0,1.0,0.007331094690604001,967.82873312781,-3.6703897875975597,0.12100000000000932,-0.015000000000000124,7.4789316505922905,4.109882173220893e-18,-0.10080554283724298,-7.237203548600304,7.146795062060619,3.8633000000000095,-1.4166315084317294,landing,,,,1.55114352824085
735.492,63.97318574,-22.60550782,146.671,3.485,-0.2382,4.6489,3.2189,0.2225,-0.0206,-6.4151,42.094,44.995,0.4939,75.4142,8.9519,1.0,1.0,1.0,-0.03,696.3,0.0,3.01,150.0,1,735.492,0.003118591025630224,0.027833406864198634,-0.03,-0.0852474640305203,0.0,1.0,0.008000230709755751,970.1308256020794,-3.3909492086756936,0.17099999999999227,-0.015000000000000124,7.4789316505922905,3.4249018110174108e-18,-0.09323373516116407,-7.222402910287766,6.749510652342224,3.198900000000009,-1.4296650076653363,landing,,,,1.3598623348223313
735.592,63.97320634,-22.60550245,146.72,3.484,-0.2163,4.647,2.5985,0.2077,-0.0166,-5.9364,41.935,44.848,0.4892,75.231,8.3726,1.0,1.0,1.0,-0.03,695.6,0.0,3.01,150.0,1,735.592,0.002826929713764803,0.02732738459382031,-0.03,-0.06460028420158714,0.0,1.0,0.008686133073245894,972.4273382540389,-3.128654489095656,0.21999999999999886,-0.016000000000000014,7.4789316505922905,2.8540848425145087e-18,-0.08611688944980055,-7.206939922865116,6.330422961852605,2.578499999999991,-1.4442409160593628,landing,,,,1.1948888920561487
735.692,63.97322689,-22.60549745,146.768,3.484,-0.196,4.6455,2.0291,0.1927,-0.0132,-5.3913,41.775,44.7,0.4844,75.0442,7.7746,1.0,1.0,1.0,-0.03,694.9,0.0,3.01,150.0,1,735.692,0.00255785217755361,0.026814018633220943,-0.03,-0.04484070104341331,0.0,1.0,0.009389248709410991,974.7182707416476,-2.884485503507185,0.2680000000000007,-0.016000000000000014,7.4789316505922905,2.378404035428757e-18,-0.07948357217502111,-7.190865147006398,5.894757860209069,2.0090999999999894,-1.4584008327812092,landing,,,,1.053437709876377
735.792,63.97324738,-22.60549282,146.817,3.483,-0.1771,4.6443,1.5161,0.1769,-0.0104,-4.805,41.614,44.552,0.4794,74.8536,7.1644,1.0,1.0,1.0,-0.03,694.3,0.0,3.01,150.0,1,735.792,0.002308332321182216,0.026296867031705057,-0.03,-0.026528192898159775,0.0,1.0,0.01010515567683612,977.0025082966362,-2.6584418624346093,0.3170000000000073,-0.016999999999999904,7.4789316505922905,1.9820033628572975e-18,-0.07333538736972417,-7.174229135253345,5.4472487801424165,1.4961000000000126,-1.4721825752556128,landing,,,,0.9323881619982757
735.892,63.97326782,-22.60548857,146.864,3.482,-0.16,4.6434,1.0637,0.1593,-0.0077,-4.1817,41.454,44.405,0.4745,74.6597,6.5497,1.0,1.0,1.0,-0.03,693.7,0.0,3.01,150.0,1,735.892,0.0020833291035813883,0.02577959649110126,-0.03,-0.010106135901916335,0.0,1.0,0.010829089469724829,979.2811655162533,-2.4510138926784677,0.3640000000000043,-0.017999999999999794,7.4789316505922905,1.6516694690477479e-18,-0.06768757477553417,-7.157083795613383,4.993573366348272,1.0437000000000012,-1.48380234114143,landing,,,,0.8292391448168033
735.992,63.97328821,-22.60548469,146.911,3.482,-0.1446,4.6427,0.6748,0.1398,-0.0051,-3.5333,41.296,44.258,0.4696,74.463,5.9378,1.0,1.0,1.0,-0.03,693.1,0.0,3.01,150.0,1,735.992,0.0018812482107251616,0.025258864988465385,-0.03,0.0040794075316537,0.0,1.0,0.011566047227711984,981.55424257152,-2.261711656913893,0.41100000000000136,-0.017999999999999794,7.4789316505922905,1.3763912242064566e-18,-0.06252828596687282,-7.139479678224709,4.539210827002222,0.6547999999999945,-1.4925475828559773,landing,,,,0.7413519441359782
736.092,63.97330855,-22.6054812,146.958,3.481,-0.1314,4.6423,0.3515,0.1181,-0.0025,-2.872,41.139,44.114,0.4648,74.264,5.3359,1.0,1.0,1.0,-0.03,692.6,0.0,3.01,150.0,1,736.092,0.0017084142465148,0.02474554585160646,-0.03,0.015811075951547515,0.0,1.0,0.012300791161641234,983.8217391196032,-2.091515029442224,0.4579999999999984,-0.019000000000000128,7.4789316505922905,1.1469926868387138e-18,-0.05788629195228777,-7.121470041825852,4.089663823341596,0.33150000000000546,-1.4995887116872164,landing,,,,0.6671357926626698
736.192,63.97332883,-22.60547807,147.004,3.481,-0.1204,4.6422,0.0945,0.0936,-0.0004,-2.2094,40.986,43.972,0.4602,74.0636,4.7514,1.0,1.0,1.0,-0.03,692.1,0.0,3.01,150.0,1,736.192,0.0015646285636983226,0.024236381672903623,-0.03,0.024934133481079312,0.0,1.0,0.013037953365008181,986.0825409068783,-1.9389538095099792,0.5039999999999907,-0.019000000000000128,7.4789316505922905,9.558272390322615e-19,-0.05372256852456647,-7.103104065205551,3.6506643428385246,0.07450000000000045,-1.5023533742610795,landing,,,,0.604241067874149
736.292,63.97334905,-22.6054753,147.05,3.48,-0.1121,4.6422,359.9035,0.0656,0.0017,-1.5571,40.836,43.833,0.4556,73.8626,4.1917,1.0,1.0,1.0,-0.03,691.6,0.0,3.01,150.0,1,736.292,0.0014562698203600122,0.023735252914787036,-0.03,0.03140729874868842,0.0,1.0,0.013771866103996389,988.3366479333454,-1.8040279969430975,0.5500000000000114,-0.020000000000000018,7.4789316505922905,7.965226991935512e-19,-0.05003872676817376,-7.084430924331679,3.2280496540996637,-0.11649999999997362,-1.5021394311464036,landing,,,,0.5513155265618721
736.392,63.97336922,-22.60547286,147.095,3.48,-0.1068,4.6425,359.7768,0.0353,0.0035,-0.9259,40.69,43.697,0.4513,73.6616,3.6636,1.0,1.0,1.0,-0.03,691.1,0.0,3.01,150.0,1,736.392,0.0013871331625690542,0.023242470134660048,-0.03,0.03524779382511445,0.0,1.0,0.014501915159595313,990.5851754787512,-1.685268169242092,0.5949999999999989,-0.020000000000000018,7.4789316505922905,6.63768915994626e-19,-0.046795598649224585,-7.065495714448825,2.827290796100243,-0.24320000000000164,-1.4983085737694284,landing,,,,0.5067091708094296
736.492,63.97338933,-22.60547073,147.14,3.479,-0.1048,4.6363,359.7135,0.0072,-0.154,-0.2889,40.549,43.565,0.4434,73.4615,3.1745,1.0,1.0,1.0,-0.03,690.6,0.0,3.01,150.0,1,736.492,0.0013610547342949864,0.022761975652229677,-0.03,0.03645484391492937,0.0,1.0,0.01522198419864157,992.827009118451,-1.5816940626302274,0.6399999999999864,-0.020999999999999908,7.4789316505922905,5.53140763328855e-19,-0.04396738016751061,-7.0463408000840975,2.4543894795248775,-0.3064999999999145,-1.4902805216086863,landing,,,,0.4692412057372479
736.592,63.97340939,-22.6054689,147.183,3.474,-0.1069,4.6298,359.7085,-0.0305,-0.0035,0.2358,40.413,43.438,0.4214,73.2644,2.7352,1.0,1.0,1.0,-0.03,690.2,0.0,3.01,150.0,1,736.592,0.0013884372379225352,0.022297753671419812,-0.03,0.03523393819516929,0.0,1.0,0.015925613271399852,995.0632637901506,-1.4928161289096324,0.6829999999999927,-0.0259999999999998,7.4789316505922905,4.609506361073792e-19,-0.04154185375571902,-7.027007182792718,2.1180461500608203,-0.31150000000002365,-1.4784368378260528,landing,,,,0.43811273456472577
736.692,63.9734294,-22.60546732,147.225,3.478,-0.1114,4.6297,359.7558,-0.0632,0.0012,0.7423,40.282,43.314,0.418,73.0683,2.3382,1.0,1.0,1.0,-0.03,689.7,0.0,3.01,150.0,1,736.692,0.0014471361161466079,0.021842789604598706,-0.03,0.031799833007523204,0.0,1.0,0.016623013283454002,997.2939403497443,-1.4161846814562398,0.7249999999999943,-0.021999999999999797,7.4789316505922905,3.8412553008948267e-19,-0.03945210938335412,-7.0075290364550735,1.8128507860077434,-0.2641999999999598,-1.4631243980236575,landing,,,,0.4119998261530995
736.792,63.97344935,-22.60546597,147.266,3.477,-0.1194,4.63,359.8511,-0.0981,-0.0002,1.1912,40.155,43.193,0.4143,72.8743,1.9938,1.0,1.0,1.0,-0.03,689.3,0.0,3.01,150.0,1,736.792,0.0015515673833789712,0.02139731727043301,-0.03,0.026314018392463723,0.0,1.0,0.0173135697354459,999.5179243717947,-1.350819457015221,0.7659999999999911,-0.02300000000000013,7.4789316505922905,3.201046084079022e-19,-0.037671899665779704,-6.98793779630013,1.5471894555752783,-0.16890000000000782,-1.4455676345669308,landing,,,,0.39024649309737924
736.892,63.97346924,-22.60546482,147.308,3.477,-0.1312,4.629,359.9886,-0.1326,-0.0039,1.5755,40.032,43.075,0.4097,72.6826,1.7042,1.0,1.0,1.0,-0.03,688.9,0.0,3.01,150.0,1,736.892,0.00170579805887916,0.020961554691961898,-0.03,0.019004519280992338,0.0,1.0,0.017996668813826056,1001.7352163685713,-1.2952506434376323,0.8079999999999927,-0.02300000000000013,7.4789316505922905,2.667538403399185e-19,-0.03616121370832121,-6.968260791683291,1.3231767653324198,-0.03139999999996235,-1.4259705768790067,landing,,,,0.3721265054046512
736.992,63.97348909,-22.60546383,147.348,3.476,-0.1455,4.6295,0.1612,-0.1551,0.0095,1.8878,39.913,42.96,0.4074,72.493,1.4695,1.0,1.0,1.0,-0.03,688.5,0.0,3.01,150.0,1,736.992,0.0018930446385432842,0.020535704295872453,-0.03,0.01016133445607803,0.0,1.0,0.01867169821529746,1003.9480465599029,-1.2475192698528832,0.8480000000000132,-0.02400000000000002,7.4789316505922905,2.2229486694993207e-19,-0.034866228673341104,-6.948519878578366,1.1412792749903815,0.14119999999999777,-1.4045187062537408,landing,,,,0.35683275625763855
737.092,63.97350888,-22.60546297,147.389,3.476,-0.1622,4.6306,0.3618,-0.1766,0.013,2.1276,39.797,42.846,0.4055,72.3052,1.2893,1.0,1.0,1.0,-0.03,688.2,0.0,3.01,150.0,1,737.092,0.002112239315566533,0.0201125205726925,-0.03,9.333847171533183e-05,0.0,1.0,0.0193500278035334,1006.1541859231031,-1.2061547462056046,0.88900000000001,-0.02400000000000002,7.4789316505922905,1.8524572245827671e-19,-0.03374647052572871,-6.928732792702339,1.0015533695443253,0.3418000000000063,-1.3822897329579218,landing,,,,0.34378026925676153
737.192,63.97352863,-22.6054622,147.43,3.475,-0.1809,4.632,0.5829,-0.1923,0.015,2.2924,39.684,42.735,0.4039,72.1189,1.1613,1.0,1.0,1.0,-0.03,687.8,0.0,3.01,150.0,1,737.192,0.002358427439352384,0.01969957831280386,-0.03,-0.0108677758299498,0.0,1.0,0.02001938560687594,1008.3558646780012,-1.1691981016252062,0.9300000000000068,-0.02499999999999991,7.4789316505922905,1.5437143538189725e-19,-0.03274768479348499,-6.908911785206009,0.9025298601953864,0.5629000000000133,-1.359354302688996,landing,,,,0.3322682385179263
737.292,63.97354832,-22.6054615,147.47,3.475,-0.2009,4.6336,0.8171,-0.2043,0.0164,2.3819,39.573,42.624,0.4025,71.9337,1.0823,1.0,1.0,1.0,-0.03,687.4,0.0,3.01,150.0,1,737.292,0.0026226959503142244,0.019285849700047403,-0.03,-0.022371134668838333,0.0,1.0,0.020697609070471745,1010.5508536316823,-1.1356686832074032,0.9699999999999989,-0.02499999999999991,7.4789316505922905,1.286428628182477e-19,-0.03184273799488463,-6.889066353054806,0.8419957477074149,0.7971000000000004,-1.3366857297172436,landing,,,,0.32194091979939543
737.392,63.97356796,-22.60546083,147.51,3.474,-0.2216,4.6353,1.0569,-0.2058,0.0176,2.3995,39.464,42.515,0.4015,71.7493,1.0472,1.0,1.0,1.0,-0.03,687.1,0.0,3.01,150.0,1,737.392,0.0028973783765568473,0.01887890551909463,-0.03,-0.03407151726709423,0.0,1.0,0.021372341911662984,1012.7402682349139,-1.1036071309537787,1.009999999999991,-0.0259999999999998,7.4789316505922905,1.0720238568187309e-19,-0.03097696177475559,-6.869200494722095,0.8161876757789912,1.0369000000000028,-1.3142597542883825,landing,,,,0.31214992941016817
737.483,63.97358592,-22.60546023,147.547,3.474,-0.2406,4.637,1.2755,-0.2036,0.0183,2.351,39.366,42.415,0.4007,71.5805,1.0493,1.0,1.0,1.0,-0.03,686.7,0.0,3.01,150.0,1,737.483,0.003150646576689786,0.01850506027514695,-0.03,-0.04467283066057126,0.0,1.0,0.021999058521137038,1014.7424007205863,-1.0749097664237708,1.046999999999997,-0.0259999999999998,7.4789316505922905,8.933532140156091e-20,-0.030201082634837926,-6.851112218407896,0.8198398395120421,1.255500000000012,-1.2926836927098309,landing,,,,0.30344789776847136
737.575,63.97360547,-22.60545956,147.587,3.474,-0.2608,4.6389,1.5056,-0.1995,0.0186,2.2269,39.259,42.306,0.4,71.3964,1.0831,1.0,1.0,1.0,-0.03,686.4,0.0,3.01,150.0,1,737.575,0.0034212184154550074,0.018097112906693108,-0.03,-0.05578165790446965,0.0,1.0,0.02269066378329554,1016.9217824181021,-1.0428447121992992,1.086999999999989,-0.0259999999999998,7.4789316505922905,7.444610116796743e-20,-0.029331517543685685,-6.832800640552112,0.8491236382730563,1.4856000000000051,-1.2808982186689026,landing,,,,0.2937742575488045
737.675,63.97362334,-22.60545892,147.624,3.473,-0.2784,4.6366,1.7031,-0.1364,-0.06,2.0603,39.162,42.207,0.3946,71.2276,1.1386,1.0,1.0,1.0,-0.03,686.0,0.0,3.01,150.0,1,737.675,0.0036581474301380923,0.017726261243017988,-0.03,-0.06528361661712279,0.0,1.0,0.023326573113693405,1018.9138826813487,-1.0121840963986928,1.1239999999999952,-0.027000000000000135,7.4789316505922905,6.203841763997285e-20,-0.02849701127550651,-6.812874339544507,0.8958166032296901,1.683099999999996,-1.2526347442445382,landing,,,,0.28456723302548426
737.775,63.97364279,-22.60545818,147.663,3.473,-0.2943,4.6341,1.8995,-0.1782,0.0066,1.838,39.058,42.099,0.3885,71.0438,1.2198,1.0,1.0,1.0,-0.03,685.7,0.0,3.01,150.0,1,737.775,0.003873202300500922,0.01732142970341219,-0.03,-0.07471801557025048,0.0,1.0,0.02402880699714688,1021.08211790123,-0.9766855898014666,1.163000000000011,-0.027000000000000135,7.4789316505922905,5.1698681366644045e-20,-0.027526915078130564,-6.792917449920501,0.9636541022285314,1.8795000000000073,-1.233304312949558,landing,,,,0.2739558044075494
737.875,63.97366218,-22.60545739,147.701,3.472,-0.3114,4.6354,2.0718,-0.1619,0.0168,1.5777,38.953,41.99,0.3882,70.8594,1.3176,1.0,1.0,1.0,-0.03,685.3,0.0,3.01,150.0,1,737.875,0.004105622116425123,0.01691266868761429,-0.03,-0.08300755653170933,0.0,1.0,0.02474665508966839,1023.243665372139,-0.9387350621646544,1.2009999999999934,-0.028000000000000025,7.4789316505922905,4.308223447220337e-20,-0.026485478535670078,-6.772922939607661,1.0452675598564838,2.0518000000000143,-1.2166402844995736,landing,,,,0.2626700491264842
737.975,63.97368153,-22.60545653,147.74,3.472,-0.3266,4.6371,2.2166,-0.142,0.0166,1.2874,38.849,41.882,0.388,70.6746,1.4255,1.0,1.0,1.0,-0.03,684.9,0.0,3.01,150.0,1,737.975,0.004313256651858222,0.016507583041320023,-0.03,-0.090034856150075,0.0,1.0,0.025467052976221427,1025.400754971072,-0.8973534169190047,1.240000000000009,-0.028000000000000025,7.4789316505922905,3.590186206016947e-20,-0.025344858179152566,-6.75288101562688,1.1354937780697867,2.1965999999999894,-1.2005820768177784,landing,,,,0.2504307964469277
738.075,63.97370083,-22.6054556,147.779,3.471,-0.3398,4.6388,2.3313,-0.1205,0.015,0.9764,38.745,41.774,0.3878,70.4895,1.5376,1.0,1.0,1.0,-0.03,684.5,0.0,3.01,150.0,1,738.075,0.00449440174776522,0.016102529444256802,-0.03,-0.09571017513235025,0.0,1.0,0.026196652735770487,1027.552271929759,-0.8525402649369677,1.2789999999999964,-0.028999999999999915,7.4789316505922905,2.991821838347456e-20,-0.02410472053502908,-6.732781884294955,1.2296048602022438,2.3112999999999886,-1.1859837061979581,landing,,,,0.23726160816506336
738.192,63.97372328,-22.60545444,147.824,3.471,-0.3524,4.6404,2.425,-0.0947,0.0128,0.6001,38.623,41.647,0.3875,70.2732,1.6668,1.0,1.0,1.0,-0.03,684.1,0.0,3.01,150.0,1,738.192,0.004668062611635493,0.01562640433390347,-0.03,-0.10055747579126906,0.0,1.0,0.027066529601458944,1030.0549445488832,-0.7965811306084861,1.3240000000000123,-0.028999999999999915,7.4789316505922905,2.4931848652895464e-20,-0.022550382157883728,-6.709162429658685,1.3387356530175794,2.405000000000001,-1.172961100428633,landing,,,,0.2209485700711653
738.283,63.97374087,-22.60545346,147.86,3.471,-0.3603,4.6415,2.468,-0.0715,0.011,0.3088,38.528,41.548,0.3873,70.1034,1.7629,1.0,1.0,1.0,-0.03,683.7,0.0,3.01,150.0,1,738.283,0.004777330549799841,0.015255502089493861,-0.03,-0.10304184196310051,0.0,1.0,0.027753670693199173,1032.0158371398227,-0.7492517515920027,1.3600000000000136,-0.028999999999999915,7.4789316505922905,2.0776540544079552e-20,-0.02123110654508419,-6.690743334317655,1.4205213766962572,2.4480000000000075,-1.1612333680220244,landing,,,,0.20726137402559175
738.383,63.97376001,-22.60545233,147.899,3.47,-0.3664,4.6413,2.4841,-0.0496,-0.0325,-0.0134,38.423,41.44,0.3856,69.918,1.8571,1.0,1.0,1.0,-0.03,683.3,0.0,3.01,150.0,1,738.383,0.0048619101167778345,0.014851243363039529,-0.03,-0.10443014843478071,0.0,1.0,0.028512432785862907,1034.1495212408577,-0.6946336279470733,1.399000000000001,-0.029999999999999805,7.4789316505922905,1.731378378673296e-20,-0.019704217732320197,-6.670411278309824,1.5014820261375519,2.464100000000002,-1.1511212436563611,landing,,,,0.19159075946043203
738.475,63.97377752,-22.60545125,147.934,3.47,-0.3709,4.6392,2.471,-0.0285,-0.0035,-0.2959,38.327,41.341,0.3813,69.7487,1.9302,1.0,1.0,1.0,-0.03,683.0,0.0,3.01,150.0,1,738.475,0.00492442303320384,0.014481100277205367,-0.03,-0.10450717967751255,0.0,1.0,0.029216452074985244,1036.1014974029713,-0.6424017631861743,1.4339999999999975,-0.029999999999999805,7.4789316505922905,1.44281531556108e-20,-0.018240217975049572,-6.651633450443382,1.5651778591349625,2.4509999999999934,-1.14133551794849,landing,,,,0.1767259597826083
738.592,63.97379973,-22.60544982,147.978,3.469,-0.3729,4.6395,2.4179,-0.0041,0.0046,-0.6335,38.204,41.214,0.3807,69.5333,2.0033,1.0,1.0,1.0,-0.03,682.5,0.0,3.01,150.0,1,738.592,0.004952239106451095,0.014007017954600881,-0.03,-0.10304003910844772,0.0,1.0,0.03013162563267391,1038.5774202225566,-0.5732049830768691,1.4780000000000086,-0.03100000000000014,7.4789316505922905,1.2023460963008999e-20,-0.016295453752571225,-6.627598648075711,1.6302725006205208,2.397899999999993,-1.1331488391606612,landing,,,,0.157202587597439
738.683,63.97381714,-22.60544867,148.013,3.469,-0.3703,4.639,2.3495,0.0613,-0.0229,-0.8758,38.107,41.115,0.3826,69.3643,2.043,1.0,1.0,1.0,-0.03,682.1,0.0,3.01,150.0,1,738.683,0.0049160821309303104,0.013638155767575183,-0.03,-0.1007252525094634,0.0,1.0,0.030854528828869077,1040.5182499078276,-0.517539665943492,1.5130000000000052,-0.03100000000000014,7.4789316505922905,1.0019550802507499e-20,-0.014727145123008694,-6.6088351023827405,1.667055834760788,2.329499999999996,-1.1270384052309634,landing,,,,0.14162691607153022
738.783,63.97383608,-22.60544739,148.051,3.469,-0.3631,4.6361,2.251,0.0949,-0.0372,-1.109,38.001,41.006,0.3828,69.1801,2.0662,1.0,1.0,1.0,-0.03,681.7,0.0,3.01,150.0,1,738.783,0.004816131225625242,0.013232864650037007,-0.03,-0.0971481074916336,0.0,1.0,0.03166020346068127,1042.6296412261984,-0.4555647004027986,1.5509999999999877,-0.03100000000000014,7.4789316505922905,8.349625668756248e-21,-0.012977189441030173,-6.588103370985563,1.6907427912218225,2.2309999999999945,-1.120944004755401,landing,,,,0.12440603092459668
738.892,63.97385654,-22.605446,148.093,3.469,-0.3515,4.6315,2.1197,0.1173,-0.0462,-1.3229,37.884,40.888,0.3817,68.9809,2.0667,1.0,1.0,1.0,-0.03,681.2,0.0,3.01,150.0,1,738.892,0.004655633411037141,0.012795233087486951,-0.03,-0.09215703015371768,0.0,1.0,0.032544067962348766,1044.9104790689419,-0.38825957232565067,1.5929999999999893,-0.03100000000000014,7.4789316505922905,6.958021390630208e-21,-0.01107249544688055,-6.565373497408018,1.6960949798474587,2.099700000000013,-1.11662132208786,landing,,,,0.10583038295978753
738.992,63.97387381,-22.60544483,148.127,3.469,-0.3438,4.6261,1.9918,0.0347,-0.0382,-1.476,37.786,40.789,0.3715,68.8135,2.0458,1.0,1.0,1.0,-0.03,680.8,0.0,3.01,150.0,1,738.992,0.00454945156492198,0.012429086102638015,-0.03,-0.0871492895880921,0.0,1.0,0.03329509155218219,1046.8357023531496,-0.3316089327612613,1.6270000000000095,-0.03100000000000014,7.4789316505922905,5.798351158858506e-21,-0.009465987485660651,-6.54443551783191,1.6828808342937691,1.9718000000000018,-1.1042012018981346,landing,,,,0.09028058672163297
739.092,63.97389417,-22.60544348,148.167,3.468,-0.3403,4.626,1.8244,0.0338,0.0194,-1.6149,37.668,40.671,0.3687,68.6157,1.9969,1.0,1.0,1.0,-0.03,680.3,0.0,3.01,150.0,1,739.092,0.004501278919901264,0.011994028242641813,-0.03,-0.08043528187767313,0.0,1.0,0.034201695844865265,1049.1053918378266,-0.2662596625370699,1.6670000000000016,-0.03200000000000003,7.4789316505922905,4.8319592990487546e-21,-0.007609155496830807,-6.5233816483221485,1.646989580620641,1.804399999999987,-1.1110920017255546,landing,,,,0.07242070680023005
739.192,63.9739129,-22.60544226,148.204,3.468,-0.3362,4.6274,1.6586,0.0459,-0.0362,-1.6966,37.559,40.562,0.3649,68.4331,1.9313,1.0,1.0,1.0,-0.03,679.8,0.0,3.01,150.0,1,739.192,0.004444920065003077,0.011593606090753855,-0.03,-0.07366147122623534,0.0,1.0,0.0350503558512984,1051.1933720154186,-0.20721614909961578,1.7040000000000077,-0.03200000000000003,7.4789316505922905,4.026632749207295e-21,-0.0059279865475306654,-6.50222984148249,1.5965565388524965,1.6385999999999967,-1.1091745470232104,landing,,,,0.05633580890167167
739.292,63.97393159,-22.60544109,148.24,3.467,-0.3313,4.6213,1.4867,0.0589,-0.0287,-1.7378,37.449,40.452,0.3556,68.251,1.8468,1.0,1.0,1.0,-0.03,679.4,0.0,3.01,150.0,1,739.292,0.004377664998293895,0.011191067835917695,-0.03,-0.06652904763820344,0.0,1.0,0.03591785835753214,1053.2768922679982,-0.15062076560335094,1.740000000000009,-0.03299999999999992,7.4789316505922905,3.3555272910060793e-21,-0.004313407550723253,-6.480987082765949,1.5299850813774185,1.466700000000003,-1.1083404972938045,landing,,,,0.04094732597073403
739.392,63.97395023,-22.60543998,148.276,3.467,-0.3249,4.6205,1.3123,0.0652,0.0027,-1.7411,37.339,40.343,0.3543,68.0686,1.7456,1.0,1.0,1.0,-0.03,678.9,0.0,3.01,150.0,1,739.392,0.004289984250082313,0.010793871963314355,-0.03,-0.059196809062450506,0.0,1.0,0.03678857774264932,1055.354837657859,-0.09696306024614709,1.7760000000000105,-0.03299999999999992,7.4789316505922905,2.796272742505066e-21,-0.0027796700590453803,-6.459661759495962,1.4490120885013198,1.2923000000000116,-1.1075822702670717,landing,,,,0.02636861041047922
739.492,63.97396881,-22.60543893,148.311,3.466,-0.3181,4.6208,1.1394,0.0664,0.0027,-1.7043,37.228,40.233,0.3529,67.8857,1.6307,1.0,1.0,1.0,-0.03,678.4,0.0,3.01,150.0,1,739.492,0.004197021716075111,0.010394873892874718,-0.03,-0.0518529700022905,0.0,1.0,0.03767864326888004,1057.426093417523,-0.046242643726670196,1.811000000000007,-0.03399999999999981,7.4789316505922905,2.3302272854208883e-21,-0.0013270274192487576,-6.438262256372919,1.3560521448337397,1.119400000000013,-1.1078020638792452,landing,,,,0.012583550721465997
739.592,63.97398735,-22.60543796,148.346,3.466,-0.3113,4.621,0.9719,0.0646,0.0002,-1.6314,37.116,40.123,0.3514,67.7025,1.5048,1.0,1.0,1.0,-0.03,677.9,0.0,3.01,150.0,1,739.592,0.00410425939529141,0.0099978721748267,-0.03,-0.04467284829137774,0.0,1.0,0.038580276032279925,1059.4928887391131,0.0005598308770114468,1.8460000000000036,-0.03399999999999981,7.4789316505922905,1.9418560711840735e-21,1.6082141955154404e-05,-6.416799773970809,1.2532837809678767,0.9518999999999949,-1.1089109671629287,landing,,,,-0.00015248137680856644
739.692,63.97400584,-22.60543707,148.381,3.466,-0.3049,4.621,0.8132,0.0597,-0.0018,-1.5258,37.004,40.012,0.3498,67.5187,1.3709,1.0,1.0,1.0,-0.03,677.5,0.0,3.01,150.0,1,739.692,0.004017132862876527,0.009599436113970156,-0.03,-0.03782331556793961,0.0,1.0,0.039501995844797855,1061.554108855151,0.043444752866231784,1.8810000000000002,-0.03399999999999981,7.4789316505922905,1.6182133926533946e-21,0.0012493192371709485,-6.395285509467184,1.1431739517802555,0.793200000000013,-1.1099190610571865,landing,,,,-0.011846525818675957
739.783,63.97402274,-22.60543633,148.413,3.465,-0.2995,4.6208,0.6781,0.0528,-0.0031,-1.4042,36.9,39.911,0.3483,67.3499,1.2439,1.0,1.0,1.0,-0.03,677.1,0.0,3.01,150.0,1,739.783,0.003943752391419475,0.00923892343179819,-0.03,-0.03196269436969379,0.0,1.0,0.04035120025973349,1063.4380783927672,0.07904248690960719,1.913000000000011,-0.03500000000000014,7.4789316505922905,1.3485111605444954e-21,0.0022751369101351917,-6.375679439296309,1.0380879568471642,0.6580999999999904,-1.1129134321298997,landing,,,,-0.021578863654426073
739.883,63.97404113,-22.6054356,148.448,3.465,-0.2946,4.6204,0.545,0.0448,-0.0042,-1.2388,36.788,39.8,0.3466,67.165,1.1044,1.0,1.0,1.0,-0.03,676.6,0.0,3.01,150.0,1,739.883,0.0038772695289410186,0.008845090579501308,-0.03,-0.026175370446094637,0.0,1.0,0.04129621154099994,1065.4881480992867,0.11409230366935202,1.9480000000000075,-0.03500000000000014,7.4789316505922905,1.123759300453746e-21,0.0032873867267913083,-6.354098435825971,0.92203464505738,0.5250000000000057,-1.1135576655726147,landing,,,,-0.031191258267334376
739.983,63.97405947,-22.60543496,148.482,3.464,-0.291,4.618,0.4294,0.0074,-0.0357,-1.0551,36.675,39.689,0.3419,66.9798,0.9663,1.0,1.0,1.0,-0.03,676.2,0.0,3.01,150.0,1,739.983,0.003828486559730504,0.00845389764994206,-0.03,-0.021143311575081536,0.0,1.0,0.04225367872553404,1067.5326424292334,0.14473463048976698,1.9819999999999993,-0.03600000000000003,7.4789316505922905,9.36466083711455e-22,0.004174588336511067,-6.33250064887292,0.8065338382029381,0.4094000000000051,-1.1150524232479246,landing,,,,-0.0396264374435944
740.083,63.97407776,-22.60543441,148.516,3.464,-0.2894,4.6157,0.3326,0.0228,-0.01,-0.861,36.562,39.578,0.3386,66.7943,0.8322,1.0,1.0,1.0,-0.03,675.7,0.0,3.01,150.0,1,740.083,0.003806821798355342,0.008065505010791701,-0.03,-0.01693286793866322,0.0,1.0,0.043223788009881414,1069.5715613834009,0.1709694673705754,2.015999999999991,-0.03600000000000003,7.4789316505922905,7.803884030928791e-22,0.0049363477619405365,-6.310898678600478,0.6938196033626127,0.3126000000000033,-1.1164112938617259,landing,,,,-0.046878687204134906
740.183,63.974096,-22.60543393,148.55,3.464,-0.2877,4.615,0.2556,0.0108,-0.0047,-0.6595,36.45,39.467,0.3369,66.6084,0.7052,1.0,1.0,1.0,-0.03,675.3,0.0,3.01,150.0,1,740.183,0.003783814068622271,0.007680074830280631,-0.03,-0.013607251440545753,0.0,1.0,0.04420673123250485,1071.604905303829,0.19377668896151473,2.0500000000000114,-0.03600000000000003,7.4789316505922905,6.503236692440659e-22,0.00560059215231998,-6.289302290456573,0.5865822651526571,0.23560000000000514,-1.1167375398742683,landing,,,,-0.053211258076245826
740.283,63.97411418,-22.60543353,148.584,3.463,-0.2872,4.6146,0.1989,-0.0018,-0.0041,-0.4562,36.337,39.356,0.3353,66.4221,0.5877,1.0,1.0,1.0,-0.03,674.9,0.0,3.01,150.0,1,740.283,0.0037770492524311083,0.007297771003201808,-0.03,-0.011185739427878372,0.0,1.0,0.045202706160642814,1073.6315592512271,0.21266674706526634,2.084000000000003,-0.03699999999999992,7.4789316505922905,5.419363910367216e-22,0.006152848506397024,-6.2677226646377395,0.4869374644254094,0.17889999999999873,-1.1179432180674929,landing,,,,-0.05848319278130276
740.383,63.97413232,-22.6054332,148.617,3.463,-0.2879,4.6142,0.1625,-0.014,-0.0038,-0.2565,36.225,39.245,0.3338,66.2356,0.482,1.0,1.0,1.0,-0.03,674.4,0.0,3.01,150.0,1,740.383,0.0037865202699425837,0.006918759072861186,-0.03,-0.009675726326283218,0.0,1.0,0.04621191679039577,1075.6537529323643,0.22812880057781476,2.1169999999999902,-0.03699999999999992,7.4789316505922905,4.516136591972679e-22,0.006606941236868865,-6.2461695616319215,0.3969370890837922,0.1425000000000125,-1.118130198243154,landing,,,,-0.06282327871648619
740.483,63.9741504,-22.60543293,148.65,3.463,-0.2899,4.6139,0.1456,-0.0258,-0.0035,-0.0654,36.113,39.133,0.3323,66.0487,0.3897,1.0,1.0,1.0,-0.03,674.0,0.0,3.01,150.0,1,740.483,0.0038135909474075746,0.006539839022810162,-0.03,-0.009046318194620762,0.0,1.0,0.047243848556148826,1077.6692569825127,0.2406535652529127,2.1500000000000057,-0.03699999999999992,7.4789316505922905,3.7634471599772327e-22,0.00697678442453755,-6.224651317984048,0.31805216731999053,0.1255999999999915,-1.1183001802211434,landing,,,,-0.066361886354386
740.583,63.97416844,-22.60543272,148.684,3.462,-0.293,4.6136,0.1474,-0.0367,-0.0032,0.1128,36.002,39.022,0.3309,65.8617,0.3119,1.0,1.0,1.0,-0.03,673.6,0.0,3.01,150.0,1,740.583,0.0038555818152400945,0.006167947146726832,-0.03,-0.009259824904381042,0.0,1.0,0.048280293181567735,1079.6803009374198,0.2502402626616763,2.1839999999999975,-0.03799999999999981,7.4789316505922905,3.136205966647694e-22,0.007262101900106979,-6.203176270067418,0.2513325049241928,0.1273999999999944,-1.117545618382832,landing,,,,-0.0690941959811795
740.683,63.97418642,-22.60543254,148.717,3.462,-0.2971,4.6133,0.1662,-0.046,-0.0028,0.2744,35.891,38.911,0.3296,65.6744,0.2496,1.0,1.0,1.0,-0.03,673.2,0.0,3.01,150.0,1,740.683,0.003911177200789484,0.00579985438380512,-0.03,-0.010255187323402915,0.0,1.0,0.04933062813621486,1081.6846557751917,0.2583594830332585,2.217000000000013,-0.03799999999999981,7.4789316505922905,2.6135049722064115e-22,0.0075053453970552,-6.18174848129415,0.1977554375964985,0.14619999999999322,-1.1168596530752828,landing,,,,-0.07142533376327265
740.783,63.97420435,-22.6054324,148.75,3.461,-0.302,4.6131,0.2003,-0.0539,-0.0024,0.4158,35.78,38.8,0.3284,65.4868,0.2031,1.0,1.0,1.0,-0.03,672.8,0.0,3.01,150.0,1,740.783,0.003977709900223725,0.005435732020019096,-0.03,-0.01194548787482519,0.0,1.0,0.050395085682633955,1083.6834360914934,0.2645208997417328,2.25,-0.039000000000000146,7.4789316505922905,2.1779208101720097e-22,0.0076921299525004126,-6.160373440027914,0.15769589458429323,0.18029999999998836,-1.1162360482502316,landing,,,,-0.07321651985654398
740.883,63.97422223,-22.60543228,148.782,3.461,-0.3077,4.6129,0.2476,-0.0603,-0.002,0.5352,35.669,38.689,0.3273,65.2989,0.1721,1.0,1.0,1.0,-0.03,672.4,0.0,3.01,150.0,1,740.883,0.004055229571872931,0.005075752536932682,-0.03,-0.01424403738387603,0.0,1.0,0.05147390603031554,1085.676642229158,0.2697043877846817,2.2820000000000107,-0.039000000000000146,7.4789316505922905,1.8149340084766746e-22,0.007850805091807887,-6.139053781385303,0.13100684426402154,0.22759999999999536,-1.1156691347729186,landing,,,,-0.07473893671011922
740.983,63.97424006,-22.60543218,148.815,3.461,-0.3139,4.6127,0.3057,-0.0646,-0.0017,0.6305,35.559,38.577,0.3263,65.1106,0.1563,1.0,1.0,1.0,-0.03,672.0,0.0,3.01,150.0,1,740.983,0.004139703964129271,0.00471690548664791,-0.03,-0.017036959227287318,0.0,1.0,0.05257725564700799,1087.664274187393,0.2739099466401994,2.3149999999999977,-0.039000000000000146,7.4789316505922905,1.5124450070638955e-22,0.007981283969776432,-6.1177921403837265,0.1175400186162392,0.2856999999999914,-1.114244667975471,landing,,,,-0.07599137684896107
741.083,63.97425783,-22.60543208,148.848,3.46,-0.3205,4.6126,0.3722,-0.067,-0.0015,0.7005,35.448,38.465,0.3254,64.922,0.1547,1.0,1.0,1.0,-0.03,671.6,0.0,3.01,150.0,1,741.083,0.0042298089472689315,0.0043626323415266455,-0.03,-0.02022311472348881,0.0,1.0,0.05369574542373701,1089.6452175415536,0.27811784043314197,2.348000000000013,-0.040000000000000036,7.4789316505922905,1.2603708392199128e-22,0.008112067382091605,-6.096588293177567,0.11652753018586282,0.3522000000000105,-1.1138587890685843,landing,,,,-0.07724725060383975
741.183,63.97427556,-22.60543198,148.881,3.46,-0.3371,4.6078,0.4444,-0.1834,-0.079,0.7428,35.338,38.353,0.3297,64.7321,0.1651,1.0,1.0,1.0,-0.03,671.2,0.0,3.01,150.0,1,741.183,0.004457284912231851,0.004013113331276602,-0.03,-0.023674325595961054,0.0,1.0,0.05482964921005912,1091.6217018265957,0.28232729073490176,2.3810000000000002,-0.040000000000000036,7.4789316505922905,1.0503090326832607e-22,0.008243141551209532,-6.075442018045183,0.12613325824307253,0.42439999999999145,-1.1125988991532352,landing,,,,-0.07850643753715048
741.283,63.97429323,-22.60543187,148.913,3.46,-0.3475,4.6032,0.5199,-0.0302,0.0037,0.7636,35.228,38.241,0.322,64.5431,0.1871,1.0,1.0,1.0,-0.03,670.8,0.0,3.01,150.0,1,741.283,0.004600439107972976,0.0036685294702533955,-0.03,-0.027283122043148977,0.0,1.0,0.05597925081925259,1093.5914976777917,0.28702901295110994,2.413000000000011,-0.040000000000000036,7.4789316505922905,8.752575272360505e-23,0.008388838807274554,-6.054351660770966,0.1460907257209101,0.4998999999999967,-1.111453544684736,landing,,,,-0.07990672619137484
741.375,63.97430938,-22.60543175,148.943,3.46,-0.3504,4.6041,0.59,-0.0341,-0.0184,0.7593,35.126,38.138,0.3194,64.3687,0.217,1.0,1.0,1.0,-0.03,670.4,0.0,3.01,150.0,1,741.375,0.00464044740903663,0.0033561476623782116,-0.03,-0.030641282596916786,0.0,1.0,0.05705058267871399,1095.3918490576511,0.29227981983276896,2.443000000000012,-0.040000000000000036,7.4789316505922905,7.293812726967087e-23,0.008550153322345502,-6.034998368238949,0.17315501250692478,0.5699999999999932,-1.1112028271837728,landing,,,,-0.08145788949290278
741.492,63.97432988,-22.60543158,148.98,3.459,-0.3512,4.6003,0.6771,-0.0247,-0.0132,0.7271,34.998,38.006,0.313,64.1464,0.2647,1.0,1.0,1.0,-0.03,670.0,0.0,3.01,150.0,1,741.492,0.004651491202770364,0.002962367012375039,-0.03,-0.03482087696521696,0.0,1.0,0.05844370480986416,1097.677125105027,0.2998110428148767,2.4799999999999898,-0.040999999999999925,7.4789316505922905,6.078177272472572e-23,0.008780711758098199,-6.010434531327128,0.2164295853664271,0.657100000000014,-1.1096404878050163,landing,,,,-0.08367633591009849
741.583,63.97434594,-22.60543141,149.008,3.459,-0.3546,4.6004,0.7423,-0.0367,0.0084,0.6886,34.897,37.902,0.3129,63.9714,0.3083,1.0,1.0,1.0,-0.03,669.6,0.0,3.01,150.0,1,741.583,0.004698461417998789,0.002657481021735214,-0.03,-0.037971848467038605,0.0,1.0,0.05955757468131467,1099.467444433481,0.3075150382920028,2.5080000000000098,-0.040999999999999925,7.4789316505922905,5.0651477270604767e-23,0.009014592074904265,-5.991382552036618,0.2561257697748829,0.72229999999999,-1.1096631807218331,landing,,,,-0.08592853054835814
741.675,63.97436195,-22.60543122,149.037,3.458,-0.3578,4.6011,0.8031,-0.0342,0.0068,0.6268,34.795,37.798,0.3126,63.7951,0.3543,1.0,1.0,1.0,-0.03,669.3,0.0,3.01,150.0,1,741.675,0.0047427194400184725,0.002357483432853219,-0.03,-0.0409258703257217,0.0,1.0,0.06068606083361394,1101.252190267379,0.31620085405495707,2.537000000000006,-0.041999999999999815,7.4789316505922905,4.220956439217064e-23,0.009277682539005924,-5.972155432083453,0.2982013348489545,0.7830999999999904,-1.109575223581127,landing,,,,-0.08846421736021881
741.775,63.97437936,-22.60543098,149.068,3.458,-0.361,4.6017,0.8621,-0.03,0.0038,0.5447,34.684,37.684,0.3122,63.6021,0.4066,1.0,1.0,1.0,-0.03,668.9,0.0,3.01,150.0,1,741.775,0.004787027119471543,0.0020344296866224576,-0.03,-0.043823555922018254,0.0,1.0,0.061940171320241044,1103.1930043897953,0.3272818782805557,2.568000000000012,-0.041999999999999815,7.4789316505922905,3.517463699347553e-23,0.009612365653217872,-5.951287010744515,0.34627951894137254,0.8420999999999879,-1.1096138396191872,landing,,,,-0.09169340104313761
741.875,63.97439673,-22.60543071,149.099,3.457,-0.3638,4.602,0.9124,-0.0242,0.0011,0.4504,34.572,37.569,0.3117,63.4082,0.4589,1.0,1.0,1.0,-0.03,668.5,0.0,3.01,150.0,1,741.875,0.004825837408226563,0.0017148677252507294,-0.03,-0.0463320317763426,0.0,1.0,0.06322378869567935,1105.1293599561543,0.33983427098957764,2.5989999999999895,-0.04300000000000015,7.4789316505922905,2.931219749456294e-23,0.009990950073433284,-5.930450292368019,0.3946557413394771,0.8924000000000092,-1.110558036017415,landing,,,,-0.0953510279914056
741.975,63.97441404,-22.60543041,149.13,3.457,-0.3655,4.5983,0.9528,0.0039,-0.0416,0.3466,34.46,37.454,0.3046,63.2138,0.5095,1.0,1.0,1.0,-0.03,668.1,0.0,3.01,150.0,1,741.975,0.004849419626401064,0.00140185626173292,-0.03,-0.04839734986692068,0.0,1.0,0.06452638997160742,1107.0590274307076,0.35385881026278554,2.6299999999999955,-0.04300000000000015,7.4789316505922905,2.4426831245469116e-23,0.010413575159176791,-5.90964076721087,0.4417910575080555,0.9327999999999861,-1.1114163963794468,landing,,,,-0.09944048197548483
742.075,63.97443129,-22.60543007,149.161,3.457,-0.3664,4.5962,0.9825,-0.0096,-0.008,0.2366,34.347,37.339,0.3044,63.0185,0.5566,1.0,1.0,1.0,-0.03,667.8,0.0,3.01,150.0,1,742.075,0.0048619101167778345,0.0010955927877276117,-0.03,-0.04999073560421985,0.0,1.0,0.06584838941409477,1108.9820069852685,0.36984543342477166,2.6610000000000014,-0.04300000000000015,7.4789316505922905,2.0355692704557596e-23,0.010894800062586932,-5.888852484647237,0.48604190274099324,0.9625000000000057,-1.1131058148903823,landing,,,,-0.10410545081936107
742.175,63.9744485,-22.60542971,149.191,3.456,-0.367,4.5941,1.001,-0.0031,-0.0816,0.1234,34.234,37.223,0.3009,62.8221,0.5991,1.0,1.0,1.0,-0.03,667.4,0.0,3.01,150.0,1,742.175,0.004870239342212979,0.0007937025125316077,-0.03,-0.05107772316844694,0.0,1.0,0.06720197434859393,1110.900527812751,0.3868134877453123,2.6910000000000025,-0.04400000000000004,7.4789316505922905,1.6963077253797996e-23,0.011405890604679803,-5.86808238730463,0.5263819417935736,0.9809999999999945,-1.1146416499004406,landing,,,,-0.10907027329474772
742.275,63.97446565,-22.60542933,149.221,3.456,-0.3668,4.586,1.0082,0.0063,-0.0369,0.0109,34.12,37.107,0.2917,62.626,0.6347,1.0,1.0,1.0,-0.03,667.0,0.0,3.01,150.0,1,742.275,0.004867462735123285,0.0004990798498863691,-0.03,-0.05165495683518895,0.0,1.0,0.06857619516583091,1112.812360377408,0.4047637513051702,2.7210000000000036,-0.04400000000000004,7.4789316505922905,1.413589771149833e-23,0.011946941058246145,-5.847327418574452,0.5606595703527262,0.9882000000000062,-1.1169469544549264,landing,,,,-0.11433827552394149
742.375,63.97448274,-22.60542892,149.25,3.456,-0.3659,4.5839,1.0042,0.012,-0.011,-0.099,34.006,36.99,0.2913,62.4285,0.6635,1.0,1.0,1.0,-0.03,666.6,0.0,3.01,150.0,1,742.375,0.004854970459965691,0.00020948279803253977,-0.03,-0.05173439362473087,0.0,1.0,0.06998365314806354,1114.717504851052,0.4241861614289376,2.75,-0.04400000000000004,7.4789316505922905,1.1779914759581942e-23,0.012532509549755958,-5.826583076224224,0.5889257056101087,0.9841999999999871,-1.1190426858680889,landing,,,,-0.1200544748604031
742.492,63.97450262,-22.60542843,149.284,3.455,-0.3641,4.5828,0.986,0.0197,-0.0096,-0.2197,33.871,36.853,0.2905,62.1968,0.6872,1.0,1.0,1.0,-0.03,666.2,0.0,3.01,150.0,1,742.492,0.004829997939599595,-0.000119687037284405,-0.03,-0.05120986567855268,0.0,1.0,0.07165969413073803,1116.9336707937975,0.44741950347715903,2.783999999999992,-0.04499999999999993,7.4789316505922905,9.816595632984952e-24,0.013234058317300025,-5.802311017403833,0.6130238469830545,0.9660000000000082,-1.122206637502491,landing,,,,-0.1269240478856517
742.583,63.9745196,-22.605428,149.313,3.455,-0.3619,4.5819,0.9596,0.0254,-0.0108,-0.3143,33.755,36.735,0.2897,61.9976,0.6982,1.0,1.0,1.0,-0.03,665.8,0.0,3.01,150.0,1,742.583,0.004799497659712715,-0.00039438184647402896,-0.03,-0.0502679074260024,0.0,1.0,0.07312812002064334,1118.8265531680192,0.46782606865039483,2.812999999999988,-0.04499999999999993,7.4789316505922905,8.180496360820793e-24,0.013851191892681497,-5.783450215522139,0.6252221085907763,0.9396000000000129,-1.136071968159097,landing,,,,-0.1329870877265762
742.692,63.97453652,-22.60542757,149.342,3.454,-0.3591,4.5807,0.9243,0.0302,-0.0134,-0.3974,33.638,36.616,0.2888,61.7966,0.7007,1.0,1.0,1.0,-0.03,665.4,0.0,3.01,150.0,1,742.692,0.004760713421764373,-0.0006629133581614044,-0.03,-0.04891412796474692,0.0,1.0,0.07463287544670832,1120.712746938167,0.4882349685869947,2.842000000000013,-0.04599999999999982,7.4789316505922905,6.817080300683994e-24,0.014469553074297405,-5.760859831787302,0.6296382047313216,0.9043000000000063,-1.1303740160912261,landing,,,,-0.13908193372483169
742.792,63.97455339,-22.60542713,149.37,3.454,-0.3559,4.5794,0.8811,0.0336,-0.014,-0.4701,33.52,36.496,0.2879,61.5951,0.6944,1.0,1.0,1.0,-0.03,665.0,0.0,3.01,150.0,1,742.792,0.0047164352777777085,-0.0009248543484365046,-0.03,-0.047200587410906936,0.0,1.0,0.07617518732883527,1122.5933670419463,0.5091357514848303,2.8700000000000045,-0.04599999999999982,7.4789316505922905,5.6809002505699956e-24,0.015103670343579394,-5.740146598646982,0.6259037145132424,0.8610999999999933,-1.134885469173813,landing,,,,-0.14535352008454794
742.9,63.97457021,-22.60542671,149.399,3.454,-0.3524,4.578,0.8312,0.0358,-0.0155,-0.5297,33.401,36.376,0.2869,61.3925,0.6798,1.0,1.0,1.0,-0.03,664.6,0.0,3.01,150.0,1,742.9,0.004668062611635493,-0.0011776992071960424,-0.03,-0.04516189413194782,0.0,1.0,0.07774317023431382,1124.4684129678803,0.5290586053687425,2.899000000000001,-0.04599999999999982,7.4789316505922905,4.734083542141663e-24,0.015709939472765826,-5.717785397428805,0.6144110296179406,0.8112000000000137,-1.1318824130536835,landing,,,,-0.1513708422844644
742.975,63.97458418,-22.60542636,149.423,3.453,-0.3493,4.5767,0.7856,0.0364,-0.0172,-0.5672,33.301,36.275,0.286,61.2225,0.6618,1.0,1.0,1.0,-0.03,664.2,0.0,3.01,150.0,1,742.975,0.004625267158239077,-0.001383306206965279,-0.03,-0.04327527557292132,0.0,1.0,0.07908328755307681,1126.0257489908668,0.5456627995907704,2.923000000000002,-0.04700000000000015,7.4789316505922905,3.945069618451386e-24,0.01621607477522068,-5.702274728327081,0.5993290057828631,0.7656000000000063,-1.1501961330790345,landing,,,,-0.15641076683442634
743.075,63.97460089,-22.60542596,149.452,3.453,-0.3457,4.5749,0.7273,0.0375,-0.0184,-0.5973,33.18,36.154,0.2849,61.0171,0.6339,1.0,1.0,1.0,-0.03,663.8,0.0,3.01,150.0,1,743.075,0.004575626335123262,-0.0016207739837942603,-0.03,-0.04082958949938975,0.0,1.0,0.08071395457137176,1127.888532132505,0.5646100592249528,2.951999999999998,-0.04700000000000015,7.4789316505922905,3.287558015376155e-24,0.0167953792276905,-5.68158760797655,0.5752181939855632,0.7073000000000036,-1.1556328482536447,landing,,,,-0.16219830611724717
743.175,63.97461754,-22.60542558,149.48,3.453,-0.342,4.573,0.6667,0.0365,-0.0193,-0.6131,33.058,36.031,0.2837,60.8105,0.5997,1.0,1.0,1.0,-0.03,663.4,0.0,3.01,150.0,1,743.175,0.004524669956631477,-0.0018520710046503741,-0.03,-0.038261067165149876,0.0,1.0,0.08240044930179191,1129.7446263280283,0.5825797793208831,2.9799999999999898,-0.04700000000000015,7.4789316505922905,2.739631679480129e-24,0.017346638092629752,-5.660914318807384,0.5450202701597675,0.6467000000000098,-1.161484407503414,landing,,,,-0.1677251334073233
743.275,63.97463414,-22.60542522,149.508,3.452,-0.3384,4.5711,0.6052,0.0346,-0.0202,-0.6146,32.936,35.908,0.2826,60.6026,0.5602,1.0,1.0,1.0,-0.03,663.0,0.0,3.01,150.0,1,743.275,0.00447515179809721,-0.0020729739767833266,-0.03,-0.035634716014189105,0.0,1.0,0.0841168844943539,1131.5951463449142,0.5995715702291059,3.0080000000000098,-0.04800000000000004,7.4789316505922905,2.2830263995667742e-24,0.017869763130785532,-5.640257628098277,0.5096172361490119,0.5851999999999862,-1.1668040068212602,landing,,,,-0.17298802908486977
743.375,63.97465068,-22.60542489,149.536,3.452,-0.3351,4.5691,0.5441,0.0318,-0.0212,-0.6024,32.812,35.783,0.2813,60.3932,0.5167,1.0,1.0,1.0,-0.03,662.6,0.0,3.01,150.0,1,743.375,0.0044298124973201625,-0.002286600894670282,-0.03,-0.03300432498221417,0.0,1.0,0.08589280085901396,1133.4389772446646,0.6150958842742079,3.0360000000000014,-0.04800000000000004,7.4789316505922905,1.9025219996389783e-24,0.018350053209585705,-5.619621764016986,0.47018775239220645,0.5241000000000042,-1.173458188019304,landing,,,,-0.17783599040235742
743.475,63.9746658,-22.6054246,149.562,3.452,-0.3323,4.5669,0.4897,0.0281,-0.0473,-0.5794,32.697,35.669,0.2787,60.1999,0.4743,1.0,1.0,1.0,-0.03,662.2,0.0,3.01,150.0,1,743.475,0.004391381690271867,-0.002471692636603212,-0.03,-0.03065808355139099,0.0,1.0,0.08754098785495762,1135.124510490378,0.6287157050885128,3.062000000000012,-0.04800000000000004,7.4789316505922905,1.5854349996991485e-24,0.01877284655676986,-5.599012406814581,0.43140981866307015,0.4696999999999889,-1.171325625472066,landing,,,,-0.18211660365350468
743.583,63.97468359,-22.6054243,149.592,3.451,-0.3265,4.5645,0.4286,0.0669,0.1799,-0.5471,32.562,35.533,0.2834,59.9708,0.4219,1.0,1.0,1.0,-0.03,661.8,0.0,3.01,150.0,1,743.583,0.004311887332343833,-0.0026801216805325823,-0.03,-0.02800330021216635,0.0,1.0,0.08954395920516134,1137.1076867999018,0.6427215662539791,3.092000000000013,-0.04899999999999993,7.4789316505922905,1.3211958330826238e-24,0.01921090272772215,-5.576781184655466,0.38307433939337443,0.40860000000000696,-1.1784778413383017,landing,,,,-0.18656490777832602
743.683,63.97470132,-22.60542404,149.623,3.452,-0.3229,4.5955,0.3714,0.0188,0.3221,-0.4998,32.426,35.396,0.2799,59.7403,0.3687,1.0,1.0,1.0,-0.03,661.3,0.0,3.01,150.0,1,743.683,0.004262621300592406,-0.0028762050083856183,-0.03,-0.025501880717499703,0.0,1.0,0.09160333146245425,1139.0841738212698,0.6547700130573957,3.1229999999999905,-0.04800000000000004,7.4789316505922905,1.1009965275688531e-24,0.019591230238410768,-5.556232791016102,0.3336086309542168,0.35140000000001237,-1.1949798557620603,landing,,,,-0.1904380958684655
743.783,63.97471763,-22.60542383,149.65,3.452,-0.3213,4.6115,0.3242,0.0123,-0.0939,-0.4368,32.298,35.267,0.2678,59.5235,0.3215,1.0,1.0,1.0,-0.03,660.9,0.0,3.01,150.0,1,743.783,0.00424074359804566,-0.0030478667350597732,-0.03,-0.02343358904010817,0.0,1.0,0.0935819657749486,1140.9023630183722,0.6644240294789299,3.1500000000000057,-0.04800000000000004,7.4789316505922905,9.174971063073777e-25,0.01989897976439729,-5.535722117069604,0.28946456419694755,0.3042000000000087,-1.2027089597836649,landing,,,,-0.19357985779483045
743.875,63.97473252,-22.60542366,149.675,3.451,-0.3203,4.5988,0.2865,0.0086,-0.1565,-0.3806,32.18,35.149,0.2672,59.3239,0.2789,1.0,1.0,1.0,-0.03,660.5,0.0,3.01,150.0,1,743.875,0.00422707572098624,-0.0031936849891369967,-0.03,-0.021782654092877496,0.0,1.0,0.09542653493390674,1142.5622545630217,0.6721735528431747,3.1750000000000114,-0.04899999999999993,7.4789316505922905,7.645809219228147e-25,0.020148553717024665,-5.516892235635294,0.24936319388399397,0.26650000000000773,-1.2099725721353691,landing,,,,-0.1961328491615646
743.983,63.97475006,-22.60542349,149.704,3.45,-0.3197,4.5831,0.2486,0.0034,-0.1288,-0.3119,32.039,35.008,0.2664,59.0864,0.2312,1.0,1.0,1.0,-0.03,660.1,0.0,3.01,150.0,1,743.983,0.004218877087841133,-0.003353655306855524,-0.03,-0.020121974770306528,0.0,1.0,0.09767550527538355,1144.5175594639215,0.6798199574888124,3.2040000000000077,-0.04999999999999982,7.4789316505922905,6.371507682690122e-25,0.02039862316630295,-5.494828372285057,0.20419231189131892,0.22860000000000014,-1.2186619342645335,landing,,,,-0.19869558202854876
744.083,63.97476618,-22.60542336,149.73,3.45,-0.3196,4.5715,0.2204,-0.002,-0.1026,-0.247,31.909,34.877,0.2655,58.8654,0.1908,1.0,1.0,1.0,-0.03,659.7,0.0,3.01,150.0,1,744.083,0.0042175108013438045,-0.003488139394001638,-0.03,-0.018888684925905785,0.0,1.0,0.09981023220856161,1146.3145667131603,0.6855618690768838,3.2299999999999898,-0.04999999999999982,7.4789316505922905,5.3095897355751015e-25,0.020590291940632152,-5.4744532485167055,0.16571174998261995,0.2004000000000019,-1.2260563038768242,landing,,,,-0.20066302182052453
744.175,63.97478091,-22.60542326,149.754,3.449,-0.32,4.5629,0.2002,-0.007,-0.0846,-0.187,31.789,34.756,0.2647,58.661,0.1573,1.0,1.0,1.0,-0.03,659.3,0.0,3.01,150.0,1,744.175,0.0042229762084430855,-0.0036000764073266522,-0.03,-0.018010179045124364,0.0,1.0,0.10182206696328094,1147.9566207818157,0.6898880575512669,3.2539999999999907,-0.051000000000000156,7.4789316505922905,4.424658112979251e-25,0.02073807592157566,-5.455757022236472,0.13363878071916702,0.18020000000001346,-1.2331737149868536,landing,,,,-0.2021819085076899
744.275,63.97479692,-22.60542317,149.781,3.449,-0.3209,4.5552,0.1845,-0.0112,-0.0698,-0.1232,31.656,34.623,0.2637,58.4361,0.1252,1.0,1.0,1.0,-0.03,659.0,0.0,3.01,150.0,1,744.275,0.004235275923317516,-0.003709321343212807,-0.03,-0.017336262890344734,0.0,1.0,0.10407932436588058,1149.74136490551,0.6936745002395948,3.281000000000006,-0.051000000000000156,7.4789316505922905,3.687215094149376e-25,0.020871439797678623,-5.4354840215159115,0.1027566627285239,0.16450000000000387,-1.2419761045334783,landing,,,,-0.20355403109885373
744.375,63.97481287,-22.6054231,149.807,3.448,-0.3222,4.5488,0.1749,-0.0148,-0.0595,-0.063,31.523,34.488,0.2627,58.2092,0.098,1.0,1.0,1.0,-0.03,658.6,0.0,3.01,150.0,1,744.375,0.004253048425091999,-0.0038052437223458357,-0.03,-0.01693509512159541,0.0,1.0,0.10642139883461132,1151.519420082297,0.696483403389947,3.306999999999988,-0.052000000000000046,7.4789316505922905,3.07267924512448e-25,0.02097554012042347,-5.415268187432145,0.07646208996442283,0.15489999999999782,-1.2499782768485883,landing,,,,-0.20462603033271165
744.475,63.97482875,-22.60542305,149.833,3.448,-0.3238,4.5432,0.1712,-0.0182,-0.0522,-0.0076,31.388,34.352,0.2617,57.98,0.0758,1.0,1.0,1.0,-0.03,658.2,0.0,3.01,150.0,1,744.475,0.004274932447009383,-0.0038864380684620337,-0.03,-0.016797270194979896,0.0,1.0,0.10883454012137028,1153.2896715454917,0.6983151557811988,3.3329999999999984,-0.052000000000000046,7.4789316505922905,2.560566037603733e-25,0.021050293038920576,-5.395112264170141,0.05490544347694026,0.15119999999998868,-1.2590711607714142,landing,,,,-0.20539633716633432
744.592,63.9748472,-22.605423,149.864,3.447,-0.3261,4.5375,0.1735,-0.0211,-0.0458,0.0492,31.23,34.192,0.2605,57.71,0.0564,1.0,1.0,1.0,-0.03,657.8,0.0,3.01,150.0,1,744.592,0.004306410498191915,-0.003961872982154474,-0.03,-0.016941880584796065,0.0,1.0,0.11174527937491086,1155.3464182266991,0.7000469024714782,3.3640000000000043,-0.052999999999999936,7.4789316505922905,2.133805031336444e-25,0.021125355114959853,-5.371599659791435,0.03599516436884187,0.15350000000000819,-1.267376268921995,landing,,,,-0.2061702687705207
744.683,63.97486164,-22.60542297,149.887,3.447,-0.3281,4.5336,0.1796,-0.0226,-0.0423,0.0874,31.105,34.066,0.2596,57.4962,0.046,1.0,1.0,1.0,-0.03,657.5,0.0,3.01,150.0,1,744.683,0.0043338017819462005,-0.0040058198715670346,-0.03,-0.017250839376131033,0.0,1.0,0.11409420326793973,1156.956142844526,0.7009548145356643,3.3870000000000005,-0.052999999999999936,7.4789316505922905,1.7781708594470367e-25,0.021170702260273556,-5.35337927358438,0.025839643233211973,0.15960000000001173,-1.2770353693496546,landing,,,,-0.20663803676801962
744.783,63.97487733,-22.60542295,149.913,3.447,-0.3304,4.5294,0.19,-0.0236,-0.0429,0.1205,30.966,33.925,0.2585,57.2596,0.039,1.0,1.0,1.0,-0.03,657.2,0.0,3.01,150.0,1,744.783,0.004365323826266421,-0.0040386797959182374,-0.03,-0.017754927608631066,0.0,1.0,0.116784362577594,1158.7052132141669,0.7013241483699523,3.413000000000011,-0.052999999999999936,7.4789316505922905,1.4818090495391973e-25,0.02120140477267358,-5.333414535528494,0.019024636139107542,0.1699999999999875,-1.2873048812269294,landing,,,,-0.20695483307726903
744.883,63.97489295,-22.60542292,149.939,3.446,-0.3328,4.5252,0.2032,-0.0237,-0.0419,0.1451,30.826,33.784,0.2574,57.0205,0.0364,1.0,1.0,1.0,-0.03,656.8,0.0,3.01,150.0,1,744.883,0.004398241729121399,-0.004054147478567055,-0.03,-0.018397858162808367,0.0,1.0,0.11954206601087103,1160.4464803832761,0.7021861435938067,3.438999999999993,-0.053999999999999826,7.4789316505922905,1.2348408746159978e-25,0.021246983620752027,-5.313511788714653,0.016575724361899802,0.18319999999999936,-1.2975498920244528,landing,,,,-0.2074252639005607
744.983,63.97490851,-22.6054229,149.965,3.446,-0.3351,4.5211,0.2185,-0.0233,-0.0416,0.1608,30.685,33.64,0.2564,56.7786,0.0376,1.0,1.0,1.0,-0.03,656.5,0.0,3.01,150.0,1,744.983,0.0044298124973201625,-0.004051839695958265,-0.03,-0.01913226783664468,0.0,1.0,0.1224309533549216,1162.1810587772907,0.7025605360820961,3.4650000000000034,-0.053999999999999826,7.4789316505922905,1.0290340621799981e-25,0.021277803516132215,-5.293672302400675,0.01794248175855273,0.19849999999999568,-1.3077726291132572,landing,,,,-0.20774345657504512
745.083,63.974924,-22.60542287,149.99,3.445,-0.3374,4.5169,0.235,-0.022,-0.0421,0.1677,30.542,33.495,0.2553,56.5338,0.0419,1.0,1.0,1.0,-0.03,656.2,0.0,3.01,150.0,1,745.083,0.004461407351788238,-0.004030888811470429,-0.03,-0.019930188487854217,0.0,1.0,0.1254169515020967,1163.9078339707735,0.7034275897858914,3.490000000000009,-0.05500000000000016,7.4789316505922905,8.575283851499984e-26,0.02132352641389361,-5.273894375417946,0.022464732992119707,0.2150000000000034,-1.3188842082847472,landing,,,,-0.20821564984732532
745.183,63.97493814,-22.60542285,150.014,3.445,-0.3394,4.5131,0.2504,-0.0202,-0.0433,0.1664,30.41,33.361,0.2543,56.3067,0.0482,1.0,1.0,1.0,-0.03,655.9,0.0,3.01,150.0,1,745.183,0.004488900840778243,-0.003994800502422319,-0.03,-0.020669017145952706,0.0,1.0,0.12824792586914696,1165.4841153956245,0.7038572385166422,3.51400000000001,-0.05500000000000016,7.4789316505922905,7.146069876249987e-26,0.021354359583735303,-5.254179291541508,0.02904666581363813,0.23040000000000305,-1.3189856438951988,landing,,,,-0.20853416599081953
745.283,63.97495478,-22.60542281,150.041,3.445,-0.3419,4.5034,0.2681,-0.0373,-0.0914,0.1571,30.251,33.2,0.2453,56.0357,0.0576,1.0,1.0,1.0,-0.03,655.5,0.0,3.01,150.0,1,745.283,0.00452329364244608,-0.003930069061268832,-0.03,-0.021530345906945247,0.0,1.0,0.1317439655867072,1167.3390890089768,0.7051694799127346,3.540999999999997,-0.05500000000000016,7.4789316505922905,5.955058230208322e-26,0.021415206581958387,-5.234523839911502,0.03889523531603345,0.24809999999999377,-1.343623312631965,landing,,,,-0.20916295517343286
745.375,63.97497007,-22.60542277,150.065,3.444,-0.344,4.4969,0.283,-0.0161,-0.0507,0.1396,30.104,33.05,0.2448,55.7821,0.0676,1.0,1.0,1.0,-0.03,655.2,0.0,3.01,150.0,1,745.375,0.00455220600895323,-0.003848669680156319,-0.03,-0.02225994022563882,0.0,1.0,0.13509806179743716,1169.04356902551,0.706534253486314,3.5649999999999977,-0.05600000000000005,7.4789316505922905,4.9625485251736017e-26,0.021476055491340088,-5.216495503030574,0.04943433106726047,0.26300000000000523,-1.3667326557524055,landing,,,,-0.20979205807940104
745.483,63.97498528,-22.60542273,150.09,3.444,-0.3455,4.4866,0.296,-0.0133,-0.1708,0.1154,29.953,32.897,0.2405,55.5238,0.0783,1.0,1.0,1.0,-0.03,654.9,0.0,3.01,150.0,1,745.483,0.004572870300107668,-0.0037446040216444765,-0.03,-0.02290020035098561,0.0,1.0,0.13861983071795936,1170.7391309030131,0.7079021400778043,3.5900000000000034,-0.05600000000000005,7.4789316505922905,4.135457104311335e-26,0.02153700726755497,-5.1953901224347785,0.06079880271099114,0.27600000000001046,-1.3695886096066259,landing,,,,-0.21042252004505713
745.583,63.97500043,-22.60542267,150.113,3.443,-0.3465,4.4743,0.3062,-0.0101,-0.0699,0.0863,29.802,32.744,0.2295,55.2652,0.0884,1.0,1.0,1.0,-0.03,654.6,0.0,3.01,150.0,1,745.583,0.004586652352936815,-0.003619237656530966,-0.03,-0.023423416844203127,0.0,1.0,0.14224762140079666,1172.428004518483,0.7102522360823957,3.6129999999999995,-0.05699999999999994,7.4789316505922905,3.4462142535927786e-26,0.021627901394221907,-5.175909365220569,0.07164795548106895,0.286200000000008,-1.3823532814605375,landing,,,,-0.21136324550021612
745.683,63.97501551,-22.60542262,150.136,3.443,-0.3474,4.4685,0.3134,-0.0069,-0.0538,0.0528,29.648,32.587,0.2284,55.0011,0.098,1.0,1.0,1.0,-0.03,654.2,0.0,3.01,150.0,1,745.683,0.004599060220498163,-0.003468419497820646,-0.03,-0.023798528954751652,0.0,1.0,0.14608535303645753,1174.1090745905883,0.7121151186530328,3.6359999999999957,-0.05699999999999994,7.4789316505922905,2.8718452113273156e-26,0.02170401927218698,-5.156485932075944,0.08208851187040977,0.2933999999999912,-1.3966848013277295,landing,,,,-0.2121515509184917
745.783,63.97503051,-22.60542255,150.158,3.442,-0.3479,4.4631,0.317,-0.0034,-0.0548,0.0161,29.492,32.428,0.2274,54.7328,0.1063,1.0,1.0,1.0,-0.03,653.9,0.0,3.01,150.0,1,745.783,0.004605955129527828,-0.003292784565195467,-0.03,-0.024019207675840537,0.0,1.0,0.15009610971045967,1175.7812268664964,0.7149609887169807,3.657999999999987,-0.05799999999999983,7.4789316505922905,2.393204342772763e-26,0.021810156397835536,-5.137116629995903,0.09127758317546864,0.29699999999999704,-1.41153163757063,landing,,,,-0.21325152538283731
745.883,63.97504544,-22.60542248,150.181,3.442,-0.3481,4.4576,0.3169,0.0001,-0.0577,-0.0224,29.332,32.267,0.2263,54.4602,0.1129,1.0,1.0,1.0,-0.03,653.6,0.0,3.01,150.0,1,745.883,0.004608713423481237,-0.00309148919832139,-0.03,-0.024066288640796185,0.0,1.0,0.15429037709421112,1177.445575770061,0.7178095826718421,3.6810000000000116,-0.05799999999999983,7.4789316505922905,1.9943369523106357e-26,0.02191647470716557,-5.117801260425196,0.09877819472492888,0.2968999999999937,-1.4286651250641762,landing,,,,-0.21435429045886423
745.975,63.97505905,-22.60542242,150.202,3.442,-0.348,4.4523,0.3133,0.0027,-0.0612,-0.0585,29.184,32.116,0.2252,54.2063,0.1169,1.0,1.0,1.0,-0.03,653.2,0.0,3.01,150.0,1,745.975,0.004607334252895667,-0.0028813025787653157,-0.03,-0.02394179730823931,0.0,1.0,0.1583512208398346,1178.9627752074261,0.7202196042718394,3.701999999999998,-0.05799999999999983,7.4789316505922905,1.661947460258863e-26,0.022007851936103835,-5.100081947515107,0.10356250549418178,0.2932999999999879,-1.4450315366196311,landing,,,,-0.21530281560395537
746.075,63.97507384,-22.60542235,150.224,3.441,-0.3476,4.446,0.3057,0.0054,-0.0642,-0.0975,29.02,31.95,0.2241,53.9246,0.1189,1.0,1.0,1.0,-0.03,652.9,0.0,3.01,150.0,1,746.075,0.004601818042600292,-0.002626429383534551,-0.03,-0.02363696531732118,0.0,1.0,0.1629637788004326,1180.6115173678863,0.723073646007976,3.7239999999999895,-0.05900000000000016,7.4789316505922905,1.3849562168823858e-26,0.02211450882729159,-5.0808702234739895,0.10633301209531965,0.2856999999999914,-1.4627559423814502,landing,,,,-0.21641080994599804
746.175,63.97508854,-22.60542227,150.246,3.441,-0.3469,4.4395,0.2942,0.0078,-0.0677,-0.135,28.852,31.78,0.2229,53.6381,0.1183,1.0,1.0,1.0,-0.03,652.5,0.0,3.01,150.0,1,746.175,0.004592166489955751,-0.00233970692587096,-0.03,-0.023156403794115654,0.0,1.0,0.167855770487378,1182.2502267928598,0.7264211273882262,3.7460000000000093,-0.05900000000000016,7.4789316505922905,1.1541301807353214e-26,0.022236339095437388,-5.061710355486216,0.1063668870848744,0.27420000000000755,-1.482505402165093,landing,,,,-0.2176775719616515
746.275,63.97510317,-22.6054222,150.269,3.44,-0.3461,4.4326,0.2791,0.0099,-0.0719,-0.1702,28.682,31.607,0.2216,53.3461,0.1148,1.0,1.0,1.0,-0.03,652.2,0.0,3.01,150.0,1,746.275,0.0045811389682710035,-0.0020214037285967434,-0.03,-0.02249948417757608,0.0,1.0,0.1730170995380163,1183.8811326744685,0.7292813951604609,3.7690000000000055,-0.06000000000000005,7.4789316505922905,9.617751506127677e-27,0.022343362570184853,-5.042603651377573,0.10329946021343517,0.25909999999998945,-1.502277638331869,landing,,,,-0.21879138499500073
746.375,63.97511771,-22.60542213,150.291,3.44,-0.345,4.4253,0.2606,0.0116,-0.0761,-0.2021,28.508,31.43,0.2203,53.0485,0.1086,1.0,1.0,1.0,-0.03,651.8,0.0,3.01,150.0,1,746.375,0.004565981032942701,-0.0016682947431257145,-0.03,-0.021682816725487886,0.0,1.0,0.17849783235093436,1185.5020056503622,0.7321451650776035,3.790999999999997,-0.06000000000000005,7.4789316505922905,8.014792921773064e-27,0.02245055971685812,-5.023549916567958,0.09729479556713727,0.2406000000000006,-1.5238887621198445,landing,,,,-0.21990795567626265
746.475,63.97513218,-22.60542207,150.313,3.439,-0.3438,4.4176,0.239,0.0125,-0.0808,-0.23,28.33,31.25,0.2189,52.7448,0.0996,1.0,1.0,1.0,-0.03,651.5,0.0,3.01,150.0,1,746.475,0.00454945156492198,-0.001281033892579192,-0.03,-0.02071302353929616,0.0,1.0,0.1842887826006645,1187.115075083683,0.7345217217345754,3.812999999999988,-0.06099999999999994,7.4789316505922905,6.678994101477553e-27,0.0225428958597213,-5.004550460593421,0.08819365807710255,0.2189999999999941,-1.5471716019270954,landing,,,,-0.22087049918717838
746.575,63.97514656,-22.60542201,150.334,3.439,-0.3425,4.4094,0.2149,0.0132,-0.0858,-0.2535,28.148,31.067,0.2175,52.4346,0.0881,1.0,1.0,1.0,-0.03,651.1,0.0,3.01,150.0,1,746.575,0.004531552224336655,-0.0008585698045832368,-0.03,-0.01962554369836511,0.0,1.0,0.1904114866434014,1188.7181116097047,0.7369017803629472,3.834000000000003,-0.06099999999999994,7.4789316505922905,5.565828417897961e-27,0.02263537752481955,-4.98560508797229,0.07626760622022744,0.19489999999998986,-1.5719741835700478,landing,,,,-0.2218352730855102
746.675,63.97516085,-22.60542196,150.356,3.439,-0.3412,4.4006,0.1886,0.0134,-0.0911,-0.2722,27.963,30.879,0.216,52.1177,0.0742,1.0,1.0,1.0,-0.03,650.7,0.0,3.01,150.0,1,746.675,0.004513660742215431,-0.000394826909655005,-0.03,-0.018427001281484445,0.0,1.0,0.19696003771227988,1190.3111150589905,0.7387954039854189,3.8559999999999945,-0.06099999999999994,7.4789316505922905,4.638190348248301e-27,0.022712941358800715,-4.9667151102098535,0.06157197972069639,0.16859999999999786,-1.5972492577911044,landing,,,,-0.22264497593019428
746.775,63.97517506,-22.60542192,150.377,3.438,-0.3399,4.3913,0.1608,0.0131,-0.0969,-0.2858,27.773,30.687,0.2145,51.7933,0.0583,1.0,1.0,1.0,-0.03,650.3,0.0,3.01,150.0,1,746.775,0.004495777089846387,0.00010935020644906035,-0.03,-0.017150214268951136,0.0,1.0,0.20393094043930143,1191.8952001974342,0.7402022033012091,3.8770000000000095,-0.06199999999999983,7.4789316505922905,3.865158623540251e-27,0.02277554947827901,-4.947881838227988,0.04449371897197807,0.14080000000001291,-1.6247720525373295,landing,,,,-0.2232989222866948
746.875,63.97518917,-22.60542189,150.399,3.438,-0.3386,4.3815,0.1317,0.0125,-0.1031,-0.2943,27.578,30.49,0.213,51.461,0.0407,1.0,1.0,1.0,-0.03,649.9,0.0,3.01,150.0,1,746.875,0.004477901238505,0.0006581214017868653,-0.03,-0.015804518349589736,0.0,1.0,0.21139427382709963,1193.4681374916643,0.7411229567383725,3.899000000000001,-0.06199999999999983,7.4789316505922905,3.2209655196168758e-27,0.022823159404633107,-4.92910658282676,0.025314660421827284,0.11170000000001323,-1.6543382295793503,landing,,,,-0.2237964326063917
746.975,63.9752032,-22.60542187,150.42,3.437,-0.3374,4.3709,0.1021,0.0115,-0.11,-0.2979,27.378,30.288,0.2113,51.12,0.0218,1.0,1.0,1.0,-0.03,649.6,0.0,3.01,150.0,1,746.975,0.004461407351788238,0.0012531548172131923,-0.03,-0.014427513827717786,0.0,1.0,0.2193886949977597,1195.0321564758442,0.7415568856945174,3.9199999999999875,-0.06300000000000017,7.4789316505922905,2.684137933014063e-27,0.022855735624205523,-4.910390653988246,0.004433644711838269,0.08209999999999695,-1.6857620268902764,landing,,,,-0.22413695525132482
747.092,63.97521944,-22.60542186,150.444,3.437,-0.3362,4.3577,0.0673,0.0104,-0.1149,-0.2967,27.138,30.045,0.2094,50.711,-0.0015,1.0,1.0,1.0,-0.03,649.2,0.0,3.01,150.0,1,747.092,0.004444920065003077,0.002011137050504458,-0.03,-0.012798096562786854,0.0,1.0,0.22948528589261213,1196.842538880195,0.7414148803798947,3.9439999999999884,-0.06300000000000017,7.4789316505922905,2.2367816108450526e-27,0.022873634652162595,-4.888563915183396,-0.02169477370284767,0.047300000000007,-1.718991120016861,landing,,,,-0.22432409388207475
747.183,63.97523211,-22.60542187,150.463,3.436,-0.3353,4.3474,0.0402,0.008,-0.1347,-0.2926,26.945,29.85,0.2074,50.3818,-0.0204,1.0,1.0,1.0,-0.03,648.9,0.0,3.01,150.0,1,747.183,0.004432558917511764,0.002651679250989497,-0.03,-0.011515657760634568,0.0,1.0,0.2379824655892086,1198.2549489870164,0.7404319188402546,3.962999999999994,-0.06400000000000006,7.4789316505922905,1.8639846757042103e-27,0.022860695057185212,-4.8716549480571345,-0.043199525189464794,0.02019999999998845,-1.755526392822505,landing,,,,-0.22418880459712653
747.283,63.97524584,-22.60542189,150.484,3.436,-0.333,4.3326,0.0113,0.0306,-0.1549,-0.2856,26.728,29.63,0.2042,50.0101,-0.0405,1.0,1.0,1.0,-0.03,648.6,0.0,3.01,150.0,1,747.283,0.0044009860611817775,0.0034076427675564236,-0.03,-0.010140808116917421,0.0,1.0,0.24800825357079453,1199.7855242651594,0.7389177726624188,3.984000000000009,-0.06400000000000006,7.4789316505922905,1.5533205630868418e-27,0.022832778027386234,-4.853132820427534,-0.06640019841984213,-0.008700000000004593,-1.7932058116567768,landing,,,,-0.22389696774624923
747.383,63.97525946,-22.60542192,150.504,3.435,-0.3306,4.3171,359.9832,0.0076,-0.1524,-0.2731,26.503,29.403,0.201,49.6274,-0.0606,1.0,1.0,1.0,-0.03,648.4,0.0,3.01,150.0,1,747.383,0.004368065994193149,0.004223269685457692,-0.03,-0.00879590103422534,0.0,1.0,0.2588583112755789,1201.3038369308192,0.7369179693853847,4.003999999999991,-0.06499999999999995,7.4789316505922905,1.2944338025723682e-27,0.022789644685476076,-4.834676746557557,-0.08996382064648856,-0.03679999999997108,-1.8347325560515702,landing,,,,-0.2234461932983578
747.475,63.97527297,-22.60542197,150.524,3.435,-0.33,4.3019,359.9565,0.0039,-0.1572,-0.2593,26.272,29.169,0.1992,49.232,-0.0805,1.0,1.0,1.0,-0.03,648.1,0.0,3.01,150.0,1,747.475,0.004359840029295625,0.005100237589880846,-0.03,-0.007501782954258629,0.0,1.0,0.2705973856134413,1202.8098868137674,0.7339425722061891,4.024000000000001,-0.06499999999999995,7.4789316505922905,1.0786948354769734e-27,0.022716094521837735,-4.817760523838774,-0.11368512634700778,-0.06349999999997635,-1.8961995568848666,landing,,,,-0.2226779030573951
747.575,63.97528527,-22.60542202,150.542,3.434,-0.3298,4.2869,359.9333,0.0019,-0.1707,-0.2456,26.052,28.947,0.1975,48.8564,-0.0979,1.0,1.0,1.0,-0.03,647.9,0.0,3.01,150.0,1,747.575,0.004357098400041559,0.005964543219176582,-0.03,-0.006372289743017845,0.0,1.0,0.2822684416514126,1204.1810498429998,0.7310142592491452,4.042000000000002,-0.06599999999999984,7.4789316505922905,8.989123628974777e-28,0.022642231897874333,-4.799437098902853,-0.13481094199849508,-0.08670000000006439,-1.9238177789861959,landing,,,,-0.2219068067863148
747.675,63.97529857,-22.60542209,150.561,3.434,-0.3297,4.2696,359.9094,0.0006,-0.1792,-0.2308,25.804,28.696,0.1955,48.4339,-0.116,1.0,1.0,1.0,-0.03,647.6,0.0,3.01,150.0,1,747.675,0.004355727652676444,0.006977550951851902,-0.03,-0.005194814747464527,0.0,1.0,0.2961028759457443,1205.6636892684592,0.72706715891834,4.061000000000007,-0.06599999999999984,7.4789316505922905,7.490936357478981e-28,0.02253803987839447,-4.781185171252021,-0.15722408716999325,-0.11059999999997672,-1.9743797990785659,landing,,,,-0.2208198610722789
747.775,63.97531175,-22.60542217,150.581,3.433,-0.3297,4.2512,359.887,-0.001,-0.1929,-0.2167,25.548,28.437,0.1934,47.9958,-0.1328,1.0,1.0,1.0,-0.03,647.4,0.0,3.01,150.0,1,747.775,0.004355727652676444,0.008060162408375343,-0.03,-0.004080425323347625,0.0,1.0,0.31109736385344283,1207.1329513147493,0.7226347909634552,4.080999999999989,-0.06700000000000017,7.4789316505922905,6.242446964565818e-28,0.022418463509899924,-4.763006040996854,-0.17853179032567823,-0.1330000000000382,-2.02761799916228,landing,,,,-0.21957354002147156
747.883,63.9753259,-22.60542226,150.602,3.432,-0.3299,4.2296,359.8642,-0.0021,-0.2065,-0.2035,25.259,28.145,0.1911,47.5024,-0.1497,1.0,1.0,1.0,-0.03,647.2,0.0,3.01,150.0,1,747.883,0.004358469192243586,0.009322697152950282,-0.03,-0.00293968198154948,0.0,1.0,0.3288791512660385,1208.710345625854,0.7176747403414983,4.102000000000004,-0.06800000000000006,7.4789316505922905,5.202039137138181e-28,0.022283619004732576,-4.743452588396743,-0.20056245155367947,-0.15579999999999927,-2.0865550834133813,landing,,,,-0.21816950609759544
747.983,63.97533882,-22.60542236,150.62,3.432,-0.3301,4.2083,359.8443,-0.0034,-0.2269,-0.1938,24.981,27.863,0.1889,47.0275,-0.1638,1.0,1.0,1.0,-0.03,647.0,0.0,3.01,150.0,1,747.983,0.004361210911210778,0.010580500709782309,-0.03,-0.0019279936592896396,0.0,1.0,0.34692144219343146,1210.1506233772668,0.7122726152194921,4.1200000000000045,-0.06800000000000006,7.4789316505922905,4.335032614281818e-28,0.02213315968335987,-4.725427763800434,-0.21956431305332558,-0.17570000000000618,-2.14959553037603,landing,,,,-0.21660465809549834
748.075,63.97535055,-22.60542246,150.637,3.431,-0.3305,4.1869,359.8268,-0.0039,-0.2483,-0.1878,24.716,27.594,0.1868,46.5736,-0.1755,1.0,1.0,1.0,-0.03,646.8,0.0,3.01,150.0,1,748.075,0.004366694887765421,0.011812041911140131,-0.03,-0.0010293027985728287,0.0,1.0,0.3649015835113104,1211.4582438107116,0.7069167960648144,4.1370000000000005,-0.06899999999999995,7.4789316505922905,3.6125271785681814e-28,0.021982322385928052,-4.708914078331923,-0.2359026081481943,-0.19319999999993342,-2.2160354623969023,landing,,,,-0.21503774220706617
748.192,63.97536532,-22.60542259,150.659,3.43,-0.331,4.157,359.8051,-0.0037,-0.2598,-0.185,24.363,27.237,0.1841,45.9705,-0.1891,1.0,1.0,1.0,-0.03,646.5,0.0,3.01,150.0,1,748.192,0.004373550869453846,0.013488454078949913,-0.03,8.95709588809579e-05,0.0,1.0,0.3898511528584918,1213.104753015809,0.6999728704284272,4.158999999999992,-0.06999999999999984,7.4789316505922905,3.0104393154734843e-28,0.021785861733365313,-4.688000367603632,-0.25568529373856563,-0.21489999999994325,-2.288858967369458,landing,,,,-0.21299966230813538
748.292,63.97537781,-22.60542271,150.677,3.43,-0.3313,4.1319,359.7866,-0.0041,-0.2774,-0.186,24.05,26.92,0.1816,45.4346,-0.1999,1.0,1.0,1.0,-0.03,646.3,0.0,3.01,150.0,1,748.292,0.004377664998293895,0.015011323475506905,-0.03,0.0010503017011026516,0.0,1.0,0.41293934900185847,1214.497095427599,0.693607603128058,4.1769999999999925,-0.06999999999999984,7.4789316505922905,2.5086994295612366e-28,0.021604090058919157,-4.670213290705724,-0.2720843679001632,-0.23339999999996053,-2.365326333972169,landing,,,,-0.21111674179563522
748.383,63.97539016,-22.60542284,150.695,3.429,-0.3317,4.1037,359.7678,-0.0042,-0.3073,-0.1918,23.72,26.586,0.1791,44.8712,-0.2096,1.0,1.0,1.0,-0.03,646.1,0.0,3.01,150.0,1,748.383,0.004383151133946661,0.016644386468580658,-0.03,0.0020326147069867906,0.0,1.0,0.43806186216786686,1215.8738309260575,0.6867578462838186,4.194999999999993,-0.07100000000000017,7.4789316505922905,2.090582857967697e-28,0.02140675921527934,-4.654098961968658,-0.28763509872086956,-0.2521999999999025,-2.4799669969177285,landing,,,,-0.20907564304564374
748.475,63.97540134,-22.60542297,150.711,3.429,-0.332,4.0734,359.7498,-0.0035,-0.3517,-0.203,23.399,26.261,0.1765,44.3224,-0.2175,1.0,1.0,1.0,-0.03,645.9,0.0,3.01,150.0,1,748.475,0.004387266209044671,0.018255512540008872,-0.03,0.0029772362359056226,0.0,1.0,0.46310471978737916,1217.1201386391265,0.6799536173272509,4.211000000000013,-0.07100000000000017,7.4789316505922905,1.7421523816397476e-28,0.021209046697928967,-4.637875159522414,-0.30116103854931,-0.2701999999999316,-2.571709127632769,landing,,,,-0.2070336959152428
748.592,63.97541338,-22.6054231,150.728,3.428,-0.3324,4.037,359.7288,-0.002,-0.3699,-0.2198,23.033,25.889,0.1736,43.6958,-0.2258,1.0,1.0,1.0,-0.03,645.7,0.0,3.01,150.0,1,748.592,0.004392753607659727,0.020118763695346237,-0.03,0.004063169474049055,0.0,1.0,0.49220518212812675,1218.4623163481515,0.6731159234276578,4.228000000000009,-0.07200000000000006,7.4789316505922905,1.4517936513664562e-28,0.021011118513202174,-4.617329145534239,-0.3160758667419259,-0.29120000000000346,-2.6222996731394397,landing,,,,-0.2049926008906766
748.692,63.97542622,-22.60542326,150.747,3.427,-0.3324,3.999,359.704,-0.0005,-0.3705,-0.24,22.623,25.474,0.1704,42.9948,-0.2352,1.0,1.0,1.0,-0.03,645.4,0.0,3.01,150.0,1,748.692,0.004392753607659727,0.022211466295697563,-0.03,0.0053503525349428704,0.0,1.0,0.5247692420844456,1219.8936749352047,0.6647772875481346,4.247000000000014,-0.07299999999999995,7.4789316505922905,1.20982804280538e-28,0.020767024628943264,-4.599861345919559,-0.33342936630594977,-0.3160000000000309,-2.756636066490315,landing,,,,-0.2024796325150362
748.792,63.97543788,-22.60542341,150.763,3.426,-0.3324,3.9619,359.679,-0.0,-0.4058,-0.2624,22.224,25.07,0.1673,42.3121,-0.2437,1.0,1.0,1.0,-0.03,645.1,0.0,3.01,150.0,1,748.792,0.004392753607659727,0.024252505731248347,-0.03,0.00663941682512148,0.0,1.0,0.5560354250465323,1221.1934911412034,0.656974505834088,4.263000000000005,-0.07399999999999984,7.4789316505922905,1.00819003567115e-28,0.020537827991042812,-4.582474691967386,-0.34999607850781445,-0.3410000000000082,-2.868760060445659,landing,,,,-0.20012421245625944
748.892,63.97544936,-22.60542357,150.78,3.426,-0.3323,3.9213,359.6516,0.0013,-0.4336,-0.2879,21.805,24.645,0.1641,41.5948,-0.2523,1.0,1.0,1.0,-0.03,644.8,0.0,3.01,150.0,1,748.892,0.004391381690271867,0.0263926771806908,-0.03,0.008048778303091697,0.0,1.0,0.5878409201969452,1222.4732413631668,0.6486887912596015,4.280000000000001,-0.07399999999999984,7.4789316505922905,8.401583630592916e-29,0.020292975915985376,-4.565170478735892,-0.3675325735143815,-0.3684000000000651,-2.98887278222324,landing,,,,-0.19761232579608645
748.992,63.9754597,-22.60542371,150.794,3.425,-0.332,3.8822,359.6242,0.0024,-0.4522,-0.3125,21.403,24.238,0.161,40.9075,-0.2605,1.0,1.0,1.0,-0.03,644.5,0.0,3.01,150.0,1,748.992,0.004387266209044671,0.028425690493870642,-0.03,0.009443094450753198,0.0,1.0,0.6166676313936664,1223.6259084457997,0.6414273116660905,4.294000000000011,-0.07500000000000018,7.4789316505922905,7.001319692160764e-29,0.020078450895948428,-4.547945398717193,-0.3848560487851671,-0.39580000000000837,-3.082611620203279,landing,,,,-0.19541527138994041
749.083,63.97547078,-22.60542388,150.81,3.424,-0.3316,3.8372,359.5917,0.0039,-0.4687,-0.3395,20.945,23.773,0.1574,40.1237,-0.2697,1.0,1.0,1.0,-0.03,644.2,0.0,3.01,150.0,1,749.083,0.0043817795324370135,0.03071730028998762,-0.03,0.011099476818121734,0.0,1.0,0.646959758246098,1224.8610678015943,0.6326672248562896,4.310000000000002,-0.07600000000000007,7.4789316505922905,5.834433076800637e-29,0.019817609114797893,-4.532346561911636,-0.4051199918352495,-0.42830000000003565,-3.259916657727214,landing,,,,-0.192748482649705
749.183,63.97548164,-22.60542405,150.825,3.423,-0.3312,3.7893,359.5566,0.0054,-0.4863,-0.3652,20.465,23.286,0.1538,39.3008,-0.2788,1.0,1.0,1.0,-0.03,643.8,0.0,3.01,150.0,1,749.183,0.0043762935769977584,0.03306951212762596,-0.03,0.012877794146032961,0.0,1.0,0.6749409361204227,1226.0717022744632,0.6239156988459509,4.324999999999989,-0.07699999999999996,7.4789316505922905,4.8620275640005306e-29,0.01955642076993978,-4.515283097961599,-0.4264496237241815,-0.4633999999999787,-3.3999242342973686,landing,,,,-0.1900831678299184
749.275,63.9754914,-22.60542422,150.839,3.422,-0.3307,3.7453,359.5223,0.0063,-0.4837,-0.3845,20.008,22.823,0.1503,38.5193,-0.2875,1.0,1.0,1.0,-0.03,643.5,0.0,3.01,150.0,1,749.275,0.004369437145562705,0.03524978306037982,-0.03,0.014617820583630925,0.0,1.0,0.6973999061694192,1227.1597123358713,0.6152069768318167,4.338999999999999,-0.07799999999999985,7.4789316505922905,4.051689636667109e-29,0.019294933555492277,-4.499661095907414,-0.44763577570867596,-0.4977000000000089,-3.5424212406656688,landing,,,,-0.1874197672060447
749.375,63.97550095,-22.60542438,150.852,3.422,-0.3301,3.7019,359.4864,0.0076,-0.4677,-0.3978,19.537,22.345,0.1468,37.7138,-0.2965,1.0,1.0,1.0,-0.03,643.1,0.0,3.01,150.0,1,749.375,0.004361210911210778,0.037433971224689916,-0.03,0.016425094487740877,0.0,1.0,0.7158672298277501,1228.2243124520596,0.6069963638150166,4.352000000000004,-0.07799999999999985,7.4789316505922905,3.376408030555924e-29,0.0190485221061054,-4.482757373377108,-0.4704411815594369,-0.5335999999999785,-3.64856476424142,landing,,,,-0.1849144091800028
749.475,63.97551198,-22.60542459,150.867,3.42,-0.3291,3.6499,359.4429,0.0097,-0.5453,-0.403,18.966,21.766,0.1392,36.7353,-0.3077,1.0,1.0,1.0,-0.03,642.5,0.0,3.01,150.0,1,749.475,0.004347504109326106,0.03997762983958428,-0.03,0.018625713270470357,0.0,1.0,0.7312737937608981,1229.4538972871762,0.5962784735158921,4.36699999999999,-0.08000000000000007,7.4789316505922905,2.8136733587966035e-29,0.01872478786908778,-4.465942370012272,-0.4999062229068727,-0.5770999999999731,-3.83596796749208,landing,,,,-0.18162940549808582
749.592,63.97552353,-22.60542482,150.883,3.42,-0.3281,3.5876,359.3962,0.0106,-0.4302,-0.3961,18.341,21.132,0.1244,35.6652,-0.3191,1.0,1.0,1.0,-0.03,641.7,0.0,3.01,150.0,1,749.592,0.0043338017819462005,0.042622420564672,-0.03,0.020990026843683562,0.0,1.0,0.7387875286602865,1230.741449683549,0.5845604739507484,4.38300000000001,-0.08000000000000007,7.4789316505922905,2.3447277989971696e-29,0.018369773652850765,-4.446375931251847,-0.5326172125529354,-0.6237999999999602,-3.972869092436626,landing,,,,-0.1780353786472304
749.692,63.97553316,-22.60542502,150.895,3.419,-0.3271,3.5506,359.3573,0.0073,-0.3318,-0.3764,17.796,20.579,0.1218,34.7324,-0.3289,1.0,1.0,1.0,-0.03,640.9,0.0,3.01,150.0,1,749.692,0.004320103915944951,0.04480151356470982,-0.03,0.022964262294361437,0.0,1.0,0.7368981548106129,1231.8149672554778,0.5743869987903465,4.39500000000001,-0.08099999999999996,7.4789316505922905,1.9539398324976414e-29,0.018060706874699472,-4.4297486074602,-0.5625487047641968,-0.6626999999999725,-4.107153720396822,landing,,,,-0.17491352168450902
749.792,63.97554253,-22.60542523,150.907,3.418,-0.3263,3.5201,359.321,0.0057,-0.2699,-0.342,17.246,20.022,0.1183,33.7908,-0.3373,1.0,1.0,1.0,-0.03,639.9,0.0,3.01,150.0,1,749.792,0.00430914882651301,0.04687137269716088,-0.03,0.02482239101962469,0.0,1.0,0.7267162874701564,1232.8595007043414,0.5637337034392951,4.407000000000011,-0.08199999999999985,7.4789316505922905,1.6282831937480344e-29,0.017735897344100388,-4.413209189034252,-0.5919078739985935,-0.6989999999999554,-4.233776109451543,landing,,,,-0.17163956214868392
749.892,63.97555164,-22.60542544,150.918,3.417,-0.3257,3.4961,359.2889,0.0038,-0.196,-0.2933,16.697,19.464,0.1149,32.8496,-0.344,1.0,1.0,1.0,-0.03,638.8,0.0,3.01,150.0,1,749.892,0.0043009343736582495,0.04881702956826647,-0.03,0.0264821691951157,0.0,1.0,0.7080974154343636,1233.8750502011605,0.5530905255705831,4.418000000000006,-0.08300000000000018,7.4789316505922905,1.3569026614566955e-29,0.017410756240640736,-4.396757416113403,-0.6199777083694471,-0.7310999999999694,-4.34797828131947,landing,,,,-0.1683692329655102
749.992,63.97556049,-22.60542566,150.929,3.416,-0.3253,3.4796,359.2622,0.0018,-0.111,-0.2309,16.152,18.911,0.1116,31.9164,-0.3487,1.0,1.0,1.0,-0.03,637.6,0.0,3.01,150.0,1,749.992,0.00429545895790201,0.05061876004993002,-0.03,0.027894861801782356,0.0,1.0,0.6816970221449403,1234.8616155749146,0.541967527685282,4.429000000000002,-0.08400000000000007,7.4789316505922905,1.1307522178805796e-29,0.017069867425498916,-4.380394571317157,-0.6459554160920788,-0.7577999999999747,-4.44816207392724,landing,,,,-0.16494786401276684
750.092,63.97556909,-22.60542588,150.94,3.415,-0.3252,3.4716,359.2423,-0.0007,-0.0172,-0.1558,15.617,18.368,0.1084,30.9995,-0.3511,1.0,1.0,1.0,-0.03,636.3,0.0,3.01,150.0,1,750.092,0.004294090214610913,0.052266801641101285,-0.03,0.02898792341925238,0.0,1.0,0.6491063539816105,1235.8203117641017,0.5308542581550476,4.439999999999998,-0.08499999999999996,7.4789316505922905,9.422935149004829e-30,0.016728658812630963,-4.364120390198166,-0.6689036301505666,-0.7776999999999816,-4.530147339933745,landing,,,,-0.16153068014250493
750.192,63.97557744,-22.6054261,150.951,3.415,-0.3253,3.4729,359.2305,-0.0033,0.0802,-0.0707,15.097,17.839,0.1054,30.1061,-0.3507,1.0,1.0,1.0,-0.03,635.0,0.0,3.01,150.0,1,750.192,0.00429545895790201,0.05375951273251331,-0.03,0.0297008249246814,0.0,1.0,0.6127162024137915,1236.751138768722,0.5197507166317581,4.450999999999993,-0.08499999999999996,7.4789316505922905,7.852445957504024e-30,0.016387145583197246,-4.347934607672515,-0.6873970086994916,-0.7894999999999754,-4.591043036303298,landing,,,,-0.1581177076673157
750.292,63.97558556,-22.60542632,150.961,3.414,-0.3257,3.4836,359.2275,-0.0059,0.1743,0.021,14.593,17.327,0.1025,29.2422,-0.3474,1.0,1.0,1.0,-0.03,633.5,0.0,3.01,150.0,1,750.292,0.0043009343736582495,0.05510145331556879,-0.03,0.03000108882209973,0.0,1.0,0.5752613525433994,1237.6563261229387,0.5086561250352044,4.461000000000013,-0.08599999999999985,7.4789316505922905,6.543704964586687e-30,0.01604533814017803,-4.3318369584995855,-0.7006470601398007,-0.7925000000000182,-4.631857305730167,landing,,,,-0.15470892311753204
750.383,63.97559279,-22.60542651,150.971,3.413,-0.3263,3.5011,359.233,-0.0084,0.2507,0.1069,14.149,16.875,0.0999,28.4793,-0.3416,1.0,1.0,1.0,-0.03,632.2,0.0,3.01,150.0,1,750.383,0.00430914882651301,0.05620513693904158,-0.03,0.029881227966922497,0.0,1.0,0.5421703021911355,1238.4622996934122,0.4990659775634883,4.471000000000004,-0.08700000000000019,7.4789316505922905,5.453087470488906e-30,0.0157498098155222,-4.317263820365589,-0.7072114036705273,-0.7870000000000346,-4.65433581240201,landing,,,,-0.1517673072729977
750.483,63.97560046,-22.60542672,150.981,3.412,-0.3272,3.5308,359.248,-0.0103,0.3369,0.2019,13.69,16.408,0.0974,27.6914,-0.3324,1.0,1.0,1.0,-0.03,630.7,0.0,3.01,150.0,1,750.483,0.004321473502157169,0.057268919714412586,-0.03,0.0293305434473341,0.0,1.0,0.5095192634646167,1239.3173226869042,0.48847883401744785,4.4809999999999945,-0.08800000000000008,7.4789316505922905,4.544239558740755e-30,0.015422958098727202,-4.301330645154512,-0.7077298531564225,-0.7719999999999345,-4.648487102184025,landing,,,,-0.1485198721932406
750.625,63.97560793,-22.60542692,150.991,3.412,-0.3284,3.5659,359.2722,-0.0127,0.3719,0.2872,13.251,15.96,0.095,26.935,-0.3198,1.0,1.0,1.0,-0.03,629.2,0.0,3.01,150.0,1,750.625,0.00433791201111805,0.058219546558969965,-0.03,0.028341120521619412,0.0,1.0,0.4807721220665362,1240.1500505034462,0.4783894103411915,4.491000000000014,-0.08800000000000008,7.4789316505922905,3.786866298950629e-30,0.015111334621901602,-4.278825203917796,-0.7002424117989676,-0.7477999999999838,-4.50694730160125,landing,,,,-0.14542945841427724
750.783,63.97561279,-22.60542705,150.997,3.411,-0.3293,3.5892,359.2928,-0.0155,0.3173,0.3354,12.96,15.663,0.0934,26.4341,-0.309,1.0,1.0,1.0,-0.03,628.2,0.0,3.01,150.0,1,750.783,0.004350245111322759,0.05881366291287801,-0.03,0.02746935758393032,0.0,1.0,0.4634586473099502,1240.691825229207,0.47183110980096105,4.497000000000014,-0.08899999999999997,7.4789316505922905,3.155721915792191e-30,0.014908624469121109,-4.253934495177705,-0.689725450867428,-0.7272000000000389,-4.2646586516282765,landing,,,,-0.14342209747056955
750.95,63.97562799,-22.60542744,151.017,3.41,-0.3327,3.6583,359.3783,-0.015,0.29,0.4466,12.059,14.743,0.0885,24.882,-0.2657,1.0,1.0,1.0,-0.03,625.0,0.0,3.01,150.0,1,750.95,0.004396869630943212,0.060483052880568294,-0.03,0.02373956114300102,0.0,1.0,0.4196091973371883,1242.3862649853563,0.45213208229097684,4.516999999999996,-0.08999999999999986,7.4789316505922905,2.629768263160159e-30,0.014299549103202767,-4.227866235120977,-0.6318041162360544,-0.6416999999999007,-4.367436008829102,landing,,,,-0.13740427806523314
751.083,63.97564228,-22.60542776,151.036,3.409,-0.3352,3.7186,359.4808,-0.0075,0.3201,0.4874,11.206,13.87,0.0837,23.4087,-0.2165,1.0,1.0,1.0,-0.03,621.9,0.0,3.01,150.0,1,751.083,0.004431185684643513,0.06184904192228577,-0.03,0.01915532340256998,0.0,1.0,0.39106997582977,1243.979262106888,0.4358980262857915,4.536000000000001,-0.09100000000000019,7.4789316505922905,2.1914735526334658e-30,0.013798248936366168,-4.207287527703415,-0.5498962605612974,-0.5391999999999371,-4.553444902080103,landing,,,,-0.13246618905707663
751.183,63.97564859,-22.60542789,151.045,3.409,-0.3355,3.7515,359.5291,-0.0006,0.3525,0.4727,10.842,13.496,0.0817,22.7784,-0.1963,1.0,1.0,1.0,-0.03,620.6,0.0,3.01,150.0,1,751.183,0.004435305519934873,0.062375698172530164,-0.03,0.016978120427724064,0.0,1.0,0.3821624420005506,1244.6826781034536,0.4292833022956164,4.5449999999999875,-0.09100000000000019,7.4789316505922905,1.826227960527888e-30,0.013594144419985655,-4.191903821502402,-0.5137521116909056,-0.49090000000001055,-4.470404456436381,landing,,,,-0.13045937792490747
751.283,63.97565473,-22.605428,151.053,3.408,-0.3355,3.785,359.575,-0.0008,0.3117,0.4406,10.486,13.132,0.0798,22.1631,-0.1763,1.0,1.0,1.0,-0.03,619.4,0.0,3.01,150.0,1,751.283,0.004435305519934873,0.06285725920534432,-0.03,0.014898386666289065,0.0,1.0,0.37509083126750453,1245.3671433973147,0.42365506811799725,4.552999999999997,-0.09200000000000008,7.4789316505922905,1.52185663377324e-30,0.013420991905527032,-4.176588709573505,-0.4757590264228213,-0.44499999999993634,-4.387640414942092,landing,,,,-0.12875855376305623
751.383,63.97566071,-22.6054281,151.061,3.408,-0.3355,3.8137,359.6172,0.0013,0.2605,0.3971,10.136,12.772,0.0778,21.5557,-0.157,1.0,1.0,1.0,-0.03,618.3,0.0,3.01,150.0,1,751.383,0.004435305519934873,0.06330518222344658,-0.03,0.012984774719278058,0.0,1.0,0.3694410198532876,1246.033772583345,0.41852299712728425,4.561000000000007,-0.09200000000000008,7.4789316505922905,1.2682138614776999e-30,0.01326330136735614,-4.1613404170715205,-0.43730392996226897,-0.4027999999999565,-4.306945831765467,landing,,,,-0.12721091520552363
751.483,63.97566652,-22.60542819,151.069,3.408,-0.3351,3.8375,359.6547,0.0045,0.2151,0.3456,9.789,12.416,0.0758,20.9547,-0.1392,1.0,1.0,1.0,-0.03,617.3,0.0,3.01,150.0,1,751.483,0.0044298124973201625,0.06372204400715961,-0.03,0.01128465946433399,0.0,1.0,0.36498231704570594,1246.6814508948585,0.41388747862453507,4.568999999999988,-0.09200000000000008,7.4789316505922905,1.0568448845647499e-30,0.013121098832127103,-4.14615717246475,-0.400604599236118,-0.3652999999999338,-4.230859847059802,landing,,,,-0.1258163383654889
751.583,63.97567217,-22.60542827,151.077,3.407,-0.3345,3.8571,359.6867,0.0074,0.1762,0.2896,9.445,12.062,0.0738,20.3586,-0.1235,1.0,1.0,1.0,-0.03,616.5,0.0,3.01,150.0,1,751.583,0.00442157432908763,0.06411239805190924,-0.03,0.00983597774507916,0.0,1.0,0.36149518700714145,1247.3112931001249,0.40974812348219963,4.576999999999998,-0.09299999999999997,7.4789316505922905,8.807040704706249e-31,0.01299440110892225,-4.131037208445639,-0.3675652537226881,-0.33330000000000837,-4.15896349732702,landing,,,,-0.12457465167047133
751.683,63.97567765,-22.60542834,151.084,3.407,-0.3337,3.8731,359.7131,0.0097,0.1433,0.2323,9.104,11.711,0.0718,19.7663,-0.11,1.0,1.0,1.0,-0.03,615.7,0.0,3.01,150.0,1,751.683,0.004410592649663203,0.06447712216105148,-0.03,0.00864364137760476,0.0,1.0,0.35882434370168764,1247.9221844300823,0.4061053208281045,4.584000000000003,-0.09299999999999997,7.4789316505922905,7.339200587255207e-31,0.012883232565353911,-4.115978761160948,-0.3388492882056653,-0.3069000000000415,-4.090875906660858,landing,,,,-0.12348579870502618
751.783,63.97568297,-22.60542841,151.091,3.407,-0.3326,3.8861,359.7337,0.0117,0.115,0.176,8.765,11.362,0.0698,19.1768,-0.0987,1.0,1.0,1.0,-0.03,615.0,0.0,3.01,150.0,1,751.783,0.004395497577982299,0.0648191238899821,-0.03,0.007724386369053149,0.0,1.0,0.35681983168001574,1248.5152394819804,0.402468744209831,4.591000000000008,-0.09299999999999997,7.4789316505922905,6.116000489379339e-31,0.012772060197608202,-4.1009816259373135,-0.31488984107107854,-0.2862999999999829,-4.0271599151461634,landing,,,,-0.12239750285358042
751.892,63.97568856,-22.60542847,151.099,3.406,-0.3312,3.8972,359.7499,0.0127,0.0891,0.1187,8.398,10.985,0.0675,18.5402,-0.0887,1.0,1.0,1.0,-0.03,614.3,0.0,3.01,150.0,1,751.892,0.0043762935769977584,0.06516697047723805,-0.03,0.00700526159220094,0.0,1.0,0.3552589536405236,1249.1383934244213,0.39931159830681284,4.5989999999999895,-0.09399999999999986,7.4789316505922905,5.096667074482782e-31,0.01267624555642241,-4.084699681930752,-0.29411230024987844,-0.2700999999999567,-3.967142875320428,landing,,,,-0.121460021021079
751.992,63.97569355,-22.60542852,151.105,3.406,-0.3299,3.905,359.7596,0.0142,0.0686,0.0721,8.061,10.637,0.0655,17.9532,-0.0814,1.0,1.0,1.0,-0.03,613.8,0.0,3.01,150.0,1,751.992,0.004358469192243586,0.06546950907931567,-0.03,0.006585090406984628,0.0,1.0,0.35427636678797947,1249.6946614947635,0.3966677373631329,4.60499999999999,-0.09399999999999986,7.4789316505922905,4.247222562068985e-31,0.012596197754747655,-4.069824396548856,-0.2797778944105005,-0.2604000000000042,-3.9128571593824857,landing,,,,-0.12067714046806799
752.092,63.97569838,-22.60542857,151.112,3.406,-0.3285,3.911,359.7649,0.014,0.0528,0.0307,7.724,10.29,0.0634,17.3672,-0.0759,1.0,1.0,1.0,-0.03,613.3,0.0,3.01,150.0,1,752.092,0.0043392821767975764,0.06575468398970039,-0.03,0.006372213929488724,0.0,1.0,0.35365395664652877,1250.2330932862542,0.3940301024555509,4.611999999999995,-0.09399999999999986,7.4789316505922905,3.539352135057487e-31,0.012516174583683202,-4.055006697768654,-0.270398566200754,-0.25509999999997035,-3.8635065085294626,landing,,,,-0.11989480211255454
752.192,63.97570304,-22.60542862,151.118,3.406,-0.3271,3.9156,359.7663,0.0135,0.0394,-0.0047,7.388,9.943,0.0613,16.7815,-0.0717,1.0,1.0,1.0,-0.03,612.9,0.0,3.01,150.0,1,752.192,0.004320103915944951,0.06602453561076124,-0.03,0.006343080122883871,0.0,1.0,0.35332200684468595,1250.7525740329997,0.3913990827107876,4.617999999999995,-0.09399999999999986,7.4789316505922905,2.949460112547906e-31,0.012436183115817269,-4.040246390464507,-0.2647982834562299,-0.2536999999999807,-3.8177331895721696,landing,,,,-0.11911307288288242
752.292,63.97570755,-22.60542866,151.124,3.405,-0.3258,3.919,359.7644,0.0128,0.028,-0.0336,7.053,9.596,0.0591,16.1957,-0.0686,1.0,1.0,1.0,-0.03,612.5,0.0,3.01,150.0,1,752.292,0.004302303338310942,0.06628015727807499,-0.03,0.006462254317216476,0.0,1.0,0.3532244321458271,1251.2553334401844,0.3892638371994412,4.623999999999995,-0.0950000000000002,7.4789316505922905,2.4578834271232547e-31,0.012371787894137896,-4.0255417237068745,-0.2626858344555387,-0.2555999999999585,-3.7752119905200847,landing,,,,-0.11848397646582498
752.392,63.9757119,-22.6054287,151.13,3.405,-0.3246,3.9214,359.76,0.0117,0.0185,-0.056,6.718,9.248,0.057,15.6095,-0.0663,1.0,1.0,1.0,-0.03,612.2,0.0,3.01,150.0,1,752.392,0.004285878683294997,0.06652327020508206,-0.03,0.006699200431122154,0.0,1.0,0.35331454829250825,1251.7402565685172,0.387134817724193,4.6299999999999955,-0.0950000000000002,7.4789316505922905,2.048236189269379e-31,0.012307432875781663,-4.010892508006937,-0.26335740019823106,-0.2599999999999909,-3.7365563550181897,landing,,,,-0.11785546426045812
752.492,63.97571575,-22.60542874,151.135,3.405,-0.3236,3.9228,359.7542,0.0107,0.0112,-0.0713,6.411,8.93,0.0551,15.0717,-0.0648,1.0,1.0,1.0,-0.03,612.0,0.0,3.01,150.0,1,752.492,0.004272196328689748,0.06673467335811897,-0.03,0.007002004478471324,0.0,1.0,0.3535276050871782,1252.169441327716,0.3850252546109565,4.634999999999991,-0.0950000000000002,7.4789316505922905,1.7068634910578157e-31,0.012243283172888324,-3.996298537996305,-0.26633874317772666,-0.26579999999989923,-3.675960322744063,landing,,,,-0.117229146729116
752.592,63.97572012,-22.60542878,151.141,3.405,-0.3224,3.9236,359.7458,0.0095,0.0042,-0.0834,6.049,8.553,0.0528,14.4352,-0.0633,1.0,1.0,1.0,-0.03,611.7,0.0,3.01,150.0,1,752.592,0.004255783312988093,0.0669730198296786,-0.03,0.007427425150245526,0.0,1.0,0.35390596487283155,1252.6565939910045,0.38289545688116133,4.640999999999991,-0.0950000000000002,7.4789316505922905,1.4223862425481798e-31,0.012178851223167374,-3.9817596577473306,-0.27124692393920213,-0.2742000000000644,-3.6708730206763454,landing,,,,-0.11660026297222004
752.692,63.97572398,-22.60542882,151.146,3.404,-0.3215,3.9238,359.7371,0.0085,-0.0011,-0.0896,5.716,8.204,0.0507,13.8468,-0.0621,1.0,1.0,1.0,-0.03,611.5,0.0,3.01,150.0,1,752.692,0.004243477697677578,0.06718272589029825,-0.03,0.007866854855544503,0.0,1.0,0.35434905025994484,1253.0868935176813,0.38078550464065153,4.645999999999987,-0.09600000000000009,7.4789316505922905,1.1853218687901498e-31,0.012114633355716954,-3.9672756622192646,-0.27695785691744845,-0.2828999999999269,-3.6398845642511546,landing,,,,-0.11597365669295812
752.792,63.97572769,-22.60542886,151.151,3.404,-0.3207,3.9236,359.728,0.0074,-0.0053,-0.0916,5.383,7.855,0.0485,13.2573,-0.061,1.0,1.0,1.0,-0.03,611.3,0.0,3.01,150.0,1,752.792,0.004232542348010959,0.06738279032408631,-0.03,0.008325080466444867,0.0,1.0,0.35485790089060076,1253.5004715337764,0.3786813893086898,4.6510000000000105,-0.09600000000000009,7.4789316505922905,9.877682239917915e-32,0.012050458622504697,-3.952846364149613,-0.28362968972825797,-0.2919999999999163,-3.6117132402282537,landing,,,,-0.11534765775432732
752.892,63.97573123,-22.6054289,151.156,3.404,-0.32,3.9229,359.7189,0.0067,-0.0087,-0.0905,5.051,7.505,0.0463,12.6668,-0.0598,1.0,1.0,1.0,-0.03,611.1,0.0,3.01,150.0,1,752.892,0.0042229762084430855,0.06757455080172278,-0.03,0.0087832486400522,0.0,1.0,0.3554155206491347,1253.895098504334,0.37658388913982316,4.656000000000006,-0.09600000000000009,7.4789316505922905,8.231401866598261e-32,0.011986338767056584,-3.938471575725739,-0.29049153380015014,-0.3010999999999058,-3.585193854752889,landing,,,,-0.11472237930372131
752.983,63.97573461,-22.60542894,151.16,3.404,-0.3193,3.9219,359.7099,0.0058,-0.0111,-0.0872,4.721,7.154,0.0442,12.0752,-0.0585,1.0,1.0,1.0,-0.03,611.0,0.0,3.01,150.0,1,752.983,0.004213412202777267,0.0677586946263907,-0.03,0.009236648788388702,0.0,1.0,0.3560069597586807,1254.2718891968327,0.3744926150067782,4.659999999999997,-0.09600000000000009,7.4789316505922905,6.859501555498551e-32,0.011922270847593435,-3.9254399519655885,-0.2975752682364998,-0.31009999999992033,-3.5889374703551566,landing,,,,-0.11409779121444075
753.083,63.97573757,-22.60542897,151.164,3.404,-0.3188,3.9208,359.7022,0.0055,-0.0136,-0.0819,4.42,6.832,0.0422,11.5316,-0.057,1.0,1.0,1.0,-0.03,610.9,0.0,3.01,150.0,1,753.083,0.004206582074128384,0.06792104907790306,-0.03,0.00962153266460275,0.0,1.0,0.35656722790063666,1254.6018598294552,0.37290762154297935,4.663999999999987,-0.09600000000000009,7.4789316505922905,5.716251296248792e-32,0.01187398835188847,-3.911167753290511,-0.3032072595970021,-0.31780000000003383,-3.5363067912318984,landing,,,,-0.1136272136162404
753.183,63.97574064,-22.60542901,151.168,3.404,-0.3183,3.9194,359.6942,0.0051,-0.0148,-0.0761,4.093,6.48,0.0401,10.9376,-0.0553,1.0,1.0,1.0,-0.03,610.7,0.0,3.01,150.0,1,753.183,0.004199753030255604,0.06809196452056318,-0.03,0.01002771747590181,0.0,1.0,0.3571896281289343,1254.9440927325204,0.37082841018051993,4.668000000000006,-0.09600000000000009,7.4789316505922905,4.7635427468739933e-32,0.01181002904921111,-3.8969495245412853,-0.3096823443368635,-0.32579999999995835,-3.512097082938022,landing,,,,-0.11300400371549557
753.275,63.97574308,-22.60542903,151.172,3.403,-0.3179,3.9182,359.688,0.0048,-0.0156,-0.0721,3.824,6.187,0.0383,10.4417,-0.0536,1.0,1.0,1.0,-0.03,610.7,0.0,3.01,150.0,1,753.275,0.004194290575090132,0.06822944932054806,-0.03,0.010334635824071348,0.0,1.0,0.3577099040466263,1255.2160956328662,0.369753588657872,4.671999999999997,-0.09699999999999998,7.4789316505922905,3.969618955728328e-32,0.01177757914115789,-3.883915342051708,-0.3141117641602875,-0.33199999999999363,-3.458625806623543,landing,,,,-0.11268788574303557
753.375,63.97574608,-22.60542907,151.176,3.403,-0.3174,3.9165,359.6804,0.005,-0.0158,-0.068,3.478,5.804,0.0359,9.7958,-0.0513,1.0,1.0,1.0,-0.03,610.7,0.0,3.01,150.0,1,753.375,0.004187463479666309,0.06840322132886509,-0.03,0.010721931021836162,0.0,1.0,0.35838639278429135,1255.5505251643795,0.36767710136011084,4.675999999999988,-0.09699999999999998,7.4789316505922905,3.308015796440273e-32,0.01171361560767002,-3.869797596017432,-0.32005171799065124,-0.33960000000001855,-3.458750733294058,landing,,,,-0.11206490638194566
753.483,63.97574888,-22.6054291,151.179,3.403,-0.3169,3.9148,359.6733,0.0049,-0.016,-0.0642,3.138,5.42,0.0335,9.1486,-0.0487,1.0,1.0,1.0,-0.03,610.8,0.0,3.01,150.0,1,753.483,0.004180637464409109,0.06857135084644791,-0.03,0.011078454043731978,0.0,1.0,0.3590545339196032,1255.8626595189428,0.3660983339321336,4.679000000000002,-0.09699999999999998,7.4789316505922905,2.756679830366894e-32,0.01166534316318513,-3.854606467610153,-0.32499509288487616,-0.3467000000000553,-3.43051413464457,landing,,,,-0.11159487061001272
753.583,63.9757513,-22.60542913,151.183,3.403,-0.3164,3.9132,359.667,0.0047,-0.0162,-0.0609,2.833,5.066,0.0314,8.5501,-0.0462,1.0,1.0,1.0,-0.03,611.0,0.0,3.01,150.0,1,753.583,0.004173812527671739,0.06872151767124354,-0.03,0.01139719611576595,0.0,1.0,0.35965719401199436,1256.1324327133127,0.36453435316510296,4.682999999999993,-0.09699999999999998,7.4789316505922905,2.2972331919724116e-32,0.011617251469301574,-3.840596054237852,-0.3295916131552872,-0.3530000000000655,-3.395921940585909,landing,,,,-0.1111266958429411
753.675,63.97575338,-22.60542916,151.185,3.403,-0.316,3.9117,359.6615,0.0045,-0.0162,-0.0577,2.564,4.74,0.0294,8.0005,-0.0437,1.0,1.0,1.0,-0.03,611.3,0.0,3.01,150.0,1,753.675,0.004168353353709409,0.06885614295285122,-0.03,0.011678170307301672,0.0,1.0,0.36019834432815745,1256.3643038166088,0.3629836028983232,4.685000000000002,-0.09699999999999998,7.4789316505922905,1.914360993310343e-32,0.011569323105913845,-3.8277538486124474,-0.33295552333913747,-0.3585000000000491,-3.353012040848895,landing,,,,-0.11066021100225498
753.792,63.97575582,-22.60542919,151.189,3.403,-0.3155,3.9098,359.655,0.0044,-0.0153,-0.0537,2.24,4.325,0.0269,7.3,-0.0405,1.0,1.0,1.0,-0.03,611.8,0.0,3.01,150.0,1,753.792,0.0041615303541572835,0.06902300851759766,-0.03,0.01200630859384444,0.0,1.0,0.3608654157482248,1256.6363065459343,0.3614188440508065,4.688999999999993,-0.09699999999999998,7.4789316505922905,1.595300827758619e-32,0.01152119306566823,-3.811477629014165,-0.337870583950604,-0.3650000000000091,-3.2999410161561755,landing,,,,-0.11019186319362717
753.892,63.97575773,-22.60542921,151.191,3.403,-0.3151,3.9084,359.6498,0.0037,-0.0147,-0.0505,1.987,3.969,0.0247,6.6988,-0.0376,1.0,1.0,1.0,-0.03,612.2,0.0,3.01,150.0,1,753.892,0.004156072727808102,0.06916259200617966,-0.03,0.012265935959384966,0.0,1.0,0.36141658142633765,1256.8492267739211,0.36036464609820623,4.6910000000000025,-0.09699999999999998,7.4789316505922905,1.3294173564655158e-32,0.01148894869480363,-3.7976238087146346,-0.34159471637332217,-0.37019999999995434,-3.229946378323744,landing,,,,-0.1098781528001993
753.983,63.97575948,-22.60542924,151.194,3.403,-0.3147,3.907,359.6449,0.0034,-0.0144,-0.0469,1.769,3.612,0.0225,6.0969,-0.0346,1.0,1.0,1.0,-0.03,612.8,0.0,3.01,150.0,1,753.983,0.004150615787916256,0.06929967860860717,-0.03,0.012518543768384682,0.0,1.0,0.3619487994519299,1257.04431055362,0.3588267370303431,4.693999999999988,-0.09699999999999998,7.4789316505922905,1.1078477970545965e-32,0.011441159877103174,-3.7850632042793984,-0.34515092745630227,-0.3750999999999749,-3.154097107167692,landing,,,,-0.10941329019071588
754.083,63.97576094,-22.60542926,151.196,3.403,-0.3144,3.9056,359.6407,0.0029,-0.0145,-0.0429,1.611,3.285,0.0205,5.5442,-0.0318,1.0,1.0,1.0,-0.03,613.3,0.0,3.01,150.0,1,754.083,0.0041465235329773975,0.06942301261314995,-0.03,0.01273095890895104,0.0,1.0,0.36241787238785783,1257.2070662498622,0.3577900498033875,4.695999999999998,-0.09699999999999998,7.4789316505922905,9.232064975454971e-33,0.011409138554309214,-3.7713054130763664,-0.3486291635356622,-0.3793000000000575,-3.0109973701524146,landing,,,,-0.10910185952412377
754.183,63.97576237,-22.60542927,151.198,3.403,-0.3142,3.9042,359.6366,0.002,-0.0135,-0.0389,1.5,2.927,0.0183,4.9408,-0.0287,1.0,1.0,1.0,-0.03,614.0,0.0,3.01,150.0,1,754.183,0.004143795577096543,0.06948617833549084,-0.03,0.012931498300173594,0.0,1.0,0.3626539885596647,1257.3664778146908,0.3572444674571817,4.6980000000000075,-0.09699999999999998,7.4789316505922905,7.693387479545809e-33,0.011392751898026299,-3.7575951198429727,-0.3833999999999378,-0.3833999999999378,-2.838179427411263,landing,,,,-0.10894250428691521
754.283,63.97576364,-22.60542929,151.199,3.403,-0.3141,3.903,359.6329,0.0007,-0.0043,-0.0351,1.468,2.57,0.0158,4.3371,-0.0254,1.0,1.0,1.0,-0.03,614.7,0.0,3.01,150.0,1,754.283,0.0041424316633401626,0.06948617833549084,-0.03,0.013120313388023663,0.0,1.0,0.3626539885596647,1257.50805293044,0.356215173647868,4.699000000000012,-0.09699999999999998,7.4789316505922905,6.411156232954841e-33,0.011360822303911123,-3.743933720546435,-0.3870999999999185,-0.3870999999999185,-2.6092540249193235,landing,,,,-0.10863203154682566
754.375,63.97576466,-22.60542931,151.201,3.402,-0.314,3.9041,359.6298,0.0011,0.0213,-0.0313,1.513,2.241,0.0138,3.7818,-0.0223,1.0,1.0,1.0,-0.03,615.3,0.0,3.01,150.0,1,754.375,0.004141067792355457,0.06948617833549084,-0.03,0.013280813921163537,0.0,1.0,0.3626539885596647,1257.6217588624145,0.3551956080192838,4.700999999999993,-0.09799999999999986,7.4789316505922905,5.342630194129034e-33,0.011329022201348293,-3.731410053760904,-0.39020000000004984,-0.39020000000004984,-2.3275827104009585,landing,,,,-0.10832286096594146
754.475,63.97576561,-22.60542932,151.202,3.402,-0.3139,3.9063,359.6269,0.0008,0.0215,-0.0264,1.636,1.882,0.0116,3.1756,-0.0189,1.0,1.0,1.0,-0.03,615.9,0.0,3.01,150.0,1,754.475,0.004139703964129271,0.06948617833549084,-0.03,0.013424725492365952,0.0,1.0,0.3626539885596647,1257.727661593065,0.3546687037805428,4.701999999999998,-0.09799999999999986,7.4789316505922905,4.452191828440862e-33,0.011312883438348145,-3.7178407319045297,-0.393100000000004,-0.393100000000004,-2.0041661003645332,landing,,,,-0.10816597123266547
754.6,63.97576651,-22.60542933,151.203,3.402,-0.3138,3.9089,359.6242,-0.0,0.0239,-0.0208,1.856,1.462,0.009,2.4682,-0.0148,1.0,1.0,1.0,-0.03,616.6,0.0,3.01,150.0,1,754.6,0.0041383401786485585,0.06948617833549084,-0.03,0.01355920612403283,0.0,1.0,0.3626539885596647,1257.8279904863268,0.3541437450041083,4.703000000000003,-0.09799999999999986,7.4789316505922905,3.7101598570340515e-33,0.011296769774434952,-3.700937632633123,-0.39580000000000837,-0.39580000000000837,-1.6619691821495755,landing,,,,-0.10800933648253164
754.683,63.97576706,-22.60542934,151.204,3.402,-0.3139,3.9113,359.6224,0.0008,0.0298,-0.0165,2.071,1.133,0.007,1.912,-0.0118,1.0,1.0,1.0,-0.03,617.1,0.0,3.01,150.0,1,754.683,0.004139703964129271,0.06948617833549084,-0.03,0.013651229562702927,0.0,1.0,0.3626539885596647,1257.889302521829,0.35363240568086074,4.704000000000008,-0.09799999999999986,7.4789316505922905,3.0917998808617095e-33,0.011280843720382468,-3.689762061820717,-0.3976000000000113,-0.3976000000000113,-1.2753936705192441,landing,,,,-0.1078545361886043
754.775,63.97576747,-22.60542934,151.204,3.402,-0.3139,3.9144,359.6213,-0.0043,0.038,-0.0066,2.313,0.803,0.0049,1.3553,-0.0082,1.0,1.0,1.0,-0.03,617.6,0.0,3.01,150.0,1,754.775,0.004139703964129271,0.06948617833549084,-0.03,0.013703113584408788,0.0,1.0,0.3626539885596647,1257.9350079844553,0.3536164514640332,4.704000000000008,-0.09799999999999986,7.4789316505922905,2.576499900718091e-33,0.011280621839165329,-3.677408974288599,-0.39869999999996253,-0.39869999999996253,-0.9203183565984822,landing,,,,-0.10785237959200344
754.892,63.97576779,-22.60542935,151.205,3.402,-0.3141,3.9195,359.6206,-0.0068,0.0506,-0.0008,2.647,0.383,0.0022,0.6457,-0.0036,1.0,1.0,1.0,-0.03,618.1,0.0,3.01,150.0,1,754.892,0.0041424316633401626,0.06948617833549084,-0.03,0.013743296089264945,0.0,1.0,0.3626539885596647,1257.9706803695537,0.3531140620675211,4.7050000000000125,-0.09799999999999986,7.4789316505922905,2.1470832505984093e-33,0.011264818987846701,-3.661749095467285,-0.3994000000000142,-0.3994000000000142,-0.5771347919350738,landing,,,,-0.10769878753980322
754.983,63.97576788,-22.60542935,151.205,3.402,-0.3144,3.9246,359.6206,-0.001,0.0618,-0.003,2.924,0.052,0.0001,0.0871,-0.0009,1.0,1.0,1.0,-0.03,618.5,0.0,3.01,150.0,1,754.983,0.0041465235329773975,0.06948617833549084,-0.03,0.013743318414246142,0.0,1.0,0.3626539885596647,1257.9807132760611,0.3531105599223369,4.7050000000000125,-0.09799999999999986,7.4789316505922905,1.789236042165341e-33,0.011264770191456611,-3.6496166957902925,-0.3994000000000142,-0.3994000000000142,-0.24794471594465117,landing,,,,-0.10769831329118773
755.083,63.97576786,-22.60542935,151.205,3.402,-0.3148,4.005,359.6201,-0.0037,1.6483,-0.01,3.018,0.058,-0.0019,-0.098,0.0004,1.0,1.0,1.0,-0.03,618.8,0.0,3.01,150.0,1,755.083,0.0041519799585799655,0.06948617833549084,-0.03,0.013766850614685078,0.0,1.0,0.3626539885596647,1257.9784837411057,0.3531113381768837,4.7050000000000125,-0.09799999999999986,7.4789316505922905,1.4910300351377843e-33,0.011264781035146823,-3.636324828700807,-0.39990000000000236,-0.39990000000000236,-0.13994974176788427,landing,,,,-0.10769841868022922
755.183,63.97576783,-22.60542935,151.206,3.402,-0.3151,4.1884,359.619,-0.0027,1.869,-0.0112,3.025,0.066,-0.0025,-0.1109,0.0006,1.0,1.0,1.0,-0.03,619.1,0.0,3.01,150.0,1,755.183,0.004156072727808102,0.06948617833549084,-0.03,0.013818624567105697,0.0,1.0,0.3626539885596647,1257.9751394394646,0.3531125055584275,4.705999999999989,-0.09799999999999986,7.4789316505922905,1.242525029281487e-33,0.011264797300627809,-3.6230772662084054,-0.4009999999999536,-0.4009999999999536,-0.12086340160716887,landing,,,,-0.10769857676326922
755.283,63.97576779,-22.60542935,151.207,3.402,-0.3153,4.3618,359.6179,-0.0019,1.5358,-0.0092,3.015,0.054,-0.0023,-0.0912,0.0005,1.0,1.0,1.0,-0.03,619.4,0.0,3.01,150.0,1,755.283,0.004158801455122818,0.06948617833549084,-0.03,0.013870395540681368,0.0,1.0,0.3626539885596647,1257.9706803695537,0.3531140620675211,4.706999999999994,-0.09799999999999986,7.4789316505922905,1.0354375244012391e-33,0.011264818987846701,-3.609873860088923,-0.40210000000001855,-0.40210000000001855,-0.11896672873378762,landing,,,,-0.10769878753980322
755.375,63.97576777,-22.60542935,151.208,3.402,-0.3155,4.4968,359.6171,-0.0013,1.136,-0.0068,3.003,0.04,-0.0018,-0.0675,0.0004,1.0,1.0,1.0,-0.03,619.6,0.0,3.01,150.0,1,755.375,0.0041615303541572835,0.06948617833549084,-0.03,0.013908049098743103,0.0,1.0,0.3626539885596647,1257.9684508345983,0.35311484032206797,4.707999999999998,-0.09799999999999986,7.4789316505922905,8.628646036676992e-34,0.011264829831415767,-3.597767215906829,-0.4029000000000451,-0.4029000000000451,-0.120009279086054,landing,,,,-0.10769889292768653
755.475,63.97576775,-22.60542935,151.208,3.402,-0.3156,4.5875,359.6166,-0.001,0.8273,-0.005,2.993,0.029,-0.0013,-0.0491,0.0003,1.0,1.0,1.0,-0.03,619.8,0.0,3.01,150.0,1,755.475,0.00416289486810234,0.06948617833549084,-0.03,0.01393158057751298,0.0,1.0,0.3626539885596647,1257.9662213004349,0.35311561857633833,4.707999999999998,-0.09799999999999986,7.4789316505922905,7.190538363897493e-34,0.011264840674954054,-3.5846481744529743,-0.4033999999999196,-0.4033999999999196,-0.11819025371459269,landing,,,,-0.10769899831527141
755.592,63.97576773,-22.60542935,151.209,3.401,-0.3157,4.6673,359.6161,-0.0006,0.5379,-0.0032,2.985,0.019,-0.0009,-0.0319,0.0002,1.0,1.0,1.0,-0.03,620.0,0.0,3.01,150.0,1,755.592,0.004164259425016914,0.06948617833549084,-0.03,0.013955111952504096,0.0,1.0,0.3626539885596647,1257.9639917654795,0.3531163968308851,4.709000000000003,-0.0990000000000002,7.4789316505922905,5.992115303247911e-34,0.011264851518469274,-3.569350058944952,-0.40390000000002146,-0.40390000000002146,-0.11366169141109252,landing,,,,-0.10769910370264313
755.692,63.97576772,-22.60542935,151.209,3.401,-0.3157,4.7127,359.6158,-0.0004,0.3676,-0.0022,2.98,0.013,-0.0006,-0.0218,0.0001,1.0,1.0,1.0,-0.03,620.1,0.0,3.01,150.0,1,755.692,0.004164259425016914,0.06948617833549084,-0.03,0.013969231223684542,0.0,1.0,0.3626539885596647,1257.9628769980018,0.35311678595815854,4.709000000000003,-0.0990000000000002,7.4789316505922905,4.993429419373259e-34,0.01126485694021679,-3.5563257397211108,-0.40419999999994616,-0.40419999999994616,-0.10787426491917389,landing,,,,-0.10769915639622951
755.792,63.97576772,-22.60542935,151.209,3.401,-0.3158,4.7437,359.6156,-0.0002,0.2498,-0.0015,2.976,0.009,-0.0004,-0.0148,0.0001,1.0,1.0,1.0,-0.03,620.2,0.0,3.01,150.0,1,755.792,0.004165624024914216,0.06948617833549084,-0.03,0.01397864570393581,0.0,1.0,0.3626539885596647,1257.9628769980018,0.35311678595815854,4.709000000000003,-0.0990000000000002,7.4789316505922905,4.161191182811049e-34,0.01126485694021679,-3.5433448348946825,-0.40440000000000964,-0.40440000000000964,-0.10170387719924817,landing,,,,-0.10769915639622951
755.883,63.97576771,-22.60542935,151.209,3.401,-0.3158,4.7633,359.6155,-0.0001,0.1749,-0.001,2.974,0.006,-0.0002,-0.0104,0.0001,1.0,1.0,1.0,-0.03,620.3,0.0,3.01,150.0,1,755.883,0.004165624024914216,0.06948617833549084,-0.03,0.013983350457401844,0.0,1.0,0.3626539885596647,1257.961762230524,0.35311717508543194,4.709000000000003,-0.0990000000000002,7.4789316505922905,3.4676593190092075e-34,0.011264862361957574,-3.531571586420563,-0.40449999999998454,-0.40449999999998454,-0.0944560721791363,landing,,,,-0.10769920908975195
755.983,63.97576771,-22.60542935,151.209,3.401,-0.3158,4.778,359.6154,-0.0001,0.1183,-0.0007,2.972,0.004,-0.0001,-0.007,0.0,1.0,1.0,1.0,-0.03,620.4,0.0,3.01,150.0,1,755.983,0.004165624024914216,0.06948617833549084,-0.03,0.01398805768710698,0.0,1.0,0.3626539885596647,1257.961762230524,0.35311717508543194,4.709000000000003,-0.0990000000000002,7.4789316505922905,2.8897160991743394e-34,0.011264862361957574,-3.5186731948963104,-0.40459999999995944,-0.40459999999995944,-0.08768733834467123,landing,,,,-0.10769920908975195
756.083,63.97576771,-22.60542935,151.209,3.401,-0.3158,4.788,359.6154,0.0,0.08,-0.0005,2.971,0.003,-0.0001,-0.0048,0.0,1.0,1.0,1.0,-0.03,620.4,0.0,3.01,150.0,1,756.083,0.004165624024914216,0.06948617833549084,-0.03,0.01398805768710698,0.0,1.0,0.3626539885596647,1257.961762230524,0.35311717508543194,4.709000000000003,-0.0990000000000002,7.4789316505922905,2.4080967493119493e-34,0.011264862361957574,-3.5058177980104572,-0.40459999999995944,-0.40459999999995944,-0.0806248530406099,landing,,,,-0.10769920908975195
756.183,63.97576771,-22.60542935,151.209,3.401,-0.3158,4.7947,359.6153,0.0,0.0541,-0.0003,2.97,0.002,-0.0,-0.0032,0.0,1.0,1.0,1.0,-0.03,620.4,0.0,3.01,150.0,1,756.183,0.004165624024914216,0.06948617833549084,-0.03,0.013992764912646893,0.0,1.0,0.3626539885596647,1257.961762230524,0.35311717508543194,4.709000000000003,-0.0990000000000002,7.4789316505922905,2.006747291093291e-34,0.011264862361957574,-3.493005252447557,-0.404700000000048,-0.404700000000048,-0.0742044118550996,landing,,,,-0.10769920908975195
756.283,63.9757677,-22.60542935,151.209,3.401,-0.3158,4.7993,359.6153,0.0001,0.0366,-0.0002,2.97,0.001,-0.0,-0.0022,0.0,1.0,1.0,1.0,-0.03,620.4,0.0,3.01,150.0,1,756.283,0.004165624024914216,0.06948617833549084,-0.03,0.013992762432248229,0.0,1.0,0.3626539885596647,1257.9606474630461,0.3531175642127054,4.709000000000003,-0.0990000000000002,7.4789316505922905,1.672289409244409e-34,0.011264867783691629,-3.4802354148276935,-0.404700000000048,-0.404700000000048,-0.06745855623190873,landing,,,,-0.10769926178321043
756.383,63.9757677,-22.60542935,151.209,3.401,-0.3158,4.8023,359.6153,0.0001,0.0247,-0.0001,2.969,0.001,-0.0,-0.0015,0.0,1.0,1.0,1.0,-0.03,620.4,0.0,3.01,150.0,1,756.383,0.004165624024914216,0.06948617833549084,-0.03,0.013992762432248229,0.0,1.0,0.3626539885596647,1257.9606474630461,0.3531175642127054,4.709000000000003,-0.0990000000000002,7.4789316505922905,1.3935745077036742e-34,0.011264867783691629,-3.4675081433332293,-0.404700000000048,-0.404700000000048,-0.062235051119917124,landing,,,,-0.10769926178321043
756.483,63.9757677,-22.60542935,151.209,3.401,-0.3158,4.8044,359.6153,0.0001,0.0167,-0.0001,2.969,0.001,-0.0,-0.001,0.0,1.0,1.0,1.0,-0.03,620.3,0.0,3.01,150.0,1,756.483,0.004165624024914216,0.06948617833549084,-0.03,0.013992762432248229,0.0,1.0,0.3626539885596647,1257.9606474630461,0.3531175642127054,4.709000000000003,-0.0990000000000002,7.4789316505922905,1.161312089753062e-34,0.011264867783691629,-3.454823296077094,-0.404700000000048,-0.404700000000048,-0.05657731919992466,landing,,,,-0.10769926178321043
756.583,63.9757677,-22.60542935,151.209,3.401,-0.3158,4.8058,359.6153,0.0001,0.0113,-0.0001,2.969,0.0,-0.0,-0.0007,0.0,1.0,1.0,1.0,-0.03,620.3,0.0,3.01,150.0,1,756.583,0.004165624024914216,0.06948617833549084,-0.03,0.013992762432248229,0.0,1.0,0.3626539885596647,1257.9606474630461,0.3531175642127054,4.709000000000003,-0.0990000000000002,7.4789316505922905,9.677600747942183e-35,0.011264867783691629,-3.4421807316451316,-0.404700000000048,-0.404700000000048,-0.051433926545386054,landing,,,,-0.10769926178321043
756.683,63.9757677,-22.60542935,151.209,3.401,-0.3158,4.8068,359.6153,0.0001,0.0077,-0.0,2.969,0.0,0.0,-0.0005,0.0,1.0,1.0,1.0,-0.03,620.2,0.0,3.01,150.0,1,756.683,0.004165624024914216,0.06948617833549084,-0.03,0.013992762432248229,0.0,1.0,0.3626539885596647,1257.9606474630461,0.3531175642127054,4.709000000000003,-0.0990000000000002,7.4789316505922905,8.064667289951819e-35,0.011264867783691629,-3.429580309094609,-0.404700000000048,-0.404700000000048,-0.04675811504126005,landing,,,,-0.10769926178321043
756.783,63.9757677,-22.60542935,151.209,3.401,-0.3158,4.8074,359.6152,0.0001,0.0052,-0.0,2.969,0.0,0.0,-0.0003,0.0,1.0,1.0,1.0,-0.03,620.2,0.0,3.01,150.0,1,756.783,0.004165624024914216,0.06948617833549084,-0.03,0.013997469653612926,0.0,1.0,0.3626539885596647,1257.9606474630461,0.3531175642127054,4.709000000000003,-0.0990000000000002,7.4789316505922905,6.720556074959849e-35,0.011264867783691629,-3.4170218879525884,-0.4048000000000229,-0.4048000000000229,-0.042507377310236405,landing,,,,-0.10769926178321043
756.883,63.9757677,-22.60542935,151.209,3.401,-0.3157,4.8079,359.6152,0.0001,0.0036,-0.0,2.969,0.0,0.0,-0.0002,0.0,1.0,1.0,1.0,-0.03,620.1,0.0,3.01,150.0,1,756.883,0.004164259425016914,0.06948617833549084,-0.03,0.013997469653612926,0.0,1.0,0.3626539885596647,1257.9606474630461,0.3531175642127054,4.709000000000003,-0.0990000000000002,7.4789316505922905,5.600463395799874e-35,0.011264867783691629,-3.4045053282143747,-0.4048000000000229,-0.4048000000000229,-0.03864307028203309,landing,,,,-0.10769926178321043
756.983,63.9757677,-22.60542935,151.209,3.401,-0.3157,4.8082,359.6152,0.0001,0.0025,-0.0,2.969,0.0,0.0,-0.0001,0.0,1.0,1.0,1.0,-0.03,620.0,0.0,3.01,150.0,1,756.983,0.004164259425016914,0.06948617833549084,-0.03,0.013997469653612926,0.0,1.0,0.3626539885596647,1257.9606474630461,0.3531175642127054,4.709000000000003,-0.0990000000000002,7.4789316505922905,4.6670528298332286e-35,0.011264867783691629,-3.392030490341969,-0.4048000000000229,-0.4048000000000229,-0.03513006389275736,landing,,,,-0.10769926178321043
757.083,63.9757677,-22.60542935,151.209,3.401,-0.3157,4.8084,359.6152,0.0001,0.0017,-0.0,2.969,0.0,0.0,-0.0001,0.0,1.0,1.0,1.0,-0.03,620.0,0.0,3.01,150.0,1,757.083,0.004164259425016914,0.06948617833549084,-0.03,0.013997469653612926,0.0,1.0,0.3626539885596647,1257.9606474630461,0.3531175642127054,4.709000000000003,-0.0990000000000002,7.4789316505922905,3.8892106915276904e-35,0.011264867783691629,-3.379597235262457,-0.4048000000000229,-0.4048000000000229,-0.03193642172068851,landing,,,,-0.10769926178321043
757.183,63.9757677,-22.60542935,151.209,3.401,-0.3157,4.8085,359.6152,0.0,0.0012,-0.0,2.968,0.0,0.0,-0.0001,0.0,1.0,1.0,1.0,-0.03,619.9,0.0,3.01,150.0,1,757.183,0.004164259425016914,0.06948617833549084,-0.03,0.013997469653612926,0.0,1.0,0.3626539885596647,1257.9606474630461,0.3531175642127054,4.709000000000003,-0.0990000000000002,7.4789316505922905,3.2410089096064084e-35,0.011264867783691629,-3.3672054243665435,-0.4048000000000229,-0.4048000000000229,-0.029942201564261972,landing,,,,-0.10769926178321043
757.283,63.9757677,-22.60542935,151.209,3.401,-0.3157,4.8086,359.6152,0.0,0.0009,-0.0,2.968,0.0,0.0,-0.0001,0.0,1.0,1.0,1.0,-0.03,619.8,0.0,3.01,150.0,1,757.283,0.004164259425016914,0.06948617833549084,-0.03,0.013997469653612926,0.0,1.0,0.3626539885596647,1257.9606474630461,0.3531175642127054,4.709000000000003,-0.0990000000000002,7.4789316505922905,2.70084075800534e-35,0.011264867783691629,-3.3548549195069497,-0.4048000000000229,-0.4048000000000229,-0.027220183240238158,landing,,,,-0.10769926178321043
757.383,63.9757677,-22.60542935,151.209,3.401,-0.3157,4.8087,359.6152,0.0,0.0007,-0.0,2.968,0.0,0.0,-0.0,0.0,1.0,1.0,1.0,-0.03,619.7,0.0,3.01,150.0,1,757.383,0.004164259425016914,0.06948617833549084,-0.03,0.013997469653612926,0.0,1.0,0.3626539885596647,1257.9606474630461,0.3531175642127054,4.709000000000003,-0.0990000000000002,7.4789316505922905,2.2507006316711166e-35,0.011264867783691629,-3.342545582996888,-0.4048000000000229,-0.4048000000000229,-0.024745621127489233,landing,,,,-0.10769926178321043
757.475,63.9757677,-22.60542935,151.209,3.401,-0.3157,4.8088,359.6152,0.0,0.0005,-0.0,2.968,0.0,0.0,-0.0,0.0,1.0,1.0,1.0,-0.03,619.7,0.0,3.01,150.0,1,757.475,0.004164259425016914,0.06948617833549084,-0.03,0.013997469653612926,0.0,1.0,0.3626539885596647,1257.9606474630461,0.3531175642127054,4.709000000000003,-0.0990000000000002,7.4789316505922905,1.8755838597259303e-35,0.011264867783691629,-3.3312587420395996,-0.4048000000000229,-0.4048000000000229,-0.022496019206808392,landing,,,,-0.10769926178321043
