sim_time,lat,lon,alt_ft,agl_ft,roll,pitch,heading,roll_rate,pitch_rate,yaw_rate,ias,gs_kt,vs_fps,vn_fps,ve_fps,wow0,wow1,wow2,elevator_trim,rpm,crashed,wind_kt,wind_from,wow,t,cmd_aileron,cmd_elevator,cmd_elevator_trim,cmd_rudder,cmd_throttle,cmd_flaps,cmd_brake,x,y,h,agl,gs_angle,gs_rate,loc_angle,loc_int,track_err,hdg_err,hdg_int,ias_rate,phase,track_des,roll_des,vs_des,hdg_des
0.217,63.93761728,-22.60546438,801.812,725.356,0.0,0.424,60.0,0.0,0.0,0.0,81.645,82.746,1.0335,69.8294,120.9481,0.0,0.0,0.0,-0.03,0.0,0.0,3.7,150.0,0,0.217,-0.1317320880467269,0.12896556974708012,-0.03,-0.07475927213407796,0.6405380913537283,0.3333333333333333,0.0,-2994.9243474959057,0.12140402582058063,655.312,721.856,3.4179357981237537,0.0,0.00114994632018536,0.00011499463201853601,59.98000642828063,59.97999999999999,0.0,0.0,final_approach,-0.0015275485956749435,-12.39975128652077,-5.107432160476417,
0.425,63.93765864,-22.60530204,801.782,725.423,-0.365,0.8285,60.2553,-2.5869,2.7479,2.3993,81.338,82.364,-0.9979,69.776,120.2351,0.0,0.0,0.0,-0.03,0.0,0.0,3.7,150.0,0,0.425,-0.1317320880467269,0.11519435798886182,-0.03,-0.07475927213407796,0.6405036334546046,0.3333333333333333,0.0,-2990.3108932441482,8.07343646934595,655.282,721.923,3.4224898035370486,0.0036490427991144802,0.07653040502641914,0.01603252158139839,59.852133395165055,60.235299999999995,0.0,-0.13417832167832264,final_approach,-0.10260597337853028,-12.39975128652077,-5.108472627170343,
1.425,63.9376984,-22.60514683,801.516,725.071,-1.5959,0.7489,60.8565,-7.8899,-3.2285,3.2918,80.98,82.001,-1.5661,69.7082,119.5661,0.0,0.0,0.0,-0.03,0.0,0.0,3.7,150.0,0,1.425,-0.1317320880467269,0.11124713184336713,-0.03,-0.07475927213407796,0.640478594314896,0.3333333333333333,0.0,-2985.875923712101,15.67620588966683,655.016,721.571,3.4256420984062967,0.004091633955678125,0.14870809115680428,0.09011935846677721,59.73739844776159,60.8365,0.0,-0.18707120152574602,final_approach,-0.20603154613955255,-12.39975128652077,-5.109228632851259,
1.575,63.93788993,-22.60441288,797.091,720.774,-8.4688,-2.9213,62.7261,-5.5258,-2.9323,-1.1712,79.812,80.732,-7.6258,70.4914,116.6104,0.0,0.0,0.0,-0.03,323.9,0.0,3.7,150.0,0,1.575,-0.11216179993827335,0.05040118117382145,-0.03,-0.07475927213407796,0.640488275513525,0.3333333333333333,0.0,-2964.5122319374445,51.62769991896174,650.591,717.274,3.424437739200722,0.0020715180679822132,0.49147972868635054,0.16339072097739588,58.82688947291052,62.70609999999999,0.0,-0.8779435165385614,final_approach,-0.6655046576291177,-12.39975128652077,-5.108936334691943,
1.625,63.93791894,-22.6043044,795.878,719.679,-9.2968,-3.3453,62.4829,-5.5435,-2.7257,-2.1011,79.684,80.582,-8.4939,70.793,116.1313,0.0,0.0,0.0,-0.03,365.9,0.0,3.7,150.0,0,1.625,-0.08739379332266778,0.04068249571002995,-0.03,-0.07475927213407796,0.6405120560610742,0.3333333333333333,0.0,-2961.276436522394,56.94141072133324,649.378,716.179,3.4214010112768407,-0.008396161356286257,0.5423533074640174,0.19023606848230112,58.61374538752841,62.46289999999999,0.0,-1.0308577423077832,final_approach,-0.7354483526227646,-12.39975128652077,-5.108218312663379,
1.717,63.9379416,-22.60422034,794.845,718.568,-9.9041,-3.5692,62.1885,-4.6291,-0.9626,-3.0069,79.591,80.472,-9.1551,71.0707,115.7422,0.0,0.0,0.0,-0.03,397.7,0.0,3.7,150.0,0,1.717,-0.06752635827859862,0.033953479008003384,-0.03,-0.07475927213407796,0.6405333768927672,0.6666666666666666,0.0,-2958.7489360296495,61.058941771040246,648.345,715.068,3.4185750108820363,-0.01211636706285522,0.5818136520746602,0.24317953386315752,58.42828142260913,62.168499999999995,0.0,-1.0290406352995691,final_approach,-0.793309727523944,-12.39975128652077,-5.107574520580638,
1.808,63.93795946,-22.60415452,793.986,717.788,-10.2853,-3.6127,61.8873,-3.5753,0.0394,-3.6001,79.519,80.39,-9.5477,71.334,115.4182,0.0,0.0,0.0,-0.03,422.2,0.0,3.7,150.0,0,1.808,-0.05438171654953877,0.030336093078084922,-0.03,-0.07475927213407796,0.6405513474472374,0.6666666666666666,0.0,-2956.756835823033,64.28301399523826,647.486,714.288,3.4161086752445002,-0.014614070789624893,0.6127356480456815,0.29820083324926294,58.26194026339988,61.8673,0.0,-1.0074195585640324,final_approach,-0.8401671547240781,-12.39975128652077,-5.107031863781458,
1.925,63.9379823,-22.60407102,792.853,716.627,-10.6511,-3.5672,61.4356,-2.7154,0.6932,-4.1463,79.42,80.291,-9.8372,71.7306,114.976,0.0,0.0,0.0,-0.03,452.8,0.0,3.7,150.0,0,1.925,-0.041332250650820634,0.027919169779083985,-0.03,-0.07475927213407796,0.6405747394197262,0.6666666666666666,0.0,-2954.209279094414,68.37310155289912,646.353,713.127,3.412768645921918,-0.01693626885258237,0.6519947746853102,0.3733212386377721,58.02101052468515,61.41559999999998,0.0,-0.9927590392540184,final_approach,-0.9002371400061264,-12.39975128652077,-5.106325458272025,
2.017,63.93800033,-22.60400565,791.948,715.631,-10.8897,-3.4954,61.0432,-2.4136,0.87,-4.4248,79.335,80.216,-9.9072,72.0869,114.603,0.0,0.0,0.0,-0.03,476.6,0.0,3.7,150.0,0,2.017,-0.03261637403737372,0.02745280301414034,-0.03,-0.07475927213407796,0.640592830823274,0.6666666666666666,0.0,-2952.198235538177,71.57511998405555,645.448,712.131,3.4100724501237485,-0.018997970054995258,0.6827543848698593,0.4349897902473099,57.80952934544905,61.0232,0.0,-0.9865003123653212,final_approach,-0.9476067178398928,-12.39975128652077,-5.105779093072634,
2.433,63.93800527,-22.60398785,791.7,715.492,-10.9493,-3.4734,60.9321,-2.3305,0.8933,-4.4832,79.311,80.196,-9.9054,72.1901,114.4972,0.0,0.0,0.0,-0.03,483.0,0.0,3.7,150.0,0,2.433,-0.03041652321221394,0.02750597169394435,-0.03,-0.07475927213407796,0.6405976695707244,0.6666666666666666,0.0,-2951.6472360338416,72.4470161214037,645.2,711.992,3.409332931068499,-0.0161279233852722,0.691133989461453,0.7164696714385116,57.74870642484413,60.91210000000001,0.0,-0.902063221031408,final_approach,-0.9903331116066987,-12.39975128652077,-5.105632957234516,
2.508,63.93810053,-22.60365328,787.196,710.966,-12.0287,-3.0796,58.7322,-2.7004,0.8092,-4.4969,78.756,79.772,-8.8156,74.4953,112.1526,0.0,0.0,0.0,-0.03,601.9,0.0,3.7,150.0,0,2.508,0.010581101237830348,0.03904569444330001,-0.03,-0.07475927213407796,0.6406732264377046,0.6666666666666666,0.0,-2941.0222400905373,88.83514101715542,640.696,707.466,3.396495476532715,-0.041967612900580833,0.8489553427660587,0.7783501479673699,56.38663150029157,58.712199999999996,0.0,-1.4927847463921957,final_approach,-1.2044835330096504,-12.39975128652077,-5.103350811602482,
2.617,63.93812269,-22.60357802,786.263,710.008,-12.2811,-2.999,58.255,-1.7225,0.6264,-4.2869,78.6,79.652,-8.4096,75.0809,111.5186,0.0,0.0,0.0,-0.03,628.6,0.0,3.7,150.0,0,2.617,0.020356420101218797,0.0439086139590371,-0.03,-0.07475927213407796,0.6406855409944938,0.6666666666666666,0.0,-2938.5506284648623,92.52154671302242,639.763,706.508,3.394104508242616,-0.03862892556714899,0.8845437129959339,0.871937407146312,56.02923434861748,58.235000000000014,0.0,-1.4871854658611336,final_approach,-1.2616922105757986,-12.39975128652077,-5.102978815755296,
2.725,63.93814331,-22.60350892,785.442,709.261,-12.4175,-2.9445,57.8362,-0.9851,0.4566,-4.0718,78.444,79.531,-8.0231,75.6253,110.9034,0.0,0.0,0.0,-0.03,653.2,0.0,3.7,150.0,0,2.725,0.025646137518096468,0.048841848476302754,-0.03,-0.07475927213407796,0.6406953140298073,0.6666666666666666,0.0,-2936.250796365054,95.90621096743017,638.942,705.761,3.3921262362059346,-0.035243660251453535,0.9172490199896972,0.9678613266394727,55.689827227006475,57.81619999999998,0.0,-1.4832999184596094,final_approach,-1.315361831989108,-12.39975128652077,-5.1026835851892685,
2.817,63.93816233,-22.60344592,784.723,708.563,-12.4922,-2.9054,57.471,-0.6147,0.3818,-3.8755,78.293,79.412,-7.6734,76.1209,110.3197,0.0,0.0,0.0,-0.03,675.5,0.0,3.7,150.0,0,2.817,0.028542933362104284,0.05354006735001918,-0.03,-0.07475927213407796,0.6407030570167338,0.6666666666666666,0.0,-2934.129431369858,98.99207573874335,638.223,705.063,3.3905019535336964,-0.03231225794910644,0.9470923460096734,1.0520257144040017,55.374216431490936,57.45099999999999,0.0,-1.4976639574929218,final_approach,-1.3639387268194696,-12.39975128652077,-5.102449674360894,
2.917,63.93818148,-22.60338325,784.036,707.939,-12.5359,-2.8739,57.1244,-0.3251,0.2944,-3.668,78.136,79.286,-7.3307,76.6104,109.7204,0.0,0.0,0.0,-0.03,697.6,0.0,3.7,150.0,0,2.917,0.03023712950311408,0.05833012951600723,-0.03,-0.07475927213407796,0.640709717590123,0.6666666666666666,0.0,-2931.993580041916,102.06176752090005,637.536,704.439,3.3890602027476175,-0.029329799601053523,0.9768039165075278,1.1461993536734074,55.055985055728115,57.1044,0.0,-1.504239961357212,final_approach,-1.4134501916104867,-12.39975128652077,-5.102248458782505,
3.025,63.93820602,-22.60330399,783.205,707.08,-12.5612,-2.8424,56.7103,-0.1093,0.2429,-3.4134,77.928,79.116,-6.9139,77.2206,108.9402,0.0,0.0,0.0,-0.03,725.2,0.0,3.7,150.0,0,3.025,0.03121775167465174,0.06436892527414012,-0.03,-0.07475927213407796,0.6407168242642758,0.6666666666666666,0.0,-2929.2565853697756,105.94405551824329,636.705,703.58,3.3874719061725114,-0.026892574629128203,1.0144162947097801,1.2516299958288395,54.64966032166387,56.69029999999998,0.0,-1.5425750490452754,final_approach,-1.474552356832696,-12.39975128652077,-5.102033762656447,
3.108,63.93822367,-22.60324773,782.641,706.418,-12.5668,-2.8212,56.4321,-0.0138,0.2512,-3.2453,77.775,78.989,-6.6311,77.6469,108.374,0.0,0.0,0.0,-0.03,744.5,0.0,3.7,150.0,0,3.108,0.03143477981019294,0.06857299113377995,-0.03,-0.07475927213407796,0.6407210244344219,0.6666666666666666,0.0,-2927.2880587740915,108.69975587035454,636.141,702.918,3.386506789212702,-0.024348464720677667,1.0411389115101302,1.3345816824957206,54.3594750023486,56.41210000000001,0.0,-1.5699203622207776,final_approach,-1.518849040213727,-12.39975128652077,-5.101906871570861,
3.225,63.93824853,-22.60316945,781.89,705.686,-12.5618,-2.795,56.0666,0.1011,0.2031,-3.0117,77.557,78.807,-6.2518,78.2307,107.5721,0.0,0.0,0.0,-0.03,770.6,0.0,3.7,150.0,0,3.225,0.031241005173678116,0.07429991593860832,-0.03,-0.07475927213407796,0.6407258316519546,0.6666666666666666,0.0,-2924.51540830583,112.53401756179238,635.39,702.186,3.3853760970362994,-0.02190105988318967,1.0783551577748494,1.4555443673936446,53.95386491960937,56.04660000000001,0.0,-1.596586498677788,final_approach,-1.5811234355571173,-12.39975128652077,-5.101761639301994,
3.317,63.9382682,-22.60310836,781.33,705.272,-12.5494,-2.7749,55.7969,0.173,0.2159,-2.8576,77.383,78.659,-5.9709,78.6781,106.9372,0.0,0.0,0.0,-0.03,790.4,0.0,3.7,150.0,0,3.317,0.03076041000886698,0.07858875140675518,-0.03,-0.07475927213407796,0.6407288042867123,0.6666666666666666,0.0,-2922.321616095019,115.52627901844349,634.83,701.772,3.384662077131998,-0.019544397555377624,1.1074276701864842,1.5529640436574608,53.636552310560575,55.77690000000001,0.0,-1.623379030418549,final_approach,-1.6300759054683311,-12.39975128652077,-5.101671831241106,
3.417,63.93828978,-22.60304212,780.748,704.626,-12.5293,-2.7549,55.5185,0.2321,0.1793,-2.7026,77.19,78.496,-5.676,79.1551,106.2404,0.0,0.0,0.0,-0.03,811.0,0.0,3.7,150.0,0,3.417,0.02998128510707282,0.08310765502587174,-0.03,-0.07475927213407796,0.6407313138436088,0.6666666666666666,0.0,-2919.914815238684,118.77078385321187,634.248,701.126,3.3840499552144605,-0.01730720115871082,1.1389797878760466,1.6616854756328736,53.29180779225038,55.49850000000001,0.0,-1.6512536640168614,final_approach,-1.6835149944793457,-12.39975128652077,-5.10159601296084,
3.508,63.93830967,-22.60298178,780.239,704.145,-12.5058,-2.7388,55.2757,0.2833,0.1642,-2.5899,77.013,78.344,-5.4287,79.5805,105.6014,0.0,0.0,0.0,-0.03,828.9,0.0,3.7,150.0,0,3.508,0.02907023548665344,0.08691619556675183,-0.03,-0.07475927213407796,0.6407330106847833,0.6666666666666666,0.0,-2917.6965109714756,121.72629145283143,633.739,700.645,3.383631027080534,-0.01518993527681288,1.1677480635640523,1.7629101034744494,52.97856826534024,55.25569999999999,0.0,-1.677962871383952,final_approach,-1.732451206745008,-12.39975128652077,-5.101544748019204,
3.625,63.93833515,-22.60290551,779.621,703.558,-12.4687,-2.7194,54.9794,0.36,0.1696,-2.4905,76.792,78.152,-5.1914,80.1006,104.8,0.0,0.0,0.0,-0.03,850.3,0.0,3.7,150.0,0,3.625,0.027631705051185118,0.09069594279271508,-0.03,-0.07475927213407796,0.6407344393262889,0.6666666666666666,0.0,-2914.854779301028,125.4620516242628,633.121,700.058,3.3832750564597087,-0.013165360053790468,1.204148523196018,1.8969201312848332,52.58864404828827,54.95939999999999,0.0,-1.6971379638844037,final_approach,-1.7950018370450387,-12.39975128652077,-5.1015015857456625,
3.717,63.93835527,-22.60284599,779.152,703.014,-12.4327,-2.7023,54.7531,0.4228,0.1915,-2.4465,76.621,78.003,-5.0554,80.4946,104.1796,0.0,0.0,0.0,-0.03,865.9,0.0,3.7,150.0,0,3.717,0.026235629124766624,0.09298185289402384,-0.03,-0.07475927213407796,0.6407351578739287,0.6666666666666666,0.0,-2912.6108494078794,128.37737541662383,632.652,699.514,3.3830948667088094,-0.0112975640863096,1.2325836654072737,2.004500606766362,52.28845185747684,54.73310000000001,0.0,-1.7118250264561836,final_approach,-1.8441623677498704,-12.39975128652077,-5.101479876844735,
3.808,63.9383755,-22.60278682,778.693,702.632,-12.3921,-2.6847,54.5301,0.4623,0.1858,-2.4216,76.453,77.855,-4.9521,80.8779,103.5667,0.0,0.0,0.0,-0.03,880.4,0.0,3.7,150.0,0,3.808,0.02466104072173686,0.09482455573357496,-0.03,-0.07475927213407796,0.6407356123008549,0.6666666666666666,0.0,-2910.3546630597743,131.27554712360754,632.193,699.132,3.3829805064186145,-0.009624087819534482,1.2608774966693548,2.113160140456082,51.992807068050865,54.510099999999994,0.0,-1.7240367373377818,final_approach,-1.8932350237378692,-12.39975128652077,-5.101466147589054,
3.917,63.93839952,-22.60271733,778.162,702.195,-12.34,-2.6647,54.268,0.4996,0.1825,-2.4232,76.258,77.684,-4.8644,81.3187,102.8516,0.0,0.0,0.0,-0.03,896.3,0.0,3.7,150.0,0,3.917,0.02264044416654587,0.09653782883817684,-0.03,-0.07475927213407796,0.6407358551537661,0.6666666666666666,0.0,-2907.675803379428,134.67918662868263,631.662,698.695,3.3829192610608594,-0.00811372051896236,1.294138919394732,2.2465434674931175,51.648655191658634,54.24799999999999,0.0,-1.7299416544605417,final_approach,-1.9515229136266328,-12.39975128652077,-5.101458810451749,
4.033,63.93842367,-22.60264833,777.639,701.66,-12.2845,-2.6449,54.0042,0.5198,0.1778,-2.4535,76.067,77.515,-4.8054,81.7483,102.1459,0.0,0.0,0.0,-0.03,910.8,0.0,3.7,150.0,0,4.033,0.020488250524337615,0.09785942101050021,-0.03,-0.07475927213407796,0.6407358692001948,0.6666666666666666,0.0,-2904.982460102662,138.05881414827363,631.139,698.16,3.382915715906048,-0.0067665273790368675,1.3272018470214992,2.3918122470066385,51.309392225402746,53.98419999999999,0.0,-1.722360751703942,final_approach,-2.0108441073950907,-12.39975128652077,-5.101458386077134,
4.117,63.93844234,-22.60259557,777.24,701.198,-12.2405,-2.6301,53.7983,0.5234,0.1724,-2.4931,75.923,77.387,-4.7748,82.0721,101.609,0.0,0.0,0.0,-0.03,921.0,0.0,3.7,150.0,0,4.117,0.01878240368021844,0.09866963946669328,-0.03,-0.07475927213407796,0.6407357672253514,0.6666666666666666,0.0,-2902.9002870900968,140.64299675997495,630.74,697.698,3.382941446279055,-0.005587720488469404,1.3525076672860976,2.4987258167670516,51.05133289572285,53.7783,0.0,-1.7216266573931853,final_approach,-2.055744371346023,-12.39975128652077,-5.101461466969141,
4.217,63.93846671,-22.60252739,776.724,700.794,-12.1846,-2.612,53.5251,0.5041,0.1579,-2.5599,75.739,77.224,-4.7496,82.4855,100.918,0.0,0.0,0.0,-0.03,933.1,0.0,3.7,150.0,0,4.217,0.0166159727213378,0.0995148376981756,-0.03,-0.07475927213407796,0.6407355315138163,0.6666666666666666,0.0,-2900.182432954869,143.9824408614347,630.224,697.294,3.383000860168604,-0.004557410591142654,1.3852411886003064,2.6289208495711915,50.71909461267603,53.5051,0.0,-1.7323878703574396,final_approach,-2.1128860607407525,-12.39975128652077,-5.101468588347704,
4.308,63.93848743,-22.60247007,776.29,700.245,-12.1393,-2.598,53.2877,0.4723,0.1433,-2.6273,75.586,77.088,-4.7382,82.8296,100.3388,0.0,0.0,0.0,-0.03,942.4,0.0,3.7,150.0,0,4.308,0.014861183554550073,0.10008348383473262,-0.03,-0.07475927213407796,0.6407352300704575,0.6666666666666666,0.0,-2897.8716546430855,146.78995510356725,629.79,696.745,3.3830767188668953,-0.003658906814429485,1.4127892503574877,2.749510278110024,50.44035390269676,53.26769999999999,0.0,-1.727745216808467,final_approach,-2.162175648949166,-12.39975128652077,-5.101477695626919,
4.425,63.93851392,-22.60239759,775.737,699.784,-12.0869,-2.5823,52.9762,0.4201,0.1234,-2.7219,75.394,76.918,-4.7339,83.2604,99.6075,0.0,0.0,0.0,-0.03,952.9,0.0,3.7,150.0,0,4.425,0.012832529756887534,0.10065166061765715,-0.03,-0.07475927213407796,0.6407348035700828,0.6666666666666666,0.0,-2894.917396283618,150.3399897423394,629.237,696.284,3.383183812590176,-0.0028965338506562674,1.4476606826591452,2.908163487896515,50.088260431168976,52.956199999999995,0.0,-1.7198616190100229,final_approach,-2.2251965863375567,-12.39975128652077,-5.101490581146479,
4.517,63.93853483,-22.60234101,775.303,699.402,-12.0494,-2.5714,52.7235,0.3844,0.1115,-2.8003,75.244,76.786,-4.7367,83.5936,99.036,0.0,0.0,0.0,-0.03,960.6,0.0,3.7,150.0,0,4.517,0.011381632577579459,0.10100191629506938,-0.03,-0.07475927213407796,0.6407344117190683,0.6666666666666666,0.0,-2892.58545004685,153.11124123197305,628.803,695.902,3.3832819640071072,-0.002235967670961077,1.4749119754794051,3.0349370216110714,49.813196264353394,52.70349999999999,0.0,-1.711731906609907,final_approach,-2.2747232761907235,-12.39975128652077,-5.101502419819564,
4.617,63.93855774,-22.60227966,774.83,698.888,-12.0142,-2.561,52.4397,0.3107,0.094,-2.8838,75.083,76.642,-4.7441,83.9524,98.4147,0.0,0.0,0.0,-0.03,968.4,0.0,3.7,150.0,0,4.617,0.010020507824929803,0.10130611236083509,-0.03,-0.07475927213407796,0.6407339266550218,0.6666666666666666,0.0,-2890.030468756825,156.11611498080032,628.33,695.388,3.3834031451759445,-0.0016613377777387245,1.504490706329411,3.1752696355053085,49.51425094094816,52.419700000000006,0.0,-1.7024835514635537,final_approach,-2.328749393988499,-12.39975128652077,-5.101517074644665,
4.717,63.93858075,-22.60221869,774.355,698.406,-11.9862,-2.5522,52.1476,0.2398,0.0787,-2.9638,74.923,76.501,-4.7552,84.307,97.7952,0.0,0.0,0.0,-0.03,975.8,0.0,3.7,150.0,0,4.717,0.00893839031058119,0.10154371062587238,-0.03,-0.07475927213407796,0.6407334359359427,0.6666666666666666,0.0,-2887.4643462915897,159.10236722157666,627.855,694.906,3.383525383591852,-0.0011807174549362056,1.5339175029878522,3.318077153685742,49.21612823891442,52.1276,0.0,-1.6931668649668643,final_approach,-2.382816573006874,-12.39975128652077,-5.101531900301499,
4.817,63.93860385,-22.60215811,773.879,697.949,-11.9653,-2.5449,51.8479,0.1705,0.0652,-3.0377,74.765,76.36,-4.7692,84.6584,97.1772,0.0,0.0,0.0,-0.03,982.8,0.0,3.7,150.0,0,4.817,0.008131036279050818,0.10172237025885437,-0.03,-0.07475927213407796,0.6407329225050084,0.6666666666666666,0.0,-2884.8881975896415,162.06950840610446,627.379,694.449,3.3836529000956848,-0.0007714037060592042,1.5631873192655295,3.4633356284333434,48.91841663107289,51.8279,0.0,-1.6828789681516951,final_approach,-2.436914611870435,-12.39975128652077,-5.1015474121109285,
4.908,63.93862511,-22.60210292,773.441,697.532,-11.9522,-2.5394,51.5669,0.1094,0.0543,-3.0981,74.621,76.233,-4.7842,84.9781,96.6115,0.0,0.0,0.0,-0.03,988.8,0.0,3.7,150.0,0,4.908,0.00762516058247642,0.10184126164676081,-0.03,-0.07475927213407796,0.6407324460630313,0.6666666666666666,0.0,-2882.5172582669475,164.7726449938722,626.941,694.032,3.383770885854175,-0.00042674528894986243,1.589880650267882,3.597509316201473,48.645601316084765,51.546899999999994,0.0,-1.6737461149031445,final_approach,-2.486405627940762,-12.39975128652077,-5.101561806388883,
5.017,63.9386484,-22.60204308,772.962,697.086,-11.9441,-2.5344,51.2544,0.0474,0.044,-3.1548,74.465,76.095,-4.8023,85.3251,95.995,0.0,0.0,0.0,-0.03,995.0,0.0,3.7,150.0,0,5.017,0.00731243457566888,0.10192967992582307,-0.03,-0.07475927213407796,0.6407319038647437,0.6666666666666666,0.0,-2879.9199416400147,167.70352342590112,626.462,693.586,3.3839047560525404,-0.00015092658121157557,1.6188535002494964,3.760893397213136,48.347723977744806,51.234399999999994,0.0,-1.6516958008710754,final_approach,-2.542055707437175,-12.39975128652077,-5.1015781872764485,
5.117,63.93867373,-22.60197868,772.44,696.649,-11.94,-2.53,50.9101,0.045,0.0354,-3.2044,74.298,75.948,-4.8237,85.6992,95.3271,0.0,0.0,0.0,-0.03,994.2,0.0,3.7,150.0,0,5.117,0.007154161160691508,0.10197869279131805,-0.03,-0.07475927213407796,0.6407313341975169,0.6666666666666666,0.0,-2877.095134481342,170.85773387783667,625.94,693.149,3.384044954545873,0.00010789200454446501,1.65006971830305,3.913364057719397,48.02441280385602,50.89009999999999,0.0,-1.6533598189737069,final_approach,-2.599352990726036,-12.39975128652077,-5.101595398030202,
5.242,63.93869917,-22.60191473,771.916,696.114,-11.9353,-2.5264,50.5611,0.0356,0.0304,-3.2413,74.133,75.802,-4.8464,86.0707,94.658,0.0,0.0,0.0,-0.03,988.8,0.0,3.7,150.0,0,5.242,0.006972742522831754,0.10198701015520213,-0.03,-0.07475927213407796,0.6407307533236285,0.6666666666666666,0.0,-2874.258072577124,173.98989287131994,625.416,692.614,3.3841874368165725,0.0002798863647199665,1.681105236805631,4.10719652874627,47.700355314026496,50.5411,0.0,-1.6230543808851927,final_approach,-2.6609534077837402,-12.39975128652077,-5.101612947332558,
5.308,63.93871685,-22.60187072,771.552,695.818,-11.9333,-2.5242,50.3174,0.0137,0.0291,-3.2594,74.018,75.701,-4.8628,86.3265,94.194,0.0,0.0,0.0,-0.03,985.1,0.0,3.7,150.0,0,5.308,0.006895548568748078,0.10197360437704268,-0.03,-0.07475927213407796,0.6407303443016882,0.6666666666666666,0.0,-2872.2864111789745,176.1454188826925,625.052,692.318,3.384287480841581,0.00048587506405526205,1.7024858313604108,4.210524761252815,47.475503098595084,50.29739999999998,0.0,-1.6339061864796451,final_approach,-2.700013265694743,-12.39975128652077,-5.101625304645474,
5.408,63.93874051,-22.60181238,771.065,695.309,-11.9337,-2.5212,49.9907,-0.0261,0.03,-3.2742,73.866,75.566,-4.8852,86.6655,93.5736,0.0,0.0,0.0,-0.03,980.1,0.0,3.7,150.0,0,5.408,0.006910987097299703,0.10193162429024749,-0.03,-0.07475927213407796,0.6407297920776502,0.6666666666666666,0.0,-2869.6478738115916,179.0027923245493,624.565,691.809,3.3844221810579787,0.00062939624737577,1.7308565040848247,4.369575329123789,47.17492515081668,49.970699999999994,0.0,-1.6235510786178595,final_approach,-2.754236069636228,-12.39975128652077,-5.101641988338898,
5.517,63.93876624,-22.60174962,770.534,694.792,-11.9387,-2.5177,49.6357,-0.07,0.0339,-3.2789,73.701,75.421,-4.9102,87.0303,92.8992,0.0,0.0,0.0,-0.03,974.7,0.0,3.7,150.0,0,5.517,0.007103979741435729,0.10185802705532743,-0.03,-0.07475927213407796,0.640729219631399,0.6666666666666666,0.0,-2866.778504005113,182.07663749655708,624.034,691.292,3.3845613689515712,0.0007373223981840499,1.7614129914200298,4.545693221492756,46.84819851193046,49.615700000000004,0.0,-1.6135702049153238,final_approach,-2.813118758262405,-12.39975128652077,-5.101659282956746,
5.625,63.93879207,-22.60168731,770.001,694.319,-11.9483,-2.5138,49.2808,-0.1081,0.04,-3.273,73.537,75.277,-4.9356,87.3927,92.2222,0.0,0.0,0.0,-0.03,969.2,0.0,3.7,150.0,0,5.625,0.007474582293535814,0.10175800430717075,-0.03,-0.07475927213407796,0.6407286406868655,0.6666666666666666,0.0,-2863.897994220567,185.12843159958794,623.501,690.819,3.384701680526503,0.0008309655400479156,1.7917881926795127,4.722841850704769,46.520202465585044,49.26079999999999,0.0,-1.604929142515604,final_approach,-2.871828161172651,-12.39975128652077,-5.101676773872878,
5.725,63.93881602,-22.6016302,769.506,693.783,-11.9606,-2.5095,48.9541,-0.1366,0.0466,-3.2597,73.386,75.144,-4.9594,87.7253,91.5948,0.0,0.0,0.0,-0.03,964.1,0.0,3.7,150.0,0,5.725,0.007949523596980923,0.10164316091723799,-0.03,-0.07475927213407796,0.6407281191454297,0.6666666666666666,0.0,-2861.2271496350054,187.92553147066977,623.006,690.283,3.384827690751409,0.0009024883248834362,1.8196629095484633,4.889065335490598,46.21617830120337,48.9341,0.0,-1.596299220468741,final_approach,-2.926060319814404,-12.39975128652077,-5.101692530519426,
5.825,63.93884206,-22.60156877,768.968,693.333,-11.9765,-2.504,48.602,-0.1548,0.0553,-3.2388,73.222,75.0,-4.9854,88.0835,90.9126,0.0,0.0,0.0,-0.03,958.6,0.0,3.7,150.0,0,5.825,0.008563644846924512,0.10149789315372003,-0.03,-0.07475927213407796,0.6407275449995165,0.6666666666666666,0.0,-2858.323244784805,190.93420292092122,622.468,689.833,3.3849659880746374,0.000982569142783618,1.849682913219169,5.0577367423608806,45.885505729806056,48.581999999999994,0.0,-1.6002720186079469,final_approach,-2.983272620582987,-12.39975128652077,-5.101709876411103,
5.925,63.93886619,-22.60151248,768.468,692.821,-11.9924,-2.498,48.2792,-0.1599,0.0641,-3.2154,73.072,74.867,-5.0095,88.4122,90.2805,0.0,0.0,0.0,-0.03,953.5,0.0,3.7,150.0,0,5.925,0.009177954280568501,0.10134371335672508,-0.03,-0.07475927213407796,0.6407270435416336,0.6666666666666666,0.0,-2855.6323484099,193.69112093038058,621.968,689.321,3.3850864174091297,0.0010195231764735162,1.8772254906850119,5.228600168954845,45.57902729408872,48.25919999999999,0.0,-1.5911563805526716,final_approach,-3.0374909020821974,-12.39975128652077,-5.101725026256592,
6.033,63.93889042,-22.60145657,767.966,692.355,-12.0083,-2.4912,47.9589,-0.1552,0.0734,-3.1896,72.922,74.735,-5.0338,88.7391,89.6462,0.0,0.0,0.0,-0.03,948.4,0.0,3.7,150.0,0,6.033,0.00979244474244989,0.10117065528236131,-0.03,-0.07475927213407796,0.6407265361646435,0.6666666666666666,0.0,-2852.9303108597837,196.42941743178903,621.466,688.855,3.3852079302664357,0.0010371224885828585,1.9046154585202455,5.4154756778667945,45.27134998025875,47.93889999999999,0.0,-1.5727684267650592,final_approach,-3.093226261754367,-12.39975128652077,-5.101740354907559,
6.125,63.9389127,-22.60140568,767.504,691.9,-12.0221,-2.4841,47.6676,-0.1416,0.0825,-3.1654,72.784,74.615,-5.0561,89.0369,89.063,0.0,0.0,0.0,-0.03,943.7,0.0,3.7,150.0,0,6.125,0.01032591727481641,0.10099811248365868,-0.03,-0.07475927213407796,0.6407260767802404,0.6666666666666666,0.0,-2850.4457388018377,198.92184129629047,621.004,688.4,3.3853176583406777,0.0010630514836776031,1.9295753201362622,5.576389148573872,44.988396522595394,47.64760000000001,0.0,-1.5661531152409547,final_approach,-3.1429388135700655,-12.39975128652077,-5.101754233609988,
6.217,63.93893505,-22.60135512,767.039,691.467,-12.0344,-2.4761,47.3785,-0.1241,0.0913,-3.1416,72.648,74.495,-5.0783,89.3329,88.4782,0.0,0.0,0.0,-0.03,939.0,0.0,3.7,150.0,0,6.217,0.01080151023621595,0.10081159191485864,-0.03,-0.07475927213407796,0.6407256495266209,0.6666666666666666,0.0,-2847.9533690168055,201.39809450639925,620.539,687.967,3.3854194654011303,0.00107030931692807,1.954401242419874,5.739093136154207,44.70459354002185,47.35849999999999,0.0,-1.5581629110886253,final_approach,-3.192633565653022,-12.39975128652077,-5.101767141577543,
6.308,63.93895749,-22.60130488,766.573,690.994,-12.0451,-2.4674,47.0915,-0.1045,0.0996,-3.1192,72.511,74.375,-5.1003,89.6271,87.892,0.0,0.0,0.0,-0.03,934.3,0.0,3.7,150.0,0,6.308,0.011215316445307766,0.10061573287209165,-0.03,-0.07475927213407796,0.6407251989049411,0.6666666666666666,0.0,-2845.4509717971255,203.8586662213593,620.073,687.494,3.3855265853171956,0.0010881147532374555,1.9790986499184042,5.90178253078378,44.41999974422225,47.071500000000015,0.0,-1.5533748742164326,final_approach,-3.242118619600987,-12.39975128652077,-5.101780755513332,
6.425,63.93898819,-22.60123693,765.933,690.406,-12.0566,-2.4543,46.7033,-0.0767,0.1096,-3.0921,72.326,74.213,-5.1301,90.0249,87.0907,0.0,0.0,0.0,-0.03,927.8,0.0,3.7,150.0,0,6.425,0.011660140758851911,0.10032881300058506,-0.03,-0.07475927213407796,0.6407246364249286,0.6666666666666666,0.0,-2842.027473839788,207.1865954478475,619.433,686.906,3.3856599307376367,0.001096713035733603,2.012547432023662,6.114233628460492,44.03089162806711,46.6833,0.0,-1.5559041203055388,final_approach,-3.308203583944067,-12.39975128652077,-5.101797748829373,
6.55,63.93900874,-22.60119197,765.505,690.039,-12.0623,-2.4449,46.4462,-0.0569,0.116,-3.077,72.203,74.105,-5.1497,90.2878,86.5554,0.0,0.0,0.0,-0.03,923.5,0.0,3.7,150.0,0,6.55,0.011880648540705196,0.10012780349002331,-0.03,-0.07475927213407796,0.640724248992523,1.0,0.0,-2839.735857955526,209.38855382173517,619.005,686.539,3.385751544187017,0.001036078795618626,2.0347088826360276,6.343096265338077,43.770911821234876,46.426199999999994,0.0,-1.503912836641392,final_approach,-3.3615944980569132,-12.39975128652077,-5.101809453695299,
6.608,63.93903347,-22.60113839,764.989,689.569,-12.067,-2.433,46.1393,-0.036,0.1198,-3.062,72.055,73.976,-5.1715,90.6009,85.9117,0.0,0.0,0.0,-0.03,918.3,0.0,3.7,150.0,0,6.608,0.012062485206186968,0.09989838082312832,-0.03,-0.07475927213407796,0.6407238028227036,1.0,0.0,-2836.9781218840253,212.0126754794865,618.489,686.069,3.3858568121626673,0.0011658931792515462,2.0611502424681416,6.450379659954908,43.458249191267385,46.11930000000001,0.0,-1.5991684094858996,final_approach,-3.40708862576167,-12.39975128652077,-5.101822933084591,
6.717,63.93906036,-22.60108079,764.429,688.954,-12.0699,-2.4207,45.8085,-0.0181,0.1022,-3.0454,71.893,73.834,-5.1731,90.9368,85.2067,0.0,0.0,0.0,-0.03,912.8,0.0,3.7,150.0,0,6.717,0.012174688729660876,0.09996400187185425,-0.03,-0.07475927213407796,0.6407232907807567,1.0,0.0,-2833.979527306945,214.83366787398916,617.929,685.454,3.385977314388609,0.0011558318174827427,2.0896140118959403,6.654711207820396,43.11677593919637,45.7885,0.0,-1.588902056997195,final_approach,-3.4657308438514,-12.39975128652077,-5.101838402539908,
6.808,63.93908319,-22.60103243,763.955,688.608,-12.0712,-2.4124,45.5299,-0.0076,0.0744,-3.0323,71.753,73.712,-5.157,91.2173,84.6033,0.0,0.0,0.0,-0.03,908.0,0.0,3.7,150.0,0,6.808,0.012224988439733464,0.10027191903477835,-0.03,-0.07475927213407796,0.6407228204466014,1.0,0.0,-2831.4336863114254,217.20211620357026,617.455,685.108,3.386087713907242,0.0011653901018090977,2.113543366469747,6.826857696838755,42.82566948429951,45.50989999999999,0.0,-1.5843165553121357,final_approach,-3.515019835002363,-12.39975128652077,-5.101852611930152,
6.925,63.93911026,-22.60097572,763.398,688.061,-12.0714,-2.4062,45.2021,0.0043,0.0354,-3.0197,71.584,73.565,-5.1238,91.5433,83.8832,0.0,0.0,0.0,-0.03,902.5,0.0,3.7,150.0,0,6.925,0.012232726943022965,0.10083843439655532,-0.03,-0.07475927213407796,0.6407221423984734,1.0,0.0,-2828.415041142144,219.97949717552453,616.898,684.561,3.3862463891911085,0.001197191586075221,2.141641862216145,7.050805049700373,42.47973477736872,45.18209999999999,0.0,-1.571600908869616,final_approach,-3.5752144075450616,-12.39975128652077,-5.101873096591696,
7.008,63.93913115,-22.60093242,762.972,687.68,-12.0707,-2.4042,44.9508,0.014,0.0082,-3.0136,71.452,73.45,-5.0918,91.7892,83.3247,0.0,0.0,0.0,-0.03,898.2,0.0,3.7,150.0,0,7.008,0.01220564228217369,0.10136330531510254,-0.03,-0.07475927213407796,0.6407215263261533,1.0,0.0,-2826.0855515553985,222.1001127299459,616.472,684.18,3.3863900740057744,0.0012861833792913331,2.1631237182034058,7.210837091007085,42.212641500960814,44.930800000000005,0.0,-1.5733064122253952,final_approach,-3.619967405073531,-12.39975128652077,-5.101891708856922,
7.125,63.93916048,-22.6008723,762.381,687.162,-12.0683,-2.4056,44.5996,0.0274,-0.0344,-3.0084,71.264,73.285,-5.041,92.1258,82.5368,0.0,0.0,0.0,-0.03,892.5,0.0,3.7,150.0,0,7.125,0.01211278273412253,0.10217595014595925,-0.03,-0.07475927213407796,0.6407204881153787,1.0,0.0,-2822.814910639587,225.04447437317327,615.881,683.662,3.3866311763664787,0.0014152701390166991,2.192990877044082,7.439294758966315,41.83760862278024,44.5796,0.0,-1.5763547026446891,final_approach,-3.6827706795432995,-12.39975128652077,-5.101923074350619,
7.208,63.93918151,-22.60082971,761.963,686.718,-12.0657,-2.4092,44.3489,0.0366,-0.0563,-3.0093,71.128,73.165,-5.0032,92.3603,81.9702,0.0,0.0,0.0,-0.03,888.4,0.0,3.7,150.0,0,7.208,0.012012188662826884,0.10276962619105827,-0.03,-0.07475927213407796,0.6407196020019549,1.0,0.0,-2820.4698264521853,227.13029893253267,615.463,683.218,3.386835941469854,0.0015905666888902505,2.2141791570163742,7.6024895801655346,41.56920556379566,44.328900000000004,0.0,-1.582009203937664,final_approach,-3.7273974761033486,-12.39975128652077,-5.1019498447480345,
7.333,63.93921313,-22.60076637,761.341,686.07,-12.0605,-2.4186,43.9726,0.0467,-0.0939,-3.0134,70.92,72.982,-4.946,92.7026,81.1152,0.0,0.0,0.0,-0.03,882.5,0.0,3.7,150.0,0,7.333,0.011811012414061628,0.10365187084092521,-0.03,-0.07475927213407796,0.6407181038262257,1.0,0.0,-2816.9438487360057,230.2323312711748,614.841,682.57,3.387180051763528,0.0017842859656403709,2.24573515213624,7.851529434265208,41.16607393736365,43.95259999999999,0.0,-1.5894629126706026,final_approach,-3.7944343998011334,-12.39975128652077,-5.10199510603568,
7.425,63.9392364,-22.60072035,760.889,685.656,-12.0559,-2.4279,43.6961,0.0524,-0.1151,-3.0202,70.765,72.846,-4.9056,92.9462,80.4847,0.0,0.0,0.0,-0.03,878.2,0.0,3.7,150.0,0,7.425,0.011633062195943011,0.10426270989153934,-0.03,-0.07475927213407796,0.6407168529671146,1.0,0.0,-2814.3489979941965,232.48611715453723,614.389,682.156,3.3874653797218026,0.002003803446502174,2.268697895555609,8.03617161705791,40.870199437334776,43.67609999999999,0.0,-1.5981283395819725,final_approach,-3.8435271835312896,-12.39975128652077,-5.102032895521461,
7.517,63.93925973,-22.60067468,760.441,685.366,-12.0509,-2.4392,43.419,0.0557,-0.1343,-3.0291,70.609,72.708,-4.8672,93.1835,79.8515,0.0,0.0,0.0,-0.03,874.0,0.0,3.7,150.0,0,7.517,0.011439652511972376,0.10483202455756328,-0.03,-0.07475927213407796,0.6407154631299826,1.0,0.0,-2811.747464633234,234.72275289815812,613.941,681.866,3.387780341896688,0.0022404198555733106,2.2915155808073284,8.222346790866542,40.574179475100976,43.399,0.0,-1.606994142702984,final_approach,-3.8925510031844084,-12.39975128652077,-5.102074883502858,
7.608,63.93928525,-22.60062528,759.956,684.776,-12.0452,-2.4533,43.1155,0.058,-0.1484,-3.0415,70.436,72.555,-4.8295,93.4351,79.1581,0.0,0.0,0.0,-0.03,869.5,0.0,3.7,150.0,0,7.608,0.011219184132293392,0.10537627318734376,-0.03,-0.07475927213407796,0.6407138050627496,1.0,0.0,-2808.901733425434,237.14205003012043,613.456,681.276,3.3881533020910313,0.0025500938253279213,2.316231240649692,8.408182715166701,40.251229295552605,43.09549999999999,0.0,-1.6337309389207835,final_approach,-3.9438807247975305,-12.39975128652077,-5.102124974709188,
7.708,63.9393087,-22.60058037,759.515,684.434,-12.0397,-2.4667,42.8361,0.062,-0.1406,-3.0588,70.278,72.414,-4.8138,93.6592,78.5246,0.0,0.0,0.0,-0.03,865.4,0.0,3.7,150.0,0,7.708,0.011006470630102017,0.10557850147697535,-0.03,-0.07475927213407796,0.640712151505516,1.0,0.0,-2806.2868358538717,239.34144587065768,613.015,680.934,3.388522294568063,0.0027400656494925867,2.338731552104414,8.61402859465992,39.956729577608,42.816100000000006,0.0,-1.6288463081098035,final_approach,-3.9945232302465357,-12.39975128652077,-5.102174929449308,
7.825,63.93934076,-22.60051971,758.913,683.869,-12.0316,-2.4824,42.4521,0.0686,-0.1074,-3.0887,70.064,72.224,-4.8208,93.9563,77.6653,0.0,0.0,0.0,-0.03,859.8,0.0,3.7,150.0,0,7.825,0.010693236526024885,0.10540268562817987,-0.03,-0.07475927213407796,0.6407098421592891,1.0,0.0,-2802.7118542060953,242.31215789542807,612.413,680.369,3.389032820525271,0.0030106329945319152,2.3691707441752246,8.857626860209248,39.55750596174494,42.43209999999999,0.0,-1.6470475372870885,final_approach,-4.059177655175695,-12.39975128652077,-5.102244695521023,
7.925,63.93936649,-22.60047166,758.429,683.424,-12.0245,-2.4916,42.1421,0.0713,-0.0728,-3.1149,69.895,72.072,-4.8433,94.188,76.9807,0.0,0.0,0.0,-0.03,855.5,0.0,3.7,150.0,0,7.925,0.01041870812840856,0.10498339062752401,-0.03,-0.07475927213407796,0.6407079887004501,1.0,0.0,-2799.8427359705984,244.66530532225678,611.929,679.924,3.389438619619451,0.003185192652409809,2.393322782331971,9.06743371557508,39.23943824690096,42.12209999999999,0.0,-1.6509523066246237,final_approach,-4.112191706444072,-12.39975128652077,-5.102300688787256,
8.033,63.93939227,-22.60042404,757.943,682.888,-12.0174,-2.4972,41.8294,0.068,-0.0366,-3.1414,69.727,71.922,-4.8758,94.4154,76.298,0.0,0.0,0.0,-0.03,851.2,0.0,3.7,150.0,0,8.033,0.010144212939193764,0.10438791938017064,-0.03,-0.07475927213407796,0.6407061395070105,1.0,0.0,-2796.9680512515893,246.99738350022037,611.443,679.388,3.38984007959796,0.003273864214213663,2.417293997941682,9.29585870597671,38.92201349897877,41.80939999999998,0.0,-1.6422798747092477,final_approach,-4.166918663880548,-12.39975128652077,-5.102356552924562,
8.125,63.93941812,-22.60037684,757.454,682.531,-12.0109,-2.4992,41.5141,0.0594,0.0004,-3.1676,69.56,71.772,-4.9145,94.639,75.6166,0.0,0.0,0.0,-0.03,847.0,0.0,3.7,150.0,0,8.125,0.009892944189197839,0.10367121663963043,-0.03,-0.07475927213407796,0.6407043097517862,1.0,0.0,-2794.085570343884,249.30888158838945,610.954,679.031,3.3902340536941282,0.003441941367221594,2.4410899180501944,9.491931678405669,38.6048691681043,41.4941,0.0,-1.6580014671269847,final_approach,-4.205913543458365,-12.39975128652077,-5.102411829567323,
8.208,63.93943323,-22.6003495,757.167,682.185,-12.0076,-2.4987,41.329,0.0528,0.0213,-3.1823,69.463,71.685,-4.9389,94.7678,75.2194,0.0,0.0,0.0,-0.03,844.6,0.0,3.7,150.0,0,8.208,0.009765387992095975,0.10321220456482924,-0.03,-0.07475927213407796,0.6407032620417192,1.0,0.0,-2792.4006892547236,250.6477821524424,610.667,678.685,3.390458209229822,0.0033183959901422547,2.454890088704236,9.669426544791198,38.41984617990565,41.309,0.0,-1.613517215460466,final_approach,-4.225004865540626,-12.39975128652077,-5.102443480618966,
8.308,63.9394635,-22.60029526,756.588,681.656,-12.0022,-2.494,40.9563,0.0384,0.0581,-3.2096,69.27,71.513,-4.989,95.0224,74.4254,0.0,0.0,0.0,-0.03,839.7,0.0,3.7,150.0,0,8.308,0.009556675882610333,0.10224509013651362,-0.03,-0.07475927213407796,0.6407012514244406,1.0,0.0,-2789.025360763911,253.30402409453234,610.088,678.156,3.39088551685047,0.003477509359531546,2.4823048010990654,9.885425603085134,38.04948837517256,40.93629999999999,0.0,-1.6422883776913313,final_approach,-4.248225974296702,-12.39975128652077,-5.102504220606818,
8.433,63.93949603,-22.60023779,755.961,681.092,-11.9983,-2.4849,40.5536,0.0221,0.0894,-3.2352,69.065,71.329,-5.0425,95.2911,73.5746,0.0,0.0,0.0,-0.03,834.6,0.0,3.7,150.0,0,8.433,0.009405952011969754,0.10116896620019825,-0.03,-0.07475927213407796,0.640699192627027,1.0,0.0,-2785.3980396049365,256.11842783656994,609.461,677.592,3.3913192517145077,0.003476237618326621,2.5114071277954975,10.158162220713383,37.65185911940543,40.53360000000001,0.0,-1.6420803433557545,final_approach,-4.277528218468181,-12.39975128652077,-5.102566415767271,
8.533,63.93952212,-22.60019228,755.454,680.682,-11.9967,-2.475,40.2293,0.0086,0.111,-3.2535,68.901,71.183,-5.0839,95.503,72.8936,0.0,0.0,0.0,-0.03,830.6,0.0,3.7,150.0,0,8.533,0.009344119676276352,0.10029678019990634,-0.03,-0.07475927213407796,0.6406976350127409,1.0,0.0,-2782.4888331825864,258.34711718457083,608.954,677.182,3.3916448975174354,0.003439607686818369,2.534493571897358,10.377751037167407,37.333038383741666,40.209299999999985,0.0,-1.6418912212325059,final_approach,-4.30110531654303,-12.39975128652077,-5.102613470232921,
8.633,63.93954826,-22.6001472,754.944,680.241,-11.9965,-2.4631,39.9033,-0.005,0.1309,-3.27,68.739,71.037,-5.1233,95.7124,72.212,0.0,0.0,0.0,-0.03,826.6,0.0,3.7,150.0,0,8.633,0.009336390761677804,0.09942959171126335,-0.03,-0.07475927213407796,0.6406961157918722,1.0,0.0,-2779.5740602767246,260.5547372838807,608.444,676.741,3.3919604835668236,0.0033923164879956337,2.5573981305575546,10.598898346765937,37.01340675013992,39.88329999999999,0.0,-1.639901110211362,final_approach,-4.324836100793032,-12.39975128652077,-5.102659364674906,
8.733,63.93957446,-22.60010255,754.43,679.699,-11.9977,-2.4492,39.5756,-0.0203,0.1474,-3.2846,68.577,70.893,-5.16,95.9192,71.5294,0.0,0.0,0.0,-0.03,822.7,0.0,3.7,150.0,0,8.733,0.009382764674026711,0.09857658207018978,-0.03,-0.07475927213407796,0.640694657189192,1.0,0.0,-2776.6526061206646,262.74128774502435,607.93,676.199,3.392261623321241,0.0033288299973584486,2.5801210986831395,10.821580795478368,36.69283540246454,39.5556,0.0,-1.638091918373969,final_approach,-4.348717710571698,-12.39975128652077,-5.102703427718488,
8.808,63.93959415,-22.60006933,754.042,679.3,-11.9996,-2.4379,39.329,-0.0322,0.1579,-3.2944,68.456,70.785,-5.1857,96.0726,71.0168,0.0,0.0,0.0,-0.03,819.7,0.0,3.7,150.0,0,8.808,0.009456192115023132,0.09794804310046565,-0.03,-0.07475927213407796,0.6406936001199787,1.0,0.0,-2774.457061009494,264.36809321197745,607.542,675.8,3.392478746681888,0.003256521354792411,2.5970511370782194,10.989305678770538,36.45178649173752,39.309,0.0,-1.635841137915725,final_approach,-4.366696134110278,-12.39975128652077,-5.102735360700784,
8.908,63.93962045,-22.60002542,753.522,678.875,-12.0035,-2.4214,38.999,-0.0472,0.1713,-3.3065,68.294,70.641,-5.2176,96.2747,70.3321,0.0,0.0,0.0,-0.03,815.9,0.0,3.7,150.0,0,8.908,0.00960691953930698,0.0971217710256701,-0.03,-0.07475927213407796,0.6406922266209025,1.0,0.0,-2771.5244718349572,266.51838442276744,607.022,675.375,3.3927594849621894,0.0031816649294960034,2.6194616502291423,11.214620824864216,36.12946001723506,38.978999999999985,0.0,-1.6344010344688469,final_approach,-4.39083508393518,-12.39975128652077,-5.102776852574436,
9.017,63.9396468,-22.59998193,752.999,678.442,-12.0089,-2.4039,38.668,-0.0604,0.1807,-3.3168,68.134,70.498,-5.2467,96.4743,69.6462,0.0,0.0,0.0,-0.03,812.0,0.0,3.7,150.0,0,9.017,0.009815636510984105,0.09631606277235291,-0.03,-0.07475927213407796,0.6406908957187686,1.0,0.0,-2768.58631600668,268.64809632219146,606.499,674.942,3.393030050622929,0.003065096402622166,2.641694381135851,11.46181905674435,35.80606557615795,38.647999999999996,0.0,-1.6192636593586653,final_approach,-4.417301802272306,-12.39975128652077,-5.102817057499813,
9.117,63.93967541,-22.59993531,752.429,677.865,-12.0161,-2.384,38.3082,-0.0724,0.1877,-3.3264,67.96,70.343,-5.2753,96.6874,68.9015,0.0,0.0,0.0,-0.03,807.9,0.0,3.7,150.0,0,9.117,0.010093956903961976,0.09545712986027702,-0.03,-0.07475927213407796,0.640689499269046,1.0,0.0,-2765.3961692196517,270.93107064866234,605.929,674.365,3.3933124154042424,0.003024854971040954,2.6655696593738067,11.690169959159252,35.4544814248369,38.28819999999999,0.0,-1.6302396903260632,final_approach,-4.4417350341987145,-12.39975128652077,-5.102859242387183,
9.225,63.93970188,-22.59989271,751.901,677.316,-12.0237,-2.3649,37.9752,-0.0802,0.1944,-3.3347,67.8,70.201,-5.2997,96.8812,68.2128,0.0,0.0,0.0,-0.03,804.1,0.0,3.7,150.0,0,9.225,0.01038777742104624,0.09466778422542517,-0.03,-0.07475927213407796,0.6406882156339693,1.0,0.0,-2762.4446514032475,273.01717346012725,605.401,673.816,3.3935706114782263,0.002919163207323959,2.6874249761952957,11.938327244735369,35.12888084349774,37.95519999999999,0.0,-1.6167162167947362,final_approach,-4.46827048775188,-12.39975128652077,-5.102898019158335,
9.325,63.93973061,-22.59984705,751.325,676.785,-12.0328,-2.3437,37.6136,-0.0863,0.1998,-3.3429,67.627,70.048,-5.3239,97.0879,67.4651,0.0,0.0,0.0,-0.03,800.1,0.0,3.7,150.0,0,9.325,0.010739638926747064,0.09381667900932547,-0.03,-0.07475927213407796,0.6406868943047892,1.0,0.0,-2759.2411438260274,275.25310913771335,604.825,673.285,3.393835052233022,0.002873370597429657,2.710892431080066,12.169622063694257,34.77492680434864,37.59359999999998,0.0,-1.6270147425406716,final_approach,-4.492986784328108,-12.39975128652077,-5.102937934478195,
9.433,63.93975718,-22.59980535,750.792,676.34,-12.0416,-2.3235,37.279,-0.0889,0.2053,-3.3504,67.468,69.906,-5.3446,97.2758,66.7735,0.0,0.0,0.0,-0.03,796.4,0.0,3.7,150.0,0,9.433,0.011079951331486704,0.09302829636851327,-0.03,-0.07475927213407796,0.6406856725428816,1.0,0.0,-2756.2784937274723,277.29511370232296,604.292,672.84,3.3940783767152656,0.0027699762420609966,2.732363648041806,12.420906698253475,34.447061534279726,37.259000000000015,0.0,-1.6129426952389867,final_approach,-4.519821560060441,-12.39975128652077,-5.102974841901322,
9.533,63.93978603,-22.59976066,750.212,675.775,-12.0514,-2.3011,36.9157,-0.0904,0.2098,-3.3581,67.296,69.754,-5.3655,97.4759,66.0228,0.0,0.0,0.0,-0.03,792.4,0.0,3.7,150.0,0,9.533,0.011458992796145762,0.09216513065388393,-0.03,-0.07475927213407796,0.6406843727072814,1.0,0.0,-2753.061625530289,279.4835207938732,603.712,672.275,3.3943360133859697,0.002737707986224347,2.7554175286952978,12.655045428795493,34.09074137690419,36.895700000000005,0.0,-1.6226751774899857,final_approach,-4.544808700101381,-12.39975128652077,-5.10301410767314,
9.608,63.93980603,-22.59973001,749.809,675.504,-12.0582,-2.2853,36.6638,-0.09,0.2133,-3.3636,67.177,69.648,-5.3792,97.6124,65.5022,0.0,0.0,0.0,-0.03,789.6,0.0,3.7,150.0,0,9.608,0.011722035722260382,0.09155861500700839,-0.03,-0.07475927213407796,0.6406834925122412,1.0,0.0,-2750.8315665819227,280.98440031600813,603.309,672.004,3.394509759380195,0.0026675255312430847,2.77125422949581,12.831251882435692,33.843343358933936,36.6438,0.0,-1.6194016765060453,final_approach,-4.563602723474828,-12.39975128652077,-5.10304069675799,
9.708,63.93983275,-22.59968953,749.271,674.868,-12.0671,-2.2636,36.3271,-0.0876,0.2199,-3.3716,67.019,69.508,-5.3965,97.7917,64.807,0.0,0.0,0.0,-0.03,786.0,0.0,3.7,150.0,0,9.708,0.012066354211892283,0.09073966861969772,-0.03,-0.07475927213407796,0.6406822984082186,1.0,0.0,-2747.852215837273,282.9666266949488,602.771,671.368,3.3947445580355167,0.0026142690349054416,2.792204302640293,13.067701473091603,33.51261560474978,36.30709999999999,0.0,-1.6158197059145882,final_approach,-4.588807832232998,-12.39975128652077,-5.103076768362122,
9.817,63.93986174,-22.59964617,748.685,674.332,-12.0766,-2.2396,35.9614,-0.0859,0.2245,-3.38,66.848,69.357,-5.4141,97.9825,64.0525,0.0,0.0,0.0,-0.03,782.1,0.0,3.7,150.0,0,9.817,0.012433936055042782,0.08983447444925775,-0.03,-0.07475927213407796,0.6406810603695287,1.0,0.0,-2744.619763642696,285.0898666799061,602.185,670.832,3.3949869011615017,0.002549112767597094,2.814687736657127,13.327023121034998,33.15319400288686,35.94139999999999,0.0,-1.6115458544177712,final_approach,-4.616432010327108,-12.39975128652077,-5.103114167029762,
9.917,63.93988856,-22.59960659,748.143,673.747,-12.0852,-2.217,35.6231,-0.0841,0.2286,-3.3882,66.691,69.217,-5.4294,98.1553,63.3547,0.0,0.0,0.0,-0.03,778.5,0.0,3.7,150.0,0,9.917,0.012766738397108846,0.08898218039702224,-0.03,-0.07475927213407796,0.6406799037631018,1.0,0.0,-2741.6292806158954,287.02799481199145,601.643,670.247,3.3952123105042293,0.002499942877543636,2.8352515810094765,13.566124868732494,32.82036943384952,35.60309999999998,0.0,-1.6077689585616075,final_approach,-4.6418845216124875,-12.39975128652077,-5.103149105682526,
10.025,63.93991766,-22.5995642,747.554,673.002,-12.0942,-2.192,35.2556,-0.0817,0.2335,-3.3977,66.521,69.067,-5.445,98.3388,62.5976,0.0,0.0,0.0,-0.03,774.6,0.0,3.7,150.0,0,10.025,0.013115063448113307,0.08803597815025062,-0.03,-0.07475927213407796,0.6406786676982555,1.0,0.0,-2738.384582568832,289.10370660004014,601.054,669.502,3.3954521582417114,0.002453421128635267,2.85731859272348,13.825877227219195,32.45880704921805,35.235600000000005,0.0,-1.6047057872445598,final_approach,-4.669515908811741,-12.39975128652077,-5.103186444490532,
10.108,63.93993784,-22.59953515,747.146,672.489,-12.1178,-2.1745,35.0006,-0.7278,0.234,-3.4056,66.406,68.965,-5.4556,98.4668,62.0746,0.0,0.0,0.0,-0.03,847.7,0.0,3.7,150.0,0,10.108,0.014028651052149677,0.08737031109415361,-0.03,-0.07475927213407796,0.6406777924938233,1.0,0.0,-2736.1344851707127,290.52618915217187,600.646,668.989,3.395621337523935,0.002384235041379539,2.8724680079405482,14.026040478216288,32.20780154535626,34.98059999999998,0.0,-1.5847818219200211,final_approach,-4.690794611197511,-12.39975128652077,-5.103212882423904,
10.225,63.93996929,-22.59949046,746.508,671.818,-12.2453,-2.1477,34.6027,-1.4008,0.2203,-3.4178,66.239,68.82,-5.4725,98.6826,61.2689,0.0,0.0,0.0,-0.03,992.3,0.0,3.7,150.0,0,10.225,0.018968473589188295,0.08633918496945017,-0.03,-0.07475927213407796,0.6406764834970404,1.0,0.0,-2732.6277774530827,292.71449507081337,600.008,668.318,3.3958733816125304,0.0023458996977245216,2.8958182377344146,14.31014965416617,31.814835737962653,34.58269999999999,0.0,-1.5704698769591512,final_approach,-4.720976545126133,-12.39975128652077,-5.103252424123642,
10.308,63.9399918,-22.5994589,746.052,671.294,-12.3704,-2.1305,34.3175,-1.5648,0.1905,-3.4296,66.134,68.731,-5.4855,98.8558,60.7004,0.0,0.0,0.0,-0.03,1088.0,0.0,3.7,150.0,0,10.308,0.023819436675921124,0.08562394295830929,-0.03,-0.07475927213407796,0.6406755221008853,1.0,0.0,-2730.1178963279235,294.2598612147444,599.552,667.794,3.396057749841072,0.0023251337411587837,2.912341304026528,14.512282568357179,31.53116194704461,34.297500000000014,0.0,-1.5427053645959465,final_approach,-4.742434933186301,-12.39975128652077,-5.1032814655435494,
10.425,63.94002339,-22.5994152,745.411,670.556,-12.5521,-2.1115,33.916,-1.505,0.1261,-3.4593,66.01,68.629,-5.5062,99.1315,59.9166,0.0,0.0,0.0,-0.03,1201.1,0.0,3.7,150.0,0,10.425,0.03086505974752224,0.08465581909227789,-0.03,-0.07475927213407796,0.6406741962586358,1.0,0.0,-2726.5955987982074,296.3996578942719,598.911,667.056,3.396310984645045,0.0022983447899591466,2.935266726505977,14.799110873341787,31.12940950713582,33.89599999999999,0.0,-1.4988075187080434,final_approach,-4.7728631789031315,-12.39975128652077,-5.10332151586633,
10.533,63.94005506,-22.59937206,744.767,669.847,-12.7184,-2.1015,33.5101,-1.2894,0.038,-3.5072,65.913,68.555,-5.5304,99.4469,59.1478,0.0,0.0,0.0,-0.03,1298.9,0.0,3.7,150.0,0,10.533,0.037305051231684094,0.08372967508331818,-0.03,-0.07475927213407796,0.6406728989597017,1.0,0.0,-2723.0643927066026,298.5120149728517,598.267,666.347,3.396557633113871,0.002295917678092408,2.9579522998549694,15.06529292258209,30.722813040853026,33.490099999999984,0.0,-1.4442021213844245,final_approach,-4.80107860645928,-12.39975128652077,-5.1033607038337045,
10.608,63.94007548,-22.59934462,744.351,669.231,-12.8097,-2.1008,33.2457,-1.0993,-0.0231,-3.5493,65.865,68.522,-5.5486,99.67,58.6618,0.0,0.0,0.0,-0.03,1354.2,0.0,3.7,150.0,0,10.608,0.04083405349960184,0.08314801820425076,-0.03,-0.07475927213407796,0.640672080769427,1.0,0.0,-2720.7875684256755,299.8556082832401,597.851,665.731,3.3967126209595775,0.002257682166646632,2.972411518958225,15.250560554197504,30.459375232894644,33.22569999999999,0.0,-1.3710928376222054,final_approach,-4.820704190645058,-12.39975128652077,-5.1033854191281165,
10.725,63.94010734,-22.59930238,743.702,668.622,-12.9201,-2.1085,32.8274,-0.7799,-0.1164,-3.6322,65.811,68.492,-5.5813,100.0454,57.9179,0.0,0.0,0.0,-0.03,1429.6,0.0,3.7,150.0,0,10.725,0.04509258090216156,0.08225809442170888,-0.03,-0.07475927213407796,0.6406707954521719,1.0,0.0,-2717.2351971454123,301.9238636128194,597.202,665.122,3.396955215091877,0.0022269774925750933,2.9947154479242872,15.541465075443273,30.04724409296449,32.8074,0.0,-1.2884060761600378,final_approach,-4.851498572528055,-12.39975128652077,-5.103424244946485,
10.817,63.94013246,-22.59926956,743.189,667.905,-12.9834,-2.1222,32.4914,-0.5696,-0.1868,-3.708,65.786,68.485,-5.611,100.3621,57.3433,0.0,0.0,0.0,-0.03,1480.6,0.0,3.7,150.0,0,10.817,0.04752909377956577,0.0815697210473032,-0.03,-0.07475927213407796,0.6406698152106559,1.0,0.0,-2714.4343401837614,303.53086029242604,596.689,664.405,3.3971395127514685,0.0021896871488698284,3.0120847585577395,15.770916380332562,29.722096151747195,32.47139999999999,0.0,-1.1959818083668383,final_approach,-4.875769133757693,-12.39975128652077,-5.103453855197298,
10.925,63.94015995,-22.59923413,742.625,667.398,-13.031,-2.1441,32.1165,-0.3691,-0.2539,-3.7991,65.773,68.492,-5.6475,100.727,56.726,0.0,0.0,0.0,-0.03,1528.5,0.0,3.7,150.0,0,10.925,0.049358444412727076,0.08081443483144182,-0.03,-0.07475927213407796,0.6406688157493352,1.0,0.0,-2711.3692387157485,305.26563838004967,596.125,663.898,3.3973267933191167,0.0021137525124041187,3.030875313741521,16.04147561524745,29.366723173903353,32.09649999999999,0.0,-1.0981989503671639,final_approach,-4.904366833115272,-12.39975128652077,-5.1034840459444695,
11.025,63.94018985,-22.59919618,742.011,666.583,-13.0629,-2.1749,31.6999,-0.2129,-0.3152,-3.9016,65.774,68.516,-5.6913,101.1413,56.0664,0.0,0.0,0.0,-0.03,1572.2,0.0,3.7,150.0,0,11.025,0.05058294189284235,0.07999481055558876,-0.03,-0.07475927213407796,0.6406677395525275,1.0,0.0,-2708.0354352106456,307.1237868836055,595.511,663.083,3.3975277479577097,0.0020963848246585044,3.0510504343563936,16.29310907329893,28.981240186693384,31.679900000000004,0.0,-0.9974535912428719,final_approach,-4.930943502751317,-12.39975128652077,-5.103516554553725,
11.125,63.94021757,-22.59916154,741.439,665.988,-13.0794,-2.2083,31.3055,-0.1119,-0.3535,-3.9952,65.786,68.548,-5.7352,101.5358,55.4631,0.0,0.0,0.0,-0.03,1606.4,0.0,3.7,150.0,0,11.125,0.051215815480740834,0.07923152739398873,-0.03,-0.07475927213407796,0.6406668211298092,1.0,0.0,-2704.944707603631,308.8198509757711,594.939,662.488,3.397698669754361,0.0020318570149674806,3.0695108187365143,16.545749791594915,28.625212464423328,31.285500000000013,0.0,-0.8958669011298831,final_approach,-4.957606485679561,-12.39975128652077,-5.103544297218633,
11.233,63.94024771,-22.59912443,740.815,665.312,-13.088,-2.2481,30.8679,-0.0474,-0.3787,-4.0899,65.809,68.593,-5.7855,101.9741,54.8141,0.0,0.0,0.0,-0.03,1637.3,0.0,3.7,150.0,0,11.233,0.051545541546121454,0.07840640136516352,-0.03,-0.07475927213407796,0.6406658808115563,1.0,0.0,-2701.584164047151,310.6368354084655,594.315,661.812,3.397873125716351,0.001962436342704132,3.0893351161290448,16.81983328488711,28.23934663576577,30.84790000000001,0.0,-0.795064186212355,final_approach,-4.986509629125015,-12.39975128652077,-5.103572701209817,
11.333,63.94027565,-22.59909056,740.234,664.586,-13.0914,-2.2866,30.4553,-0.0232,-0.3899,-4.1671,65.838,68.643,-5.8333,102.3871,54.2178,0.0,0.0,0.0,-0.03,1660.9,0.0,3.7,150.0,0,11.333,0.05167587244266275,0.07766057436637896,-0.03,-0.07475927213407796,0.6406650834409403,1.0,0.0,-2698.4689247265724,312.29516576895014,593.734,661.086,3.398020635901879,0.0018812139281337206,3.1074739282573014,17.074514566763217,27.882893807240094,30.435300000000012,0.0,-0.6964219874657804,final_approach,-5.013345323106993,-12.39975128652077,-5.103596787157755,
11.442,63.94030371,-22.59905706,739.648,663.969,-13.0936,-2.3257,30.0356,-0.0245,-0.3904,-4.2317,65.873,68.699,-5.8815,102.8067,53.6228,0.0,0.0,0.0,-0.03,1680.2,0.0,3.7,150.0,0,11.442,0.05176019632086887,0.07693927913533181,-0.03,-0.07475927213407796,0.6406643566183917,1.0,0.0,-2695.3403145240145,313.9353637804539,593.148,660.469,3.3981547580000777,0.0017727579342991114,3.1254588642713084,17.353152180042883,27.52603062273542,30.015600000000006,0.0,-0.6039199052024102,final_approach,-5.042681547870583,-12.39975128652077,-5.103618742036485,
11.517,63.94032718,-22.59902943,739.156,663.48,-13.0962,-2.3582,29.6813,-0.04,-0.3856,-4.2739,65.906,68.749,-5.9212,103.1598,53.1265,0.0,0.0,0.0,-0.03,1693.4,0.0,3.7,150.0,0,11.517,0.05185984380245767,0.07636730401490834,-0.03,-0.07475927213407796,0.6406638039815166,1.0,0.0,-2692.723482941509,315.2881472153361,592.656,659.98,3.3982565236064195,0.0017034440704532304,3.1403264219038904,17.545293781235568,27.22811755877285,29.66130000000001,0.0,-0.5090180956385528,final_approach,-5.062896569654182,-12.39975128652077,-5.103635435320562,
11.633,63.9403578,-22.5989939,738.511,662.662,-13.102,-2.3992,29.2162,-0.0716,-0.3695,-4.3126,65.953,68.819,-5.9713,103.6221,52.4795,0.0,0.0,0.0,-0.03,1707.2,0.0,3.7,150.0,0,11.633,0.052082102913205364,0.07567349262067233,-0.03,-0.07475927213407796,0.6406631772824538,1.0,0.0,-2689.309457571279,317.0277028790337,592.011,659.162,3.398371705492157,0.0015850279405180223,3.159490940342459,17.843952927694513,26.83997247663828,29.196200000000005,0.0,-0.4259098675084044,final_approach,-5.094294571433537,-12.39975128652077,-5.103654365742731,
11.708,63.94037909,-22.59896955,738.062,662.211,-13.1082,-2.4265,28.8923,-0.0982,-0.3574,-4.3274,65.988,68.869,-6.0045,103.9436,52.0296,0.0,0.0,0.0,-0.03,1714.8,0.0,3.7,150.0,0,11.708,0.05231964192981936,0.0752336102995671,-0.03,-0.07475927213407796,0.6406627566615186,1.0,0.0,-2686.935701373008,318.21987171450013,591.562,658.711,3.398448880390146,0.0014923563904064407,3.172656469035994,18.03729228055298,26.57053391491945,28.872299999999996,0.0,-0.3447665462197663,final_approach,-5.114604925786351,-12.39975128652077,-5.103667071236398,
11.808,63.94040995,-22.59893476,737.409,661.442,-13.1208,-2.464,28.423,-0.136,-0.3325,-4.3331,66.04,68.944,-6.0498,104.4092,51.3758,0.0,0.0,0.0,-0.03,1723.2,0.0,3.7,150.0,0,11.808,0.05280222699051923,0.07465471935931338,-0.03,-0.07475927213407796,0.6406622129104125,1.0,0.0,-2683.4949342411974,319.92316268006266,590.909,657.942,3.3985484911710544,0.0014096482935196807,3.1915121803609576,18.29631919098723,26.180046118075694,28.40299999999999,0.0,-0.26615140565432677,final_approach,-5.1417967382799254,-12.39975128652077,-5.1036834960430255,
11.908,63.94043856,-22.59890303,736.801,660.913,-13.1359,-2.4962,27.9902,-0.1675,-0.3078,-4.3215,66.09,69.015,-6.0886,104.8393,50.7675,0.0,0.0,0.0,-0.03,1728.6,0.0,3.7,150.0,0,11.908,0.05338028428170505,0.07418595829867909,-0.03,-0.07475927213407796,0.6406617889345494,1.0,0.0,-2680.3050421043095,321.47662039020344,590.301,657.413,3.398626038694988,0.0013039527844887473,3.208757262533102,18.556207186603917,25.818174148307946,27.970200000000006,0.0,-0.1965012778675722,final_approach,-5.16905694447791,-12.39975128652077,-5.1036963028450195,
12.033,63.94047449,-22.59886391,736.037,659.986,-13.1587,-2.5328,27.4518,-0.198,-0.2754,-4.2868,66.153,69.105,-6.1323,105.3759,49.9996,0.0,0.0,0.0,-0.03,1732.9,0.0,3.7,150.0,0,12.033,0.05425252379672413,0.07369024154085027,-0.03,-0.07475927213407796,0.6406612683496263,1.0,0.0,-2676.299013856199,323.3918569123427,589.537,656.486,3.3987211117368776,0.0012133913762603908,3.230085314332919,18.88265032095135,25.36377825712276,27.43180000000001,0.0,-0.132819343515973,final_approach,-5.203266888559668,-12.39975128652077,-5.1037120278435,
12.133,63.94050336,-22.59883305,735.422,659.332,-13.1794,-2.5592,27.025,-0.2121,-0.2489,-4.2449,66.205,69.178,-6.1634,105.8035,49.3787,0.0,0.0,0.0,-0.03,1734.6,0.0,3.7,150.0,0,12.133,0.05504379658018821,0.0733716831826464,-0.03,-0.07475927213407796,0.6406608838928471,1.0,0.0,-2673.080152645248,324.9026799613925,588.922,655.832,3.398791222019401,0.001128009951089613,3.2469634661929603,19.14440449983414,24.998553620909234,27.004999999999995,0.0,-0.073472130469073,final_approach,-5.2306723322897515,-12.39975128652077,-5.103723640886525,
12.208,63.94052509,-22.59881016,734.959,658.834,-13.1955,-2.5771,26.7079,-0.2147,-0.2285,-4.2069,66.243,69.232,-6.1847,106.1226,48.9091,0.0,0.0,0.0,-0.03,1735.1,0.0,3.7,150.0,0,12.208,0.055658806885800494,0.0731641580044584,-0.03,-0.07475927213407796,0.6406605968346991,1.0,0.0,-2670.6573716508933,326.0233008317474,588.459,655.334,3.3988435141837403,0.0010562131022171363,3.2595144044836464,19.341007068920828,24.723726406945815,26.687900000000013,0.0,-0.020732239820374046,final_approach,-5.251241552738721,-12.39975128652077,-5.1037323118630304,
12.308,63.94055417,-22.59877997,734.339,658.134,-13.2168,-2.5987,26.2898,-0.208,-0.201,-4.1493,66.294,69.305,-6.2101,106.5457,48.2776,0.0,0.0,0.0,-0.03,1734.9,0.0,3.7,150.0,0,12.308,0.056471870417323156,0.07294293582115084,-0.03,-0.07475927213407796,0.6406602240877479,1.0,0.0,-2667.4151117836514,327.5012899111441,587.839,654.634,3.3989113443001964,0.0009932277792743772,3.2761104041092124,19.604148085768678,24.3560580154342,26.269800000000004,0.0,0.0275161456178437,final_approach,-5.278752161250511,-12.39975128652077,-5.103743571175084,
12.408,63.94058336,-22.59875018,733.717,657.505,-13.2371,-2.6176,25.8778,-0.1944,-0.1752,-4.0854,66.345,69.377,-6.2325,106.9653,47.6402,0.0,0.0,0.0,-0.03,1733.7,0.0,3.7,150.0,0,12.408,0.057246129135722745,0.07277499323389945,-0.03,-0.07475927213407796,0.6406598377546728,1.0,0.0,-2664.1605963157617,328.9596772187127,587.217,654.005,3.3989815616234926,0.0009447186882224184,3.292535953186595,19.86805452080144,23.98723264304172,25.857799999999997,0.0,0.07137831419804164,final_approach,-5.306319606087024,-12.39975128652077,-5.103755240862299,
12.508,63.94061267,-22.59872079,733.092,656.88,-13.2557,-2.634,25.4724,-0.1719,-0.1506,-4.0178,66.394,69.448,-6.252,107.3809,46.997,0.0,0.0,0.0,-0.03,1731.9,0.0,3.7,150.0,0,12.508,0.05795499369237628,0.07264870243023214,-0.03,-0.07475927213407796,0.6406594626830442,1.0,0.0,-2660.8927104797467,330.39846236532617,586.592,653.38,3.399049649555744,0.0009007454606044109,3.3087915213290446,20.132706824531674,23.61737422169648,25.45240000000001,0.0,0.1094348310891349,final_approach,-5.333941546431371,-12.39975128652077,-5.103766570371775,
12.608,63.94064209,-22.5986918,732.466,656.1,-13.2717,-2.6479,25.0738,-0.1421,-0.1271,-3.949,66.443,69.519,-6.2688,107.7921,46.3484,0.0,0.0,0.0,-0.03,1729.6,0.0,3.7,150.0,0,12.608,0.05856433644747183,0.072569855011996,-0.03,-0.07475927213407796,0.6406590420086063,1.0,0.0,-2657.612569043877,331.81764574028614,585.966,652.6,3.399125919464114,0.0008777377311200764,3.324876302322095,20.39808543201545,23.246716548917732,25.053799999999995,0.0,0.1440316646264787,final_approach,-5.361615644970302,-12.39975128652077,-5.103779277358136,
12.725,63.94067655,-22.59865849,731.734,655.428,-13.2861,-2.6614,24.6174,-0.1006,-0.1016,-3.87,66.499,69.6,-6.2856,108.2656,45.5856,0.0,0.0,0.0,-0.03,1726.4,0.0,3.7,150.0,0,12.725,0.05911239621442027,0.07252087093739469,-0.03,-0.07475927213407796,0.6406585076859181,1.0,0.0,-2653.7705109643684,333.4482859020534,585.234,651.928,3.3992226478372016,0.0008692378145198906,3.343422641261318,20.709713347858163,22.813692032344676,24.597399999999993,0.0,0.17444992044520427,final_approach,-5.394082331033228,-12.39975128652077,-5.103795417208865,
12.817,63.94070373,-22.59863271,731.157,654.671,-13.2939,-2.6699,24.2652,-0.0642,-0.0831,-3.8106,66.542,69.663,-6.2967,108.6327,44.9819,0.0,0.0,0.0,-0.03,1723.6,0.0,3.7,150.0,0,12.817,0.059409122092330124,0.07251402410898913,-0.03,-0.07475927213407796,0.6406580731928978,1.0,0.0,-2650.7401323196646,334.71028657311274,584.657,651.171,3.399301183807724,0.0008666401543506886,3.3578262801972216,20.95512357803621,22.47313986778721,24.24520000000001,0.0,0.20108095534544868,final_approach,-5.4196270013816275,-12.39975128652077,-5.103808541569414,
12.925,63.94073598,-22.59860268,730.474,654.082,-13.2986,-2.6778,23.8557,-0.0177,-0.0628,-3.7456,66.592,69.736,-6.3079,109.0604,44.2642,0.0,0.0,0.0,-0.03,1720.0,0.0,3.7,150.0,0,12.925,0.05958787056186571,0.07253478025844763,-0.03,-0.07475927213407796,0.6406575032928452,1.0,0.0,-2647.144493927617,336.1803133026723,583.974,650.582,3.3994040322884342,0.0008809169198449907,3.3746617811739683,21.24414860552207,22.070692543069924,23.835700000000003,0.0,0.22488841058340192,final_approach,-5.449685211239126,-12.39975128652077,-5.103825756032233,
13.008,63.94075837,-22.59858217,730.001,653.549,-13.2989,-2.682,23.5762,0.014,-0.0499,-3.7045,66.626,69.786,-6.3144,109.3525,43.765,0.0,0.0,0.0,-0.03,1717.5,0.0,3.7,150.0,0,13.008,0.05959927881037336,0.0725677041788118,-0.03,-0.07475927213407796,0.6406570681080576,1.0,0.0,-2644.6481789889203,337.18430341688395,583.501,650.049,3.399482445235661,0.0008915531505272145,3.3861959267708848,21.466427389635438,21.79224911232808,23.55619999999999,0.0,0.24168387818645157,final_approach,-5.472782468578227,-12.39975128652077,-5.103838901253869,
13.133,63.94079583,-22.59854852,729.211,652.712,-13.294,-2.6871,23.1168,0.0663,-0.0311,-3.6446,66.681,69.868,-6.3233,109.8319,42.9292,0.0,0.0,0.0,-0.03,1713.3,0.0,3.7,150.0,0,13.133,0.05941292562728351,0.07264761847784636,-0.03,-0.07475927213407796,0.6406562930206612,1.0,0.0,-2640.471684879125,338.83148470795794,582.711,649.212,3.3996218388513855,0.0009288191130718095,3.4051888512890107,21.80263254858975,21.328677714586945,23.0968,0.0,0.25971261653313243,final_approach,-5.507685707603152,-12.39975128652077,-5.103862313560047,
13.217,63.94082089,-22.59852644,728.684,652.172,-13.2873,-2.6892,22.8144,0.0986,-0.0201,-3.6113,66.717,69.922,-6.3279,110.1461,42.3698,0.0,0.0,0.0,-0.03,1710.4,0.0,3.7,150.0,0,13.217,0.05915805278029934,0.0727203509868409,-0.03,-0.07475927213407796,0.6406557237377905,1.0,0.0,-2637.67770019823,339.9122910789344,582.184,648.672,3.3997240058392872,0.000976728205142725,3.417697975491617,22.028671807394996,21.020191512112717,22.794399999999996,0.0,0.27506341762752384,final_approach,-5.531130128649274,-12.39975128652077,-5.1038795093001745,
13.342,63.94085862,-22.59849387,727.892,651.348,-13.2723,-2.6909,22.3655,0.1421,-0.0066,-3.5714,66.77,70.001,-6.3331,110.6092,41.528,0.0,0.0,0.0,-0.03,1706.2,0.0,3.7,150.0,0,13.342,0.05858717890617715,0.0728532083846965,-0.03,-0.07475927213407796,0.6406548156704787,1.0,0.0,-2633.4711258391126,341.50654863701266,581.392,647.848,3.3998866002128025,0.0010307326689726576,3.4362229545931426,22.366413544188326,20.55854447644336,22.345500000000015,0.0,0.2886031069341106,final_approach,-5.566127169415019,-12.39975128652077,-5.103906938299275,
13.425,63.94088385,-22.59847252,727.364,650.713,-13.2594,-2.6911,22.0686,0.1679,0.0009,-3.5518,66.805,70.053,-6.3353,110.9125,40.9653,0.0,0.0,0.0,-0.03,1703.5,0.0,3.7,150.0,0,13.425,0.05809594010881225,0.07296150394559205,-0.03,-0.07475927213407796,0.640654152972161,1.0,0.0,-2630.658202597169,342.55158297089554,580.864,647.213,3.400004972447522,0.0010966391412514207,3.4484141424881263,22.590751507209255,20.251603654105622,22.048599999999993,0.0,0.3007016196662897,final_approach,-5.589351305604744,-12.39975128652077,-5.103926955663617,
13.508,63.94090916,-22.59845146,726.836,650.185,-13.2446,-2.6908,21.7732,0.1873,0.0064,-3.5375,66.838,70.104,-6.3367,111.2112,40.4016,0.0,0.0,0.0,-0.03,1700.9,0.0,3.7,150.0,0,13.508,0.057532026115380275,0.07307448638211517,-0.03,-0.07475927213407796,0.6406534306314352,1.0,0.0,-2627.836366175786,343.5824060107319,580.336,646.685,3.4001337237171003,0.001172402636942918,3.4604797189589935,22.815470244712902,19.945432875361064,21.753199999999993,0.0,0.30950968710077564,final_approach,-5.6125972472919194,-12.39975128652077,-5.10394877453794,
13.633,63.94094725,-22.59842041,726.044,649.288,-13.2198,-2.6895,21.3319,0.2107,0.0123,-3.5256,66.888,70.18,-6.3371,111.651,39.5545,0.0,0.0,0.0,-0.03,1697.1,0.0,3.7,150.0,0,13.633,0.05658633214418268,0.07327428075564468,-0.03,-0.07475927213407796,0.6406522519817912,1.0,0.0,-2623.5896861857377,345.10217909294136,579.544,645.788,3.400343198535021,0.0012563019546802782,3.47834245001714,23.155198591612073,19.48766353987824,21.31190000000001,0.0,0.3177360791825316,final_approach,-5.647706713959035,-12.39975128652077,-5.1039843764964274,
13.725,63.94097272,-22.59840009,725.516,648.806,-13.2015,-2.6884,21.0382,0.2233,0.0149,-3.5238,66.921,70.23,-6.3364,111.9386,38.989,0.0,0.0,0.0,-0.03,1694.7,0.0,3.7,150.0,0,13.725,0.055887906711984514,0.0734218605282982,-0.03,-0.07475927213407796,0.6406514068603644,1.0,0.0,-2620.750026141804,346.09674054766066,579.016,645.306,3.4004929356421285,0.0013181811707612921,3.4900833448936535,23.40527698366135,19.183585761739096,21.018200000000007,0.0,0.3214596767272037,final_approach,-5.673525296891748,-12.39975128652077,-5.10400990392818,
13.817,63.94100081,-22.59837806,724.936,648.197,-13.1808,-2.6869,20.7151,0.2288,0.0156,-3.5264,66.956,70.284,-6.3347,112.2499,38.3661,0.0,0.0,0.0,-0.03,1692.2,0.0,3.7,150.0,0,13.817,0.05509729060011026,0.07359420727160443,-0.03,-0.07475927213407796,0.640650393548918,1.0,0.0,-2617.618267797983,347.17497932645864,578.436,644.697,3.400671968715046,0.0014228195859920985,3.502857773551946,23.655763716078233,18.850009574213118,20.695099999999996,0.0,0.32682104998915396,final_approach,-5.699363892964364,-12.39975128652077,-5.104040511572386,
13.917,63.94103668,-22.59835055,724.197,647.431,-13.1538,-2.6851,20.3033,0.2305,0.0147,-3.536,67.0,70.351,-6.3314,112.6383,37.5725,0.0,0.0,0.0,-0.03,1689.2,0.0,3.7,150.0,0,13.917,0.05406512941533176,0.07382960856263461,-0.03,-0.07475927213407796,0.6406490371771016,1.0,0.0,-2613.6191267086106,348.52140099635915,577.697,643.931,3.4009107626856405,0.0015836729393176904,3.5188836006813276,23.928799530426105,18.427033983889174,20.283299999999997,0.0,0.33711004544468276,final_approach,-5.727503168862674,-12.39975128652077,-5.10408148142178,
14.033,63.9410701,-22.59832551,723.511,646.678,-13.129,-2.6835,19.9196,0.2236,0.0115,-3.55,67.039,70.413,-6.3271,112.9913,36.8346,0.0,0.0,0.0,-0.03,1686.6,0.0,3.7,150.0,0,14.033,0.05369129250572574,0.07406098567352304,-0.03,-0.0765696175169936,0.6406476804081855,1.0,0.0,-2609.893145871929,349.7469034931131,577.011,643.178,3.401148662154764,0.0016615370315053294,3.5335428889631437,24.24616581402818,18.035710007981947,19.899599999999992,0.0,0.3370279409998696,final_approach,-5.760177830166567,-12.39975128652077,-5.104122463120397,
14.117,63.9410933,-22.59830847,723.037,646.133,-13.1122,-2.6827,19.6529,0.2234,0.0083,-3.5647,67.066,70.455,-6.3236,113.2314,36.3233,0.0,0.0,0.0,-0.03,1684.9,0.0,3.7,150.0,0,14.117,0.05363451455416546,0.07422942439834075,-0.03,-0.07841821293636847,0.6406466585355105,1.0,0.0,-2607.3065941187374,350.5808538503877,576.537,642.633,3.40132721016995,0.0017388761278142185,3.543561115619853,24.475935683460975,17.765629279455652,19.632900000000006,0.0,0.33560981649338856,final_approach,-5.78381148449099,-12.39975128652077,-5.1041533290602565,
14.25,63.94113465,-22.59827876,722.194,645.369,-13.0819,-2.6822,19.175,0.2349,-0.003,-3.6104,67.113,70.529,-6.3163,113.6496,35.4138,0.0,0.0,0.0,-0.03,1682.2,0.0,3.7,150.0,0,14.25,0.05350048466123197,0.07454204701113747,-0.03,-0.08166099391083326,0.6406447632470802,1.0,0.0,-2602.696522877781,352.03484848098003,575.694,641.869,3.4016569519177224,0.0018622736500862106,3.5611123602835932,24.841053645848678,17.28730280255789,19.155,0.0,0.3372256021436802,final_approach,-5.821327797581189,-12.39975128652077,-5.104210576540332,
14.333,63.94116317,-22.59825878,721.615,644.702,-13.0599,-2.6827,18.8425,0.2465,-0.0121,-3.6523,67.145,70.579,-6.3107,113.9307,34.7881,0.0,0.0,0.0,-0.03,1680.4,0.0,3.7,150.0,0,14.333,0.0533521664500885,0.07476452314088686,-0.03,-0.08386028609634627,0.6406433633168815,1.0,0.0,-2599.5168645955564,353.0126333842375,575.115,641.202,3.4018993454321684,0.0020386286731561647,3.572981065563711,25.06888415920362,16.959756845702117,18.82249999999999,0.0,0.3416180172828598,final_approach,-5.844713331991395,-12.39975128652077,-5.104252861466275,
14.425,63.94118916,-22.59824092,721.09,644.205,-13.039,-2.6842,18.5364,0.2547,-0.0249,-3.7019,67.174,70.623,-6.3051,114.1817,34.219,0.0,0.0,0.0,-0.03,1679.0,0.0,3.7,150.0,0,14.425,0.05317553711764489,0.0749743988548484,-0.03,-0.08584048618310391,0.6406419895270632,1.0,0.0,-2596.6192787185473,353.88665003234405,574.59,640.705,3.402136262535383,0.0021280548783808315,3.583636265093576,25.321700784170673,16.662895374352587,18.516400000000004,0.0,0.3392179603757326,final_approach,-5.870641585491764,-12.39975128652077,-5.1042943566709305,
14.508,63.94121781,-22.59822162,720.512,643.537,-13.0155,-2.687,18.1946,0.2562,-0.04,-3.763,67.204,70.672,-6.2985,114.4529,33.5926,0.0,0.0,0.0,-0.03,1677.5,0.0,3.7,150.0,0,14.508,0.05295379167654213,0.07520483892642114,-0.03,-0.08799791431541931,0.6406404404694623,1.0,0.0,-2593.425140090083,354.83111414146725,574.012,640.037,3.402402290119619,0.00230757100153445,3.5952023082425697,25.550045870251928,16.337274461125475,18.174599999999998,0.0,0.34123867153542775,final_approach,-5.8940401733077135,-12.39975128652077,-5.104341145645275,
14.617,63.94125438,-22.59819756,719.778,642.802,-12.9861,-2.6927,17.7511,0.2442,-0.0606,-3.8474,67.242,70.733,-6.2898,114.7907,32.7945,0.0,0.0,0.0,-0.03,1675.8,0.0,3.7,150.0,0,14.617,0.05267740556078793,0.07550106221127308,-0.03,-0.09070668092590445,0.6406383169207337,1.0,0.0,-2589.34802428643,356.00848020930636,573.278,639.302,3.402765083899724,0.0024777063852315664,3.609699227181473,25.85067125268613,15.924084021210291,17.731099999999998,0.0,0.34191005168776195,final_approach,-5.924816405604057,-12.39975128652077,-5.1044052867010485,
14.725,63.94128842,-22.59817575,719.097,642.142,-12.9608,-2.7002,17.3303,0.2192,-0.0803,-3.9284,67.277,70.788,-6.2815,115.0971,32.0522,0.0,0.0,0.0,-0.03,1674.4,0.0,3.7,150.0,0,14.725,0.052480627847023065,0.07577726744433885,-0.03,-0.0931748399352742,0.6406362458456759,1.0,0.0,-2585.552983110465,357.075708837293,572.597,638.642,3.4031168365518187,0.0026075834878390262,3.6229213679587775,26.148884343916006,15.54143781249229,17.310300000000012,0.0,0.34028859917742416,final_approach,-5.955313064838359,-12.39975128652077,-5.104467842464707,
14.808,63.94131205,-22.59816094,718.626,641.655,-12.9451,-2.7066,17.0339,0.1947,-0.0939,-3.9843,67.3,70.826,-6.2757,115.3051,31.5374,0.0,0.0,0.0,-0.03,1673.5,0.0,3.7,150.0,0,14.808,0.052402166725589006,0.07596409675746431,-0.03,-0.09484942039436633,0.6406347367835437,1.0,0.0,-2582.918534497237,357.8003864477015,572.126,638.155,3.4033718654864415,0.0026850925342891754,3.6319464495079457,26.37799065254033,15.276992249061692,17.013900000000007,0.0,0.33454494777355764,final_approach,-5.978720396734362,-12.39975128652077,-5.104513422701867,
14.925,63.94135152,-22.59813679,717.842,640.864,-12.9237,-2.7196,16.5305,0.1428,-0.116,-4.0744,67.338,70.887,-6.2662,115.6446,30.6771,0.0,0.0,0.0,-0.03,1672.2,0.0,3.7,150.0,0,14.925,0.05242795017763702,0.07626968370225781,-0.03,-0.09756339442986312,0.6406320992668081,1.0,0.0,-2578.518134612791,358.98204910404235,571.342,637.364,3.403815071503121,0.0028689247140151414,3.6467480824374983,26.70178601464061,14.836707229713454,16.510500000000008,0.0,0.33365780022926095,final_approach,-6.011768980504636,-12.39975128652077,-5.104593086742291,
15.033,63.94138581,-22.59811641,717.163,640.204,-12.9108,-2.7329,16.0857,0.0906,-0.133,-4.1446,67.37,70.94,-6.2583,115.9316,29.9287,0.0,0.0,0.0,-0.03,1671.2,0.0,3.7,150.0,0,15.033,0.052633206461758064,0.07652370142308175,-0.03,-0.09981505846199062,0.6406297106036113,1.0,0.0,-2574.695248708173,359.9792069723098,570.663,636.704,3.404213731744051,0.003005987016200972,3.6593272484349733,27.00086692781888,14.455329683438151,16.065699999999993,0.0,0.33026129987172803,final_approach,-6.0422606518070925,-12.39975128652077,-5.104665233890678,
15.108,63.94140696,-22.59810412,716.746,639.803,-12.9058,-2.742,15.8082,0.0564,-0.1429,-4.1836,67.389,70.971,-6.2537,116.1049,29.4666,0.0,0.0,0.0,-0.03,1670.7,0.0,3.7,150.0,0,15.108,0.052853830637114296,0.07667227688232986,-0.03,-0.10114533347703636,0.6406281615935416,1.0,0.0,-2572.3373055035872,360.58051689067685,570.246,636.303,3.404470894424805,0.0030764618040655858,3.666955097876601,27.20838639284008,14.220594364272813,15.78819999999999,0.0,0.32326784836822664,final_approach,-6.063398037170241,-12.39975128652077,-5.104712019927444,
15.225,63.94144405,-22.59808307,716.017,638.956,-12.9025,-2.7596,15.3167,-0.0047,-0.1592,-4.2443,67.421,71.025,-6.2463,116.4023,28.6547,0.0,0.0,0.0,-0.03,1669.8,0.0,3.7,150.0,0,15.225,0.05340885258905054,0.07691524475177822,-0.03,-0.10335143598722346,0.6406253410377143,1.0,0.0,-2568.20227327298,361.61039160112404,569.517,635.456,3.404936452113085,0.003226905760196706,3.68009703425888,27.53284503891629,13.809498489675917,15.296699999999987,0.0,0.31874388701696665,final_approach,-6.096414439859753,-12.39975128652077,-5.104797211029524,
15.308,63.94147059,-22.59806839,715.496,638.576,-12.9047,-2.7731,14.9618,-0.0497,-0.1678,-4.2772,67.444,71.063,-6.2416,116.6102,28.0718,0.0,0.0,0.0,-0.03,1669.3,0.0,3.7,150.0,0,15.308,0.05394427034517141,0.07707793717725363,-0.03,-0.1048178347488729,0.6406232815876527,1.0,0.0,-2565.24342957393,362.32858679080437,568.996,635.076,3.4052742143838337,0.003367325624960659,3.6893221902195013,27.76288457609684,13.51537989940141,14.9418,0.0,0.3149588458095054,final_approach,-6.119799104778972,-12.39975128652077,-5.104859413557005,
15.433,63.94151316,-22.59804554,714.665,637.725,-12.9154,-2.7963,14.3889,-0.1161,-0.1798,-4.316,67.479,71.123,-6.2352,116.9351,27.1336,0.0,0.0,0.0,-0.03,1668.5,0.0,3.7,150.0,0,15.433,0.05500487676171223,0.07731087811779698,-0.03,-0.10694399597273896,0.6406197737586333,1.0,0.0,-2560.4974740325533,363.44643697086326,568.165,634.225,3.4058453963183393,0.003567680600141296,3.7037923340507346,28.110179932119447,13.043716260474781,14.368899999999996,0.0,0.3117807689177297,final_approach,-6.155065860484134,-12.39975128652077,-5.104965361376458,
15.517,63.94153716,-22.59803304,714.197,637.119,-12.9255,-2.8099,14.0648,-0.1505,-0.1841,-4.328,67.498,71.156,-6.2324,117.1137,26.6026,0.0,0.0,0.0,-0.03,1668.2,0.0,3.7,150.0,0,15.517,0.05571483869650723,0.07742465724374746,-0.03,-0.10800648759677062,0.6406177586267081,1.0,0.0,-2557.8218185315263,364.05792467091845,567.697,633.619,3.40617121645248,0.0036195356869049137,3.711770410959444,28.343260142830104,12.77768327093662,14.04480000000001,0.0,0.30399983321525814,final_approach,-6.178709009519229,-12.39975128652077,-5.10502622446046,
15.608,63.94156387,-22.59801943,713.677,636.738,-12.9392,-2.8253,13.7038,-0.1808,-0.1884,-4.3354,67.519,71.191,-6.23,117.3087,26.0097,0.0,0.0,0.0,-0.03,1667.8,0.0,3.7,150.0,0,15.608,0.05655906488861029,0.07753749765168777,-0.03,-0.10906306966244306,0.6406154679219418,1.0,0.0,-2554.84404208612,364.72368995602625,567.177,633.238,3.406539589912209,0.003690956405257463,3.7205078824828206,28.59585180436946,12.481390708374505,13.68379999999999,0.0,0.2973425057201653,final_approach,-6.204308229790771,-12.39975128652077,-5.105095410289092,
15.725,63.94160401,-22.59799959,712.899,635.918,-12.9645,-2.849,13.1621,-0.2255,-0.1903,-4.3301,67.549,71.244,-6.2278,117.5946,25.1143,0.0,0.0,0.0,-0.03,1667.3,0.0,3.7,150.0,0,15.725,0.05792321713114129,0.07767599755611941,-0.03,-0.11038274020543853,0.640611861196234,1.0,0.0,-2550.3690264967872,365.69416357140364,566.399,632.418,3.40711535947725,0.0038959815699667207,3.733349904669014,28.92112992117869,12.035367774591066,13.1421,0.0,0.29362139214653826,final_approach,-6.237238397164301,-12.39975128652077,-5.105204342870536,
15.817,63.94163083,-22.59798676,712.38,635.333,-12.9846,-2.8648,12.8017,-0.2509,-0.1889,-4.3158,67.568,71.279,-6.2274,117.7808,24.5133,0.0,0.0,0.0,-0.03,1667.1,0.0,3.7,150.0,0,15.817,0.05889677722668213,0.07774553737444077,-0.03,-0.11107355523744555,0.6406093956470472,1.0,0.0,-2547.379000949508,366.32170946790507,565.88,631.833,3.4075060326886693,0.003954392633340724,3.7417289275899592,29.176677517425354,11.736928098377632,12.7817,0.0,0.28570324187233825,final_approach,-6.263081090339018,-12.39975128652077,-5.105278808335338,
15.942,63.94167382,-22.59796688,711.549,634.494,-13.0196,-2.8897,12.2284,-0.2758,-0.1836,-4.279,67.599,71.333,-6.2286,118.0714,23.5448,0.0,0.0,0.0,-0.03,1666.8,0.0,3.7,150.0,0,15.942,0.06045863710752797,0.07782510670526435,-0.03,-0.11184369590835325,0.6406053670719858,1.0,0.0,-2542.5862759710812,367.29403193114405,565.049,630.994,3.408139388977462,0.004139802246174332,3.754835802065949,29.52446250302766,11.257509451839525,12.208400000000012,0.0,0.2822756744294027,final_approach,-6.298211481471874,-12.39975128652077,-5.105400479876177,
16.033,63.94170344,-22.59795367,710.978,633.943,-13.0458,-2.9062,11.8377,-0.2874,-0.1768,-4.2429,67.619,71.369,-6.2307,118.266,22.874,0.0,0.0,0.0,-0.03,1666.6,0.0,3.7,150.0,0,16.033,0.061536811168441286,0.07785242987482834,-0.03,-0.11212400426839969,0.6406025006057692,1.0,0.0,-2539.2841090574025,367.9400864889705,564.478,630.443,3.40858636138846,0.004268465994519103,3.763635744831108,29.77739581954811,10.926500514630135,11.817700000000002,0.0,0.27659426946129095,final_approach,-6.3237316949580435,-12.39975128652077,-5.105487052476555,
16.108,63.94173041,-22.597942,710.458,633.574,-13.0699,-2.9206,11.4855,-0.2868,-0.1691,-4.2043,67.637,71.402,-6.2335,118.4393,22.2609,0.0,0.0,0.0,-0.03,1666.4,0.0,3.7,150.0,0,16.108,0.062472110526090974,0.07786051000446247,-0.03,-0.11219760249955268,0.6405998713555711,1.0,0.0,-2536.2773818379055,368.51079382357824,563.958,630.074,3.4089937118142264,0.004462278163801992,3.7714782068696193,29.98581319551446,10.624669826245707,11.465499999999992,0.0,0.27326751769208374,final_approach,-6.3447419488628505,-12.39975128652077,-5.105566460142597,
16.217,63.94176282,-22.59792842,709.834,632.907,-13.0983,-2.937,11.0675,-0.2788,-0.1576,-4.1509,67.658,71.441,-6.2379,118.6428,21.5211,0.0,0.0,0.0,-0.03,1666.3,0.0,3.7,150.0,0,16.217,0.06350416620137372,0.07784947709251212,-0.03,-0.11205457903670779,0.6405966482679756,1.0,0.0,-2532.6641884955347,369.17486749435784,563.334,629.407,3.409489697305187,0.004476952737359086,3.7806914330730135,30.288960107109045,10.261322318951812,11.047500000000014,0.0,0.2659396115799603,final_approach,-6.3752719304532715,-12.39975128652077,-5.105663801927104,
16.325,63.9418007,-22.59791315,709.106,632.128,-13.1305,-2.9545,10.587,-0.2702,-0.1412,-4.0798,67.683,71.486,-6.2444,118.874,20.6528,0.0,0.0,0.0,-0.03,1666.2,0.0,3.7,150.0,0,16.325,0.06457532052025933,0.07781341834238059,-0.03,-0.11156686061314436,0.6405927882951717,1.0,0.0,-2528.441188491096,369.921527713477,562.606,628.628,3.410078914034162,0.004640079023377844,3.7911731068204766,30.589366546260067,9.836010543811426,10.567000000000007,0.0,0.2628070542982851,final_approach,-6.405490946451026,-12.39975128652077,-5.105780377462921,
16.408,63.94182509,-22.59790367,708.638,631.698,-13.1506,-2.9647,10.2827,-0.26,-0.1291,-4.0299,67.699,71.515,-6.2493,119.0191,20.0918,0.0,0.0,0.0,-0.03,1666.1,0.0,3.7,150.0,0,16.408,0.06518607073014365,0.07777696054984061,-0.03,-0.11107160471130895,0.6405902494135978,1.0,0.0,-2525.722108710553,370.38503917764376,562.138,628.198,3.4104636914632294,0.004639377959375664,3.7977539552596,30.819949543768633,9.561852381235212,10.262699999999995,0.0,0.2564401479381899,final_approach,-6.428662468322724,-12.39975128652077,-5.105857053911272,
16.542,63.94186853,-22.59788747,707.804,630.898,-13.1836,-2.9804,9.7512,-0.2337,-0.1053,-3.9352,67.726,71.565,-6.2591,119.2704,19.0896,0.0,0.0,0.0,-0.03,1666.1,0.0,3.7,150.0,0,16.542,0.0660635685498423,0.07768795387523683,-0.03,-0.10984493369918075,0.6405856987740969,1.0,0.0,-2520.8792821350894,371.17704720957437,561.304,627.398,3.4111479742839013,0.004717246335141285,3.8091473573651093,31.19271284836006,9.073244644853787,9.731200000000001,0.0,0.2514449106086672,final_approach,-6.466078169222612,-12.39975128652077,-5.1059944859388935,
16.608,63.941893,-22.59787872,707.334,630.459,-13.2008,-2.9878,9.4579,-0.2193,-0.0912,-3.8802,67.742,71.593,-6.2651,119.408,18.5233,0.0,0.0,0.0,-0.03,1666.0,0.0,3.7,150.0,0,16.608,0.06644786656637747,0.077631482695329,-0.03,-0.10896435693561346,0.6405831168372307,1.0,0.0,-2518.151296700005,371.6047901389669,560.834,626.959,3.4115332121762587,0.004903861573116361,3.815385550666805,31.375904326437674,8.797789583178968,9.437900000000013,0.0,0.2506248498646363,final_approach,-6.484445977948949,-12.39975128652077,-5.106072461245873,
16.717,63.94192567,-22.59786746,706.707,629.875,-13.2213,-2.9959,9.0734,-0.1888,-0.0702,-3.803,67.762,71.631,-6.2736,119.5872,17.7659,0.0,0.0,0.0,-0.03,1666.0,0.0,3.7,150.0,0,16.717,0.06680541377935934,0.07754306072858226,-0.03,-0.10758319991314524,0.6405796189848352,1.0,0.0,-2514.5091590823176,372.155188242468,560.207,626.375,3.4120517118158786,0.004879364215547926,3.8235117008908195,31.678667982782045,8.430070210816694,9.05340000000001,0.0,0.2445213397434945,final_approach,-6.514774026379532,-12.39975128652077,-5.106178096651391,
16.825,63.94196112,-22.59785579,706.027,629.181,-13.2402,-3.0024,8.6655,-0.1561,-0.0473,-3.7196,67.785,71.672,-6.2831,119.776,16.9426,0.0,0.0,0.0,-0.03,1666.0,0.0,3.7,150.0,0,16.825,0.0669891391419481,0.07744583182231654,-0.03,-0.10582911579364179,0.640575769121286,1.0,0.0,-2510.557109120126,372.72556559717526,559.527,625.681,3.412617965655951,0.004939985364920464,3.8320658964149126,31.97848789485684,8.031209519996423,8.645499999999998,0.0,0.24165239639980646,final_approach,-6.544771805565707,-12.39975128652077,-5.10629436170418,
16.917,63.94198843,-22.5978472,705.503,628.647,-13.2522,-3.0057,8.3579,-0.1294,-0.0297,-3.6559,67.802,71.703,-6.2905,119.9174,16.3078,0.0,0.0,0.0,-0.03,1666.0,0.0,3.7,150.0,0,16.917,0.06698088300931637,0.07736712384233288,-0.03,-0.10430481302500533,0.6405727806199786,1.0,0.0,-2507.512532483832,373.14535901792954,559.003,625.147,3.413054397358026,0.00490729161220659,3.8384628882526,32.233559117698526,7.724257191339717,8.33789999999999,0.0,0.23648241569943837,final_approach,-6.549000054113835,-12.39975128652077,-5.1063846129959,
17.042,63.94203219,-22.59783413,704.663,627.812,-13.2666,-3.0078,7.8768,-0.0833,-0.0013,-3.5555,67.83,71.753,-6.3022,120.1369,15.2899,0.0,0.0,0.0,-0.03,1666.1,0.0,3.7,150.0,0,17.042,0.06669322859095211,0.0772456725460324,-0.03,-0.10156528887546745,0.6405679557600007,1.0,0.0,-2502.6340868816287,373.784004227811,558.163,624.312,3.41375336861933,0.0050213713585776755,3.8483783879876965,32.58029991987324,7.233076856401965,7.856799999999993,0.0,0.23534765063584695,final_approach,-6.549000054113835,-12.39975128652077,-5.106530319942653,
17.117,63.94205957,-22.59782639,704.138,627.293,-13.2724,-3.0073,7.5827,-0.0541,0.0156,-3.4962,67.848,71.785,-6.3093,120.2698,14.6528,0.0,0.0,0.0,-0.03,1666.1,0.0,3.7,150.0,0,17.117,0.06633623897197732,0.07717476461910384,-0.03,-0.09967334149755264,0.6405648797567597,1.0,0.0,-2499.5817214105164,374.16215025536803,557.638,623.793,3.414195430282663,0.005166835383999539,3.8543708629732487,32.78792698479655,6.926268816080267,7.562700000000007,0.0,0.2357705914871346,final_approach,-6.549000054113835,-12.39975128652077,-5.106623211843527,
17.225,63.94209248,-22.59781754,703.506,626.579,-13.2763,-3.0047,7.2364,-0.0225,0.0372,-3.4233,67.869,71.823,-6.3174,120.4251,13.8875,0.0,0.0,0.0,-0.03,1666.1,0.0,3.7,150.0,0,17.225,0.06573758632397242,0.07709505785125818,-0.03,-0.09723127356109079,0.6405611900396538,1.0,0.0,-2495.9128705916514,374.59446413426946,557.006,623.079,3.4147221221528854,0.005118492249354937,3.861354036380807,33.08691668358041,6.558327455316231,7.216399999999993,0.0,0.23201366902870882,final_approach,-6.549000054113835,-12.39975128652077,-5.106734636240635,
17.333,63.94212817,-22.59780849,702.821,625.941,-13.2768,-2.9996,6.8692,0.0146,0.0584,-3.3502,67.893,71.864,-6.3254,120.5881,13.0583,0.0,0.0,0.0,-0.03,1666.2,0.0,3.7,150.0,0,17.333,0.06488376257631229,0.07702570642771014,-0.03,-0.09438637803913041,0.6405571305158116,1.0,0.0,-2491.93411101971,375.0364685815991,556.321,622.441,3.4152971997090287,0.005152875572214444,3.8686615004576304,33.38561922556894,6.160389092771112,6.849199999999996,0.0,0.23112353750084774,final_approach,-6.549000054113835,-12.39975128652077,-5.106857227053236,
17.417,63.94215566,-22.5978019,702.294,625.343,-13.2744,-2.9942,6.5919,0.0425,0.0735,-3.2979,67.911,71.896,-6.3309,120.7097,12.4206,0.0,0.0,0.0,-0.03,1666.2,0.0,3.7,150.0,0,17.417,0.06407714728960029,0.07698231292080121,-0.03,-0.09206282205117206,0.6405539469837626,1.0,0.0,-2488.8695027744784,375.3582675410961,555.794,621.843,3.415745023338213,0.0051826019236395305,3.8741051659039343,33.617564325673285,5.854857011237328,6.571899999999999,0.0,0.22959282629947197,final_approach,-6.549000054113835,-12.39975128652077,-5.106953363473153,
17.533,63.94219694,-22.59779264,701.502,624.548,-13.2669,-2.9836,6.1842,0.0798,0.0952,-3.2228,67.94,71.945,-6.338,120.8863,11.4647,0.0,0.0,0.0,-0.03,1666.3,0.0,3.7,150.0,0,17.533,0.06265056775563455,0.07694275533904374,-0.03,-0.08837256501811597,0.6405491449517237,1.0,0.0,-2484.2675846417537,375.81034314907544,555.002,621.048,3.4164153835082174,0.005281996100165756,3.8819699723714916,33.93788492707577,5.397653427797707,6.164199999999994,0.0,0.2314480239086081,final_approach,-6.549000054113835,-12.39975128652077,-5.107098373903884,
17.642,63.94223001,-22.59778577,700.869,623.984,-13.2574,-2.9734,5.8643,0.1066,0.1105,-3.1685,67.963,71.984,-6.3425,121.0225,10.701,0.0,0.0,0.0,-0.03,1666.4,0.0,3.7,150.0,0,17.642,0.06131787418502027,0.07693089715566788,-0.03,-0.0852493609465857,0.6405451889839718,1.0,0.0,-2480.580931406865,376.1456432196238,554.369,620.484,3.416963095971862,0.005239144248065667,3.888003076926455,34.238369613892374,5.033041523098234,5.844300000000004,0.0,0.22958994667254323,final_approach,-6.549000054113835,-12.39975128652077,-5.107217833753694,
17.717,63.94225484,-22.59778092,700.393,623.559,-13.2485,-2.9647,5.6279,0.1264,0.1209,-3.131,67.98,72.013,-6.3451,121.1216,10.129,0.0,0.0,0.0,-0.03,1666.4,0.0,3.7,150.0,0,17.717,0.06021815404026992,0.07693464482181303,-0.03,-0.08281368278764545,0.6405422251701107,1.0,0.0,-2477.812881044492,376.3822965995766,553.893,620.059,3.4173708139646473,0.005271993524022004,3.892382464583715,34.44470237470142,4.760334172732485,5.607900000000001,0.0,0.22932419394474873,final_approach,-6.549000054113835,-12.39975128652077,-5.107307332349567,
17.842,63.9422935,-22.59777392,699.652,622.83,-13.2327,-2.9498,5.2657,0.1484,0.1357,-3.0746,68.008,72.059,-6.3479,121.2709,9.2408,0.0,0.0,0.0,-0.03,1666.5,0.0,3.7,150.0,0,17.842,0.05837886161952072,0.07696621367528439,-0.03,-0.07887377578327703,0.6405375609603366,1.0,0.0,-2473.503070617776,376.7237483326982,553.152,619.33,3.418007982460851,0.005242885931623506,3.8989310226576084,34.7885491593057,4.337497528938599,5.245699999999999,0.0,0.2288401763134018,final_approach,-6.549000054113835,-12.39975128652077,-5.107448176574906,
17.917,63.9423239,-22.59776886,699.071,622.131,-13.2176,-2.9369,4.9853,0.1741,0.1446,-3.0395,68.031,72.096,-6.3489,121.3839,8.5447,0.0,0.0,0.0,-0.03,1666.5,0.0,3.7,150.0,0,17.917,0.06378210824559666,0.07701441991191416,-0.03,-0.07565339404837662,0.640533778705593,1.0,0.0,-2470.1140912295746,376.9704736519034,552.571,618.631,3.4185207408091403,0.00550853460588426,3.903862753318853,34.99436749290636,4.006637603158566,4.965300000000013,0.0,0.23591531180007375,final_approach,-6.549000054113835,-12.215625339260587,-5.107562387317881,
18.017,63.94235711,-22.5977638,698.436,621.497,-13.1966,-2.922,4.6832,0.297,0.1534,-2.9999,68.056,72.136,-6.3489,121.503,7.7869,0.0,0.0,0.0,-0.03,1666.6,0.0,3.7,150.0,0,18.017,0.07092854240760244,0.07708534332243645,-0.03,-0.07202107533494079,0.6405296207091938,1.0,0.0,-2466.4118622054793,377.2170896261795,551.936,617.997,3.4190804683551006,0.005523324748170807,3.909020464088817,35.26862164767222,3.646964398128034,4.663199999999989,0.0,0.23719573800005977,final_approach,-6.549000054113835,-11.974452643881703,-5.107687942830772,
18.133,63.94239311,-22.59775885,697.748,620.789,-13.1516,-2.905,4.3599,0.5922,0.1598,-2.9663,68.083,72.18,-6.3474,121.6271,6.9692,0.0,0.0,0.0,-0.03,1666.7,0.0,3.7,150.0,0,18.133,0.07813721905179971,0.07718759532309778,-0.03,-0.06795180488323899,0.6405250503028442,1.0,0.0,-2462.3986149632533,377.45820772373025,551.248,617.289,3.4196910189509677,0.005479998491100849,3.914348194917744,35.58631403457834,3.259446746524702,4.3399,0.0,0.23679236369911477,final_approach,-6.549000054113835,-11.701303485358727,-5.107825949966461,
18.217,63.94242084,-22.59775541,697.22,620.282,-13.0933,-2.8916,4.1133,0.8634,0.1627,-2.9483,68.105,72.214,-6.3451,121.7189,6.3437,0.0,0.0,0.0,-0.03,1666.7,0.0,3.7,150.0,0,18.217,0.08300145748070598,0.07728920252587952,-0.03,-0.06472527576372178,0.640521404662849,1.0,0.0,-2459.3073061723517,377.6256670997204,550.72,616.782,3.420174582189647,0.005526116279646076,3.9182683000220884,35.81580689248338,2.9634206756630306,4.093299999999999,0.0,0.23907530899054338,final_approach,-6.549000054113835,-11.483076621080915,-5.107936031849274,
18.333,63.94246246,-22.59775085,696.427,619.472,-12.9586,-2.871,3.7462,1.3198,0.1652,-2.9261,68.137,72.266,-6.3394,121.8508,5.4132,0.0,0.0,0.0,-0.03,1666.8,0.0,3.7,150.0,0,18.333,0.08887705418045305,0.07747742245094014,-0.03,-0.059733312707037745,0.6405158997097741,1.0,0.0,-2454.667566328133,377.84745895383196,549.927,615.972,3.420899098826194,0.005646069078651652,3.9238542807183143,36.13248620239577,2.523682264824174,3.7262000000000057,0.0,0.2424195598973565,final_approach,-6.549000054113835,-11.143175234970034,-5.108102254614025,
18.408,63.94248467,-22.59774871,696.005,619.185,-12.8648,-2.8599,3.5512,1.5397,0.1655,-2.9186,68.155,72.293,-6.3349,121.9183,4.9222,0.0,0.0,0.0,-0.03,1666.9,0.0,3.7,150.0,0,18.408,0.09135201533346282,0.07760540270814914,-0.03,-0.056993492064931706,0.6405128776189398,1.0,0.0,-2452.1916313668926,377.95144128104823,549.505,615.685,3.42129399995007,0.005582615618601704,3.926690116731157,36.336656745644625,2.2919433790169137,3.5312000000000126,0.0,0.24219959990668774,final_approach,-6.549000054113835,-10.956317178431213,-5.108193506018818,
18.525,63.94252358,-22.59774544,695.267,618.42,-12.6636,-2.8405,3.2117,1.9187,0.1655,-2.9004,68.187,72.342,-6.3245,122.0313,4.0731,0.0,0.0,0.0,-0.03,1667.0,0.0,3.7,150.0,0,18.525,0.09457758822429652,0.0778739876927612,-0.03,-0.05208516253336776,0.6405074705251124,1.0,0.0,-2447.854015546212,378.1101366789561,548.767,614.92,3.4219956410112733,0.005651668373340578,3.9314210637057396,36.654920048790174,1.8916803175676762,3.1916999999999973,0.0,0.2450454793246479,final_approach,-6.549000054113835,-10.620730998325326,-5.108356770296773,
18.608,63.94255139,-22.59774349,694.74,617.828,-12.4961,-2.8267,2.9703,2.1301,0.1649,-2.891,68.209,72.376,-6.3147,122.1081,3.4763,0.0,0.0,0.0,-0.03,1667.0,0.0,3.7,150.0,0,18.608,0.0961839239844986,0.07810436898154287,-0.03,-0.0484939377085723,0.6405035434106171,1.0,0.0,-2444.753814098318,378.20459228661497,548.24,614.328,3.4225013631757273,0.005725229998775744,3.9346102185405667,36.880080751460724,1.6107151968376172,2.9502999999999986,0.0,0.24686500311003592,final_approach,-6.549000054113835,-10.375295363331155,-5.108475345953167,
18.742,63.94259314,-22.59774112,693.953,617.059,-12.2131,-2.806,2.6103,2.4028,0.1634,-2.8664,68.244,72.428,-6.296,122.2174,2.5974,0.0,0.0,0.0,-0.03,1667.1,0.0,3.7,150.0,0,18.742,0.09768317638610174,0.07852383272064402,-0.03,-0.04299365951431544,0.6404973800598993,1.0,0.0,-2440.099619731936,378.3190828168034,547.453,613.559,3.423288652139613,0.005750240128190704,3.9391211899385046,37.24319196355596,1.197483422354992,2.5903000000000134,0.0,0.24816764190464358,final_approach,-6.549000054113835,-9.999291231675047,-5.108661440280557,
18.825,63.94262378,-22.59773981,693.377,616.576,-11.9867,-2.791,2.348,2.5492,0.1622,-2.8485,68.269,72.466,-6.2791,122.293,1.9669,0.0,0.0,0.0,-0.03,1667.2,0.0,3.7,150.0,0,18.825,0.0982464249691023,0.07888440977312308,-0.03,-0.038885676459603224,0.6404927272055907,1.0,0.0,-2436.6839500592887,378.3820723150983,546.877,613.076,3.4238779269803734,0.005975149586264455,3.9422181296112604,37.46735657054785,0.901437473489068,2.328000000000003,0.0,0.2529892034839653,final_approach,-6.549000054113835,-9.71879388140187,-5.108801925157664,
18.933,63.9426628,-22.59773866,692.646,615.874,-11.6807,-2.7721,2.0178,2.6999,0.159,-2.8056,68.301,72.514,-6.2536,122.3837,1.1819,0.0,0.0,0.0,-0.03,1667.2,0.0,3.7,150.0,0,18.933,0.09847662350325037,0.07941213692753551,-0.03,-0.03360621615690962,0.6404866090888011,1.0,0.0,-2432.334108053466,378.4368967282632,546.146,612.374,3.4246463103442975,0.006165068118066116,3.945903692180426,37.75863168564936,0.5333071537262981,1.9978000000000122,0.0,0.2569262119214468,final_approach,-6.549000054113835,-9.356938870768769,-5.1089866485005295,
19.008,63.94268511,-22.59773826,692.23,615.504,-11.4987,-2.7615,1.8315,2.7643,0.1571,-2.7764,68.319,72.541,-6.2371,122.4328,0.7427,0.0,0.0,0.0,-0.03,1667.3,0.0,3.7,150.0,0,19.008,0.09841186693328341,0.07974595225129537,-0.03,-0.030579619571580563,0.6404829779262298,1.0,0.0,-2429.847055175787,378.45562607681626,545.73,612.004,3.425098956179094,0.006143436397936057,3.9478823533484677,37.96032628293637,0.327562528058138,1.8114999999999952,0.0,0.2553874653831345,final_approach,-6.549000054113835,-9.14837120237123,-5.1090962822287835,
19.125,63.94272418,-22.59773798,691.504,614.819,-11.1713,-2.7433,1.5113,2.8494,0.1529,-2.7069,68.351,72.587,-6.2053,122.5136,-0.0091,0.0,0.0,0.0,-0.03,1667.4,0.0,3.7,150.0,0,19.125,0.09806215635699517,0.08038098698047287,-0.03,-0.025306942333633453,0.6404764267912385,1.0,0.0,-2425.4916542121405,378.4678240005628,545.004,611.319,3.4259093468484556,0.006273932994521815,3.951137353428683,38.274564080784074,-0.024255785419825315,1.4912999999999954,0.0,0.2570344479395988,final_approach,-6.549000054113835,-8.781200241921464,-5.109294074477077,
19.233,63.94276327,-22.59773824,690.783,614.036,-10.8353,-2.7255,1.1994,2.9093,0.1504,-2.6289,68.381,72.632,-6.1702,122.5874,-0.7385,0.0,0.0,0.0,-0.03,1667.4,0.0,3.7,150.0,0,19.233,0.09746630134723194,0.08106702294186209,-0.03,-0.020097314928890553,0.6404695102835497,1.0,0.0,-2421.134032948639,378.4535645327746,544.283,610.536,3.426756428264917,0.006535501903554272,3.9541235523304845,38.56382099374495,-0.36516125890386775,1.179399999999987,0.0,0.2589202051976159,final_approach,-6.549000054113835,-8.412781406977455,-5.109502894408873,
19.308,63.94278841,-22.59773868,690.321,613.632,-10.616,-2.7142,1.004,2.9355,0.1481,-2.5692,68.4,72.661,-6.146,122.6313,-1.1955,0.0,0.0,0.0,-0.03,1667.5,0.0,3.7,150.0,0,19.308,0.09698336959204795,0.08153487390034489,-0.03,-0.016803066936431632,0.6404649251505812,1.0,0.0,-2418.3315152666146,378.43102902651066,543.821,610.132,3.4273132889766758,0.006683719834648028,3.9559073036718493,38.76410448903597,-0.5785436555999297,0.9840000000000089,0.0,0.25841230775541524,final_approach,-6.549000054113835,-8.175886586704951,-5.109641324499048,
19.425,63.94282474,-22.59773969,689.658,612.921,-10.2967,-2.6983,0.7307,2.9609,0.1433,-2.4669,68.427,72.7,-6.1096,122.6902,-1.839,0.0,0.0,0.0,-0.03,1667.5,0.0,3.7,150.0,0,19.425,0.09620366209573178,0.08223337474575121,-0.03,-0.012164254197388091,0.6404579851774551,1.0,0.0,-2414.2815826281476,378.3801316614349,543.158,609.421,3.4281492119183663,0.006760539950084955,3.958297072486107,39.07604523900961,-0.878740540671231,0.7107000000000028,0.0,0.25589930075667183,final_approach,-6.549000054113835,-7.834486675813113,-5.109850846592423,
19.508,63.9428527,-22.59774076,689.15,612.46,-10.049,-2.6863,0.528,2.9809,0.1415,-2.3866,68.447,72.73,-6.0806,122.732,-2.32,0.0,0.0,0.0,-0.03,1667.6,0.0,3.7,150.0,0,19.508,0.09551114381878417,0.08278512462424018,-0.03,-0.008705624547321489,0.6404524640645036,1.0,0.0,-2411.164711317035,378.3266203722589,542.65,608.96,3.428808411085465,0.006957476398361095,3.9599890441679935,39.296613937847624,-1.1029317484935461,0.5080000000000098,0.0,0.254541532998942,final_approach,-6.549000054113835,-7.573397166566714,-5.110017529706877,
19.633,63.94289465,-22.59774281,688.393,611.84,-9.6751,-2.6688,0.2374,3.0022,0.1366,-2.2527,68.475,72.773,-6.0361,122.7892,-3.0189,0.0,0.0,0.0,-0.03,1667.7,0.0,3.7,150.0,0,19.633,0.09433758494855587,0.08362373729028597,-0.03,-0.003729532559717863,0.6404437984249017,1.0,0.0,-2406.488297194484,378.224550840239,541.893,608.34,3.429832949773034,0.007163948582060051,3.9623037334833304,39.628166013125345,-1.4283925088344063,0.21739999999999782,0.0,0.25176502999903205,final_approach,-6.549000054113835,-7.185198413181037,-5.1102791416454565,
19.725,63.94292263,-22.59774448,687.891,611.386,-9.4241,-2.6573,0.0528,3.0177,0.1345,-2.1631,68.494,72.8,-6.006,122.824,-3.4693,0.0,0.0,0.0,-0.03,1667.7,0.0,3.7,150.0,0,19.725,0.09343312592699032,0.08418970402191019,-0.03,-0.0005628196350252468,0.6404377871463292,1.0,0.0,-2403.369206610431,378.1416425357534,541.391,607.886,3.4305366067138774,0.007244697986577508,3.9636948417816784,39.87129956279568,-1.6379525915273518,0.03280000000000882,0.0,0.2476520035564372,final_approach,-6.549000054113835,-6.929596562356258,-5.110460616089476,
19.833,63.94296461,-22.59774741,687.144,610.538,-9.046,-2.6408,359.7908,3.0319,0.128,-2.0187,68.521,72.84,-5.9608,122.8713,-4.1215,0.0,0.0,0.0,-0.03,1667.8,0.0,3.7,150.0,0,19.833,0.0919001656192977,0.08503425114800922,-0.03,0.003931859647865021,0.6404283111818608,1.0,0.0,-2398.68946323524,377.9964573552444,540.644,607.038,3.4316344576430033,0.0077314627189472825,3.9655675278896587,40.15604417738169,-1.9411650656979873,-0.22919999999999163,0.0,0.24786545777858077,final_approach,-6.549000054113835,-6.552124376430509,-5.110746680130699,
19.908,63.94298981,-22.59774941,686.698,610.149,-8.8181,-2.6312,359.6422,3.0383,0.1238,-1.9318,68.536,72.863,-5.9338,122.8971,-4.4991,0.0,0.0,0.0,-0.03,1667.8,0.0,3.7,150.0,0,19.908,0.09085432350984507,0.08553518496236326,-0.03,0.006478121079117938,0.6404224164608442,1.0,0.0,-2395.880283627528,377.89748929780353,540.198,606.649,3.432310571873269,0.007945361666379545,3.9665695885645165,40.35314678608058,-2.1165862975787775,-0.37779999999997926,0.0,0.24351405252598252,final_approach,-6.549000054113835,-6.329709346780582,-5.110924628656431,
20.017,63.94302622,-22.5977526,686.057,609.626,-8.489,-2.6181,359.4395,3.0382,0.1144,-1.8008,68.558,72.896,-5.8952,122.9312,-5.0263,0.0,0.0,0.0,-0.03,1667.9,0.0,3.7,150.0,0,20.017,0.08920594994191228,0.08625095849951128,-0.03,0.009944130853779098,0.6404136076232622,1.0,0.0,-2391.821470132475,377.73978249176565,539.557,606.126,3.4333114671408604,0.00815155562044094,3.9678651629939425,40.63902765552415,-2.3613539997442103,-0.5805000000000291,0.0,0.23972503524047278,final_approach,-6.549000054113835,-6.014570070066842,-5.1111905427845485,
20.108,63.94305143,-22.59775501,685.616,609.129,-8.2607,-2.6096,359.3072,3.0422,0.1094,-1.7145,68.572,72.917,-5.869,122.9527,-5.3783,0.0,0.0,0.0,-0.03,1667.9,0.0,3.7,150.0,0,20.108,0.08792953478364646,0.08673389933262257,-0.03,0.012200015051787139,0.6404072752479479,1.0,0.0,-2389.0111827699134,377.62072661644464,539.116,605.629,3.434024153321109,0.00809824906144558,3.968660032284962,40.876904001240334,-2.5246832811163245,-0.7128000000000156,0.0,0.23191786420462124,final_approach,-6.549000054113835,-5.801251416530668,-5.111381695679956,
20.217,63.94309346,-22.59775939,684.885,608.431,-7.8802,-2.5964,359.1011,3.0468,0.1008,-1.5757,68.595,72.952,-5.8267,122.9851,-5.9415,0.0,0.0,0.0,-0.03,1667.9,0.0,3.7,150.0,0,20.217,0.08555799287680588,0.08751272225131632,-0.03,0.015701116922382186,0.6403963339031583,1.0,0.0,-2384.325890355289,377.4044985841114,538.385,604.931,3.4352425344348854,0.008611508948416082,3.9698010631470555,41.16109289925218,-2.7858505262572066,-0.9189000000000078,0.0,0.23001707421437337,final_approach,-6.549000054113835,-5.45527267116387,-5.111711970264032,
20.317,63.94312708,-22.59776319,684.304,607.869,-7.5753,-2.5865,358.9482,3.041,0.0932,-1.4717,68.613,72.978,-5.7941,123.0081,-6.3707,0.0,0.0,0.0,-0.03,1668.0,0.0,3.7,150.0,0,20.317,0.08338844894906411,0.08811202198339455,-0.03,0.018285873038056066,0.6403872319574474,1.0,0.0,-2380.578107393418,377.21701417036786,537.804,604.369,3.436243903438304,0.008845205796044241,3.970562814917352,41.42094553774641,-2.984751003431086,-1.0717999999999392,0.0,0.22547006746761253,final_approach,-6.549000054113835,-5.18789298254266,-5.111986713709577,
20.433,63.94316352,-22.59776761,683.678,607.363,-7.2465,-2.5767,358.7942,3.0222,0.0833,-1.3645,68.631,73.005,-5.76,123.0304,-6.8143,0.0,0.0,0.0,-0.03,1668.0,0.0,3.7,150.0,0,20.433,0.08080598901124025,0.08873592586574036,-0.03,0.020876360089887358,0.6403770059360161,1.0,0.0,-2376.5159706314384,376.99904391103706,537.178,603.863,3.437356199718607,0.00896913166955262,3.971234662957975,41.72144776923692,-3.1902092969781393,-1.2257999999999356,0.0,0.21907937167902136,final_approach,-6.549000054113835,-4.908310616072994,-5.11229537975203,
20.517,63.94318875,-22.59777084,683.247,607.024,-7.0197,-2.5706,358.694,3.0122,0.0777,-1.2977,68.643,73.023,-5.7372,123.0443,-7.1082,0.0,0.0,0.0,-0.03,1668.0,0.0,3.7,150.0,0,20.517,0.0788521674828302,0.08915225751830164,-0.03,0.022554081609565513,0.6403696917495417,1.0,0.0,-2373.7034677575925,376.83981240012946,536.747,603.524,3.4381437518700273,0.009036879866334445,3.971613061680029,41.938243212664176,-3.326270207883539,-1.3260000000000218,0.0,0.21215007814976022,final_approach,-6.549000054113835,-4.721337120085376,-5.112516148834285,
20.633,63.94323361,-22.59777692,682.485,606.248,-6.6208,-2.5609,358.5281,2.9715,0.0656,-1.1873,68.663,73.054,-5.6985,123.0665,-7.6047,0.0,0.0,0.0,-0.03,1668.1,0.0,3.7,150.0,0,20.633,0.07511611567885412,0.0898568889414987,-0.03,0.02531689872516696,0.6403562349812241,1.0,0.0,-2368.7027252463763,376.54018490634763,535.985,602.748,3.4395758266990666,0.009588311999300674,3.9721132584790553,42.23684714355878,-3.556006117220875,-1.491899999999987,0.0,0.20853768860009242,final_approach,-6.549000054113835,-4.4024750592427395,-5.112922312658885,
20.733,63.94326726,-22.59778173,681.916,605.749,-6.3249,-2.5546,358.4126,2.9248,0.0563,-1.1145,68.678,73.076,-5.6709,123.0812,-7.9552,0.0,0.0,0.0,-0.03,1668.1,0.0,3.7,150.0,0,20.733,0.07205098593993603,0.09035969241689581,-0.03,0.027228379767671007,0.6403458163231828,1.0,0.0,-2364.95161525513,376.3032156594139,535.416,602.249,3.440670069091498,0.009813997320136552,3.9723605297753015,42.493293706057784,-3.7180974132123765,-1.6073999999999842,0.0,0.20321608054553889,final_approach,-6.549000054113835,-4.1752136132780855,-5.11323676782434,
20.808,63.9432897,-22.59778506,681.539,605.321,-6.1308,-2.551,358.3396,2.8832,0.0493,-1.0693,68.687,73.09,-5.6532,123.0901,-8.1787,0.0,0.0,0.0,-0.03,1668.1,0.0,3.7,150.0,0,20.808,0.06993366028496212,0.09068059989705908,-0.03,0.028431042004149365,0.6403386351497706,1.0,0.0,-2362.4501341916343,376.13919334228007,535.039,601.821,3.441417154705058,0.009838521352469033,3.9724624944770137,42.684995158878415,-3.8214202272599778,-1.6803999999999633,0.0,0.19565098231412678,final_approach,-6.549000054113835,-4.029404783944093,-5.113453504496899,
20.917,63.94332896,-22.59779111,680.881,604.797,-5.7992,-2.5459,358.2189,2.7977,0.0371,-0.9965,68.702,73.113,-5.6236,123.1044,-8.5506,0.0,0.0,0.0,-0.03,1668.2,0.0,3.7,150.0,0,20.917,0.06614587441110092,0.09121641053948856,-0.03,0.030409722805083916,0.6403258068455113,1.0,0.0,-2358.0736609033975,375.8412535717279,534.381,601.297,3.4427377018176064,0.010217952981106983,3.972525492732259,42.96291162184231,-3.99327564410936,-1.8010999999999058,0.0,0.1903749547309412,final_approach,-6.549000054113835,-3.7853230015706725,-5.1138406684492175,
21.008,63.94335421,-22.59779513,680.46,604.351,-5.5905,-2.5432,358.1455,2.7441,0.0306,-0.9563,68.712,73.127,-5.6056,123.1127,-8.7771,0.0,0.0,0.0,-0.03,1668.2,0.0,3.7,150.0,0,21.008,0.06361891550844018,0.09154340381218727,-0.03,0.03160671876984478,0.6403173039492296,1.0,0.0,-2355.2589420052063,375.64331623703424,533.96,600.851,3.443603362440628,0.01010041983411252,3.97249946317197,43.19408824107136,-4.097900632850752,-1.8744999999998981,0.0,0.18305815065450737,final_approach,-6.549000054113835,-3.6358100407929896,-5.114097282523996,
21.125,63.94339629,-22.59780207,679.761,603.777,-5.2536,-2.54,358.0296,2.6406,0.0198,-0.8958,68.727,73.15,-5.5774,123.1254,-9.1332,0.0,0.0,0.0,-0.03,1668.2,0.0,3.7,150.0,0,21.125,0.05935212728694517,0.0920539676526589,-0.03,0.03348662400064151,0.6403027604015553,1.0,0.0,-2350.5681195352036,375.30166231434214,533.261,600.277,3.4450668455146025,0.010501750252037298,3.972331688620449,43.49039410449978,-4.262318664344377,-1.9903999999999087,0.0,0.17807151225001872,final_approach,-6.549000054113835,-3.3995168461474954,-5.114536187909401,
21.217,63.94342434,-22.59780684,679.296,603.248,-5.0353,-2.5385,357.9562,2.5717,0.0141,-0.8618,68.737,73.165,-5.5598,123.1332,-9.3563,0.0,0.0,0.0,-0.03,1668.2,0.0,3.7,150.0,0,21.217,0.0564253302102779,0.09237338821375127,-0.03,0.03467046575497157,0.6402928579845314,1.0,0.0,-2347.4412785959166,375.06687072778897,532.796,599.748,3.4460513022641948,0.0105348946839301,3.9721452711606715,43.72246092752609,-4.365280862547621,-2.063799999999901,0.0,0.1717646158794548,final_approach,-6.549000054113835,-3.2507515333299253,-5.114835020480843,
21.333,63.94346923,-22.59781471,678.557,602.565,-4.7012,-2.5372,357.8445,2.4318,0.0039,-0.8111,68.751,73.187,-5.5336,123.1447,-9.6905,0.0,0.0,0.0,-0.03,1668.2,0.0,3.7,150.0,0,21.333,0.05178553091823368,0.09284715235684345,-0.03,0.036461599647737764,0.6402764193140777,1.0,0.0,-2342.437222395707,374.67954329278473,532.057,599.065,3.4476649263569352,0.011097504323879202,3.971724154925536,44.014120747244355,-4.519445999638862,-2.1755000000000564,0.0,0.16712143763336804,final_approach,-6.549000054113835,-3.0269246383807733,-5.11533108539161,
21.433,63.9435029,-22.59782079,678.004,602.078,-4.4624,-2.537,357.7649,2.3143,-0.0032,-0.7768,68.762,73.202,-5.5154,123.1527,-9.9238,0.0,0.0,0.0,-0.03,1668.2,0.0,3.7,150.0,0,21.433,0.04833962404545017,0.0931782158282142,-0.03,0.0377300325119746,0.640263792321691,1.0,0.0,-2338.6839045890947,374.3803512325599,531.504,598.578,3.448887527820645,0.011285589376082277,3.9713160523945588,44.264538616659664,-4.62701180447641,-2.2550999999999704,0.0,0.16192857966669413,final_approach,-6.549000054113835,-2.8700246305106223,-5.1157121119934565,
21.508,63.94352535,-22.59782493,677.636,601.721,-4.3102,-2.5373,357.7138,2.2293,-0.008,-0.7545,68.769,73.213,-5.5041,123.1578,-10.0714,0.0,0.0,0.0,-0.03,1668.2,0.0,3.7,150.0,0,21.508,0.04611590116230985,0.09338407141351299,-0.03,0.03854070658055253,0.6402552219220008,1.0,0.0,-2336.181322610772,374.1766436061175,531.136,598.221,3.4497092860480536,0.011230787207643244,3.970999020114084,44.45170219662657,-4.695039147273405,-2.30619999999999,0.0,0.1556926481818493,final_approach,-6.549000054113835,-2.770502829692383,-5.115970721488946,
21.617,63.94356464,-22.5978323,676.995,601.121,-4.0586,-2.5386,357.6278,2.0787,-0.0154,-0.7162,68.78,73.23,-5.4857,123.1664,-10.3154,0.0,0.0,0.0,-0.03,1668.3,0.0,3.7,150.0,0,21.617,0.04243418450315628,0.0937187739629013,-0.03,0.03989850402961104,0.6402398129122908,1.0,0.0,-2331.801527595585,373.814030946697,530.495,597.621,3.451170875427937,0.011593835486313521,3.970378867390816,44.72296564185776,-4.807448327540584,-2.3922000000000025,0.0,0.15071308300101022,final_approach,-6.549000054113835,-2.6055748997732397,-5.116435669677415,
21.733,63.94360393,-22.59783985,676.356,600.592,-3.8229,-2.5406,357.5462,1.9438,-0.0206,-0.6805,68.791,73.246,-5.4694,123.1748,-10.5423,0.0,0.0,0.0,-0.03,1668.3,0.0,3.7,150.0,0,21.733,0.03893936658168062,0.09401779479591192,-0.03,0.041179037314935996,0.6402240004852195,1.0,0.0,-2327.421735657971,373.442599416125,529.856,597.092,3.4526502401244525,0.011787053561174262,3.969664257858429,45.01051789528749,-4.9119165373957685,-2.473799999999983,0.0,0.14563258329245107,final_approach,-6.549000054113835,-2.4517907224411246,-5.116912771102861,
21.833,63.94363761,-22.59784645,675.809,600.054,-3.6333,-2.5428,357.4795,1.8263,-0.0244,-0.6502,68.8,73.259,-5.4569,123.1818,-10.7241,0.0,0.0,0.0,-0.03,1668.3,0.0,3.7,150.0,0,21.833,0.036105371283505217,0.0942484477730997,-0.03,0.0422199552120065,0.6402101768328566,1.0,0.0,-2323.6673119769407,373.1179302279685,529.309,596.554,3.453927179235846,0.011950776486634217,3.968984246943924,45.257381260330924,-4.995575419604734,-2.5405000000000655,0.0,0.14057507572041056,final_approach,-6.549000054113835,-2.328305722781419,-5.117329850011693,
21.908,63.94366287,-22.59785147,675.4,599.68,-3.499,-2.5446,357.4314,1.7376,-0.0269,-0.6272,68.807,73.269,-5.4484,123.1871,-10.8532,0.0,0.0,0.0,-0.03,1668.3,0.0,3.7,150.0,0,21.908,0.03410199277394382,0.0944070707709562,-0.03,0.042967297475721256,0.6401995873637465,1.0,0.0,-2320.8514954141024,372.8709987758384,528.9,596.18,3.4548953817454553,0.01211054153799373,3.968437229775963,45.4418705994133,-5.054951303598386,-2.588600000000042,0.0,0.13628037186704564,final_approach,-6.549000054113835,-2.240492226174519,-5.117649338940904,
22.025,63.94370216,-22.5978594,674.765,599.089,-3.3038,-2.5479,357.3602,1.6043,-0.0301,-0.5905,68.817,73.284,-5.4366,123.1952,-11.0426,0.0,0.0,0.0,-0.03,1668.3,0.0,3.7,150.0,0,22.025,0.03122954992294058,0.09462844692393042,-0.03,0.04406836502715694,0.6401828007647274,1.0,0.0,-2316.4717099752634,372.4809496283138,528.265,595.589,3.4564130302733376,0.01225401043818895,3.967521897344298,45.72884736606486,-5.14201814882091,-2.6597999999999047,0.0,0.13166125492186057,final_approach,-6.549000054113835,-2.1114798719809205,-5.118155779956311,
22.108,63.94372743,-22.59786456,674.357,598.821,-3.1854,-2.5502,357.3167,1.5314,-0.0311,-0.5678,68.823,73.293,-5.43,123.2004,-11.1575,0.0,0.0,0.0,-0.03,1668.3,0.0,3.7,150.0,0,22.108,0.02948660419955529,0.09475353335600686,-0.03,0.04473797018469716,0.6401718232853276,1.0,0.0,-2313.654781038441,372.22715866503023,527.857,595.321,3.457394446911375,0.012182391505794565,3.9669013274531286,45.931583698530694,-5.194808414667591,-2.7032999999998992,0.0,0.1262637914404648,final_approach,-6.549000054113835,-2.0331211222066248,-5.118486951563856,
22.233,63.94376953,-22.59787329,673.679,598.228,-3.0014,-2.5541,357.248,1.4104,-0.0325,-0.5286,68.833,73.308,-5.4203,123.2093,-11.3377,0.0,0.0,0.0,-0.03,1668.3,0.0,3.7,150.0,0,22.233,0.026814802064422827,0.09494025125877267,-0.03,0.04579061030412601,0.64015313989463,1.0,0.0,-2308.961759646923,371.79780519024285,527.179,594.728,3.459045435248553,0.012353310704399508,3.9657965088426597,46.23592666339215,-5.277542113548492,-2.7719999999999345,0.0,0.12205799221860808,final_approach,-6.549000054113835,-1.9101196975839532,-5.119050575466833,
22.317,63.94379761,-22.59787919,673.227,597.7,-2.8858,-2.5567,357.2048,1.3441,-0.0324,-0.5037,68.84,73.318,-5.4148,123.2152,-11.4505,0.0,0.0,0.0,-0.03,1668.2,0.0,3.7,150.0,0,22.317,0.02512577131762339,0.09504907463980217,-0.03,0.04644942915384431,0.6401404738183506,1.0,0.0,-2305.8315937305065,371.50764952312335,526.727,594.2,3.4601512637036738,0.012488529664620355,3.9650182776313856,46.439527604055684,-5.329299686943102,-2.8152000000000044,0.0,0.11853756868358856,final_approach,-6.549000054113835,-1.8330544340682877,-5.11943265880284,
22.442,63.94383972,-22.59788813,672.551,597.171,-2.7244,-2.5608,357.1441,1.2346,-0.033,-0.4646,68.85,73.332,-5.4078,123.2243,-11.6095,0.0,0.0,0.0,-0.03,1668.2,0.0,3.7,150.0,0,22.442,0.02280453715886782,0.095190723163237,-0.03,0.047371015471058375,0.6401210524799378,1.0,0.0,-2301.137461162146,371.0680069760824,526.051,593.671,3.461826573914018,0.01264085500097586,3.9638014506478307,46.7415047537031,-5.402198630984316,-2.8759000000000015,0.0,0.11503415334871026,final_approach,-6.549000054113835,-1.724366193927711,-5.120018496117481,
22.525,63.9438678,-22.59789417,672.1,596.749,-2.6234,-2.5635,357.1063,1.175,-0.0327,-0.4397,68.857,73.341,-5.4038,123.2304,-11.7091,0.0,0.0,0.0,-0.03,1668.2,0.0,3.7,150.0,0,22.525,0.02135556373857711,0.09527453756829041,-0.03,0.04794245806750008,0.640107924772432,1.0,0.0,-2298.0072976400147,370.770992187111,525.6,593.249,3.462945521788836,0.012780929116913949,3.96294782993049,46.94111126043541,-5.447831763865651,-2.9137000000000626,0.0,0.11224353480770498,final_approach,-6.549000054113835,-1.6562478050056946,-5.120414471680725,
22.608,63.94389588,-22.59790025,671.65,596.304,-2.5279,-2.5662,357.0706,1.1073,-0.0328,-0.414,68.863,73.35,-5.4003,123.2366,-11.8039,0.0,0.0,0.0,-0.03,1668.2,0.0,3.7,150.0,0,22.608,0.020001702873366223,0.09534854811410769,-0.03,0.04848039837045237,0.6400945621684048,1.0,0.0,-2294.877134801965,370.4720176490141,525.15,592.804,3.4640736955299563,0.012916183382810115,3.9620723157660667,47.140092854823465,-5.49123771569927,-2.9493999999999687,0.0,0.10861131860941425,final_approach,-6.549000054113835,-1.5913981172634344,-5.120817518627298,
22.733,63.943938,-22.59790947,670.975,595.662,-2.3946,-2.5702,357.0211,1.022,-0.0323,-0.3766,68.872,73.363,-5.3959,123.246,-11.9377,0.0,0.0,0.0,-0.03,1668.2,0.0,3.7,150.0,0,22.733,0.018151829915926343,0.09544545770190924,-0.03,0.049223429960587484,0.6400742191730805,1.0,0.0,-2290.1818922546977,370.01865646879395,524.475,592.162,3.465770965808843,0.013026513190857611,3.9607048404608065,47.4387639063193,-5.552453418467138,-2.9989000000000487,0.0,0.10528301691764957,final_approach,-6.549000054113835,-1.4998516320639563,-5.121431083386202,
22.817,63.94396608,-22.59791567,670.525,595.331,-2.3108,-2.5728,356.9905,0.9764,-0.0316,-0.3534,68.878,73.372,-5.3935,123.2524,-12.0215,0.0,0.0,0.0,-0.03,1668.2,0.0,3.7,150.0,0,22.817,0.016982635097238075,0.09550122852801919,-0.03,0.04968108454258868,0.6400604561773297,1.0,0.0,-2287.0517314688927,369.71380268332086,524.025,591.831,3.466905833265907,0.013107148804016127,3.9597639542704552,47.63855553954033,-5.59075907344635,-3.0294999999999845,0.0,0.10220534005500638,final_approach,-6.549000054113835,-1.4425161499937786,-5.121846170482321,
22.942,63.9440082,-22.59792505,669.851,594.686,-2.1932,-2.5767,356.9484,0.9036,-0.0307,-0.319,68.887,73.384,-5.3905,123.262,-12.1397,0.0,0.0,0.0,-0.03,1668.2,0.0,3.7,150.0,0,22.942,0.015361125328806902,0.09557501410849299,-0.03,0.05030862159406757,0.640039425723835,1.0,0.0,-2282.3564916587443,369.2526025065993,523.351,591.186,3.4686198007947886,0.013207914041855482,3.958308667716779,47.934850141590175,-5.644748015077141,-3.0715999999999894,0.0,0.09945940005000604,final_approach,-6.549000054113835,-1.361643531883864,-5.122480412863791,
23.025,63.94403629,-22.59793135,669.402,594.216,-2.1191,-2.5792,356.9226,0.8654,-0.0299,-0.2981,68.893,73.392,-5.3889,123.2685,-12.2138,0.0,0.0,0.0,-0.03,1668.2,0.0,3.7,150.0,0,23.025,0.014332268674529414,0.09561762971598768,-0.03,0.05069197439841122,0.640025153690802,1.0,0.0,-2279.225217815665,368.9428489590984,522.902,590.716,3.4697695173257066,0.013315262767646678,3.957313424147412,48.130687403736005,-5.678562513858253,-3.0973999999999933,0.0,0.09698937792059732,final_approach,-6.549000054113835,-1.3109555076797346,-5.122910813142791,
23.108,63.94406438,-22.59793769,668.952,593.845,-2.0485,-2.5816,356.8985,0.8216,-0.0294,-0.2775,68.899,73.4,-5.3876,123.2751,-12.2842,0.0,0.0,0.0,-0.03,1668.2,0.0,3.7,150.0,0,23.108,0.013348260009490853,0.0956552646053825,-0.03,0.05104922474059015,0.6400107980488758,1.0,0.0,-2276.093944656667,368.631135662472,522.452,590.345,3.4709153452955377,0.013396911683543046,3.9562960423080025,48.325898406763905,-5.710662133857198,-3.121499999999969,0.0,0.09474390325749821,final_approach,-6.549000054113835,-1.262813766541175,-5.123343718707833,
23.233,63.94410651,-22.59794727,668.279,593.241,-1.9491,-2.5852,356.8655,0.7668,-0.0283,-0.2494,68.908,73.412,-5.386,123.285,-12.3835,0.0,0.0,0.0,-0.03,1668.1,0.0,3.7,150.0,0,23.233,0.011970976747995243,0.09570606921092233,-0.03,0.05153707645110994,0.6399887921175154,1.0,0.0,-2271.3975934994482,368.16013635099614,521.779,589.741,3.472651755747318,0.013479307005326274,3.954730587130551,48.618881820127044,-5.755899778128082,-3.1544999999999845,0.0,0.09267627568863498,final_approach,-6.549000054113835,-1.1949295956762658,-5.124007293371619,
23.317,63.9441346,-22.59795369,667.83,592.885,-1.8861,-2.5875,356.8453,0.7374,-0.0274,-0.2328,68.913,73.42,-5.3852,123.2918,-12.4456,0.0,0.0,0.0,-0.03,1668.1,0.0,3.7,150.0,0,23.317,0.01107806982531534,0.09573409793166274,-0.03,0.051834938133709096,0.6399739309703263,1.0,0.0,-2268.266321708614,367.84450355594487,521.33,589.385,3.4738110960910915,0.013533034297639997,3.953668188080297,48.814857078829434,-5.784154785742999,-3.17470000000003,0.0,0.08966241512819141,final_approach,-6.549000054113835,-1.1525078551696186,-5.124455400224726,
23.442,63.94417674,-22.59796339,667.157,592.205,-1.7969,-2.5908,356.8175,0.6883,-0.0261,-0.2098,68.921,73.431,-5.3842,123.3019,-12.533,0.0,0.0,0.0,-0.03,1668.1,0.0,3.7,150.0,0,23.442,0.009802545498301118,0.0957736900854526,-0.03,0.052243913585901414,0.6399512649618191,1.0,0.0,-2263.5688578353697,367.36762460796524,520.657,588.705,3.4755593786362464,0.013608571974906546,3.952035871039349,49.105466324880894,-5.823886286028568,-3.2024999999999864,0.0,0.08732946829836294,final_approach,-6.549000054113835,-1.0928282490936922,-5.125138813071466,
23.525,63.94420483,-22.5979699,666.708,591.781,-1.7403,-2.5929,356.8005,0.6618,-0.0252,-0.1967,68.927,73.438,-5.3838,123.3088,-12.5875,0.0,0.0,0.0,-0.03,1668.1,0.0,3.7,150.0,0,23.525,0.00896945094897933,0.09579668878543109,-0.03,0.05249345986542264,0.63993597330324,1.0,0.0,-2260.437587584511,367.04758237751264,520.208,588.281,3.4767256760177982,0.013682439259313388,3.9509229980465492,49.29753447688658,-5.8486272654785125,-3.2194999999999254,0.0,0.08596216723728542,final_approach,-6.549000054113835,-1.0556500824466557,-5.125599855915411,
23.608,63.94423293,-22.59797643,666.259,591.353,-1.6863,-2.5949,356.7846,0.6297,-0.0245,-0.1844,68.932,73.445,-5.3834,123.3156,-12.6393,0.0,0.0,0.0,-0.03,1668.1,0.0,3.7,150.0,0,23.608,0.00817028149453708,0.09581830084778852,-0.03,0.052726481858010654,0.6399204878480149,1.0,0.0,-2257.305202907423,366.72655988328273,519.759,587.853,3.4778962557594117,0.01375259444624202,3.9497991115753464,49.488977957761286,-5.872126560553937,-3.235400000000027,0.0,0.08362387602074724,final_approach,-6.549000054113835,-1.0203272697175656,-5.126066723071336,
23.733,63.94427508,-22.59798627,665.586,590.811,-1.61,-2.5979,356.7625,0.588,-0.0234,-0.1684,68.94,73.456,-5.3829,123.3261,-12.7119,0.0,0.0,0.0,-0.03,1668.0,0.0,3.7,150.0,0,23.733,0.007024461427578066,0.09584992374576785,-0.03,0.053049759765904425,0.6398968848287907,1.0,0.0,-2252.6066266617786,366.2428214241501,519.086,587.311,3.479660746825138,0.013813150126170222,3.9480870961641705,49.776284769957805,-5.905008239824241,-3.2574999999999363,0.0,0.08183988729158517,final_approach,-6.549000054113835,-0.9708848391630003,-5.1267782885629565,
23.817,63.94430318,-22.59799287,665.138,590.4,-1.5617,-2.5998,356.7488,0.5646,-0.0226,-0.1596,68.945,73.463,-5.3827,123.3331,-12.7571,0.0,0.0,0.0,-0.03,1668.0,0.0,3.7,150.0,0,23.817,0.006279182401448424,0.09586842592325015,-0.03,0.053249806365053165,0.6398808664419743,1.0,0.0,-2249.474243181833,365.9183693689942,518.638,586.9,3.4808450774893593,0.01386082086748549,3.946922991117255,49.968452703855775,-5.925453234335691,-3.271199999999908,0.0,0.07981115294905522,final_approach,-6.549000054113835,-0.9401334236751939,-5.127261173625563,
23.95,63.94434533,-22.5980028,664.465,589.727,-1.4936,-2.6025,356.7296,0.5238,-0.0216,-0.1478,68.952,73.473,-5.3824,123.3436,-12.8205,0.0,0.0,0.0,-0.03,1668.0,0.0,3.7,150.0,0,23.95,0.00521815015633087,0.09589554134024326,-0.03,0.053529702708508875,0.639856592189222,1.0,0.0,-2244.775668475372,365.43022147428593,517.965,586.227,3.482620222764779,0.013775176882578217,3.9451584285426127,50.27163196786485,-5.9540915022188585,-3.290399999999977,0.0,0.07734028258526895,final_approach,-6.549000054113835,-0.8970468950047508,-5.127992899086994,
24.033,63.94437624,-22.59801011,663.971,589.314,-1.4463,-2.6044,356.7163,0.5006,-0.0208,-0.1409,68.957,73.48,-5.3823,123.3515,-12.8638,0.0,0.0,0.0,-0.03,1668.0,0.0,3.7,150.0,0,24.033,0.00445980459710088,0.09591332737227487,-0.03,0.05372327276776545,0.6398385756774978,1.0,0.0,-2241.3300475027713,365.07087452709465,517.471,585.814,3.4839229491812334,0.014095230567719655,3.9438476476682465,50.45988647417689,-5.9736110081811375,-3.3036999999999352,0.0,0.07578579906436864,final_approach,-6.549000054113835,-0.8676721693081433,-5.1285359608040935,
24.133,63.94441278,-22.59801879,663.388,588.841,-1.3938,-2.6066,356.7014,0.4648,-0.0199,-0.1334,68.964,73.489,-5.3821,123.3608,-12.9117,0.0,0.0,0.0,-0.03,1667.9,0.0,3.7,150.0,0,24.133,0.0036114180561928055,0.0959374110927462,-0.03,0.05393982076599435,0.639816901227029,1.0,0.0,-2237.2568359214897,364.6441870933293,516.888,585.341,3.4854740059178377,0.014331120034107074,3.9422755593226726,50.68591440852856,-5.995172687888271,-3.3186000000000604,0.0,0.0752598173312489,final_approach,-6.549000054113835,-0.8352174405860531,-5.1291892481206,
24.233,63.94444651,-22.59802682,662.85,588.339,-1.3487,-2.6085,356.6883,0.4335,-0.0192,-0.1274,68.969,73.496,-5.382,123.3694,-12.953,0.0,0.0,0.0,-0.03,1667.9,0.0,3.7,150.0,0,24.233,0.0028833012183343554,0.09595627849895126,-0.03,0.05412993833838109,0.6397966002560712,1.0,0.0,-2233.4968628597767,364.2494549278245,516.35,584.839,3.486911239519735,0.014337989364917644,3.940812960434912,50.91104265654363,-6.013731432457405,-3.3316999999999553,0.0,0.07296347030113116,final_approach,-6.549000054113835,-0.8072772592564164,-5.1298011042444855,
24.308,63.94447181,-22.59803287,662.446,587.907,-1.3168,-2.6099,356.6789,0.4111,-0.0187,-0.1233,68.973,73.502,-5.3819,123.3759,-12.9822,0.0,0.0,0.0,-0.03,1667.9,0.0,3.7,150.0,0,24.308,0.0023660287999801577,0.09597124628606866,-0.03,0.05426620233022683,0.6397812409819676,1.0,0.0,-2230.6766048413347,363.9520583789011,515.946,584.407,3.4879889142289047,0.014343157157808864,3.939700309192624,51.07924257309171,-6.026830266168531,-3.341099999999983,0.0,0.0711789123949737,final_approach,-6.549000054113835,-0.7875540145626516,-5.130263999917499,
24.433,63.94451117,-22.5980423,661.818,587.402,-1.2707,-2.612,356.6648,0.378,-0.0179,-0.1174,68.98,73.51,-5.3818,123.3861,-13.0248,0.0,0.0,0.0,-0.03,1667.9,0.0,3.7,150.0,0,24.433,0.0016243177685413834,0.0959948521274019,-0.03,0.054470352893006724,0.6397569941019837,1.0,0.0,-2226.2890416847936,363.48851591502194,515.318,583.902,3.4896736545403133,0.014198951380052238,3.9379575217875376,51.35865708592727,-6.045901837392023,-3.355199999999968,0.0,0.06979901126816156,final_approach,-6.549000054113835,-0.7588332304692607,-5.13099471152422,
24.517,63.94453928,-22.59804905,661.369,586.936,-1.2398,-2.6134,356.6552,0.3592,-0.0173,-0.1137,68.984,73.517,-5.3818,123.3934,-13.0534,0.0,0.0,0.0,-0.03,1667.8,0.0,3.7,150.0,0,24.517,0.0011262529604059712,0.09600918858188189,-0.03,0.05460918010999094,0.6397394993179183,1.0,0.0,-2223.155546002676,363.1567144113879,514.869,583.436,3.4908770095827473,0.014220068694555372,3.9367029778824847,51.5455358962288,-6.058681273345655,-3.3648000000000593,0.0,0.06778265093641386,final_approach,-6.549000054113835,-0.7395853405244495,-5.131521911334119,
24.633,63.94457864,-22.59805853,660.741,586.461,-1.1995,-2.6154,356.6422,0.33,-0.0166,-0.1087,68.99,73.525,-5.3817,123.4037,-13.0909,0.0,0.0,0.0,-0.03,1667.8,0.0,3.7,150.0,0,24.633,0.00047735734871179325,0.09603164111601827,-0.03,0.054796956624952875,0.639714613767286,1.0,0.0,-2218.767983700445,362.69072226105834,514.241,582.961,3.4925716063879535,0.014284822770184408,3.934928703398395,51.80267822035759,-6.075398848849318,-3.3777999999999793,0.0,0.0663227861177432,final_approach,-6.549000054113835,-0.7144027747134523,-5.132271788406104,
24.708,63.94460676,-22.59806531,660.293,585.997,-1.1726,-2.6167,356.6332,0.3123,-0.0161,-0.1053,68.995,73.531,-5.3817,123.4111,-13.1161,0.0,0.0,0.0,-0.03,1667.8,0.0,3.7,150.0,0,24.708,4.5616494851463685e-05,0.09604762414492088,-0.03,0.05492680805740635,0.639696536580688,1.0,0.0,-2215.633373764703,362.3574505564967,513.793,582.497,3.493790319716292,0.014612270815905564,3.9336554779185167,51.968195685650585,-6.086607569043764,-3.386799999999994,0.0,0.06635404798583892,final_approach,-6.549000054113835,-0.697516511116298,-5.132816478529346,
24.833,63.94464613,-22.59807484,659.665,585.392,-1.1377,-2.6185,356.6212,0.2847,-0.0156,-0.1002,69.001,73.539,-5.3817,123.4215,-13.1491,0.0,0.0,0.0,-0.03,1667.7,0.0,3.7,150.0,0,24.833,-0.0005102713396079595,0.0960686972204219,-0.03,0.05509975488760299,0.6396709770771554,1.0,0.0,-2211.2446975500957,361.8890083305895,513.165,581.892,3.495496392715931,0.014451656346106912,3.931850409236514,52.24314283811494,-6.1012482196974815,-3.3987999999999374,0.0,0.06468549816894464,final_approach,-6.549000054113835,-0.6754576248156408,-5.133586577493428,
24.917,63.94467425,-22.59808165,659.216,585.092,-1.1144,-2.6198,356.613,0.269,-0.0153,-0.0968,69.005,73.545,-5.3817,123.4289,-13.1714,0.0,0.0,0.0,-0.03,1667.7,0.0,3.7,150.0,0,24.917,-0.0008764723756757853,0.09608342572182876,-0.03,0.05521781112996149,0.6396525324266629,1.0,0.0,-2208.1100881274147,361.55426681405334,512.716,581.592,3.4967154644657885,0.01446184010956811,3.9305575912235633,52.427028875831006,-6.111121676328338,-3.4069999999999254,0.0,0.0631340026643983,final_approach,-6.549000054113835,-0.6605799651673596,-5.134142276755494,
25.042,63.94471644,-22.5980919,658.544,584.388,-1.0823,-2.6216,356.6012,0.2442,-0.0147,-0.0913,69.011,73.553,-5.3817,123.4401,-13.2026,0.0,0.0,0.0,-0.03,1667.7,0.0,3.7,150.0,0,25.042,-0.0013735545479128808,0.09610576292290574,-0.03,0.055387519754344305,0.6396243152354675,1.0,0.0,-2203.407059823695,361.0504393698327,512.044,580.888,3.498561426062129,0.014512815553094293,3.9285976917252423,52.69965763364736,-6.1248915087089415,-3.4187999999999192,0.0,0.06175818424036225,final_approach,-6.549000054113835,-0.6398292251429805,-5.134992351175775,
25.125,63.94474456,-22.59809874,658.095,584.06,-1.0624,-2.6228,356.5937,0.2308,-0.0144,-0.0877,69.015,73.559,-5.3817,123.4475,-13.2222,0.0,0.0,0.0,-0.03,1667.6,0.0,3.7,150.0,0,25.125,-0.0016770442082207349,0.09612069932639139,-0.03,0.05549527652551067,0.6396053741334138,1.0,0.0,-2200.2724509140753,360.71422804149597,511.595,580.56,3.499788004738231,0.014557022350674314,3.9272850417064835,52.87981990598924,-6.1335222532950695,-3.4262999999999693,0.0,0.06052496486254724,final_approach,-6.549000054113835,-0.6268218478025194,-5.1355629382315975,
25.208,63.94477269,-22.59810559,657.647,583.557,-1.0437,-2.6239,356.5865,0.2157,-0.0142,-0.0837,69.019,73.565,-5.3817,123.455,-13.2409,0.0,0.0,0.0,-0.03,1667.6,0.0,3.7,150.0,0,25.208,-0.0019570073272767163,0.09613578463820786,-0.03,0.05559864327164499,0.6395861020048659,1.0,0.0,-2197.1367274072063,360.37752638688096,511.14700000000005,580.057,3.5010259607546295,0.014616707413511062,3.925966326192361,53.05937427598996,-6.141733821590293,-3.433499999999981,0.0,0.05940385633726087,final_approach,-6.549000054113835,-0.6144454460398467,-5.136143468528402,
25.342,63.94481488,-22.59811589,656.974,582.996,-1.0179,-2.6257,356.5764,0.1966,-0.0139,-0.0777,69.026,73.573,-5.3819,123.4663,-13.2673,0.0,0.0,0.0,-0.03,1667.6,0.0,3.7,150.0,0,25.342,-0.0023307689526801956,0.09615658364214279,-0.03,0.055743511962003445,0.6395569309166379,1.0,0.0,-2192.4336999585885,359.87124925620986,510.47400000000005,579.496,3.5028810039110927,0.014487857118800546,3.923971561883906,53.34818792684965,-6.153289407554325,-3.4436000000000604,0.0,0.05875248812206264,final_approach,-6.549000054113835,-0.5970277375271582,-5.137022128073809,
25.417,63.94484583,-22.59812346,656.48,582.509,-1.0002,-2.6269,356.5695,0.1861,-0.0137,-0.0734,69.03,73.579,-5.382,123.4745,-13.2855,0.0,0.0,0.0,-0.03,1667.5,0.0,3.7,150.0,0,25.417,-0.0025860127471734606,0.09617116366143168,-0.03,0.055842392981764744,0.6395352710342521,1.0,0.0,-2188.9836243633995,359.4991623831076,509.98,579.009,3.5042441714102845,0.015102475374982235,3.9224984546151216,53.509004841128665,-6.161234006402225,-3.45049999999992,0.0,0.058259837686729356,final_approach,-6.549000054113835,-0.5850520441023974,-5.137674500438056,
25.517,63.94487959,-22.59813172,655.942,582.108,-0.9822,-2.6282,356.5623,0.1722,-0.0135,-0.0685,69.035,73.585,-5.3821,123.4836,-13.3043,0.0,0.0,0.0,-0.03,1667.5,0.0,3.7,150.0,0,25.517,-0.0028408758734184136,0.09618825434709498,-0.03,0.05594549630308554,0.6395112661418668,1.0,0.0,-2185.2203109327224,359.09316049261923,509.442,578.608,3.5057411721297487,0.015080397344925459,3.920887939363199,53.72273028559455,-6.169408041258038,-3.4576999999999316,0.0,0.05750894335156811,final_approach,-6.549000054113835,-0.5727298194540467,-5.138397459311076,
25.625,63.94491617,-22.59814069,655.359,581.598,-0.9642,-2.6296,356.5552,0.1599,-0.0133,-0.0631,69.04,73.592,-5.3823,123.4933,-13.3236,0.0,0.0,0.0,-0.03,1667.5,0.0,3.7,150.0,0,25.625,-0.0030836229140830396,0.09620483362113179,-0.03,0.05604709064521096,0.6394849227957154,1.0,0.0,-2181.1426452419123,358.65226332114236,508.85900000000004,578.098,3.5073678231631646,0.015077261727894616,3.9191295824816312,53.952594451474425,-6.1777802432700355,-3.4647999999999683,0.0,0.05648961180109697,final_approach,-6.549000054113835,-0.5601081618638926,-5.1391907941258665,
25.708,63.94494149,-22.5981469,654.955,581.12,-0.9524,-2.6306,356.5506,0.1527,-0.0131,-0.0595,69.043,73.597,-5.3825,123.5001,-13.3362,0.0,0.0,0.0,-0.03,1667.4,0.0,3.7,150.0,0,25.708,-0.003245204255672096,0.09621473443177733,-0.03,0.056112871469939374,0.6394665314094087,1.0,0.0,-2178.3201604256333,358.347026997463,508.45500000000004,577.62,3.5084936775481728,0.014825136550370292,3.917910266573887,54.128512158950976,-6.183222037375003,-3.4693999999999505,0.0,0.05464006330220225,final_approach,-6.549000054113835,-0.5519039191647561,-5.139744622170181,
25.833,63.9449837,-22.59815727,654.283,580.589,-0.9339,-2.6322,356.5435,0.1419,-0.0127,-0.0536,69.049,73.605,-5.3828,123.5113,-13.3562,0.0,0.0,0.0,-0.03,1667.4,0.0,3.7,150.0,0,25.833,-0.0034930135788350802,0.09623339346949417,-0.03,0.056214339595823226,0.6394353201005406,1.0,0.0,-2173.614904639203,357.8373195274374,507.783,577.089,3.510386434405097,0.014877956267873946,3.915865277959256,54.39245985136692,-6.191838197631938,-3.4764999999999873,0.0,0.0540364211838204,final_approach,-6.549000054113835,-0.5389133013731104,-5.140684442069453,
25.917,63.94501184,-22.59816419,653.834,580.221,-0.9223,-2.6332,356.5391,0.1364,-0.0124,-0.05,69.053,73.61,-5.3831,123.5188,-13.3688,0.0,0.0,0.0,-0.03,1667.3,0.0,3.7,150.0,0,25.917,-0.0036479729986966247,0.096244242714279,-0.03,0.05627718274630156,0.6394143586919084,1.0,0.0,-2170.4780675627903,357.49718792276946,507.33399999999995,576.721,3.5116452904113946,0.014896027061120707,3.9144963348442166,54.568978655910016,-6.197243399388242,-3.4809000000000196,0.0,0.05345302358701262,final_approach,-6.549000054113835,-0.5307634968768653,-5.141315579391566,
26.008,63.9450428,-22.59817181,653.34,579.676,-0.9101,-2.6343,356.5347,0.1294,-0.0123,-0.046,69.057,73.616,-5.3834,123.527,-13.382,0.0,0.0,0.0,-0.03,1667.3,0.0,3.7,150.0,0,26.008,-0.0038121885905577635,0.09625624267323872,-0.03,0.05633999640149323,0.639391048574594,1.0,0.0,-2167.0268780544334,357.12265097408925,506.84000000000003,576.176,3.513033892847574,0.014956583789358081,3.912984808159307,54.75953437152958,-6.202888141215482,-3.485300000000052,0.0,0.0525896618023841,final_approach,-6.549000054113835,-0.5222522291109755,-5.142017395025288,
26.133,63.94508502,-22.59818222,652.667,579.073,-0.8943,-2.6358,356.5292,0.1217,-0.0121,-0.0411,69.063,73.624,-5.3838,123.5382,-13.3989,0.0,0.0,0.0,-0.03,1667.3,0.0,3.7,150.0,0,26.133,-0.004030892941473796,0.0962737116978642,-0.03,0.056418471954116645,0.6393587587760218,1.0,0.0,-2162.320508185399,356.61098336581125,506.16700000000003,575.573,3.514938275129507,0.015002996200375606,3.9109103279024975,55.02023343596935,-6.21007897370842,-3.4908000000000357,0.0,0.05217241982034935,final_approach,-6.549000054113835,-0.511409306990771,-5.142989499076684,
26.225,63.94511598,-22.59818986,652.174,578.638,-0.8833,-2.6368,356.5256,0.1169,-0.012,-0.0378,69.067,73.629,-5.3841,123.5464,-13.4106,0.0,0.0,0.0,-0.03,1667.2,0.0,3.7,150.0,0,26.225,-0.0041850411319005465,0.09628604337758369,-0.03,0.05646981277003682,0.6393347050701913,1.0,0.0,-2158.869319019874,356.2354665426557,505.674,575.138,3.5163428506071455,0.015047017626469449,3.9093833285358777,55.211167986324355,-6.215034166189383,-3.4944000000000415,0.0,0.051382041733905114,final_approach,-6.549000054113835,-0.5039371927628622,-5.143713597901364,
26.308,63.94514413,-22.59819681,651.725,578.308,-0.8738,-2.6378,356.5225,0.1119,-0.0119,-0.035,69.07,73.634,-5.3844,123.5538,-13.4207,0.0,0.0,0.0,-0.03,1667.2,0.0,3.7,150.0,0,26.308,-0.004319202736458583,0.0962960173496218,-0.03,0.05651400705420806,0.6393126903477441,1.0,0.0,-2155.7313676882536,355.8938647368855,505.225,574.808,3.517618119373481,0.015099962010683518,3.907991325957717,55.38278036828334,-6.219295122681899,-3.4974999999999454,0.0,0.04999681778657329,final_approach,-6.549000054113835,-0.49751176753126813,-5.144376276973912,
26.433,63.94518918,-22.59820793,651.007,577.56,-0.8593,-2.6393,356.5181,0.105,-0.0117,-0.0311,69.076,73.642,-5.3849,123.5657,-13.4359,0.0,0.0,0.0,-0.03,1667.1,0.0,3.7,150.0,0,26.433,-0.004530007509720602,0.09631348953108254,-0.03,0.056576709203800646,0.6392769263132712,1.0,0.0,-2150.7095307916084,355.34730145849164,504.50699999999995,574.06,3.519669549737434,0.015318542160840486,3.905761450630338,55.640238964744285,-6.225668520949029,-3.501899999999978,0.0,0.049815288896884975,final_approach,-6.549000054113835,-0.48790053160093905,-5.145452752572716,
26.533,63.94522296,-22.59821629,650.469,577.206,-0.849,-2.6405,356.5151,0.1001,-0.0115,-0.0286,69.08,73.648,-5.3853,123.5745,-13.4465,0.0,0.0,0.0,-0.03,1667.1,0.0,3.7,150.0,0,26.533,-0.004685502700628674,0.09632570669705741,-0.03,0.05661944369074945,0.6392496827165604,1.0,0.0,-2146.9439895361797,354.9363994170223,503.96900000000005,573.706,3.5212158408824674,0.015342603709089103,3.9040748430342496,55.8451789858319,-6.230087313651893,-3.504899999999907,0.0,0.04892298990626346,final_approach,-6.549000054113835,-0.4812366817110263,-5.146272701596946,
26.642,63.94525675,-22.59822465,649.93,576.584,-0.8392,-2.6416,356.5124,0.0948,-0.0114,-0.0263,69.085,73.654,-5.3858,123.5834,-13.4565,0.0,0.0,0.0,-0.03,1667.0,0.0,3.7,150.0,0,26.642,-0.004836582796420852,0.09633769876659211,-0.03,0.056657892950990885,0.6392222063020057,1.0,0.0,-2143.177333514065,354.525496986426,503.42999999999995,573.084,3.5227613905156114,0.015148728829659943,3.90238661481672,56.06763497653173,-6.2342255010043175,-3.5075999999999112,0.0,0.04864558715414738,final_approach,-6.549000054113835,-0.4749958541064103,-5.147099599414737,
26.725,63.94528491,-22.59823162,649.481,576.176,-0.8314,-2.6425,356.5102,0.091,-0.0112,-0.0247,69.088,73.659,-5.3861,123.5907,-13.4643,0.0,0.0,0.0,-0.03,1667.0,0.0,3.7,150.0,0,26.725,-0.004962002753821693,0.09634819603089642,-0.03,0.05668921372369917,0.6391990314980268,1.0,0.0,-2140.0382677578,354.1829149168791,502.981,572.676,3.5240543443900147,0.015220233611871805,3.900976227523717,56.236295546647796,-6.237434959438957,-3.509800000000041,0.0,0.047509131804975215,final_approach,-6.549000054113835,-0.47015554983361696,-5.147796995515229,
26.808,63.94531307,-22.5982386,649.032,575.844,-0.824,-2.6434,356.5082,0.0869,-0.0111,-0.0233,69.092,73.664,-5.3865,123.598,-13.4718,0.0,0.0,0.0,-0.03,1667.0,0.0,3.7,150.0,0,26.808,-0.005079008845769173,0.09635846832969239,-0.03,0.056717680718771035,0.6391756253165364,1.0,0.0,-2136.8992021725544,353.83984291018135,502.53200000000004,572.344,3.5253505592633614,0.015286369121031042,3.8995587467806057,56.40437183828486,-6.240506562747328,-3.511799999999994,0.0,0.04757128083037721,final_approach,-6.549000054113835,-0.46552307003583415,-5.148501312168463,
26.933,63.94535813,-22.59824977,648.314,575.245,-0.8128,-2.6448,356.5052,0.0811,-0.0108,-0.0214,69.097,73.671,-5.3871,123.6097,-13.483,0.0,0.0,0.0,-0.03,1666.9,0.0,3.7,150.0,0,26.933,-0.005261980988609194,0.09637396988622879,-0.03,0.056760369715608605,0.6391376270199656,1.0,0.0,-2131.8762513627416,353.2908295562097,501.81399999999996,571.745,3.5274347542102,0.015517567529977398,3.8972864530069145,56.65651442891787,-6.245052842342545,-3.514799999999923,0.0,0.04688298257306688,final_approach,-6.549000054113835,-0.458666395441238,-5.149644630531764,
27.033,63.94539193,-22.59825816,647.775,574.678,-0.8048,-2.6458,356.5031,0.0768,-0.0105,-0.0202,69.101,73.677,-5.3876,123.6184,-13.4908,0.0,0.0,0.0,-0.03,1666.8,0.0,3.7,150.0,0,27.033,-0.005398875763106825,0.09638525608249995,-0.03,0.05679024380168385,0.6391087818945527,1.0,0.0,-2128.1084810862108,352.87845692451145,501.275,571.178,3.5290007208235377,0.01554125063054385,3.8955730092620606,56.85721668174769,-6.248190864584274,-3.516899999999964,0.0,0.04625725688461065,final_approach,-6.549000054113835,-0.4539335493824588,-5.150512467435863,
27.108,63.94541446,-22.59826375,647.416,574.444,-0.7998,-2.6465,356.5018,0.0736,-0.0104,-0.0196,69.104,73.68,-5.3879,123.6241,-13.4957,0.0,0.0,0.0,-0.03,1666.8,0.0,3.7,150.0,0,27.108,-0.005484487833099072,0.09639386581603478,-0.03,0.05680873389319141,0.6390893280881493,1.0,0.0,-2125.5970057668146,352.6037052788632,500.91600000000005,570.944,3.5300491589940552,0.015280904793270085,3.8944308457975043,57.007155953478126,-6.250150210484719,-3.518199999999979,0.0,0.04568841534964622,final_approach,-6.549000054113835,-0.4509783733420516,-5.151097719938196,
27.225,63.9454539,-22.59827354,646.787,573.753,-0.7915,-2.6476,356.4996,0.0682,-0.0102,-0.0185,69.109,73.687,-5.3885,123.6342,-13.5039,0.0,0.0,0.0,-0.03,1666.8,0.0,3.7,150.0,0,27.225,-0.005626927024296902,0.0964075066649505,-0.03,0.05684001890890533,0.6390549761477471,1.0,0.0,-2121.200530627977,352.1225219596634,500.28700000000003,570.253,3.5318857546313085,0.015350320429225402,3.892426374762909,57.24024193110682,-6.253400605749306,-3.520399999999995,0.0,0.04541992693013325,final_approach,-6.549000054113835,-0.44607590973570943,-5.152131099579613,
27.308,63.94548207,-22.59828054,646.338,573.48,-0.7859,-2.6485,356.498,0.0649,-0.01,-0.0179,69.112,73.692,-5.3889,123.6414,-13.5094,0.0,0.0,0.0,-0.03,1666.7,0.0,3.7,150.0,0,27.308,-0.005725601371861899,0.0964171239149697,-0.03,0.05686276698077153,0.6390301158162889,1.0,0.0,-2118.060350617295,351.7784696891886,499.83799999999997,569.98,3.5332033981296194,0.015437804169557107,3.8909885396418558,57.40482931055436,-6.255559133207981,-3.5219999999999345,0.0,0.04457671341950796,final_approach,-6.549000054113835,-0.4428202282213345,-5.15287889442715,
27.425,63.94552433,-22.59829104,645.665,572.752,-0.7781,-2.6497,356.4958,0.0594,-0.0098,-0.0171,69.117,73.698,-5.3895,123.6521,-13.5171,0.0,0.0,0.0,-0.03,1666.6,0.0,3.7,150.0,0,27.425,-0.00586384624063041,0.09643244756042202,-0.03,0.05689403916023872,0.6389922849880829,1.0,0.0,-2113.3495232175333,351.26239108899995,499.16499999999996,569.252,3.5351904869028936,0.015695447596104188,3.8888289171489556,57.63594345954963,-6.258549585475521,-3.5242000000000644,0.0,0.04440928881183678,final_approach,-6.549000054113835,-0.4383097042537081,-5.154016748052637,
27.533,63.94555813,-22.59829944,645.126,572.345,-0.7723,-2.6506,356.4941,0.0553,-0.0097,-0.0165,69.121,73.704,-5.3899,123.6607,-13.5228,0.0,0.0,0.0,-0.03,1666.6,0.0,3.7,150.0,0,27.533,-0.005969544900511048,0.0964461492474307,-0.03,0.05691819893345906,0.6389617267403843,1.0,0.0,-2109.5817531112302,350.84952851997656,498.626,568.845,3.5367801090921804,0.015532660325899807,3.887097708134733,57.8482606155738,-6.260728933933592,-3.5258999999999787,0.0,0.04373908410502894,final_approach,-6.549000054113835,-0.43502253130067814,-5.154935780448721,
27.642,63.94559476,-22.59830855,644.542,571.785,-0.7665,-2.6516,356.4924,0.051,-0.0096,-0.0159,69.125,73.71,-5.3904,123.6699,-13.5286,0.0,0.0,0.0,-0.03,1666.5,0.0,3.7,150.0,0,27.642,-0.006074340060914896,0.09645966419432929,-0.03,0.056942354265283934,0.6389281890045178,1.0,0.0,-2105.498515978109,350.4017702810117,498.04200000000003,568.285,3.5385092462253875,0.015587824175569613,3.885215064603639,58.061567044045674,-6.262923693816049,-3.5276000000000067,0.0,0.04309891715970517,final_approach,-6.549000054113835,-0.43171207603033324,-5.155944337216653,
27.717,63.94562294,-22.59831556,644.093,571.452,-0.7624,-2.6524,356.4911,0.048,-0.0095,-0.0154,69.128,73.714,-5.3908,123.6769,-13.5329,0.0,0.0,0.0,-0.03,1666.5,0.0,3.7,150.0,0,27.717,-0.00614498857978335,0.0964698607344024,-0.03,0.05696082299193439,0.6389020609824645,1.0,0.0,-2102.35722137097,350.05722768408475,497.59299999999996,567.952,3.539845397953224,0.015959079541499815,3.883763848250679,58.20769541505436,-6.2645416387314015,-3.5289000000000215,0.0,0.04281719741791397,final_approach,-6.549000054113835,-0.4292716332755919,-5.156730006652673,
27.833,63.94566239,-22.59832538,643.464,570.849,-0.757,-2.6534,356.4893,0.0436,-0.0094,-0.0147,69.132,73.72,-5.3914,123.6867,-13.5385,0.0,0.0,0.0,-0.03,1666.4,0.0,3.7,150.0,0,27.833,-0.006241876554553716,0.09648338640020415,-0.03,0.056986390784683816,0.6388651189465819,1.0,0.0,-2097.9596319769244,349.5745741639569,496.96400000000006,567.349,3.5417186009310653,0.015990616540102493,3.8817257429604983,58.4329058456329,-6.266614182713653,-3.5307000000000244,0.0,0.04205952116362469,final_approach,-6.549000054113835,-0.4261454627103216,-5.157840763450778,
27.933,63.94569621,-22.59833379,642.924,570.265,-0.7528,-2.6543,356.4878,0.0403,-0.0093,-0.0141,69.136,73.725,-5.3919,123.6951,-13.543,0.0,0.0,0.0,-0.03,1666.4,0.0,3.7,150.0,0,27.933,-0.00631613018187599,0.09649607740464636,-0.03,0.05700769347161461,0.6388331605218587,1.0,0.0,-2094.1896325074786,349.1612208793544,496.424,566.765,3.543324382778425,0.016001816862351744,3.879980369582015,58.62612752977233,-6.26825306011375,-3.532199999999989,0.0,0.04187229196692301,final_approach,-6.549000054113835,-0.4236734004840166,-5.158801590252249,
28.008,63.94572158,-22.59834011,642.52,569.92,-0.7499,-2.655,356.4868,0.0378,-0.0092,-0.0135,69.139,73.729,-5.3922,123.7014,-13.5462,0.0,0.0,0.0,-0.03,1666.3,0.0,3.7,150.0,0,28.008,-0.006366216568533256,0.09650701521966272,-0.03,0.0570218933396367,0.6388087907381542,1.0,0.0,-2091.3615757358266,348.85059329998757,496.02,566.42,3.5445399057156344,0.016036009467980433,3.878663284538042,58.770461957288255,-6.269401969701164,-3.5331999999999653,0.0,0.04170208360629382,final_approach,-6.549000054113835,-0.42194038761961394,-5.159534212374499,
28.125,63.94576104,-22.59834994,641.891,569.437,-0.7457,-2.656,356.4853,0.0342,-0.0093,-0.0127,69.143,73.735,-5.3928,123.711,-13.551,0.0,0.0,0.0,-0.03,1666.3,0.0,3.7,150.0,0,28.125,-0.006435970324693063,0.09652113374972134,-0.03,0.05704319025604099,0.638770557923989,1.0,0.0,-2086.9628717453234,348.3674494534076,495.39099999999996,565.937,3.5464316354452836,0.016058112917974043,3.8766118305627906,58.99482073983068,-6.27111758571138,-3.53469999999993,0.0,0.04101898820463763,final_approach,-6.549000054113835,-0.41935253767428016,-5.16068350268138,
28.233,63.94579486,-22.59835836,641.351,568.882,-0.7423,-2.6569,356.484,0.0318,-0.0092,-0.012,69.146,73.74,-5.3933,123.7193,-13.5549,0.0,0.0,0.0,-0.03,1666.2,0.0,3.7,150.0,0,28.233,-0.006494024824775957,0.09653304712785699,-0.03,0.05706164478193598,0.6387375139068587,1.0,0.0,-2083.192872446898,347.95360623165425,494.851,565.382,3.5480519639114925,0.015882267657275972,3.874853507373904,59.20092356396367,-6.272486250583256,-3.536000000000058,0.0,0.03981524180219591,final_approach,-6.549000054113835,-0.41728801619106015,-5.161676725345888,
28.342,63.94583151,-22.59836749,640.767,568.319,-0.739,-2.6579,356.4827,0.0296,-0.009,-0.0111,69.15,73.746,-5.3939,123.7282,-13.5589,0.0,0.0,0.0,-0.03,1666.1,0.0,3.7,150.0,0,28.342,-0.006547284680940957,0.09654623739953726,-0.03,0.057080096705613315,0.6387011030242932,1.0,0.0,-2079.1074061208624,347.504867339611,494.26700000000005,564.819,3.5498220500695266,0.015941776806191934,3.8729421710694467,59.40797757166117,-6.27387039616562,-3.5372999999999593,0.0,0.039531787793493325,final_approach,-6.549000054113835,-0.41520012927164274,-5.162771050349381,
28.417,63.94585688,-22.59837381,640.363,567.947,-0.7368,-2.6585,356.4819,0.0282,-0.0089,-0.0106,69.153,73.75,-5.3943,123.7343,-13.5615,0.0,0.0,0.0,-0.03,1666.1,0.0,3.7,150.0,0,28.417,-0.006584760101554676,0.09655605181535182,-0.03,0.05709145044188346,0.638675596019724,1.0,0.0,-2076.2793493484187,347.1942397602438,493.86300000000006,564.447,3.5510526891458047,0.01601956750800025,3.871617312169157,59.54982892614471,-6.2747541830408124,-3.538099999999986,0.0,0.039574352539539386,final_approach,-6.549000054113835,-0.41386699116445236,-5.16353759969466,
28.542,63.94589917,-22.59838435,639.688,567.361,-0.7334,-2.6596,356.4807,0.0259,-0.009,-0.0095,69.157,73.756,-5.395,123.7445,-13.5657,0.0,0.0,0.0,-0.03,1666.0,0.0,3.7,150.0,0,28.542,-0.006639909795377652,0.09657070808090873,-0.03,0.057108479197778395,0.638632827652677,1.0,0.0,-2071.565178331097,346.6762002433741,493.188,563.861,3.553099247480224,0.01607838403589239,3.869402877722689,59.78537999866778,-6.27616428657285,-3.539299999999912,0.0,0.03888577503593812,final_approach,-6.549000054113835,-0.4117399249740554,-5.164822783789859,
28.625,63.94592737,-22.59839138,639.239,567.058,-0.7313,-2.6603,356.4799,0.0248,-0.009,-0.0089,69.16,73.76,-5.3954,123.7512,-13.5683,0.0,0.0,0.0,-0.03,1666.0,0.0,3.7,150.0,0,28.625,-0.006675276298861776,0.0965822354183073,-0.03,0.057119830469152144,0.6386038034419754,1.0,0.0,-2068.421654531043,346.33067699371696,492.73900000000003,563.558,3.5544763332244225,0.016163885781313173,3.8679230554139683,59.941011394270824,-6.277017739925981,-3.5400999999999385,0.0,0.03863657533387602,final_approach,-6.549000054113835,-0.41045252895644246,-5.1656948775213,
28.733,63.94596684,-22.59840123,638.609,566.376,-0.7285,-2.6613,356.4789,0.0228,-0.0089,-0.008,69.164,73.766,-5.3961,123.7605,-13.5718,0.0,0.0,0.0,-0.03,1665.9,0.0,3.7,150.0,0,28.733,-0.006722308811851485,0.09659591374053596,-0.03,0.05713401817147912,0.6385629583407857,1.0,0.0,-2064.0218361158945,345.84655288336023,492.10900000000004,562.876,3.556398542787595,0.016436277600434687,3.8658430383766538,60.14273480139613,-6.278152384178043,-3.541099999999915,0.0,0.03849116276144021,final_approach,-6.549000054113835,-0.40874096094495016,-5.1669220451226465,
28.842,63.94600068,-22.59840966,638.07,565.921,-0.7263,-2.6622,356.4781,0.0215,-0.0089,-0.0072,69.168,73.771,-5.3967,123.7685,-13.5747,0.0,0.0,0.0,-0.03,1665.8,0.0,3.7,150.0,0,28.842,-0.00675735264239663,0.09660864281315162,-0.03,0.05714536722364805,0.6385273347266691,1.0,0.0,-2060.2496074535343,345.43221894602755,491.57000000000005,562.421,3.5580603587983126,0.016237901074853987,3.8640650512133106,60.34539928886664,-6.279077620886625,-3.5418999999999414,0.0,0.03832807957462451,final_approach,-6.549000054113835,-0.4073452694333657,-5.1679922314218985,
28.917,63.94602606,-22.59841599,637.665,565.558,-0.7247,-2.6628,356.4776,0.0207,-0.0089,-0.0067,69.17,73.774,-5.3971,123.7745,-13.5768,0.0,0.0,0.0,-0.03,1665.8,0.0,3.7,150.0,0,28.917,-0.006783234952153605,0.09661782129627414,-0.03,0.05715245988027862,0.6385004706801128,1.0,0.0,-2057.4204360846334,345.12110104020826,491.16499999999996,562.058,3.5593047141790857,0.01629681840854056,3.862725733420618,60.484240220651024,-6.279737162692783,-3.5424000000000433,0.0,0.03726795112844078,final_approach,-6.549000054113835,-0.406350366866878,-5.168799202791625,
29.025,63.94606555,-22.59842584,637.035,564.964,-0.7224,-2.6638,356.4768,0.0195,-0.009,-0.0058,69.174,73.78,-5.3978,123.7837,-13.5799,0.0,0.0,0.0,-0.03,1665.7,0.0,3.7,150.0,0,29.025,-0.006820344377329035,0.09663216174688569,-0.03,0.05716380732921644,0.6384581964160156,1.0,0.0,-2053.0183881345297,344.636976151597,490.53499999999997,561.464,3.5612478449880225,0.016579340662883916,3.86063840414546,60.683445903504385,-6.280693448858415,-3.543199999999956,0.0,0.03724695893831737,final_approach,-6.549000054113835,-0.40490782720867813,-5.170068970731357,
29.133,63.94609939,-22.59843428,636.495,564.522,-0.7204,-2.6647,356.4763,0.0186,-0.0089,-0.0052,69.177,73.785,-5.3984,123.7915,-13.5823,0.0,0.0,0.0,-0.03,1665.6,0.0,3.7,150.0,0,29.133,-0.006859033830454553,0.09664410803248678,-0.03,0.0571708989837042,0.638421552418497,1.0,0.0,-2049.2461596431895,344.2221522771134,489.995,561.022,3.562917640182447,0.01639296165491046,3.8588472383730497,60.88174099999606,-6.2813997073680525,-3.5436999999999443,0.0,0.03638612428735931,final_approach,-6.549000054113835,-0.40384244536279645,-5.171169514544857,
29.225,63.94613042,-22.59844203,636.0,564.069,-0.7188,-2.6655,356.4758,0.0178,-0.0088,-0.0047,69.18,73.789,-5.399,123.7987,-13.5845,0.0,0.0,0.0,-0.03,1665.6,0.0,3.7,150.0,0,29.225,-0.006885779211095455,0.0966547356538603,-0.03,0.05717799025268877,0.6383875658582072,1.0,0.0,-2045.7871689865453,343.8412434198415,489.5,560.569,3.564454555225469,0.016445067761378218,3.8571965320697625,61.04989907521316,-6.282044522110681,-3.544200000000046,0.0,0.03604272168416067,final_approach,-6.549000054113835,-0.40286974754307003,-5.172190154371613,
29.333,63.94614452,-22.59844554,635.775,563.891,-0.718,-2.6658,356.4756,0.0175,-0.0087,-0.0044,69.182,73.791,-5.3993,123.8019,-13.5855,0.0,0.0,0.0,-0.03,1665.5,0.0,3.7,150.0,0,29.333,-0.006900421379688104,0.09665995393612081,-0.03,0.05718082665233182,0.6383720195082401,1.0,0.0,-2044.2154070018,343.6687267636757,489.275,560.391,3.565153867241783,0.014783408344842496,3.8564520645178337,61.24661626151031,-6.282341243974713,-3.544399999999996,0.0,0.034449612305462056,final_approach,-6.549000054113835,-0.40242214401989784,-5.172656992436526,
29.408,63.94618119,-22.59845469,635.19,563.354,-0.7162,-2.6667,356.4752,0.0166,-0.0086,-0.0039,69.185,73.796,-5.4,123.8103,-13.5879,0.0,0.0,0.0,-0.03,1665.4,0.0,3.7,150.0,0,29.408,-0.006932642534661637,0.0966722776532361,-0.03,0.05718649926655073,0.638331224634899,1.0,0.0,-2040.1277114828497,343.2190072189022,488.69000000000005,559.854,3.5669780381737084,0.016373220136092038,3.854501963551599,61.38258736812291,-6.283017180095186,-3.5448000000000093,0.0,0.03495419300496551,final_approach,-6.549000054113835,-0.40140249525881444,-5.173881924955765,
29.55,63.94623761,-22.59846878,634.29,562.454,-0.7135,-2.6681,356.4746,0.0159,-0.0085,-0.0032,69.19,73.804,-5.4011,123.823,-13.5913,0.0,0.0,0.0,-0.03,1665.3,0.0,3.7,150.0,0,29.55,-0.006986640391344501,0.09669179412793834,-0.03,0.05719500772517061,0.6382674846991847,1.0,0.0,-2033.838434861639,342.5264901293591,487.78999999999996,558.954,3.5697974281322638,0.016953493257254353,3.8514888756914076,61.63895454159531,-6.283934447479567,-3.5453999999999724,0.0,0.03497756342320518,final_approach,-6.549000054113835,-0.40001879342681335,-5.175795564993635,
29.642,63.94626865,-22.59847652,633.795,562.006,-0.712,-2.6688,356.4743,0.0153,-0.0085,-0.0028,69.193,73.808,-5.4017,123.83,-13.5931,0.0,0.0,0.0,-0.03,1665.3,0.0,3.7,150.0,0,29.642,-0.007018705918327484,0.09670316969131294,-0.03,0.057199261746244456,0.6382318912006387,1.0,0.0,-2030.3783292664966,342.1460708204588,487.29499999999996,558.506,3.5713559392850915,0.016951300817327562,3.8498344658578305,61.80411318519334,-6.284406107008806,-3.545699999999897,0.0,0.03476221180765704,final_approach,-6.549000054113835,-0.3993072906664601,-5.176864039752864,
29.733,63.94629968,-22.59848427,633.3,561.664,-0.7107,-2.6696,356.474,0.0142,-0.0086,-0.0025,69.196,73.812,-5.4023,123.8369,-13.5948,0.0,0.0,0.0,-0.03,1665.2,0.0,3.7,150.0,0,29.733,-0.007045387344423559,0.09671469358509086,-0.03,0.057203515628487356,0.6381959757165594,1.0,0.0,-2026.9193386098523,341.7651619631869,486.79999999999995,558.164,3.572917311746929,0.01698574053795154,3.8481714587786726,61.96682431128045,-6.284837014940194,-3.546000000000049,0.0,0.03459901373123675,final_approach,-6.549000054113835,-0.3986572606983909,-5.177942081827851,
29.825,63.94633072,-22.59849202,632.805,561.189,-0.7094,-2.6703,356.4738,0.0133,-0.0086,-0.0023,69.199,73.816,-5.403,123.8438,-13.5964,0.0,0.0,0.0,-0.03,1665.1,0.0,3.7,150.0,0,29.825,-0.007074279388607052,0.09672476666217525,-0.03,0.057206351472846584,0.6381596585219254,1.0,0.0,-2023.4592331865224,341.38425271696207,486.30499999999995,557.689,3.574484905970709,0.016994628389923525,3.8465070169685536,62.13067136228696,-6.285222160586443,-3.546199999999999,0.0,0.03441807572404937,final_approach,-6.549000054113835,-0.39807626260080475,-5.179032081310854,
29.917,63.94636176,-22.59849977,632.309,560.765,-0.7082,-2.6711,356.4736,0.0126,-0.0086,-0.0021,69.202,73.82,-5.4036,123.8506,-13.5979,0.0,0.0,0.0,-0.03,1665.1,0.0,3.7,150.0,0,29.917,-0.007101673238433859,0.0967365636266033,-0.03,0.05720918725549595,0.6381231468692627,1.0,0.0,-2019.9991277624006,341.00334347056287,485.80899999999997,557.265,3.5760497313388795,0.01699701889046224,3.844840298580676,62.29386261091204,-6.285566570530705,-3.5463999999999487,0.0,0.034253586626606186,final_approach,-6.549000054113835,-0.3975567140503955,-5.180127815433227,
30.008,63.94639563,-22.59850822,631.769,560.323,-0.707,-2.6719,356.4734,0.0119,-0.0087,-0.0019,69.205,73.825,-5.4043,123.858,-13.5995,0.0,0.0,0.0,-0.03,1665.0,0.0,3.7,150.0,0,30.008,-0.007128155024924698,0.09674865818660938,-0.03,0.05721202297643313,0.638082676274345,1.0,0.0,-2016.2235551404397,340.588028491373,485.269,556.823,3.577771426319703,0.01731746991938422,3.8430226494414854,62.45461962209145,-6.285926538155849,-3.5465999999998985,0.0,0.034136627203008814,final_approach,-6.549000054113835,-0.39701369557152866,-5.181342240431402,
30.15,63.94644078,-22.59851949,631.048,559.642,-0.7054,-2.673,356.4731,0.0109,-0.0089,-0.0017,69.209,73.831,-5.4052,123.8678,-13.6015,0.0,0.0,0.0,-0.03,1664.9,0.0,3.7,150.0,0,30.15,-0.007167002893490426,0.0967655471077045,-0.03,0.05721627644212657,0.6380282400625762,1.0,0.0,-2011.1905731343234,340.0341122623555,484.548,556.142,3.5800665210626814,0.01712499810533018,3.8405922125914875,62.70436518340154,-6.286348833778476,-3.5469000000000506,0.0,0.03359411691951179,final_approach,-6.549000054113835,-0.39637665288495505,-5.182975542559131,
30.217,63.946469,-22.59852654,630.598,559.273,-0.7045,-2.6737,356.473,0.0104,-0.0089,-0.0017,69.211,73.834,-5.4058,123.8739,-13.6027,0.0,0.0,0.0,-0.03,1664.8,0.0,3.7,150.0,0,30.217,-0.0071882507662273665,0.09677512508347995,-0.03,0.057217694233164806,0.6379936995449971,1.0,0.0,-2008.0448201421466,339.68760835979447,484.09799999999996,555.773,3.5815107487713163,0.017863437994826977,3.839067382637697,62.82154294912867,-6.286591137812934,-3.5470000000000255,0.0,0.03325381049670045,final_approach,-6.549000054113835,-0.396011131097346,-5.18401177765627,
30.333,63.94650852,-22.59853641,629.967,558.663,-0.7034,-2.6747,356.4728,0.0093,-0.0091,-0.0015,69.214,73.84,-5.4067,123.8824,-13.6042,0.0,0.0,0.0,-0.03,1664.7,0.0,3.7,150.0,0,30.333,-0.007216770335878253,0.09678798085144247,-0.03,0.05722052976895142,0.6379449447900558,1.0,0.0,-2003.6394282316505,339.2025024293256,483.467,555.163,3.5835337864389745,0.01779286164462337,3.836930431412266,63.023716913102525,-6.286850072158046,-3.5471999999999753,0.0,0.03258183399386571,final_approach,-6.549000054113835,-0.3956205216105779,-5.185474292964386,
30.433,63.94654239,-22.59854487,629.426,558.106,-0.7025,-2.6756,356.4726,0.0086,-0.0091,-0.0014,69.217,73.844,-5.4075,123.8896,-13.6055,0.0,0.0,0.0,-0.03,1664.6,0.0,3.7,150.0,0,30.433,-0.00723905162256111,0.09679926261473461,-0.03,0.05722336524301663,0.6379027063209602,1.0,0.0,-1999.8638557807103,338.78669751281075,482.92600000000004,554.606,3.58527206544046,0.017724516372995245,3.83509542562249,63.19714739928777,-6.287082816882844,-3.547399999999925,0.0,0.03234712181260525,final_approach,-6.549000054113835,-0.3952694194774793,-5.186741190136907,
30.508,63.94657062,-22.59855191,628.976,557.659,-0.7018,-2.6763,356.4725,0.0081,-0.009,-0.0014,69.22,73.847,-5.4082,123.8955,-13.6065,0.0,0.0,0.0,-0.03,1664.6,0.0,3.7,150.0,0,30.508,-0.007257300642827591,0.09680897131041906,-0.03,0.05722478295690281,0.6378669855683883,1.0,0.0,-1996.7169878492432,338.44068315844703,482.476,554.159,3.5867319290261817,0.018014571612433177,3.8335701051896316,63.32667228867877,-6.287243689821963,-3.5474999999999,0.0,0.03304283801145949,final_approach,-6.549000054113835,-0.39502673778612163,-5.187812489308293,
30.617,63.94660449,-22.59856037,628.435,557.217,-0.701,-2.6772,356.4724,0.0074,-0.009,-0.0013,69.222,73.852,-5.409,123.9026,-13.6077,0.0,0.0,0.0,-0.03,1664.5,0.0,3.7,150.0,0,30.617,-0.007277610260490008,0.09681943945831807,-0.03,0.05722620065535944,0.6378239032345141,1.0,0.0,-1992.941415398303,338.02487824193213,481.93499999999995,553.717,3.588480488101812,0.017685780740682524,3.831730054183393,63.51424395526923,-6.287435713373725,-3.5475999999999885,0.0,0.031707000360705714,final_approach,-6.549000054113835,-0.39473706421790666,-5.18910443992803,
30.717,63.94664119,-22.59856954,627.849,556.769,-0.7002,-2.6781,356.4722,0.0069,-0.0089,-0.0013,69.225,73.856,-5.4099,123.9103,-13.6089,0.0,0.0,0.0,-0.03,1664.4,0.0,3.7,150.0,0,30.717,-0.007300159336116496,0.09683151228609471,-0.03,0.057229036005976286,0.637776658281936,1.0,0.0,-1988.85037591896,337.5741776553011,481.34900000000005,553.269,3.5903830254100777,0.017909046131011717,3.8297314062066783,63.68550294937233,-6.287597607125036,-3.547800000000052,0.0,0.031551818509732626,final_approach,-6.549000054113835,-0.394492842201954,-5.190521056432559,
30.808,63.94667225,-22.59857729,627.353,556.221,-0.6996,-2.6789,356.4721,0.0064,-0.0089,-0.0012,69.228,73.86,-5.4107,123.9167,-13.6099,0.0,0.0,0.0,-0.03,1664.3,0.0,3.7,150.0,0,30.808,-0.007315995696604016,0.09684185493316798,-0.03,0.05723045365813573,0.6377362531197505,1.0,0.0,-1985.3880409606747,337.1932676306477,480.85299999999995,552.721,3.5919979727350557,0.017881984092652625,3.8280433365721134,63.840675534053965,-6.287733339432748,-3.547900000000027,0.0,0.03168047436948728,final_approach,-6.549000054113835,-0.39428808543828886,-5.191732450436589,
30.925,63.94670613,-22.59858576,626.812,555.762,-0.699,-2.6798,356.472,0.0058,-0.0088,-0.0011,69.231,73.864,-5.4116,123.9237,-13.6109,0.0,0.0,0.0,-0.03,1664.2,0.0,3.7,150.0,0,30.925,-0.0073335983349903655,0.09685257638172873,-0.03,0.05723187129486296,0.6376917188290308,1.0,0.0,-1981.611353912485,336.7769723878545,480.312,552.262,3.593765253123405,0.017419146841240497,3.8261902684211515,64.03936116087642,-6.287838952111713,-3.548000000000002,0.0,0.03113143357599084,final_approach,-6.549000054113835,-0.39412876506170313,-5.193067496671752,
31.017,63.94673719,-22.59859351,626.316,555.315,-0.6985,-2.6805,356.4719,0.0056,-0.0087,-0.001,69.233,73.868,-5.4124,123.93,-13.6118,0.0,0.0,0.0,-0.03,1664.2,0.0,3.7,150.0,0,31.017,-0.007347933743165669,0.09686211072594969,-0.03,0.05723328891615731,0.6376504768544966,1.0,0.0,-1978.1490189541994,336.39606236320105,479.81600000000003,551.815,3.595390242409243,0.017459776871030543,3.8244973199477807,64.19482754008493,-6.287933993285435,-3.5480999999999767,0.0,0.030277587835890463,final_approach,-6.549000054113835,-0.39398539209987327,-5.19430371158062,
31.142,63.94677955,-22.59860409,625.639,554.704,-0.6978,-2.6816,356.4717,0.0052,-0.0086,-0.0009,69.236,73.873,-5.4135,123.9386,-13.613,0.0,0.0,0.0,-0.03,1664.1,0.0,3.7,150.0,0,31.142,-0.0073692477593853,0.09687555178817962,-0.03,0.05723612411244694,0.6375936824761923,1.0,0.0,-1973.4270452486155,335.87606037348905,479.139,551.204,3.5976101079201013,0.017509634740336504,3.8221788739650906,64.40512145124688,-6.288050665491937,-3.5482999999999265,0.0,0.029706898032627774,final_approach,-6.549000054113835,-0.3938093878765212,-5.196005893262949,
31.225,63.94681344,-22.59861256,625.098,554.296,-0.6973,-2.6824,356.4716,0.0048,-0.0087,-0.0008,69.239,73.877,-5.4144,123.9454,-13.6139,0.0,0.0,0.0,-0.03,1664.0,0.0,3.7,150.0,0,31.225,-0.007385055585831357,0.09688701370727795,-0.03,0.05723754168744144,0.6375475749665146,1.0,0.0,-1969.64924343374,335.4597647413949,478.59799999999996,550.796,3.5993973469177742,0.01818019561227425,3.8203178003173486,64.54402032599144,-6.28812059975661,-3.5483999999999014,0.0,0.030292141694502842,final_approach,-6.549000054113835,-0.3937038894755105,-5.197387599169108,
31.308,63.94684168,-22.59861961,624.646,553.772,-0.6969,-2.6831,356.4716,0.0044,-0.0088,-0.0007,69.241,73.881,-5.4152,123.951,-13.6146,0.0,0.0,0.0,-0.03,1663.9,0.0,3.7,150.0,0,31.308,-0.007398330599716563,0.09689521230568165,-0.03,0.05723754168744144,0.6375090116266111,1.0,0.0,-1966.5012609066077,335.1132600605792,478.14599999999996,550.272,3.6008821106538083,0.018131616295437455,3.8187692586389255,64.68240638488989,-6.288159380165496,-3.5483999999999014,0.0,0.029728891135194672,final_approach,-6.549000054113835,-0.39364538779295266,-5.198543104694998,
31.408,63.94687557,-22.59862807,624.105,553.327,-0.6965,-2.684,356.4715,0.0039,-0.0089,-0.0005,69.244,73.885,-5.4161,123.9577,-13.6155,0.0,0.0,0.0,-0.03,1663.8,0.0,3.7,150.0,0,31.408,-0.007409957836366832,0.09690709836648499,-0.03,0.05723895924700373,0.637461999557154,1.0,0.0,-1962.7234589199197,334.69745436580956,477.605,549.827,3.6026800367561926,0.01810622375017181,3.816908604175177,64.84848922402445,-6.288234317938247,-3.54849999999999,0.0,0.029753537395631583,final_approach,-6.549000054113835,-0.3935323413587728,-5.199951613992617,
31.508,63.94690946,-22.59863654,623.563,552.851,-0.6961,-2.6848,356.4714,0.0037,-0.009,-0.0004,69.246,73.889,-5.417,123.9644,-13.6163,0.0,0.0,0.0,-0.03,1663.7,0.0,3.7,150.0,0,31.508,-0.007424263664620845,0.09691793369810243,-0.03,0.057240376791130254,0.637414685958826,1.0,0.0,-1958.9456571050443,334.28115873371536,477.063,549.351,3.6044763047723802,0.018082299818789234,3.815039562108255,65.01383154948851,-6.288263579036965,-3.548599999999965,0.0,0.028866852177842694,final_approach,-6.549000054113835,-0.3934881998858959,-5.20136898813109,
31.617,63.946949,-22.59864642,622.931,552.25,-0.6957,-2.6858,356.4714,0.0036,-0.0089,-0.0003,69.249,73.893,-5.4181,123.9721,-13.6172,0.0,0.0,0.0,-0.03,1663.6,0.0,3.7,150.0,0,31.617,-0.007438360800727184,0.09693088596010457,-0.03,0.057240376791130254,0.6373587776229837,1.0,0.0,-1954.5380358314055,333.7955620876674,476.43100000000004,548.75,3.6065821938574834,0.01828859707391929,3.812856509442121,65.19321598772123,-6.288288343041927,-3.548599999999965,0.0,0.028744677959840367,final_approach,-6.549000054113835,-0.3934508424442029,-5.203043616367562,
31.708,63.94698008,-22.59865418,622.434,551.838,-0.6953,-2.6866,356.4714,0.0034,-0.0089,-0.0001,69.251,73.897,-5.419,123.9781,-13.6179,0.0,0.0,0.0,-0.03,1663.5,0.0,3.7,150.0,0,31.708,-0.007452813529259417,0.09694027168567997,-0.03,0.057240376791130254,0.6373143917602737,1.0,0.0,-1951.073471508393,333.41416134760834,475.93399999999997,548.338,3.6082414768618096,0.018279477423002923,3.8111412265111273,65.34227708417099,-6.288307044502716,-3.548599999999965,0.0,0.02812952741604829,final_approach,-6.549000054113835,-0.3934226305777493,-5.204372942260655,
31.817,63.9470168,-22.59866335,621.847,551.294,-0.695,-2.6875,356.4714,0.0031,-0.0089,-0.0,69.254,73.901,-5.4201,123.9852,-13.6187,0.0,0.0,0.0,-0.03,1663.4,0.0,3.7,150.0,0,31.817,-0.007463936697870377,0.09695179545358654,-0.03,0.057240376791130254,0.6372613582592865,1.0,0.0,-1946.9802024948867,332.96345998272307,475.347,547.794,3.6102097425139528,0.018242478360366517,3.8091105903841798,65.52005986511705,-6.288316234974161,-3.548599999999965,0.0,0.028074382721845457,final_approach,-6.549000054113835,-0.39340876640036626,-5.205961063511982,
31.917,63.94704787,-22.59867111,621.35,550.906,-0.6947,-2.6883,356.4714,0.003,-0.0089,0.0001,69.256,73.905,-5.421,123.9911,-13.6193,0.0,0.0,0.0,-0.03,1663.3,0.0,3.7,150.0,0,31.917,-0.007476885804562128,0.09696160382481826,-0.03,0.057240376791130254,0.6372160773952248,1.0,0.0,-1943.5167529401442,332.5820596316175,474.85,547.406,3.6118782113159673,0.0179828466369963,3.8073892591718437,65.68239859148385,-6.288294289623536,-3.548599999999965,0.0,0.027340347928946154,final_approach,-6.549000054113835,-0.393441871799439,-5.207316858928166,
32.017,63.9470733,-22.59867746,620.944,550.458,-0.6945,-2.689,356.4714,0.0028,-0.0088,0.0002,69.258,73.907,-5.4218,123.9959,-13.6199,0.0,0.0,0.0,-0.03,1663.2,0.0,3.7,150.0,0,32.017,-0.007482712399640157,0.0969692572670738,-0.03,0.057240376791130254,0.6371785287176047,1.0,0.0,-1940.6820080766872,332.26995990551234,474.44399999999996,546.958,3.6132534995996757,0.01727785267034416,3.805979373747423,65.84405520022031,-6.2883275111919374,-3.548599999999965,0.0,0.026673043571764966,final_approach,-6.549000054113835,-0.393391755794136,-5.208441020434595,
32.117,63.9471072,-22.59868593,620.402,549.959,-0.6942,-2.6898,356.4714,0.0027,-0.0088,0.0003,69.26,73.911,-5.4228,124.0023,-13.6205,0.0,0.0,0.0,-0.03,1663.1,0.0,3.7,150.0,0,32.117,-0.007497131920935318,0.09697990049781897,-0.03,0.057240376791130254,0.6371281740980209,1.0,0.0,-1936.9030914943341,331.85366388446494,473.90200000000004,546.459,3.615086271718771,0.01745283075711224,3.8040945995223305,66.0049844761718,-6.2882804934350816,-3.548599999999965,0.0,0.026066403247067844,final_approach,-6.549000054113835,-0.39346268387461336,-5.209948409054697,
32.208,63.94714111,-22.5986944,619.859,549.532,-0.6939,-2.6906,356.4714,0.0026,-0.0088,0.0004,69.263,73.915,-5.4239,124.0086,-13.6212,0.0,0.0,0.0,-0.03,1663.0,0.0,3.7,150.0,0,32.208,-0.007508579953350025,0.096990255565255,-0.03,0.057240376791130254,0.6370774530732738,1.0,0.0,-1933.1230601445031,331.4373674741161,473.35900000000004,546.032,3.6169192461864847,0.01790112172564095,3.8022078036743276,66.15077026672844,-6.288284147242905,-3.548599999999965,0.0,0.026693733221610207,final_approach,-6.549000054113835,-0.3934571719666291,-5.211466572719381,
32.333,63.94718349,-22.59870498,619.181,548.89,-0.6936,-2.6917,356.4714,0.0024,-0.0088,0.0005,69.267,73.92,-5.4251,124.0165,-13.6219,0.0,0.0,0.0,-0.03,1662.9,0.0,3.7,150.0,0,32.333,-0.0075247328509363,0.09700675986748966,-0.03,0.057240376791130254,0.6370131811530929,1.0,0.0,-1928.3988569039636,330.9173647059755,472.68100000000004,545.39,3.6192234116395086,0.01798982204206587,3.799848845902718,66.35012316302158,-6.288207574036051,-3.548599999999965,0.0,0.027176121110547954,final_approach,-6.549000054113835,-0.39357268554040026,-5.213390058259872,
32.417,63.94721175,-22.59871204,618.729,548.514,-0.6934,-2.6924,356.4715,0.0023,-0.009,0.0005,69.27,73.923,-5.4258,124.0216,-13.6224,0.0,0.0,0.0,-0.03,1662.8,0.0,3.7,150.0,0,32.417,-0.0075336463677544985,0.09702001810458483,-0.03,0.05723895924700373,0.6369698329651177,1.0,0.0,-1925.2486450128965,330.5703693097546,472.22900000000004,545.014,3.620766012329851,0.0180522340238296,3.7982705336403733,66.48339754299091,-6.288180102899702,-3.54849999999999,0.0,0.02795231789270593,final_approach,-6.549000054113835,-0.3936141267769102,-5.214687177025297,
32.533,63.94724566,-22.59872051,618.186,547.922,-0.6932,-2.6933,356.4715,0.0022,-0.0094,0.0006,69.275,73.926,-5.4266,124.0278,-13.623,0.0,0.0,0.0,-0.03,1662.7,0.0,3.7,150.0,0,32.533,-0.007543589604842804,0.09703837071284568,-0.03,0.05723895924700373,0.6369174573008068,1.0,0.0,-1921.4686136630653,330.1540728994057,471.68600000000004,544.422,3.6226178251800425,0.0177041790000181,3.7963748678590434,66.66670789049633,-6.288143129636893,-3.54849999999999,0.0,0.029329693382091345,final_approach,-6.549000054113835,-0.3936699023182584,-5.216254238441277,
32.633,63.94728239,-22.59872969,617.598,547.485,-0.6929,-2.6943,356.4716,0.0022,-0.0098,0.0007,69.279,73.93,-5.4273,124.0344,-13.6236,0.0,0.0,0.0,-0.03,1662.6,0.0,3.7,150.0,0,32.633,-0.0075581237391494915,0.09705961396253449,-0.03,0.05723754168744144,0.6368600757456294,1.0,0.0,-1917.3742300531019,329.7028812080684,471.09799999999996,543.985,3.6246317979882807,0.018110103847078753,3.7943151326220192,66.82391704412355,-6.288086106872896,-3.5483999999999014,0.0,0.03029972125643815,final_approach,-6.549000054113835,-0.39375592325883524,-5.2179708373334215,
32.733,63.94731631,-22.59873816,617.056,546.971,-0.6927,-2.6952,356.4716,0.0021,-0.0102,0.0007,69.283,73.934,-5.428,124.0405,-13.6241,0.0,0.0,0.0,-0.03,1662.5,0.0,3.7,150.0,0,32.733,-0.007570449162171089,0.09707908342126866,-0.03,0.05723754168744144,0.636806284630543,1.0,0.0,-1913.5930839357932,329.28658440859226,470.55600000000004,543.471,3.626505963890347,0.0182153630426762,3.7924142787699227,66.98041208185346,-6.288008514538149,-3.5483999999999014,0.0,0.03118156477858479,final_approach,-6.549000054113835,-0.39387297411852984,-5.219579801463194,
32.833,63.94735022,-22.59874663,616.513,546.423,-0.6925,-2.6963,356.4717,0.0018,-0.0107,0.0008,69.287,73.938,-5.4287,124.0465,-13.6246,0.0,0.0,0.0,-0.03,1662.4,0.0,3.7,150.0,0,32.833,-0.0075820077846159295,0.0970986723056479,-0.03,0.05723612411244694,0.6367522078088562,1.0,0.0,-1909.8130525859626,328.87028799824355,470.01300000000003,542.923,3.6283769107450285,0.01829771396003277,3.790509676301232,67.13619500921074,-6.287935942482477,-3.5482999999999265,0.0,0.031983240707808745,final_approach,-6.549000054113835,-0.39398245166674606,-5.221197092250943,
32.917,63.94738131,-22.59875439,616.015,545.966,-0.6924,-2.6972,356.4718,0.0018,-0.0111,0.0008,69.291,73.941,-5.4293,124.052,-13.6251,0.0,0.0,0.0,-0.03,1662.3,0.0,3.7,150.0,0,32.917,-0.007588208719589207,0.09711790200997777,-0.03,0.057234706522018786,0.6367021704868796,1.0,0.0,-1906.3473734962643,328.48888686905747,469.515,542.466,3.630096563019746,0.01866010344827594,3.788764073658818,67.2664698453723,-6.287888439403304,-3.5481999999999516,0.0,0.033404677699729296,final_approach,-6.549000054113835,-0.3940541117451897,-5.222693376937659,
33.042,63.94742089,-22.59876427,615.382,545.429,-0.6922,-2.6985,356.4719,0.0017,-0.0116,0.0009,69.296,73.945,-5.4301,124.0589,-13.6256,0.0,0.0,0.0,-0.03,1662.2,0.0,3.7,150.0,0,33.042,-0.007602412108542234,0.09714210482008356,-0.03,0.05723328891615731,0.6366375556743986,1.0,0.0,-1901.9352931527142,328.0032886665004,468.88199999999995,541.929,3.6323011371151446,0.018489518334094814,3.7865377272127243,67.45951010358483,-6.287770771130397,-3.5480999999999767,0.0,0.03400425245430639,final_approach,-6.549000054113835,-0.39423161843748034,-5.2246252997485385,
33.133,63.94745198,-22.59877204,614.884,544.933,-0.692,-2.6995,356.4719,0.0017,-0.0118,0.0009,69.299,73.948,-5.4308,124.0643,-13.6261,0.0,0.0,0.0,-0.03,1662.1,0.0,3.7,150.0,0,33.133,-0.007612678502044612,0.09715904717123448,-0.03,0.05723328891615731,0.6365864314467794,1.0,0.0,-1898.4696142340365,327.62139759998945,468.384,541.433,3.63403285096188,0.01857956902701199,3.784780908703687,67.59929798562933,-6.287728291879688,-3.5480999999999767,0.0,0.03390995977364525,final_approach,-6.549000054113835,-0.39429569984459967,-5.226153644726324,
33.233,63.9474859,-22.59878051,614.341,544.544,-0.6918,-2.7007,356.472,0.0017,-0.0121,0.0008,69.303,73.952,-5.4316,124.0701,-13.6265,0.0,0.0,0.0,-0.03,1662.0,0.0,3.7,150.0,0,33.233,-0.007626323894995957,0.09717806011069306,-0.03,0.05723187129486296,0.6365300250336493,1.0,0.0,-1894.6884681167282,327.2051008005134,467.841,541.044,3.6359308551073357,0.018646314431603025,3.782865466350714,67.75225353897896,-6.287620140462678,-3.548000000000002,0.0,0.034463599794214685,final_approach,-6.549000054113835,-0.3944588499110733,-5.227839671929189,
33.333,63.94751982,-22.59878898,613.798,544.045,-0.6917,-2.7019,356.4721,0.0015,-0.0124,0.0009,69.307,73.955,-5.4325,124.0759,-13.6269,0.0,0.0,0.0,-0.03,1661.9,0.0,3.7,150.0,0,33.333,-0.007636081135294126,0.09719570652327014,-0.03,0.05723045365813573,0.6364730361924947,1.0,0.0,-1890.9073219994193,326.78880400121136,467.298,540.545,3.6378352580970432,0.01871260034251499,3.780947086208782,67.90450740246992,-6.287511999112041,-3.547900000000027,0.0,0.03496690890383592,final_approach,-6.549000054113835,-0.39462198471070487,-5.229542866330583,
33.433,63.94755375,-22.59879746,613.254,543.528,-0.6915,-2.7031,356.4722,0.0013,-0.0127,0.0009,69.311,73.958,-5.4334,124.0817,-13.6273,0.0,0.0,0.0,-0.03,1661.8,0.0,3.7,150.0,0,33.433,-0.007649725465832369,0.09721353157188187,-0.03,0.057229036005976286,0.6364156401184405,1.0,0.0,-1887.1250612856534,326.3720168752832,466.754,540.028,3.639740124363354,0.018768610729280467,3.7790209505217995,68.05606113951387,-6.287403867826356,-3.547800000000052,0.0,0.03542446263985523,final_approach,-6.549000054113835,-0.3947851042456261,-5.231257985821216,
33.533,63.9475905,-22.59880663,612.666,543.062,-0.6914,-2.7045,356.4723,0.0012,-0.0128,0.0009,69.315,73.962,-5.4345,124.0879,-13.6277,0.0,0.0,0.0,-0.03,1661.7,0.0,3.7,150.0,0,33.533,-0.007660657004089688,0.0972308643364979,-0.03,0.05722761833838297,0.6363525201355249,1.0,0.0,-1883.028447969714,325.9213143430161,466.16600000000005,539.562,3.6418200327805663,0.019107022969754146,3.776939764642386,68.2069015788464,-6.287275704607936,-3.5476999999999634,0.0,0.035840420581678044,final_approach,-6.549000054113835,-0.39497844249225267,-5.233143863734654,
33.617,63.94761878,-22.59881369,612.213,542.568,-0.6913,-2.7055,356.4723,0.0011,-0.0129,0.0009,69.318,73.965,-5.4353,124.0926,-13.6281,0.0,0.0,0.0,-0.03,1661.6,0.0,3.7,150.0,0,33.617,-0.007667652809300318,0.09724503026845094,-0.03,0.05722761833838297,0.6363035930196081,1.0,0.0,-1879.8760065436913,325.5743181683665,465.71299999999997,539.068,3.643421712587457,0.019100455266245157,3.7753339188644146,68.33305030361024,-6.287222707010301,-3.5476999999999634,0.0,0.035828953775551745,final_approach,-6.549000054113835,-0.3950583910019887,-5.23460548705167,
33.725,63.94765836,-22.59882358,611.578,542.002,-0.6911,-2.707,356.4724,0.001,-0.0131,0.001,69.323,73.969,-5.4366,124.0992,-13.6285,0.0,0.0,0.0,-0.03,1661.5,0.0,3.7,150.0,0,33.725,-0.007683646186613491,0.09726302450494935,-0.03,0.05722620065535944,0.6362346521382022,1.0,0.0,-1875.463926371162,325.08823002848465,465.078,538.502,3.6456632396630795,0.0193761927768437,3.7730778566115033,68.49454373103129,-6.287074524472388,-3.5475999999999885,0.0,0.036780530368342716,final_approach,-6.549000054113835,-0.3952819288244189,-5.23666468786811,
33.842,63.94769512,-22.59883276,610.989,541.429,-0.691,-2.7084,356.4725,0.001,-0.0132,0.0011,69.327,73.972,-5.4378,124.1053,-13.6289,0.0,0.0,0.0,-0.03,1661.4,0.0,3.7,150.0,0,33.842,-0.007694282047526202,0.09727955882769229,-0.03,0.05722478295690281,0.6361697013402489,1.0,0.0,-1871.3661984587652,324.6370371697654,464.48900000000003,537.929,3.647758962139883,0.019132186967602657,3.7709819433725125,68.66861989785484,-6.286951405139149,-3.5474999999999,0.0,0.03654484889740944,final_approach,-6.549000054113835,-0.3954676579311158,-5.238604384151877,
33.925,63.9477234,-22.59883982,610.536,541.088,-0.6909,-2.7094,356.4726,0.001,-0.0132,0.0011,69.33,73.975,-5.4388,124.11,-13.6291,0.0,0.0,0.0,-0.03,1661.3,0.0,3.7,150.0,0,33.925,-0.007706154769902607,0.0972911810250514,-0.03,0.05722336524301663,0.6361192127302305,1.0,0.0,-1868.2137570327423,324.2900409952898,464.03599999999994,537.588,3.649377486275182,0.019193537604125333,3.7693684550276627,68.79149429790473,-6.286807196733804,-3.547399999999925,0.0,0.03650846066248632,final_approach,-6.549000054113835,-0.39568520038397104,-5.240111963151058,
34.008,63.94775167,-22.59884688,610.083,540.626,-0.6908,-2.7105,356.4727,0.0009,-0.0132,0.0011,69.334,73.978,-5.4398,124.1146,-13.6294,0.0,0.0,0.0,-0.03,1661.2,0.0,3.7,150.0,0,34.008,-0.00771505801140665,0.09730408745989201,-0.03,0.057221947513699356,0.6360683516517658,1.0,0.0,-1865.0624303741972,323.9430452097675,463.58299999999997,537.126,3.650998779786148,0.01925022412987501,3.7677520457510374,68.91389458347787,-6.286713621658123,-3.54729999999995,0.0,0.037570670700841476,final_approach,-6.549000054113835,-0.39582636095116186,-5.241630471978674,
34.133,63.94779409,-22.59885747,609.403,540.035,-0.6908,-2.7121,356.4729,0.0006,-0.0132,0.0012,69.338,73.982,-5.4413,124.1215,-13.6298,0.0,0.0,0.0,-0.03,1661.1,0.0,3.7,150.0,0,34.133,-0.007723681787651204,0.09732157072418227,-0.03,0.057219112008773165,0.6359912854358012,1.0,0.0,-1860.333768235559,323.4225509479673,462.903,536.535,3.653438201244824,0.019294415386463596,3.765324804305338,69.09741895658487,-6.286550466460909,-3.5471000000000004,0.0,0.03706424609166729,final_approach,-6.549000054113835,-0.39607248489309654,-5.243930994702708,
34.242,63.94783086,-22.59886665,608.813,539.55,-0.6907,-2.7135,356.473,0.0007,-0.0131,0.0012,69.342,73.986,-5.4427,124.1274,-13.6301,0.0,0.0,0.0,-0.03,1661.0,0.0,3.7,150.0,0,34.242,-0.0077364024337824855,0.0973359895474121,-0.03,0.057217694233164806,0.63592383221372,1.0,0.0,-1856.2349255556849,322.9713576999467,462.313,536.05,3.655556664948248,0.019317920625453684,3.763216772490483,69.25655562924408,-6.286391802287028,-3.5470000000000255,0.0,0.03703088260210378,final_approach,-6.549000054113835,-0.39631183382885204,-5.245944195053237,
34.308,63.94785631,-22.59887301,608.405,539.16,-0.6906,-2.7144,356.4731,0.0007,-0.0132,0.0013,69.345,73.988,-5.4437,124.1315,-13.6303,0.0,0.0,0.0,-0.03,1660.9,0.0,3.7,150.0,0,34.308,-0.007746510362551917,0.09734596490222,-0.03,0.05721627644212657,0.6358766180904701,1.0,0.0,-1853.397951329085,322.6587672584365,461.905,535.66,3.6570304144213965,0.01981985676653629,3.761752146663254,69.35246684853952,-6.286277687921768,-3.5469000000000506,0.0,0.03779667013414393,final_approach,-6.549000054113835,-0.3964839781381073,-5.247353140654891,
34.425,63.94789308,-22.59888219,607.815,538.649,-0.6906,-2.7158,356.4732,0.0005,-0.0134,0.0014,69.349,73.991,-5.4451,124.1374,-13.6307,0.0,0.0,0.0,-0.03,1660.8,0.0,3.7,150.0,0,34.425,-0.007752667116503464,0.09736096243808781,-0.03,0.05721485863565734,0.6358079014111863,1.0,0.0,-1849.2991086492104,322.20757401041595,461.31500000000005,535.149,3.659162240487352,0.019553336573189885,3.759638129135433,69.52186988893907,-6.286164654610474,-3.546799999999962,0.0,0.0374686123208651,final_approach,-6.549000054113835,-0.3966544915612449,-5.249403461450111,
34.508,63.94792137,-22.59888925,607.361,538.281,-0.6905,-2.7169,356.4733,0.0005,-0.0134,0.0014,69.352,73.994,-5.4462,124.1419,-13.6309,0.0,0.0,0.0,-0.03,1660.7,0.0,3.7,150.0,0,34.508,-0.007763948823507949,0.09737227109834498,-0.03,0.05721344081376045,0.6357545354950236,1.0,0.0,-1846.14555245571,321.8605774468132,460.861,534.781,3.660807295658545,0.019597770781258107,3.7580108823888003,69.64144095215129,-6.286030527478374,-3.546699999999987,0.0,0.037348245592900266,final_approach,-6.549000054113835,-0.3968568253959148,-5.250995515076653,
34.633,63.94796379,-22.59889985,606.68,537.57,-0.6904,-2.7186,356.4735,0.0007,-0.0133,0.0014,69.357,73.998,-5.4479,124.1486,-13.6312,0.0,0.0,0.0,-0.03,1660.5,0.0,3.7,150.0,0,34.633,-0.007778543418596018,0.09738931291718214,-0.03,0.057210605123678704,0.6356737319473681,1.0,0.0,-1841.4168904880926,321.33959324768813,460.17999999999995,534.07,3.6632809582420216,0.019629692429017354,3.755559087850167,69.8207131674986,-6.285831858330283,-3.5464999999999236,0.0,0.03758931417536057,final_approach,-6.549000054113835,-0.39715652210076513,-5.253405707664303,
34.733,63.94800057,-22.59890903,606.09,537.029,-0.6904,-2.72,356.4736,0.0006,-0.0133,0.0015,69.361,74.001,-5.4493,124.1543,-13.6315,0.0,0.0,0.0,-0.03,1660.4,0.0,3.7,150.0,0,34.733,-0.007786785174558164,0.09740536115253533,-0.03,0.05720918725549595,0.635602723558315,1.0,0.0,-1837.3169330415321,320.88839961054055,459.59000000000003,533.529,3.665438014412477,0.019953170641606937,3.753435520741112,69.96332100901436,-6.285683275588298,-3.5463999999999487,0.0,0.037808467432150626,final_approach,-6.549000054113835,-0.39738066219847745,-5.255523332929901,
34.808,63.94802603,-22.59891538,605.681,536.778,-0.6903,-2.7209,356.4737,0.0005,-0.0134,0.0015,69.364,74.004,-5.4504,124.1583,-13.6317,0.0,0.0,0.0,-0.03,1660.3,0.0,3.7,150.0,0,34.808,-0.007796596856752935,0.09741472713265256,-0.03,0.0572077693718851,0.6355532692864755,1.0,0.0,-1834.4788438756423,320.57629871705365,459.18100000000004,533.278,3.666931236877136,0.01994591434502589,3.7519660839356024,70.06981016278701,-6.2855742153346625,-3.546299999999974,0.0,0.03800769766559148,final_approach,-6.549000054113835,-0.3975451817176854,-5.256997946903663,
34.925,63.9480628,-22.59892457,605.091,536.261,-0.6903,-2.7224,356.4739,0.0003,-0.0134,0.0016,69.368,74.007,-5.4519,124.164,-13.6319,0.0,0.0,0.0,-0.03,1660.2,0.0,3.7,150.0,0,34.925,-0.007807038965455926,0.09742972373069432,-0.03,0.05720493355838063,0.6354810015965618,1.0,0.0,-1830.380001366788,320.1246155318823,458.591,532.761,3.669100135358672,0.019711194264068664,3.7498298953343236,70.23526800090625,-6.28538006023976,-3.546100000000024,0.0,0.03766045553126091,final_approach,-6.549000054113835,-0.3978380682577889,-5.2591524799281935,
35.008,63.94809109,-22.59893163,604.637,535.733,-0.6903,-2.7234,356.474,0.0003,-0.0134,0.0016,69.371,74.01,-5.4531,124.1683,-13.6321,0.0,0.0,0.0,-0.03,1660.1,0.0,3.7,150.0,0,35.008,-0.00781384248685818,0.09744066870986874,-0.03,0.057203515628487356,0.6354248804563895,1.0,0.0,-1827.2264451740798,319.7776189682797,458.13699999999994,532.233,3.6707738506562646,0.019786869311608255,3.7481899680617485,70.35205019345287,-6.285256001158359,-3.546000000000049,0.0,0.03752264851144192,final_approach,-6.549000054113835,-0.3980252135307243,-5.260825366019144,
35.133,63.94813353,-22.59894222,603.955,535.158,-0.6902,-2.7251,356.4742,0.0004,-0.0135,0.0016,69.375,74.014,-5.4548,124.1748,-13.6324,0.0,0.0,0.0,-0.03,1659.9,0.0,3.7,150.0,0,35.133,-0.007827845303918779,0.09745846126255854,-0.03,0.057200679722419046,0.6353400528353739,1.0,0.0,-1822.4955535004863,319.25712392805093,457.45500000000004,531.658,3.673286457390078,0.019839200071424562,3.745726513296248,70.52713246514217,-6.285067425914377,-3.5457999999999856,0.0,0.03702058955585985,final_approach,-6.549000054113835,-0.39830968234531383,-5.2633535074812485,
35.217,63.94816182,-22.59894929,603.5,534.853,-0.6902,-2.7262,356.4743,0.0005,-0.0135,0.0016,69.378,74.016,-5.456,124.1791,-13.6325,0.0,0.0,0.0,-0.03,1659.8,0.0,3.7,150.0,0,35.217,-0.007837321476035997,0.09746981832401343,-0.03,0.057199261746244456,0.6352830207568847,1.0,0.0,-1819.3419974780063,318.9096374271232,457.0,531.353,3.6749643093074793,0.01986173799087269,3.744075526330303,70.64415883845152,-6.284897798118266,-3.545699999999897,0.0,0.03690183466117157,final_approach,-6.549000054113835,-0.39856556841396795,-5.265052952209704,
35.333,63.94820144,-22.59895918,602.863,534.238,-0.6901,-2.7277,356.4745,0.0003,-0.0136,0.0017,69.382,74.02,-5.4577,124.1851,-13.6328,0.0,0.0,0.0,-0.03,1659.7,0.0,3.7,150.0,0,35.333,-0.007849854758750663,0.09748558984705938,-0.03,0.05719642574762085,0.6352022829535906,1.0,0.0,-1814.9254582363578,318.4235477307325,456.36300000000006,530.738,3.6773241503489826,0.01994202453478376,3.7417663235204635,70.80504631780454,-6.2847342804827235,-3.5454999999999472,0.0,0.03668191865749524,final_approach,-6.549000054113835,-0.39881223702247937,-5.267458371512319,
35.433,63.94823822,-22.59896836,602.272,533.687,-0.6901,-2.7291,356.4747,0.0003,-0.0137,0.0017,69.386,74.023,-5.4593,124.1906,-13.633,0.0,0.0,0.0,-0.03,1659.5,0.0,3.7,150.0,0,35.433,-0.007859705339229972,0.09750061851995029,-0.03,0.057193589687295376,0.6351263909468556,1.0,0.0,-1810.8255007890054,317.9723540937587,455.77200000000005,530.187,3.679526192211022,0.02028842354905176,3.739619500706427,70.94299144681584,-6.284550213590563,-3.5452999999999975,0.0,0.03698356241589624,final_approach,-6.549000054113835,-0.399089904242965,-5.269718982590497,
35.508,63.94826369,-22.59897472,601.863,533.3,-0.6901,-2.7301,356.4748,0.0002,-0.0138,0.0017,69.389,74.025,-5.4604,124.1944,-13.6331,0.0,0.0,0.0,-0.03,1659.4,0.0,3.7,150.0,0,35.508,-0.007867711889744222,0.09751165889616312,-0.03,0.05719217163399537,0.6350732784208667,1.0,0.0,-1807.9862970274505,317.65976287381994,455.36300000000006,529.8,3.6810581326094187,0.02031133162064718,3.738129046622551,71.04599364669549,-6.2844056444992304,-3.5452000000000226,0.0,0.03725778401445112,final_approach,-6.549000054113835,-0.3993079883672017,-5.271300804542076,
35.625,63.94830047,-22.5989839,601.271,532.835,-0.69,-2.7316,356.475,0.0002,-0.0138,0.0017,69.392,74.028,-5.462,124.1998,-13.6333,0.0,0.0,0.0,-0.03,1659.3,0.0,3.7,150.0,0,35.625,-0.007881155407227447,0.09752612466891825,-0.03,0.05718933548112015,0.6349962662164979,1.0,0.0,-1803.8863395800981,317.2085692368462,454.77099999999996,529.335,3.6832662850634956,0.020071626000221592,3.7359760695568736,71.20602347161153,-6.284226609279585,-3.544999999999959,0.0,0.03620171507141259,final_approach,-6.549000054113835,-0.39957806483529623,-5.273594049636031,
35.708,63.94832877,-22.59899096,600.816,532.385,-0.69,-2.7327,356.4751,0.0002,-0.0138,0.0017,69.395,74.031,-5.4633,124.2039,-13.6334,0.0,0.0,0.0,-0.03,1659.2,0.0,3.7,150.0,0,35.708,-0.007890041157408212,0.09753720673930881,-0.03,0.05718791738154727,0.6349362975427841,1.0,0.0,-1800.73166861912,316.86157228411605,454.31600000000003,528.885,3.68497516349829,0.0201578378009769,3.7343189916588813,71.31896861631442,-6.2840670507371215,-3.544899999999984,0.0,0.03619652082067099,final_approach,-6.549000054113835,-0.39981876034537933,-5.275379476289849,
35.817,63.94836273,-22.59899944,600.269,531.937,-0.69,-2.7341,356.4753,0.0001,-0.0139,0.0017,69.399,74.034,-5.4648,124.2089,-13.6336,0.0,0.0,0.0,-0.03,1659.0,0.0,3.7,150.0,0,35.817,-0.007898421357530272,0.09755206808091463,-0.03,0.05718508113612908,0.6348639619226245,1.0,0.0,-1796.946063603713,316.4447839908063,453.769,528.437,3.6870243366593742,0.019931490462716337,3.732323035044095,71.46666624116162,-6.283908055456777,-3.5446999999999207,0.0,0.036242041446652384,final_approach,-6.549000054113835,-0.400058605990834,-5.277532748756016,
35.95,63.94840801,-22.59901074,599.541,531.296,-0.69,-2.7359,356.4755,0.0001,-0.0139,0.0018,69.403,74.038,-5.4669,124.2154,-13.6338,0.0,0.0,0.0,-0.03,1658.9,0.0,3.7,150.0,0,35.95,-0.007911201950565494,0.09756954633127987,-0.03,0.057182244829020235,0.6347660037571781,1.0,0.0,-1791.8985901350309,315.88939289133435,453.04100000000005,527.796,3.689778653066809,0.020061099705690665,3.729660740065057,71.64587556592113,-6.2836740343392705,-3.544499999999971,0.0,0.0356814184033168,final_approach,-6.549000054113835,-0.4004116283840311,-5.280448136849735,
36.042,63.94844198,-22.59901922,598.994,530.827,-0.69,-2.7372,356.4757,0.0001,-0.0138,0.0018,69.407,74.04,-5.4685,124.2203,-13.6339,0.0,0.0,0.0,-0.03,1658.7,0.0,3.7,150.0,0,36.042,-0.007921960095718772,0.09758359346694075,-0.03,0.05717940846022118,0.6346919014955551,1.0,0.0,-1788.1118703521463,315.4726042090714,452.494,527.327,3.6918466992563808,0.0204640435764301,3.7276583304704873,71.76910611392226,-6.283474496236522,-3.544300000000021,0.0,0.036390222263875685,final_approach,-6.549000054113835,-0.4007126326174095,-5.282653069273451,
36.125,63.94847028,-22.59902628,598.538,530.378,-0.69,-2.7384,356.4758,0.0001,-0.0139,0.0018,69.41,74.043,-5.4698,124.2243,-13.634,0.0,0.0,0.0,-0.03,1658.6,0.0,3.7,150.0,0,36.125,-0.007930549604595938,0.09759569396680325,-0.03,0.05717799025268877,0.6346296926792309,1.0,0.0,-1784.9571993911682,315.1256072561672,452.038,526.878,3.6935727082269896,0.020519251114111126,3.7259903965194776,71.87980212325152,-6.283319990257752,-3.544200000000046,0.0,0.03636789099563745,final_approach,-6.549000054113835,-0.40094570547154973,-5.2845037990125405,
36.217,63.94849858,-22.59903335,598.082,529.984,-0.69,-2.7395,356.476,0.0001,-0.014,0.0018,69.412,74.045,-5.4711,124.2283,-13.6341,0.0,0.0,0.0,-0.03,1658.5,0.0,3.7,150.0,0,36.217,-0.00793866599384524,0.0976069790493166,-0.03,0.057175153791357514,0.6345669685008226,1.0,0.0,-1781.8025286020027,314.7781203661126,451.582,526.484,3.695303819980139,0.02023544794500085,3.7243144995186728,72.00200766402926,-6.283165494137364,-3.5439999999999827,0.0,0.035038003671932834,final_approach,-6.549000054113835,-0.401178763285456,-5.286369574623318,
36.308,63.94852972,-22.59904112,597.581,529.577,-0.6899,-2.7407,356.4761,0.0,-0.0141,0.0018,69.415,74.048,-5.4726,124.2327,-13.6342,0.0,0.0,0.0,-0.03,1658.4,0.0,3.7,150.0,0,36.308,-0.007952315854995562,0.09761949594666125,-0.03,0.05717373553756089,0.6344971221079736,1.0,0.0,-1778.3312758459363,314.3962273539652,451.081,526.077,3.6972208000958626,0.020373825880401254,3.722473379157289,72.12234665161836,-6.282991002705415,-3.543900000000008,0.0,0.034849733607851104,final_approach,-6.549000054113835,-0.4014419838776053,-5.288446867596132,
36.442,63.94857501,-22.59905242,596.851,528.922,-0.6899,-2.7426,356.4764,-0.0,-0.0142,0.0018,69.42,74.052,-5.4747,124.239,-13.6344,0.0,0.0,0.0,-0.03,1658.2,0.0,3.7,150.0,0,36.442,-0.007964032039876667,0.09764001751499557,-0.03,0.05716948068364602,0.634394804524668,1.0,0.0,-1773.2826876105687,313.8408358653662,450.351,525.422,3.7000090040371227,0.020446103583493715,3.7197913109553733,72.29865220557582,-6.282767075252906,-3.5435999999999694,0.0,0.03507370626493617,final_approach,-6.549000054113835,-0.40177977846651913,-5.291489239876299,
36.533,63.94860615,-22.59906019,596.349,528.488,-0.6899,-2.7439,356.4765,-0.0,-0.0142,0.0018,69.423,74.054,-5.4762,124.2433,-13.6345,0.0,0.0,0.0,-0.03,1658.0,0.0,3.7,150.0,0,36.533,-0.007973498865348427,0.09765310829148909,-0.03,0.05716806236816818,0.634323690862666,1.0,0.0,-1769.8114348545023,313.4589428532189,449.84900000000005,524.988,3.701933171223046,0.02056253537804535,3.717943664898807,72.41767916739137,-6.2825976132284325,-3.5434999999999945,0.0,0.03488219051058142,final_approach,-6.549000054113835,-0.4020354117144951,-5.293603326799065,
36.617,63.94863729,-22.59906796,595.847,528.124,-0.6899,-2.7451,356.4767,-0.0,-0.0143,0.0018,69.426,74.057,-5.4777,124.2476,-13.6346,0.0,0.0,0.0,-0.03,1657.9,0.0,3.7,150.0,0,36.617,-0.007982492447955292,0.09766649587423745,-0.03,0.057165225690953836,0.6342519308095589,1.0,0.0,-1766.340182099228,313.0770498410718,449.347,524.624,3.7038636439401906,0.020965749158579138,3.7160933500051208,72.5270615071231,-6.28242816282355,-3.5433000000000447,0.0,0.03495783552910026,final_approach,-6.549000054113835,-0.40229102723069765,-5.295736256731324,
36.708,63.94866843,-22.59907573,595.345,527.722,-0.6899,-2.7464,356.4768,-0.0001,-0.0144,0.0018,69.429,74.059,-5.4793,124.2518,-13.6347,0.0,0.0,0.0,-0.03,1657.8,0.0,3.7,150.0,0,36.708,-0.007991664697820589,0.09767856135600081,-0.03,0.05716380732921644,0.6341795188612755,1.0,0.0,-1762.8689293439538,312.6951568289248,448.845,524.222,3.705800453231426,0.02101872739631686,3.7142403604920995,72.6450586266896,-6.282263723969237,-3.543199999999956,0.0,0.034776853478003314,final_approach,-6.549000054113835,-0.40253908264046423,-5.297888183454209,
36.833,63.9487109,-22.59908633,594.659,527.132,-0.69,-2.7482,356.477,-0.0002,-0.0146,0.0018,69.433,74.062,-5.4814,124.2576,-13.6348,0.0,0.0,0.0,-0.03,1657.6,0.0,3.7,150.0,0,36.833,-0.008001167390959352,0.09769653792652329,-0.03,0.05716097055948899,0.6340801212064925,1.0,0.0,-1758.1346935389477,312.17417068416336,448.159,523.632,3.7084410672608152,0.0210364248694495,3.711707137986358,72.80633427466003,-6.2820193029382665,-3.5430000000000064,0.0,0.03452441225273384,final_approach,-6.549000054113835,-0.40290779051608716,-5.300841446891315,
36.925,63.94873921,-22.59909339,594.203,526.729,-0.69,-2.7494,356.4772,-0.0001,-0.0146,0.0017,69.436,74.065,-5.4828,124.2614,-13.6348,0.0,0.0,0.0,-0.03,1657.5,0.0,3.7,150.0,0,36.925,-0.008011364903143248,0.09770936888900829,-0.03,0.05715813372808731,0.6340127806507735,1.0,0.0,-1754.9789078112838,311.8271733421322,447.703,523.229,3.7102184341910887,0.02075022168518154,3.7100191349227063,72.92438327663062,-6.281829327270998,-3.542799999999943,0.0,0.034350256198137634,final_approach,-6.549000054113835,-0.40319436754567484,-5.302841835243612,
37.008,63.94877035,-22.59910116,593.7,526.254,-0.69,-2.7507,356.4773,-0.0002,-0.0147,0.0017,69.439,74.067,-5.4844,124.2655,-13.6349,0.0,0.0,0.0,-0.03,1657.3,0.0,3.7,150.0,0,37.008,-0.008020241782509097,0.09772227787869665,-0.03,0.057156715289260696,0.6339385144509039,1.0,0.0,-1751.5076550560095,311.44528032998517,447.20000000000005,522.754,3.712167911461046,0.021206464396200286,3.7081573512250254,73.03040287638363,-6.281669925455191,-3.542699999999968,0.0,0.03451337639040519,final_approach,-6.549000054113835,-0.40343482392579055,-5.305047572536765,
37.133,63.94881282,-22.59911176,593.014,525.641,-0.69,-2.7525,356.4775,-0.0003,-0.0147,0.0018,69.443,74.07,-5.4866,124.2711,-13.635,0.0,0.0,0.0,-0.03,1657.1,0.0,3.7,150.0,0,37.133,-0.008033043238148518,0.0977399989871836,-0.03,0.057153878365356015,0.6338361401286677,1.0,0.0,-1746.773419251003,310.9242941852237,446.514,522.141,3.7148371803567364,0.021231078857753827,3.7056120999655584,73.18931104356106,-6.281435555530123,-3.542500000000018,0.0,0.03428488762764464,final_approach,-6.549000054113835,-0.40378836877818003,-5.308087478174919,
37.217,63.94884114,-22.59911883,592.557,525.155,-0.69,-2.7537,356.4777,-0.0003,-0.0147,0.0018,69.445,74.073,-5.4881,124.2748,-13.6351,0.0,0.0,0.0,-0.03,1657.0,0.0,3.7,150.0,0,37.217,-0.008040273402861231,0.09775098780499236,-0.03,0.05715104137978322,0.6337670314985008,1.0,0.0,-1743.616518926882,310.5768065169145,446.057,521.655,3.7166274780123847,0.021244743602986112,3.7039110937447166,73.29550950451365,-6.281296171846094,-3.5422999999999547,0.0,0.033332581825992344,final_approach,-6.549000054113835,-0.4039986275837997,-5.310139162948698,
37.317,63.94887228,-22.5991266,592.054,524.731,-0.69,-2.755,356.4778,-0.0003,-0.0148,0.0018,69.448,74.075,-5.4898,124.2789,-13.6351,0.0,0.0,0.0,-0.03,1656.8,0.0,3.7,150.0,0,37.317,-0.00805182028113699,0.09776329644857813,-0.03,0.05714962286387326,0.6336905453307462,1.0,0.0,-1740.1452661708156,310.1949135045931,445.554,521.231,3.718598174586397,0.02098844729250884,3.7020404490907173,73.42139518440767,-6.2810912502455665,-3.54219999999998,0.0,0.033029619841811284,final_approach,-6.549000054113835,-0.4043077493883196,-5.312409468453893,
37.425,63.94890626,-22.59913507,591.505,524.305,-0.6901,-2.7564,356.478,-0.0003,-0.0148,0.0018,69.451,74.078,-5.4916,124.2833,-13.6352,0.0,0.0,0.0,-0.03,1656.7,0.0,3.7,150.0,0,37.425,-0.00805721300993395,0.0977776814961852,-0.03,0.057146785785804455,0.6336063368007487,1.0,0.0,-1736.3574314494326,309.7786143705277,445.005,520.805,3.7207550255116395,0.020818846393823105,3.7000011348351474,73.556678284306,-6.280916901904078,-3.5419999999999163,0.0,0.032552179654172037,final_approach,-6.549000054113835,-0.4045707515583157,-5.314908505099773,
37.517,63.94894308,-22.59914426,590.91,523.777,-0.6901,-2.758,356.4782,-0.0004,-0.0148,0.0018,69.455,74.08,-5.4936,124.288,-13.6352,0.0,0.0,0.0,-0.03,1656.5,0.0,3.7,150.0,0,37.517,-0.008070044433768853,0.09779363997637812,-0.03,0.057143948646076415,0.6335141921551639,1.0,0.0,-1732.2530151039819,309.32692923972024,444.40999999999997,520.277,3.723100027740562,0.021597231105219022,3.6977806620839764,73.67130029181253,-6.280682022963646,-3.5417999999999665,0.0,0.033545459764666906,final_approach,-6.549000054113835,-0.4049250629942023,-5.317642474153619,
37.608,63.94897423,-22.59915203,590.406,523.267,-0.6901,-2.7593,356.4783,-0.0004,-0.0149,0.0018,69.458,74.083,-5.4953,124.292,-13.6353,0.0,0.0,0.0,-0.03,1656.4,0.0,3.7,150.0,0,37.608,-0.00807862417796068,0.09780687155393845,-0.03,0.057142530053090446,0.6334356776917329,1.0,0.0,-1728.78064758123,308.94503583844596,443.90599999999995,519.767,3.7250859069040163,0.02163483391269079,3.695901951980776,73.78415775855761,-6.280527689359019,-3.5416999999999916,0.0,0.03349287551033686,final_approach,-6.549000054113835,-0.4051578727581475,-5.3199715476548235,
37.75,63.94901954,-22.59916333,589.673,522.637,-0.6902,-2.7613,356.4786,-0.0005,-0.0151,0.0018,69.462,74.086,-5.4978,124.2977,-13.6354,0.0,0.0,0.0,-0.03,1656.1,0.0,3.7,150.0,0,37.75,-0.008087351997727588,0.09782590417722345,-0.03,0.057138274181647075,0.6333201746081281,1.0,0.0,-1723.7298298101152,308.3896435715921,443.173,519.137,3.7279872622197874,0.021434374875330363,3.6931655351870676,73.95934225116368,-6.280288423295275,-3.541400000000067,0.0,0.03300888810799177,final_approach,-6.549000054113835,-0.405518801436072,-5.323397055240871,
37.842,63.94905069,-22.59917111,589.169,522.312,-0.6902,-2.7626,356.4787,-0.0004,-0.0152,0.0018,69.465,74.088,-5.4996,124.3015,-13.6354,0.0,0.0,0.0,-0.03,1656.0,0.0,3.7,150.0,0,37.842,-0.008098015742351417,0.09783831613097728,-0.03,0.05713685552700365,0.6332399153635864,1.0,0.0,-1720.2574624583833,308.0072602329929,442.669,518.812,3.7299894966806324,0.021489215404885895,3.6912742394018756,74.07213083161841,-6.280098560570423,-3.5412999999999784,0.0,0.03297250697564484,final_approach,-6.549000054113835,-0.4058052057488091,-5.325776761919396,
37.942,63.94908468,-22.59917958,588.619,521.671,-0.6903,-2.7641,356.4789,-0.0004,-0.0153,0.0018,69.468,74.091,-5.5015,124.3057,-13.6354,0.0,0.0,0.0,-0.03,1655.8,0.0,3.7,150.0,0,37.942,-0.008105489952707712,0.09785299058762356,-0.03,0.05713401817147912,0.633151532368954,1.0,0.0,-1716.468512969523,307.5909607096263,442.119,518.171,3.732181531680956,0.02156107117127736,3.6892186800020452,74.19414559684655,-6.279888725640319,-3.541099999999915,0.0,0.0327022790687681,final_approach,-6.549000054113835,-0.40612173745347313,-5.328396805042772,
38.042,63.94911867,-22.59918806,588.069,520.989,-0.6903,-2.7656,356.4791,-0.0004,-0.0154,0.0019,69.471,74.093,-5.5035,124.3099,-13.6355,0.0,0.0,0.0,-0.03,1655.7,0.0,3.7,150.0,0,38.042,-0.008114180375533242,0.09786644434512158,-0.03,0.0571311807543059,0.6330622827229875,1.0,0.0,-1712.6795636516827,307.1741712491087,441.56899999999996,517.489,3.7343816109065937,0.021634358018794094,3.6871539783621357,74.31554717602661,-6.279724447842284,-3.540899999999965,0.0,0.0324566173352438,final_approach,-6.549000054113835,-0.4063695469351174,-5.331041971177402,
38.142,63.94915266,-22.59919654,587.518,520.44,-0.6904,-2.7671,356.4793,-0.0003,-0.0154,0.0019,69.474,74.096,-5.5054,124.314,-13.6355,0.0,0.0,0.0,-0.03,1655.5,0.0,3.7,150.0,0,38.142,-0.00812136003498598,0.09788175139494394,-0.03,0.05712834327548466,0.6329725041145083,1.0,0.0,-1708.8906143330503,306.7573817884169,441.01800000000003,516.94,3.7365813304001922,0.021694830838325928,3.685085982107571,74.43633728365062,-6.27951963470548,-3.5407000000000153,0.0,0.03223328848658533,final_approach,-6.549000054113835,-0.40667850282179785,-5.333702239251611,
38.25,63.94918948,-22.59920572,586.922,519.667,-0.6904,-2.7688,356.4795,-0.0001,-0.0155,0.0019,69.477,74.098,-5.5076,124.3185,-13.6355,0.0,0.0,0.0,-0.03,1655.3,0.0,3.7,150.0,0,38.25,-0.00813359925354401,0.09789638971378964,-0.03,0.0571255057350174,0.6328739544212125,1.0,0.0,-1704.7861978165795,306.3061865949344,440.422,516.167,3.73898075907851,0.02178184773304605,3.6828456283102127,74.56611379728697,-6.2792948551650625,-3.5405000000000655,0.0,0.031828242058512084,final_approach,-6.549000054113835,-0.4070175772208344,-5.3366217434822545,
38.342,63.94922347,-22.5992142,586.371,519.019,-0.6904,-2.7703,356.4796,-0.0001,-0.0156,0.0019,69.48,74.101,-5.5096,124.3225,-13.6356,0.0,0.0,0.0,-0.03,1655.1,0.0,3.7,150.0,0,38.342,-0.00814217434172021,0.09791092260512069,-0.03,0.05712408694166593,0.6327823357822067,1.0,0.0,-1700.9972484987393,305.8893971344168,439.871,515.519,3.7411974224610574,0.022167234311138675,3.680770746009222,74.67607529027481,-6.279140603234936,-3.540399999999977,0.0,0.03189919238520877,final_approach,-6.549000054113835,-0.4072502622474037,-5.339335295187066,
38.433,63.9492518,-22.59922127,585.912,518.346,-0.6904,-2.7716,356.4798,-0.0,-0.0157,0.0019,69.482,74.103,-5.5113,124.3259,-13.6356,0.0,0.0,0.0,-0.03,1655.0,0.0,3.7,150.0,0,38.433,-0.008151189509478796,0.0979223585483602,-0.03,0.05712124930873286,0.6327052022989833,1.0,0.0,-1697.8392334071402,305.5419090768063,439.41200000000003,514.846,3.7430533328941697,0.021871798616630897,3.679037609340727,74.78435028434431,-6.278970790050067,-3.5401999999999134,0.0,0.03099726780273256,final_approach,-6.549000054113835,-0.40750642082454647,-5.341619362709665,
38.517,63.94928296,-22.59922904,585.406,517.772,-0.6904,-2.773,356.48,-0.0,-0.0157,0.0019,69.485,74.105,-5.5132,124.3296,-13.6356,0.0,0.0,0.0,-0.03,1654.8,0.0,3.7,150.0,0,38.517,-0.008161082958462074,0.09793538096381271,-0.03,0.05711841161416176,0.6326200479101807,1.0,0.0,-1694.3657511169106,305.16001528640464,438.90599999999995,514.272,3.745091479556848,0.02227044063822045,3.6771323530036004,74.88383322120046,-6.2787860037764744,-3.5399999999999636,0.0,0.03142608761287376,final_approach,-6.549000054113835,-0.4077851656638405,-5.344140451947506,
38.617,63.94931412,-22.59923681,584.901,517.061,-0.6904,-2.7744,356.4801,-0.0001,-0.0158,0.0019,69.488,74.107,-5.5151,124.3332,-13.6356,0.0,0.0,0.0,-0.03,1654.6,0.0,3.7,150.0,0,38.617,-0.008171155591453205,0.09794892185528765,-0.03,0.05711699274376181,0.6325337743498377,1.0,0.0,-1690.892268826681,304.7781214960031,438.40099999999995,513.561,3.7471450793449392,0.02198136684533603,3.6752242990324238,75.0017428736997,-6.278606222157208,-3.5398999999999887,0.0,0.031296443284430944,final_approach,-6.549000054113835,-0.40805636088866315,-5.346694149104387,
38.708,63.94934811,-22.59924529,584.349,516.411,-0.6904,-2.7759,356.4803,-0.0002,-0.0159,0.0019,69.49,74.109,-5.5172,124.3371,-13.6356,0.0,0.0,0.0,-0.03,1654.5,0.0,3.7,150.0,0,38.708,-0.008181633633441432,0.09796219757342892,-0.03,0.057114154956735,0.632439195574912,1.0,0.0,-1687.1033195080486,304.3613320354853,437.84900000000005,512.911,3.7493834752545743,0.022417431912569424,3.67313720981202,75.1084930730757,-6.2784114703448495,-3.539700000000039,0.0,0.030449314074752723,final_approach,-6.549000054113835,-0.4083501379419374,-5.349493072513269,
38.833,63.94938777,-22.59925518,583.705,515.511,-0.6904,-2.7778,356.4805,-0.0002,-0.016,0.0019,69.494,74.112,-5.5197,124.3416,-13.6356,0.0,0.0,0.0,-0.03,1654.2,0.0,3.7,150.0,0,38.833,-0.008193868288009276,0.09797907819866208,-0.03,0.05711131710807249,0.6323276455498568,1.0,0.0,-1682.6823211964893,303.8752407825854,437.20500000000004,512.011,3.7520064989940227,0.022178558246405786,3.670700435724598,75.25437857307013,-6.278186771715497,-3.5394999999999754,0.0,0.03059028552250603,final_approach,-6.549000054113835,-0.4086890884980132,-5.352793419377708,
38.925,63.94941894,-22.59926295,583.199,514.98,-0.6904,-2.7792,356.4807,-0.0002,-0.0159,0.0019,69.496,74.114,-5.5216,124.3452,-13.6356,0.0,0.0,0.0,-0.03,1654.1,0.0,3.7,150.0,0,38.925,-0.00820346626418128,0.09799269788395555,-0.03,0.057108479197778395,0.6322390346188795,1.0,0.0,-1679.207724138782,303.49334660305664,436.69899999999996,511.48,3.7540772188898877,0.02223343603118048,3.668783781226985,75.36112658665226,-6.278007024382589,-3.539299999999912,0.0,0.02978563505998114,final_approach,-6.549000054113835,-0.4089602312270113,-5.355414455557874,
39.025,63.94945294,-22.59927143,582.647,514.177,-0.6904,-2.7807,356.4809,-0.0002,-0.016,0.0019,69.499,74.116,-5.5238,124.349,-13.6356,0.0,0.0,0.0,-0.03,1653.9,0.0,3.7,150.0,0,39.025,-0.008213649353938313,0.09800670130011088,-0.03,0.05710564122585626,0.6321414984178632,1.0,0.0,-1675.417660053464,303.0765567532378,436.14700000000005,510.677,3.7563435300620434,0.022305048646243178,3.6666872028022537,75.47659155164365,-6.277817302243619,-3.539099999999962,0.0,0.0298051227818011,final_approach,-6.549000054113835,-0.4092464203583468,-5.358298850683269,
39.125,63.94948694,-22.59927991,582.095,513.489,-0.6905,-2.7823,356.481,-0.0002,-0.0161,0.0019,69.502,74.119,-5.526,124.3528,-13.6355,0.0,0.0,0.0,-0.03,1653.7,0.0,3.7,150.0,0,39.125,-0.008223086528849843,0.09802113833326549,-0.03,0.05710422221678502,0.632043012730592,1.0,0.0,-1671.627595968146,302.65976690359304,435.595,509.98900000000003,3.758618329563929,0.02237887304167838,3.66458725151311,75.59146163828949,-6.277582063786866,-3.5389999999999873,0.0,0.02982283889254652,final_approach,-6.549000054113835,-0.40960126888314186,-5.361210641721716,
39.217,63.94952094,-22.59928839,581.542,512.929,-0.6905,-2.7839,356.4812,-0.0002,-0.0162,0.0019,69.505,74.121,-5.5282,124.3565,-13.6355,0.0,0.0,0.0,-0.03,1653.5,0.0,3.7,150.0,0,39.217,-0.00823297542535184,0.09803583304741909,-0.03,0.05710138415242316,0.63194394504811,1.0,0.0,-1667.837531882828,302.2429770537742,435.04200000000003,509.429,3.7608930450804534,0.02276992231104469,3.6624839192153162,75.69659634316655,-6.27739735782211,-3.5388000000000375,0.0,0.030076098597967345,final_approach,-6.549000054113835,-0.40987989072969633,-5.364138948474128,
39.317,63.9495521,-22.59929616,581.035,512.287,-0.6905,-2.7854,356.4814,-0.0003,-0.0164,0.0019,69.507,74.123,-5.5302,124.3599,-13.6355,0.0,0.0,0.0,-0.03,1653.3,0.0,3.7,150.0,0,39.317,-0.008241985310658617,0.0980491834263834,-0.03,0.05709854602643627,0.631852380746282,1.0,0.0,-1664.3640495925981,301.86108326337256,434.53499999999997,508.78700000000003,3.7629836081544488,0.022459207049196118,3.660554290742584,75.81032978443025,-6.277227637591835,-3.538599999999974,0.0,0.029160089634524423,final_approach,-6.549000054113835,-0.41013590695448343,-5.3668448496244,
39.417,63.94958611,-22.59930464,580.482,511.472,-0.6905,-2.787,356.4816,-0.0003,-0.0165,0.0019,69.51,74.125,-5.5325,124.3636,-13.6355,0.0,0.0,0.0,-0.03,1653.1,0.0,3.7,150.0,0,39.417,-0.00825187302154995,0.0980631527661262,-0.03,0.057095707838828114,0.6317513703704198,1.0,0.0,-1660.5728707398025,301.44429302460054,433.98199999999997,507.972,3.765276834679311,0.02253805008243388,3.658445314788682,75.92347321662768,-6.277042952466246,-3.5383999999999105,0.0,0.029236445122294993,final_approach,-6.549000054113835,-0.41041449689256027,-5.3698292150257885,
39.525,63.94962294,-22.59931382,579.882,510.803,-0.6905,-2.7887,356.4818,-0.0003,-0.0165,0.0019,69.513,74.127,-5.5349,124.3675,-13.6354,0.0,0.0,0.0,-0.03,1652.9,0.0,3.7,150.0,0,39.525,-0.008265015919028729,0.09807979771407832,-0.03,0.05709286958960258,0.6316413199449766,1.0,0.0,-1656.467339455854,300.99309744199064,433.38199999999995,507.303,3.7677600279557497,0.02261379679159415,3.6561594897456158,76.04501393794035,-6.276802773585985,-3.5381999999999607,0.0,0.02910383900006632,final_approach,-6.549000054113835,-0.41077679651438714,-5.373079852589306,
39.617,63.94965695,-22.5993223,579.329,510.132,-0.6906,-2.7903,356.482,-0.0004,-0.0165,0.002,69.516,74.129,-5.5372,124.3711,-13.6354,0.0,0.0,0.0,-0.03,1652.7,0.0,3.7,150.0,0,39.617,-0.008270720904672846,0.0980947019115139,-0.03,0.057090031278760556,0.6315382591206625,1.0,0.0,-1652.6761606030584,300.57630720304456,432.82899999999995,506.632,3.770071319065533,0.023031952235355906,3.6540434146937724,76.14798122268249,-6.276623102793934,-3.538000000000011,0.0,0.029422462332076255,final_approach,-6.549000054113835,-0.41104782198634915,-5.376123261531056,
39.708,63.94968812,-22.59933007,578.821,509.467,-0.6906,-2.7918,356.4821,-0.0005,-0.0166,0.002,69.518,74.131,-5.5394,124.3744,-13.6353,0.0,0.0,0.0,-0.03,1652.5,0.0,3.7,150.0,0,39.708,-0.008282578672491103,0.09810633320246614,-0.03,0.05708861210023408,0.6314433867233518,1.0,0.0,-1649.2015635453508,300.1944130235157,432.321,505.967,3.772187045841735,0.023068250995035,3.6521021542184604,76.24934030900756,-6.276412893524395,-3.537900000000036,0.0,0.02874569502715755,final_approach,-6.549000054113835,-0.4113649131086863,-5.378924205410662,
39.817,63.94973063,-22.59934067,578.128,508.61,-0.6907,-2.7938,356.4824,-0.0004,-0.0168,0.002,69.522,74.134,-5.5423,124.3788,-13.6353,0.0,0.0,0.0,-0.03,1652.3,0.0,3.7,150.0,0,39.817,-0.00829015133254618,0.0981256282198187,-0.03,0.05708435447223448,0.6313127137744835,1.0,0.0,-1644.4628686712258,299.67342532224546,431.62800000000004,505.11,3.775082764173009,0.02365124636631214,3.64944810381312,76.3700908825338,-6.276193322932414,-3.5375999999999976,0.0,0.02946856345254925,final_approach,-6.549000054113835,-0.4116961250177713,-5.382781065998717,
39.908,63.9497618,-22.59934844,577.62,507.934,-0.6907,-2.7954,356.4825,-0.0003,-0.017,0.002,69.524,74.136,-5.5445,124.382,-13.6352,0.0,0.0,0.0,-0.03,1652.1,0.0,3.7,150.0,0,39.908,-0.008301715053116498,0.0981381745738711,-0.03,0.05708293523209507,0.6312158413291806,1.0,0.0,-1640.9882716135182,299.29153114271656,431.12,504.434,3.7772159453882495,0.023616297274564668,3.647500026574768,76.47035744260842,-6.275988127505855,-3.537499999999909,0.0,0.028787605136678454,final_approach,-6.549000054113835,-0.4120056523495723,-5.385639520806205,
40.008,63.94979581,-22.59935692,577.066,507.229,-0.6907,-2.797,356.4827,-0.0003,-0.0171,0.0019,69.527,74.138,-5.5469,124.3855,-13.6352,0.0,0.0,0.0,-0.03,1651.9,0.0,3.7,150.0,0,40.008,-0.008311013487849295,0.0981531577420794,-0.03,0.057080096705613315,0.6311090479962078,1.0,0.0,-1637.1970927607226,298.8747409037705,430.56600000000003,503.729,3.779554487556707,0.02357781800956656,3.6453699301381026,76.57999324414686,-6.275813490171686,-3.5372999999999593,0.0,0.028897822851525933,final_approach,-6.549000054113835,-0.41226908404260065,-5.388789955278451,
40.108,63.94982982,-22.59936539,576.511,506.464,-0.6908,-2.7987,356.4829,-0.0003,-0.0172,0.0019,69.529,74.14,-5.5493,124.3889,-13.6351,0.0,0.0,0.0,-0.03,1651.7,0.0,3.7,150.0,0,40.108,-0.008318799858474224,0.09816746357416793,-0.03,0.05707725811752562,0.6310016245259723,1.0,0.0,-1633.4059137369065,298.45844060232326,430.01099999999997,502.964,3.78189319080313,0.023546020418677063,3.643242342564491,76.68905083425615,-6.275598336866807,-3.5371000000000095,0.0,0.02808892986501944,final_approach,-6.549000054113835,-0.41259363174815356,-5.391958175964138,
40.225,63.9498695,-22.59937529,575.863,505.763,-0.6908,-2.8007,356.4831,-0.0003,-0.0173,0.002,69.532,74.142,-5.5522,124.3928,-13.6351,0.0,0.0,0.0,-0.03,1651.4,0.0,3.7,150.0,0,40.225,-0.00832926770515674,0.09818368826165903,-0.03,0.05707441946783409,0.6308751721907059,1.0,0.0,-1628.982686061412,297.971858633844,429.36300000000006,502.263,3.784628949955704,0.023518776492165307,3.640744988146264,76.81593069961566,-6.275403764323244,-3.5369000000000597,0.0,0.02786639311738364,final_approach,-6.549000054113835,-0.41288713414263434,-5.395686580990933,
40.317,63.94990351,-22.59938376,575.308,504.956,-0.6908,-2.8024,356.4833,-0.0002,-0.0172,0.002,69.535,74.144,-5.5547,124.3961,-13.635,0.0,0.0,0.0,-0.03,1651.2,0.0,3.7,150.0,0,40.317,-0.008340648829206099,0.0981983659331392,-0.03,0.05707158075653973,0.6307654889816714,1.0,0.0,-1625.191507037596,297.55555833239686,428.808,501.456,3.786987097728799,0.023870987245455163,3.638609896381579,76.91511395593727,-6.2751936230894785,-3.536699999999996,0.0,0.028297511529637453,final_approach,-6.549000054113835,-0.41320412077342894,-5.39891965279903,
40.417,63.94993752,-22.59939224,574.752,504.373,-0.6908,-2.8041,356.4835,-0.0003,-0.0173,0.0019,69.537,74.146,-5.5572,124.3994,-13.6349,0.0,0.0,0.0,-0.03,1651.0,0.0,3.7,150.0,0,40.417,-0.008352029338683287,0.09821237940655443,-0.03,0.0570687419836462,0.6306551601611121,1.0,0.0,-1621.4003281848004,297.1387680934508,428.25199999999995,500.873,3.7893454823263566,0.023823130367141645,3.63646535184325,77.02237677793514,-6.274983492835787,-3.5364999999999327,0.0,0.027543192299679067,final_approach,-6.549000054113835,-0.41352109051953967,-5.402170911694775,
40.508,63.9499687,-22.59940001,574.243,503.702,-0.6909,-2.8056,356.4837,-0.0003,-0.0174,0.002,69.54,74.148,-5.5595,124.4024,-13.6348,0.0,0.0,0.0,-0.03,1650.8,0.0,3.7,150.0,0,40.508,-0.008358642659548998,0.098226774283654,-0.03,0.057065903149157604,0.6305527714952365,1.0,0.0,-1617.9246163596154,296.7568735247946,427.74300000000005,500.202,3.791522093303239,0.023839075629911718,3.6344988060621435,77.11948162639372,-6.274788337576894,-3.536299999999983,0.0,0.028036268723984046,final_approach,-6.549000054113835,-0.4138154710343116,-5.405187428139744,
40.617,63.95000271,-22.59940849,573.687,503.037,-0.6909,-2.8073,356.4839,-0.0003,-0.0176,0.002,69.542,74.15,-5.5621,124.4057,-13.6348,0.0,0.0,0.0,-0.03,1650.5,0.0,3.7,150.0,0,40.617,-0.008367352407821993,0.09824011085401149,-0.03,0.057063064253074613,0.6304403929999284,1.0,0.0,-1614.1334375068197,296.3400832860226,427.187,499.537,3.7938979374551214,0.023498685581321732,3.6323475647052916,77.23520672770402,-6.274623737328085,-3.536100000000033,0.0,0.027155573735728147,final_approach,-6.549000054113835,-0.4140637608527591,-5.408497423165997,
40.725,63.95003956,-22.59941768,573.084,502.247,-0.6909,-2.8092,356.4841,-0.0003,-0.0177,0.002,69.545,74.152,-5.5649,124.4091,-13.6347,0.0,0.0,0.0,-0.03,1650.3,0.0,3.7,150.0,0,40.725,-0.008379023729903512,0.09825606596287977,-0.03,0.05706022529539789,0.6303176493751345,1.0,0.0,-1610.0256768589356,295.8883969878333,426.58399999999995,498.747,3.7964774691515086,0.02356299677515569,3.630011598780764,77.34920123615262,-6.274408650492973,-3.5358999999999696,0.0,0.02721213773955084,final_approach,-6.549000054113835,-0.4143882064264144,-5.412111714344221,
40.817,63.95007358,-22.59942615,572.527,501.445,-0.6909,-2.8109,356.4843,-0.0002,-0.0177,0.002,69.547,74.154,-5.5675,124.4123,-13.6346,0.0,0.0,0.0,-0.03,1650.1,0.0,3.7,150.0,0,40.817,-0.0083901093053102,0.09827028340049082,-0.03,0.05705738627613166,0.6302033272406246,1.0,0.0,-1606.2333830676423,295.4720962970848,426.02700000000004,497.945,3.798865757238462,0.02396243949913929,3.6278598995953906,77.4457601297912,-6.274203549543586,-3.535699999999906,0.0,0.02671459162093097,final_approach,-6.549000054113835,-0.41469758857619254,-5.415477091498595,
40.917,63.95010759,-22.59943463,571.97,500.775,-0.691,-2.8127,356.4845,-0.0002,-0.0178,0.002,69.55,74.155,-5.5701,124.4154,-13.6345,0.0,0.0,0.0,-0.03,1649.8,0.0,3.7,150.0,0,40.917,-0.008397012918289093,0.09828589149149086,-0.03,0.05705454719527947,0.6300880093389861,1.0,0.0,-1602.4422042148465,295.0553060581387,425.47,497.275,3.8012611476443845,0.023961016925820394,3.625697819928018,77.55017737801803,-6.274003445859819,-3.5354999999999563,0.0,0.02701326510993731,final_approach,-6.549000054113835,-0.41499943236201453,-5.418870868517086,
41.017,63.95014161,-22.59944311,571.413,500.101,-0.691,-2.8144,356.4846,-0.0002,-0.018,0.0019,69.552,74.157,-5.5728,124.4184,-13.6344,0.0,0.0,0.0,-0.03,1649.6,0.0,3.7,150.0,0,41.017,-0.008407985181620725,0.09829950432362328,-0.03,0.05705312763175885,0.629971476842052,1.0,0.0,-1598.6499105945732,294.6385154302394,424.913,496.601,3.8036680185415226,0.023978965600080424,3.623533067494731,77.65403009350744,-6.273808338597121,-3.5353999999999814,0.0,0.02637569555449712,final_approach,-6.549000054113835,-0.4152937390795657,-5.4222994604804065,
41.15,63.95017563,-22.59945159,570.856,499.398,-0.691,-2.8162,356.4848,-0.0002,-0.018,0.0019,69.554,74.159,-5.5755,124.4215,-13.6343,0.0,0.0,0.0,-0.03,1649.4,0.0,3.7,150.0,0,41.15,-0.00841877654472073,0.09831362862151374,-0.03,0.05705028845853011,0.6298538226201301,1.0,0.0,-1594.8576169750918,294.22172480216625,424.356,495.898,3.8060842652462004,0.02301034940943776,3.6213647728919613,77.79140540822085,-6.273608254268112,-3.5352000000000317,0.0,0.02534495904817264,final_approach,-6.549000054113835,-0.41559555309091145,-5.4257601083128755,
41.242,63.95020681,-22.59945936,570.345,498.867,-0.691,-2.8178,356.485,-0.0001,-0.0179,0.0019,69.557,74.161,-5.578,124.4242,-13.6342,0.0,0.0,0.0,-0.03,1649.1,0.0,3.7,150.0,0,41.242,-0.008428397401950505,0.09832760190617075,-0.03,0.057047449223718294,0.6297452149619874,1.0,0.0,-1591.3819051499065,293.83983023351016,423.845,495.367,3.808302618118486,0.023194046377947586,3.6193756259549916,77.88582765589017,-6.27342812399624,-3.534999999999968,0.0,0.026005298739445636,final_approach,-6.549000054113835,-0.4158672674723469,-5.428953819520505,
41.317,63.950238,-22.59946713,569.833,498.189,-0.691,-2.8194,356.4852,-0.0001,-0.0179,0.0019,69.559,74.162,-5.5805,124.4269,-13.6341,0.0,0.0,0.0,-0.03,1648.9,0.0,3.7,150.0,0,41.317,-0.008438017825120436,0.09834091785845853,-0.03,0.05704460992732718,0.6296359854451069,1.0,0.0,-1587.9050785572438,293.45793527572675,423.33299999999997,494.689,3.810522130934955,0.02426062268488733,3.617384353076888,77.96241691323121,-6.273248001417699,-3.5347999999999047,0.0,0.026065423096459987,final_approach,-6.549000054113835,-0.4161389700109108,-5.432165001461684,
41.433,63.95027485,-22.59947631,569.228,497.539,-0.691,-2.8213,356.4854,-0.0002,-0.0181,0.0019,69.561,74.164,-5.5834,124.4301,-13.634,0.0,0.0,0.0,-0.03,1648.7,0.0,3.7,150.0,0,41.433,-0.008449100119526487,0.09835772195057885,-0.03,0.05704177056936088,0.629505734790979,1.0,0.0,-1583.7973177383394,293.00673891486235,422.72799999999995,494.039,3.8131538956118773,0.02399845665827146,3.61502787410092,78.08030546789576,-6.2730429587467995,-3.534599999999955,0.0,0.025263237297729734,final_approach,-6.549000054113835,-0.4164482625073749,-5.435993105340668,
41.508,63.9503032,-22.59948338,568.763,496.93,-0.691,-2.8228,356.4855,-0.0002,-0.0181,0.0019,69.563,74.165,-5.5857,124.4325,-13.6339,0.0,0.0,0.0,-0.03,1648.5,0.0,3.7,150.0,0,41.508,-0.008458315189689702,0.09837048194819138,-0.03,0.057040350867287204,0.6294044059959417,1.0,0.0,-1580.6370731117852,292.6592500791712,422.26300000000003,493.43,3.8151902515883345,0.02452394938513077,3.613207573898696,78.15609527226842,-6.272877808699917,-3.53449999999998,0.0,0.02539082178580917,final_approach,-6.549000054113835,-0.41669737955226793,-5.438970385602897,
41.633,63.95034573,-22.59949397,568.065,496.179,-0.6911,-2.8251,356.4858,-0.0002,-0.0183,0.002,69.566,74.168,-5.5892,124.436,-13.6337,0.0,0.0,0.0,-0.03,1648.2,0.0,3.7,150.0,0,41.633,-0.008468580875623688,0.09838942574679116,-0.03,0.057036091668707045,0.6292510618637026,1.0,0.0,-1575.896148531684,292.13875153679726,421.56500000000005,492.679,3.8182538893551703,0.024521474843390074,3.6104819403635475,78.28175511784607,-6.272612331254805,-3.5342000000000553,0.0,0.02526438344164478,final_approach,-6.549000054113835,-0.4170978328882793,-5.443474667450541,
41.717,63.95037125,-22.59950033,567.645,495.647,-0.6911,-2.8264,356.4859,-0.0002,-0.0184,0.002,69.568,74.169,-5.5913,124.4381,-13.6336,0.0,0.0,0.0,-0.03,1648.0,0.0,3.7,150.0,0,41.717,-0.008476917808589834,0.09840112839280775,-0.03,0.057034671905060175,0.6291586970979556,1.0,0.0,-1573.0513709327402,291.82615837122216,421.145,492.147,3.8200889033867655,0.02407546322583168,3.6088404181081617,78.36570879863719,-6.272462151319161,-3.5340999999999667,0.0,0.025132123475083385,final_approach,-6.549000054113835,-0.4173243681227614,-5.446186987646495,
41.833,63.95041094,-22.59951022,566.993,494.913,-0.6911,-2.8285,356.4861,-0.0002,-0.0186,0.002,69.57,74.171,-5.5947,124.4414,-13.6335,0.0,0.0,0.0,-0.03,1647.7,0.0,3.7,150.0,0,41.833,-0.00848829036172749,0.09841700840598878,-0.03,0.0570318323315917,0.6290131737379121,1.0,0.0,-1568.6270283195397,291.34006595111475,420.49300000000005,491.413,3.8229645367578753,0.02419454316392547,3.6062842567223514,78.48102369839557,-6.272252162226408,-3.5338999999999032,0.0,0.024414783096467142,final_approach,-6.549000054113835,-0.4176411207325703,-5.450459149309921,
41.925,63.95043929,-22.59951729,566.527,494.385,-0.6911,-2.83,356.4863,-0.0002,-0.0186,0.002,69.572,74.172,-5.597,124.4436,-13.6333,0.0,0.0,0.0,-0.03,1647.5,0.0,3.7,150.0,0,41.925,-0.008499114931299456,0.0984313362601109,-0.03,0.05702899269655859,0.628908363523495,1.0,0.0,-1565.4667836929855,290.99257711524973,420.02700000000004,490.885,3.8250240902053756,0.023893194389322553,3.6044519617737003,78.571958139537,-6.27205151490179,-3.5336999999999534,0.0,0.024171541945414377,final_approach,-6.549000054113835,-0.4179437816906386,-5.4535351951817574,
42.025,63.95047332,-22.59952576,565.967,493.708,-0.6911,-2.8319,356.4865,-0.0002,-0.0187,0.002,69.574,74.174,-5.5999,124.4463,-13.6332,0.0,0.0,0.0,-0.03,1647.2,0.0,3.7,150.0,0,42.025,-0.00850873214372877,0.0984462874265759,-0.03,0.05702615299996139,0.6287817448361279,1.0,0.0,-1561.673375134214,290.57627603554795,419.467,490.208,3.827499481010711,0.024036646666660753,3.602259230033926,78.6702775354086,-6.271871449321651,-3.5335000000000036,0.0,0.02379231085946335,final_approach,-6.549000054113835,-0.41821539642760364,-5.457250298497456,
42.142,63.95051585,-22.59953636,565.266,492.914,-0.6911,-2.8342,356.4867,-0.0002,-0.0189,0.0021,69.577,74.176,-5.6036,124.4497,-13.633,0.0,0.0,0.0,-0.03,1646.9,0.0,3.7,150.0,0,42.142,-0.008523064204507602,0.09846473781566673,-0.03,0.05702331324180254,0.6286223213212391,1.0,0.0,-1556.9324507251335,290.05528755602313,418.76599999999996,489.414,3.8305967575566107,0.024442613740593,3.5995049993066868,78.7846055379394,-6.271611012220745,-3.533300000000054,0.0,0.023960375839605377,final_approach,-6.549000054113835,-0.41860824484650827,-5.46192638097483,
42.217,63.95054421,-22.59954342,564.799,492.362,-0.6912,-2.8357,356.4869,-0.0001,-0.0189,0.0021,69.579,74.177,-5.606,124.4518,-13.6329,0.0,0.0,0.0,-0.03,1646.7,0.0,3.7,150.0,0,42.217,-0.008527037301133134,0.09847869965658423,-0.03,0.05702047342208294,0.6285147446673297,1.0,0.0,-1553.7710911608733,289.7082882683559,418.299,488.862,3.8326747064211055,0.024986508927149674,3.5976703085886506,78.8574692972387,-6.271460865138636,-3.5330999999999904,0.0,0.02420640227842362,final_approach,-6.549000054113835,-0.4188347294154777,-5.465080762616175,
42.342,63.95058391,-22.59955331,564.145,491.615,-0.6912,-2.8379,356.4871,-0.0001,-0.0191,0.0021,69.581,74.179,-5.6095,124.4548,-13.6327,0.0,0.0,0.0,-0.03,1646.4,0.0,3.7,150.0,0,42.342,-0.008540198805304988,0.09849584992457722,-0.03,0.057017633540806245,0.6283628365457151,1.0,0.0,-1549.345633779403,289.222195458947,417.645,488.115,3.835592712975961,0.02471276617909876,3.595093505702766,78.97828319671305,-6.271220382764113,-3.532899999999927,0.0,0.02346036570766478,final_approach,-6.549000054113835,-0.41919747702312904,-5.469533710162207,
42.442,63.9506151,-22.59956108,563.631,490.861,-0.6912,-2.8396,356.4873,-0.0,-0.0193,0.0021,69.583,74.18,-5.6123,124.4572,-13.6326,0.0,0.0,0.0,-0.03,1646.1,0.0,3.7,150.0,0,42.442,-0.00854893717539279,0.09850940188791424,-0.03,0.057014793597976565,0.6282423919150092,1.0,0.0,-1545.8688071867402,288.84030050116354,417.131,487.361,3.8378930247889276,0.02442782483752646,3.5930655737342607,79.07432881009744,-6.27105529948858,-3.532699999999977,0.0,0.02314578700696372,final_approach,-6.549000054113835,-0.4194464911301363,-5.473063250652988,
42.517,63.95064629,-22.59956885,563.116,490.297,-0.6912,-2.8414,356.4875,0.0,-0.0194,0.0021,69.585,74.181,-5.6151,124.4594,-13.6324,0.0,0.0,0.0,-0.03,1645.9,0.0,3.7,150.0,0,42.517,-0.008559759192673155,0.09852320260233893,-0.03,0.057011953593594566,0.6281213754027983,1.0,0.0,-1542.391980594077,288.45840554338014,416.616,486.797,3.840192589463055,0.025466664418221378,3.591034564773493,79.14597058043022,-6.270854697874142,-3.5325000000000273,0.0,0.02346586697602188,final_approach,-6.549000054113835,-0.4197490813648006,-5.476608567684881,
42.633,63.95068316,-22.59957804,562.508,489.626,-0.6912,-2.8434,356.4877,-0.0,-0.0195,0.0021,69.587,74.183,-5.6184,124.4621,-13.6322,0.0,0.0,0.0,-0.03,1645.6,0.0,3.7,150.0,0,42.633,-0.008572042256581147,0.09854014389366308,-0.03,0.057009113527661026,0.6279765688690849,1.0,0.0,-1538.28199041203,288.0067184669366,416.00800000000004,486.126,3.842929079570324,0.02515395900838717,3.5886266620246126,79.25622018698074,-6.270629191288293,-3.532299999999964,0.0,0.022900004460967818,final_approach,-6.549000054113835,-0.4200892382451986,-5.480849549148775,
42.708,63.95070868,-22.59958439,562.086,489.193,-0.6912,-2.8449,356.4879,0.0,-0.0195,0.0021,69.589,74.184,-5.6207,124.4639,-13.6321,0.0,0.0,0.0,-0.03,1645.4,0.0,3.7,150.0,0,42.708,-0.008579025820128039,0.09855229895981743,-0.03,0.05700627340017994,0.6278760332981982,1.0,0.0,-1535.4372126420656,287.6946152386863,415.586,485.693,3.8448193997480145,0.0251623440129685,3.5869641519944415,79.32710194791287,-6.270494021683305,-3.5320999999999003,0.0,0.02324242829784402,final_approach,-6.549000054113835,-0.42029312954290177,-5.483793130785077,
42.833,63.95075122,-22.59959499,561.383,488.354,-0.6912,-2.8473,356.4881,0.0,-0.0196,0.0021,69.591,74.186,-5.6246,124.4669,-13.6319,0.0,0.0,0.0,-0.03,1645.1,0.0,3.7,150.0,0,42.833,-0.008592184790698953,0.09857111818884731,-0.03,0.057003433211155086,0.6277066273674031,1.0,0.0,-1530.6951734655072,287.17362637003424,414.88300000000004,484.854,3.847987225210908,0.025192387294665105,3.5841791148623576,79.44459474582102,-6.270253585101983,-3.5318999999999505,0.0,0.022584025725309355,final_approach,-6.549000054113835,-0.42065580635424027,-5.488751639165709,
42.942,63.95078808,-22.59960417,560.774,487.606,-0.6911,-2.8493,356.4883,0.0001,-0.0197,0.0021,69.594,74.187,-5.628,124.4694,-13.6317,0.0,0.0,0.0,-0.03,1644.8,0.0,3.7,150.0,0,42.942,-0.00860777109410743,0.09858900300200929,-0.03,0.05700059296058746,0.6275581360558561,1.0,0.0,-1526.5862978791254,286.72242962004253,414.274,484.106,3.8507462556223793,0.025212357013858922,3.5817641159182134,79.54635834021296,-6.270038067821957,-3.5317000000000007,0.0,0.023033017548446423,final_approach,-6.549000054113835,-0.4209808942914677,-5.493096401639576,
43.017,63.95081644,-22.59961123,560.305,487.091,-0.6911,-2.851,356.4885,0.0,-0.0198,0.0021,69.595,74.188,-5.6307,124.4714,-13.6315,0.0,0.0,0.0,-0.03,1644.5,0.0,3.7,150.0,0,43.017,-0.008618006628475228,0.09860060380925041,-0.03,0.05699775264847917,0.6274430606693132,1.0,0.0,-1523.4249383148651,286.3754303323753,413.80499999999995,483.591,3.8528732212548302,0.025736887805884394,3.579904937418728,79.61598531466883,-6.269847465806151,-3.531500000000051,0.0,0.022151228074350975,final_approach,-6.549000054113835,-0.42126839956346096,-5.4964624248489,
43.117,63.9508448,-22.5996183,559.835,486.525,-0.6911,-2.8526,356.4887,-0.0002,-0.02,0.0021,69.597,74.189,-5.6333,124.4733,-13.6313,0.0,0.0,0.0,-0.03,1644.3,0.0,3.7,150.0,0,43.117,-0.00862794961311486,0.09861488425847419,-0.03,0.056994912274831,0.6273275763258876,1.0,0.0,-1520.263578920833,286.027941107557,413.33500000000004,483.025,3.8549980703121203,0.024988821600387272,3.57803706849923,79.70840240380319,-6.269661850927605,-3.5312999999999874,0.0,0.02195566188576948,final_approach,-6.549000054113835,-0.4215483819469963,-5.4998395248526215,
43.208,63.95087884,-22.59962677,559.272,485.919,-0.6912,-2.8546,356.4889,-0.0002,-0.0201,0.0021,69.599,74.191,-5.6366,124.4755,-13.6311,0.0,0.0,0.0,-0.03,1644.0,0.0,3.7,150.0,0,43.208,-0.008634879692089537,0.09862960135856605,-0.03,0.05699207183964705,0.6271871733796949,1.0,0.0,-1516.4690555945838,285.6116396385539,412.77200000000005,482.419,3.857568535573398,0.025531829834164996,3.5758014622842933,79.79201818291286,-6.269461298819152,-3.531099999999924,0.0,0.021957694621438314,final_approach,-6.549000054113835,-0.4218508954326676,-5.503944124893,
43.342,63.95092138,-22.59963737,558.567,485.096,-0.6912,-2.857,356.4891,-0.0001,-0.0202,0.0021,69.601,74.192,-5.6406,124.4782,-13.6309,0.0,0.0,0.0,-0.03,1643.7,0.0,3.7,150.0,0,43.342,-0.00864715954301537,0.09865004687321391,-0.03,0.05698923134293099,0.6270105513881672,1.0,0.0,-1511.7270164188176,285.0906507699021,412.067,481.596,3.860782352653555,0.02527380978737256,3.5729931926321163,79.91439492284188,-6.269235850422916,-3.530899999999974,0.0,0.021318392668061514,final_approach,-6.549000054113835,-0.4221909622065727,-5.509105712597567,
43.433,63.95095258,-22.59964514,558.05,484.359,-0.6912,-2.8588,356.4893,0.0,-0.0203,0.0021,69.603,74.193,-5.6437,124.4802,-13.6307,0.0,0.0,0.0,-0.03,1643.4,0.0,3.7,150.0,0,43.433,-0.008657393637134192,0.09866346580800138,-0.03,0.056986390784683816,0.6268796384904279,1.0,0.0,-1508.249075058677,284.70875542299143,411.54999999999995,480.859,3.8631504891240716,0.02539875443914076,3.570932462880747,79.99694277903141,-6.269045274186169,-3.5307000000000244,0.0,0.02137835896896233,final_approach,-6.549000054113835,-0.4224784274560225,-5.512930169727419,
43.525,63.95098378,-22.59965291,557.532,483.815,-0.6912,-2.8607,356.4895,-0.0001,-0.0204,0.0021,69.605,74.194,-5.6467,124.4821,-13.6305,0.0,0.0,0.0,-0.03,1643.1,0.0,3.7,150.0,0,43.525,-0.008667335235439666,0.09867875949521354,-0.03,0.05698355016490608,0.626748102572142,1.0,0.0,-1504.7711336985362,284.3268600760807,411.03200000000004,480.315,3.8655181204841367,0.02545481594577882,3.5688685795464723,80.079954730494,-6.268859684104228,-3.530499999999961,0.0,0.021411156374955456,final_approach,-6.549000054113835,-0.42275837132802785,-5.516771688147269,
43.625,63.95101781,-22.59966138,556.967,483.145,-0.6912,-2.8627,356.4897,-0.0001,-0.0205,0.0021,69.607,74.196,-5.6501,124.4842,-13.6303,0.0,0.0,0.0,-0.03,1642.9,0.0,3.7,150.0,0,43.625,-0.008677860832115192,0.09869380948118409,-0.03,0.0569807094836019,0.6266033336023408,1.0,0.0,-1500.9777251397647,283.91055899620494,410.467,479.645,3.8681105026281037,0.025532983528094064,3.5666168210454856,80.16968323016357,-6.268664139667351,-3.5302999999998974,0.0,0.021282869431773425,final_approach,-6.549000054113835,-0.42305333006000545,-5.52099836107843,
43.717,63.95104901,-22.59966915,556.449,482.588,-0.6912,-2.8645,356.4899,-0.0001,-0.0206,0.0021,69.608,74.197,-5.6532,124.4861,-13.6301,0.0,0.0,0.0,-0.03,1642.6,0.0,3.7,150.0,0,43.717,-0.008687801793239358,0.0987076928965802,-0.03,0.05697786874077515,0.6264693846905901,1.0,0.0,-1497.499783780416,283.5286636492946,409.94899999999996,479.088,3.87049676802723,0.025600430837046256,3.564546323338691,80.25176779667156,-6.268478561095634,-3.5300999999999476,0.0,0.020336205412288873,final_approach,-6.549000054113835,-0.4233332560423957,-5.5249079038581534,
43.817,63.95108872,-22.59967904,555.79,481.831,-0.6912,-2.8669,356.4901,-0.0001,-0.0208,0.0021,69.61,74.198,-5.6571,124.4884,-13.6298,0.0,0.0,0.0,-0.03,1642.2,0.0,3.7,150.0,0,43.817,-0.008701579083171873,0.09872757222508428,-0.03,0.056975027936426614,0.626297052300913,1.0,0.0,-1493.0732116314684,283.0425704507584,409.28999999999996,478.331,3.873549628594557,0.026421793309750155,3.561906069718164,80.3404525109878,-6.268227590336295,-3.529899999999998,0.0,0.020305641283894713,final_approach,-6.549000054113835,-0.4237118189324569,-5.529936005793807,
43.933,63.95112559,-22.59968822,555.176,481.086,-0.6912,-2.8691,356.4903,-0.0001,-0.0211,0.0021,69.612,74.199,-5.6609,124.4905,-13.6295,0.0,0.0,0.0,-0.03,1641.9,0.0,3.7,150.0,0,43.933,-0.008714771670690014,0.0987435182537326,-0.03,0.0569721870705584,0.6261364733023452,1.0,0.0,-1488.9632212784006,282.5913733116397,408.67600000000004,477.586,3.8763771472925117,0.02608068795633595,3.5594516739344746,80.44269915545505,-6.267986586899951,-3.529700000000048,0.0,0.020027072013568348,final_approach,-6.549000054113835,-0.4240753467251821,-5.534619430683179,
44.017,63.95115396,-22.59969528,554.705,480.441,-0.6912,-2.8709,356.4905,-0.0,-0.0211,0.0022,69.614,74.2,-5.6638,124.4921,-13.6293,0.0,0.0,0.0,-0.03,1641.7,0.0,3.7,150.0,0,44.017,-0.008723835284933201,0.0987574504986101,-0.03,0.056969346143171395,0.6260110031968296,1.0,0.0,-1485.8007469458705,282.244373635019,408.20500000000004,476.941,3.878575141432257,0.026095006113901656,3.5575623249908297,80.516294833119,-6.267815964409948,-3.5294999999999845,0.0,0.02037093126775637,final_approach,-6.549000054113835,-0.4243327121587246,-5.538277701188246,
44.117,63.95118516,-22.59970305,554.185,479.831,-0.6912,-2.8728,356.4907,0.0,-0.0213,0.0022,69.615,74.201,-5.667,124.4938,-13.6291,0.0,0.0,0.0,-0.03,1641.4,0.0,3.7,150.0,0,44.117,-0.008733190748532405,0.09877154506791164,-0.03,0.05696650515426971,0.6258729646874893,1.0,0.0,-1482.3228055857298,281.86247828810826,407.68499999999995,476.331,3.880982007524269,0.025757281914938302,3.555477917165661,80.60345497539184,-6.26764036744089,-3.529299999999921,0.0,0.019428119334315447,final_approach,-6.549000054113835,-0.4245975808243383,-5.5423012356503385,
44.25,63.95123055,-22.59971435,553.429,478.869,-0.6912,-2.8756,356.491,0.0001,-0.0214,0.0022,69.618,74.203,-5.6717,124.4963,-13.6288,0.0,0.0,0.0,-0.03,1641.0,0.0,3.7,150.0,0,44.25,-0.008747077420973137,0.09879378495941347,-0.03,0.056962243555584324,0.6256697186644689,1.0,0.0,-1477.2630696763772,281.3070829082368,406.929,475.369,3.8845046346353693,0.0258787212838773,3.5524421537089785,80.7185877981109,-6.2673794699795735,-3.5289999999999964,0.0,0.019712507665508954,final_approach,-6.549000054113835,-0.4249911154503785,-5.548223174433151,
44.333,63.95126175,-22.59972212,552.909,478.213,-0.6912,-2.8775,356.4912,0.0001,-0.0213,0.0022,69.619,74.204,-5.675,124.4979,-13.6285,0.0,0.0,0.0,-0.03,1640.7,0.0,3.7,150.0,0,44.333,-0.008758808161861809,0.09880760812286726,-0.03,0.05695940241290742,0.6255287055721497,1.0,0.0,-1473.7851283162368,280.9251875613261,406.409,474.713,3.8869340489591777,0.026443943085577338,3.5503498592821208,80.78994541018987,-6.267163386319623,-3.5288000000000466,0.0,0.019015751766021056,final_approach,-6.549000054113835,-0.4253170530854167,-5.552330267413424,
44.425,63.95129012,-22.59972918,552.436,477.617,-0.6912,-2.8792,356.4913,-0.0,-0.0215,0.0022,69.621,74.204,-5.678,124.4994,-13.6283,0.0,0.0,0.0,-0.03,1640.4,0.0,3.7,150.0,0,44.425,-0.008768051754636352,0.09882157767468915,-0.03,0.0569579818185022,0.6253995085300628,1.0,0.0,-1470.6226539837064,280.5781878845313,405.93600000000004,474.117,3.88914955892126,0.026050224241753666,3.5484477732115107,80.86864677273408,-6.266997762031423,-3.528699999999958,0.0,0.0192633316449948,final_approach,-6.549000054113835,-0.42556687825764605,-5.556092078732384,
44.508,63.95132132,-22.59973695,551.916,476.971,-0.6912,-2.8812,356.4915,-0.0001,-0.0216,0.0022,69.622,74.205,-5.6814,124.5009,-13.6281,0.0,0.0,0.0,-0.03,1640.1,0.0,3.7,150.0,0,44.508,-0.008776821994364636,0.09883485235778994,-0.03,0.05695514058356621,0.6252561374621021,1.0,0.0,-1467.144712624358,280.19629253762093,405.41600000000005,473.471,3.8915967203191224,0.026622498912027878,3.546349314855469,80.93925717646252,-6.2668321416293225,-3.528500000000008,0.0,0.018607409929189914,final_approach,-6.549000054113835,-0.42581669736223304,-5.560265328319598,
44.633,63.95136387,-22.59974754,551.205,476.236,-0.6912,-2.8838,356.4918,-0.0001,-0.0215,0.0022,69.624,74.206,-5.686,124.5028,-13.6277,0.0,0.0,0.0,-0.03,1639.8,0.0,3.7,150.0,0,44.633,-0.008791622777026331,0.09885452105192953,-0.03,0.056950878615843026,0.6250596304359924,1.0,0.0,-1462.4015585093016,279.6757932171665,404.70500000000004,472.736,3.8949316459995695,0.026631983333952742,3.543486328541705,81.0449460626283,-6.266555664934202,-3.52819999999997,0.0,0.018370372662896532,final_approach,-6.549000054113835,-0.42623372982626506,-5.565983103950753,
44.733,63.95139507,-22.59975531,550.684,475.511,-0.6912,-2.8858,356.492,-0.0001,-0.0215,0.0023,69.625,74.207,-5.6894,124.5042,-13.6275,0.0,0.0,0.0,-0.03,1639.5,0.0,3.7,150.0,0,44.733,-0.008800100475610917,0.09886885791825445,-0.03,0.05694803722715369,0.6249138598287414,1.0,0.0,-1458.9236171499529,279.293897870256,404.18399999999997,472.011,3.8973914068418187,0.026292920848709506,3.541380201267812,81.12893426254631,-6.266395031454607,-3.52800000000002,0.0,0.017609429693546695,final_approach,-6.549000054113835,-0.42647602620791325,-5.5702229912457,
44.833,63.95142911,-22.59976378,550.115,474.861,-0.6912,-2.8879,356.4922,0.0,-0.0216,0.0023,69.627,74.208,-5.6931,124.5056,-13.6272,0.0,0.0,0.0,-0.03,1639.2,0.0,3.7,150.0,0,44.833,-0.00881124584603471,0.0988859357857541,-0.03,0.05694519577696533,0.6247537007837388,1.0,0.0,-1455.129093823704,278.87759640125296,403.615,471.361,3.9000803231425243,0.02639229454176712,3.539083153698356,81.212412797041,-6.26618892760672,-3.5277999999999565,0.0,0.017826754266856367,final_approach,-6.549000054113835,-0.42678690891457727,-5.574879805390932,
44.925,63.95146316,-22.59977226,549.545,474.15,-0.6912,-2.89,356.4924,0.0001,-0.0217,0.0023,69.628,74.209,-5.6968,124.507,-13.6269,0.0,0.0,0.0,-0.03,1638.9,0.0,3.7,150.0,0,44.925,-0.008822390979178862,0.09890262122571063,-0.03,0.056942354265283934,0.6245924529264497,1.0,0.0,-1451.3334559009973,278.4608046057978,403.04499999999996,470.65,3.902773309407292,0.026872177090544718,3.536776886280072,81.2887448713345,-6.265982828231557,-3.5276000000000067,0.0,0.01719428253509155,final_approach,-6.549000054113835,-0.4270977845549133,-5.579566614942699,
45.017,63.95149436,-22.59978002,549.023,473.56,-0.6912,-2.892,356.4926,0.0002,-0.0218,0.0023,69.63,74.21,-5.7003,124.5081,-13.6266,0.0,0.0,0.0,-0.03,1638.6,0.0,3.7,150.0,0,45.017,-0.008832659944715215,0.09891777021972023,-0.03,0.056939512692108174,0.6244431865122039,1.0,0.0,-1447.8555143706283,278.0793991962122,402.523,470.06,3.9052536752754428,0.026886897336596223,3.5346665788096994,81.3646487123129,-6.265791663477614,-3.5273999999999432,0.0,0.01760745052596782,final_approach,-6.549000054113835,-0.4273861328640276,-5.583903689158628,
45.117,63.95152557,-22.59978779,548.5,472.905,-0.6912,-2.894,356.4928,0.0002,-0.022,0.0023,69.631,74.21,-5.7037,124.5093,-13.6263,0.0,0.0,0.0,-0.03,1638.3,0.0,3.7,150.0,0,45.117,-0.008843220706404198,0.09893402942952928,-0.03,0.05693667105744393,0.6242930595914143,1.0,0.0,-1444.37645824301,277.6975034601743,402.0,469.405,3.9077363748433274,0.026543580393638095,3.532547650024506,81.44668798160764,-6.265595525431564,-3.5271999999999935,0.0,0.016915864114520594,final_approach,-6.549000054113835,-0.427681982480804,-5.588264329790228,
45.208,63.95155961,-22.59979626,547.929,472.086,-0.6911,-2.8961,356.4931,0.0003,-0.022,0.0023,69.632,74.211,-5.7076,124.5104,-13.626,0.0,0.0,0.0,-0.03,1638.0,0.0,3.7,150.0,0,45.208,-0.008856905665404202,0.09894911855010875,-0.03,0.056932408490156794,0.6241281697783901,1.0,0.0,-1440.5819349175529,277.2812019911715,401.429,468.586,3.910449584810726,0.027088899352571146,3.530235666976201,81.52088447375826,-6.265404367347713,-3.526899999999955,0.0,0.01637705928493357,final_approach,-6.549000054113835,-0.42797032017060843,-5.593052122149405,
45.333,63.95160216,-22.59980685,547.216,471.269,-0.6911,-2.8988,356.4933,0.0002,-0.0221,0.0023,69.634,74.212,-5.7124,124.5118,-13.6255,0.0,0.0,0.0,-0.03,1637.7,0.0,3.7,150.0,0,45.333,-0.008873385544094503,0.09897101786186965,-0.03,0.05692956670177718,0.6239194056944494,1.0,0.0,-1435.8387808024966,276.76070267071697,400.716,467.769,3.9138645945390556,0.027127429098248813,3.527338619313708,81.62213144919848,-6.265107340518142,-3.5267000000000053,0.0,0.016342781168118038,final_approach,-6.549000054113835,-0.4284183468691918,-5.5991113796511485,
45.442,63.95163904,-22.59981603,546.596,470.548,-0.6911,-2.9012,356.4936,0.0002,-0.0222,0.0023,69.635,74.212,-5.7166,124.5129,-13.6252,0.0,0.0,0.0,-0.03,1637.3,0.0,3.7,150.0,0,45.442,-0.008883180538518554,0.09898906302908457,-0.03,0.05692530390392825,0.6237376608321855,1.0,0.0,-1431.7276756811589,276.30950514247075,400.096,467.048,3.9168196049347714,0.02712455543465052,3.524821917001226,81.70977662721953,-6.264916190228774,-3.526399999999967,0.0,0.01569110214616632,final_approach,-6.549000054113835,-0.4287066720972259,-5.604384167149089,
45.525,63.95166741,-22.59982309,546.12,469.863,-0.6911,-2.903,356.4938,0.0002,-0.0223,0.0023,69.636,74.213,-5.7199,124.5137,-13.6249,0.0,0.0,0.0,-0.03,1637.1,0.0,3.7,150.0,0,45.525,-0.008892572820368871,0.09900286350832736,-0.03,0.056922461961848136,0.6235960158441887,1.0,0.0,-1428.5652013494207,275.96250546567626,399.62,466.363,3.919111187621296,0.027205367855229753,3.5228838682479995,81.77611227294881,-6.264739970180415,-3.526200000000017,0.0,0.0153599285666031,final_approach,-6.549000054113835,-0.42897247676333095,-5.608492125440804,
45.617,63.95169578,-22.59983015,545.643,469.363,-0.691,-2.9049,356.494,0.0002,-0.0225,0.0023,69.637,74.213,-5.7232,124.5144,-13.6246,0.0,0.0,0.0,-0.03,1636.8,0.0,3.7,150.0,0,45.617,-0.008905562706539139,0.09901687931804014,-0.03,0.05691961995829009,0.6234538581080689,1.0,0.0,-1425.4027270168908,275.61550578905553,399.14300000000003,465.863,3.9214011304833085,0.026819587093149258,3.520943074870172,81.84925895819983,-6.264568727791271,-3.5259999999999536,0.0,0.014951713716679487,final_approach,-6.549000054113835,-0.4292307730629066,-5.612613679505223,
45.733,63.95173834,-22.59984074,544.927,468.42,-0.691,-2.9076,356.4942,0.0001,-0.0226,0.0023,69.639,74.214,-5.7281,124.5154,-13.6241,0.0,0.0,0.0,-0.03,1636.5,0.0,3.7,150.0,0,45.733,-0.008920874125722233,0.09903996133400929,-0.03,0.056916777893259995,0.6232387412264051,1.0,0.0,-1420.6584581351485,275.09500607929994,398.427,464.92,3.9248476857221055,0.02730160309313733,3.518027160504252,81.94086630751328,-6.264291619928258,-3.525800000000004,0.0,0.015159865134281778,final_approach,-6.549000054113835,-0.42964875283655246,-5.618848102000264,
45.808,63.95176387,-22.5998471,544.498,467.922,-0.691,-2.9093,356.4944,0.0001,-0.0227,0.0023,69.639,74.214,-5.7311,124.516,-13.6239,0.0,0.0,0.0,-0.03,1636.2,0.0,3.7,150.0,0,45.808,-0.008927014518136822,0.09905249426818255,-0.03,0.05691393576675674,0.6231081679140947,1.0,0.0,-1417.8125657687272,274.78241252459753,397.99800000000005,464.422,3.9269289073905176,0.02737627295186331,3.5162703592859823,81.99973441869095,-6.26417082764857,-3.5255999999999403,0.0,0.013781695576619799,final_approach,-6.549000054113835,-0.42983095148914785,-5.622630900047948,
45.95,63.95180927,-22.59985839,543.733,467.047,-0.691,-2.9123,356.4947,0.0,-0.0229,0.0023,69.641,74.215,-5.7365,124.517,-13.6234,0.0,0.0,0.0,-0.03,1635.8,0.0,3.7,150.0,0,45.95,-0.008941852368744008,0.09907586138173723,-0.03,0.05690967246175049,0.6228749830453035,1.0,0.0,-1412.7517149208766,274.2275066929237,397.23299999999995,463.547,3.930625719572793,0.02715254222781482,3.513153207837614,82.11047009795543,-6.2638937261207275,-3.5253000000000156,0.0,0.013809223891683497,final_approach,-6.549000054113835,-0.4302489208713016,-5.629383763314369,
46.017,63.95183764,-22.59986545,543.255,466.449,-0.691,-2.9142,356.4949,0.0002,-0.0229,0.0022,69.642,74.215,-5.7399,124.5175,-13.623,0.0,0.0,0.0,-0.03,1635.5,0.0,3.7,150.0,0,46.017,-0.008953036207022758,0.09909051495024807,-0.03,0.05690683018158049,0.622727744012276,1.0,0.0,-1409.5892405883462,273.88050701630294,396.755,462.949,3.9329470056693348,0.028401462046914846,3.511198603673113,82.16234035451609,-6.263686971962613,-3.525100000000066,0.0,0.013910692004638405,final_approach,-6.549000054113835,-0.43056078058287284,-5.633645944389421,
46.133,63.95187452,-22.59987463,542.633,465.659,-0.691,-2.9166,356.4951,0.0002,-0.0232,0.0022,69.643,74.215,-5.7444,124.5181,-13.6226,0.0,0.0,0.0,-0.03,1635.2,0.0,3.7,150.0,0,46.133,-0.00896451184129149,0.0991086161814217,-0.03,0.05690398783994566,0.6225349864536569,1.0,0.0,-1405.478135467801,273.42930948805696,396.13300000000004,462.159,3.935970973851183,0.028012666909567337,3.508652120230976,82.25164961775876,-6.2634752447856386,-3.5249000000000024,0.0,0.013429782700145242,final_approach,-6.549000054113835,-0.43088014106095684,-5.63922371997975,
46.208,63.95190289,-22.59988169,542.154,465.029,-0.6909,-2.9186,356.4953,0.0003,-0.0233,0.0022,69.644,74.215,-5.7479,124.5185,-13.6223,0.0,0.0,0.0,-0.03,1634.9,0.0,3.7,150.0,0,46.208,-0.008976625675009509,0.09912256469293891,-0.03,0.056901145436849876,0.6223856933657831,1.0,0.0,-1402.3156611352706,273.0823098112622,395.654,461.529,3.9383015961808177,0.02852304982382787,3.5066911126174567,82.30902232716066,-6.26331893781537,-3.524699999999939,0.0,0.01342101457589547,final_approach,-6.549000054113835,-0.43111590778295117,-5.643542184243575,
46.333,63.95194545,-22.59989228,541.435,464.112,-0.6909,-2.9214,356.4955,0.0001,-0.0235,0.0022,69.645,74.216,-5.7531,124.5191,-13.6218,0.0,0.0,0.0,-0.03,1634.5,0.0,3.7,150.0,0,46.333,-0.008990768937227778,0.09914472999082033,-0.03,0.056898302972297365,0.6221597790867455,1.0,0.0,-1397.5713922535288,272.56181010168075,394.93499999999995,460.612,3.9418096055362017,0.02844655399370201,3.5037447965982653,82.40403616703894,-6.26306174431943,-3.524499999999989,0.0,0.01292819506898902,final_approach,-6.549000054113835,-0.43150384700371625,-5.650074364916879,
46.433,63.95197949,-22.59990075,540.86,463.463,-0.6909,-2.9238,356.4958,0.0001,-0.0235,0.0022,69.646,74.216,-5.7574,124.5195,-13.6214,0.0,0.0,0.0,-0.03,1634.2,0.0,3.7,150.0,0,46.433,-0.00900118738762501,0.0991612445494294,-0.03,0.05689403916023872,0.6219771180121301,1.0,0.0,-1393.7768689272796,272.14550863267766,394.36,459.963,3.944629722617964,0.028405656797688823,3.5013837661386242,82.479494423096,-6.262859970301832,-3.5242000000000644,0.0,0.012661995517267073,final_approach,-6.549000054113835,-0.43180819359785616,-5.655353590420884,
46.508,63.95200502,-22.5999071,540.428,462.935,-0.6909,-2.9255,356.4959,0.0002,-0.0236,0.0022,69.646,74.216,-5.7606,124.5197,-13.6211,0.0,0.0,0.0,-0.03,1634.0,0.0,3.7,150.0,0,46.508,-0.009009301008804815,0.0991736711533172,-0.03,0.05689261785882416,0.6218394728305133,1.0,0.0,-1390.9309763898375,271.8334050153001,393.928,459.435,3.946745377847342,0.02837283673002436,3.499611913043983,82.53576658051657,-6.26271361438441,-3.524099999999976,0.0,0.01151090501569734,final_approach,-6.549000054113835,-0.4320289498993013,-5.659330414095997,
46.65,63.95204758,-22.59991769,539.707,462.138,-0.6909,-2.9284,356.4962,0.0002,-0.0238,0.0022,69.647,74.216,-5.766,124.5201,-13.6205,0.0,0.0,0.0,-0.03,1633.6,0.0,3.7,150.0,0,46.65,-0.009025054904196805,0.09919489786946498,-0.03,0.05688835386240765,0.6216083780851095,1.0,0.0,-1386.1867075080954,271.3129053055445,393.207,458.638,3.95027937863633,0.027791918858339825,3.4966504338302906,82.64162164697268,-6.26242090371457,-3.5237999999999374,0.0,0.011104663970739453,final_approach,-6.549000054113835,-0.4324704602551961,-5.666004539418925,
46.75,63.95208163,-22.59992615,539.13,461.353,-0.6908,-2.9308,356.4964,0.0002,-0.0238,0.0022,69.648,74.216,-5.7703,124.5202,-13.6201,0.0,0.0,0.0,-0.03,1633.2,0.0,3.7,150.0,0,46.75,-0.009038960965070564,0.09921319237239656,-0.03,0.056885511121320564,0.6214216279240913,1.0,0.0,-1382.3910692433483,270.8970933847391,392.63,457.853,3.9531189993753215,0.027892633613602415,3.4942844156185457,82.71557801637796,-6.262234053211728,-3.5235999999999876,0.0,0.011004239973390912,final_approach,-6.549000054113835,-0.43275229600799214,-5.671395570795099,
46.817,63.95211,-22.59993321,538.649,460.803,-0.6908,-2.9327,356.4966,0.0002,-0.0238,0.0023,69.649,74.216,-5.774,124.5204,-13.6197,0.0,0.0,0.0,-0.03,1632.9,0.0,3.7,150.0,0,46.817,-0.00904926901587716,0.09922721831395183,-0.03,0.056882668318787744,0.6212648450957524,1.0,0.0,-1379.22859491161,270.55009370811865,392.149,457.303,3.955491913432667,0.0291466326315981,3.492302885605079,82.76483085214359,-6.262042229575144,-3.523400000000038,0.0,0.011360706624391701,final_approach,-6.549000054113835,-0.43304163270443397,-5.675919863551972,
46.933,63.95214972,-22.59994309,537.975,459.891,-0.6908,-2.9355,356.4969,0.0001,-0.0242,0.0023,69.65,74.216,-5.7791,124.5204,-13.6192,0.0,0.0,0.0,-0.03,1632.5,0.0,3.7,150.0,0,46.933,-0.009061187926843517,0.0992485423953244,-0.03,0.05687840399978161,0.6210436347986497,1.0,0.0,-1374.800907824164,270.0644900577801,391.475,456.391,3.958823056255845,0.029074985272277056,3.489526675496373,82.84959193387289,-6.261814883469583,-3.5230999999999995,0.0,0.011111614172648238,final_approach,-6.549000054113835,-0.4333845492630424,-5.682300784029323,
47.017,63.95217525,-22.59994944,537.542,459.456,-0.6908,-2.9373,356.497,0.0002,-0.0244,0.0023,69.65,74.216,-5.7824,124.5204,-13.6189,0.0,0.0,0.0,-0.03,1632.3,0.0,3.7,150.0,0,47.017,-0.00906871797308434,0.09926198983556428,-0.03,0.05687698252939155,0.6209000164233334,1.0,0.0,-1371.955015286722,269.7523864404025,391.04200000000003,455.956,3.96097532940288,0.028499537621807944,3.48773955647521,82.91058319920197,-6.261678475711506,-3.522999999999911,0.0,0.010101467429680216,final_approach,-6.549000054113835,-0.4335902991514846,-5.686441926628518,
47.108,63.95220646,-22.59995721,537.012,458.762,-0.6907,-2.9395,356.4972,0.0002,-0.0246,0.0023,69.651,74.216,-5.7865,124.5204,-13.6184,0.0,0.0,0.0,-0.03,1632.0,0.0,3.7,150.0,0,47.108,-0.009085000195346693,0.09927862189579813,-0.03,0.05687413954253595,0.6207235083596683,1.0,0.0,-1368.4759591598959,269.3704907043648,390.51199999999994,455.262,3.963609394234533,0.028573909248307234,3.4855471266455105,82.97627255202245,-6.261451129290236,-3.522799999999961,0.0,0.010182153207791835,final_approach,-6.549000054113835,-0.43393321555398856,-5.691529700217195,
47.217,63.95224618,-22.59996709,536.336,457.884,-0.6907,-2.9423,356.4975,0.0001,-0.0248,0.0024,69.651,74.216,-5.7918,124.5203,-13.6179,0.0,0.0,0.0,-0.03,1631.6,0.0,3.7,150.0,0,47.217,-0.009096627448349326,0.09929791419796857,-0.03,0.05686987494706042,0.620497667884082,1.0,0.0,-1364.04827207245,268.88488705402625,389.836,454.384,3.966962064855443,0.028937998717488266,3.482757349199385,83.05441264614618,-6.261228755330421,-3.5225000000000364,0.0,0.009256502916174395,final_approach,-6.549000054113835,-0.4342686313959323,-5.698036698533819,
47.308,63.95227172,-22.59997344,535.902,457.482,-0.6907,-2.9441,356.4977,0.0001,-0.0249,0.0024,69.652,74.216,-5.7952,124.5201,-13.6175,0.0,0.0,0.0,-0.03,1631.3,0.0,3.7,150.0,0,47.308,-0.009105768529171332,0.09931207705816655,-0.03,0.05686703180661701,0.6203506732932286,1.0,0.0,-1361.201264768322,268.5727830475216,389.40200000000004,453.982,3.969133783065125,0.028092504809778807,3.4809623604620423,83.11924850258825,-6.261056822806921,-3.522299999999973,0.0,0.009414003650073388,final_approach,-6.549000054113835,-0.4345279640733839,-5.702270298594858,
47.442,63.95231995,-22.59998543,535.08,456.477,-0.6907,-2.9476,356.498,0.0002,-0.025,0.0024,69.653,74.216,-5.8018,124.5198,-13.6169,0.0,0.0,0.0,-0.03,1630.8,0.0,3.7,150.0,0,47.442,-0.009119480245338374,0.09933568477927603,-0.03,0.05686276698077153,0.6200719188682449,1.0,0.0,-1355.8249467210485,267.98347148288246,388.58000000000004,452.977,3.973229857977537,0.02850504121264144,3.4775672369909114,83.21397653570014,-6.260798922774512,-3.5219999999999345,0.0,0.00923661118799397,final_approach,-6.549000054113835,-0.43491696454585416,-5.710295133462413,
47.517,63.95234548,-22.59999178,534.645,455.792,-0.6907,-2.9495,356.4982,0.0003,-0.025,0.0024,69.653,74.216,-5.8053,124.5195,-13.6165,0.0,0.0,0.0,-0.03,1630.5,0.0,3.7,150.0,0,47.517,-0.009128329713769978,0.0993483373949528,-0.03,0.056859923686758185,0.6199227673442257,1.0,0.0,-1352.9790541843988,267.67136786550515,388.145,452.292,3.9754097114967113,0.028598319942032973,3.475764654050923,83.26662394341471,-6.26063196081094,-3.5217999999999847,0.0,0.0083969192618127,final_approach,-6.549000054113835,-0.4351687993825788,-5.714587011009641,
47.633,63.9523852,-22.60000166,533.967,455.061,-0.6906,-2.9524,356.4984,0.0004,-0.0253,0.0024,69.654,74.215,-5.8108,124.5191,-13.6159,0.0,0.0,0.0,-0.03,1630.1,0.0,3.7,150.0,0,47.633,-0.009146113300946723,0.09936851638325966,-0.03,0.0568570803313202,0.6196894655265384,1.0,0.0,-1348.5513670969528,267.18576421516656,387.467,451.561,3.978803184120753,0.028707612342558614,3.472955159998256,83.34752246272664,-6.26037903013443,-3.521600000000035,0.0,0.008417262024838008,final_approach,-6.549000054113835,-0.4355503035659307,-5.721297654524619,
47.733,63.95241641,-22.60000942,533.434,454.437,-0.6906,-2.9546,356.4986,0.0004,-0.0254,0.0024,69.654,74.215,-5.8151,124.5187,-13.6155,0.0,0.0,0.0,-0.03,1629.8,0.0,3.7,150.0,0,47.733,-0.009154671222587618,0.09938476695385053,-0.03,0.05685423691445868,0.6195045244191254,1.0,0.0,-1345.072310799106,266.80435841645374,386.93399999999997,450.937,3.9814793482643718,0.0283832838581638,3.470745662263288,83.41677195407722,-6.260217037882427,-3.5213999999999714,0.0,0.007652056386216371,final_approach,-6.549000054113835,-0.4357946418856997,-5.726614941273958,
47.825,63.95244762,-22.60001718,532.901,453.681,-0.6905,-2.9569,356.4989,0.0005,-0.0254,0.0024,69.654,74.215,-5.8195,124.5182,-13.615,0.0,0.0,0.0,-0.03,1629.4,0.0,3.7,150.0,0,47.825,-0.009169022037313235,0.09940012346697626,-0.03,0.05684997167400563,0.6193179767078554,1.0,0.0,-1341.5932545004673,266.42295261774063,386.40099999999995,450.181,3.9841665069132635,0.028520777579070403,3.4685326565901096,83.48006552449101,-6.260014545962974,-3.521099999999933,0.0,0.006956414896560337,final_approach,-6.549000054113835,-0.43610006692178693,-5.731976347300812,
47.925,63.95248166,-22.60002565,532.319,453.086,-0.6905,-2.9594,356.4991,0.0006,-0.0255,0.0024,69.655,74.214,-5.8243,124.5177,-13.6145,0.0,0.0,0.0,-0.03,1629.1,0.0,3.7,150.0,0,47.925,-0.009179956393741362,0.09941827886274787,-0.03,0.056847128103600486,0.6191131463832067,1.0,0.0,-1337.7987311750103,266.0066511487379,385.81899999999996,449.586,3.987103043130758,0.028661541678383043,3.4661109285682374,83.5484097322662,-6.259812052260827,-3.5208999999999833,0.0,0.0072331044514228815,final_approach,-6.549000054113835,-0.43640549433137643,-5.737860806755123,
48.025,63.95251571,-22.60003412,531.736,452.379,-0.6904,-2.962,356.4993,0.0006,-0.0256,0.0024,69.655,74.214,-5.8291,124.517,-13.6139,0.0,0.0,0.0,-0.03,1628.7,0.0,3.7,150.0,0,48.025,-0.009196865525618936,0.0994361998369479,-0.03,0.05684428447178147,0.6189069142784778,1.0,0.0,-1334.0030930812832,265.5903492906075,385.236,448.879,3.9900451065164644,0.02878805704149657,3.463685872480902,83.61628362040673,-6.259574028958156,-3.5207000000000335,0.0,0.006575549501293528,final_approach,-6.549000054113835,-0.4367645117144754,-5.743783015238257,
48.117,63.95254975,-22.60004258,531.153,451.698,-0.6903,-2.9645,356.4996,0.0005,-0.0258,0.0024,69.655,74.214,-5.834,124.5163,-13.6134,0.0,0.0,0.0,-0.03,1628.3,0.0,3.7,150.0,0,48.117,-0.00921063342350692,0.09945329219236071,-0.03,0.05684001890890533,0.6186989139728795,1.0,0.0,-1330.2085695840137,265.1745377589294,384.653,448.198,3.992997804751391,0.029339138539882778,3.461262111683158,83.67829646491234,-6.2593814739273625,-3.520399999999995,0.0,0.0059777722739032075,final_approach,-6.549000054113835,-0.4370549476779786,-5.74975344375969,
48.233,63.95258947,-22.60005246,530.472,450.843,-0.6903,-2.9675,356.4998,0.0004,-0.026,0.0024,69.656,74.213,-5.8398,124.5155,-13.6128,0.0,0.0,0.0,-0.03,1627.9,0.0,3.7,150.0,0,48.233,-0.009223361219782344,0.09947360002267686,-0.03,0.05683717512356001,0.6184542417300244,1.0,0.0,-1325.78088249736,264.688934108591,383.972,447.343,3.9964526204304183,0.029413097747354996,3.458423262920874,83.75591748374683,-6.259148416355913,-3.5201999999999316,0.0,0.006218037490385971,final_approach,-6.549000054113835,-0.43740647433722124,-5.756773225508386,
48.308,63.952615,-22.60005881,530.034,450.273,-0.6903,-2.9694,356.5,0.0005,-0.026,0.0024,69.656,74.213,-5.8435,124.5148,-13.6124,0.0,0.0,0.0,-0.03,1627.6,0.0,3.7,150.0,0,48.308,-0.00923104475507236,0.09948708848346789,-0.03,0.0568343312768107,0.618295764145096,1.0,0.0,-1322.9349899599176,264.3768304912134,383.534,446.773,3.998679852881439,0.029460320236174828,3.4565957854702587,83.80577237394773,-6.259001328078057,-3.519999999999982,0.0,0.005652761354896337,final_approach,-6.549000054113835,-0.43762833110996624,-5.761318150437095,
48.45,63.95266039,-22.60007009,529.254,449.403,-0.6902,-2.9728,356.5003,0.0006,-0.0263,0.0024,69.656,74.212,-5.8501,124.5136,-13.6116,0.0,0.0,0.0,-0.03,1627.1,0.0,3.7,150.0,0,48.45,-0.009251359116689395,0.09951149901963077,-0.03,0.05683006539155622,0.6180121754597141,1.0,0.0,-1317.8752537085245,263.8224149859917,382.754,445.903,4.002645112636046,0.029204327608322478,3.453347022625828,83.89946699525726,-6.2586972044069284,-3.519700000000057,0.0,0.005138873958996671,final_approach,-6.549000054113835,-0.43808704759820216,-5.769447407957699,
48.533,63.95269444,-22.60007856,528.669,448.736,-0.6901,-2.9754,356.5006,0.0006,-0.0263,0.0024,69.656,74.211,-5.8552,124.5127,-13.611,0.0,0.0,0.0,-0.03,1626.7,0.0,3.7,150.0,0,48.533,-0.009267212616700049,0.09952850267413053,-0.03,0.0568257993681488,0.617796987354309,1.0,0.0,-1314.0796156147976,263.40611312786143,382.169,445.236,4.005636868542697,0.03034448165483046,3.4508997484725983,83.9537698156936,-6.258469107575024,-3.519399999999905,0.0,0.004671703599087883,final_approach,-6.549000054113835,-0.4384310906471871,-5.775612770977336,
48.608,63.95271997,-22.6000849,528.23,448.117,-0.6901,-2.9774,356.5007,0.0004,-0.0265,0.0024,69.656,74.211,-5.859,124.5119,-13.6106,0.0,0.0,0.0,-0.03,1626.4,0.0,3.7,150.0,0,48.608,-0.00927507847908876,0.0995420835983673,-0.03,0.056824377329648956,0.6176345925635943,1.0,0.0,-1311.233722907127,263.094499447809,381.73,444.617,4.007885019131411,0.030282958242833998,3.449068845853276,84.00256555459336,-6.258326982507981,-3.51929999999993,0.0,0.004247003271898075,final_approach,-6.549000054113835,-0.43864546054699716,-5.780263758399375,
48.725,63.95275969,-22.60009478,527.546,447.316,-0.69,-2.9805,356.501,0.0002,-0.0267,0.0025,69.656,74.21,-5.865,124.5106,-13.6099,0.0,0.0,0.0,-0.03,1625.9,0.0,3.7,150.0,0,48.725,-0.00929243401554447,0.09956246090136882,-0.03,0.05682011112205765,0.6173804004253112,1.0,0.0,-1306.806035819681,262.60889579747044,381.04600000000005,443.816,4.011387609059602,0.030225242877847027,3.4462051908389806,84.0781615562586,-6.2580732884808015,-3.5190000000000055,0.0,0.0038609120653618867,final_approach,-6.549000054113835,-0.43902811160992883,-5.787540735968619,
48.825,63.95278806,-22.60010183,527.057,446.799,-0.69,-2.9827,356.5012,0.0002,-0.0268,0.0025,69.656,74.209,-5.8692,124.5096,-13.6094,0.0,0.0,0.0,-0.03,1625.6,0.0,3.7,150.0,0,48.825,-0.00930191166391564,0.09957896770361149,-0.03,0.05681726690692335,0.61719747160727,1.0,0.0,-1303.643561316131,262.2623860580005,380.557,443.299,4.013896037739171,0.029368416864153975,3.4441606094935966,84.1423170786871,-6.257895625405837,-3.5188000000000557,0.0,0.003509920059419897,final_approach,-6.549000054113835,-0.43929608358375205,-5.792775272876884,
48.917,63.9528221,-22.60011029,526.47,446.192,-0.69,-2.9853,356.5015,0.0003,-0.027,0.0025,69.656,74.209,-5.8744,124.5084,-13.6088,0.0,0.0,0.0,-0.03,1625.2,0.0,3.7,150.0,0,48.917,-0.009313000973922902,0.09959694329217952,-0.03,0.05681300046911464,0.6169762848533804,1.0,0.0,-1299.8490378196534,261.84657452632257,379.97,442.692,4.016915640213396,0.029943975057493025,3.441702829972849,84.2009173000033,-6.257682425789824,-3.5184999999999036,0.0,0.0031908364176544517,final_approach,-6.549000054113835,-0.4396176555512259,-5.799101976397878,
49.033,63.95286182,-22.60012017,525.784,445.291,-0.6899,-2.9884,356.5017,0.0005,-0.0272,0.0025,69.656,74.208,-5.8805,124.5069,-13.6081,0.0,0.0,0.0,-0.03,1624.7,0.0,3.7,150.0,0,49.033,-0.009330247748267684,0.09961817856028964,-0.03,0.056810156100511766,0.6167163587049348,1.0,0.0,-1295.4213507322074,261.36097087598404,379.284,441.791,4.020445574152862,0.0300250567138098,3.4388241361745404,84.27424401957286,-6.2574386577129815,-3.518299999999954,0.0,0.0029007603796858653,final_approach,-6.549000054113835,-0.4399853339245112,-5.806533147204654,
49.108,63.95288735,-22.60012651,525.343,444.82,-0.6899,-2.9904,356.5019,0.0005,-0.0273,0.0025,69.656,74.207,-5.8845,124.5058,-13.6076,0.0,0.0,0.0,-0.03,1624.4,0.0,3.7,150.0,0,49.108,-0.009339434457120599,0.09963119408687883,-0.03,0.05680731167052544,0.6165478333756481,1.0,0.0,-1292.5754580245368,261.0493571959316,378.84299999999996,441.32,4.0227236879923165,0.03008335579363013,3.436977420935752,84.32133171609411,-6.257265953961195,-3.518100000000004,0.0,0.002637054890623514,final_approach,-6.549000054113835,-0.4402458248276364,-5.8113491301112745,
49.25,63.95293274,-22.60013779,524.558,443.947,-0.6898,-2.9941,356.5022,0.0004,-0.0275,0.0025,69.656,74.206,-5.8916,124.5039,-13.6068,0.0,0.0,0.0,-0.03,1623.9,0.0,3.7,150.0,0,49.25,-0.009357710326575341,0.09965546198859958,-0.03,0.056803044910455736,0.6162459959612671,1.0,0.0,-1287.5157217723518,260.49494169053554,378.058,440.447,4.026783489999266,0.029834488991111338,3.433682940576157,84.40979372353308,-6.256996579364767,-3.5177999999999656,0.0,0.002397322627839558,final_approach,-6.549000054113835,-0.4406521249301001,-5.819970723832238,
49.35,63.95296678,-22.60014626,523.968,443.218,-0.6898,-2.9968,356.5025,0.0004,-0.0276,0.0025,69.656,74.205,-5.897,124.5024,-13.6062,0.0,0.0,0.0,-0.03,1623.5,0.0,3.7,150.0,0,49.35,-0.009367925982218583,0.09967307301661815,-0.03,0.05679877801228672,0.6160181614412181,1.0,0.0,-1283.7211984468945,260.0786402217068,377.46799999999996,439.718,4.029830836791774,0.029940985480106153,3.431200354563059,84.47154777991095,-6.256798270265449,-3.5174999999999272,0.0,0.002179384207126871,final_approach,-6.549000054113835,-0.44095123595007557,-5.826475067421306,
49.442,63.95299798,-22.60015401,523.427,442.475,-0.6897,-2.9993,356.5027,0.0004,-0.0277,0.0025,69.656,74.204,-5.9019,124.501,-13.6056,0.0,0.0,0.0,-0.03,1623.1,0.0,3.7,150.0,0,49.442,-0.009382797448799773,0.09969074003113176,-0.03,0.05679593333679034,0.6158076217710663,1.0,0.0,-1280.243256744713,259.6977247492718,376.927,438.975,4.032633991328655,0.03002899974226458,3.428929671784558,84.52796322985674,-6.25659498643401,-3.5172999999999774,0.0,0.0019812583701153373,final_approach,-6.549000054113835,-0.44125785007630824,-5.832483035855212,
49.542,63.95303202,-22.60016247,522.837,441.801,-0.6897,-3.002,356.503,0.0004,-0.0278,0.0026,69.656,74.203,-5.9074,124.4993,-13.6049,0.0,0.0,0.0,-0.03,1622.6,0.0,3.7,150.0,0,49.542,-0.009395099040881205,0.09970855014159062,-0.03,0.05679166620847487,0.615575635224614,1.0,0.0,-1276.4487332474434,259.2819132175936,376.337,438.301,4.035708579708137,0.030148480417690117,3.4264451860630674,84.58884787103018,-6.256361129107432,-3.5170000000000528,0.0,0.0018011439728321248,final_approach,-6.549000054113835,-0.44161057797637326,-5.8391000941666285,
49.642,63.95306606,-22.60017093,522.246,441.126,-0.6897,-3.0048,356.5032,0.0004,-0.028,0.0026,69.655,74.202,-5.9129,124.4976,-13.6043,0.0,0.0,0.0,-0.03,1622.2,0.0,3.7,150.0,0,49.642,-0.009405206013730072,0.09972611429930307,-0.03,0.056788821379552434,0.6153422627480772,1.0,0.0,-1272.654209750966,258.86610168591574,375.746,437.626,4.038786816612287,0.03025412852165834,3.42395632956324,84.64928067774974,-6.2561727437366415,-3.5167999999999893,0.0,0.000728312702570331,final_approach,-6.549000054113835,-0.4418947200418515,-5.845753605552847,
49.742,63.9531001,-22.60017939,521.654,440.466,-0.6896,-3.0075,356.5035,0.0004,-0.0282,0.0026,69.655,74.201,-5.9184,124.4958,-13.6036,0.0,0.0,0.0,-0.03,1621.8,0.0,3.7,150.0,0,49.742,-0.00942110715329686,0.09974508511703555,-0.03,0.05678455402110949,0.6151074987311236,1.0,0.0,-1268.8596862536963,258.4502901542375,375.154,436.966,4.041868727773211,0.030348292369588057,3.4214630907517876,84.70926271789908,-6.255943843373558,-3.516499999999951,0.0,0.0006621024568821191,final_approach,-6.549000054113835,-0.44223997058629116,-5.852443684833222,
49.833,63.95313414,-22.60018785,521.062,439.699,-0.6896,-3.0103,356.5037,0.0004,-0.0285,0.0026,69.655,74.2,-5.924,124.4939,-13.6029,0.0,0.0,0.0,-0.03,1621.4,0.0,3.7,150.0,0,49.833,-0.009433300348194062,0.09976341945754945,-0.03,0.05678170903877855,0.6148705117871409,1.0,0.0,-1265.0651627564268,258.0344786225594,374.562,436.199,4.044965102499283,0.03096125962314127,3.4189654580529703,84.7634371443376,-6.255719905584272,-3.516300000000001,0.0,0.00060191132443829,final_approach,-6.549000054113835,-0.4425777356824341,-5.859193962262161,
49.917,63.9531625,-22.6001949,520.568,439.135,-0.6895,-3.0127,356.5039,0.0005,-0.0286,0.0026,69.654,74.199,-5.9287,124.4923,-13.6024,0.0,0.0,0.0,-0.03,1621.0,0.0,3.7,150.0,0,49.917,-0.009444921664327366,0.09977776433657252,-0.03,0.056778863995087914,0.6146720048893927,1.0,0.0,-1261.9038030211461,257.68796927221695,374.068,435.635,4.047547486659219,0.030924827781062307,3.4168801491037204,84.81311745285817,-6.255572014103564,-3.5161000000000513,0.0,-0.0005350589691304907,final_approach,-6.549000054113835,-0.44280080000891786,-5.864845756345009,
50.033,63.95320221,-22.60020477,519.876,438.426,-0.6895,-3.016,356.5042,0.0006,-0.0287,0.0026,69.654,74.197,-5.9353,124.49,-13.6016,0.0,0.0,0.0,-0.03,1620.5,0.0,3.7,150.0,0,50.033,-0.009458144463565465,0.09979972235522261,-0.03,0.05677459631450421,0.6143916677950645,1.0,0.0,-1257.4772305301574,257.2028559483306,373.376,434.926,4.051177222576535,0.030985827629787046,3.413956089022417,84.88119230503371,-6.25532245960116,-3.5157999999998992,0.0,-0.0004864172446640825,final_approach,-6.549000054113835,-0.44317720201291877,-5.872823624271543,
50.125,63.95323058,-22.60021182,519.381,437.779,-0.6894,-3.0184,356.5044,0.0007,-0.0288,0.0026,69.653,74.196,-5.94,124.4883,-13.601,0.0,0.0,0.0,-0.03,1620.1,0.0,3.7,150.0,0,50.125,-0.009472143705584468,0.09981540930208531,-0.03,0.056771751117424274,0.6141900071235185,1.0,0.0,-1254.3147560266068,256.8563462090347,372.881,434.279,4.053776004429417,0.030529461164101355,3.4118642853165935,84.93478149621406,-6.2551340452265265,-3.5155999999999494,0.0,-0.001430339787629974,final_approach,-6.549000054113835,-0.4434613862974519,-5.878559797139243,
50.208,63.95326178,-22.60021957,518.837,437.109,-0.6893,-3.021,356.5047,0.0007,-0.029,0.0026,69.653,74.195,-5.9453,124.4864,-13.6003,0.0,0.0,0.0,-0.03,1619.7,0.0,3.7,150.0,0,50.208,-0.009487755417772858,0.09983241179344564,-0.03,0.05676748320677072,0.6139660723560949,1.0,0.0,-1250.8368143252176,256.47543073659995,372.337,433.609,4.056649966983848,0.031212226782194923,3.409562376895946,84.98278894469023,-6.254910080894149,-3.5153000000000247,0.0,-0.0013003088978454308,final_approach,-6.549000054113835,-0.4437991900113367,-5.884926899353015,
50.317,63.95330149,-22.60022944,518.143,436.386,-0.6893,-3.0243,356.5049,0.0005,-0.0292,0.0026,69.652,74.193,-5.952,124.4838,-13.5995,0.0,0.0,0.0,-0.03,1619.2,0.0,3.7,150.0,0,50.317,-0.009500578673620586,0.09985453694094287,-0.03,0.05676463785631458,0.613679625265271,1.0,0.0,-1246.4102418342288,255.99031741271347,371.64300000000003,432.886,4.060308264430727,0.0316039159681582,3.4066232145998083,85.04534007524923,-6.25467540861041,-3.5150999999999613,0.0,-0.0020161273550094064,final_approach,-6.549000054113835,-0.4441531440262896,-5.893067352740932,
50.45,63.9533412,-22.6002393,517.448,435.531,-0.6892,-3.0277,356.5052,0.0005,-0.0293,0.0026,69.652,74.192,-5.9589,124.4811,-13.5986,0.0,0.0,0.0,-0.03,1618.7,0.0,3.7,150.0,0,50.45,-0.00951919689909253,0.09987526872213785,-0.03,0.056760369715608605,0.6133908707841755,1.0,0.0,-1241.983669173012,255.50569402615216,370.948,432.031,4.063975961894498,0.030932708750120802,3.403684488708743,85.12099577124722,-6.254400210339128,-3.514799999999923,0.0,-0.0018328430500085511,final_approach,-6.549000054113835,-0.44456822246033134,-5.901268792789843,
50.542,63.95337523,-22.60024776,516.852,434.748,-0.6891,-3.0306,356.5055,0.0005,-0.0294,0.0026,69.651,74.19,-5.9647,124.4788,-13.5979,0.0,0.0,0.0,-0.03,1618.2,0.0,3.7,150.0,0,50.542,-0.009533643930640323,0.09989493950469458,-0.03,0.056756101436884365,0.6131412355727955,1.0,0.0,-1238.19026044322,255.08988288360123,370.352,431.248,4.067130794195816,0.031492533199952134,3.401154530089659,85.17286426765031,-6.254196096378706,-3.514499999999998,0.0,-0.0026543632470480785,final_approach,-6.549000054113835,-0.44487608485029817,-5.908355438328833,
50.642,63.95340643,-22.60025551,516.304,434.172,-0.6891,-3.0333,356.5057,0.0005,-0.0296,0.0026,69.65,74.189,-5.9702,124.4766,-13.5972,0.0,0.0,0.0,-0.03,1617.8,0.0,3.7,150.0,0,50.642,-0.009544966139525712,0.0999102736466818,-0.03,0.056753255841060946,0.6129116496072768,1.0,0.0,-1234.7123187410389,254.70896741116624,369.804,430.672,4.070019359250263,0.03105805275737062,3.398835230403341,85.22883824313182,-6.253987005984413,-3.5143000000000484,0.0,-0.003322148406398753,final_approach,-6.549000054113835,-0.44519145279077144,-5.914869910003063,
50.742,63.95344046,-22.60026396,515.707,433.506,-0.689,-3.0362,356.506,0.0006,-0.0297,0.0026,69.65,74.188,-5.9761,124.4741,-13.5965,0.0,0.0,0.0,-0.03,1617.3,0.0,3.7,150.0,0,50.742,-0.00955883100541366,0.09993072271940086,-0.03,0.05674898733231959,0.6126583482718356,1.0,0.0,-1230.9189098402264,254.2936462059402,369.207,430.006,4.073192171926317,0.031169731757900193,3.396303188319793,85.28437243448668,-6.253792814023541,-3.51400000000001,0.0,-0.003020134914907957,final_approach,-6.549000054113835,-0.4454843493376366,-5.922053960803645,
50.833,63.95347449,-22.60027242,515.109,432.778,-0.689,-3.0391,356.5062,0.0006,-0.0299,0.0026,69.649,74.186,-5.9821,124.4715,-13.5957,0.0,0.0,0.0,-0.03,1616.8,0.0,3.7,150.0,0,50.833,-0.009571657229305752,0.09994938237251934,-0.03,0.05674614158315816,0.6124035323611066,1.0,0.0,-1227.1255011112266,253.87783506338957,368.60900000000004,429.278,4.07636920634572,0.031793520822796656,3.393760111590598,85.33450867492348,-6.253558094212224,-3.5137999999999465,0.0,-0.0037445781943766273,final_approach,-6.549000054113835,-0.4458383729805284,-5.929277442599492,
50.908,63.95350285,-22.60027947,514.61,432.209,-0.6889,-3.0416,356.5064,0.0005,-0.03,0.0026,69.648,74.185,-5.9871,124.4693,-13.5951,0.0,0.0,0.0,-0.03,1616.5,0.0,3.7,150.0,0,50.908,-0.0095842021640829,0.09996533126846806,-0.03,0.056743295772668234,0.6121898986617549,1.0,0.0,-1223.964141375154,253.53132571304693,368.11,428.709,4.079021536127828,0.03238866686812723,3.391637571641717,85.3755452211093,-6.2533944691427905,-3.5135999999999967,0.0,-0.0046162832070147965,final_approach,-6.549000054113835,-0.4460851654548321,-5.9353307820822,
51.025,63.95354256,-22.60028933,513.912,431.315,-0.6889,-3.0451,356.5067,0.0006,-0.0304,0.0027,69.647,74.183,-5.9942,124.4662,-13.5942,0.0,0.0,0.0,-0.03,1615.9,0.0,3.7,150.0,0,51.025,-0.00959776743875801,0.09998791205094805,-0.03,0.056739026941941995,0.6118872987703472,1.0,0.0,-1219.5375687131448,253.04670232648533,367.41200000000003,427.815,4.082761105306512,0.03231757734549537,3.388667796136371,85.43905472689494,-6.253139083529703,-3.5132999999999583,0.0,-0.004973621874279642,final_approach,-6.549000054113835,-0.44647035813152414,-5.943900767181532,
51.117,63.95357092,-22.60029637,513.412,430.722,-0.6888,-3.0476,356.5069,0.0006,-0.0306,0.0027,69.647,74.181,-5.9993,124.4639,-13.5935,0.0,0.0,0.0,-0.03,1615.5,0.0,3.7,150.0,0,51.117,-0.009612691266034312,0.10000442096205332,-0.03,0.056736180978136264,0.6116704977711841,1.0,0.0,-1216.3762088068438,252.7006829134678,366.91200000000003,427.222,4.085428055202808,0.03176274542613089,3.386544243121152,85.4886036960996,-6.252934920847764,-3.5131000000000085,0.0,-0.004521474431163311,final_approach,-6.549000054113835,-0.4467782919835983,-5.950037792609102,
51.208,63.95360211,-22.60030412,512.862,430.109,-0.6888,-3.0504,356.5072,0.0005,-0.0307,0.0027,69.646,74.18,-6.005,124.4613,-13.5928,0.0,0.0,0.0,-0.03,1615.1,0.0,3.7,150.0,0,51.208,-0.009622376526522203,0.10002110257442749,-0.03,0.05673191191744753,0.6114301844718774,1.0,0.0,-1212.89938187214,252.3197678301601,366.36199999999997,426.609,4.088372401195959,0.03186152960080654,3.384200229807919,85.53725048580063,-6.252745655520869,-3.51279999999997,0.0,-0.005109432300063312,final_approach,-6.549000054113835,-0.447063756206175,-5.956837435675691,
51.325,63.95364181,-22.60031398,512.161,429.293,-0.6887,-3.0539,356.5075,0.0006,-0.0308,0.0027,69.645,74.178,-6.0123,124.4579,-13.5919,0.0,0.0,0.0,-0.03,1614.5,0.0,3.7,150.0,0,51.325,-0.009638959860041096,0.10004274696740464,-0.03,0.0567276427187936,0.6111221409796558,1.0,0.0,-1208.4739239776088,251.83514483272577,365.66099999999994,425.793,4.092128635024627,0.03190203510703733,3.381214098628403,85.59925725844553,-6.252505141600267,-3.5125000000000455,0.0,-0.005421939231607469,final_approach,-6.549000054113835,-0.4474265170105678,-5.965548979400285,
51.45,63.95368151,-22.60032384,511.459,428.515,-0.6886,-3.0575,356.5078,0.0007,-0.0309,0.0027,69.644,74.176,-6.0196,124.4544,-13.5909,0.0,0.0,0.0,-0.03,1613.9,0.0,3.7,150.0,0,51.45,-0.009657922249808104,0.10006542509532992,-0.03,0.05672337338217903,0.6108116143854191,1.0,0.0,-1204.0484660830775,251.35052183511743,364.959,425.015,4.095895050341938,0.03160691634561234,3.37822174193134,85.66487140427677,-6.252224087566418,-3.512200000000007,0.0,-0.005656308392363564,final_approach,-6.549000054113835,-0.44785042282036436,-5.974325627689325,
51.55,63.95371554,-22.60033229,510.856,427.8,-0.6885,-3.0605,356.5081,0.0006,-0.0311,0.0027,69.643,74.174,-6.026,124.4513,-13.5901,0.0,0.0,0.0,-0.03,1613.4,0.0,3.7,150.0,0,51.55,-0.009672712143722229,0.10008311132884826,-0.03,0.05671910390761348,0.6105438788855957,1.0,0.0,-1200.2550571830573,250.93520062989163,364.356,424.3,4.099126504368766,0.031724853666057456,3.3756529597100027,85.71688712890017,-6.252014137275978,-3.5118999999999687,0.0,-0.006051189447607633,final_approach,-6.549000054113835,-0.4481670844681265,-5.981888730645419,
51.633,63.95374956,-22.60034075,510.253,427.163,-0.6885,-3.0636,356.5083,0.0006,-0.0312,0.0027,69.641,74.172,-6.0323,124.4481,-13.5893,0.0,0.0,0.0,-0.03,1612.9,0.0,3.7,150.0,0,51.633,-0.00968379417430143,0.1001025311041888,-0.03,0.056716257514601964,0.610273855541447,1.0,0.0,-1196.4627632207432,250.519389876468,363.753,423.663,4.102370842937296,0.03295211413643146,3.3730721197837954,85.75970206045227,-6.2518091445111,-3.511700000000019,0.0,-0.007691661819835204,final_approach,-6.549000054113835,-0.448476268494451,-5.989512623745551,
51.717,63.95377508,-22.60034708,509.801,426.577,-0.6884,-3.0659,356.5085,0.0006,-0.0314,0.0027,69.641,74.17,-6.0371,124.4457,-13.5887,0.0,0.0,0.0,-0.03,1612.5,0.0,3.7,150.0,0,51.717,-0.009695760002915721,0.10011801002972542,-0.03,0.05671341106028316,0.6100693022520834,1.0,0.0,-1193.6179851087381,250.20826652286746,363.301,423.077,4.10481883841162,0.032317228991320876,3.3711437743284893,85.8027509717266,-6.251655392913904,-3.5114999999999554,0.0,-0.006992419836213822,final_approach,-6.549000054113835,-0.4487081668894426,-5.995285465430349,
51.833,63.95381478,-22.60035694,509.096,425.755,-0.6884,-3.0696,356.5088,0.0005,-0.0317,0.0027,69.639,74.168,-6.0447,124.4419,-13.5877,0.0,0.0,0.0,-0.03,1612.0,0.0,3.7,150.0,0,51.833,-0.009709960263533213,0.10013876640267992,-0.03,0.05670914126386284,0.6097499543002071,1.0,0.0,-1189.1925272142068,249.72364352525906,362.596,422.255,4.1086241233104746,0.03239838751985731,3.368130375679256,85.86168345821471,-6.251389190706334,-3.511199999999917,0.0,-0.007924143424778676,final_approach,-6.549000054113835,-0.4491096703390465,-6.004293617591074,
51.933,63.95384597,-22.60036469,508.542,425.026,-0.6883,-3.0724,356.5091,0.0006,-0.0318,0.0027,69.638,74.166,-6.0506,124.4388,-13.5869,0.0,0.0,0.0,-0.03,1611.5,0.0,3.7,150.0,0,51.933,-0.009724752791849589,0.10015766784801415,-0.03,0.056704871329519624,0.6094967023344267,1.0,0.0,-1185.7157002795032,249.3427284421254,362.042,421.526,4.11162769731992,0.03200461294895742,3.3657561429643708,85.91205346098377,-6.2511791978591305,-3.5108999999999924,0.0,-0.008112857658881114,final_approach,-6.549000054113835,-0.44942639478657753,-6.011433546038951,
52.008,63.95387432,-22.60037173,508.037,424.558,-0.6883,-3.0751,356.5093,0.0007,-0.0319,0.0027,69.637,74.164,-6.0561,124.4359,-13.5862,0.0,0.0,0.0,-0.03,1611.1,0.0,3.7,150.0,0,52.008,-0.009734041814834005,0.10017277526013751,-0.03,0.05670202463000329,0.6092659913484262,1.0,0.0,-1182.55545514068,248.99670941823518,361.537,421.058,4.114353209083317,0.0327272035983462,3.363597560689259,85.949543144383,-6.251004760407881,-3.5107000000000426,0.0,-0.00858744635656433,final_approach,-6.549000054113835,-0.44968949207919096,-6.017935068913101,
52.125,63.95391401,-22.60038158,507.33,423.703,-0.6882,-3.0788,356.5096,0.0008,-0.0321,0.0027,69.636,74.162,-6.0638,124.4318,-13.5852,0.0,0.0,0.0,-0.03,1610.5,0.0,3.7,150.0,0,52.125,-0.009751260813600282,0.10019554845731252,-0.03,0.05669775446580194,0.6089399390542226,1.0,0.0,-1178.1311118426058,248.51257674707895,360.83,420.203,4.118187840476434,0.032735107547221386,3.360574079664726,86.00752709344067,-6.25075342060839,-3.510400000000004,0.0,-0.008583770192062986,final_approach,-6.549000054113835,-0.45006857779882914,-6.0271186358500906,
52.217,63.95394236,-22.60038862,506.825,423.111,-0.6881,-3.0814,356.5098,0.0009,-0.0322,0.0027,69.635,74.16,-6.0693,124.4288,-13.5845,0.0,0.0,0.0,-0.03,1610.0,0.0,3.7,150.0,0,52.217,-0.009764150376857517,0.10021251157768353,-0.03,0.056694907613053847,0.6087048392218821,1.0,0.0,-1174.9708667029904,248.16655772318845,360.325,419.611,4.120940468221151,0.03226590075441778,3.3584077305064888,86.05274418822738,-6.250583931099811,-3.5101999999999407,0.0,-0.008791569739810795,final_approach,-6.549000054113835,-0.4503242117307238,-6.033737031694802,
52.317,63.95397638,-22.60039707,506.217,422.304,-0.688,-3.0846,356.5101,0.0009,-0.0325,0.0027,69.633,74.158,-6.076,124.4252,-13.5836,0.0,0.0,0.0,-0.03,1609.5,0.0,3.7,150.0,0,52.317,-0.009780158360251257,0.100230773650653,-0.03,0.05669063721901979,0.608422231880541,1.0,0.0,-1171.178572569656,247.75123690708966,359.717,418.804,4.124235847938156,0.03238055015702307,3.355802496878959,86.10148195728785,-6.250353229146157,-3.509900000000016,0.0,-0.009810517945291197,final_approach,-6.549000054113835,-0.45067216946484656,-6.041689064877325,
52.433,63.95401891,-22.60040763,505.457,421.39,-0.6879,-3.0886,356.5104,0.0008,-0.0326,0.0027,69.631,74.155,-6.0844,124.4205,-13.5825,0.0,0.0,0.0,-0.03,1608.8,0.0,3.7,150.0,0,52.433,-0.009798301456727054,0.10025526205712293,-0.03,0.056686366687094036,0.6080650783629985,1.0,0.0,-1166.4376474764938,247.23220817669028,358.957,417.89,4.128379734119988,0.032937651254174305,3.352541447629992,86.15745103497808,-6.25008614537208,-3.5095999999999776,0.0,-0.01048605079665606,final_approach,-6.549000054113835,-0.4510749997897481,-6.051732827252749,
52.508,63.95404442,-22.60041397,505.001,420.957,-0.6878,-3.0911,356.5106,0.0008,-0.0327,0.0027,69.63,74.153,-6.0895,124.4177,-13.5818,0.0,0.0,0.0,-0.03,1608.4,0.0,3.7,150.0,0,52.508,-0.009811776109528325,0.10026992768244172,-0.03,0.05668351958920814,0.6078489669055935,1.0,0.0,-1163.5939843029869,246.92059527471807,358.501,417.457,4.130876083755908,0.032995486347189594,3.35057793262804,86.19335075233774,-6.249906688177305,-3.509399999999914,0.0,-0.010744894663632463,final_approach,-6.549000054113835,-0.45134566660655473,-6.057807084216051,
52.65,63.95408978,-22.60042523,504.188,420.026,-0.6877,-3.0954,356.511,0.0007,-0.033,0.0028,69.628,74.15,-6.0986,124.4125,-13.5806,0.0,0.0,0.0,-0.03,1607.7,0.0,3.7,150.0,0,52.65,-0.009830660521627677,0.1002959440384034,-0.03,0.05667782520960618,0.607463080190681,1.0,0.0,-1158.5375920119857,246.3671608115279,357.688,416.526,4.135313073158661,0.032703972663448766,3.3470888342103855,86.26065550656787,-6.249618899569896,-3.5090000000000146,0.0,-0.011048495788958702,final_approach,-6.549000054113835,-0.451779724044707,-6.068647318944102,
52.742,63.95412379,-22.60043367,503.578,419.247,-0.6876,-3.0987,356.5113,0.0007,-0.0331,0.0028,69.627,74.148,-6.1055,124.4085,-13.5796,0.0,0.0,0.0,-0.03,1607.2,0.0,3.7,150.0,0,52.742,-0.009848176931129549,0.10031579112860342,-0.03,0.05667355426405818,0.6071709866818721,1.0,0.0,-1154.7464124751086,245.95233032170722,357.078,415.747,4.138654415276259,0.03330646656301548,3.344468937330335,86.30381397191546,-6.249362497673388,-3.508699999999976,0.0,-0.011032229373366398,final_approach,-6.549000054113835,-0.452166441890709,-6.076847725474725,
52.842,63.95415497,-22.60044141,503.018,418.556,-0.6876,-3.1017,356.5115,0.0005,-0.0334,0.0028,69.625,74.146,-6.1118,124.4048,-13.5788,0.0,0.0,0.0,-0.03,1606.7,0.0,3.7,150.0,0,52.842,-0.009857809867479694,0.10033417942200565,-0.03,0.056670706890437406,0.606901540570988,1.0,0.0,-1151.2707001368624,245.5719055650257,356.518,415.056,4.141723748415217,0.032870944034108326,3.342061351634572,86.35034072717254,-6.2491822031285835,-3.5084999999999127,0.0,-0.011847481248510644,final_approach,-6.549000054113835,-0.4524383706029127,-6.084408503049975,
52.942,63.95418899,-22.60044986,502.406,417.845,-0.6875,-3.105,356.5118,0.0005,-0.0336,0.0028,69.624,74.143,-6.1188,124.4007,-13.5779,0.0,0.0,0.0,-0.03,1606.2,0.0,3.7,150.0,0,52.942,-0.009872365494663804,0.1003538818435464,-0.03,0.05666643571513186,0.6066059018974574,1.0,0.0,-1147.4784060035279,245.15658474875286,355.906,414.345,4.145077357685683,0.032981802145868,3.339426579873235,86.39644891606929,-6.248976253904857,-3.508199999999988,0.0,-0.011679528407741278,final_approach,-6.549000054113835,-0.4527489925910917,-6.092700063295222,
53.042,63.954223,-22.6004583,501.794,417.12,-0.6875,-3.1083,356.512,0.0006,-0.0336,0.0028,69.622,74.141,-6.1258,124.3965,-13.5769,0.0,0.0,0.0,-0.03,1605.6,0.0,3.7,150.0,0,53.042,-0.009885884515435372,0.10037381005872825,-0.03,0.05666358818834716,0.6063077376182531,1.0,0.0,-1143.6872264666506,244.74175425910624,355.294,413.62,4.148444888106858,0.033097385823513986,3.3367928192695864,86.44214003494268,-6.2487297419802985,-3.508000000000038,0.0,-0.01243593491612417,final_approach,-6.549000054113835,-0.45312079264459015,-6.101058032695402,
53.142,63.95425701,-22.60046674,501.181,416.471,-0.6874,-3.1116,356.5123,0.0006,-0.0338,0.0028,69.621,74.138,-6.1329,124.3922,-13.576,0.0,0.0,0.0,-0.03,1605.1,0.0,3.7,150.0,0,53.142,-0.009899858829966912,0.10039369889928845,-0.03,0.05665931678330305,0.6060077878926737,1.0,0.0,-1139.8960469297735,244.32692376928554,354.681,412.971,4.151817869839904,0.03320279107467252,3.3341542827972397,86.48741499643927,-6.248533699368096,-3.5077,0.0,-0.012214486287389937,final_approach,-6.549000054113835,-0.4534164723297849,-6.109461586406923,
53.233,63.95429102,-22.60047519,500.567,415.749,-0.6874,-3.115,356.5126,0.0006,-0.0339,0.0029,69.619,74.135,-6.14,124.3878,-13.575,0.0,0.0,0.0,-0.03,1604.5,0.0,3.7,150.0,0,53.233,-0.009912322779615235,0.10041348444853038,-0.03,0.05665504524042719,0.6057060441944316,1.0,0.0,-1136.1048675639167,243.91160334231404,354.067,412.249,4.155196344201726,0.033856674543585534,3.331504280522843,86.52823672714432,-6.2482970908411914,-3.5073999999999614,0.0,-0.013102080441079234,final_approach,-6.549000054113835,-0.45377333481859417,-6.117910902633312,
53.317,63.95431936,-22.60048222,500.055,415.182,-0.6873,-3.1178,356.5128,0.0007,-0.0341,0.0029,69.617,74.133,-6.1459,124.3842,-13.5742,0.0,0.0,0.0,-0.03,1604.0,0.0,3.7,150.0,0,53.317,-0.009926142101216506,0.10043069685589608,-0.03,0.05665219746860872,0.6054528077971028,1.0,0.0,-1132.9457370207585,243.5660746448757,353.555,411.682,4.158020493125684,0.03381736554020597,3.329299917607253,86.56561885738732,-6.24811176605661,-3.5072000000000116,0.0,-0.014075484383659978,final_approach,-6.549000054113835,-0.45405284879342034,-6.12499846737116,
53.433,63.95435904,-22.60049207,499.338,414.327,-0.6872,-3.1217,356.5132,0.0007,-0.0344,0.0029,69.615,74.13,-6.1543,124.3789,-13.573,0.0,0.0,0.0,-0.03,1603.4,0.0,3.7,150.0,0,53.433,-0.009944744383557413,0.10045459372466733,-0.03,0.05664650174121444,0.605095017679131,1.0,0.0,-1128.5225084901624,243.08194236284672,352.838,410.827,4.161993451134523,0.03388941095137778,3.326203198919041,86.6167380355467,-6.247828790718842,-3.5067999999999984,0.0,-0.014363293013366089,final_approach,-6.549000054113835,-0.4544796425613047,-6.135006904444715,
53.525,63.95438737,-22.6004991,498.825,413.671,-0.6871,-3.1246,356.5134,0.0008,-0.0345,0.0029,69.614,74.128,-6.1604,124.3751,-13.5722,0.0,0.0,0.0,-0.03,1602.9,0.0,3.7,150.0,0,53.525,-0.009957982298134327,0.10047087407263258,-0.03,0.05664365378564351,0.6048383113482044,1.0,0.0,-1125.3644927144821,242.73641405453563,352.325,410.171,4.164831714943187,0.0333829580548864,3.3239899266238955,86.65692044548709,-6.247653374392797,-3.506599999999935,0.0,-0.014045681395540889,final_approach,-6.549000054113835,-0.45474421156632694,-6.142183872957986,
53.617,63.95442138,-22.60050754,498.208,413.041,-0.6871,-3.128,356.5137,0.0008,-0.0348,0.0029,69.612,74.125,-6.1677,124.3705,-13.5712,0.0,0.0,0.0,-0.03,1602.3,0.0,3.7,150.0,0,53.617,-0.009969867027062485,0.10049069082061597,-0.03,0.056639381737455086,0.6045286944167375,1.0,0.0,-1121.5733131776049,242.321583564889,351.708,409.541,4.168241564314121,0.03399639506554677,3.3213281186294723,86.69673474303484,-6.247426637013035,-3.50630000000001,0.0,-0.014745085853663235,final_approach,-6.549000054113835,-0.4550861844041627,-6.1508358399527125,
53.733,63.95446105,-22.60051739,497.488,412.193,-0.687,-3.132,356.514,0.0008,-0.035,0.0029,69.609,74.122,-6.1762,124.3649,-13.5701,0.0,0.0,0.0,-0.03,1601.6,0.0,3.7,150.0,0,53.733,-0.009985400379216858,0.10051488008443428,-0.03,0.05663510955147055,0.604164189797271,1.0,0.0,-1117.1511994144864,241.83745167198734,350.988,408.693,4.172237358406273,0.034071412687024315,3.3182135734978595,86.74642014322086,-6.2472040326534,-3.505999999999972,0.0,-0.015755720682013696,final_approach,-6.549000054113835,-0.4554219232825236,-6.161015636442574,
53.808,63.95448655,-22.60052372,497.025,411.648,-0.6869,-3.1347,356.5142,0.0009,-0.0351,0.0029,69.608,74.119,-6.1818,124.3613,-13.5693,0.0,0.0,0.0,-0.03,1601.2,0.0,3.7,150.0,0,53.808,-0.009999223815927438,0.10052983692307944,-0.03,0.05663226135093169,0.6039279574698591,1.0,0.0,-1114.308650837437,241.52632909646726,350.525,408.148,4.174816436930447,0.03412412951513028,3.316209115713442,86.77826977654132,-6.247018641329305,-3.5057999999999083,0.0,-0.015535503650303997,final_approach,-6.549000054113835,-0.4557015359895402,-6.167609649899376,
53.95,63.95453189,-22.60053497,496.2,410.654,-0.6868,-3.1393,356.5146,0.0009,-0.0355,0.0029,69.605,74.115,-6.1917,124.3548,-13.5679,0.0,0.0,0.0,-0.03,1600.4,0.0,3.7,150.0,0,53.95,-0.01001967792871944,0.10055718786343812,-0.03,0.05662656476615169,0.6035057189884686,1.0,0.0,-1109.254487909579,240.97338534885623,349.7,407.154,4.179405870240312,0.03382343341033687,3.3126416831915577,86.83791441861223,-6.246704116105178,-3.5054000000000087,0.0,-0.016043799733310965,final_approach,-6.549000054113835,-0.4561759116520232,-6.1793890227228125,
54.05,63.95456589,-22.6005434,495.58,409.988,-0.6867,-3.1428,356.5149,0.0009,-0.0356,0.0029,69.603,74.112,-6.1992,124.3499,-13.5669,0.0,0.0,0.0,-0.03,1599.8,0.0,3.7,150.0,0,54.05,-0.01003458358741438,0.10057749807548501,-0.03,0.05662229216683168,0.6031870692375773,1.0,0.0,-1105.4644229691592,240.55904518548772,349.08,406.488,4.182852314397303,0.03393026810360016,3.309965007392726,86.8794512046228,-6.246492209456619,-3.5050999999999704,0.0,-0.016403454303018754,final_approach,-6.549000054113835,-0.4564955146852814,-6.188272891541118,
54.142,63.95459989,-22.60055184,494.96,409.133,-0.6866,-3.1464,356.5152,0.001,-0.0359,0.0029,69.601,74.109,-6.2068,124.3448,-13.5659,0.0,0.0,0.0,-0.03,1599.2,0.0,3.7,150.0,0,54.142,-0.010048907146681885,0.10059747465382442,-0.03,0.05661801942974931,0.6028654036495038,1.0,0.0,-1101.6743581997598,240.1442150847943,348.46,405.633,4.186316731263456,0.03455134093081205,3.3072767021217415,86.91729034419049,-6.246290221821539,-3.504799999999932,0.0,-0.01688851576953801,final_approach,-6.549000054113835,-0.4568001572718998,-6.197235942904449,
54.242,63.95463105,-22.60055957,494.391,408.613,-0.6865,-3.1496,356.5154,0.001,-0.0361,0.0029,69.599,74.107,-6.2138,124.3401,-13.5649,0.0,0.0,0.0,-0.03,1598.7,0.0,3.7,150.0,0,54.242,-0.010064872037547912,0.10061581160455381,-0.03,0.05661517086183132,0.6025688139733758,1.0,0.0,-1098.200875224656,239.76428104351785,347.891,405.113,4.189498213364283,0.034095254277055946,3.304812003729119,86.9580472434161,-6.246068345541403,-3.504599999999982,0.0,-0.017171377972303146,final_approach,-6.549000054113835,-0.45713479601026563,-6.205495925670359,
54.342,63.95466505,-22.60056801,493.769,407.783,-0.6864,-3.1532,356.5157,0.001,-0.0364,0.0029,69.597,74.103,-6.2214,124.3349,-13.5638,0.0,0.0,0.0,-0.03,1598.1,0.0,3.7,150.0,0,54.342,-0.010081578788581957,0.10063722700394137,-0.03,0.056610897895163936,0.6022435410524334,1.0,0.0,-1094.4108104552568,239.3494509429985,347.269,404.283,4.192973383576551,0.03420466225132683,3.302114255520991,86.99839851149015,-6.245825752436389,-3.5043000000000575,0.0,-0.01742852542937515,final_approach,-6.549000054113835,-0.45750067987025034,-6.214549966670017,
54.442,63.95469904,-22.60057645,493.146,407.011,-0.6863,-3.1568,356.516,0.001,-0.0366,0.0029,69.595,74.1,-6.2292,124.3296,-13.5628,0.0,0.0,0.0,-0.03,1597.5,0.0,3.7,150.0,0,54.442,-0.010095322389990002,0.10065610880424818,-0.03,0.05660662479075218,0.6019166290865956,1.0,0.0,-1090.621860453335,238.9346212316064,346.646,403.511,4.196451516135675,0.034300772807978934,3.299410678570572,87.03834491764225,-6.2456336486502835,-3.5039999999999054,0.0,-0.01766229584488224,final_approach,-6.549000054113835,-0.4577904143746565,-6.223644630291435,
54.542,63.95473303,-22.60058488,492.523,406.391,-0.6862,-3.1605,356.5163,0.0009,-0.0367,0.0029,69.592,74.097,-6.237,124.3243,-13.5617,0.0,0.0,0.0,-0.03,1596.9,0.0,3.7,150.0,0,54.542,-0.010111739949408116,0.10067543507475092,-0.03,0.05660235154861015,0.6015866241796908,1.0,0.0,-1086.832910280393,238.52028145736512,346.023,402.891,4.199947969617492,0.034411399809676876,3.2967088960782145,87.07788799085793,-6.245395984536941,-3.5036999999999807,0.0,-0.018783905313529373,final_approach,-6.549000054113835,-0.45814886339992356,-6.232820279306065,
54.642,63.95476703,-22.60059331,491.899,405.568,-0.6861,-3.1641,356.5166,0.0009,-0.0369,0.003,69.59,74.094,-6.2448,124.3188,-13.5606,0.0,0.0,0.0,-0.03,1596.3,0.0,3.7,150.0,0,54.642,-0.010127575602484451,0.10069652290411339,-0.03,0.05659807816874307,0.6012543353476845,1.0,0.0,-1083.0428453399732,238.10594129399658,345.399,402.068,4.203454021969757,0.03451958709517301,3.2940030302387324,87.1170286672456,-6.245168236145133,-3.503400000000056,0.0,-0.01889445937593153,final_approach,-6.549000054113835,-0.4584923569384607,-6.242054320204055,
54.742,63.95480102,-22.60060175,491.274,404.886,-0.686,-3.1678,356.5169,0.0009,-0.0371,0.0029,69.588,74.09,-6.2527,124.3133,-13.5595,0.0,0.0,0.0,-0.03,1595.6,0.0,3.7,150.0,0,54.742,-0.01014341249370998,0.10071667834267606,-0.03,0.05659380465115538,0.600920369427104,1.0,0.0,-1079.2538953380513,237.6911115826045,344.774,401.386,4.206963215419758,0.034614978329311555,3.291284537570624,87.15576702544519,-6.244940467403239,-3.503099999999904,0.0,-0.01899496306903745,final_approach,-6.549000054113835,-0.45883588074982207,-6.251329823198052,
54.833,63.954835,-22.60061018,490.648,404.154,-0.6859,-3.1714,356.5172,0.0009,-0.0373,0.0029,69.585,74.087,-6.2607,124.3077,-13.5584,0.0,0.0,0.0,-0.03,1595.0,0.0,3.7,150.0,0,54.833,-0.010158959036527526,0.10073506093591693,-0.03,0.0565895309958615,0.6005847233565915,1.0,0.0,-1075.466059931795,237.27677219749023,344.148,400.654,4.210475567937341,0.035278695343260925,3.28856693652061,87.19065412335804,-6.244717646502636,-3.5027999999999793,0.0,-0.020265151241582575,final_approach,-6.549000054113835,-0.45917194175566145,-6.260646821272854,
54.908,63.95486333,-22.6006172,490.126,403.55,-0.6858,-3.1745,356.5174,0.0009,-0.0374,0.0029,69.583,74.084,-6.2673,124.303,-13.5574,0.0,0.0,0.0,-0.03,1594.5,0.0,3.7,150.0,0,54.908,-0.010174931759876216,0.10075287330712497,-0.03,0.05658668181583115,0.6003025639355554,1.0,0.0,-1072.3080439850942,236.93173382650397,343.626,400.05,4.213417117895496,0.03593569047083815,3.2863030107141165,87.21915021385321,-6.244495643210712,-3.5026000000000295,0.0,-0.02084710718931175,final_approach,-6.549000054113835,-0.4595067692349737,-6.268475125229763,
55.033,63.95490298,-22.60062704,489.394,402.784,-0.6857,-3.1789,356.5177,0.0009,-0.0376,0.0029,69.58,74.08,-6.2767,124.2963,-13.5561,0.0,0.0,0.0,-0.03,1593.8,0.0,3.7,150.0,0,55.033,-0.010192620391609952,0.10077585494686589,-0.03,0.05658240793103786,0.5999056003700138,1.0,0.0,-1067.8881595859107,236.44809264918172,342.894,399.284,4.217538599559763,0.035441717611388035,3.283118466832938,87.26612689631628,-6.244236326239417,-3.502299999999991,0.0,-0.02113373380846531,final_approach,-6.549000054113835,-0.4598978730551302,-6.279482445118628,
55.117,63.9549313,-22.60063407,488.871,402.213,-0.6856,-3.182,356.518,0.0009,-0.0376,0.003,69.578,74.077,-6.2834,124.2915,-13.5552,0.0,0.0,0.0,-0.03,1593.2,0.0,3.7,150.0,0,55.117,-0.01020515603383515,0.10079362971271394,-0.03,0.05657813390855648,0.5996195879260623,1.0,0.0,-1064.731258577708,236.10256472982383,342.371,398.713,4.22049603348593,0.03540268913283816,3.2808384993186683,87.29737217494936,-6.244064808336077,-3.5019999999999527,0.0,-0.02137698744492023,final_approach,-6.549000054113835,-0.46015655735635796,-6.287408796916139,
55.217,63.95496245,-22.60064179,488.295,401.611,-0.6855,-3.1854,356.5182,0.0008,-0.0378,0.003,69.576,74.074,-6.2909,124.2861,-13.5541,0.0,0.0,0.0,-0.03,1592.6,0.0,3.7,150.0,0,55.217,-0.01022176475881953,0.10081196590931887,-0.03,0.05657528448374727,0.5993032705967654,1.0,0.0,-1061.258890199854,235.72312101499978,341.795,398.111,4.223755189834902,0.034934168192318205,3.2783351454965515,87.33421444891584,-6.243831971407161,-3.501800000000003,0.0,-0.021251806768117956,final_approach,-6.549000054113835,-0.46050772298720055,-6.296170700410364,
55.325,63.95500492,-22.60065233,487.508,400.796,-0.6854,-3.1901,356.5186,0.0008,-0.0379,0.003,69.572,74.07,-6.3011,124.2786,-13.5527,0.0,0.0,0.0,-0.03,1591.8,0.0,3.7,150.0,0,55.325,-0.010239324777491399,0.10083722704271586,-0.03,0.05656958545056323,0.5988696029068621,1.0,0.0,-1056.5246533687255,235.2050744940135,341.008,397.296,4.228203871516991,0.03597705633632751,3.274905340903357,87.3735010537173,-6.243566769556196,-3.5013999999999896,0.0,-0.02268682770164808,final_approach,-6.549000054113835,-0.4609077009925784,-6.308175879406583,
55.408,63.95503041,-22.60065865,487.035,400.301,-0.6854,-3.1929,356.5188,0.0008,-0.0381,0.003,69.57,74.067,-6.3073,124.2741,-13.5518,0.0,0.0,0.0,-0.03,1591.4,0.0,3.7,150.0,0,55.408,-0.010249320963350017,0.10085215477762582,-0.03,0.05656673584219307,0.5986076489353612,1.0,0.0,-1053.6832193881332,234.8944422449456,340.535,396.801,4.230880242552148,0.03535511930669348,3.272847081376469,87.40341400855627,-6.24338029541849,-3.501199999999926,0.0,-0.02281496932352409,final_approach,-6.549000054113835,-0.4611889413482029,-6.315423457107563,
55.542,63.95507571,-22.60066989,486.193,399.613,-0.6853,-3.198,356.5192,0.0008,-0.0383,0.0031,69.567,74.062,-6.3183,124.2659,-13.5502,0.0,0.0,0.0,-0.03,1590.5,0.0,3.7,150.0,0,55.542,-0.010270191535329709,0.10088058458313125,-0.03,0.05656103644191346,0.5981392335475019,1.0,0.0,-1048.6335153583739,234.3419899909942,339.693,396.113,4.235646012897868,0.035390174479109686,3.2691764911925607,87.45108174247119,-6.243058689282179,-3.5008000000000266,0.0,-0.02277615935788493,final_approach,-6.549000054113835,-0.4616739871638007,-6.3283756869184735,
55.642,63.95510685,-22.60067761,485.614,398.943,-0.6852,-3.2014,356.5195,0.0009,-0.0385,0.0031,69.564,74.058,-6.326,124.2601,-13.5492,0.0,0.0,0.0,-0.03,1589.9,0.0,3.7,150.0,0,55.642,-0.010282490744623118,0.10089843914943257,-0.03,0.05655676173111168,0.5978140483891452,1.0,0.0,-1045.1622617479975,233.96254666512337,339.114,395.443,4.238939644048544,0.03498119731705122,3.26665248796164,87.48624338545912,-6.242891202007314,-3.500499999999988,0.0,-0.02343287214353182,final_approach,-6.549000054113835,-0.4619265908470993,-6.337361737634254,
55.742,63.95514083,-22.60068604,484.981,398.116,-0.6851,-3.2053,356.5198,0.001,-0.0387,0.0031,69.561,74.055,-6.3343,124.2538,-13.548,0.0,0.0,0.0,-0.03,1589.2,0.0,3.7,150.0,0,55.742,-0.010298682006722515,0.10092044918388926,-0.03,0.05655248688266956,0.5974574670283868,1.0,0.0,-1041.374426342533,233.54820728018345,338.481,394.616,4.242537465623331,0.03514736705552126,3.2638893464462524,87.52101150881887,-6.242657402679612,-3.50019999999995,0.0,-0.02402988376683445,final_approach,-6.549000054113835,-0.4622792057389855,-6.347210044407351,
55.842,63.9551748,-22.60069446,484.347,397.288,-0.685,-3.2091,356.5201,0.0011,-0.0389,0.0031,69.559,74.051,-6.3427,124.2474,-13.5468,0.0,0.0,0.0,-0.03,1588.5,0.0,3.7,150.0,0,55.842,-0.010314583083244122,0.10094241513000339,-0.03,0.05654821189659709,0.5970990969875687,1.0,0.0,-1037.587705532734,233.13435822152127,337.847,393.788,4.2461389827426945,0.0352920010785409,3.2611270311900307,87.55538750690847,-6.242428548240298,-3.499900000000025,0.0,-0.023663530697130883,final_approach,-6.549000054113835,-0.46262436234511917,-6.357102158560227,
55.942,63.95520877,-22.60070289,483.712,396.644,-0.6849,-3.213,356.5204,0.0012,-0.0391,0.0031,69.556,74.047,-6.3512,124.241,-13.5456,0.0,0.0,0.0,-0.03,1587.9,0.0,3.7,150.0,0,55.942,-0.010330485597642103,0.10096278297201601,-0.03,0.05654393677289882,0.5967385933428545,1.0,0.0,-1033.8009848947474,232.72001922553457,337.212,393.144,4.249747628645734,0.03542441073718288,3.258352737939639,87.58937148901275,-6.24219967002378,-3.4995999999999867,0.0,-0.02423957336102814,final_approach,-6.549000054113835,-0.4629695543844754,-6.367047539794839,
56.042,63.95524274,-22.60071131,483.076,395.778,-0.6847,-3.2168,356.5207,0.0012,-0.0393,0.0031,69.553,74.043,-6.3597,124.2344,-13.5443,0.0,0.0,0.0,-0.03,1587.2,0.0,3.7,150.0,0,56.042,-0.01035237301469788,0.10098399422125338,-0.03,0.05653966151158418,0.5963759448245411,1.0,0.0,-1030.014264084948,232.30617016687245,336.576,392.278,4.253363463143663,0.035546733110867895,3.2555801361081818,87.62296493099352,-6.24193512860154,-3.4992999999999483,0.0,-0.024763248510025645,final_approach,-6.549000054113835,-0.4633685328126287,-6.377046429832529,
56.133,63.9552767,-22.60071973,482.44,395.044,-0.6846,-3.2207,356.521,0.0012,-0.0395,0.0031,69.55,74.039,-6.3683,124.2278,-13.5431,0.0,0.0,0.0,-0.03,1586.5,0.0,3.7,150.0,0,56.133,-0.01036769526328235,0.10100487152201175,-0.03,0.05653538611266318,0.5960102132683989,1.0,0.0,-1026.228658043419,231.89232149733783,335.94,391.544,4.256995733335119,0.03627478710055011,3.2528014913047834,87.65318020641158,-6.241716138636207,-3.4990000000000236,0.0,-0.02550904709702639,final_approach,-6.549000054113835,-0.46369881060791407,-6.387124604580489,
56.217,63.95530784,-22.60072745,481.856,394.2,-0.6845,-3.2243,356.5213,0.001,-0.0397,0.0031,69.547,74.035,-6.3762,124.2216,-13.542,0.0,0.0,0.0,-0.03,1585.9,0.0,3.7,150.0,0,56.217,-0.010381510153730844,0.10102436623215436,-0.03,0.05653111057614013,0.5956728518687641,1.0,0.0,-1022.7574044322506,231.5128781716408,335.356,390.7,4.260333681737681,0.03685190274760549,3.250249590931876,87.6807722674719,-6.241522830918427,-3.4986999999999853,0.0,-0.02643679606223206,final_approach,-6.549000054113835,-0.4639903544481925,-6.39641593970644,
56.342,63.95534746,-22.60073728,481.111,393.323,-0.6844,-3.2289,356.5216,0.001,-0.0399,0.0031,69.543,74.031,-6.3863,124.2137,-13.5405,0.0,0.0,0.0,-0.03,1585.1,0.0,3.7,150.0,0,56.342,-0.010401070168589266,0.10104886149769175,-0.03,0.056526834902025036,0.5952419258636242,1.0,0.0,-1018.34086416448,231.02972809902522,334.611,389.823,4.264580101734034,0.036371812284809166,3.2469911618532716,87.72130961158909,-6.241231641466328,-3.498399999999947,0.0,-0.026942541874749638,final_approach,-6.549000054113835,-0.4644295214948784,-6.408277126050354,
56.425,63.95537576,-22.60074429,480.579,392.639,-0.6843,-3.2322,356.5219,0.001,-0.0401,0.0031,69.541,74.027,-6.3935,124.2079,-13.5395,0.0,0.0,0.0,-0.03,1584.5,0.0,3.7,150.0,0,56.425,-0.01041337881947052,0.10106859045914063,-0.03,0.05652255909032733,0.5949310269912094,1.0,0.0,-1015.1861923483999,230.68518083257132,334.079,389.139,4.267631877933639,0.036437908228516135,3.244667228017903,87.74792136825585,-6.241063997321675,-3.498100000000022,0.0,-0.026683800389980052,final_approach,-6.549000054113835,-0.46468235926648127,-6.416829710264938,
56.525,63.95540689,-22.60075201,479.992,391.885,-0.6842,-3.2359,356.5222,0.001,-0.0405,0.0031,69.538,74.023,-6.4016,124.2015,-13.5383,0.0,0.0,0.0,-0.03,1583.9,0.0,3.7,150.0,0,56.525,-0.010429290072059838,0.10108688002597072,-0.03,0.05651828314105167,0.5945885586022381,1.0,0.0,-1011.7160535055015,230.3057378960019,333.492,388.385,4.2709821751458925,0.03594875221085206,3.2421005288529274,87.77963834991363,-6.240834974811321,-3.497799999999984,0.0,-0.026985273081800112,final_approach,-6.549000054113835,-0.46502776637196597,-6.426246048901714,
56.608,63.95543802,-22.60075973,479.405,391.259,-0.6841,-3.2396,356.5225,0.0011,-0.0407,0.0031,69.535,74.019,-6.4097,124.1951,-13.5371,0.0,0.0,0.0,-0.03,1583.2,0.0,3.7,150.0,0,56.608,-0.010445202762949135,0.10110637885193506,-0.03,0.05651400705420806,0.5942431242032932,1.0,0.0,-1008.245914661811,229.92629495943208,332.905,387.759,4.274349569786379,0.036719130136526265,3.2395294314670604,87.80566229329062,-6.2406059284975015,-3.4974999999999454,0.0,-0.027817937193750565,final_approach,-6.549000054113835,-0.4653732089471223,-6.435738975789576,
56.725,63.95547764,-22.60076955,478.657,390.317,-0.684,-3.2443,356.5228,0.0009,-0.041,0.0031,69.531,74.014,-6.42,124.1868,-13.5356,0.0,0.0,0.0,-0.03,1582.4,0.0,3.7,150.0,0,56.725,-0.010463603370972852,0.10113242433957147,-0.03,0.05650973082980548,0.5938003488731308,1.0,0.0,-1003.82937422302,229.44363482414138,332.157,386.817,4.278648613007129,0.03672326830572343,3.2362545082044423,87.84186198780671,-6.24033449585491,-3.4972000000000207,0.0,-0.02839703692049626,final_approach,-6.549000054113835,-0.4657825770866175,-6.447899693793861,
56.817,63.95550593,-22.60077657,478.121,389.615,-0.6839,-3.2477,356.5231,0.001,-0.0411,0.0031,69.528,74.011,-6.4275,124.1808,-13.5345,0.0,0.0,0.0,-0.03,1581.8,0.0,3.7,150.0,0,56.817,-0.010478009709189218,0.1011487051085907,-0.03,0.05650545446784927,0.5934837362926051,1.0,0.0,-1000.675817345438,229.09859800948993,331.621,386.115,4.281710975040967,0.03615048089578112,3.2339060709604377,87.86999963623913,-6.240131114962708,-3.4968999999999824,0.0,-0.028779914987012562,final_approach,-6.549000054113835,-0.466089310827277,-6.456590417953386,
56.917,63.95553988,-22.60078498,477.478,388.78,-0.6838,-3.2518,356.5234,0.001,-0.0413,0.0031,69.525,74.006,-6.4365,124.1735,-13.5332,0.0,0.0,0.0,-0.03,1581.1,0.0,3.7,150.0,0,56.917,-0.010493978118654712,0.10117024864086449,-0.03,0.05650117796834875,0.59310017132387,1.0,0.0,-996.891325899574,228.6852396664072,330.978,385.28,4.285408002285693,0.036287112821026556,3.231092952633334,87.900208932715,-6.239901121524127,-3.496599999999944,0.0,-0.02889083180637512,final_approach,-6.549000054113835,-0.46643618050446634,-6.467113411499081,
57.042,63.95558515,-22.6007962,476.619,387.796,-0.6837,-3.2573,356.5238,0.0011,-0.0415,0.0032,69.52,74.001,-6.4486,124.1637,-13.5315,0.0,0.0,0.0,-0.03,1580.2,0.0,3.7,150.0,0,57.042,-0.010512887862138665,0.10119789052706217,-0.03,0.05649547575507308,0.5925852316915646,1.0,0.0,-991.844965830999,228.1337684543136,330.119,384.296,4.290349374207156,0.036827756579472855,3.2273296002732264,87.93737426219617,-6.239612935753172,-3.4962000000000444,0.0,-0.029900756187620774,final_approach,-6.549000054113835,-0.466870813616989,-6.481231194922334,
57.125,63.95561344,-22.60080322,476.081,387.194,-0.6836,-3.2607,356.524,0.0012,-0.0416,0.0032,69.517,73.997,-6.4562,124.1574,-13.5304,0.0,0.0,0.0,-0.03,1579.6,0.0,3.7,150.0,0,57.125,-0.010526897807151159,0.10121529430727073,-0.03,0.05649262455674864,0.592261767065769,1.0,0.0,-988.691408953417,227.78873163983616,329.581,383.694,4.293440688514592,0.03689725559822846,3.2249671976508747,87.96175313747578,-6.239424391704773,-3.495999999999981,0.0,-0.030468376380860255,final_approach,-6.549000054113835,-0.46715516971029203,-6.4900939304095004,
57.217,63.95564173,-22.60081023,475.543,386.563,-0.6834,-3.2641,356.5243,0.0012,-0.0419,0.0032,69.514,73.993,-6.4639,124.1511,-13.5293,0.0,0.0,0.0,-0.03,1579.0,0.0,3.7,150.0,0,57.217,-0.010544326452350983,0.10123214574865234,-0.03,0.05648834764466337,0.5919357570763246,1.0,0.0,-985.5378519048146,227.4441847625096,329.043,383.063,4.2965465837106915,0.03637433473058749,3.22260802281935,87.9884836992869,-6.239235828385944,-3.4956999999999425,0.0,-0.03066295086007074,final_approach,-6.549000054113835,-0.46743955457371733,-6.499022143079241,
57.317,63.95567567,-22.60081864,474.896,385.827,-0.6833,-3.2683,356.5246,0.0011,-0.0421,0.0032,69.511,73.988,-6.4731,124.1435,-13.5279,0.0,0.0,0.0,-0.03,1578.2,0.0,3.7,150.0,0,57.317,-0.010562103418698121,0.10125393472043812,-0.03,0.05648407059506755,0.5915433832983672,1.0,0.0,-981.7544752272203,227.0308268085544,328.396,382.327,4.300271915583359,0.03652083206326836,3.219772812956748,88.01716603491829,-6.238975026072211,-3.495400000000018,0.0,-0.030602682600064376,final_approach,-6.549000054113835,-0.4678328873795774,-6.509762169816721,
57.408,63.95570961,-22.60082705,474.248,385.099,-0.6832,-3.2725,356.5249,0.0012,-0.0421,0.0032,69.507,73.984,-6.4824,124.1358,-13.5266,0.0,0.0,0.0,-0.03,1577.5,0.0,3.7,150.0,0,57.408,-0.010576913174746905,0.10127416610911481,-0.03,0.05647979340796572,0.5911486872599994,1.0,0.0,-977.971098548834,226.61746885459894,327.748,381.599,4.304005364740809,0.037271845689079465,3.216932266460038,88.0429214675269,-6.238764776045599,-3.4950999999999794,0.0,-0.0318166245415077,final_approach,-6.549000054113835,-0.4681499786091994,-6.5205595758977175,
57.508,63.95574072,-22.60083477,473.654,384.426,-0.6831,-3.2763,356.5252,0.0011,-0.0422,0.0032,69.504,73.98,-6.4909,124.1287,-13.5253,0.0,0.0,0.0,-0.03,1576.8,0.0,3.7,150.0,0,57.508,-0.010593475033575883,0.10129499108164387,-0.03,0.05647551608336776,0.590783671271263,1.0,0.0,-974.5031892400989,226.23802669628375,327.154,380.926,4.30744580338114,0.036793935808117156,3.214316058927414,88.07087666852789,-6.23852467668064,-3.494799999999941,0.0,-0.031651476855916155,final_approach,-6.549000054113835,-0.46851208704857505,-6.5305395592304905,
57.608,63.95577466,-22.60084318,473.004,383.697,-0.683,-3.2805,356.5255,0.0011,-0.0424,0.0032,69.5,73.975,-6.5003,124.1209,-13.524,0.0,0.0,0.0,-0.03,1576.1,0.0,3.7,150.0,0,57.608,-0.010607996227211869,0.10131532943490032,-0.03,0.056471238621283115,0.5903845984415542,1.0,0.0,-970.7198125617125,225.8246687423283,326.504,380.197,4.311193940490734,0.03690850835608759,3.211465234592701,88.09845360309207,-6.238319343923251,-3.4945000000000164,0.0,-0.032410433505382974,final_approach,-6.549000054113835,-0.4688217614770114,-6.541444701167038,
57.708,63.9558086,-22.60085159,472.353,382.946,-0.6829,-3.2847,356.5258,0.0011,-0.0426,0.0033,69.497,73.97,-6.5097,124.1129,-13.5226,0.0,0.0,0.0,-0.03,1575.3,0.0,3.7,150.0,0,57.708,-0.010624613366841507,0.10133746237534727,-0.03,0.05646696102171678,0.5899831679672922,1.0,0.0,-966.9364358841183,225.41131078819905,325.853,379.446,4.314950394160003,0.03701784641218849,3.2086090295007628,88.12565299403184,-6.238078304144437,-3.494199999999978,0.0,-0.03219130318671186,final_approach,-6.549000054113835,-0.46918528732329534,-6.552407987908818,
57.808,63.95584253,-22.60086,471.702,382.213,-0.6828,-3.2889,356.5261,0.0012,-0.0429,0.0033,69.493,73.965,-6.5192,124.1049,-13.5212,0.0,0.0,0.0,-0.03,1574.6,0.0,3.7,150.0,0,57.808,-0.010641232388174438,0.10135849254245725,-0.03,0.05646268328467807,0.5895783380953872,1.0,0.0,-963.1541739732097,224.9979532233709,325.202,378.713,4.318724812132505,0.0371389019643268,3.2057465462113433,88.1524754720062,-6.237837233069001,-3.4938999999999396,0.0,-0.03290118471519699,final_approach,-6.549000054113835,-0.469548859888965,-6.563457775875317,
57.908,63.95587646,-22.6008684,471.05,381.464,-0.6826,-3.2932,356.5265,0.0013,-0.0432,0.0033,69.489,73.96,-6.5287,124.0968,-13.5198,0.0,0.0,0.0,-0.03,1573.8,0.0,3.7,150.0,0,57.908,-0.01066097909472713,0.10138044913836988,-0.03,0.05645697942146344,0.5891711120354545,1.0,0.0,-959.3719118912807,224.58508559586758,324.55,377.964,4.322507740702832,0.03725396592081803,3.20288562431735,88.17892244953126,-6.23760110172833,-3.49350000000004,0.0,-0.03354653155926147,final_approach,-6.549000054113835,-0.46990498210203313,-6.574566587892168,
58.008,63.95591039,-22.60087681,470.396,380.709,-0.6825,-3.2975,356.5268,0.0012,-0.0434,0.0033,69.485,73.955,-6.5383,124.0886,-13.5184,0.0,0.0,0.0,-0.03,1573.1,0.0,3.7,150.0,0,58.008,-0.01067701828006945,0.101401129888395,-0.03,0.056452701363687297,0.5887629170184165,1.0,0.0,-955.5896499803721,224.1717280310394,323.896,377.209,4.326285946470424,0.0373419812133348,3.2000123095805475,88.20499393899087,-6.2373699105321805,-3.4932000000000016,0.0,-0.03413321050842391,final_approach,-6.549000054113835,-0.47025365337316494,-6.585695453259046,
58.108,63.95594432,-22.60088522,469.742,379.976,-0.6824,-3.3018,356.5271,0.0012,-0.0435,0.0033,69.481,73.951,-6.5479,124.0803,-13.517,0.0,0.0,0.0,-0.03,1572.3,0.0,3.7,150.0,0,58.108,-0.010692767499664246,0.10142336441933579,-0.03,0.05644842316846577,0.5883508687605707,1.0,0.0,-951.8073880694634,223.75837046621123,323.242,376.476,4.330086078963977,0.0374518718337011,3.197133552748989,88.23069064780246,-6.237143659914153,-3.4928999999999633,0.0,-0.034666555007662754,final_approach,-6.549000054113835,-0.47059487307650016,-6.596922937541969,
58.208,63.95597824,-22.60089362,469.087,379.213,-0.6823,-3.3061,356.5274,0.0012,-0.0437,0.0033,69.477,73.946,-6.5576,124.072,-13.5155,0.0,0.0,0.0,-0.03,1571.5,0.0,3.7,150.0,0,58.208,-0.010711197438089792,0.10144477993706857,-0.03,0.056444144835808174,0.5879367891774008,1.0,0.0,-948.0262407550123,223.34550322766114,322.587,375.713,4.333891236922033,0.03755182312484309,3.1942554486344967,88.25601389050657,-6.236871740929416,-3.4926000000000386,0.0,-0.03515141364332125,final_approach,-6.549000054113835,-0.47100496693138894,-6.608199302622989,
58.308,63.95601216,-22.60090203,468.43,378.474,-0.6821,-3.3105,356.5278,0.0013,-0.0438,0.0033,69.473,73.94,-6.5674,124.0636,-13.5141,0.0,0.0,0.0,-0.03,1570.8,0.0,3.7,150.0,0,58.308,-0.01073007630247097,0.10146492011320453,-0.03,0.05643844017848354,0.5875217350642651,1.0,0.0,-944.2450936115814,222.93214605196025,321.93,374.974,4.337691754677798,0.03762738219697815,3.1913648853916823,88.28096366607738,-6.236650397901116,-3.4921999999999116,0.0,-0.03559219422120553,final_approach,-6.549000054113835,-0.47133878434587295,-6.6194957429766745,
58.408,63.95604608,-22.60091043,467.773,377.734,-0.682,-3.3148,356.5281,0.0012,-0.044,0.0033,69.469,73.935,-6.5771,124.055,-13.5126,0.0,0.0,0.0,-0.03,1570.0,0.0,3.7,150.0,0,58.408,-0.010747634955456997,0.1014882209956022,-0.03,0.05643416152516956,0.5871027654012088,1.0,0.0,-940.4639462971301,222.51927881358424,321.273,374.234,4.341514516627917,0.03772742174768076,3.188475839401036,88.30554137113056,-6.2363933240604865,-3.491899999999987,0.0,-0.03599290383746396,final_approach,-6.549000054113835,-0.4717264885004706,-6.63089223394115,
58.508,63.95608,-22.60091884,467.115,376.981,-0.6819,-3.3192,356.5284,0.0011,-0.0442,0.0033,69.465,73.93,-6.587,124.0464,-13.5112,0.0,0.0,0.0,-0.03,1569.2,0.0,3.7,150.0,0,58.508,-0.010762516277016743,0.10150930458250765,-0.03,0.056429882734444714,0.5866813257902199,1.0,0.0,-936.6827991536992,222.10592163788334,320.615,373.481,4.345346216198326,0.03782568407374826,3.185574289793112,88.32974699553944,-6.236181861770575,-3.491600000000062,0.0,-0.03635718530677689,final_approach,-6.549000054113835,-0.4720454034946915,-6.642349349410257,
58.608,63.95611392,-22.60092724,466.455,376.247,-0.6818,-3.3236,356.5287,0.0011,-0.0445,0.0033,69.461,73.925,-6.5969,124.0377,-13.5097,0.0,0.0,0.0,-0.03,1568.4,0.0,3.7,150.0,0,58.608,-0.010779787185637935,0.10153070019397405,-0.03,0.056425603806313895,0.5862588996783722,1.0,0.0,-932.901651839248,221.69305439933325,319.955,372.747,4.349173392718971,0.0379000309291982,3.1826742394893763,88.35358192950324,-6.235929691428822,-3.49129999999991,0.0,-0.03668835027889273,final_approach,-6.549000054113835,-0.4724257114928978,-6.653826726045612,
58.708,63.95614783,-22.60093564,465.795,375.478,-0.6816,-3.328,356.5291,0.0012,-0.0448,0.0033,69.457,73.92,-6.6068,124.029,-13.5082,0.0,0.0,0.0,-0.03,1567.6,0.0,3.7,150.0,0,58.708,-0.010800477903691819,0.10155351688090897,-0.03,0.05641989835508654,0.5858329081624709,1.0,0.0,-929.1216192922744,221.28018755008446,319.295,371.978,4.353019386648833,0.03799334899076852,3.179767784299504,88.37704676816817,-6.235677485468358,-3.4909000000000106,0.0,-0.03698940934445233,final_approach,-6.549000054113835,-0.4728060726791714,-6.665394373446503,
58.808,63.95618174,-22.60094404,465.134,374.745,-0.6815,-3.3325,356.5294,0.0012,-0.045,0.0034,69.453,73.914,-6.6168,124.0201,-13.5067,0.0,0.0,0.0,-0.03,1566.8,0.0,3.7,150.0,0,58.808,-0.010817169336198806,0.10157571269184242,-0.03,0.05641561910638171,0.5854044116305557,1.0,0.0,-925.3415867453009,220.86732070066168,318.634,371.245,4.356874529574575,0.0380863623685438,3.1768557909135056,88.40014219136563,-6.235435188686324,-3.490599999999972,0.0,-0.037263099404039046,final_approach,-6.549000054113835,-0.4731714889654981,-6.677023403066418,
58.908,63.95621565,-22.60095244,464.472,374.011,-0.6814,-3.337,356.5297,0.0011,-0.0452,0.0034,69.449,73.909,-6.6269,124.0112,-13.5052,0.0,0.0,0.0,-0.03,1566.1,0.0,3.7,150.0,0,58.908,-0.010833862866282906,0.10159729257690564,-0.03,0.05641133972030088,0.584973396196506,1.0,0.0,-921.5615541983274,220.4544538514129,317.972,370.511,4.360738903161834,0.0381792579525514,3.1739382435069867,88.42286887507845,-6.23519285690287,-3.490299999999934,0.0,-0.0375119085491308,final_approach,-6.549000054113835,-0.4735369575486956,-6.688714122870303,
59.008,63.95625238,-22.60096154,463.753,373.169,-0.6813,-3.3418,356.5301,0.0011,-0.0456,0.0034,69.444,73.903,-6.6378,124.0014,-13.5036,0.0,0.0,0.0,-0.03,1565.2,0.0,3.7,150.0,0,59.008,-0.010850137266839754,0.1016212511694665,-0.03,0.05640563365851303,0.5845049377302046,1.0,0.0,-917.4671692194087,220.00718165832603,317.253,369.669,4.3649239280643854,0.03879108979804554,3.170770766305926,88.44520305545878,-6.234949580893755,-3.489900000000034,0.0,-0.03864718959011471,final_approach,-6.549000054113835,-0.47390384965658683,-6.701412904330427,
59.108,63.95628345,-22.60096924,463.144,372.475,-0.6812,-3.346,356.5304,0.0012,-0.0458,0.0034,69.44,73.898,-6.6471,123.9931,-13.5022,0.0,0.0,0.0,-0.03,1564.4,0.0,3.7,150.0,0,59.108,-0.010865905862018244,0.10164143249734658,-0.03,0.05640135395191903,0.5841061624981465,1.0,0.0,-914.0037186385437,219.62872093099563,316.644,368.975,4.3684742517375605,0.038243114286996775,3.1680846577539934,88.46719417771598,-6.234723007062257,-3.489599999999996,0.0,-0.03877017235465439,final_approach,-6.549000054113835,-0.4742455522466287,-6.712216605465782,
59.25,63.95633148,-22.60098113,462.202,371.411,-0.681,-3.3524,356.5309,0.0012,-0.046,0.0034,69.434,73.89,-6.6617,123.98,-13.5001,0.0,0.0,0.0,-0.03,1563.3,0.0,3.7,150.0,0,59.25,-0.010889373470911845,0.10167159721206168,-0.03,0.05639422080237999,0.5834838057388866,1.0,0.0,-908.6496942290366,219.04431652180185,315.702,367.911,4.373993122214786,0.038346809414311456,3.163932321818778,88.4977278483064,-6.2344154148002815,-3.4891000000000076,0.0,-0.03908684042484592,final_approach,-6.549000054113835,-0.4747094404026946,-6.729066443722649,
59.342,63.95636255,-22.60098883,461.59,370.712,-0.6809,-3.3566,356.5312,0.0013,-0.046,0.0034,69.43,73.885,-6.6711,123.9715,-13.4987,0.0,0.0,0.0,-0.03,1562.5,0.0,3.7,150.0,0,59.342,-0.010904562682054642,0.10169171355998902,-0.03,0.056389940729538846,0.5830809054789438,1.0,0.0,-905.1862436481716,218.6658557946455,315.09,367.212,4.377551831394064,0.03840261143090804,3.1612342132318227,88.51716836385559,-6.234198712389912,-3.4887999999999693,0.0,-0.03948606046526579,final_approach,-6.549000054113835,-0.4750362546555831,-6.739967455312511,
59.425,63.95639645,-22.60099722,460.923,369.973,-0.6807,-3.3612,356.5315,0.0014,-0.0463,0.0034,69.425,73.88,-6.6815,123.9621,-13.4971,0.0,0.0,0.0,-0.03,1561.7,0.0,3.7,150.0,0,59.425,-0.010926381306299138,0.10171289114870963,-0.03,0.056385660519369774,0.5826361648776395,1.0,0.0,-901.4073256976556,218.25347927167482,314.423,366.473,4.381467453210012,0.039864870601958015,3.1582929740974386,88.53440918156568,-6.233935384671014,-3.488499999999931,0.0,-0.04137286986438156,final_approach,-6.549000054113835,-0.475433385157384,-6.751993991011062,
59.508,63.95642187,-22.60100352,460.421,369.402,-0.6806,-3.3647,356.5317,0.0013,-0.0465,0.0034,69.422,73.875,-6.6893,123.955,-13.4959,0.0,0.0,0.0,-0.03,1561.1,0.0,3.7,150.0,0,59.508,-0.0109407733658054,0.10172927909628898,-0.03,0.05638280696963527,0.5823028558996733,1.0,0.0,-898.5736947465745,217.94382962114722,313.921,365.902,4.3843934073398625,0.03909613540092864,3.1560775911749577,88.55141842289754,-6.233740349341559,-3.488299999999981,0.0,-0.04089757063246069,final_approach,-6.549000054113835,-0.4757275219839183,-6.761002770943454,
59.617,63.9564614,-22.60101331,459.64,368.519,-0.6805,-3.3701,356.5321,0.0012,-0.0468,0.0034,69.416,73.869,-6.7015,123.9439,-13.4941,0.0,0.0,0.0,-0.03,1560.1,0.0,3.7,150.0,0,59.617,-0.01095862920605134,0.1017540478444569,-0.03,0.056377099687081156,0.5817804198115126,1.0,0.0,-894.1671867004377,217.46264279980198,313.14,365.019,4.3889650093903345,0.03957033003666416,3.1526311101159914,88.57331839363032,-6.233470136735178,-3.487899999999968,0.0,-0.04218377980765861,final_approach,-6.549000054113835,-0.476135034694007,-6.775115712260474,
59.717,63.95649529,-22.6010217,458.97,367.751,-0.6803,-3.3747,356.5325,0.0012,-0.047,0.0034,69.412,73.863,-6.712,123.9343,-13.4925,0.0,0.0,0.0,-0.03,1559.3,0.0,3.7,150.0,0,59.717,-0.01097939610916776,0.10177722484343499,-0.03,0.056371392160430966,0.5813286399195994,1.0,0.0,-890.3893835173992,217.0502666659586,312.47,364.251,4.39290415422727,0.039540516425445454,3.1496724804247953,88.59304124702736,-6.233216642577503,-3.4874999999999545,0.0,-0.04198525437059021,final_approach,-6.549000054113835,-0.4765173334400412,-6.787312516580407,
59.825,63.956532,-22.60103079,458.242,366.926,-0.6802,-3.3798,356.5328,0.0012,-0.0473,0.0034,69.407,73.857,-6.7235,123.9238,-13.4908,0.0,0.0,0.0,-0.03,1558.4,0.0,3.7,150.0,0,59.825,-0.010996801880392482,0.10180007792036937,-0.03,0.05636711135526806,0.5808380990424138,1.0,0.0,-886.2972279024156,216.60348518845117,311.742,363.426,4.397166606397901,0.039528288642549,3.1464599174231775,88.61392396961976,-6.232962184674591,-3.48720000000003,0.0,-0.042377167272935105,final_approach,-6.549000054113835,-0.47690108508317586,-6.800548001924684,
59.933,63.9565687,-22.60103988,457.513,366.106,-0.6801,-3.3849,356.5332,0.0012,-0.0476,0.0034,69.401,73.85,-6.735,123.9132,-13.4891,0.0,0.0,0.0,-0.03,1557.5,0.0,3.7,150.0,0,59.933,-0.011013443505606402,0.10182310616436989,-0.03,0.0563614034014942,0.5803446382561185,1.0,0.0,-882.2061870557017,216.15670410007127,311.013,362.606,4.401439270076054,0.03953385732273039,3.1432397721082315,88.63438373871682,-6.232712657952106,-3.486799999999903,0.0,-0.04357520257135548,final_approach,-6.549000054113835,-0.47727739941297287,-6.81385418950342,
60.008,63.95659411,-22.60104617,457.007,365.527,-0.68,-3.3884,356.5334,0.0013,-0.0477,0.0034,69.398,73.846,-6.743,123.9057,-13.4879,0.0,0.0,0.0,-0.03,1556.8,0.0,3.7,150.0,0,60.008,-0.011026676336527319,0.10183981884777986,-0.03,0.05635854933309137,0.580002099723613,1.0,0.0,-879.373670701078,215.84754477582183,310.507,362.027,4.4043963482280875,0.039516165884571984,3.141008898193754,88.64837344673457,-6.232537373486082,-3.486599999999953,0.0,-0.04325018415577771,final_approach,-6.549000054113835,-0.47754174776616587,-6.823086024565857,
60.117,63.95663081,-22.60105526,456.276,364.701,-0.6798,-3.3936,356.5338,0.0013,-0.0479,0.0034,69.393,73.839,-6.7547,123.895,-13.4861,0.0,0.0,0.0,-0.03,1555.9,0.0,3.7,150.0,0,60.117,-0.011049605780767857,0.10186260836267912,-0.03,0.056352841013262545,0.5795033913263189,1.0,0.0,-875.2826298535721,215.40076368744164,309.776,361.201,4.408688882662515,0.03949364654666625,3.137777369650718,88.66830208983669,-6.232247044607647,-3.4862000000000535,0.0,-0.043488491017342285,final_approach,-6.549000054113835,-0.47797959524263334,-6.836519956676771,
60.217,63.95666468,-22.60106365,455.6,363.929,-0.6797,-3.3983,356.5341,0.0013,-0.0481,0.0034,69.388,73.833,-6.7655,123.8849,-13.4845,0.0,0.0,0.0,-0.03,1555.0,0.0,3.7,150.0,0,60.217,-0.011065506370527445,0.101884074996295,-0.03,0.05634855961325158,0.5790408939511436,1.0,0.0,-871.507056204697,214.98838833185252,309.1,360.429,4.412656431770462,0.03952395396880002,3.1347883613815766,88.68621991900872,-6.232018230050585,-3.4858999999999014,0.0,-0.044080446379397877,final_approach,-6.549000054113835,-0.4783246719418113,-6.84897122972143,
60.317,63.95669856,-22.60107203,454.923,363.169,-0.6796,-3.4031,356.5345,0.0013,-0.0482,0.0035,69.383,73.827,-6.7764,123.8748,-13.4829,0.0,0.0,0.0,-0.03,1554.2,0.0,3.7,150.0,0,60.317,-0.011080934430654277,0.10190517970578927,-0.03,0.05634285086640889,0.578575239717188,1.0,0.0,-867.7303676181158,214.57650252446126,308.423,359.669,4.416638319760591,0.039573108290881585,3.1318016002119884,88.70377934596655,-6.23178937798221,-3.485500000000002,0.0,-0.04461858761764315,final_approach,-6.549000054113835,-0.47866980477028953,-6.861500525367408,
60.425,63.95672678,-22.60107902,454.358,362.524,-0.6795,-3.4071,356.5348,0.0014,-0.0484,0.0035,69.379,73.822,-6.7855,123.8663,-13.4815,0.0,0.0,0.0,-0.03,1553.4,0.0,3.7,150.0,0,60.425,-0.011096145552069558,0.10192312653068285,-0.03,0.0563385691461612,0.5781858771692658,1.0,0.0,-864.5846135998169,214.2329382456753,307.858,359.024,4.419958145046889,0.03810077741261483,3.1293022829738524,88.72241038688225,-6.231572309155496,-3.4851999999999634,0.0,-0.04392935574667121,final_approach,-6.549000054113835,-0.478997166830748,-6.871971727750193,
60.508,63.95676629,-22.6010888,453.565,361.628,-0.6793,-3.4127,356.5352,0.0015,-0.0486,0.0035,69.373,73.815,-6.7982,123.8542,-13.4796,0.0,0.0,0.0,-0.03,1552.4,0.0,3.7,150.0,0,60.508,-0.011117680102009364,0.10194914973792235,-0.03,0.05633285997236115,0.5776389234886541,1.0,0.0,-860.1803349176151,213.75224213990947,307.065,358.128,4.424606968625101,0.04108563494868722,3.1258009365416997,88.7363865292115,-6.231305745490829,-3.48479999999995,0.0,-0.04650751946301964,final_approach,-6.549000054113835,-0.4793991716401447,-6.886672939531323,
60.617,63.95680297,-22.60109788,452.828,360.819,-0.6791,-3.4179,356.5355,0.0015,-0.0488,0.0035,69.367,73.808,-6.8102,123.843,-13.4778,0.0,0.0,0.0,-0.03,1551.5,0.0,3.7,150.0,0,60.617,-0.011139637491159482,0.10197113661406638,-0.03,0.056328577931920254,0.5771271328123224,1.0,0.0,-856.0915234340443,213.30595176693467,306.328,357.319,4.428941634488287,0.04086595857831916,3.1225429314898316,88.75433483768775,-6.2310400682852105,-3.4845000000000255,0.0,-0.047283733289984926,final_approach,-6.549000054113835,-0.47979983898243006,-6.900420512394051,
60.733,63.95683965,-22.60110696,452.09,359.973,-0.679,-3.4232,356.5359,0.0014,-0.049,0.0035,69.362,73.801,-6.8222,123.8316,-13.476,0.0,0.0,0.0,-0.03,1550.5,0.0,3.7,150.0,0,60.733,-0.01115664605479394,0.10199541654172974,-0.03,0.056322868331221354,0.5766118360119259,1.0,0.0,-852.0027119504734,212.8596613941339,305.59,356.473,4.43329130485804,0.04030449187525589,3.1192780851915938,88.77298766753091,-6.230784295360166,-3.4840999999998985,0.0,-0.04690370737961771,final_approach,-6.549000054113835,-0.48018556913176624,-6.914254028177371,
60.817,63.95686787,-22.60111395,451.521,359.326,-0.6788,-3.4273,356.5362,0.0014,-0.0492,0.0035,69.358,73.796,-6.8315,123.8228,-13.4746,0.0,0.0,0.0,-0.03,1549.8,0.0,3.7,150.0,0,60.817,-0.011174882125434937,0.10201340952062954,-0.03,0.05631858597062933,0.5762139072139583,1.0,0.0,-848.8569579313823,212.5160971153477,305.021,355.826,4.436640322143876,0.04023195212984775,3.1167585420665436,88.78623101959542,-6.230582010458249,-3.483799999999974,0.0,-0.04696873831046472,final_approach,-6.549000054113835,-0.48049063381002455,-6.924931108302816,
60.925,63.95690736,-22.60112372,450.723,358.454,-0.6787,-3.433,356.5366,0.0015,-0.0494,0.0035,69.351,73.789,-6.8445,123.8104,-13.4726,0.0,0.0,0.0,-0.03,1548.7,0.0,3.7,150.0,0,60.925,-0.011194343898174752,0.10203824992938272,-0.03,0.05631287594309298,0.5756548800426551,1.0,0.0,-844.4549086131157,212.0358917249872,304.223,354.954,4.441330754809523,0.04076494878976128,3.1132342284623116,88.80282988459881,-6.230284450259006,-3.4833999999999605,0.0,-0.04859110890177365,final_approach,-6.549000054113835,-0.48093938197710706,-6.9399225425257445,
61.017,63.95694121,-22.6011321,450.038,357.642,-0.6785,-3.4379,356.5369,0.0017,-0.0495,0.0035,69.346,73.782,-6.8557,123.7996,-13.4709,0.0,0.0,0.0,-0.03,1547.8,0.0,3.7,150.0,0,61.017,-0.011214796124031035,0.10206081723563792,-0.03,0.056308593262392015,0.5751725072251546,1.0,0.0,-840.6815643289677,211.62400708497776,303.538,354.142,4.44536470159368,0.041278665267113254,3.1102030479519653,88.81663988669762,-6.230044417168273,-3.483099999999922,0.0,-0.04911444682769456,final_approach,-6.549000054113835,-0.4813013734227365,-6.952850725356653,
61.117,63.95697506,-22.60114048,449.352,356.877,-0.6783,-3.4428,356.5373,0.0016,-0.0498,0.0035,69.341,73.776,-6.867,123.7888,-13.4692,0.0,0.0,0.0,-0.03,1546.9,0.0,3.7,150.0,0,61.117,-0.011234776031311233,0.10208285514596589,-0.03,0.056302882808076604,0.5746873548385938,1.0,0.0,-836.9082200440276,211.21212244496806,302.852,353.377,4.44940963337629,0.04114044069361236,3.107165970777813,88.83130101748641,-6.229804341975125,-3.4827000000000226,0.0,-0.04919495166154955,final_approach,-6.549000054113835,-0.48166342787342664,-6.965846359818295,
61.217,63.95700608,-22.60114816,448.722,356.173,-0.6782,-3.4474,356.5376,0.0016,-0.0501,0.0036,69.336,73.77,-6.8774,123.7788,-13.4676,0.0,0.0,0.0,-0.03,1546.1,0.0,3.7,150.0,0,61.217,-0.01125099258575013,0.10210251370815594,-0.03,0.05629859980731189,0.5742411474565169,1.0,0.0,-833.4503429577184,210.83464353792343,302.222,352.673,4.453119166427436,0.040466255663253674,3.104377179424247,88.84563439870388,-6.229570152174688,-3.482399999999984,0.0,-0.04926813787413176,final_approach,-6.549000054113835,-0.4820166061639384,-6.977792604739449,
61.317,63.95704275,-22.60115723,447.976,355.346,-0.678,-3.4528,356.538,0.0015,-0.0503,0.0036,69.33,73.763,-6.8897,123.7669,-13.4657,0.0,0.0,0.0,-0.03,1545.1,0.0,3.7,150.0,0,61.317,-0.011273134768953919,0.10212659515224888,-0.03,0.05629288892627271,0.5737109346224191,1.0,0.0,-829.3626460706049,210.38884349157482,301.476,351.846,4.457513949972834,0.0410465189617078,3.1010803824057627,88.85959032228212,-6.229293246797454,-3.481999999999971,0.0,-0.05024376170375627,final_approach,-6.549000054113835,-0.48243420260370584,-6.991980286327497,
61.425,63.95707658,-22.60116561,447.286,354.54,-0.6779,-3.4578,356.5383,0.0015,-0.0506,0.0036,69.325,73.756,-6.9012,123.7558,-13.464,0.0,0.0,0.0,-0.03,1544.2,0.0,3.7,150.0,0,61.425,-0.011288827806749613,0.10214746451119888,-0.03,0.05628860560548965,0.5732201748992501,1.0,0.0,-825.5915313206202,209.97695962981965,300.786,351.04,4.4615692038568,0.04046354031371585,3.098023753345203,88.87428236248319,-6.22906797591034,-3.481700000000046,0.0,-0.049884901212165295,final_approach,-6.549000054113835,-0.4827739294379665,-7.005104948661257,
61.517,63.95711042,-22.60117398,446.596,353.794,-0.6777,-3.4628,356.5387,0.0015,-0.0508,0.0036,69.319,73.749,-6.9127,123.7446,-13.4622,0.0,0.0,0.0,-0.03,1543.3,0.0,3.7,150.0,0,61.517,-0.011310335363531432,0.10216940192008264,-0.03,0.05628289429778488,0.5727242919665896,1.0,0.0,-821.8193016321376,209.56556531626208,300.096,350.294,4.465654761165296,0.04112098886377748,3.0949692628929837,88.8864717354244,-6.228801882642443,-3.4812999999999192,0.0,-0.0512787639478181,final_approach,-6.549000054113835,-0.48317521918869133,-7.018359550861966,
61.625,63.95714425,-22.60118235,445.904,352.995,-0.6776,-3.4678,356.539,0.0014,-0.051,0.0036,69.314,73.742,-6.9242,123.7333,-13.4605,0.0,0.0,0.0,-0.03,1542.3,0.0,3.7,150.0,0,61.625,-0.011325448920829095,0.10219240689719594,-0.03,0.056278610657025774,0.5722278872296855,1.0,0.0,-818.0481867111328,209.15417139183177,299.404,349.495,4.469732687857747,0.040560587467424816,3.0919079205862907,88.90040649260018,-6.228586483700127,-3.4809999999999945,0.0,-0.050825812343142554,final_approach,-6.549000054113835,-0.4835000574342576,-7.031621047690736,
61.708,63.95717244,-22.60118933,445.326,352.338,-0.6774,-3.4721,356.5393,0.0014,-0.051,0.0036,69.309,73.737,-6.9339,123.7239,-13.459,0.0,0.0,0.0,-0.03,1541.6,0.0,3.7,150.0,0,61.708,-0.011344637383130574,0.102209259134282,-0.03,0.05627432687914591,0.5718131726547963,1.0,0.0,-814.9057768234543,208.8110982175782,298.826,348.838,4.473130515631897,0.04062343689383672,3.089348465169845,88.91086462391308,-6.228367984776611,-3.480699999999956,0.0,-0.05168173520789033,final_approach,-6.549000054113835,-0.4838295702867832,-7.042694823769999,
61.808,63.95720345,-22.601197,444.69,351.614,-0.6773,-3.4767,356.5396,0.0014,-0.0513,0.0036,69.304,73.731,-6.9446,123.7134,-13.4574,0.0,0.0,0.0,-0.03,1540.7,0.0,3.7,150.0,0,61.808,-0.01135940676121705,0.10222915838627382,-0.03,0.05627004296415483,0.5713535558261263,1.0,0.0,-811.4490143336026,208.4341096369857,298.19,348.114,4.4768867750963715,0.04011329651898866,3.0865341247195643,88.92314848763867,-6.228158449605985,-3.480399999999918,0.0,-0.05152885018898701,final_approach,-6.549000054113835,-0.48414556474142323,-7.054961936888953,
61.917,63.95724291,-22.60120676,443.879,350.721,-0.6771,-3.4827,356.5401,0.0015,-0.0514,0.0036,69.297,73.723,-6.9583,123.7,-13.4553,0.0,0.0,0.0,-0.03,1539.6,0.0,3.7,150.0,0,61.917,-0.011382081011655665,0.10225345771525123,-0.03,0.05626290280116941,0.5707660973627372,1.0,0.0,-807.0503091467486,207.9543953513319,297.379,347.221,4.481673565383621,0.04074699830290198,3.0829456031616456,88.9361021188782,-6.227864396817353,-3.4799000000000433,0.0,-0.0526826077614685,final_approach,-6.549000054113835,-0.48458901735051896,-7.070632560974339,
62.017,63.95727391,-22.60121444,443.241,349.979,-0.677,-3.4874,356.5404,0.0015,-0.0516,0.0037,69.292,73.716,-6.969,123.6893,-13.4536,0.0,0.0,0.0,-0.03,1538.7,0.0,3.7,150.0,0,62.017,-0.011398958383804392,0.10227513229195996,-0.03,0.056258618520588,0.5703016934569551,1.0,0.0,-803.5946615953949,207.57691722254182,296.741,346.479,4.485446513243527,0.04024407835226268,3.0801116214349404,88.9476596072921,-6.22761895642364,-3.479600000000005,0.0,-0.05243873432860353,final_approach,-6.549000054113835,-0.48495915843000326,-7.083013934986921,
62.117,63.95730773,-22.6012228,442.543,349.206,-0.6769,-3.4925,356.5407,0.0014,-0.0518,0.0037,69.286,73.709,-6.9808,123.6777,-13.4518,0.0,0.0,0.0,-0.03,1537.8,0.0,3.7,150.0,0,62.117,-0.01141589505719992,0.1022964874593459,-0.03,0.0562543341029248,0.5697941471257093,1.0,0.0,-799.8246612708473,207.16601362456367,296.043,345.706,4.489558873099341,0.04039066505324214,3.077027557586075,88.95887016435972,-6.227372506571584,-3.4792999999999665,0.0,-0.05312612211691282,final_approach,-6.549000054113835,-0.4853308213240819,-7.096538790080439,
62.217,63.95734154,-22.60123117,441.845,348.431,-0.6767,-3.4976,356.5411,0.0014,-0.0521,0.0037,69.281,73.702,-6.9927,123.6659,-13.45,0.0,0.0,0.0,-0.03,1536.9,0.0,3.7,150.0,0,62.217,-0.011435667725050669,0.10231890637853726,-0.03,0.05624862133281838,0.569282377601713,1.0,0.0,-796.0557758840057,206.75462047838764,295.345,344.931,4.493693900191391,0.04055059936445195,3.073929283077901,88.96973352545298,-6.227135970434915,-3.478900000000067,0.0,-0.052841929197189275,final_approach,-6.549000054113835,-0.4856875331820518,-7.110169137088395,
62.308,63.95737254,-22.60123884,441.203,347.717,-0.6766,-3.5024,356.5414,0.0013,-0.0523,0.0037,69.275,73.696,-7.0036,123.6551,-13.4483,0.0,0.0,0.0,-0.03,1536.0,0.0,3.7,150.0,0,62.308,-0.011452260538252712,0.10233828905293672,-0.03,0.05624433659532768,0.5688127186726933,1.0,0.0,-792.6001281616316,206.37763228674837,294.703,344.217,4.497478626230554,0.04072389880950214,3.0710863298645665,88.97932752311011,-6.226895378985546,-3.478599999999915,0.0,-0.0540321234459964,final_approach,-6.549000054113835,-0.4860503602233841,-7.122671757671618,
62.408,63.95740634,-22.6012472,440.502,346.89,-0.6764,-3.5076,356.5418,0.0014,-0.0525,0.0037,69.269,73.688,-7.0156,123.6432,-13.4465,0.0,0.0,0.0,-0.03,1535.0,0.0,3.7,150.0,0,62.408,-0.011471746123332016,0.10235913746350231,-0.03,0.0562386233988158,0.5682979605606266,1.0,0.0,-788.8323573720395,205.96672946702475,294.002,343.39,4.501615896413492,0.040832032646148854,3.0679827706144818,88.98952804176119,-6.226663734285751,-3.4782000000000153,0.0,-0.05457465767817868,final_approach,-6.549000054113835,-0.4863996945347093,-7.136368241116493,
62.508,63.95744015,-22.60125556,439.8,346.118,-0.6763,-3.5128,356.5422,0.0015,-0.0527,0.0037,69.263,73.681,-7.0276,123.6312,-13.4446,0.0,0.0,0.0,-0.03,1534.1,0.0,3.7,150.0,0,62.508,-0.011489737938008504,0.10238131533093593,-0.03,0.056232909958668476,0.5677797348328117,1.0,0.0,-785.0634718149695,205.55582625817388,293.3,342.618,4.505769711123661,0.040949718388739245,3.064873983916415,88.99938368001362,-6.226391223284395,-3.477800000000002,0.0,-0.0550678706165262,final_approach,-6.549000054113835,-0.48681065712774796,-7.150149978183563,
62.608,63.95747395,-22.60126392,439.096,345.34,-0.6761,-3.5181,356.5425,0.0015,-0.0528,0.0037,69.257,73.674,-7.0397,123.6191,-13.4428,0.0,0.0,0.0,-0.03,1533.1,0.0,3.7,150.0,0,62.608,-0.011509119285527725,0.10240197447633781,-0.03,0.05622862471868417,0.5672610453182455,1.0,0.0,-781.2957010245854,205.1449234382759,292.596,341.84,4.509916041818021,0.041035316481215486,3.0617581867438006,89.00889488642129,-6.226169447248367,-3.4774999999999636,0.0,-0.05551624601502434,final_approach,-6.549000054113835,-0.48714510794319565,-7.163937080527271,
62.725,63.9575162,-22.60127437,438.215,344.351,-0.6759,-3.5246,356.543,0.0015,-0.0529,0.0038,69.25,73.665,-7.0548,123.6039,-13.4404,0.0,0.0,0.0,-0.03,1531.9,0.0,3.7,150.0,0,62.725,-0.011534624399247573,0.10243058223945285,-0.03,0.05622148234754798,0.5666077777016982,1.0,0.0,-776.585987537199,204.6312949136648,291.715,340.851,4.515122496418792,0.04161269906308031,3.057854795227565,89.01952920740587,-6.225827183105423,-3.4769999999999754,0.0,-0.05590831999812216,final_approach,-6.549000054113835,-0.48766126081451233,-7.181291552822799,
62.817,63.95754717,-22.60128204,437.568,343.59,-0.6758,-3.5294,356.5433,0.0016,-0.053,0.0038,69.244,73.658,-7.066,123.5927,-13.4387,0.0,0.0,0.0,-0.03,1531.0,0.0,3.7,150.0,0,62.817,-0.011550061349817953,0.10244951385230397,-0.03,0.05621719674218073,0.5661264154545199,1.0,0.0,-773.1336841172581,204.25430788940733,291.068,340.09,4.518947892347934,0.041607314308258835,3.054980131576266,89.02759415660817,-6.22560628269386,-3.476699999999937,0.0,-0.056754599207779345,final_approach,-6.549000054113835,-0.48799439006861256,-7.194072337049322,
62.925,63.95758378,-22.60129109,436.802,342.726,-0.6756,-3.5352,356.5437,0.0015,-0.0534,0.0038,69.238,73.65,-7.0792,123.5793,-13.4367,0.0,0.0,0.0,-0.03,1530.0,0.0,3.7,150.0,0,62.925,-0.011570554226717933,0.102474767427365,-0.03,0.05621148238857754,0.5655543565508151,1.0,0.0,-769.0526754921781,203.80949005229778,290.302,339.226,4.523482131913885,0.0416700452043373,3.0515875406319237,89.03666627203263,-6.225357484980293,-3.4763000000000375,0.0,-0.0566455952393957,final_approach,-6.549000054113835,-0.48836958939522646,-7.209253699709045,
63.025,63.95761475,-22.60129875,436.152,342.017,-0.6755,-3.54,356.5441,0.0015,-0.0536,0.0038,69.232,73.643,-7.0905,123.5679,-13.4349,0.0,0.0,0.0,-0.03,1529.1,0.0,3.7,150.0,0,63.025,-0.01158762665605978,0.1024931970279062,-0.03,0.05620576779142761,0.5650698461858998,1.0,0.0,-765.6003719012169,203.4329929653652,289.652,338.517,4.527312473179871,0.041108939780257515,3.0487088377027347,89.04474826822947,-6.225100636428209,-3.4758999999999105,0.0,-0.05695054112672349,final_approach,-6.549000054113835,-0.48875692922749536,-7.222105359989657,
63.117,63.95765135,-22.6013078,435.384,341.155,-0.6753,-3.5458,356.5445,0.0015,-0.0537,0.0038,69.225,73.635,-7.1038,123.5544,-13.4329,0.0,0.0,0.0,-0.03,1528.0,0.0,3.7,150.0,0,63.117,-0.01160783325199255,0.10251817167859248,-0.03,0.056200052950756696,0.5644915703950012,1.0,0.0,-761.5204780436145,202.9881755173829,288.884,337.655,4.531872309184091,0.042518022288294516,3.0453019188223776,89.05184548340523,-6.2248567162454265,-3.475500000000011,0.0,-0.05869021525354813,final_approach,-6.549000054113835,-0.4891247719376022,-7.237436643393394,
63.225,63.95768513,-22.60131615,434.672,340.358,-0.6752,-3.5512,356.5449,0.0014,-0.0541,0.0038,69.219,73.628,-7.1162,123.5418,-13.431,0.0,0.0,0.0,-0.03,1527.0,0.0,3.7,150.0,0,63.225,-0.011624091821955118,0.10253911472846065,-0.03,0.056194337866579125,0.5639589692164602,1.0,0.0,-757.7549366171653,202.57776341323842,288.172,336.858,4.536060835367538,0.041895460214700614,3.0421529955938733,89.05981136318911,-6.224613730474545,-3.4750999999999976,0.0,-0.05840524619009426,final_approach,-6.549000054113835,-0.48949120500189736,-7.251549853622038,
63.308,63.95771046,-22.60132242,434.138,339.742,-0.675,-3.5552,356.5451,0.0016,-0.0543,0.0038,69.214,73.622,-7.1255,123.5324,-13.4295,0.0,0.0,0.0,-0.03,1526.3,0.0,3.7,150.0,0,63.308,-0.011643794146953823,0.10255546926442512,-0.03,0.05619148023318099,0.5635565406271755,1.0,0.0,-754.9313380595306,202.26958707665662,287.638,336.242,4.539218661237457,0.04125389931530078,3.039781252146963,89.06571439567915,-6.22439458723062,-3.474899999999934,0.0,-0.05857212961421006,final_approach,-6.549000054113835,-0.48982168206603305,-7.262209172883608,
63.408,63.95774424,-22.60133077,433.425,338.94,-0.6749,-3.5606,356.5455,0.0016,-0.0546,0.0038,69.208,73.615,-7.1379,123.5197,-13.4276,0.0,0.0,0.0,-0.03,1525.3,0.0,3.7,150.0,0,63.408,-0.0116597655124408,0.10257901259260087,-0.03,0.05618576478378312,0.5630171986681498,1.0,0.0,-751.1657966338735,201.85917497233837,286.925,335.44,4.543441545242951,0.04141638943857403,3.0366213805972166,89.07249081908661,-6.224156494247637,-3.4745000000000346,0.0,-0.058701936012918364,final_approach,-6.549000054113835,-0.49018073564925935,-7.276488982838112,
63.508,63.95777801,-22.60133912,432.711,338.151,-0.6747,-3.566,356.5459,0.0016,-0.0549,0.0038,69.202,73.607,-7.1504,123.5069,-13.4256,0.0,0.0,0.0,-0.03,1524.3,0.0,3.7,150.0,0,63.508,-0.011682032309025814,0.10260186494019212,-0.03,0.056180049090924555,0.5624754205997804,1.0,0.0,-747.401369974902,201.44876325732116,286.211,334.651,4.547672950332981,0.041565999682194654,3.033454348321764,89.0789279511885,-6.223877487071036,-3.4740999999999076,0.0,-0.05881994182992591,final_approach,-6.549000054113835,-0.4906014888221577,-7.290826450547115,
63.617,63.9578174,-22.60134886,431.876,337.184,-0.6745,-3.5724,356.5463,0.0015,-0.0551,0.0038,69.194,73.598,-7.1651,123.4919,-13.4234,0.0,0.0,0.0,-0.03,1523.1,0.0,3.7,150.0,0,63.617,-0.011703248947894263,0.10262624097945804,-0.03,0.05617433315463094,0.5618415071071168,1.0,0.0,-743.0104678167675,200.97003157003343,285.376,333.684,4.552610757940682,0.042188497606265904,3.0297520107007787,89.08551748213223,-6.2236163675466685,-3.473700000000008,0.0,-0.06014490124655146,final_approach,-6.549000054113835,-0.490995266141816,-7.3075935724208705,
63.717,63.95784835,-22.60135652,431.218,336.459,-0.6744,-3.5774,356.5467,0.0015,-0.0553,0.0038,69.188,73.591,-7.1767,123.48,-13.4216,0.0,0.0,0.0,-0.03,1522.2,0.0,3.7,150.0,0,63.717,-0.011718878479216432,0.10264516810622365,-0.03,0.056168616974916596,0.5613424918465273,1.0,0.0,-739.5603937607615,200.5935352615294,284.718,332.959,4.556487948877117,0.041619066232612814,3.026831792875262,89.09124893647932,-6.223384097795247,-3.4732999999999947,0.0,-0.060131728405956,final_approach,-6.549000054113835,-0.4913455365049053,-7.320786177690083,
63.833,63.95788774,-22.60136625,430.38,335.53,-0.6742,-3.5839,356.5471,0.0015,-0.0556,0.0038,69.181,73.582,-7.1916,123.4648,-13.4193,0.0,0.0,0.0,-0.03,1521.0,0.0,3.7,150.0,0,63.833,-0.01174220956471106,0.10266970684651433,-0.03,0.056162900551802064,0.5607023712480478,1.0,0.0,-735.1694914323986,200.11529351156682,283.88,332.03,4.56144901991333,0.041810530820587034,3.023121462062979,89.09744486352423,-6.223086966268255,-3.4728999999999814,0.0,-0.06015110105871002,final_approach,-6.549000054113835,-0.49179361986019465,-7.337701037472957,
63.933,63.95792149,-22.6013746,429.66,334.701,-0.6741,-3.5894,356.5475,0.0016,-0.0558,0.0038,69.174,73.574,-7.2043,123.4517,-13.4173,0.0,0.0,0.0,-0.03,1520.0,0.0,3.7,150.0,0,63.933,-0.011759718976932565,0.10269118703579819,-0.03,0.05615718388530655,0.5601524748032631,1.0,0.0,-731.4072943083825,199.70488257480417,283.16,331.201,4.565699840899865,0.041926810661380126,3.019925778273565,89.10244595847317,-6.222822678933738,-3.472499999999968,0.0,-0.06104645550790974,final_approach,-6.549000054113835,-0.49219217253363823,-7.352224519803814,
64.025,63.95795243,-22.60138225,428.999,333.981,-0.6739,-3.5945,356.5478,0.0016,-0.0559,0.0038,69.168,73.567,-7.2161,123.4397,-13.4155,0.0,0.0,0.0,-0.03,1519.1,0.0,3.7,150.0,0,64.025,-0.011779433460200217,0.10270977405450227,-0.03,0.05615289622572728,0.5596458230467746,1.0,0.0,-727.9583348480419,199.32887659257798,282.499,330.481,4.569607533032536,0.042018161298742154,3.0169941042072907,89.10676191512093,-6.222595241953769,-3.47219999999993,0.0,-0.06142563148940396,final_approach,-6.549000054113835,-0.49253515335906783,-7.365600001715812,
64.108,63.95798337,-22.6013899,428.337,333.24,-0.6738,-3.5996,356.5481,0.0016,-0.0559,0.0038,69.162,73.559,-7.2279,123.4275,-13.4137,0.0,0.0,0.0,-0.03,1518.2,0.0,3.7,150.0,0,64.108,-0.011794671727149875,0.10272918941451202,-0.03,0.05614860842926683,0.5591369289349237,1.0,0.0,-724.5093753877013,198.9528706103518,281.837,329.74,4.573524123669735,0.04287977424935146,3.014057062320396,89.11039994332835,-6.222377732441856,-3.471900000000005,0.0,-0.06241322468368635,final_approach,-6.549000054113835,-0.49286316288661425,-7.379029101926619,
64.225,63.95802274,-22.60139963,427.493,332.27,-0.6736,-3.6061,356.5486,0.0016,-0.0562,0.0038,69.155,73.55,-7.243,123.412,-13.4113,0.0,0.0,0.0,-0.03,1517.0,0.0,3.7,150.0,0,64.225,-0.011819358259512469,0.1027542694779814,-0.03,0.05614146179766666,0.5584865135417996,1.0,0.0,-720.1207025942937,198.47462963881782,280.993,328.77,4.578517859452276,0.04284672894360739,3.0103152212440967,89.11507626443492,-6.222049423906469,-3.4713999999999032,0.0,-0.06217830060599737,final_approach,-6.549000054113835,-0.4933582592032675,-7.396184746022984,
64.317,63.95805367,-22.60140728,426.828,331.548,-0.6734,-3.6112,356.5489,0.0016,-0.0562,0.0038,69.148,73.543,-7.2549,123.3997,-13.4095,0.0,0.0,0.0,-0.03,1516.0,0.0,3.7,150.0,0,64.317,-0.011838203309477324,0.10277201819614025,-0.03,0.05613717363622428,0.5579746654360962,1.0,0.0,-716.6728579014308,198.0986240457189,280.328,328.048,4.582438370260155,0.04280798210496021,3.0073650476785803,89.11846761494375,-6.221836797799597,-3.4710999999999785,0.0,-0.06344272387106983,final_approach,-6.549000054113835,-0.49367890343498644,-7.409679227335987,
64.425,63.95809022,-22.60141631,426.042,330.665,-0.6732,-3.6173,356.5493,0.0014,-0.0565,0.0038,69.141,73.534,-7.269,123.3851,-13.4073,0.0,0.0,0.0,-0.03,1514.9,0.0,3.7,150.0,0,64.425,-0.01186061958520046,0.10279582662816641,-0.03,0.05613145587475121,0.557364520505969,1.0,0.0,-712.5985375383844,197.65478841784838,279.542,327.165,4.5871012374114315,0.04286910106165905,3.003879282475438,89.12206009403731,-6.221555253171914,-3.4706999999999653,0.0,-0.06356745941140231,final_approach,-6.549000054113835,-0.49410347750723993,-7.425758140342628,
64.525,63.95812395,-22.60142465,425.314,329.823,-0.6731,-3.6229,356.5497,0.0014,-0.0567,0.0038,69.134,73.526,-7.282,123.3716,-13.4053,0.0,0.0,0.0,-0.03,1513.9,0.0,3.7,150.0,0,64.525,-0.011876977523564813,0.10281718950331775,-0.03,0.0561257378700023,0.5568016532821431,1.0,0.0,-708.8385697783035,197.24486819666515,278.814,326.323,4.591392798913255,0.04287685338775374,3.0006507536802203,89.12505163575854,-6.221310580327554,-3.470299999999952,0.0,-0.06415223582855156,final_approach,-6.549000054113835,-0.49447244774417776,-7.440584421336487,
64.608,63.95815487,-22.60143229,424.646,329.108,-0.673,-3.628,356.55,0.0014,-0.0569,0.0039,69.128,73.518,-7.294,123.3591,-13.4034,0.0,0.0,0.0,-0.03,1512.9,0.0,3.7,150.0,0,64.608,-0.011894047217607506,0.10283713774309831,-0.03,0.05612144920680351,0.5562824616189306,1.0,0.0,-705.391839681898,196.86935292984435,278.146,325.608,4.595342998834775,0.043662839512929055,2.9976893757290393,89.12728054441845,-6.221061881325852,-3.4700000000000273,0.0,-0.06489195590109326,final_approach,-6.549000054113835,-0.4948474889504748,-7.454254605987007,
64.717,63.95819141,-22.60144132,423.855,328.192,-0.6728,-3.6342,356.5504,0.0014,-0.0573,0.0039,69.121,73.51,-7.3083,123.3443,-13.4012,0.0,0.0,0.0,-0.03,1511.8,0.0,3.7,150.0,0,64.717,-0.011915888764926663,0.10285974453268061,-0.03,0.056115730776366335,0.5556666150481695,1.0,0.0,-701.3186340871213,196.42551769127545,277.355,324.692,4.6000183674396125,0.04353458125288019,2.9941816982757796,89.12981723021913,-6.220790127572741,-3.4695999999999003,0.0,-0.06483088568156546,final_approach,-6.549000054113835,-0.49525729639325355,-7.470462755978284,
64.808,63.95821951,-22.60144827,423.245,327.502,-0.6727,-3.639,356.5507,0.0013,-0.0575,0.0039,69.115,73.503,-7.3193,123.3329,-13.3995,0.0,0.0,0.0,-0.03,1510.9,0.0,3.7,150.0,0,64.808,-0.011930794964973068,0.10287652093569206,-0.03,0.05611144179392458,0.5551925061737081,1.0,0.0,-698.1862565928891,196.08391783114166,276.745,324.002,4.603610268704285,0.042857391455554866,2.991474739822341,89.13168098594463,-6.220578277226679,-3.4692999999999756,0.0,-0.06493117479542883,final_approach,-6.549000054113835,-0.4955767684373722,-7.48293552916528,
64.917,63.95825885,-22.60145799,422.391,326.573,-0.6726,-3.6456,356.5512,0.0014,-0.0578,0.0039,69.107,73.493,-7.3347,123.3167,-13.3971,0.0,0.0,0.0,-0.03,1509.7,0.0,3.7,150.0,0,64.917,-0.011949566051062843,0.10290287953018072,-0.03,0.05610429318584653,0.5545225512228311,1.0,0.0,-693.8009279301024,195.60616796413998,275.891,323.073,4.6086751086501625,0.043458896466597716,2.9876848434966754,89.1334935263035,-6.2202844096403,-3.4687999999999874,0.0,-0.06570056757882684,final_approach,-6.549000054113835,-0.49601992249723637,-7.500553203474144,
65.017,63.95829256,-22.60146632,421.656,325.752,-0.6724,-3.6514,356.5516,0.0015,-0.0579,0.0039,69.1,73.485,-7.3481,123.3028,-13.395,0.0,0.0,0.0,-0.03,1508.6,0.0,3.7,150.0,0,65.017,-0.011971358636759133,0.102921394401161,-0.03,0.056098574025798875,0.553949783802536,1.0,0.0,-690.0431895339565,195.1967384583621,275.156,322.252,4.61299535318718,0.04341615461719381,2.9844294609653903,89.13482482731236,-6.220013491773869,-3.468399999999974,0.0,-0.06609142507166567,final_approach,-6.549000054113835,-0.49642846757440573,-7.515608403538264,
65.108,63.95832066,-22.60147326,421.044,325.047,-0.6723,-3.6562,356.5519,0.0015,-0.058,0.0039,69.094,73.478,-7.3592,123.2912,-13.3933,0.0,0.0,0.0,-0.03,1507.7,0.0,3.7,150.0,0,65.108,-0.011985687423665292,0.10293998905749818,-0.03,0.05609428449618581,0.5534667340823239,1.0,0.0,-686.910811868704,194.85562853555317,274.544,321.547,4.61663194245055,0.04284054874394431,2.981713612984094,89.1357851307844,-6.219811476530509,-3.4681000000000495,0.0,-0.06607711969551992,final_approach,-6.549000054113835,-0.4967331068401446,-7.528300608530424,
65.208,63.95835436,-22.60148159,420.307,324.228,-0.6721,-3.662,356.5523,0.0015,-0.0582,0.0039,69.087,73.469,-7.3726,123.2772,-13.3912,0.0,0.0,0.0,-0.03,1506.7,0.0,3.7,150.0,0,65.208,-0.012007193566961671,0.10296023582081237,-0.03,0.056088564910609096,0.5528892479991865,1.0,0.0,-683.1541882392438,194.4461994189023,273.807,320.728,4.620971300432579,0.042932720590001965,2.9784453080348356,89.1365103778186,-6.21954543859664,-3.4676999999999225,0.0,-0.06643374517773737,final_approach,-6.549000054113835,-0.49713429186612323,-7.543468506956993,
65.325,63.95839369,-22.60149131,419.446,323.266,-0.6719,-3.6687,356.5527,0.0015,-0.0583,0.0039,69.079,73.46,-7.3883,123.2607,-13.3888,0.0,0.0,0.0,-0.03,1505.4,0.0,3.7,150.0,0,65.325,-0.012029470630352035,0.1029849416348224,-0.03,0.0560828450819032,0.5522104348433219,1.0,0.0,-678.7699743439347,193.9684499410279,272.946,319.766,4.626060865530698,0.04302735989069712,2.9746238710308672,89.13690898025571,-6.219266271985106,-3.467300000000023,0.0,-0.06661032001395664,final_approach,-6.549000054113835,-0.4975552742620799,-7.56129007724374,
65.417,63.95842458,-22.60149894,418.768,322.507,-0.6718,-3.674,356.5531,0.0016,-0.0583,0.0039,69.072,73.452,-7.4007,123.2477,-13.3869,0.0,0.0,0.0,-0.03,1504.4,0.0,3.7,150.0,0,65.417,-0.01204462541015805,0.10300282584075447,-0.03,0.05607712501008266,0.5516761007450386,1.0,0.0,-675.3265883789419,193.59342577908782,272.268,319.007,4.63005882368423,0.04309881105661825,2.9716192842576334,89.13694476686797,-6.219042092747628,-3.4669000000000096,0.0,-0.06747183242374605,final_approach,-6.549000054113835,-0.49789333537122893,-7.575312719035887,
65.542,63.95846108,-22.60150796,417.965,321.601,-0.6716,-3.6803,356.5535,0.0017,-0.0585,0.0039,69.065,73.443,-7.4154,123.2323,-13.3846,0.0,0.0,0.0,-0.03,1503.3,0.0,3.7,150.0,0,65.542,-0.012067435911783275,0.1030251698103232,-0.03,0.05607140469516836,0.5510430820130727,1.0,0.0,-671.2578416822637,193.15008203417855,271.465,318.101,4.6347858344056725,0.04221835684243831,2.9680586166293823,89.13654815741802,-6.218753842582885,-3.4664999999999964,0.0,-0.0664289385670455,final_approach,-6.549000054113835,-0.4983280144527118,-7.591918695346685,
65.642,63.95849197,-22.60151559,417.285,320.84,-0.6715,-3.6857,356.5538,0.0018,-0.0587,0.0039,69.058,73.435,-7.4279,123.2191,-13.3827,0.0,0.0,0.0,-0.03,1502.3,0.0,3.7,150.0,0,65.642,-0.012082486296140504,0.10304349604247398,-0.03,0.056067114299463316,0.5505033176938262,1.0,0.0,-667.8144557172709,192.77505787206442,270.785,317.34,4.638808640815664,0.04188664138535097,2.965041855388209,89.13593051576545,-6.218539539846688,-3.466199999999958,0.0,-0.0667535805154879,final_approach,-6.549000054113835,-0.4986511808946972,-7.606072879601699,
65.742,63.95852565,-22.60152391,416.541,320.01,-0.6713,-3.6915,356.5542,0.0018,-0.0589,0.0039,69.051,73.426,-7.4415,123.2048,-13.3806,0.0,0.0,0.0,-0.03,1501.2,0.0,3.7,150.0,0,65.742,-0.01210313106638039,0.10306424924397324,-0.03,0.056061393559180495,0.5499154801206311,1.0,0.0,-664.0600614517457,192.36611947099297,270.041,316.51,4.643181685135526,0.0421939416875629,2.961745588816241,89.13498530626119,-6.218288175542341,-3.4657999999999447,0.0,-0.06704870955953846,final_approach,-6.549000054113835,-0.4990302353063676,-7.621482074793551,
65.842,63.95855653,-22.60153154,415.859,319.227,-0.6711,-3.6969,356.5546,0.0019,-0.059,0.004,69.044,73.418,-7.454,123.1915,-13.3786,0.0,0.0,0.0,-0.03,1500.2,0.0,3.7,150.0,0,65.842,-0.012124011445548477,0.10308416720301103,-0.03,0.056055672575858084,0.5493713520366439,1.0,0.0,-660.6177902534386,191.9910956981799,269.359,315.727,4.647222225340334,0.04189585174764916,2.9587162150395234,89.1337403100776,-6.218032799402664,-3.465400000000045,0.0,-0.06731700869049441,final_approach,-6.549000054113835,-0.49941533894909895,-7.635740371187293,
65.933,63.95859021,-22.60153986,415.113,318.422,-0.6709,-3.7027,356.555,0.0019,-0.0591,0.004,69.037,73.409,-7.4677,123.177,-13.3765,0.0,0.0,0.0,-0.03,1499.1,0.0,3.7,150.0,0,65.933,-0.012144076806624993,0.1031055579385117,-0.03,0.05604995134951041,0.548777601597909,1.0,0.0,-656.8633959887055,191.5821572971087,268.613,314.922,4.651623348986532,0.04297387580838424,2.955407118201016,89.13231001222665,-6.217791304358428,-3.464999999999918,0.0,-0.06819028762071935,final_approach,-6.549000054113835,-0.49977950956592565,-7.651293442106223,
66.042,63.95862669,-22.60154888,414.303,317.501,-0.6707,-3.7091,356.5554,0.0018,-0.0594,0.004,69.029,73.4,-7.4826,123.1612,-13.3742,0.0,0.0,0.0,-0.03,1498.0,0.0,3.7,150.0,0,66.042,-0.012165733864150097,0.10312781836830007,-0.03,0.05604422988016311,0.548132871343214,1.0,0.0,-652.7968788261908,191.1388143304537,267.803,314.001,4.656393206702016,0.04310492359488324,2.9518090545121494,89.13020980612406,-6.217522702427658,-3.4646000000000186,0.0,-0.0686633974200119,final_approach,-6.549000054113835,-0.5001845563250171,-7.668175496693895,
66.142,63.95866037,-22.60155719,413.554,316.65,-0.6705,-3.715,356.5558,0.0016,-0.0597,0.004,69.022,73.391,-7.4964,123.1466,-13.372,0.0,0.0,0.0,-0.03,1496.9,0.0,3.7,150.0,0,66.142,-0.0121882132649756,0.1031492544033843,-0.03,0.05603850816783029,0.5475345942275427,1.0,0.0,-649.0424843904373,190.7303658665333,267.054,313.15,4.660811047893498,0.04328383831487299,2.948493485171628,89.12795845528747,-6.217240096438445,-3.4642000000000053,0.0,-0.06878490674545736,final_approach,-6.549000054113835,-0.500610720259056,-7.683835330392473,
66.25,63.95869684,-22.6015662,412.741,315.77,-0.6704,-3.7215,356.5562,0.0014,-0.06,0.004,69.014,73.382,-7.5114,123.1306,-13.3697,0.0,0.0,0.0,-0.03,1495.7,0.0,3.7,150.0,0,66.25,-0.012205398218487928,0.10317164344970714,-0.03,0.05603278621253294,0.5468850819586571,1.0,0.0,-644.9770818243798,190.28751322633042,266.241,312.27,4.665598322318498,0.04345763443677717,2.944886857499029,89.12514558545833,-6.216981344272654,-3.463799999999992,0.0,-0.06926574013897593,final_approach,-6.549000054113835,-0.5010009125069192,-7.700829977952559,
66.342,63.9587305,-22.60157452,411.989,314.93,-0.6702,-3.7274,356.5566,0.0013,-0.0602,0.004,69.006,73.373,-7.5253,123.1158,-13.3675,0.0,0.0,0.0,-0.03,1494.6,0.0,3.7,150.0,0,66.342,-0.012227299146150672,0.10319138163336823,-0.03,0.05602706401429014,0.5462836940544263,1.0,0.0,-641.2249170938101,189.8785756035135,265.489,311.43,4.6700228047542875,0.04423006209548344,2.941547860872239,89.12245087552984,-6.216708591404739,-3.4633999999999787,0.0,-0.07087399301171297,final_approach,-6.549000054113835,-0.5014122168475854,-7.716559743211125,
66.425,63.95875855,-22.60158145,411.361,314.219,-0.6701,-3.7324,356.5569,0.0013,-0.0604,0.004,69.0,73.365,-7.5369,123.1035,-13.3657,0.0,0.0,0.0,-0.03,1493.7,0.0,3.7,150.0,0,66.425,-0.012242312920010268,0.10320870127355347,-0.03,0.05602277220618623,0.5457814422338302,1.0,0.0,-638.0981130949258,189.53795756349174,264.861,310.719,4.673712091774066,0.044266591946594214,2.9387626918720757,89.11979606486625,-6.216494915740583,-3.4630999999999403,0.0,-0.0710026442494218,final_approach,-6.549000054113835,-0.5017344338182568,-7.7296924099392506,
66.517,63.9587866,-22.60158837,410.733,313.508,-0.67,-3.7374,356.5573,0.0012,-0.0606,0.004,68.994,73.358,-7.5485,123.0911,-13.3639,0.0,0.0,0.0,-0.03,1492.8,0.0,3.7,150.0,0,66.517,-0.01225656030861011,0.10322755829889821,-0.03,0.05601704958283671,0.5452752864915661,1.0,0.0,-634.9713089242292,189.19782946079454,264.233,310.008,4.677424778449224,0.04361470828005808,2.9359803771729958,89.11660555163391,-6.2162861919410375,-3.4627000000000407,0.0,-0.07047671216350629,final_approach,-6.549000054113835,-0.502049183124532,-7.742923430419182,
66.617,63.95882026,-22.60159668,409.977,312.659,-0.6699,-3.7435,356.5576,0.0013,-0.0609,0.004,68.987,73.349,-7.5626,123.0762,-13.3617,0.0,0.0,0.0,-0.03,1491.7,0.0,3.7,150.0,0,66.617,-0.012274759840690597,0.10324721453126834,-0.03,0.0560127574559236,0.5446685004593618,1.0,0.0,-631.2191440226391,188.7893817753025,263.477,309.159,4.681868745692852,0.04375220230609379,2.932630790416182,89.11281327883675,-6.216018262357693,-3.4624000000000024,0.0,-0.07043337469410063,final_approach,-6.549000054113835,-0.5024532124334726,-7.7587801099509335,
66.725,63.95885671,-22.60160569,409.157,311.744,-0.6697,-3.7501,356.5581,0.0015,-0.0611,0.004,68.978,73.339,-7.5778,123.0599,-13.3593,0.0,0.0,0.0,-0.03,1490.5,0.0,3.7,150.0,0,66.725,-0.012297203292552517,0.10326909387205839,-0.03,0.05600560360747564,0.5440082780007376,1.0,0.0,-627.155970992329,188.3465299133545,262.657,308.244,4.6866957626874175,0.043909268888667516,2.9289873195126375,89.1083377815403,-6.215728171944363,-3.461900000000014,0.0,-0.07160609820675914,final_approach,-6.549000054113835,-0.502890658853639,-7.776027330720957,
66.833,63.95889316,-22.60161469,408.335,310.856,-0.6695,-3.7566,356.5585,0.0015,-0.0613,0.004,68.97,73.33,-7.5931,123.0436,-13.357,0.0,0.0,0.0,-0.03,1489.3,0.0,3.7,150.0,0,66.833,-0.012317424530862486,0.10329116773989767,-0.03,0.055999880255504064,0.5433462656124457,1.0,0.0,-623.0927977902066,187.90416798855694,261.835,307.356,4.691527373430088,0.04404724682492467,2.9253433871426386,89.10348485133817,-6.215484027441107,-3.461500000000001,0.0,-0.07183045964923833,final_approach,-6.549000054113835,-0.5032588198348016,-7.793315302874065,
66.942,63.9589268,-22.60162299,407.575,309.98,-0.6694,-3.7627,356.5589,0.0015,-0.0614,0.004,68.963,73.321,-7.6073,123.0285,-13.3548,0.0,0.0,0.0,-0.03,1488.2,0.0,3.7,150.0,0,66.942,-0.012334573522182035,0.10331168335338589,-0.03,0.05599415666069729,0.5427327135067564,1.0,0.0,-619.3428622525515,187.4962110186443,261.075,306.48,4.6959978868918135,0.043541686515763414,2.9219779033892794,89.09823778118107,-6.215225889321658,-3.4610999999999876,0.0,-0.07113861636169735,final_approach,-6.549000054113835,-0.5036480821020461,-7.80933252171287,
67.05,63.95896324,-22.60163199,406.75,309.107,-0.6692,-3.7694,356.5593,0.0016,-0.0615,0.004,68.954,73.311,-7.6228,123.0121,-13.3524,0.0,0.0,0.0,-0.03,1487.0,0.0,3.7,150.0,0,67.05,-0.012357212165058418,0.10333111757365426,-0.03,0.05598843282307475,0.5420659347781798,1.0,0.0,-615.2808038179069,187.05384948297407,260.25,305.607,4.700848326218728,0.043769984638004175,2.918317525233404,89.09266241789402,-6.214940577434618,-3.4606999999999744,0.0,-0.07224722699548244,final_approach,-6.549000054113835,-0.5040783206678299,-7.826733669272702,
67.158,63.95899967,-22.60164099,405.923,308.172,-0.669,-3.776,356.5597,0.0017,-0.0617,0.004,68.946,73.301,-7.6382,122.9956,-13.35,0.0,0.0,0.0,-0.03,1485.8,0.0,3.7,150.0,0,67.158,-0.012379561905801473,0.10335361869943688,-0.03,0.05598270874265521,0.5413981320323733,1.0,0.0,-611.2198601515319,186.61148833660545,259.423,304.672,4.705698167171708,0.04395930965663938,2.91464813088309,89.08671083132498,-6.2146601864812965,-3.460299999999961,0.0,-0.07241330400262315,final_approach,-6.549000054113835,-0.5045011379634552,-7.84415584494303,
67.308,63.95905291,-22.60165413,404.712,306.833,-0.6688,-3.7857,356.5604,0.0016,-0.0618,0.004,68.934,73.286,-7.6609,122.9714,-13.3465,0.0,0.0,0.0,-0.03,1484.0,0.0,3.7,150.0,0,67.308,-0.012407635180964938,0.10338537845157265,-0.03,0.05597269101774893,0.5404160169268178,1.0,0.0,-605.2850633119946,185.96563903155828,258.212,303.333,4.712816456729248,0.04454196866668796,2.909280733155522,89.07766938714168,-6.214258019832641,-3.4595999999999094,0.0,-0.07310300363874832,final_approach,-6.549000054113835,-0.5051075864610439,-7.8697680010148705,
67.45,63.95910054,-22.60166589,403.625,305.632,-0.6685,-3.7944,356.5609,0.0016,-0.0622,0.004,68.923,73.273,-7.6813,122.9496,-13.3433,0.0,0.0,0.0,-0.03,1482.4,0.0,3.7,150.0,0,67.45,-0.012439494115014882,0.10341311732583279,-0.03,0.05596553504481028,0.5395341637269868,1.0,0.0,-599.9756273743712,185.3876193721552,257.125,302.132,4.719194104846542,0.04460380970732667,2.904460573590107,89.06846848682568,-6.213873904409041,-3.459100000000035,0.0,-0.07349952955634995,final_approach,-6.549000054113835,-0.5056868132104846,-7.892755606596939,
67.55,63.95913415,-22.60167419,402.856,304.816,-0.6684,-3.8006,356.5613,0.0015,-0.0624,0.004,68.915,73.264,-7.6957,122.9341,-13.3411,0.0,0.0,0.0,-0.03,1481.3,0.0,3.7,150.0,0,67.55,-0.012455492318081296,0.10343304034460953,-0.03,0.05595980999339423,0.5389098419361489,1.0,0.0,-596.2290361391495,184.97966356945034,256.356,301.316,4.7237015359540715,0.04468222660198847,2.9010495613816007,89.06167854800775,-6.213635365567853,-3.458699999999908,0.0,-0.07409048141485997,final_approach,-6.549000054113835,-0.5060465171296311,-7.909024587306098,
67.642,63.95916496,-22.6016818,402.15,304.02,-0.6683,-3.8063,356.5617,0.0013,-0.0626,0.004,68.908,73.256,-7.709,122.92,-13.339,0.0,0.0,0.0,-0.03,1480.3,0.0,3.7,150.0,0,67.642,-0.012472898784809172,0.1034510283964689,-0.03,0.05595408469928087,0.538335127859363,1.0,0.0,-592.7945679703536,184.60562239500356,255.64999999999998,300.52,4.727845307220797,0.04474202083992738,2.89791541861831,89.05516428564007,-6.213372844451811,-3.4583000000000084,0.0,-0.07427197915185402,final_approach,-6.549000054113835,-0.5064423844602182,-7.92399697547939,
67.733,63.95919857,-22.60169009,401.379,303.151,-0.6681,-3.8125,356.5621,0.0013,-0.0628,0.004,68.9,73.246,-7.7235,122.9044,-13.3368,0.0,0.0,0.0,-0.03,1479.1,0.0,3.7,150.0,0,67.733,-0.012492504641458346,0.10347167270973709,-0.03,0.05594835916248431,0.5377047238257101,1.0,0.0,-589.0479765641114,184.1981565296236,254.87900000000002,299.651,4.732384689781714,0.045598904840813206,2.8944985978421482,89.0484296597106,-6.213139184345351,-3.457899999999995,0.0,-0.07551198903914286,final_approach,-6.549000054113835,-0.5067947304661633,-7.9404160228492024,
67.833,63.95922937,-22.6016977,400.67,302.377,-0.668,-3.8183,356.5624,0.0014,-0.0631,0.004,68.893,73.238,-7.7369,122.8902,-13.3347,0.0,0.0,0.0,-0.03,1478.1,0.0,3.7,150.0,0,67.833,-0.012510100440937921,0.10348863956101463,-0.03,0.05594406485063819,0.5371281999079107,1.0,0.0,-585.6146231627932,183.82411574447812,254.17000000000002,298.877,4.73653080300496,0.04490927607275526,2.8913511752201013,89.04073667836691,-6.212881542560268,-3.4575999999999567,0.0,-0.07501089912649841,final_approach,-6.549000054113835,-0.5071832388990174,-7.955428027745899,
67.933,63.95926297,-22.60170599,399.895,301.528,-0.6678,-3.8246,356.5628,0.0014,-0.0633,0.004,68.885,73.228,-7.7515,122.8745,-13.3325,0.0,0.0,0.0,-0.03,1477.0,0.0,3.7,150.0,0,67.933,-0.012529419725554158,0.10350756127485745,-0.03,0.05593833888919675,0.5364976421463329,1.0,0.0,-581.8691465240287,183.4166502682254,253.39499999999998,298.028,4.741059862490399,0.04497282920302637,2.887919925347045,89.03272621530706,-6.212652763633145,-3.457200000000057,0.0,-0.07546445375135755,final_approach,-6.549000054113835,-0.5075282233673395,-7.971843052618631,
68.042,63.95929936,-22.60171497,399.055,300.616,-0.6677,-3.8314,356.5632,0.0015,-0.0636,0.004,68.877,73.218,-7.7674,122.8576,-13.33,0.0,0.0,0.0,-0.03,1475.7,0.0,3.7,150.0,0,68.042,-0.012549444211921834,0.10352942001934534,-0.03,0.055932612685123395,0.5358097633265236,1.0,0.0,-577.8126615839399,182.97527055284095,252.555,297.116,4.745994093460244,0.04502205334173424,2.8841944928212953,89.02361784310897,-6.2123456601523515,-3.45679999999993,0.0,-0.07527627572059208,final_approach,-6.549000054113835,-0.5079913156804654,-7.9897457113764005,
68.142,63.95933295,-22.60172326,398.277,299.76,-0.6675,-3.8377,356.5636,0.0015,-0.0637,0.004,68.869,73.209,-7.7821,122.8418,-13.3277,0.0,0.0,0.0,-0.03,1474.6,0.0,3.7,150.0,0,68.142,-0.012571184513142042,0.10354806225228565,-0.03,0.055926886238443996,0.5351755323704964,1.0,0.0,-574.068299712653,182.5678054657155,251.777,296.26,4.750537620272832,0.04509092247242594,2.8807475550043637,89.01494720579903,-6.212075653844266,-3.4564000000000306,0.0,-0.07570570520053463,final_approach,-6.549000054113835,-0.5083984671433264,-8.00624803269762,
68.25,63.95936654,-22.60173155,397.498,298.917,-0.6674,-3.8441,356.564,0.0015,-0.0639,0.004,68.861,73.199,-7.7968,122.8261,-13.3255,0.0,0.0,0.0,-0.03,1473.4,0.0,3.7,150.0,0,68.25,-0.012586621023383704,0.10356796422625272,-0.03,0.055921159549170874,0.5345380067067846,1.0,0.0,-570.3239378405742,182.16034037858978,250.998,295.417,4.755099224283158,0.044615281088635564,2.877293474051779,89.00524109105575,-6.211846681056187,-3.4559999999999036,0.0,-0.07555737509812514,final_approach,-6.549000054113835,-0.5087437422889849,-8.02283223800403,
68.35,63.95940291,-22.60174053,396.653,297.95,-0.6672,-3.851,356.5645,0.0015,-0.0641,0.004,68.853,73.189,-7.8129,122.8089,-13.323,0.0,0.0,0.0,-0.03,1472.2,0.0,3.7,150.0,0,68.35,-0.01260919632050067,0.10358842967205431,-0.03,0.05591400084647047,0.5338450400372385,1.0,0.0,-566.2696824354405,181.7189614414599,250.15300000000002,294.45,4.76005141742217,0.04543305613888449,2.8735424296724736,88.99591119705282,-6.211554352020187,-3.455500000000029,0.0,-0.07596125008921398,final_approach,-6.549000054113835,-0.5091845535959241,-8.040854425720866,
68.408,63.9594197,-22.60174467,396.262,297.536,-0.6671,-3.8542,356.5646,0.0016,-0.0641,0.004,68.849,73.184,-7.8203,122.801,-13.3219,0.0,0.0,0.0,-0.03,1471.6,0.0,3.7,150.0,0,68.408,-0.012619194084635854,0.10359794775300107,-0.03,0.05591256906045161,0.5335251908116129,1.0,0.0,-564.3980587980258,181.51547406121026,249.762,294.036,4.762335086902378,0.044423148737022286,2.8718122440310845,88.99041754555898,-6.211442310091883,-3.455400000000054,0.0,-0.0753252743757591,final_approach,-6.549000054113835,-0.5093535046179536,-8.049171395755197,
68.508,63.95945607,-22.60175365,395.414,296.614,-0.667,-3.8611,356.5651,0.0015,-0.0644,0.004,68.84,73.174,-7.8364,122.7838,-13.3194,0.0,0.0,0.0,-0.03,1470.3,0.0,3.7,150.0,0,68.508,-0.012637881997540512,0.10361792685914047,-0.03,0.05590540990297688,0.5328299595928782,1.0,0.0,-560.3438033928924,181.0740951240804,248.914,293.114,4.76729448704923,0.04528495752560576,2.868048865117502,88.98058770691887,-6.211149864203094,-3.4548999999999523,0.0,-0.07665934034159996,final_approach,-6.549000054113835,-0.5097944910684635,-8.067246294388836,
68.608,63.95948964,-22.60176193,394.629,295.726,-0.6668,-3.8675,356.5655,0.0015,-0.0645,0.004,68.832,73.165,-7.8513,122.7678,-13.3171,0.0,0.0,0.0,-0.03,1469.2,0.0,3.7,150.0,0,68.608,-0.012659053420555066,0.10363607889259448,-0.03,0.055899682304164866,0.5321881330801018,1.0,0.0,-556.6016708847485,180.6671207525341,248.12900000000002,292.226,4.771867676084344,0.04535944632986147,2.864574409913292,88.97044318888713,-6.210889547658326,-3.4545000000000528,0.0,-0.07696303667419005,final_approach,-6.549000054113835,-0.5101870282329699,-8.083929161737633,
68.708,63.95952321,-22.60177022,393.843,294.875,-0.6667,-3.8739,356.5659,0.0015,-0.0647,0.0041,68.824,73.155,-7.8663,122.7518,-13.3148,0.0,0.0,0.0,-0.03,1468.0,0.0,3.7,150.0,0,68.708,-0.012676334546809553,0.10365391593141307,-0.03,0.055893954462850726,0.5315429985238919,1.0,0.0,-552.8595385476252,180.25965644366286,247.34300000000002,291.375,4.77645951620919,0.045452605482961164,2.8610849605230153,88.95998354097648,-6.210629162995275,-3.454099999999926,0.0,-0.07723912424926006,final_approach,-6.549000054113835,-0.5105796675047092,-8.100694666149257,
68.808,63.95955677,-22.6017785,393.056,294.028,-0.6665,-3.8804,356.5663,0.0015,-0.0648,0.0041,68.816,73.145,-7.8813,122.7358,-13.3125,0.0,0.0,0.0,-0.03,1466.8,0.0,3.7,150.0,0,68.808,-0.0126975140277934,0.10367269234661253,-0.03,0.055888226379060324,0.530895365156906,1.0,0.0,-549.1185208069592,179.85268246106978,246.55599999999998,290.528,4.781064337862717,0.045551873991678725,2.8575951368118795,88.94920977618774,-6.210368710187254,-3.453700000000026,0.0,-0.07749011295386814,final_approach,-6.549000054113835,-0.5109724089229761,-8.11752185939609,
68.958,63.9596043,-22.60179023,391.938,292.8,-0.6663,-3.8895,356.5668,0.0016,-0.0648,0.0041,68.804,73.132,-7.9026,122.713,-13.3093,0.0,0.0,0.0,-0.03,1465.2,0.0,3.7,150.0,0,68.958,-0.012722624506279145,0.10369784040293847,-0.03,0.055881065933361174,0.5299770303410034,1.0,0.0,-543.8202320302597,179.27613650491375,245.438,289.3,4.7875859621005885,0.045206144146256455,2.852637591775447,88.93235936607313,-6.210033211864442,-3.4531999999999243,0.0,-0.07771828450351717,final_approach,-6.549000054113835,-0.5114783119060018,-8.141377245798083,
69.108,63.95965742,-22.60180333,390.685,291.392,-0.666,-3.8997,356.5675,0.0018,-0.0649,0.0041,68.792,73.117,-7.9265,122.6874,-13.3056,0.0,0.0,0.0,-0.03,1463.3,0.0,3.7,150.0,0,69.108,-0.012756006449954505,0.1037280240297074,-0.03,0.05587104067299831,0.5289459046894092,1.0,0.0,-537.8988117155816,178.63225161851904,244.185,287.892,4.794897966800695,0.045796236455332,2.8470870891838174,88.91476063262033,-6.209606966012643,-3.4524999999999864,0.0,-0.07792571318501561,final_approach,-6.549000054113835,-0.5121210529929137,-8.168155530704732,
69.208,63.95969096,-22.60181161,389.891,290.523,-0.6658,-3.9061,356.5679,0.0018,-0.0651,0.0041,68.783,73.107,-7.9416,122.6712,-13.3033,0.0,0.0,0.0,-0.03,1462.2,0.0,3.7,150.0,0,69.208,-0.012776613987396268,0.1037449687788909,-0.03,0.05586531161947994,0.5282948693158447,1.0,0.0,-534.160023509079,178.22527841435425,243.39100000000002,287.023,4.7995091295134555,0.0458488015673776,2.8435662833474367,88.902734725513,-6.209356254770853,-3.452099999999973,0.0,-0.07902337562274224,final_approach,-6.549000054113835,-0.5124991026297483,-8.185059273085805,
69.308,63.9597245,-22.60181988,389.096,289.675,-0.6656,-3.9126,356.5683,0.0015,-0.0653,0.0041,68.775,73.097,-7.9567,122.6549,-13.3009,0.0,0.0,0.0,-0.03,1461.0,0.0,3.7,150.0,0,69.308,-0.012799642758465235,0.10376449686911486,-0.03,0.05585958232357813,0.527640511348085,1.0,0.0,-530.421235132348,177.81879514734058,242.596,286.175,4.804139710570632,0.04592496973477449,2.8400459234754205,88.8903968687755,-6.209064313802344,-3.45169999999996,0.0,-0.07911215965703375,final_approach,-6.549000054113835,-0.5129393222101104,-8.202046619897436,
69.408,63.95975804,-22.60182815,388.3,288.789,-0.6655,-3.9191,356.5687,0.0014,-0.0655,0.0042,68.767,73.087,-7.9719,122.6386,-13.2986,0.0,0.0,0.0,-0.03,1459.8,0.0,3.7,150.0,0,69.408,-0.012816069989306789,0.10378373545725597,-0.03,0.055853852785312075,0.5269828089745043,1.0,0.0,-526.682446755617,177.41231188050094,241.8,285.289,4.808789957601812,0.04602121983094622,2.836518190473798,88.87774736492696,-6.208818471146117,-3.4512999999999465,0.0,-0.07919287241549453,final_approach,-6.549000054113835,-0.5133100292642538,-8.21911822835383,
69.508,63.95979157,-22.60183643,387.502,287.917,-0.6654,-3.9257,356.5691,0.0013,-0.0656,0.0041,68.759,73.078,-7.9871,122.6223,-13.2963,0.0,0.0,0.0,-0.03,1458.6,0.0,3.7,150.0,0,69.508,-0.012832501064674873,0.10380276565665035,-0.03,0.05584812300470299,0.5263254221512412,1.0,0.0,-522.9447733165921,177.00533906546343,241.002,284.417,4.813434121399785,0.04609128952241108,2.832974357107546,88.86478564275463,-6.208572562902049,-3.450900000000047,0.0,-0.07926624765044595,final_approach,-6.549000054113835,-0.5136808346712982,-8.236179213649647,
69.608,63.95982509,-22.60184469,386.702,287.036,-0.6652,-3.9322,356.5695,0.0014,-0.0658,0.0041,68.751,73.068,-8.0023,122.6059,-13.2939,0.0,0.0,0.0,-0.03,1457.4,0.0,3.7,150.0,0,69.608,-0.01285524882377892,0.10382157476237804,-0.03,0.055842392981764744,0.5256683867362885,1.0,0.0,-519.2082143030041,176.59934651402884,240.202,283.536,4.818072109385574,0.046139387911656844,2.8294378871248886,88.8515134793246,-6.208285408574227,-3.45049999999992,0.0,-0.07933295240949166,final_approach,-6.549000054113835,-0.514113834416138,-8.253228781052433,
69.717,63.95985861,-22.60185296,385.901,286.133,-0.6651,-3.9388,356.5699,0.0014,-0.0661,0.0041,68.743,73.058,-8.0176,122.5895,-13.2916,0.0,0.0,0.0,-0.03,1456.2,0.0,3.7,150.0,0,69.717,-0.012871393819054666,0.10384009474962491,-0.03,0.05583666271652332,0.5250080184512393,1.0,0.0,-515.4716554612285,176.19286402544375,239.401,282.633,4.822730058691768,0.045571736571936965,2.82588614617021,88.8367079036156,-6.208044371972619,-3.4501000000000204,0.0,-0.07879309268253218,final_approach,-6.549000054113835,-0.5144772927073245,-8.270362652277115,
69.817,63.95989492,-22.60186192,385.031,285.211,-0.6649,-3.9459,356.5703,0.0015,-0.0663,0.0041,68.734,73.047,-8.0342,122.5717,-13.2891,0.0,0.0,0.0,-0.03,1455.0,0.0,3.7,150.0,0,69.817,-0.012892745268951844,0.10385935266265034,-0.03,0.05583093220899327,0.5242923333148913,1.0,0.0,-511.4240883181285,175.75246729755293,238.531,281.711,4.82777433246786,0.0463835701034351,2.822029055269835,88.82278844946387,-6.207780995528282,-3.449700000000007,0.0,-0.0798119024386664,final_approach,-6.549000054113835,-0.5148744365705848,-8.288929456209228,
69.942,63.9599396,-22.60187294,383.959,284.025,-0.6647,-3.9547,356.5709,0.0017,-0.0666,0.0041,68.723,73.034,-8.0547,122.5497,-13.2859,0.0,0.0,0.0,-0.03,1453.4,0.0,3.7,150.0,0,69.942,-0.012919788321554604,0.10388427478533094,-0.03,0.05582233599345254,0.5234058218693155,1.0,0.0,-506.44349610478713,175.21081778976765,237.459,280.525,4.834017343958619,0.04697699040720793,2.817275035540118,88.80485287703362,-6.20740448510486,-3.449100000000044,0.0,-0.08055627494423905,final_approach,-6.549000054113835,-0.5154421734326551,-8.311924865861773,
70.025,63.95996752,-22.60187982,383.287,283.276,-0.6645,-3.9602,356.5712,0.0017,-0.0667,0.0041,68.716,73.026,-8.0675,122.5359,-13.284,0.0,0.0,0.0,-0.03,1452.4,0.0,3.7,150.0,0,70.025,-0.012937111208907781,0.10389958165534321,-0.03,0.055818037681288346,0.5228523247247521,1.0,0.0,-503.33118322642724,174.87265449485017,236.78699999999998,279.776,4.837912385673704,0.04696886091179799,2.814302460408874,88.79274655495443,-6.207217817437993,-3.4488000000000056,0.0,-0.08090000898545711,final_approach,-6.549000054113835,-0.5157236475406979,-8.326280545333423,
70.125,63.95999823,-22.6018874,382.547,282.484,-0.6644,-3.9663,356.5716,0.0015,-0.0669,0.0041,68.708,73.017,-8.0817,122.5208,-13.2818,0.0,0.0,0.0,-0.03,1451.3,0.0,3.7,150.0,0,70.125,-0.012954383645660594,0.10391508771560583,-0.03,0.055812306386457955,0.5222409623465477,1.0,0.0,-499.9078622193475,174.5000870236508,236.04700000000003,278.984,4.842212252335794,0.04630716186331564,2.811016966130429,88.77787242971763,-6.206957582754313,-3.4483999999999924,0.0,-0.08081818998677558,final_approach,-6.549000054113835,-0.5161160520100232,-8.342135718166904,
70.225,63.96003173,-22.60189566,381.738,281.6,-0.6642,-3.973,356.572,0.0015,-0.0671,0.0041,68.7,73.007,-8.0971,122.5042,-13.2794,0.0,0.0,0.0,-0.03,1450.1,0.0,3.7,150.0,0,70.225,-0.01297656981151446,0.10393470353172443,-0.03,0.05580657484942242,0.5215731983590657,1.0,0.0,-496.17353274071496,174.09409525047076,235.238,278.1,4.846906086270875,0.04641235811123116,2.8074325551841977,88.76268944380367,-6.206679994561966,-3.447999999999979,0.0,-0.08074380907888327,final_approach,-6.549000054113835,-0.516534622928333,-8.359452159593843,
70.325,63.96006522,-22.60190392,380.927,280.697,-0.6641,-3.9797,356.5724,0.0015,-0.0673,0.0041,68.691,72.997,-8.1127,122.4875,-13.2771,0.0,0.0,0.0,-0.03,1448.9,0.0,3.7,150.0,0,70.325,-0.01299185635912653,0.10394952338318966,-0.03,0.055800843070200945,0.5209059072403541,1.0,0.0,-492.44031802956016,173.68810386641803,234.42700000000002,277.197,4.851593910341837,0.046490005210962373,2.8038396998848123,88.7471977823128,-6.206453575931022,-3.447599999999966,0.0,-0.08158528098080259,final_approach,-6.549000054113835,-0.5168760355411308,-8.376754949296135,
70.425,63.96009871,-22.60191218,380.115,279.793,-0.6639,-3.9864,356.5728,0.0015,-0.0673,0.0041,68.683,72.987,-8.1282,122.4709,-13.2747,0.0,0.0,0.0,-0.03,1447.7,0.0,3.7,150.0,0,70.425,-0.01301405104843506,0.10396860933603877,-0.03,0.055795111048814294,0.520235262602272,1.0,0.0,-488.7071033184053,173.28211248253933,233.615,276.293,4.856302743384183,0.04658972607971267,2.8002392503310296,88.7313977147382,-6.2061758434180945,-3.447200000000066,0.0,-0.08144116452799874,final_approach,-6.549000054113835,-0.5172948228027021,-8.394143434550271,
70.533,63.96013219,-22.60192043,379.301,278.924,-0.6638,-3.9931,356.5732,0.0016,-0.0675,0.0041,68.675,72.977,-8.1438,122.4542,-13.2723,0.0,0.0,0.0,-0.03,1446.4,0.0,3.7,150.0,0,70.533,-0.013032061169893139,0.10398583973566497,-0.03,0.05578937878527712,0.5195651240562541,1.0,0.0,-484.97500320291573,172.87661142493846,232.801,275.424,4.8610056242628685,0.04608230395328734,2.7966382225012287,88.71400161099527,-6.205903047751406,-3.4467999999999392,0.0,-0.08077142903219538,final_approach,-6.549000054113835,-0.5177061652083754,-8.411517673918535,
70.633,63.96016846,-22.60192937,378.418,277.945,-0.6636,-4.0003,356.5737,0.0017,-0.0676,0.0042,68.666,72.966,-8.1607,122.436,-13.2697,0.0,0.0,0.0,-0.03,1445.1,0.0,3.7,150.0,0,70.633,-0.013054510781725981,0.1040054986360624,-0.03,0.05578221311536924,0.518835461721034,1.0,0.0,-480.931894788478,172.43719612820675,231.918,274.445,4.866123683354229,0.046932018446674356,2.7927265227425573,88.6975609245662,-6.205612865513245,-3.4463000000000648,0.0,-0.0816103900292693,final_approach,-6.549000054113835,-0.5181437236856343,-8.430434032007641,
70.717,63.96019914,-22.60193694,377.669,277.122,-0.6634,-4.0065,356.574,0.0017,-0.0678,0.0041,68.658,72.957,-8.1751,122.4207,-13.2676,0.0,0.0,0.0,-0.03,1444.0,0.0,3.7,150.0,0,70.717,-0.013072872913537037,0.10401970738447644,-0.03,0.05577791353184092,0.5182186660955417,1.0,0.0,-477.51191791201893,172.0651197615397,231.16899999999998,273.622,4.870448135016563,0.047690276607017495,2.7894044638368687,88.68351772893972,-6.205408504696834,-3.4459999999999127,0.0,-0.08284927232097562,final_approach,-6.549000054113835,-0.5184518737441959,-8.446423563673036,
70.842,63.96024098,-22.60194725,376.646,275.99,-0.6632,-4.015,356.5745,0.0016,-0.068,0.0041,68.647,72.944,-8.1947,122.3997,-13.2646,0.0,0.0,0.0,-0.03,1442.5,0.0,3.7,150.0,0,70.842,-0.01309795521546192,0.10404112271377598,-0.03,0.055770747256690956,0.5173735285722033,1.0,0.0,-472.84790749297366,171.55836631317132,230.14600000000002,272.49,4.876370887787105,0.047638900866570424,2.7848743937609473,88.66211237095592,-6.205073494234966,-3.445500000000038,0.0,-0.08331752029179287,final_approach,-6.549000054113835,-0.5189570259864507,-8.468331577396357,
70.933,63.96026887,-22.60195413,375.963,275.258,-0.6631,-4.0206,356.5749,0.0015,-0.068,0.0041,68.64,72.936,-8.2078,122.3857,-13.2626,0.0,0.0,0.0,-0.03,1441.5,0.0,3.7,150.0,0,70.933,-0.01311306473343421,0.10405620225960704,-0.03,0.05576501396424238,0.516807875904984,1.0,0.0,-469.738938917047,171.22020418563568,229.46300000000002,271.758,4.880333431861857,0.04695649078578961,2.7818420761405735,88.64631825902615,-6.204850089819985,-3.4450999999999112,0.0,-0.08273620725827761,final_approach,-6.549000054113835,-0.5192938902423805,-8.482994176141602,
71.042,63.96030512,-22.60196307,375.073,274.261,-0.6629,-4.0279,356.5753,0.0014,-0.0682,0.0042,68.631,72.925,-8.2249,122.3674,-13.26,0.0,0.0,0.0,-0.03,1440.2,0.0,3.7,150.0,0,71.042,-0.013135715017773497,0.10407463298699353,-0.03,0.05575928042975098,0.5160728832711383,1.0,0.0,-465.6980600367726,170.78078966715822,228.57299999999998,270.761,4.88548053815682,0.04700060209972272,2.777894603514778,88.62702714780146,-6.204564602299541,-3.4447000000000116,0.0,-0.08272098908383935,final_approach,-6.549000054113835,-0.5197243669299585,-8.5020459009389,
71.142,63.96033857,-22.60197131,374.249,273.378,-0.6628,-4.0347,356.5757,0.0014,-0.0683,0.0042,68.623,72.915,-8.2407,122.3505,-13.2576,0.0,0.0,0.0,-0.03,1439.0,0.0,3.7,150.0,0,71.142,-0.013153162654161443,0.10409099972111632,-0.03,0.05575354665323107,0.5153963317090254,1.0,0.0,-461.96930405348786,170.37577971426435,227.74900000000002,269.878,4.890216835989394,0.04706099813739273,2.774251503145552,88.60902887429,-6.2043013850851025,-3.4442999999999984,0.0,-0.08247362643985033,final_approach,-6.549000054113835,-0.5201212623371116,-8.519582491307707,
71.25,63.96037481,-22.60198025,373.356,272.404,-0.6626,-4.0421,356.5762,0.0014,-0.0683,0.0042,68.614,72.904,-8.2578,122.3322,-13.255,0.0,0.0,0.0,-0.03,1437.6,0.0,3.7,150.0,0,71.25,-0.013175346304536428,0.10411114405787718,-0.03,0.05574637909226077,0.5146569257887577,1.0,0.0,-457.9295399406912,169.93636558491414,226.856,268.904,4.895391642935997,0.047203311637029295,2.7702856408537464,88.58922721955476,-6.204015732743073,-3.44380000000001,0.0,-0.08255178161198515,final_approach,-6.549000054113835,-0.5205519861163204,-8.538748161138441,
71.35,63.96040825,-22.60198849,372.529,271.483,-0.6625,-4.0489,356.5766,0.0014,-0.0685,0.0042,68.605,72.894,-8.2736,122.3153,-13.2526,0.0,0.0,0.0,-0.03,1436.4,0.0,3.7,150.0,0,71.35,-0.013192802867783848,0.10412734263694233,-0.03,0.05574064477125107,0.5139771225478218,1.0,0.0,-454.20189872409213,169.53135602114727,226.029,267.983,4.900148088089815,0.04726350162055525,2.7666254674146287,88.57059234223104,-6.2037523633970295,-3.443399999999997,0.0,-0.08322889237453272,final_approach,-6.549000054113835,-0.5209491095906138,-8.556368933131349,
71.433,63.96043891,-22.60199605,371.77,270.68,-0.6624,-4.0551,356.577,0.0013,-0.0687,0.0042,68.597,72.885,-8.2882,122.2998,-13.2504,0.0,0.0,0.0,-0.03,1435.3,0.0,3.7,150.0,0,71.433,-0.013208949697757488,0.10414208882880387,-0.03,0.055734910208277366,0.5133504757283847,1.0,0.0,-450.78415121156814,169.15977037005962,225.26999999999998,267.18,4.904531705552067,0.048188696053778235,2.763258702387515,88.55489750904903,-6.203511295395799,-3.4429999999999836,0.0,-0.08442495144673683,final_approach,-6.549000054113835,-0.5213126052538026,-8.572612018722117,
71.517,63.96046677,-22.60200291,371.079,269.891,-0.6622,-4.0608,356.5773,0.0013,-0.0688,0.0042,68.59,72.876,-8.3014,122.2856,-13.2484,0.0,0.0,0.0,-0.03,1434.3,0.0,3.7,150.0,0,71.517,-0.013227862417127922,0.10415717230623345,-0.03,0.0557306091272709,0.5127803999204879,1.0,0.0,-447.6785265960339,168.82258928455548,224.579,266.391,4.908518941041658,0.04806842823844897,2.760201358024443,88.53880071009775,-6.203297562827572,-3.442700000000059,0.0,-0.08432571343641844,final_approach,-6.549000054113835,-0.5216348825927373,-8.587388969709082,
71.617,63.96049742,-22.60201047,370.317,269.073,-0.6621,-4.0671,356.5777,0.0013,-0.069,0.0042,68.583,72.867,-8.316,122.27,-13.2462,0.0,0.0,0.0,-0.03,1433.2,0.0,3.7,150.0,0,71.617,-0.01324372141237723,0.10417333763563681,-0.03,0.05572487414090477,0.512153626801243,1.0,0.0,-444.2618938501955,168.45100402259484,223.817,265.573,4.9129021295849675,0.04736233777088961,2.7568211312164177,88.51935348751906,-6.203061395919065,-3.442299999999932,0.0,-0.08302337585129349,final_approach,-6.549000054113835,-0.5219909871350286,-8.603635921891664,
71.708,63.96053085,-22.60201871,369.484,268.197,-0.662,-4.074,356.5781,0.0013,-0.0692,0.0041,68.574,72.857,-8.3319,122.253,-13.2437,0.0,0.0,0.0,-0.03,1431.9,0.0,3.7,150.0,0,71.708,-0.013263619428662055,0.10418950079714545,-0.03,0.05571913891263092,0.5114696658786708,1.0,0.0,-440.5353674018663,168.04599484795548,222.98399999999998,264.697,4.917684667153427,0.04822784112493531,2.753131325469171,88.50137973255794,-6.202756454969858,-3.4419000000000324,0.0,-0.08446680521945855,final_approach,-6.549000054113835,-0.5224507919336254,-8.621365817717914,
71.833,63.96057263,-22.602029,368.442,267.081,-0.6618,-4.0826,356.5786,0.0015,-0.0693,0.0041,68.563,72.844,-8.3519,122.2317,-13.2407,0.0,0.0,0.0,-0.03,1430.4,0.0,3.7,150.0,0,71.833,-0.013287871567491727,0.10421053221417557,-0.03,0.055711969537127426,0.5106086240378229,1.0,0.0,-435.8780452448546,167.54022360865216,221.942,263.581,4.92370480114369,0.04821671292446316,2.7485153273541663,88.47618839959155,-6.202435582225689,-3.4413999999999305,0.0,-0.08478800474495918,final_approach,-6.549000054113835,-0.5229346185428341,-8.643687101869352,
71.925,63.96060048,-22.60203586,367.745,266.34,-0.6617,-4.0884,356.5789,0.0014,-0.0694,0.0041,68.556,72.835,-8.3652,122.2175,-13.2387,0.0,0.0,0.0,-0.03,1429.4,0.0,3.7,150.0,0,71.925,-0.013302903846012681,0.10422470893346575,-0.03,0.05570766773042424,0.5100366026950088,1.0,0.0,-432.7735353967981,167.20304291227532,221.245,262.84,4.927703948959492,0.04742542710336013,2.745430834654994,88.45744105862106,-6.202221604711468,-3.441100000000006,0.0,-0.08399700036103512,final_approach,-6.549000054113835,-0.5232572631044388,-8.658516707455597,
72.025,63.96063389,-22.6020441,366.908,265.404,-0.6615,-4.0953,356.5793,0.0014,-0.0695,0.0041,68.548,72.825,-8.3812,122.2005,-13.2363,0.0,0.0,0.0,-0.03,1428.2,0.0,3.7,150.0,0,72.025,-0.013323989742068165,0.10424292536401579,-0.03,0.05570193177653171,0.5093470642841488,1.0,0.0,-429.0492384826322,166.79803451589024,220.40800000000002,261.904,4.932524577013453,0.04755556934273497,2.7417148615969498,88.43675440791868,-6.201962757943022,-3.4406999999999925,0.0,-0.08363363669184545,final_approach,-6.549000054113835,-0.5236475629058859,-8.67639388724551,
72.125,63.9606673,-22.60205233,366.069,264.509,-0.6614,-4.1022,356.5797,0.0014,-0.0696,0.0041,68.539,72.815,-8.3973,122.1834,-13.2339,0.0,0.0,0.0,-0.03,1426.9,0.0,3.7,150.0,0,72.125,-0.01334089010585815,0.10425815217036913,-0.03,0.05569619558080552,0.5086573111723013,1.0,0.0,-425.32494139744597,166.39351605683,219.56900000000002,261.009,4.937346733308822,0.047666568277895296,2.7379989599347563,88.41576512255243,-6.201708859085528,-3.4402999999999793,0.0,-0.08421239699258755,final_approach,-6.549000054113835,-0.524030401442749,-8.69427781819885,
72.242,63.96070349,-22.60206125,365.158,263.545,-0.6612,-4.1097,356.5802,0.0014,-0.0698,0.0042,68.53,72.804,-8.4147,122.1648,-13.2313,0.0,0.0,0.0,-0.03,1425.6,0.0,3.7,150.0,0,72.242,-0.013362235115595145,0.10427652469920654,-0.03,0.055689024996098846,0.5079097244620129,1.0,0.0,-421.2907507792049,165.95508374776566,218.65800000000002,260.045,4.9425734263226655,0.047167571875230345,2.7339606660448514,88.39081703650172,-6.201437487060758,-3.439799999999991,0.0,-0.08354973153172295,final_approach,-6.549000054113835,-0.5244395860398434,-8.713662771884385,
72.342,63.96073967,-22.60207016,364.245,262.55,-0.6611,-4.1172,356.5806,0.0014,-0.07,0.0042,68.521,72.793,-8.4322,122.1463,-13.2286,0.0,0.0,0.0,-0.03,1424.3,0.0,3.7,150.0,0,72.342,-0.013383184377244672,0.10429340658053725,-0.03,0.05568328825631741,0.5071618335503474,1.0,0.0,-417.2576747574214,165.51714176497939,217.745,259.05,4.947802665012664,0.04802170771268972,2.729920158131567,88.36917299552654,-6.201114647130169,-3.439399999999978,0.0,-0.08413611957429436,final_approach,-6.549000054113835,-0.5249263749280306,-8.733057373562488,
72.45,63.96077585,-22.60207908,363.331,261.561,-0.6609,-4.1248,356.5811,0.0014,-0.0701,0.0042,68.512,72.782,-8.4496,122.1277,-13.226,0.0,0.0,0.0,-0.03,1422.9,0.0,3.7,150.0,0,72.45,-0.01340453957811083,0.10431373973634185,-0.03,0.05567611699160313,0.506409384575267,1.0,0.0,-413.22459890745034,165.0787098450426,216.83100000000002,258.061,4.953064399305197,0.04813805008855811,2.7258621450919485,88.34543708441258,-6.200843101559599,-3.4388999999999896,0.0,-0.08406313900693427,final_approach,-6.549000054113835,-0.5253358197108522,-8.752572146435833,
72.542,63.96080924,-22.6020873,362.485,260.673,-0.6608,-4.1318,356.5815,0.0014,-0.0702,0.0042,68.503,72.772,-8.4658,122.1106,-13.2236,0.0,0.0,0.0,-0.03,1421.7,0.0,3.7,150.0,0,72.542,-0.013421458072207737,0.10432873253549314,-0.03,0.05567037970786448,0.5057160878251504,1.0,0.0,-409.50253118540707,164.67468210138745,215.985,257.173,4.957913224233018,0.04889914487057594,2.7221184701660297,88.32494597660899,-6.200588893463248,-3.4384999999999764,0.0,-0.08531431609326086,final_approach,-6.549000054113835,-0.5257191218965804,-8.770554721845631,
72.617,63.96083428,-22.60209347,361.85,259.998,-0.6607,-4.137,356.5818,0.0014,-0.0703,0.0042,68.497,72.764,-8.4779,122.0977,-13.2218,0.0,0.0,0.0,-0.03,1420.8,0.0,3.7,150.0,0,72.617,-0.013434902213403932,0.10434290887926694,-0.03,0.05566607658642697,0.505193622203094,1.0,0.0,-406.7112591720463,164.3714164223963,215.35000000000002,256.498,4.961567841950315,0.048870660097250565,2.719301150306436,88.30808119794045,-6.200401957507239,-3.4382000000000517,0.0,-0.08483119644841897,final_approach,-6.549000054113835,-0.5260009888567811,-8.784107627288089,
72.708,63.96086488,-22.60210101,361.072,259.168,-0.6606,-4.1434,356.5822,0.0013,-0.0706,0.0042,68.489,72.754,-8.4928,122.082,-13.2195,0.0,0.0,0.0,-0.03,1419.6,0.0,3.7,150.0,0,72.708,-0.013453233754752325,0.10435682614843735,-0.03,0.055660338879676474,0.5045565911957174,1.0,0.0,-403.30019992155576,164.00081298072175,214.572,255.668,4.966024601599902,0.04888811354182478,2.715852077969147,88.28735589073523,-6.200123689354115,-3.4377999999999247,0.0,-0.0851112774905668,final_approach,-6.549000054113835,-0.5264205683100442,-8.80063401798405,
72.808,63.96089547,-22.60210855,360.292,258.309,-0.6604,-4.1499,356.5826,0.0014,-0.0708,0.0042,68.481,72.745,-8.5077,122.0663,-13.2173,0.0,0.0,0.0,-0.03,1418.5,0.0,3.7,150.0,0,72.808,-0.013472739818688684,0.10436990129058686,-0.03,0.055654600931235754,0.5039215692733914,1.0,0.0,-399.89025543933514,163.6302099280007,213.79199999999997,254.80900000000003,4.970468255622353,0.04814618465560438,2.712395305570613,88.26430423498984,-6.199891743627376,-3.437400000000025,0.0,-0.08464661590052354,final_approach,-6.549000054113835,-0.5267703011389688,-8.81711017683069,
72.908,63.96092884,-22.60211677,359.441,257.416,-0.6603,-4.1569,356.583,0.0014,-0.0709,0.0042,68.472,72.735,-8.5239,122.0491,-13.2149,0.0,0.0,0.0,-0.03,1417.3,0.0,3.7,150.0,0,72.908,-0.013489378610022085,0.1043871050214118,-0.03,0.055648862741117466,0.5032227787017904,1.0,0.0,-396.1704172522473,163.22618296277415,212.94099999999997,253.916,4.9753593819511615,0.04827369776101829,2.7086208148374826,88.24095196902363,-6.199642297501526,-3.436999999999898,0.0,-0.0851332871822949,final_approach,-6.549000054113835,-0.5271464208939598,-8.835243185046803,
73.017,63.96096499,-22.60212567,358.516,256.401,-0.6601,-4.1646,356.5834,0.0013,-0.071,0.0042,68.463,72.724,-8.5416,122.0305,-13.2123,0.0,0.0,0.0,-0.03,1415.9,0.0,3.7,150.0,0,73.017,-0.013511236405944371,0.10440335407867289,-0.03,0.05564312430934781,0.5024684755356716,1.0,0.0,-392.14068536187654,162.78873208469457,212.01600000000002,252.901,4.980640706688557,0.04830350155527601,2.7045265527797686,88.2151365711225,-6.199370309708627,-3.4365999999999985,0.0,-0.0849001526511278,final_approach,-6.549000054113835,-0.5275565287569997,-8.85481959941446,
73.142,63.96100948,-22.60213663,357.376,255.169,-0.66,-4.174,356.584,0.0013,-0.0711,0.0042,68.452,72.71,-8.5634,122.0076,-13.209,0.0,0.0,0.0,-0.03,1414.3,0.0,3.7,150.0,0,73.142,-0.013534642231095295,0.10442550237112246,-0.03,0.05563451620862936,0.5015345871241078,1.0,0.0,-387.18127270211346,162.25002959392774,210.87599999999998,251.669,4.987182075748312,0.048974743375737415,2.69946905035051,88.18500713336996,-6.198989411064304,-3.435999999999922,0.0,-0.08518195695556759,final_approach,-6.549000054113835,-0.5281308531146642,-8.879061247488997,
73.233,63.96103727,-22.60214347,356.662,254.431,-0.6598,-4.1799,356.5843,0.0014,-0.0712,0.0042,68.445,72.701,-8.577,121.9933,-13.207,0.0,0.0,0.0,-0.03,1413.3,0.0,3.7,150.0,0,73.233,-0.013553321348672098,0.1044392877669852,-0.03,0.05563021195441231,0.5009515502426685,1.0,0.0,-384.08345111609043,161.91383110678998,210.16199999999998,250.931,4.991267577132508,0.048294889414204296,2.6963074193111503,88.16287658688938,-6.198779662218669,-3.435699999999997,0.0,-0.08443114967989099,final_approach,-6.549000054113835,-0.5284471148109606,-8.894198232767012,
73.317,63.96106785,-22.602151,355.875,253.572,-0.6597,-4.1864,356.5847,0.0013,-0.0714,0.0041,68.437,72.692,-8.592,121.9775,-13.2048,0.0,0.0,0.0,-0.03,1412.1,0.0,3.7,150.0,0,73.317,-0.013568657224578895,0.10445387221439073,-0.03,0.05562447273739657,0.5003089617429212,1.0,0.0,-380.674621229535,161.54371838069483,209.375,250.072,4.995771979379503,0.04918304722413085,2.692819078881923,88.14221733507217,-6.19855239979276,-3.435299999999984,0.0,-0.08541359927608771,final_approach,-6.549000054113835,-0.5287897832202031,-8.910883810291866,
73.425,63.9611012,-22.60215922,355.015,252.659,-0.6596,-4.1935,356.5851,0.0012,-0.0715,0.0041,68.428,72.682,-8.6084,121.9603,-13.2023,0.0,0.0,0.0,-0.03,1410.9,0.0,3.7,150.0,0,73.425,-0.01358804501298011,0.10446900443635534,-0.03,0.05561873327880795,0.4996074228726469,1.0,0.0,-376.9570125774027,161.1396921935488,208.515,249.159,5.000691677695057,0.048577999716951266,2.689000369203686,88.11531739253991,-6.1982561469905875,-3.4348999999999705,0.0,-0.08522448419038277,final_approach,-6.549000054113835,-0.5292364752403582,-8.929103229789595,
73.525,63.96113454,-22.60216743,354.153,251.727,-0.6595,-4.2006,356.5855,0.0011,-0.0716,0.0041,68.42,72.671,-8.6248,121.9431,-13.1999,0.0,0.0,0.0,-0.03,1409.7,0.0,3.7,150.0,0,73.525,-0.013604710123766905,0.10448524749016017,-0.03,0.055612993578666337,0.49890694141655584,1.0,0.0,-373.24051852172767,160.73615633285488,207.65300000000002,248.227,5.005606272791334,0.04867265825791963,2.6851806582316837,88.09011773372127,-6.198006251787604,-3.4344999999999573,0.0,-0.0847495310821615,final_approach,-6.549000054113835,-0.5296132683157158,-8.94729859555555,
73.633,63.96117066,-22.60217632,353.218,250.716,-0.6593,-4.2084,356.5859,0.0012,-0.0718,0.0041,68.411,72.66,-8.6426,121.9245,-13.1973,0.0,0.0,0.0,-0.03,1408.3,0.0,3.7,150.0,0,73.633,-0.013626596631150567,0.10450344087384524,-0.03,0.05560725363699093,0.4981441505391007,1.0,0.0,-369.21413076276974,160.299196559482,206.71800000000002,247.216,5.010960851836284,0.048823787815165734,2.6810368050910025,88.06254528482971,-6.19773377626251,-3.434099999999944,0.0,-0.08462078583226904,final_approach,-6.549000054113835,-0.5300241074345333,-8.967116538125616,
73.717,63.96120121,-22.60218385,352.425,249.85,-0.6592,-4.2149,356.5863,0.0012,-0.0719,0.0041,68.403,72.651,-8.6577,121.9087,-13.195,0.0,0.0,0.0,-0.03,1407.2,0.0,3.7,150.0,0,73.717,-0.013644676392302879,0.10451702630240707,-0.03,0.0556015134538026,0.4975001830940284,1.0,0.0,-365.8086451786474,159.92908500076868,205.925,246.35,5.0154837634881035,0.049660520901168535,2.6775153927049384,88.0408814510194,-6.19745979443212,-3.4337000000000444,0.0,-0.0855859957782481,final_approach,-6.549000054113835,-0.5304372170637937,-8.983850787772594,
73.85,63.96124287,-22.60219411,351.341,248.692,-0.6591,-4.2239,356.5868,0.0011,-0.0721,0.0042,68.392,72.638,-8.6782,121.8872,-13.192,0.0,0.0,0.0,-0.03,1405.6,0.0,3.7,150.0,0,73.85,-0.013664550652920382,0.1045370112931975,-0.03,0.05559433788521384,0.4966217132505314,1.0,0.0,-361.1646997175151,159.42478824296694,204.841,245.192,5.021657550039769,0.049120342043787464,2.67270890537317,88.00603716100119,-6.197147140721114,-3.4331999999999425,0.0,-0.08532424769998649,final_approach,-6.549000054113835,-0.5309086352722971,-9.006684167589853,
73.942,63.96127342,-22.60220163,350.545,247.868,-0.659,-4.2305,356.5872,0.0013,-0.0721,0.0042,68.384,72.628,-8.6933,121.8714,-13.1898,0.0,0.0,0.0,-0.03,1404.5,0.0,3.7,150.0,0,73.942,-0.013679910564498687,0.10455200710068832,-0.03,0.05558859715868869,0.49597440214961613,1.0,0.0,-357.75921396237254,159.05516662140445,204.04500000000002,244.368,5.026209789070535,0.04918042820816753,2.6691790342994164,87.98171645152966,-6.19691946739087,-3.432800000000043,0.0,-0.0854726362489953,final_approach,-6.549000054113835,-0.5312519197742542,-9.02351330410387,
74.05,63.96130952,-22.60221051,349.602,246.823,-0.6588,-4.2382,356.5876,0.0012,-0.0722,0.0042,68.375,72.617,-8.7112,121.8527,-13.1871,0.0,0.0,0.0,-0.03,1403.2,0.0,3.7,150.0,0,74.05,-0.013704250587800004,0.10456922350591458,-0.03,0.05558285619070902,0.49521029911461023,1.0,0.0,-353.7350555665575,158.6186975636107,203.10199999999998,243.323,5.0315868550559815,0.04928163150903841,2.665003831796454,87.95280268613817,-6.196605218095584,-3.432399999999916,0.0,-0.08527815416575331,final_approach,-6.549000054113835,-0.5317257422070707,-9.043383508642949,
74.142,63.96134283,-22.60221872,348.73,245.889,-0.6587,-4.2454,356.588,0.0012,-0.0722,0.0042,68.366,72.607,-8.7277,121.8355,-13.1847,0.0,0.0,0.0,-0.03,1402.0,0.0,3.7,150.0,0,74.142,-0.0137209423780153,0.10458457342814927,-0.03,0.05557711498130036,0.49450458245278855,1.0,0.0,-350.0219058133157,158.2151628702986,202.23000000000002,242.389,5.036556576114825,0.05007114411775631,2.6611291213668054,87.92790463706643,-6.196354867566356,-3.4320000000000164,0.0,-0.0864188753285509,final_approach,-6.549000054113835,-0.5321032179576832,-9.061740037981528,
74.225,63.96137059,-22.60222555,348.002,245.116,-0.6586,-4.2514,356.5884,0.0012,-0.0723,0.0042,68.359,72.598,-8.7415,121.8211,-13.1827,0.0,0.0,0.0,-0.03,1401.0,0.0,3.7,150.0,0,74.225,-0.013734989713823753,0.10459772367527839,-0.03,0.055571373530477364,0.49391565169731805,1.0,0.0,-346.92742835791336,157.87945548786723,201.502,241.616,5.040706597087428,0.05005932887845656,2.657903467239548,87.9052434220181,-6.19614954172016,-3.431600000000003,0.0,-0.0862296456984692,final_approach,-6.549000054113835,-0.5324128055518518,-9.077062357783971,
74.308,63.96139834,-22.60223238,347.273,244.358,-0.6585,-4.2574,356.5887,0.0011,-0.0724,0.0042,68.352,72.59,-8.7552,121.8067,-13.1807,0.0,0.0,0.0,-0.03,1400.0,0.0,3.7,150.0,0,74.308,-0.013749516748762958,0.10461256785304435,-0.03,0.05556706728394434,0.4933265292044747,1.0,0.0,-343.8340656699888,157.54374849456312,200.77300000000002,240.858,5.044860546856278,0.05005737199479837,2.654671057708356,87.88237661300698,-6.195944167167369,-3.4312999999999647,0.0,-0.08605761876201443,final_approach,-6.549000054113835,-0.5327224661892949,-9.092392979971917,
74.408,63.96142887,-22.6022399,346.47,243.486,-0.6584,-4.264,356.5891,0.0011,-0.0725,0.0042,68.344,72.58,-8.7704,121.7909,-13.1784,0.0,0.0,0.0,-0.03,1399.0,0.0,3.7,150.0,0,74.408,-0.013767625745606249,0.10462732654121204,-0.03,0.05556132541069725,0.4926761854215878,1.0,0.0,-340.43080944980164,157.17412765125516,199.97000000000003,239.986,5.049449284907932,0.04936237341508842,2.6511032378863812,87.85454568141893,-6.195669686310907,-3.430900000000065,0.0,-0.08550692614729515,final_approach,-6.549000054113835,-0.5331363236452411,-9.109320714061566,
74.508,63.96146217,-22.6022481,345.592,242.553,-0.6583,-4.2712,356.5895,0.0011,-0.0727,0.0042,68.336,72.57,-8.7869,121.7736,-13.176,0.0,0.0,0.0,-0.03,1397.8,0.0,3.7,150.0,0,74.508,-0.013784037200208543,0.10464551807882412,-0.03,0.05555558329608756,0.49196771040644593,1.0,0.0,-336.71877429301713,156.77108328439525,199.09199999999998,239.053,5.054452056475198,0.049473263791351245,2.647205412669132,87.82641773708112,-6.195424107750256,-3.430499999999938,0.0,-0.08500629649753742,final_approach,-6.549000054113835,-0.533506602122598,-9.127766415774925,
74.608,63.96149546,-22.60225629,344.712,241.61,-0.6582,-4.2785,356.5899,0.0012,-0.0729,0.0042,68.327,72.56,-8.8035,121.7564,-13.1736,0.0,0.0,0.0,-0.03,1396.6,0.0,3.7,150.0,0,74.608,-0.013800748328437806,0.10466002192844397,-0.03,0.05554984094014126,0.4912604882148536,1.0,0.0,-333.0078537318979,156.36852924398718,198.212,238.11,5.059450170157957,0.049557909297390026,2.64330642736943,87.79799365402779,-6.195173426610296,-3.4301000000000386,0.0,-0.08546026954321545,final_approach,-6.549000054113835,-0.5338845735826219,-9.146184728628215,
74.708,63.96152875,-22.60226448,343.831,240.668,-0.658,-4.2857,356.5903,0.0013,-0.0731,0.0042,68.319,72.549,-8.8201,121.7392,-13.1711,0.0,0.0,0.0,-0.03,1395.5,0.0,3.7,150.0,0,74.708,-0.0138240912872854,0.10467762639625723,-0.03,0.055544098342870774,0.49054977683438616,1.0,0.0,-329.29693317157074,155.96597520357935,197.33100000000002,237.168,5.064477331814675,0.049676860509022744,2.6393988643977244,87.7692735616208,-6.19487615456768,-3.4296999999999116,0.0,-0.08496388140291952,final_approach,-6.549000054113835,-0.5343327930051078,-9.1646993391366,
74.817,63.96156203,-22.60227268,342.948,239.724,-0.6579,-4.293,356.5908,0.0014,-0.0732,0.0042,68.31,72.539,-8.8367,121.722,-13.1687,0.0,0.0,0.0,-0.03,1394.3,0.0,3.7,150.0,0,74.817,-0.013840334192867065,0.10469312084935904,-0.03,0.0555369197569594,0.4898403429496271,1.0,0.0,-325.5871275489496,155.5629316149737,196.44799999999998,236.224,5.06950001867167,0.049077333080141186,2.635473545224527,87.73764515077639,-6.194625324634444,-3.429200000000037,0.0,-0.08474614739715018,final_approach,-6.549000054113835,-0.5347109875178688,-9.183186261421806,
74.917,63.96159808,-22.60228155,341.99,238.684,-0.6577,-4.3009,356.5912,0.0014,-0.0733,0.0042,68.301,72.528,-8.8547,121.7034,-13.1661,0.0,0.0,0.0,-0.03,1393.1,0.0,3.7,150.0,0,74.917,-0.013862280395648685,0.10471195439572398,-0.03,0.055531176616788636,0.48906927006530915,1.0,0.0,-321.5685428195029,155.1269544399671,195.49,235.184,5.074964472142934,0.05000520001889023,2.631222129454276,87.70830854655256,-6.194351833900612,-3.42879999999991,0.0,-0.08522377036104523,final_approach,-6.549000054113835,-0.5351233486900107,-9.203285943927975,
75.025,63.96163413,-22.60229042,341.029,237.667,-0.6576,-4.3088,356.5916,0.0014,-0.0734,0.0042,68.292,72.517,-8.8728,121.6849,-13.1635,0.0,0.0,0.0,-0.03,1391.9,0.0,3.7,150.0,0,75.025,-0.013880631807524801,0.10472819474071188,-0.03,0.05552543323536341,0.4883007323689103,1.0,0.0,-317.5499580900561,154.6909772651346,194.529,234.167,5.08041674369189,0.050084999319685644,2.626960549977106,87.6762703751825,-6.1940732246377195,-3.4284000000000106,0.0,-0.08505191244943505,final_approach,-6.549000054113835,-0.5355434267019898,-9.22332651284684,
75.125,63.9616674,-22.60229861,340.141,236.688,-0.6574,-4.3161,356.5921,0.0014,-0.0736,0.0042,68.284,72.507,-8.8895,121.6678,-13.161,0.0,0.0,0.0,-0.03,1390.7,0.0,3.7,150.0,0,75.125,-0.01390381301737037,0.10474522868625624,-0.03,0.055518253669339934,0.48758804222841573,1.0,0.0,-313.8412670638923,154.28842400298103,193.64100000000002,233.188,5.085478168527735,0.05017320749281377,2.6230152165898266,87.64631766225754,-6.193770586025039,-3.4278999999999087,0.0,-0.08459264768130098,final_approach,-6.549000054113835,-0.5359997345578726,-9.241917191025902,
75.233,63.96170344,-22.60230748,339.177,235.669,-0.6573,-4.3241,356.5925,0.0013,-0.0739,0.0042,68.275,72.496,-8.9076,121.6493,-13.1584,0.0,0.0,0.0,-0.03,1389.5,0.0,3.7,150.0,0,75.233,-0.013922174424534861,0.10476326577148488,-0.03,0.0555125097451562,0.4868154774725117,1.0,0.0,-309.8237971019233,153.85244721710174,192.67700000000002,232.169,5.09097084744762,0.050287362601858426,2.6187331268707323,87.61361409637546,-6.1934918062226245,-3.427500000000009,0.0,-0.08447816455875846,final_approach,-6.549000054113835,-0.5364200681729283,-9.262076871376077,
75.325,63.96173669,-22.60231566,338.285,234.721,-0.6571,-4.3315,356.5929,0.0014,-0.0741,0.0042,68.266,72.485,-8.9243,121.6323,-13.156,0.0,0.0,0.0,-0.03,1388.4,0.0,3.7,150.0,0,75.325,-0.013943403743250593,0.10477788160643882,-0.03,0.055506765579776296,0.4861049061620409,1.0,0.0,-306.11733543969456,153.45038467052763,191.78500000000003,231.221,5.096028505183054,0.051068558935306034,2.6147762063209004,87.58549175746143,-6.193230521538283,-3.427099999999996,0.0,-0.08569161204946467,final_approach,-6.549000054113835,-0.5368140226450837,-9.280625619359848,
75.45,63.96177549,-22.60232521,337.243,233.604,-0.657,-4.3401,356.5934,0.0013,-0.0743,0.0041,68.256,72.474,-8.9439,121.6125,-13.1532,0.0,0.0,0.0,-0.03,1387.1,0.0,3.7,150.0,0,75.45,-0.013962922319339488,0.10479614487321119,-0.03,0.05549958503390162,0.485270683472992,1.0,0.0,-301.79220130860597,152.98098475022363,190.743,230.104,5.10197353641165,0.05048384075088335,2.6101438707552274,87.5468201923164,-6.192923917851488,-3.4266000000000076,0.0,-0.08517419277224433,final_approach,-6.549000054113835,-0.5372763064509538,-9.30241065302713,
75.533,63.96180597,-22.60233271,336.422,232.732,-0.6569,-4.3468,356.5938,0.0014,-0.0744,0.0041,68.249,72.464,-8.9593,121.597,-13.151,0.0,0.0,0.0,-0.03,1386.0,0.0,3.7,150.0,0,75.533,-0.013979232182991352,0.10481103751990858,-0.03,0.05549384032590521,0.4846174905468593,1.0,0.0,-298.3945185829745,152.6123457272015,189.92200000000003,229.232,5.106634119070539,0.051428467009046706,2.6064982627434117,87.52094667892537,-6.192680066282236,-3.4261999999999944,0.0,-0.08509811610182687,final_approach,-6.549000054113835,-0.5376439746866719,-9.319474811630828,
75.642,63.96183921,-22.60234089,335.526,231.741,-0.6567,-4.3543,356.5942,0.0013,-0.0746,0.0041,68.241,72.454,-8.9761,121.5801,-13.1486,0.0,0.0,0.0,-0.03,1384.9,0.0,3.7,150.0,0,75.642,-0.014000770701197207,0.10482854166984719,-0.03,0.055488095376777236,0.48390060956492564,1.0,0.0,-294.68917168822355,152.2102835695806,189.026,228.241,5.111755011088407,0.05068716595993724,2.602513358831295,87.48662786210456,-6.1924135172532715,-3.425799999999981,0.0,-0.08403415058464324,final_approach,-6.549000054113835,-0.5380458644685309,-9.338209578131382,
75.742,63.96187245,-22.60234907,334.627,230.8,-0.6566,-4.3617,356.5946,0.0013,-0.0747,0.0041,68.232,72.444,-8.993,121.5632,-13.1461,0.0,0.0,0.0,-0.03,1383.8,0.0,3.7,150.0,0,75.742,-0.01402115438061996,0.1048411882702225,-0.03,0.055482350186537355,0.4831876869845351,1.0,0.0,-290.9838247934726,151.80822141213375,188.127,227.3,5.116853918058913,0.05073748325079044,2.5985196012291634,87.45485772935379,-6.1921003061735576,-3.425399999999968,0.0,-0.08457650053149346,final_approach,-6.549000054113835,-0.5385181081807175,-9.356848126278777,
75.85,63.96190846,-22.60235792,333.652,229.734,-0.6564,-4.3698,356.595,0.0013,-0.0749,0.0041,68.223,72.433,-9.0112,121.545,-13.1435,0.0,0.0,0.0,-0.03,1382.5,0.0,3.7,150.0,0,75.85,-0.01404432825896862,0.10485971057775645,-0.03,0.055476604755204884,0.482411149865002,1.0,0.0,-286.96969879189595,151.37322566828598,187.152,226.234,5.12241515700347,0.050863394907382856,2.594192787710899,87.4201930626009,-6.191805914609574,-3.4249999999999545,0.0,-0.08446348533166172,final_approach,-6.549000054113835,-0.5389619759365463,-9.377158205706806,
75.942,63.96194169,-22.6023661,332.75,228.776,-0.6563,-4.3772,356.5954,0.0013,-0.075,0.0041,68.215,72.423,-9.0281,121.5283,-13.1411,0.0,0.0,0.0,-0.03,1381.4,0.0,3.7,150.0,0,75.942,-0.014062577060795611,0.10487533245558854,-0.03,0.05547085908280103,0.4816954905756058,1.0,0.0,-283.26546666383064,150.9711638997921,186.25,225.276,5.127547402632429,0.05168370885209208,2.590179643564973,87.39040099775023,-6.191529050916699,-3.424600000000055,0.0,-0.08469012500506369,final_approach,-6.549000054113835,-0.5393794153602514,-9.395883985812596,
76.025,63.96196938,-22.60237291,331.997,228.002,-0.6562,-4.3834,356.5957,0.0012,-0.0752,0.0041,68.208,72.415,-9.0422,121.5143,-13.1391,0.0,0.0,0.0,-0.03,1380.5,0.0,3.7,150.0,0,76.025,-0.0140783494617846,0.104887731720948,-0.03,0.05546654967030229,0.48109874381217865,1.0,0.0,-280.1787922387316,150.63643911590137,185.497,224.502,5.1318321490356595,0.05167366581696489,2.5868339842689942,87.36332810901744,-6.191302472379277,-3.424299999999903,0.0,-0.0846580544952977,final_approach,-6.549000054113835,-0.5397210371270695,-9.411504278801516,
76.108,63.96199706,-22.60237972,331.243,227.177,-0.6561,-4.3897,356.5961,0.0011,-0.0754,0.0041,68.202,72.407,-9.0563,121.5004,-13.1371,0.0,0.0,0.0,-0.03,1379.5,0.0,3.7,150.0,0,76.108,-0.014093943809372622,0.10490191937434189,-0.03,0.055460803576067086,0.4805019251928585,1.0,0.0,-277.0932325803183,150.30171472113764,184.743,223.677,5.136122316077882,0.05167618143827984,2.583481250201547,87.33605184501589,-6.191070801563114,-3.4239000000000033,0.0,-0.08353360923449883,final_approach,-6.549000054113835,-0.5400703362265897,-9.427131972058612,
76.208,63.96202751,-22.60238721,330.412,226.29,-0.656,-4.3966,356.5964,0.0011,-0.0756,0.0041,68.194,72.397,-9.0719,121.4852,-13.1349,0.0,0.0,0.0,-0.03,1378.5,0.0,3.7,150.0,0,76.208,-0.014111646087436092,0.10491380369922268,-0.03,0.05545649384721896,0.4798453472589916,1.0,0.0,-273.69889398609973,149.93356680264816,183.91199999999998,222.79,5.140847853739747,0.050939380635008476,2.5797870540935253,87.30291037760853,-6.19081136593789,-3.423599999999965,0.0,-0.08321237203135896,final_approach,-6.549000054113835,-0.540461496801937,-9.44433095836289,
76.317,63.96206073,-22.60239538,329.504,225.324,-0.6559,-4.4041,356.5969,0.0012,-0.0756,0.0041,68.186,72.388,-9.0888,121.4686,-13.1325,0.0,0.0,0.0,-0.03,1377.4,0.0,3.7,150.0,0,76.317,-0.014129729833033955,0.10493072746407121,-0.03,0.05544931066455405,0.4791272934150904,1.0,0.0,-269.9957764552838,149.53199536060666,183.00400000000002,221.824,5.146022968506112,0.0503625033829429,2.5757493144923607,87.26646647851622,-6.190529187414398,-3.4230999999999767,0.0,-0.08231983779330879,final_approach,-6.549000054113835,-0.5408869469481719,-9.46314824283034,
76.417,63.9620967,-22.60240423,328.518,224.248,-0.6557,-4.4122,356.5973,0.0012,-0.0756,0.0042,68.177,72.377,-9.1073,121.4507,-13.1299,0.0,0.0,0.0,-0.03,1376.1,0.0,3.7,150.0,0,76.417,-0.014153819449163496,0.10494430394971416,-0.03,0.055443563847316635,0.4783523260213764,1.0,0.0,-265.986109522826,149.09700117326773,182.01799999999997,220.748,5.151616830921272,0.05129185684438481,2.571364037702128,87.23271466069137,-6.190219205589358,-3.4226999999999634,0.0,-0.08301803435755306,final_approach,-6.549000054113835,-0.5413543162014598,-9.483466507827629,
76.525,63.96213267,-22.60241308,327.53,223.219,-0.6556,-4.4204,356.5977,0.0012,-0.0757,0.0042,68.169,72.366,-9.1257,121.4329,-13.1274,0.0,0.0,0.0,-0.03,1374.9,0.0,3.7,150.0,0,76.525,-0.014171575592059782,0.10496174385079972,-0.03,0.05543781678911763,0.47757632518501797,1.0,0.0,-261.9764425895761,148.66200698592854,181.02999999999997,219.719,5.157227299560261,0.05140134465271053,2.5669681253343626,87.19590944544899,-6.189950728328512,-3.42229999999995,0.0,-0.08220494705906295,final_approach,-6.549000054113835,-0.5417591069893763,-9.503821971605815,
76.625,63.96216587,-22.60242124,326.617,222.238,-0.6555,-4.428,356.5982,0.0013,-0.0758,0.0042,68.161,72.356,-9.1427,121.4165,-13.125,0.0,0.0,0.0,-0.03,1373.8,0.0,3.7,150.0,0,76.625,-0.014190265669225877,0.10497813522971841,-0.03,0.055430632627547216,0.4768564447269131,1.0,0.0,-258.2755544226953,148.26092625946646,180.11700000000002,218.738,5.162440418017909,0.05152298464000676,2.5629084312745953,87.16154725709163,-6.189658225234268,-3.421799999999962,0.0,-0.08200449732641725,final_approach,-6.549000054113835,-0.5422001214247079,-9.522714561160576,
76.733,63.96220183,-22.60243009,325.625,221.573,-0.6553,-4.4361,356.5986,0.0012,-0.076,0.0042,68.152,72.346,-9.1611,121.3987,-13.1224,0.0,0.0,0.0,-0.03,1372.6,0.0,3.7,150.0,0,76.733,-0.014214666907217899,0.10499411172877987,-0.03,0.05542488502725651,0.4760803411565576,1.0,0.0,-254.26700225771512,147.82593246142886,179.125,218.073,5.168069973374135,0.051623405959612984,2.5584911123826886,87.12408272710343,-6.189342938233466,-3.4213999999999487,0.0,-0.08212530059977326,final_approach,-6.549000054113835,-0.5426754868257948,-9.543092836646228,
76.817,63.96223502,-22.60243825,324.708,224.05,-0.6552,-4.4437,356.599,0.0013,-0.0762,0.0042,68.144,72.336,-9.1781,121.3824,-13.12,0.0,0.0,0.0,-0.03,1371.5,0.0,3.7,150.0,0,76.817,-0.01423414011511337,0.10501020492634106,-0.03,0.05541913718606917,0.47536167124126094,1.0,0.0,-250.5672288575199,147.4248521240938,178.20800000000003,220.55,5.173291734066657,0.05338014126103203,2.5544115456829095,87.0947058653049,-6.189045226796594,-3.421000000000049,0.0,-0.08331737283961704,final_approach,-6.549000054113835,-0.543124352275326,-9.561972658902732,
76.95,63.96227374,-22.60244777,323.636,222.762,-0.6551,-4.4526,356.5995,0.0012,-0.0764,0.0042,68.135,72.325,-9.198,121.3635,-13.1172,0.0,0.0,0.0,-0.03,1370.1,0.0,3.7,150.0,0,76.95,-0.01425640203834122,0.10502899570379995,-0.03,0.05541195204584848,0.474522360367189,1.0,0.0,-246.25101235239987,146.95692512860822,177.13600000000002,219.262,5.1794010503389,0.0521392358531684,2.549640315477185,87.04768816459385,-6.1886919110442875,-3.4204999999999472,0.0,-0.08189480921168171,final_approach,-6.549000054113835,-0.5436570523548951,-9.584033697297894,
77.042,63.96230416,-22.60245525,322.792,221.728,-0.6549,-4.4596,356.5999,0.0012,-0.0766,0.0043,68.128,72.316,-9.2137,121.3486,-13.1151,0.0,0.0,0.0,-0.03,1369.1,0.0,3.7,150.0,0,77.042,-0.014275705124347837,0.10504302111475951,-0.03,0.05540620366271143,0.4738627692726161,1.0,0.0,-242.86001788880193,146.5892683149992,176.29199999999997,218.228,5.18421070307352,0.05216250222296649,2.5458824589870397,87.0149631071159,-6.188463420993656,-3.4201000000000477,0.0,-0.08136682260351015,final_approach,-6.549000054113835,-0.5440015499955688,-9.601380038719254,
77.142,63.96233733,-22.60246341,321.87,220.615,-0.6548,-4.4672,356.6003,0.001,-0.0768,0.0043,68.12,72.306,-9.2307,121.3325,-13.1127,0.0,0.0,0.0,-0.03,1368.0,0.0,3.7,150.0,0,77.142,-0.014295785106675674,0.10505993045605636,-0.03,0.05540045503873625,0.47314296679107737,1.0,0.0,-239.16247402435428,146.18818875591893,175.37,217.115,5.189468157420842,0.05223117576467711,2.541772810265292,86.97909051111871,-6.188155378481753,-3.4196999999999207,0.0,-0.08124256600318742,final_approach,-6.549000054113835,-0.5444659892005976,-9.620319256018176,
77.242,63.96237051,-22.60247156,320.946,219.502,-0.6547,-4.4748,356.6007,0.0009,-0.077,0.0043,68.113,72.297,-9.2477,121.3164,-13.1103,0.0,0.0,0.0,-0.03,1366.9,0.0,3.7,150.0,0,77.242,-0.014315869900968337,0.10507916511766043,-0.03,0.055394706173948816,0.47242211609400075,1.0,0.0,-235.46381522061648,145.78759874486195,174.44600000000003,216.002,5.194742618007768,0.0523167474487734,2.5376632655420845,86.94292653596919,-6.187847253850606,-3.419300000000021,0.0,-0.08022051454835621,final_approach,-6.549000054113835,-0.5449305513065159,-9.639296058254937,
77.35,63.96240367,-22.60247972,320.02,218.391,-0.6546,-4.4825,356.6012,0.0008,-0.0774,0.0043,68.105,72.287,-9.2647,121.3004,-13.108,0.0,0.0,0.0,-0.03,1365.7,0.0,3.7,150.0,0,77.35,-0.014333036101386365,0.10509549428333616,-0.03,0.055387519754344305,0.47170425925458165,1.0,0.0,-231.76738612285445,145.3865195749087,173.51999999999998,214.891,5.200004677380985,0.05171775153634999,2.5335342126088607,86.90355369540147,-6.1875806911442055,-3.4187999999999192,0.0,-0.07966174723250928,final_approach,-6.549000054113835,-0.5453324494120135,-9.65820417326759,
77.45,63.9624396,-22.60248855,319.016,217.18,-0.6545,-4.4909,356.6016,0.0009,-0.0777,0.0043,68.097,72.277,-9.2832,121.2832,-13.1054,0.0,0.0,0.0,-0.03,1364.5,0.0,3.7,150.0,0,77.45,-0.01435535560168738,0.10511585003878919,-0.03,0.05538177034779346,0.4709202318505125,1.0,0.0,-227.76217791747467,144.95250681872835,172.51600000000002,213.68,5.205762863338908,0.05269510287682916,2.529059650237442,86.86678114810721,-6.187234519991648,-3.4184000000000196,0.0,-0.07969249748410762,final_approach,-6.549000054113835,-0.5458543726039284,-9.67886695604971,
77.533,63.96247,-22.60249602,318.164,216.142,-0.6545,-4.498,356.602,0.001,-0.078,0.0043,68.09,72.268,-9.2988,121.2686,-13.1033,0.0,0.0,0.0,-0.03,1363.5,0.0,3.7,150.0,0,77.533,-0.01436777566951064,0.10513231887522591,-0.03,0.05537602070048864,0.4702599677417329,1.0,0.0,-224.37341281781184,144.58534072052467,171.664,212.642,5.210621253584286,0.0536683894362691,2.525266036791325,86.83604680131779,-6.186990559645039,-3.4180000000000064,0.0,-0.08011475674895975,final_approach,-6.549000054113835,-0.5462221915919567,-9.696277684786912,
77.617,63.96249763,-22.60250282,317.388,215.205,-0.6544,-4.5045,356.6024,0.0009,-0.0782,0.0043,68.083,72.26,-9.3131,121.2554,-13.1013,0.0,0.0,0.0,-0.03,1362.6,0.0,3.7,150.0,0,77.617,-0.014385501463089312,0.1051438992518805,-0.03,0.05537027081245116,0.46966081333989856,1.0,0.0,-221.2934268257668,144.25110820854812,170.88799999999998,211.705,5.215037383305977,0.053485820009769834,2.52180214826068,86.804737250728,-6.186722595296118,-3.417599999999993,0.0,-0.08040735462027157,final_approach,-6.549000054113835,-0.5466262007511347,-9.71208477987151,
77.708,63.96252525,-22.60250961,316.611,214.267,-0.6543,-4.511,356.6027,0.0009,-0.0783,0.0043,68.077,72.252,-9.3274,121.2423,-13.0994,0.0,0.0,0.0,-0.03,1361.6,0.0,3.7,150.0,0,77.708,-0.014401260787789971,0.10515735975834833,-0.03,0.05536595823845358,0.4690616603772899,1.0,0.0,-218.214555430179,143.91736602319773,170.111,210.767,5.219460670760948,0.052672775749847196,2.51833943266767,86.77059843610688,-6.186496237425928,-3.4172999999999547,0.0,-0.07909160110334441,final_approach,-6.549000054113835,-0.5469674793902737,-9.72789935555784,
77.808,63.9625584,-22.60251775,315.678,213.143,-0.6542,-4.5188,356.6031,0.001,-0.0784,0.0043,68.07,72.243,-9.3445,121.2266,-13.0971,0.0,0.0,0.0,-0.03,1360.5,0.0,3.7,150.0,0,77.808,-0.014419813752551858,0.10517734302401385,-0.03,0.05536020792918073,0.46833703427722784,1.0,0.0,-214.51924075785394,143.51726711684745,169.178,209.643,5.224820026730928,0.05282623974150532,2.5141829057762073,86.73278139856414,-6.186214190068313,-3.4168999999999414,0.0,-0.07826509191213529,final_approach,-6.549000054113835,-0.5473927201022111,-9.74703597491144,
77.917,63.96259154,-22.6025259,314.742,212.025,-0.6541,-4.5266,356.6036,0.0012,-0.0786,0.0044,68.062,72.233,-9.3617,121.2109,-13.0947,0.0,0.0,0.0,-0.03,1359.4,0.0,3.7,150.0,0,77.917,-0.014440638034035724,0.10519159843278449,-0.03,0.055353019704139084,0.4676182545978847,1.0,0.0,-210.82504102402697,143.11667866247362,168.24200000000002,208.525,5.230146897887186,0.05216692938131356,2.5100075122434027,86.69124311165056,-6.185885345172693,-3.416400000000067,0.0,-0.07782231041219635,final_approach,-6.549000054113835,-0.5478885161461804,-9.766029393640737,
78.017,63.96262744,-22.60253472,313.727,210.822,-0.6539,-4.5351,356.604,0.0013,-0.0787,0.0043,68.054,72.223,-9.3803,121.1941,-13.0922,0.0,0.0,0.0,-0.03,1358.2,0.0,3.7,150.0,0,78.017,-0.01446532383184529,0.10521090068776748,-0.03,0.05534726885336394,0.46683493245093155,1.0,0.0,-206.82317695006003,142.68315701082588,167.22699999999998,207.322,5.235964546661827,0.05316852244216291,2.505481197846963,86.6528204210631,-6.18556521369419,-3.41599999999994,0.0,-0.07802028219290216,final_approach,-6.549000054113835,-0.5483711740580031,-9.786741228535023,
78.125,63.96266334,-22.60254355,312.71,209.581,-0.6538,-4.5436,356.6045,0.0012,-0.0788,0.0043,68.046,72.213,-9.399,121.1773,-13.0897,0.0,0.0,0.0,-0.03,1357.0,0.0,3.7,150.0,0,78.125,-0.014485641486039091,0.10522924502968665,-0.03,0.055340079951508026,0.46605050717422786,1.0,0.0,-202.82131304711345,142.2491454220273,166.20999999999998,206.081,5.241803681892366,0.05331811319337414,2.5009351255384566,86.61097126110542,-6.185244993063122,-3.4155000000000655,0.0,-0.07766153600027743,final_approach,-6.549000054113835,-0.5488539653927376,-9.80749595471891,
78.225,63.96269647,-22.60255169,311.769,208.454,-0.6537,-4.5514,356.6049,0.0011,-0.0789,0.0044,68.039,72.204,-9.4163,121.1619,-13.0874,0.0,0.0,0.0,-0.03,1355.8,0.0,3.7,150.0,0,78.225,-0.0145051025671461,0.10524551898298123,-0.03,0.05533432855933096,0.4653285556455639,1.0,0.0,-199.1282279097438,141.84904729410562,165.269,204.954,5.247189776373756,0.053408585130129596,2.496737353780312,86.57194175894644,-6.18494748386496,-3.4150999999999385,0.0,-0.07696503272752984,final_approach,-6.549000054113835,-0.5493025141876053,-9.826610057507475,
78.333,63.96273236,-22.60256051,310.748,207.232,-0.6535,-4.5599,356.6054,0.001,-0.0791,0.0043,68.031,72.194,-9.435,121.1452,-13.0849,0.0,0.0,0.0,-0.03,1354.6,0.0,3.7,150.0,0,78.333,-0.014529622762884165,0.10526424215209412,-0.03,0.05532713898078412,0.4645440586766216,1.0,0.0,-195.1274786032546,141.41552603158516,164.248,203.732,5.2530558053375636,0.05355966810814392,2.4921774608211176,86.52943793438291,-6.184622042263044,-3.414600000000064,0.0,-0.07670221830448443,final_approach,-6.549000054113835,-0.5497931751392091,-9.847393718637882,
78.433,63.96276548,-22.60256865,309.803,206.087,-0.6534,-4.5678,356.6058,0.001,-0.0792,0.0043,68.024,72.185,-9.4523,121.13,-13.0826,0.0,0.0,0.0,-0.03,1353.5,0.0,3.7,150.0,0,78.433,-0.014549686372985926,0.10528026172637074,-0.03,0.055321387047303716,0.4638234869924342,1.0,0.0,-191.43550823257058,141.01542829279043,163.303,202.587,5.258456302007666,0.05363388454028955,2.4879588690742493,86.48980236150906,-6.184314274653275,-3.414199999999937,0.0,-0.07609292573135348,final_approach,-6.549000054113835,-0.550257188467647,-9.866496514493953,
78.525,63.96279859,-22.60257678,308.857,204.95,-0.6533,-4.5757,356.6062,0.001,-0.0793,0.0044,68.017,72.176,-9.4697,121.1148,-13.0803,0.0,0.0,0.0,-0.03,1352.4,0.0,3.7,150.0,0,78.525,-0.014569754525533829,0.1052959101495493,-0.03,0.05531563487327895,0.4631004058594945,1.0,0.0,-187.7446524591361,140.6158208802741,162.35700000000003,201.45,5.26388784285621,0.054534651697604394,2.4837384382963954,86.4530709039237,-6.184006429436124,-3.4138000000000375,0.0,-0.07609238307593903,final_approach,-6.549000054113835,-0.5507213178835162,-9.885678258418048,
78.617,63.96282895,-22.60258424,307.988,203.906,-0.6532,-4.5829,356.6066,0.0009,-0.0795,0.0044,68.01,72.168,-9.4856,121.1009,-13.0782,0.0,0.0,0.0,-0.03,1351.4,0.0,3.7,150.0,0,78.617,-0.014588189770111448,0.10531043533235673,-0.03,0.055309882458722925,0.46243685353738334,1.0,0.0,-184.3603462575717,140.24914627590414,161.488,200.406,5.268883209650061,0.05449512060642858,2.4798555211872157,86.41609486110089,-6.183726383514369,-3.4133999999999105,0.0,-0.07609188975282094,final_approach,-6.549000054113835,-0.5511435342987934,-9.903291942641191,
78.725,63.96286206,-22.60259238,307.039,202.762,-0.6532,-4.5909,356.6071,0.0009,-0.0796,0.0044,68.003,72.158,-9.503,121.0858,-13.0759,0.0,0.0,0.0,-0.03,1350.3,0.0,3.7,150.0,0,78.725,-0.014604189703110226,0.1053276846324808,-0.03,0.05530269160231904,0.46171076150661383,1.0,0.0,-180.66949065515755,139.8490489260629,160.539,199.262,5.274361659544348,0.05386699849036913,2.4756078987236734,86.37236257266308,-6.183413338884975,-3.412900000000036,0.0,-0.07506670112209787,final_approach,-6.549000054113835,-0.5516155009241466,-9.922578071528136,
78.833,63.96289792,-22.60260119,306.008,201.529,-0.653,-4.5995,356.6075,0.001,-0.0797,0.0044,67.995,72.149,-9.5218,121.0696,-13.0734,0.0,0.0,0.0,-0.03,1349.1,0.0,3.7,150.0,0,78.833,-0.014630695495132628,0.10534466926491337,-0.03,0.05529693864664609,0.4609286916860646,1.0,0.0,-176.67208547928902,139.41601876824885,159.50799999999998,198.029,5.280277082480593,0.05401790450778416,2.4710017778847146,86.32829025941304,-6.183062222435325,-3.412499999999909,0.0,-0.07497646229954627,final_approach,-6.549000054113835,-0.5521448659900567,-9.943365714838745,
78.942,63.96293102,-22.60260932,305.055,200.368,-0.6529,-4.6074,356.608,0.0011,-0.0798,0.0044,67.988,72.14,-9.5392,121.0547,-13.0711,0.0,0.0,0.0,-0.03,1348.0,0.0,3.7,150.0,0,78.942,-0.01465119448581459,0.10536170723202923,-0.03,0.05528974711390788,0.4602039529923486,1.0,0.0,-172.98234447333215,139.01641174503385,158.555,196.868,5.285772654553007,0.05341793582439873,2.4667416908038717,86.28350564910146,-6.182738909824025,-3.4120000000000346,0.0,-0.07399861877106821,final_approach,-6.549000054113835,-0.552632311193328,-9.962643253656669,
79.042,63.96296688,-22.60261813,304.021,199.132,-0.6528,-4.616,356.6084,0.001,-0.0798,0.0044,67.981,72.13,-9.5581,121.0387,-13.0687,0.0,0.0,0.0,-0.03,1346.7,0.0,3.7,150.0,0,79.042,-0.014671659924679559,0.10538188308183732,-0.03,0.05528399361721703,0.45941594162141625,1.0,0.0,-168.98493929746365,138.58338158721975,157.52100000000002,195.632,5.291763361228109,0.05449945764550168,2.4621135255152526,86.24210531615597,-6.182424299099836,-3.4115999999999076,0.0,-0.07363510797370237,final_approach,-6.549000054113835,-0.5531066359395744,-9.983619064156072,
79.142,63.96299997,-22.60262626,303.064,197.986,-0.6527,-4.624,356.6089,0.001,-0.0799,0.0044,67.974,72.121,-9.5755,121.0239,-13.0664,0.0,0.0,0.0,-0.03,1345.6,0.0,3.7,150.0,0,79.142,-0.014692465118994413,0.10539873134877491,-0.03,0.05527680140826785,0.4586925474428779,1.0,0.0,-165.2963130589846,138.18377495295798,156.56400000000002,194.486,5.297277171796983,0.054605898986041755,2.457832178602867,86.20041484962907,-6.1820957721554635,-3.411100000000033,0.0,-0.07330464361244869,final_approach,-6.549000054113835,-0.5536019405285373,-10.002889054620256,
79.233,63.96303306,-22.60263439,302.106,196.828,-0.6526,-4.6319,356.6093,0.001,-0.0801,0.0044,67.967,72.113,-9.5929,121.0093,-13.0641,0.0,0.0,0.0,-0.03,1344.5,0.0,3.7,150.0,0,79.233,-0.014714346277610812,0.10541752972322198,-0.03,0.05527104737065758,0.45796501925902183,1.0,0.0,-161.60768681971336,137.78416831886997,155.606,193.328,5.302836601216615,0.05568702098586203,2.4535409818622465,86.162212487268,-6.1817570588271735,-3.410699999999906,0.0,-0.07363359209523744,final_approach,-6.549000054113835,-0.5541126015455209,-10.02228307895429,
79.333,63.96306338,-22.60264183,301.225,195.791,-0.6525,-4.6392,356.6097,0.0009,-0.0804,0.0044,67.961,72.105,-9.6089,120.9959,-13.062,0.0,0.0,0.0,-0.03,1343.5,0.0,3.7,150.0,0,79.333,-0.014734295089286309,0.10543196844477114,-0.03,0.055265293092673806,0.4573050144791787,1.0,0.0,-158.22783934601912,137.41847514548476,154.72500000000002,192.291,5.307892503968018,0.05483235540722383,2.4496085541788903,86.11996596772832,-6.181451242271862,-3.4103000000000065,0.0,-0.07239417463203456,final_approach,-6.549000054113835,-0.5545736647928656,-10.039889334623453,
79.425,63.96309646,-22.60264996,300.264,194.651,-0.6524,-4.6473,356.6101,0.0009,-0.0806,0.0045,67.954,72.096,-9.6264,120.9814,-13.0598,0.0,0.0,0.0,-0.03,1342.4,0.0,3.7,150.0,0,79.425,-0.014753732470395076,0.10545026058292087,-0.03,0.05525953857433108,0.45657579261627346,1.0,0.0,-154.5403278742257,137.01886890034996,153.764,191.151,5.313492657531483,0.05583883523693384,2.445297555111276,86.08083211383085,-6.181154132153125,-3.4098999999999933,0.0,-0.07272988207655819,final_approach,-6.549000054113835,-0.5550216009362341,-10.059355732971664,
79.517,63.96312679,-22.60265741,299.38,193.593,-0.6523,-4.6546,356.6105,0.0008,-0.0807,0.0045,67.948,72.088,-9.6424,120.9682,-13.0577,0.0,0.0,0.0,-0.03,1341.4,0.0,3.7,150.0,0,79.517,-0.014774283061591564,0.10546646253945212,-0.03,0.05525378381565049,0.4559124703958853,1.0,0.0,-151.15936580486618,136.65268540068698,152.88,190.093,5.318599725564825,0.05578429754045634,2.4413398138693223,86.04145415822441,-6.180838070015994,-3.40949999999998,0.0,-0.0720469283699939,final_approach,-6.549000054113835,-0.5554981090190498,-10.077075618729024,
79.617,63.9631571,-22.60266485,298.496,192.511,-0.6522,-4.662,356.6109,0.0008,-0.0809,0.0045,67.942,72.08,-9.6584,120.955,-13.0557,0.0,0.0,0.0,-0.03,1340.4,0.0,3.7,150.0,0,79.617,-0.01479208728837611,0.10548466465591394,-0.03,0.055248028816651806,0.45524487179453105,1.0,0.0,-147.78063309864967,136.286992616429,151.99599999999998,189.011,5.323752433130256,0.05507476055943115,2.4373807611676956,85.99838738714709,-6.180568762489628,-3.4090999999999667,0.0,-0.07095175306363057,final_approach,-6.549000054113835,-0.5559041271845899,-10.094922078163691,
79.717,63.96319017,-22.60267297,297.529,191.369,-0.6522,-4.6701,356.6114,0.0008,-0.081,0.0045,67.935,72.072,-9.6759,120.9408,-13.0534,0.0,0.0,0.0,-0.03,1339.3,0.0,3.7,150.0,0,79.717,-0.014810804318183546,0.10550194424782694,-0.03,0.055240834729985866,0.45451935342762934,1.0,0.0,-144.09423622331357,135.88787669774635,151.029,187.869,5.329366886496422,0.05525305607647048,2.433049423046047,85.95503103816121,-6.1802094521909225,-3.4085999999999785,0.0,-0.07086523005783796,final_approach,-6.549000054113835,-0.5564458358112248,-10.114331075854867,
79.825,63.96322324,-22.60268109,296.56,190.217,-0.6521,-4.6781,356.6118,0.0007,-0.0811,0.0045,67.929,72.063,-9.6934,120.9266,-13.0512,0.0,0.0,0.0,-0.03,1338.2,0.0,3.7,150.0,0,79.825,-0.014636477923058888,0.10552122920996694,-0.03,0.05523507919034243,0.4537940749979333,1.0,0.0,-140.40783934797747,135.48876077906368,150.06,186.717,5.334995054365417,0.05472965763933447,2.428708060137881,85.90789339691872,-6.179896892107735,-3.4081999999999653,0.0,-0.06947344146672138,final_approach,-6.545685924672382,-0.5519205273087646,-10.133748636908871,
79.925,63.96325905,-22.60268989,295.509,188.941,-0.652,-4.6869,356.6123,0.0032,-0.0812,0.0045,67.922,72.054,-9.7124,120.9113,-13.0488,0.0,0.0,0.0,-0.03,1337.0,0.0,3.7,150.0,0,79.925,-0.014335429665636168,0.1055415467129946,-0.03,0.05522788442793236,0.45300649061859666,1.0,0.0,-136.41600783847719,135.05622250421087,149.00900000000001,185.441,5.341124666779133,0.05582406872230562,2.4239893078654617,85.86393268304887,-6.179546182644714,-3.407699999999977,0.0,-0.06952131042429707,final_approach,-6.540184452304436,-0.5441547886649225,-10.154851481316927,
80.033,63.96329487,-22.60269868,294.456,187.662,-0.6513,-4.6956,356.6128,0.0115,-0.0814,0.0044,67.915,72.045,-9.7314,120.8962,-13.0464,0.0,0.0,0.0,-0.03,1335.8,0.0,3.7,150.0,0,80.033,-0.014058132984260674,0.10556337471351102,-0.03,0.05522068929016255,0.4522159839958222,1.0,0.0,-132.4230613904788,134.62417377755563,147.95600000000002,184.162,5.347296161887963,0.05604396947357167,2.4192683321080306,85.81610350525756,-6.179185273036495,-3.407199999999989,0.0,-0.06909344718706344,final_approach,-6.534679197706524,-0.5363984721810606,-10.176050873637044,
80.125,63.96332792,-22.60270679,293.482,186.519,-0.6497,-4.7038,356.6132,0.0223,-0.0817,0.0041,67.909,72.037,-9.749,120.8823,-13.0441,0.0,0.0,0.0,-0.03,1334.7,0.0,3.7,150.0,0,80.125,-0.013841430573239222,0.10558275169165236,-0.03,0.05521493290971291,0.4514883900103042,1.0,0.0,-128.73889387907772,134.2255485744524,146.98200000000003,183.019,5.352993754681719,0.057025033970287985,2.4149021270251687,85.77510511686108,-6.17881045634968,-3.4067999999999756,0.0,-0.06874107847045323,final_approach,-6.529586591778299,-0.5292850692522908,-10.195579484729471,
80.225,63.96335821,-22.60271423,292.587,185.428,-0.6472,-4.7112,356.6136,0.0335,-0.0821,0.0038,67.903,72.029,-9.7651,120.8696,-13.0419,0.0,0.0,0.0,-0.03,1333.7,0.0,3.7,150.0,0,80.225,-0.013684482080194182,0.10559900277801329,-0.03,0.055209176289076956,0.4508244172988276,1.0,0.0,-125.36239070702462,133.85985656844872,146.087,181.928,5.358207831407658,0.05621098951847361,2.410885228663754,85.73027662267125,-6.178421738891302,-3.4063999999999623,0.0,-0.06794643497313982,final_approach,-6.524900508239224,-0.522805392423173,-10.213414375434583,
80.333,63.96339401,-22.60272302,291.528,184.194,-0.643,-4.7201,356.6139,0.0451,-0.0826,0.0033,67.896,72.02,-9.7841,120.8548,-13.0391,0.0,0.0,0.0,-0.03,1332.5,0.0,3.7,150.0,0,80.333,-0.013553827540688623,0.10562095058910187,-0.03,0.0552048586659889,0.4500353390832481,1.0,0.0,-121.37167379398167,133.42780862004804,145.02800000000002,180.694,5.36442287871572,0.056433613654378184,2.4061295757621304,85.68150962101194,-6.177857940913043,-3.406099999999924,0.0,-0.0676617422314779,final_approach,-6.519351487117511,-0.5152883342415056,-10.234627143081918,
80.433,63.96342706,-22.60273113,290.549,183.02,-0.6381,-4.7284,356.6142,0.0536,-0.083,0.0029,67.89,72.012,-9.8016,120.8412,-13.0364,0.0,0.0,0.0,-0.03,1331.4,0.0,3.7,150.0,0,80.433,-0.013475789964493834,0.10564441218036648,-0.03,0.05520054090781701,0.4493035841597809,1.0,0.0,-117.68750628258063,133.0291834169448,144.04899999999998,179.52,5.370204728033258,0.056664426907877485,2.401732810532848,85.63607786999518,-6.177280197630267,-3.4057999999999993,0.0,-0.0669652202104342,final_approach,-6.514220153518368,-0.5084219239562842,-10.254316022826252,
80.542,63.96346285,-22.60273991,289.486,181.725,-0.6319,-4.7373,356.6145,0.0606,-0.0835,0.0025,67.883,72.003,-9.8206,120.8266,-13.033,0.0,0.0,0.0,-0.03,1330.2,0.0,3.7,150.0,0,80.542,-0.013438991357944519,0.10566710381766697,-0.03,0.05519622301456606,0.44851401144389497,1.0,0.0,-113.69790396599507,132.5976257948222,142.986,178.225,5.376463524316187,0.056790380654010375,2.396962051701864,85.5862023173697,-6.176424765550706,-3.405499999999961,0.0,-0.06671567141732997,final_approach,-6.508651178642905,-0.5013141237506833,-10.275579305145367,
80.642,63.96349588,-22.60274802,288.503,180.566,-0.6257,-4.7457,356.6148,0.0648,-0.0839,0.0024,67.877,71.995,-9.8382,120.8133,-13.0297,0.0,0.0,0.0,-0.03,1329.1,0.0,3.7,150.0,0,80.642,-0.013427305542771828,0.10568831018280776,-0.03,0.055191904986246154,0.44778494101525157,1.0,0.0,-110.01596598875737,132.19900136997322,142.003,177.066,5.382261589616712,0.05698875937921672,2.392542219081795,85.54016919821998,-6.17555027581659,-3.4051999999999225,0.0,-0.06610515583393685,final_approach,-6.503490764013078,-0.4948509806129344,-10.29523074126897,
80.75,63.96353167,-22.6027568,287.436,179.299,-0.6185,-4.7547,356.615,0.0674,-0.0844,0.0026,67.871,71.986,-9.8572,120.799,-13.0257,0.0,0.0,0.0,-0.03,1327.9,0.0,3.7,150.0,0,80.75,-0.013445635202135375,0.10571443950712828,-0.03,0.05518902622566624,0.44699317299462066,1.0,0.0,-106.02636367217181,131.76744374785065,140.93599999999998,175.799,5.388579147119974,0.05723994995067769,2.3877482106787657,85.4901013958597,-6.174397950847776,-3.4049999999999727,0.0,-0.06514610126317491,final_approach,-6.497892302435181,-0.48814607002786126,-10.316591397913587,
80.858,63.96356469,-22.6027649,286.449,178.118,-0.6117,-4.7632,356.6153,0.0682,-0.0848,0.003,67.865,71.978,-9.8748,120.7859,-13.0217,0.0,0.0,0.0,-0.03,1326.8,0.0,3.7,150.0,0,80.858,-0.013476158334560229,0.10573571769286128,-0.03,0.05518470797225106,0.4462651388490307,1.0,0.0,-102.34554029218356,131.36930964945407,139.949,174.618,5.39440768641799,0.056694617702749875,2.3833148724582,85.43973503706009,-6.173184684893613,-3.404700000000048,0.0,-0.06427423347157316,final_approach,-6.492713945603475,-0.4821664475649765,-10.336250535443043,
81.017,63.96361698,-22.60277772,284.883,176.26,-0.601,-4.7766,356.6158,0.067,-0.0854,0.0044,67.855,71.966,-9.9028,120.7655,-13.0146,0.0,0.0,0.0,-0.03,1325.1,0.0,3.7,150.0,0,81.017,-0.013542700049099354,0.1057691006180718,-0.03,0.055177510583121925,0.4451071377304382,1.0,0.0,-96.51664088166511,130.73917530467222,138.38299999999998,172.76,5.403717801900356,0.0570045456562397,2.3762793171517878,85.36473285279081,-6.170886301317523,-3.404199999999946,0.0,-0.06414867422515308,final_approach,-6.484493928212407,-0.4732359789853575,-10.36755598193971,
81.117,63.96365275,-22.60278649,283.809,174.963,-0.5938,-4.7858,356.6164,0.0653,-0.0856,0.0058,67.849,71.957,-9.922,120.7518,-13.0093,0.0,0.0,0.0,-0.03,1323.9,0.0,3.7,150.0,0,81.117,-0.01359418039998228,0.10579350335748675,-0.03,0.055168873221050574,0.44431432632982193,1.0,0.0,-92.52926792822254,130.30810839812878,137.30900000000003,171.463,5.410120277354137,0.05817458046983352,2.3714512487919923,85.3173288681607,-6.169092862987554,-3.403599999999983,0.0,-0.06377152202286618,final_approach,-6.478851516179331,-0.4674311502661386,-10.389014662107602,
81.225,63.96368851,-22.60279526,282.733,173.7,-0.5868,-4.795,356.6171,0.0626,-0.0859,0.0076,67.843,71.949,-9.9412,120.7382,-13.0037,0.0,0.0,0.0,-0.03,1322.8,0.0,3.7,150.0,0,81.225,-0.013645003074488904,0.10581822668624706,-0.03,0.055158795616053746,0.4435215005820894,1.0,0.0,-88.54300974304977,129.87704188071288,136.233,170.2,5.416546452254532,0.05839575363287898,2.366610063063083,85.26578037104613,-6.167153221907284,-3.402900000000045,0.0,-0.06302461598038406,final_approach,-6.473192532728342,-0.4618217089674612,-10.41049499927483,
81.325,63.96372152,-22.60280334,281.738,172.495,-0.5807,-4.8036,356.6179,0.0598,-0.0862,0.0095,67.838,71.942,-9.959,120.7259,-12.9982,0.0,0.0,0.0,-0.03,1321.7,0.0,3.7,150.0,0,81.325,-0.01368711841168796,0.10584189649397634,-0.03,0.05514727745322123,0.4427879627989497,1.0,0.0,-84.86330078770641,129.47988804591895,135.238,168.995,5.422513449577297,0.05860812356533952,2.3621441316711205,85.21777551630976,-6.165194378660374,-3.4021000000000186,0.0,-0.061840559982175726,final_approach,-6.467971091726449,-0.45690102838354996,-10.430388200642843,
81.433,63.96375453,-22.60281143,280.742,171.3,-0.5748,-4.8122,356.619,0.057,-0.0866,0.0117,67.832,71.934,-9.9768,120.7137,-12.9924,0.0,0.0,0.0,-0.03,1320.6,0.0,3.7,150.0,0,81.433,-0.01372719681750062,0.10586604271802141,-0.03,0.05513143841214263,0.4420494391395997,1.0,0.0,-81.18359200338338,129.08224427397428,134.24200000000002,167.8,5.428542117114263,0.05814360225655841,2.357658749667044,85.16561866941508,-6.163089309698705,-3.4009999999999536,0.0,-0.06126919594339207,final_approach,-6.462725845993294,-0.4521649032580086,-10.450435458645442,
81.533,63.96379028,-22.60282018,279.66,170.022,-0.5688,-4.8216,356.6204,0.0544,-0.0869,0.0143,67.826,71.926,-9.9961,120.7006,-12.9858,0.0,0.0,0.0,-0.03,1319.4,0.0,3.7,150.0,0,81.533,-0.013763382232151233,0.10589090163742623,-0.03,0.05511127700870755,0.4412547430505913,1.0,0.0,-77.19844824364753,128.6521580203354,133.16000000000003,166.522,5.435053396569651,0.05930513430611168,2.3527994370047476,85.11701321755085,-6.160653829577996,-3.399599999999964,0.0,-0.06115381449399331,final_approach,-6.457042120193103,-0.44726570206891125,-10.472028887717592,
81.642,63.96382328,-22.60282826,278.659,168.85,-0.5634,-4.8302,356.6219,0.0523,-0.0872,0.0168,67.821,71.918,-10.0141,120.6886,-12.9795,0.0,0.0,0.0,-0.03,1318.4,0.0,3.7,150.0,0,81.642,-0.013795410198845726,0.10591198935592772,-0.03,0.05508967224480543,0.44052178752769483,1.0,0.0,-73.5198540557819,128.2550045746688,132.159,165.35,5.441081307287741,0.05863793412067431,2.3483001389234124,85.0637194513364,-6.158303073379699,-3.3980999999999995,0.0,-0.059764518597538285,final_approach,-6.451778373583645,-0.44287208239716414,-10.491964573546745,
81.742,63.96385903,-22.602837,277.573,167.561,-0.5579,-4.8397,356.6238,0.0504,-0.0874,0.0195,67.815,71.91,-10.0335,120.6759,-12.9724,0.0,0.0,0.0,-0.03,1317.2,0.0,3.7,150.0,0,81.742,-0.013823585190471943,0.10593714047697275,-0.03,0.05506230137049317,0.43972423107205477,1.0,0.0,-69.53471012423364,127.82540825818043,131.07299999999998,164.061,5.447665460958439,0.059838534551725206,2.343425870198711,85.0145163068518,-6.155611656905478,-3.396199999999908,0.0,-0.05978592599776182,final_approach,-6.446074739156996,-0.43832872961685077,-10.513679260994124,
81.85,63.96389477,-22.60284574,276.485,166.277,-0.5525,-4.8491,356.6261,0.0489,-0.0877,0.0222,67.81,71.903,-10.053,120.6633,-12.965,0.0,0.0,0.0,-0.03,1316.0,0.0,3.7,150.0,0,81.85,-0.013853562031882705,0.10596311973351116,-0.03,0.055029160972093316,0.438926448833382,1.0,0.0,-65.55068096016304,127.39581233099338,129.985,162.777,5.454277957683178,0.06006991571399909,2.3385382862922675,84.9610261830667,-6.152773776584695,-3.3939000000000306,0.0,-0.05855959602489789,final_approach,-6.440354263061609,-0.4339808213242673,-10.53542322100015,
81.95,63.96392776,-22.6028538,275.479,165.08,-0.5476,-4.8578,356.6284,0.0478,-0.0879,0.0247,67.804,71.895,-10.0711,120.6518,-12.9579,0.0,0.0,0.0,-0.03,1314.9,0.0,3.7,150.0,0,81.95,-0.013884573122375177,0.1059839697984918,-0.03,0.05499601265341769,0.43818795700640717,1.0,0.0,-61.873201198526424,126.99963914910406,128.97899999999998,161.58,5.460423038786286,0.060300064933510714,2.334022401565103,84.911225002613,-6.150020652404947,-3.391599999999926,0.0,-0.058690541840816006,final_approach,-6.435067705798101,-0.43015951337311087,-10.55557204897614,
82.008,63.96394426,-22.60285783,274.975,164.49,-0.5452,-4.8622,356.6297,0.0474,-0.088,0.0259,67.802,71.892,-10.0802,120.6461,-12.9542,0.0,0.0,0.0,-0.03,1314.4,0.0,3.7,150.0,0,82.008,-0.013901438313059566,0.1059955771850068,-0.03,0.054977273145139005,0.4378189875795593,1.0,0.0,-60.03390393357327,126.80155236342158,128.47500000000002,160.99,5.463502053221649,0.059097796741615284,2.3317608618853454,84.88230543093063,-6.148570937997391,-3.3903000000000247,0.0,-0.056489834275343064,final_approach,-6.432419811336333,-0.4283522195329059,-10.565646503898101,
82.108,63.96397999,-22.60286656,273.882,163.195,-0.5402,-4.8717,356.6326,0.0463,-0.0883,0.0283,67.796,71.884,-10.0998,120.6339,-12.9461,0.0,0.0,0.0,-0.03,1313.2,0.0,3.7,150.0,0,82.108,-0.01393185932342994,0.10601968428662467,-0.03,0.0549354605163489,0.4370192199270308,1.0,0.0,-56.05098936596001,126.37244676268669,127.382,159.695,5.470196396813805,0.060405403271605186,2.326851507560634,84.83204956358358,-6.145382705448867,-3.387399999999957,0.0,-0.05680894025031162,final_approach,-6.426670828539063,-0.4244896350785954,-10.587501121600601,
82.208,63.96401572,-22.60287528,272.786,161.871,-0.5352,-4.8813,356.6358,0.0455,-0.0886,0.0305,67.791,71.876,-10.1195,120.6219,-12.9378,0.0,0.0,0.0,-0.03,1312.1,0.0,3.7,150.0,0,82.208,-0.013966666118275295,0.10604325688839326,-0.03,0.054889307850157776,0.43622240952411695,1.0,0.0,-52.0680746273264,125.9438310991026,126.286,158.371,5.476894105707208,0.06150068421534262,2.3219385512484667,84.78146992016315,-6.1420897958158776,-3.3841999999999643,0.0,-0.05618994568211052,final_approach,-6.420916355194192,-0.42077661532462685,-10.609299000786905,
82.308,63.96404595,-22.60288266,271.858,160.782,-0.531,-4.8894,356.6386,0.0448,-0.0887,0.0321,67.787,71.87,-10.1362,120.6118,-12.9305,0.0,0.0,0.0,-0.03,1311.1,0.0,3.7,150.0,0,82.308,-0.014001454874402242,0.10606609568740777,-0.03,0.05484891171531836,0.43554217407551205,1.0,0.0,-48.69825903401732,125.58108105163771,125.358,157.282,5.482634513584719,0.060817916641969255,2.317769912258693,84.73064201165514,-6.139170177452513,-3.381399999999985,0.0,-0.054718132438273503,final_approach,-6.4160326920601936,-0.4178140202700291,-10.627927032490197,
82.45,63.96409267,-22.60289405,270.42,159.09,-0.5248,-4.9019,356.6433,0.0439,-0.089,0.0343,67.78,71.86,-10.162,120.5965,-12.9188,0.0,0.0,0.0,-0.03,1309.6,0.0,3.7,150.0,0,82.45,-0.0140542376726972,0.10609966321769318,-0.03,0.054781077600287165,0.43449266361861805,1.0,0.0,-43.49026060119201,125.02122448226736,123.92000000000002,155.59,5.491532765526297,0.06112555487954993,2.3113236391353538,84.65779159622386,-6.13444503672261,-3.376700000000028,0.0,-0.054225190820969,final_approach,-6.408478922421045,-0.4135472234252795,-10.656702712230722,
82.508,63.96410915,-22.60289806,269.912,158.466,-0.5226,-4.9063,356.645,0.0438,-0.089,0.035,67.778,71.857,-10.1712,120.5912,-12.9146,0.0,0.0,0.0,-0.03,1309.0,0.0,3.7,150.0,0,82.508,-0.014075569359780105,0.10611155989420604,-0.03,0.05475653373880518,0.4341212138106214,1.0,0.0,-41.65319252915352,124.82411834948915,123.41199999999998,154.966,5.494694376117507,0.06002305030540196,2.3090515697485814,84.62804485684991,-6.132738845281494,-3.375,0.0,-0.05243042425730033,final_approach,-6.405815980683354,-0.41210401658299034,-10.6668975246663,
82.617,63.96414487,-22.60290676,268.808,157.161,-0.5179,-4.916,356.6489,0.0427,-0.0893,0.0362,67.773,71.85,-10.191,120.5797,-12.9052,0.0,0.0,0.0,-0.03,1307.8,0.0,3.7,150.0,0,82.617,-0.014125064563450695,0.10613597383859792,-0.03,0.05470021094944,0.4333219650482348,1.0,0.0,-37.67139221595686,124.39648294968208,122.30799999999999,153.661,5.501519349443721,0.06045494761874273,2.304109985804863,84.57171094898942,-6.128901446891405,-3.371099999999956,0.0,-0.05183416383691961,final_approach,-6.400023340398031,-0.4091546176992811,-10.688852218088623,
82.725,63.96418333,-22.60291613,267.618,155.758,-0.5129,-4.9263,356.6532,0.0415,-0.0895,0.0372,67.767,71.842,-10.2123,120.5676,-12.8948,0.0,0.0,0.0,-0.03,1306.6,0.0,3.7,150.0,0,82.725,-0.01418285974610739,0.10616507263993583,-0.03,0.054638085192320496,0.432453868630519,1.0,0.0,-33.38415709757569,123.93591513085563,121.118,152.258,5.50896699230966,0.06187239904330386,2.2987726561998425,84.51552023644264,-6.124623571248321,-3.366800000000012,0.0,-0.05217247217497809,final_approach,-6.393765355425765,-0.4061676792343647,-10.712727013218643,
82.808,63.96421355,-22.60292348,266.681,154.656,-0.5092,-4.9345,356.6566,0.0405,-0.0897,0.0378,67.763,71.836,-10.2292,120.5582,-12.8865,0.0,0.0,0.0,-0.03,1305.6,0.0,3.7,150.0,0,82.808,-0.014223148207789194,0.10618723556230596,-0.03,0.05458894301018591,0.4317714226119371,1.0,0.0,-30.015455758683203,123.57463528431857,120.18099999999998,151.156,5.514847750732394,0.06336908438896394,2.2945797541611324,84.47214408338385,-6.1211959376204845,-3.363399999999956,0.0,-0.05181068116672715,final_approach,-6.388848154592694,-0.40392069105086925,-10.731517340368542,
82.933,63.96425475,-22.60293349,265.401,153.161,-0.5042,-4.9457,356.6614,0.0389,-0.0901,0.0383,67.758,71.827,-10.2521,120.5455,-12.8748,0.0,0.0,0.0,-0.03,1304.3,0.0,3.7,150.0,0,82.933,-0.014286109165219552,0.10622183405184406,-0.03,0.05451953653458841,0.4308393121201867,1.0,0.0,-25.422785321264254,123.0826048584471,118.90100000000001,149.661,5.522917380581126,0.06356707678911283,2.2888581745312435,84.40628408818615,-6.116335594754503,-3.358600000000024,0.0,-0.05073698287884989,final_approach,-6.382136716808104,-0.40112832210302685,-10.757212638978892,
83.033,63.96428496,-22.60294083,264.46,152.026,-0.5007,-4.9539,356.6649,0.0376,-0.0902,0.0386,67.754,71.822,-10.269,120.5364,-12.866,0.0,0.0,0.0,-0.03,1303.3,0.0,3.7,150.0,0,83.033,-0.014331832210032591,0.10624439551928302,-0.03,0.054468906055331834,0.4301575393193858,1.0,0.0,-22.0551985788291,122.72181533836219,117.95999999999998,148.526,5.528847609767714,0.06285627930190815,2.28465179594971,84.35339498748718,-6.112656537350972,-3.355099999999993,0.0,-0.0497608935262189,final_approach,-6.37720152063949,-0.399233428206756,-10.7760296647247,
83.142,63.96431792,-22.60294883,263.432,150.803,-0.497,-4.9629,356.6687,0.0359,-0.0904,0.0387,67.75,71.815,-10.2875,120.5266,-12.8562,0.0,0.0,0.0,-0.03,1302.2,0.0,3.7,150.0,0,83.142,-0.014382818310683998,0.1062707846764588,-0.03,0.05441391522091388,0.42940989959378395,1.0,0.0,-18.38106209271126,122.32858294762957,116.93200000000002,147.303,5.535378312059245,0.06236601607197351,2.2800594068147535,84.29543746104211,-6.108541941765054,-3.3513000000000375,0.0,-0.048573289360787066,final_approach,-6.371812372246245,-0.3973107452445799,-10.79668695371019,
83.25,63.96435362,-22.60295749,262.317,149.496,-0.4932,-4.9727,356.6729,0.0342,-0.0905,0.0387,67.745,71.808,-10.3075,120.5161,-12.8455,0.0,0.0,0.0,-0.03,1301.0,0.0,3.7,150.0,0,83.25,-0.01443167251254951,0.10630115836406508,-0.03,0.054353110946183225,0.4285952995462396,1.0,0.0,-14.401490630388583,121.90290807502839,115.81700000000001,145.996,5.54252727511463,0.06300403045409107,2.275077418366943,84.237682247366,-6.1040386180432336,-3.347099999999955,0.0,-0.048366289991283916,final_approach,-6.365964780714135,-0.3952828837680915,-10.819221222473624,
83.308,63.96437284,-22.60296215,261.715,148.794,-0.4912,-4.978,356.6752,0.0334,-0.0906,0.0388,67.743,71.805,-10.3182,120.5105,-12.8396,0.0,0.0,0.0,-0.03,1300.4,0.0,3.7,150.0,0,83.308,-0.01445977211824967,0.10631859556333348,-0.03,0.05431980228215383,0.4281603003656738,1.0,0.0,-12.258987410332647,121.67384939805434,115.21499999999997,145.294,5.5463593071280775,0.06351494495727877,2.272391999331235,84.20662146431563,-6.101545606548683,-3.344799999999964,0.0,-0.04710415077578994,final_approach,-6.362812240189227,-0.39428796318585846,-10.831266180026107,
83.408,63.96440853,-22.6029708,260.596,147.491,-0.4877,-4.9878,356.6794,0.0311,-0.091,0.0387,67.739,71.798,-10.3382,120.5003,-12.8285,0.0,0.0,0.0,-0.03,1299.3,0.0,3.7,150.0,0,83.408,-0.014508018691298252,0.10635061876964232,-0.03,0.054258957538210306,0.4273480681135596,1.0,0.0,-8.2805305444673,121.2486648519053,114.096,143.991,5.5535418630766795,0.06490004737873643,2.267398368913954,84.15267256299265,-6.096837876476968,-3.340599999999995,0.0,-0.04645831888707349,final_approach,-6.356948977227928,-0.39254479766934125,-10.853778364478847,
83.525,63.96444423,-22.60297944,259.475,146.13,-0.4844,-4.9976,356.6836,0.029,-0.0914,0.0386,67.734,71.791,-10.3583,120.4903,-12.8173,0.0,0.0,0.0,-0.03,1298.1,0.0,3.7,150.0,0,83.525,-0.014551580592625624,0.10638168503345038,-0.03,0.05419808667436299,0.426530808212975,1.0,0.0,-4.3009587401037725,120.82396985412792,112.97500000000002,142.63,5.560805419026648,0.06443031861328959,2.262401692839789,84.08917813805922,-6.092072243114558,-3.3363999999999123,0.0,-0.046119839236896235,final_approach,-6.351080832187542,-0.39088160805630956,-10.876458814540063,
83.633,63.96447991,-22.60298808,258.352,144.815,-0.4814,-5.0075,356.6877,0.027,-0.0917,0.0386,67.73,71.785,-10.3783,120.4804,-12.8059,0.0,0.0,0.0,-0.03,1296.9,0.0,3.7,150.0,0,83.633,-0.014588708615853652,0.10641651479005183,-0.03,0.05413863994449786,0.4257142644809836,1.0,0.0,-0.3236164699036678,120.39927563443078,111.85199999999998,141.315,5.5680998922279805,0.06494883526621807,2.2573903300182447,84.03025525240419,-6.087206686281888,-3.332300000000032,0.0,-0.04529412994599241,final_approach,-6.345194127577384,-0.3893411521548682,-10.899148682238897,
83.742,63.9645156,-22.6029967,257.226,143.507,-0.4785,-5.0174,356.6919,0.0251,-0.0921,0.0386,67.726,71.778,-10.3984,120.4707,-12.7943,0.0,0.0,0.0,-0.03,1295.8,0.0,3.7,150.0,0,83.742,-0.014627962611555911,0.10645007895542688,-0.03,0.05407771753084745,0.4248980038943358,1.0,0.0,3.6548409090228655,119.97556090025634,110.726,140.007,5.575429773983019,0.06533179965615671,2.2523850560590777,83.97045529609755,-6.082236193483311,-3.3280999999999494,0.0,-0.044512595196944366,final_approach,-6.339313265417866,-0.3879678053655109,-10.921860272906205,
83.85,63.96455128,-22.60300532,256.099,142.198,-0.4759,-5.0273,356.6961,0.0231,-0.0925,0.0387,67.722,71.772,-10.4186,120.4612,-12.7827,0.0,0.0,0.0,-0.03,1294.6,0.0,3.7,150.0,0,83.85,-0.014655117420475594,0.10648561324527682,-0.03,0.05401676906627817,0.42407476960203433,1.0,0.0,7.632183521263702,119.55184655503486,109.59899999999999,138.698,5.582861413605682,0.06591174604473612,2.2473658598754938,83.91087716989816,-6.0772548265607895,-3.3238999999999805,0.0,-0.043832999000593585,final_approach,-6.333414731829148,-0.3865841986976495,-10.94479619871895,
83.908,63.96457049,-22.60300996,255.49,141.492,-0.4746,-5.0327,356.6983,0.0222,-0.0926,0.0388,67.72,71.769,-10.4294,120.4561,-12.7764,0.0,0.0,0.0,-0.03,1294.0,0.0,3.7,150.0,0,83.908,-0.014667367432544709,0.10650361872251309,-0.03,0.053984833291137124,0.4236379260328371,1.0,0.0,9.773572315090554,119.32376814166403,108.99000000000001,137.992,5.586821174016361,0.06630507690704446,2.244658997721955,83.87883969590422,-6.074546093629067,-3.3216999999999643,0.0,-0.04298297714786736,final_approach,-6.330233095574631,-0.3858707904679175,-10.956979461328824,
84.017,63.96460617,-22.60301857,254.359,140.179,-0.4722,-5.0427,356.7025,0.0204,-0.0932,0.0389,67.716,71.762,-10.4497,120.4469,-12.7646,0.0,0.0,0.0,-0.03,1292.9,0.0,3.7,150.0,0,84.017,-0.01469232290908401,0.10653840578009836,-0.03,0.053923845174627116,0.4228144250789127,1.0,0.0,13.750915098351847,118.90054373394148,107.85900000000001,136.679,5.594316836428655,0.06671548826702443,2.2396287584818797,83.81819944635029,-6.069454336388816,-3.3174999999999955,0.0,-0.0424115471986493,final_approach,-6.32431955501975,-0.38463106838697314,-10.979970065568951,
84.125,63.96464185,-22.60302716,253.226,138.864,-0.4701,-5.0528,356.7068,0.019,-0.0935,0.0391,67.713,71.756,-10.47,120.4378,-12.7527,0.0,0.0,0.0,-0.03,1291.7,0.0,3.7,150.0,0,84.125,-0.01470849083239334,0.10657737745793229,-0.03,0.05386137803243196,0.4219872135958692,1.0,0.0,17.72825822286178,118.47829920069486,106.726,135.364,5.601887778387652,0.06727979262837862,2.2346037687104108,83.75779113536416,-6.064309678363344,-3.3132000000000517,0.0,-0.04108120452402462,final_approach,-6.318410868701372,-0.3834784699993783,-11.003095780298079,
84.233,63.96467752,-22.60303575,252.091,137.547,-0.4681,-5.0629,356.711,0.0177,-0.0939,0.0394,67.709,71.75,-10.4903,120.429,-12.7407,0.0,0.0,0.0,-0.03,1290.6,0.0,3.7,150.0,0,84.233,-0.014723883639558233,0.10661560750796119,-0.03,0.05380033733680911,0.42115819641259206,1.0,0.0,21.70448658068608,118.05605505657525,105.59100000000001,134.047,5.6095177741454405,0.06784117866838417,2.2295647507515577,83.69705608035801,-6.059102162249474,-3.308999999999969,0.0,-0.0407135529342905,final_approach,-6.312484366234635,-0.3823938174093726,-11.026304018340957,
84.342,63.96471319,-22.60304434,250.953,136.228,-0.4662,-5.0731,356.7153,0.0166,-0.0944,0.0398,67.706,71.745,-10.5107,120.4202,-12.7287,0.0,0.0,0.0,-0.03,1289.4,0.0,3.7,150.0,0,84.342,-0.01473394226948499,0.10665399667141241,-0.03,0.053737816412547046,0.4203309508257173,1.0,0.0,25.680714937718285,117.63381091245593,104.453,132.728,5.617174710999099,0.06824217007328484,2.22451246553685,83.63542863534289,-6.053893784862481,-3.3046999999999116,0.0,-0.03951440592024763,final_approach,-6.306540932728705,-0.3812849185938312,-11.049494986367318,
84.442,63.96474886,-22.60305291,249.813,134.906,-0.4645,-5.0833,356.7196,0.0158,-0.0949,0.0402,67.702,71.739,-10.5312,120.4117,-12.7166,0.0,0.0,0.0,-0.03,1288.3,0.0,3.7,150.0,0,84.442,-0.01474017373792147,0.10669107552567236,-0.03,0.05367526831822289,0.41949963212164265,1.0,0.0,29.656943637583375,117.21254664298604,103.31299999999999,131.406,5.624913701328854,0.06976679227732958,2.219465396685111,83.57859041289359,-6.048622578140737,-3.300399999999968,0.0,-0.039558550836593404,final_approach,-6.300602309776783,-0.38027805753625543,-11.072833025435298,
84.533,63.96478178,-22.60306082,248.759,133.689,-0.4629,-5.0928,356.7237,0.0151,-0.0953,0.0407,67.699,71.733,-10.5502,120.404,-12.7054,0.0,0.0,0.0,-0.03,1287.2,0.0,3.7,150.0,0,84.533,-0.014746934362905917,0.10672727447516496,-0.03,0.0536156041567617,0.41872931155168724,1.0,0.0,33.326622593765784,116.82372524416387,102.25899999999999,130.189,5.632125274076544,0.0713470022598431,2.214794955565932,83.52661502959764,-6.043734358412337,-3.296299999999974,0.0,-0.03895932193936048,final_approach,-6.295105665280245,-0.3793601881232327,-11.094488371400024,
84.633,63.96481196,-22.60306806,247.791,132.577,-0.4616,-5.1015,356.7274,0.0145,-0.0958,0.041,67.697,71.729,-10.5677,120.3971,-12.695,0.0,0.0,0.0,-0.03,1286.2,0.0,3.7,150.0,0,84.633,-0.014751063384909058,0.10676196467605373,-0.03,0.05356173972271738,0.41802116886426305,1.0,0.0,36.6908667439716,116.46783626436134,101.291,129.077,5.63878967422422,0.07056316879599599,2.2105140454238366,83.46924438404136,-6.0391822516809555,-3.292599999999993,0.0,-0.03723574721759631,final_approach,-6.290066464502544,-0.3786253564129378,-11.114421254688322,
84.742,63.96484488,-22.60307596,246.733,131.363,-0.4602,-5.111,356.7315,0.014,-0.0963,0.0415,67.694,71.724,-10.5868,120.3897,-12.6837,0.0,0.0,0.0,-0.03,1285.1,0.0,3.7,150.0,0,84.742,-0.014752738468734705,0.10679876475145805,-0.03,0.053502028672071766,0.41724789058254064,1.0,0.0,40.36054587117434,116.07950480269,100.233,127.863,5.64610595138291,0.06998960879588274,2.205831047786914,83.40640838032145,-6.034230718704549,-3.288499999999999,0.0,-0.03635276435961622,final_approach,-6.2845528634138805,-0.3777774166063317,-11.136215743983518,
84.833,63.96487779,-22.60308384,245.674,130.146,-0.4588,-5.1207,356.7357,0.0138,-0.0966,0.0419,67.691,71.719,-10.606,120.3824,-12.6724,0.0,0.0,0.0,-0.03,1284.1,0.0,3.7,150.0,0,84.833,-0.01475462746618128,0.10683713058213083,-0.03,0.05344083573148939,0.4164686154886301,1.0,0.0,44.0291105729402,115.6921536049697,99.174,126.64599999999999,5.65352075203971,0.07190489497972044,2.2011544197322217,83.35371399376345,-6.029273531496074,-3.28430000000003,0.0,-0.03604497059665442,final_approach,-6.279045625962066,-0.37694760500070856,-11.15820928327763,
84.942,63.96491345,-22.60309238,244.523,128.826,-0.4573,-5.1311,356.7402,0.0136,-0.0972,0.0424,67.689,71.713,-10.6268,120.3747,-12.6601,0.0,0.0,0.0,-0.03,1282.9,0.0,3.7,150.0,0,84.942,-0.014757380493102712,0.10687971167162984,-0.03,0.05337524322933118,0.4156290164957554,1.0,0.0,48.0042250175966,115.27235953642793,98.023,125.326,5.661557355665574,0.07220913056546133,2.1960726544484577,83.29023408558766,-6.023864688191225,-3.279800000000023,0.0,-0.03443621180180398,final_approach,-6.273060009617456,-0.37607747694134375,-11.181939434678158,
85.05,63.96494636,-22.60310025,243.46,127.606,-0.4559,-5.1408,356.7445,0.0134,-0.0977,0.0428,67.686,71.709,-10.6461,120.3678,-12.6486,0.0,0.0,0.0,-0.03,1281.9,0.0,3.7,150.0,0,85.05,-0.014764404024492417,0.10692019938574181,-0.03,0.0533125382965588,0.41484369462619386,1.0,0.0,51.6727898903828,114.88549827585844,96.96000000000001,124.106,5.669120165008995,0.07184527754439894,2.191381471038924,83.22705844175174,-6.018792114486587,-3.2754999999999654,0.0,-0.033830899617789637,final_approach,-6.2675332567143816,-0.37539229415136255,-11.204167845786401,
85.158,63.96498201,-22.60310877,242.305,126.281,-0.4545,-5.1514,356.7492,0.0132,-0.0982,0.0433,67.683,71.704,-10.6671,120.3605,-12.6362,0.0,0.0,0.0,-0.03,1280.7,0.0,3.7,150.0,0,85.158,-0.014765579567530107,0.10696160225856716,-0.03,0.05324396946487242,0.4139974985857642,1.0,0.0,55.64678991039436,114.46668447109339,95.805,122.781,5.677319658586033,0.07252460409106856,2.186291620280034,83.16356052635167,-6.013314878801538,-3.2708000000000084,0.0,-0.0332806158141522,final_approach,-6.261535538777528,-0.3746070837201021,-11.228154636630226,
85.325,63.96503686,-22.60312186,240.524,124.235,-0.4523,-5.1678,356.7564,0.0129,-0.0988,0.044,67.68,71.696,-10.6996,120.3496,-12.6171,0.0,0.0,0.0,-0.03,1278.9,0.0,3.7,150.0,0,85.325,-0.014770184773298112,0.10703132217994692,-0.03,0.05313886537189649,0.41268540370462253,1.0,0.0,61.76106515389763,113.82322220283669,94.024,120.735,5.6901395421419885,0.07323146504191416,2.178451496563084,83.06441810601434,-6.004859653719166,-3.2635999999999967,0.0,-0.03188820272707363,final_approach,-6.252294364021187,-0.37342138018153115,-11.265421488694027,
85.433,63.96507251,-22.60313036,239.364,122.898,-0.4509,-5.1784,356.7612,0.0127,-0.0991,0.0445,67.677,71.691,-10.7208,120.3427,-12.6045,0.0,0.0,0.0,-0.03,1277.8,0.0,3.7,150.0,0,85.433,-0.014776371603220817,0.10707754991989522,-0.03,0.053068754025489606,0.4118248020045922,1.0,0.0,65.7350655159499,113.40538827254733,92.864,119.398,5.698619704764278,0.07411289158167096,2.1733459402636885,83.00010756238117,-5.999266546691331,-3.2588000000000648,0.0,-0.0315145277316831,final_approach,-6.2462747225322275,-0.37277789781093773,-11.289913865716539,
85.542,63.96510815,-22.60313885,238.201,121.559,-0.4495,-5.1891,356.766,0.0126,-0.0999,0.0448,67.675,71.686,-10.7421,120.3361,-12.592,0.0,0.0,0.0,-0.03,1276.6,0.0,3.7,150.0,0,85.542,-0.014780262406182132,0.10712369031261296,-0.03,0.052998609159519816,0.41096675650728876,1.0,0.0,69.70795128154488,112.9880446687101,91.701,118.059,5.707132530300593,0.07477729579254813,2.168235343100028,82.93487815730244,-5.993704996508114,-3.2539999999999054,0.0,-0.03031762737910277,final_approach,-6.240247789081664,-0.37207580562956366,-11.314372699742819,
85.65,63.96514379,-22.60314733,237.036,120.217,-0.4482,-5.2,356.7709,0.0126,-0.1006,0.0451,67.673,71.682,-10.7634,120.3296,-12.5794,0.0,0.0,0.0,-0.03,1275.5,0.0,3.7,150.0,0,85.65,-0.014782485120797106,0.10717319434093472,-0.03,0.05292696840470135,0.4101026572980736,1.0,0.0,73.68083721816024,112.57119100219775,90.536,116.717,5.7157650071159285,0.07563613664091182,2.163120491625318,82.86992960903167,-5.988090698264131,-3.2490999999999985,0.0,-0.02924498111904567,final_approach,-6.234214488530796,-0.37144368404224437,-11.339044085539252,
85.758,63.96517944,-22.60315581,235.869,118.874,-0.4468,-5.2108,356.7758,0.0126,-0.1012,0.0453,67.671,71.677,-10.7849,120.3234,-12.5667,0.0,0.0,0.0,-0.03,1274.3,0.0,3.7,150.0,0,85.758,-0.014791301085328779,0.10722407372173216,-0.03,0.052855292793882125,0.4092299245545229,1.0,0.0,77.65483792225325,112.15433694638406,89.369,115.374,5.724545708436774,0.07658057886873276,2.1579927507203704,82.80466107951696,-5.9824138150270585,-3.244199999999978,0.0,-0.028269848155357616,final_approach,-6.228164629365695,-0.3708809984977286,-11.36400314461465,
85.808,63.96519863,-22.60316037,235.24,118.149,-0.4461,-5.2167,356.7784,0.0127,-0.1015,0.0454,67.67,71.675,-10.7964,120.3201,-12.5599,0.0,0.0,0.0,-0.03,1273.7,0.0,3.7,150.0,0,85.808,-0.014793134548932108,0.10725432565872288,-0.03,0.05281724669573351,0.40875733745390175,1.0,0.0,79.79399855007978,111.93017880951834,88.74000000000001,114.649,5.729326941618163,0.0797545929952378,2.155231277317857,82.77441487491699,-5.979372967232507,-3.241600000000062,0.0,-0.0275180437776061,final_approach,-6.224906000438825,-0.3705524452511728,-11.377535968573383,
85.917,63.96523426,-22.60316883,234.069,116.802,-0.4447,-5.2277,356.7833,0.0126,-0.1025,0.0455,67.669,71.671,-10.818,120.3142,-12.5471,0.0,0.0,0.0,-0.03,1272.5,0.0,3.7,150.0,0,85.917,-0.014805241153788007,0.10730656441658643,-0.03,0.05274551780721837,0.4078848258721672,1.0,0.0,83.76577006125814,111.51430540660893,87.56899999999999,113.302,5.738203996668196,0.08003563949914072,2.1500996520339615,82.70802869627649,-5.97363315790912,-3.236699999999928,0.0,-0.025850431791155523,final_approach,-6.218849471305438,-0.37007462864142227,-11.40255334112327,
86.025,63.9652699,-22.60317728,232.895,115.452,-0.4433,-5.2388,356.7883,0.0124,-0.1034,0.0456,67.667,71.667,-10.8397,120.3084,-12.5344,0.0,0.0,0.0,-0.03,1271.4,0.0,3.7,150.0,0,86.025,-0.014814082390529837,0.10735713379390788,-0.03,0.05267228923268108,0.4070094342476902,1.0,0.0,87.73865651093462,111.0989215518971,86.39500000000001,111.952,5.747176366123082,0.08054261540805707,2.1449644980522202,82.64193595875953,-5.967934869939768,-3.231700000000046,0.0,-0.025183894220911808,final_approach,-6.212787420093115,-0.36952583955425844,-11.42769600359104,
86.142,63.96530554,-22.60318572,231.72,114.1,-0.442,-5.2501,356.7932,0.0121,-0.1042,0.0456,67.666,71.663,-10.8615,120.3029,-12.5216,0.0,0.0,0.0,-0.03,1270.2,0.0,3.7,150.0,0,86.142,-0.014822794226470204,0.10741508261632073,-0.03,0.052600490153742574,0.40612036957947734,1.0,0.0,91.71154313163147,110.68402763451017,85.22,110.6,5.756358029217909,0.08019813833125511,2.1398249985330535,82.56999193334875,-5.962174086422323,-3.226799999999912,0.0,-0.02367145006874256,final_approach,-6.206718880377592,-0.3690615444630492,-11.453275640203069,
86.25,63.96534117,-22.60319416,230.542,112.746,-0.4407,-5.2613,356.7981,0.0119,-0.105,0.0456,67.664,71.659,-10.8835,120.2975,-12.5087,0.0,0.0,0.0,-0.03,1269.0,0.0,3.7,150.0,0,86.25,-0.014833495419886322,0.10746790636454409,-0.03,0.05252865639153648,0.40523260228700997,1.0,0.0,95.68331498485058,110.26913410607644,84.042,109.246,5.7655973594440795,0.08109000760038311,2.1346708640529033,82.5032844157064,-5.956360637065671,-3.221900000000005,0.0,-0.023203001745990933,final_approach,-6.200631696222047,-0.36864857509413085,-11.478862939216661,
86.358,63.9653768,-22.60320258,229.362,111.389,-0.4394,-5.2727,356.8031,0.0116,-0.1057,0.0457,67.663,71.655,-10.9055,120.2924,-12.4959,0.0,0.0,0.0,-0.03,1267.9,0.0,3.7,150.0,0,86.358,-0.01484210039154793,0.10752707026727004,-0.03,0.05245532092151273,0.4043369968313447,1.0,0.0,99.65508718011046,109.85522045229247,82.862,107.889,5.7749918278473364,0.08207264275843132,2.1295218140401655,82.4362609477262,-5.950578980107082,-3.2169000000000096,0.0,-0.021935388792655677,final_approach,-6.194549154046523,-0.368194644747863,-11.504722199753182,
86.525,63.96543162,-22.60321553,227.541,109.297,-0.4375,-5.2904,356.8107,0.0111,-0.1068,0.0458,67.661,71.649,-10.9397,120.2849,-12.476,0.0,0.0,0.0,-0.03,1266.1,0.0,3.7,150.0,0,86.525,-0.01485692502364655,0.10761565450932419,-0.03,0.05234378200993717,0.4029532277966688,1.0,0.0,105.76602051546595,109.21861847361764,81.041,105.797,5.789656052611213,0.08302882381952759,2.1215770647760044,82.33166913160144,-5.94156813107341,-3.2092999999999847,0.0,-0.021029994166429124,final_approach,-6.185161398744288,-0.367626024446869,-11.54476855595593,
86.633,63.96546725,-22.60322393,226.355,107.934,-0.4363,-5.3019,356.8156,0.0107,-0.1073,0.0459,67.66,71.646,-10.9621,120.2803,-12.463,0.0,0.0,0.0,-0.03,1264.9,0.0,3.7,150.0,0,86.633,-0.014867820536652032,0.10767736050391298,-0.03,0.052271824690451774,0.40204230779985867,1.0,0.0,109.73779305355875,108.80568469448309,79.85499999999999,104.434,5.799410878913327,0.08424443080966003,2.116411673106549,82.2638475834232,-5.935666255585346,-3.204399999999964,0.0,-0.019959927356690506,final_approach,-6.179056079435032,-0.3673190981873926,-11.571192460368783,
86.742,63.96550287,-22.60323233,225.166,106.569,-0.4352,-5.3135,356.8206,0.0101,-0.1084,0.046,67.66,71.642,-10.9846,120.2759,-12.45,0.0,0.0,0.0,-0.03,1263.7,0.0,3.7,150.0,0,86.742,-0.014873816454284539,0.10774021124390266,-0.03,0.052198363282382254,0.4011315442329844,1.0,0.0,113.70845082338163,108.39275130430204,78.666,103.069,5.809246826576487,0.08524336766731518,2.11123149980851,82.19507983734921,-5.929754045194244,-3.1993999999999687,0.0,-0.01814538850608228,final_approach,-6.17293191548516,-0.36699933339614965,-11.597661533775565,
86.85,63.9655385,-22.60324071,223.974,105.201,-0.4341,-5.3253,356.8256,0.0098,-0.1094,0.046,67.659,71.639,-11.0073,120.2717,-12.437,0.0,0.0,0.0,-0.03,1262.5,0.0,3.7,150.0,0,86.85,-0.014880732008555608,0.10780098297522143,-0.03,0.05212486598364752,0.4002156585319719,1.0,0.0,117.68022370272303,107.98079739964348,77.47399999999999,101.701,5.819223550743524,0.08643231899288221,2.1060571677553086,82.12663172405233,-5.923831527742067,-3.1943999999999733,0.0,-0.01733755857454505,final_approach,-6.166813285357673,-0.3667034667734992,-11.62433014128489,
86.958,63.96557412,-22.60324909,222.781,103.831,-0.4331,-5.3371,356.8306,0.0096,-0.1104,0.046,67.659,71.636,-11.03,120.2678,-12.424,0.0,0.0,0.0,-0.03,1261.4,0.0,3.7,150.0,0,86.958,-0.014883514185958957,0.10787108894601086,-0.03,0.05205133283508845,0.39928567142862664,1.0,0.0,121.65088181458677,107.56884388428624,76.281,100.331,5.829443668634363,0.08779871936264763,2.1008679938964416,82.05786959318655,-5.917893861776406,-3.189399999999978,0.0,-0.015761416885950046,final_approach,-6.160675728848002,-0.3664019003893966,-11.65146191690918,
87.125,63.96562893,-22.60326196,220.939,101.723,-0.4315,-5.3556,356.8382,0.0093,-0.1117,0.0462,67.658,71.631,-11.0654,120.2622,-12.4039,0.0,0.0,0.0,-0.03,1259.5,0.0,3.7,150.0,0,87.125,-0.01489406342223043,0.10797284894127776,-0.03,0.05193949388163255,0.39785082356660856,1.0,0.0,127.7607017514196,106.93616179281517,74.439,98.223,5.845394563421635,0.089084656142797,2.0928792437991754,81.95059161949894,-5.908691401181102,-3.1818000000000666,0.0,-0.014872926619238619,final_approach,-6.1512242492791565,-0.3660262156664871,-11.693427942099165,
87.225,63.96566455,-22.60327032,219.739,100.36,-0.4305,-5.3677,356.8432,0.0091,-0.1124,0.0464,67.658,71.629,-11.0886,120.2588,-12.3909,0.0,0.0,0.0,-0.03,1258.4,0.0,3.7,150.0,0,87.225,-0.01489695032938787,0.10804343733799322,-0.03,0.05186587057307179,0.3969072290289627,1.0,0.0,131.73136020532408,106.52518815193359,73.239,96.86,5.856008613090105,0.09192729623311464,2.087673362802395,81.88619031704752,-5.9027281639972955,-3.1767999999999574,0.0,-0.013520842381126016,final_approach,-6.145063423960227,-0.3657281222574067,-11.721096463726127,
87.325,63.96570017,-22.60327867,218.536,98.996,-0.4295,-5.3799,356.8483,0.0089,-0.1138,0.0465,67.658,71.626,-11.1118,120.2556,-12.3778,0.0,0.0,0.0,-0.03,1257.2,0.0,3.7,150.0,0,87.325,-0.014902305398486582,0.10811690740466107,-0.03,0.05179073801475076,0.3959592654858809,1.0,0.0,135.70201883024887,106.11470444820283,72.036,95.496,5.866774082882337,0.09454852984798054,2.082462887354007,81.82148263805942,-5.89670761080373,-3.171699999999987,0.0,-0.012291674891932742,final_approach,-6.1388957763553,-0.365506206569842,-11.748950191829772,
87.433,63.96573305,-22.60328636,217.424,97.733,-0.4286,-5.3913,356.8529,0.0087,-0.1153,0.0465,67.658,71.624,-11.1335,120.2529,-12.3657,0.0,0.0,0.0,-0.03,1256.1,0.0,3.7,150.0,0,87.433,-0.014908059588589706,0.10818670163897756,-0.03,0.05172293956608254,0.3950719707223586,1.0,0.0,139.36724247896885,105.73666322634064,70.924,94.233,5.876945778588655,0.09448750281516535,2.077657604016467,81.75131232179618,-5.891133843306449,-3.167100000000005,0.0,-0.011174249901757038,final_approach,-6.133206527938951,-0.36533198484585405,-11.775073726181978,
87.542,63.96576593,-22.60329405,216.309,96.469,-0.4278,-5.4028,356.8576,0.0086,-0.1166,0.0466,67.659,71.621,-11.1553,120.2504,-12.3536,0.0,0.0,0.0,-0.03,1255.0,0.0,3.7,150.0,0,87.542,-0.014909090536807945,0.10825832387880602,-0.03,0.051653636094322386,0.39418335188692616,1.0,0.0,143.03246612848088,105.3586220043041,69.809,92.969,5.887227201063108,0.0944604151509455,2.072840190579594,81.68022213446683,-5.885550026429854,-3.162399999999934,0.0,-0.009324380644629147,final_approach,-6.127501736716113,-0.36514947530249486,-11.801287586025135,
87.65,63.96580155,-22.60330237,215.1,95.097,-0.4268,-5.4155,356.8626,0.0085,-0.1178,0.0467,67.659,71.619,-11.1792,120.248,-12.3405,0.0,0.0,0.0,-0.03,1253.8,0.0,3.7,150.0,0,87.65,-0.014916205708979502,0.10833878269294842,-0.03,0.05157987447815837,0.3932021333916471,1.0,0.0,147.00312526646678,104.94960811237388,68.6,91.597,5.898692713368638,0.09641070445530997,2.0676180319727973,81.60947608223582,-5.8794895125039375,-3.1574000000000524,0.0,-0.008476709676935588,final_approach,-6.121316310340008,-0.3649610243877355,-11.830293429780568,
87.75,63.96583717,-22.60331069,213.887,93.722,-0.4259,-5.4283,356.8677,0.0084,-0.119,0.0468,67.66,71.617,-11.2032,120.2457,-12.3274,0.0,0.0,0.0,-0.03,1252.5,0.0,3.7,150.0,0,87.75,-0.014918144912653808,0.10842018837121935,-0.03,0.05150460101081822,0.3922218703738279,1.0,0.0,150.97378440445277,104.54059422061773,67.387,90.222,5.910268286980356,0.09963487639895573,2.0623815534840886,81.54368265064345,-5.873423790974414,-3.1522999999999683,0.0,-0.006797008797222698,final_approach,-6.115112529088925,-0.3647527385412914,-11.859334962946365,
87.85,63.96587004,-22.60331835,212.766,92.451,-0.4251,-5.4402,356.8723,0.0084,-0.1203,0.0469,67.66,71.615,-11.2256,120.2439,-12.3153,0.0,0.0,0.0,-0.03,1251.4,0.0,3.7,150.0,0,87.85,-0.0149207344653573,0.1084966300923055,-0.03,0.051436675610659455,0.3913038008158976,1.0,0.0,154.63789379875615,104.16402319968333,66.26599999999999,88.951,5.921222276140185,0.10128571226551161,2.0575536764990905,81.47762574279122,-5.867805109947483,-3.147699999999986,0.0,-0.006179098906566089,final_approach,-6.109391592317232,-0.3645984688163715,-11.886592536086809,
87.95,63.96590292,-22.60332601,211.642,91.177,-0.4242,-5.4522,356.877,0.0085,-0.1216,0.047,67.661,71.614,-11.2482,120.2422,-12.3031,0.0,0.0,0.0,-0.03,1250.3,0.0,3.7,150.0,0,87.95,-0.01492892740788504,0.10857551807702084,-0.03,0.05136724256780156,0.390379895142468,1.0,0.0,158.3031179605372,103.7874517894476,65.142,87.677,5.932359013980353,0.1029659899548716,2.052714334009618,81.41130509038287,-5.862134166141743,-3.143000000000029,0.0,-0.0047082717332376355,final_approach,-6.103655880453928,-0.36450075544089877,-11.914081232922067,
88.05,63.9659358,-22.60333366,210.516,89.901,-0.4234,-5.4644,356.8817,0.0085,-0.123,0.0472,67.662,71.612,-11.271,120.2408,-12.291,0.0,0.0,0.0,-0.03,1249.2,0.0,3.7,150.0,0,88.05,-0.0149310512387818,0.10865727094587757,-0.03,0.051297778222217705,0.3894450219022997,1.0,0.0,161.96834229333862,103.41137031653676,64.01599999999999,86.401,5.94374651103675,0.10478415338972236,2.0478723899701388,81.34472131241195,-5.856495643818306,-3.1382999999999583,0.0,-0.003371156121120731,final_approach,-6.097915894933708,-0.3643476812971187,-11.941955949572048,
88.15,63.96596867,-22.6033413,209.387,88.623,-0.4225,-5.4767,356.8865,0.0085,-0.1244,0.0473,67.663,71.61,-11.294,120.2395,-12.2789,0.0,0.0,0.0,-0.03,1248.0,0.0,3.7,150.0,0,88.15,-0.014936563302126948,0.10873728429984975,-0.03,0.05122680363886967,0.38850906527288626,1.0,0.0,165.6324520304748,103.03577917007779,62.887,85.123,5.9552698796220085,0.10652574213353151,2.043027054479617,81.27787494681853,-5.850852060787133,-3.1334999999999127,0.0,-0.0021555964737547746,final_approach,-6.092170697980455,-0.3641943796927851,-11.969923780713897,
88.258,63.96600155,-22.60334894,208.257,87.342,-0.4217,-5.4892,356.8912,0.0085,-0.1258,0.0475,67.665,71.609,-11.3172,120.2385,-12.2667,0.0,0.0,0.0,-0.03,1246.9,0.0,3.7,150.0,0,88.258,-0.014941417812735225,0.1088276936742377,-0.03,0.05115727612723486,0.38755049469063063,1.0,0.0,169.2976765342966,102.66018763449179,61.757000000000005,83.842,5.967202397620184,0.10718583140475907,2.0381701599378133,81.20539697428327,-5.845146647075211,-3.1287999999999556,0.0,-0.0002761314744490061,final_approach,-6.0864106004586525,-0.3641118799879788,-11.99863110961707,
88.308,63.96602073,-22.60335339,207.596,86.598,-0.4212,-5.4965,356.894,0.0085,-0.1263,0.0476,67.666,71.608,-11.3308,120.238,-12.2596,0.0,0.0,0.0,-0.03,1246.2,0.0,3.7,150.0,0,88.308,-0.014945057535255046,0.1088789748878539,-0.03,0.05111584065034369,0.3869924218254558,1.0,0.0,171.43572427507758,102.44141919697904,61.096000000000004,83.098,5.974211814355323,0.1126862486210902,2.035337738120031,81.1718215328988,-5.841822244775841,-3.1259999999999764,0.0,0.0015671532050287884,final_approach,-6.083050900923949,-0.3640586281743303,-12.01537430473712,
88.417,63.96605634,-22.60336164,206.367,85.216,-0.4203,-5.5103,356.8991,0.0085,-0.1283,0.0477,67.667,71.607,-11.3563,120.2373,-12.2464,0.0,0.0,0.0,-0.03,1244.9,0.0,3.7,150.0,0,88.417,-0.014952310739329011,0.10897517114645901,-0.03,0.05104034046149297,0.3859441086458236,1.0,0.0,175.40526984352059,102.03583525527586,59.86699999999999,81.716,5.98750595335496,0.11423263684729608,2.0300794728993345,81.09817591054197,-5.835630459740486,-3.120900000000006,0.0,0.002258713088812513,final_approach,-6.0768126907097475,-0.36398858797488565,-12.046885863078588,
88.525,63.96608922,-22.60336926,205.23,83.938,-0.4194,-5.5231,356.9039,0.0086,-0.1298,0.0479,67.669,71.606,-11.3801,120.2369,-12.2343,0.0,0.0,0.0,-0.03,1243.8,0.0,3.7,150.0,0,88.525,-0.014958358579520548,0.10906949371509542,-0.03,0.050969247965193976,0.3849627533382612,1.0,0.0,179.0704946893831,101.66122359416555,58.72999999999999,80.438,6.000105421024838,0.11463748698675486,2.025208987136314,81.02494504787474,-5.82994287604626,-3.1160999999999603,0.0,0.003736877218781799,final_approach,-6.0710332791384705,-0.36385005011945104,-12.076456705898813,
88.633,63.96612483,-22.6033775,203.996,82.55,-0.4185,-5.5372,356.9091,0.0087,-0.1314,0.048,67.671,71.605,-11.4062,120.2367,-12.2211,0.0,0.0,0.0,-0.03,1242.5,0.0,3.7,150.0,0,88.633,-0.014965091932988062,0.1091739846988427,-0.03,0.05089219448517912,0.38388598887045694,1.0,0.0,183.04004042805443,101.25612958978749,57.49600000000001,79.05,6.014107086026967,0.11713874687496639,2.0199324334367903,80.95140794851356,-5.823726733872377,-3.1108999999999014,0.0,0.005080662791493333,final_approach,-6.064770665597669,-0.3637799401962649,-12.10898353024901,
88.742,63.96616045,-22.60338573,202.758,81.16,-0.4175,-5.5515,356.9143,0.0087,-0.1329,0.0482,67.673,71.605,-11.4325,120.2368,-12.2079,0.0,0.0,0.0,-0.03,1241.2,0.0,3.7,150.0,0,88.742,-0.014976198460760703,0.10928043926601264,-0.03,0.0508151029776851,0.38280108710944993,1.0,0.0,187.01070110522386,100.85152513360704,56.25800000000001,77.66,6.028408196351371,0.11948276356461761,2.014651787996772,80.8768815445256,-5.817496067221242,-3.105699999999956,0.0,0.006286841069827281,final_approach,-6.058501786923587,-0.3637222908811335,-12.141842966462661,
88.85,63.96619606,-22.60339396,201.518,79.767,-0.4166,-5.5659,356.9195,0.0086,-0.1347,0.0484,67.675,71.604,-11.4592,120.2371,-12.1947,0.0,0.0,0.0,-0.03,1240.0,0.0,3.7,150.0,0,88.85,-0.014982799726163232,0.10939090328307709,-0.03,0.05073797348989417,0.3816972479938522,1.0,0.0,190.98024701570765,100.44692106655359,55.018,76.267,6.0431651973454725,0.12234211931943835,2.009355686981365,80.8027351851593,-5.811255705744884,-3.100500000000011,0.0,0.007398811746977264,final_approach,-6.052213145895623,-0.36364945297875906,-12.17536651206902,
88.958,63.96623168,-22.60340217,200.275,78.371,-0.4156,-5.5805,356.9247,0.0087,-0.1366,0.0486,67.678,71.604,-11.4861,120.2378,-12.1814,0.0,0.0,0.0,-0.03,1238.7,0.0,3.7,150.0,0,88.958,-0.014997506061347698,0.1095102360197992,-0.03,0.05066080606906109,0.3805750824898431,1.0,0.0,194.9509080349178,100.04329648484881,53.775000000000006,74.871,6.058387907382433,0.1254436025763218,2.0040652311353497,80.72828438345535,-5.804948954901221,-3.095299999999952,0.0,0.009251445022504584,final_approach,-6.045929794913345,-0.3636847556452629,-12.209541415031156,
89.117,63.96628647,-22.60341479,198.357,76.218,-0.4142,-5.6035,356.9329,0.0087,-0.1397,0.0489,67.682,71.603,-11.5281,120.2393,-12.161,0.0,0.0,0.0,-0.03,1236.7,0.0,3.7,150.0,0,89.117,-0.015011713769067736,0.1097003054359441,-0.03,0.05053904202451387,0.37881805376165295,1.0,0.0,201.05850271230483,99.4228636038837,51.857,72.718,6.082689021619977,0.1300092015573576,1.995907057871045,80.61777369842453,-5.795254973561555,-3.087099999999964,0.0,0.01069742572086165,final_approach,-6.03623775725859,-0.3636876880240223,-12.263245580068286,
89.225,63.96632209,-22.60342298,197.107,74.814,-0.4132,-5.6187,356.9382,0.0088,-0.1417,0.0491,67.685,71.603,-11.5558,120.2406,-12.1478,0.0,0.0,0.0,-0.03,1235.4,0.0,3.7,150.0,0,89.225,-0.01502334841035352,0.10983427075762325,-0.03,0.05046029083672787,0.377646564880599,1.0,0.0,205.02916407355573,99.0202188966546,50.607,71.314,6.099221838616838,0.1338546077744378,1.9905987387963242,80.5425343769002,-5.788966651327911,-3.08179999999993,0.0,0.012250184998763448,final_approach,-6.0299295908047785,-0.3636577496468689,-12.299186710964463,
89.333,63.9663577,-22.60343117,195.853,73.408,-0.4123,-5.6341,356.9435,0.0089,-0.1447,0.0492,67.688,71.603,-11.5839,120.2423,-12.1345,0.0,0.0,0.0,-0.03,1234.1,0.0,3.7,150.0,0,89.333,-0.015033789676164033,0.10996742620506868,-0.03,0.05038150042007361,0.37646693914678186,1.0,0.0,208.99871066812105,98.61757457872656,49.35300000000001,69.908,6.116148637980481,0.1376671104349358,1.9852747986987314,80.46699093140283,-5.782612114542388,-3.07650000000001,0.0,0.013661784342310204,final_approach,-6.023601436837135,-0.36369755260886016,-12.335487643455282,
89.442,63.96639332,-22.60343934,194.597,71.998,-0.4113,-5.6499,356.9488,0.0091,-0.1478,0.0492,67.692,71.604,-11.6123,120.2443,-12.1212,0.0,0.0,0.0,-0.03,1232.7,0.0,3.7,150.0,0,89.442,-0.01504926309611293,0.11011532069204334,-0.03,0.050302670824936446,0.3752540911158629,1.0,0.0,212.96937237141273,98.21590974614718,48.09700000000001,68.498,6.1338560211267135,0.14179810142702376,1.9799564531862548,80.39044278441604,-5.776243350228242,-3.071199999999976,0.0,0.015755917375403668,final_approach,-6.017278509804367,-0.3637667059228349,-12.37292774513936,
89.55,63.9664262,-22.60344688,193.434,70.694,-0.4104,-5.6647,356.9537,0.0091,-0.1506,0.0493,67.695,71.604,-11.639,120.2464,-12.1089,0.0,0.0,0.0,-0.03,1231.5,0.0,3.7,150.0,0,89.55,-0.015063048451026684,0.11025036313470397,-0.03,0.0502297558222109,0.374122230878782,1.0,0.0,216.6345985854384,97.84521758346176,46.934,67.194,6.150670206380155,0.14411290127165638,1.975035489338659,80.31434102324071,-5.770341608812288,-3.0662999999999556,0.0,0.016848813775619496,final_approach,-6.011426760041294,-0.36384212679551986,-12.407976042292084,
89.658,63.96646182,-22.60345503,192.171,69.278,-0.4094,-5.6812,356.9591,0.0091,-0.1537,0.0493,67.699,71.605,-11.6683,120.249,-12.0956,0.0,0.0,0.0,-0.03,1230.2,0.0,3.7,150.0,0,89.658,-0.015078880150916907,0.11040453850034655,-0.03,0.05014936182293239,0.3728739665552955,1.0,0.0,220.60526063077089,97.44453262553213,45.67099999999999,65.778,6.169551053020566,0.14923119340602634,1.9697081873608362,80.23793787979201,-5.76394452215348,-3.060899999999947,0.0,0.018684106799388714,final_approach,-6.005090444066491,-0.36393380964010014,-12.446751647790117,
89.717,63.96648099,-22.60345942,191.49,68.515,-0.4088,-5.6901,356.9619,0.0092,-0.1548,0.0494,67.701,71.606,-11.6843,120.2506,-12.0885,0.0,0.0,0.0,-0.03,1229.5,0.0,3.7,150.0,0,89.717,-0.015088550859742256,0.11048947783072022,-0.03,0.0501076600912308,0.37219158100454874,1.0,0.0,222.74219463098845,97.22870420074749,44.99000000000001,65.015,6.180027675691908,0.1539543071359321,1.9668311472998894,80.19617963965246,-5.76051953615999,-3.0580999999999676,0.0,0.020067215734414123,final_approach,-6.001667888090465,-0.363937475731527,-12.468004105144121,
89.825,63.96651935,-22.60346819,190.125,66.985,-0.4078,-5.7084,356.9677,0.0091,-0.1589,0.0494,67.706,71.607,-11.7168,120.254,-12.0741,0.0,0.0,0.0,-0.03,1228.1,0.0,3.7,150.0,0,89.825,-0.015105001186795863,0.1106686765327698,-0.03,0.05002124331202895,0.37079871208777315,1.0,0.0,227.01829233660735,96.79753651024879,43.625,63.485,6.201766276416304,0.16184247928672685,1.9610754366201035,80.11926954010468,-5.753565901546779,-3.0523000000000593,0.0,0.022451677603684113,final_approach,-5.994819590881226,-0.364096394945312,-12.511506495691247,
89.933,63.96655223,-22.6034757,188.952,65.67,-0.4069,-5.7244,356.9726,0.0091,-0.1619,0.0494,67.71,71.608,-11.7451,120.2573,-12.0618,0.0,0.0,0.0,-0.03,1226.9,0.0,3.7,150.0,0,89.933,-0.015120433985689907,0.1108291479566359,-0.03,0.049948199682677275,0.36957902029714507,1.0,0.0,230.68351906369415,96.42831415936391,42.452,62.17,6.221208210347293,0.16487171720034072,1.956135155722144,80.0421027665783,-5.747607788374836,-3.047399999999925,0.0,0.023777619370344585,final_approach,-5.9889401899719825,-0.3642151456030156,-12.549736766948353,
90.033,63.96658786,-22.60348382,187.677,64.243,-0.4059,-5.742,356.978,0.0091,-0.1655,0.0495,67.715,71.61,-11.7763,120.2612,-12.0484,0.0,0.0,0.0,-0.03,1225.6,0.0,3.7,150.0,0,90.033,-0.015140690632754528,0.11100876865064475,-0.03,0.049867664110670784,0.3682351101498893,1.0,0.0,234.65529638956545,96.02909862410756,41.17699999999999,60.742999999999995,6.243091244139169,0.1738648206534124,1.9507851660683153,79.9703742739632,-5.741102658952997,-3.0419999999999163,0.0,0.026161472154867756,final_approach,-5.982571818972801,-0.36442146853959123,-12.592010433521644,
90.142,63.96662074,-22.60349132,186.498,62.922,-0.405,-5.7587,356.9829,0.0092,-0.1691,0.0495,67.719,71.611,-11.8057,120.2652,-12.0361,0.0,0.0,0.0,-0.03,1224.4,0.0,3.7,150.0,0,90.142,-0.015156685409966009,0.11118213478138342,-0.03,0.04979455063453386,0.3669614836126543,1.0,0.0,238.32052328846473,95.66036621054728,39.99799999999999,59.422,6.264298091794805,0.1773137231066461,1.945827987914673,79.89191049811717,-5.7351119400350115,-3.0371000000000095,0.0,0.02711926993227417,final_approach,-5.976669754024758,-0.3645552178054672,-12.632220383506004,
90.25,63.96665636,-22.60349942,185.217,61.488,-0.404,-5.7771,356.9883,0.0093,-0.173,0.0496,67.725,71.613,-11.8381,120.2699,-12.0227,0.0,0.0,0.0,-0.03,1223.1,0.0,3.7,150.0,0,90.25,-0.015178243130719249,0.11138054287548198,-0.03,0.049713938186511375,0.3655533087940117,1.0,0.0,242.29118618889913,95.26213093906794,38.71700000000001,57.988,6.2883039578815625,0.18480752556226185,1.9404680252496531,79.81387016705091,-5.728569637845283,-3.0317000000000007,0.0,0.02970438680711793,final_approach,-5.970286747894397,-0.3647955422912208,-12.676847339198448,
90.35,63.96669199,-22.60350752,183.933,60.05,-0.4029,-5.796,356.9936,0.0093,-0.177,0.0497,67.73,71.615,-11.8712,120.275,-12.0093,0.0,0.0,0.0,-0.03,1221.8,0.0,3.7,150.0,0,90.35,-0.01520417685879516,0.11159052275825654,-0.03,0.04963477944627026,0.3641004064859945,1.0,0.0,246.2629638568112,94.86389527828726,37.43299999999999,56.55,6.313721816925565,0.1963693697085576,1.9350936282780205,79.74133329598854,-5.722008859286376,-3.026399999999967,0.0,0.03154944255193443,final_approach,-5.963885111807471,-0.36503563490188995,-12.723080842541048,
90.433,63.96672213,-22.60351437,182.843,58.831,-0.4021,-5.8124,356.9982,0.0094,-0.1809,0.0498,67.735,71.617,-11.8997,120.2797,-11.998,0.0,0.0,0.0,-0.03,1220.6,0.0,3.7,150.0,0,90.433,-0.015219736952560348,0.1117737808475902,-0.03,0.04956604426296185,0.36285103896843707,1.0,0.0,249.6227556076931,94.52711540909688,36.34299999999999,55.331,6.336136598257092,0.20865074249111437,1.930537348001937,79.68095020708712,-5.716457793864151,-3.0217999999999847,0.0,0.03415776267042746,final_approach,-5.958456834723769,-0.365220881207609,-12.762993489911251,
90.517,63.96674954,-22.60352058,181.85,57.72,-0.4013,-5.8276,357.0023,0.0094,-0.1853,0.0498,67.74,71.62,-11.9261,120.2842,-11.9877,0.0,0.0,0.0,-0.03,1219.6,0.0,3.7,150.0,0,90.517,-0.015239033868162999,0.11195052786777308,-0.03,0.04950475575194624,0.3616841458254313,1.0,0.0,252.67822680780696,94.22179775764991,35.349999999999994,54.22,6.3575630942041,0.2163885075263484,1.9264038169804205,79.61966146713364,-5.711388107737889,-3.0176999999999907,0.0,0.03646376692982162,final_approach,-5.9535313184973315,-0.3654383849741283,-12.800403486052943,
90.617,63.96677969,-22.60352742,180.756,56.496,-0.4004,-5.8447,357.0069,0.0094,-0.1901,0.0498,67.745,71.622,-11.9556,120.2896,-11.9764,0.0,0.0,0.0,-0.03,1218.4,0.0,3.7,150.0,0,90.617,-0.015259546164236693,0.11215737437632128,-0.03,0.049435965526447134,0.36036287980275644,1.0,0.0,256.039133497187,93.88550743665714,34.256,52.996,6.382428412894234,0.22176595408884342,1.921837387189611,79.54644633429548,-5.70580480595703,-3.0131000000000085,0.0,0.037694333572573506,final_approach,-5.948088970118073,-0.36565103599984106,-12.84291877264975,
90.717,63.96681258,-22.60353487,179.558,55.157,-0.3995,-5.8639,357.0119,0.0095,-0.1951,0.0499,67.752,71.625,-11.9886,120.2957,-11.964,0.0,0.0,0.0,-0.03,1217.1,0.0,3.7,150.0,0,90.717,-0.015281257247045432,0.11238736237050806,-0.03,0.04936116058950124,0.3588977824612257,1.0,0.0,259.70547601787376,93.51922432024608,33.05799999999999,51.657,6.41079545489131,0.23208336506916455,1.9168550619617415,79.47297701937734,-5.699670271750335,-3.008100000000013,0.0,0.040631212338695176,final_approach,-5.942149765894188,-0.36594572268962544,-12.890259014078094,
90.825,63.96684547,-22.6035423,178.358,53.815,-0.3985,-5.8836,357.0169,0.0097,-0.2001,0.05,67.758,71.628,-12.0224,120.3023,-11.9516,0.0,0.0,0.0,-0.03,1215.8,0.0,3.7,150.0,0,90.825,-0.015308625216535476,0.11263324543571765,-0.03,0.04928632136881783,0.3573773764444644,1.0,0.0,263.3718188806013,93.15392107848476,31.858000000000004,50.315,6.441176343132962,0.24028689101697465,1.9118797121441644,79.39335731101914,-5.6935128025351105,-3.003099999999904,0.0,0.04198797081295521,final_approach,-5.936217644035279,-0.36628569510837217,-12.939608732904425,
90.925,63.96688111,-22.60355036,177.053,52.357,-0.3975,-5.9055,357.0223,0.0099,-0.2056,0.0502,67.765,71.632,-12.0599,120.31,-11.9382,0.0,0.0,0.0,-0.03,1214.4,0.0,3.7,150.0,0,90.925,-0.015333808885217959,0.11291191479933854,-0.03,0.04920545655282216,0.3556864407248065,1.0,0.0,267.34471200007266,92.75764477787627,30.552999999999997,48.857,6.476177726131579,0.2585747141785107,1.9064647335649483,79.31935926000558,-5.686832807125285,-2.997700000000009,0.0,0.04453451892087328,final_approach,-5.929759952896092,-0.3666210762256217,-12.994764186362273,
91.033,63.96691675,-22.6035584,175.744,50.895,-0.3964,-5.928,357.0277,0.0101,-0.2118,0.0504,67.773,71.636,-12.0983,120.3181,-11.9248,0.0,0.0,0.0,-0.03,1212.9,0.0,3.7,150.0,0,91.033,-0.015364181461558213,0.11321129251371412,-0.03,0.04912455185319309,0.35393670094531965,1.0,0.0,271.3176054615848,92.36234835174348,29.244,47.395,6.513852771297507,0.27361943028136165,1.901054412385414,79.23912344320719,-5.680134817074929,-2.9923,0.0,0.04721993302570573,final_approach,-5.92330636103687,-0.36698978914398594,-13.05214334975965,
91.142,63.96695239,-22.60356643,174.431,49.424,-0.3953,-5.9512,357.0332,0.0104,-0.2187,0.0506,67.781,71.64,-12.1378,120.3268,-11.9114,0.0,0.0,0.0,-0.03,1211.4,0.0,3.7,150.0,0,91.142,-0.015395181005283143,0.1135299616384548,-0.03,0.04904210797650577,0.352122178623074,1.0,0.0,275.2904990941173,91.96754186293555,27.93100000000001,45.924,6.554631027960904,0.2903682663100026,1.8956386775582963,79.15784591055073,-5.6734095658218,-2.986799999999903,0.0,0.049599438697272236,final_approach,-5.916844856320397,-0.367387691635626,-13.111981708407312,
91.242,63.96698529,-22.60357384,173.215,48.061,-0.3942,-5.9733,357.0383,0.0105,-0.2256,0.0508,67.789,71.644,-12.1752,120.3354,-11.899,0.0,0.0,0.0,-0.03,1210.1,0.0,3.7,150.0,0,91.242,-0.01542847077816506,0.11384407812705141,-0.03,0.04896562314878805,0.35038801217388044,1.0,0.0,278.9579570655713,91.60321810669697,26.715000000000003,44.561,6.595386279781214,0.30989897495884533,1.8906281913956435,79.0830492433218,-5.667161316913052,-2.981700000000046,0.0,0.05236312608842465,final_approach,-5.91086555752916,-0.3677934440704611,-13.169495017876812,
91.35,63.96702094,-22.60358185,171.894,46.579,-0.393,-5.9981,357.0438,0.0106,-0.2338,0.051,67.798,71.649,-12.2168,120.3451,-11.8855,0.0,0.0,0.0,-0.03,1208.5,0.0,3.7,150.0,0,91.35,-0.015467974212315938,0.061048447214954366,-0.03,0.04888309980440653,0.3275662873984725,1.0,0.0,282.9319658076222,91.20939110323744,25.394000000000005,43.079,6.643746684682923,0.3328794002769911,1.8852034991158655,79.00195224395036,-5.660343952791436,-2.9762000000000626,0.0,0.05517859947432644,flare,-5.904390560177999,-0.3683099560889964,-6.815579568727866,
91.458,63.96705384,-22.60358924,170.67,45.208,-0.3919,-6.013,357.0488,0.0162,0.2616,0.0484,67.807,71.653,-12.2751,120.3527,-11.8728,0.0,0.0,0.0,-0.03,1207.0,0.0,3.7,150.0,0,91.458,-0.015506557281867506,0.06080074476491579,-0.03,0.04880804287336915,0.3269193404524423,1.0,0.0,286.59942412190895,90.84604722147427,24.169999999999987,41.708,6.692453989678598,0.3525650943599515,1.8801855537264807,78.92060525567459,-5.654002374914853,-2.9711999999999534,0.0,0.057738120734236155,flare,-5.898399764764848,-0.36883916366239156,-6.6966759130590265,
91.617,63.96710868,-22.60360154,168.619,42.921,-0.3891,-5.8601,357.0574,0.0103,1.4469,0.0595,67.818,71.659,-12.3218,120.3643,-11.8517,0.0,0.0,0.0,-0.03,1203.9,0.0,3.7,150.0,0,91.617,-0.015601345932236721,0.060455329193510904,-0.03,0.0486788655293261,0.325625989164952,1.0,0.0,292.7125981093369,90.24129038805016,22.119,39.421,6.692453989678598,0.2938042452999596,1.8718100497051777,78.79994384572264,-5.643515495775631,-2.962600000000066,0.0,0.058778508843585334,flare,-5.8883976918844745,-0.3695705647674856,-6.480381045107857,
91.725,63.96714433,-22.60360952,167.289,41.438,-0.3888,-5.6861,357.0646,-0.0085,1.7423,0.0753,67.818,71.662,-12.2572,120.3705,-11.8381,0.0,0.0,0.0,-0.03,1201.5,0.0,3.7,150.0,0,91.725,-0.015588256238920739,0.06033212680405867,-0.03,0.04857063994340716,0.32461951650268495,1.0,0.0,296.68660736444906,89.84893319656524,20.788999999999987,37.938,6.692453989678598,0.24483687108329966,1.8663615669260172,78.71783109710606,-5.636816247519846,-2.955400000000054,0.0,0.05343500803962303,flare,-5.881889222469608,-0.3698583821149555,-6.327286902137609,
91.842,63.96717998,-22.6036175,165.969,39.986,-0.3908,-5.4917,357.0736,-0.0287,1.8276,0.0913,67.811,71.662,-12.121,120.3724,-11.8246,0.0,0.0,0.0,-0.03,1198.9,0.0,3.7,150.0,0,91.842,-0.015460655174083682,0.06027307388798939,-0.03,0.048435259342041403,0.3234844000804894,1.0,0.0,300.6606166187691,89.45657600508059,19.468999999999994,36.486,6.692453989678598,0.2040307259027497,1.8608973221897762,78.62855654252354,-5.630363807895208,-2.9464000000000397,0.0,0.043138274597022866,flare,-5.875360452503747,-0.36974322683462546,-6.166969151927249,
91.95,63.96721562,-22.60362546,164.668,38.545,-0.3947,-5.2945,357.0842,-0.0428,1.7965,0.1046,67.797,71.658,-11.9265,120.3676,-11.811,0.0,0.0,0.0,-0.03,1196.1,0.0,3.7,150.0,0,91.95,-0.01523555425197648,0.06025468639282708,-0.03,0.04827567087539231,0.32219124898193835,1.0,0.0,304.63351144844427,89.06519907719863,18.168000000000006,35.045,6.692453989678598,0.17002560491895807,1.8554369024693904,78.54588092443714,-5.624174226327199,-2.935799999999972,0.0,0.02743210148550103,flare,-5.8688347812555275,-0.3692361868395828,-5.997175875439506,
92.058,63.96725127,-22.60363342,163.39,37.138,-0.3997,-5.1037,357.096,-0.0477,1.7144,0.1133,67.776,71.65,-11.6872,120.3547,-11.7973,0.0,0.0,0.0,-0.03,1193.3,0.0,3.7,150.0,0,92.058,-0.01494106322300709,0.06026269061957071,-0.03,0.04809783790561517,0.320747338815114,1.0,0.0,308.60752104559714,88.67382176018937,16.889999999999986,33.638,6.692453989678598,0.14168800409913174,1.8499613877400614,78.46291158298509,-5.6183112241534445,-2.923999999999978,0.0,0.00726150640096053,flare,-5.862289594371726,-0.3682070100680175,-5.82068993196561,
92.217,63.9673061,-22.60364564,161.479,35.013,-0.4071,-4.8293,357.1153,-0.0377,1.5737,0.1167,67.73,71.626,-11.2641,120.3162,-11.7755,0.0,0.0,0.0,-0.03,1188.7,0.0,3.7,150.0,0,92.217,-0.014462464154389953,0.060280480919517626,-0.03,0.04780657303185332,0.3181765390622929,1.0,0.0,314.71958163371033,88.07298481414338,14.979000000000013,31.512999999999998,6.692453989678598,0.11807333674927645,1.8415320078975779,78.33986174085099,-5.609808543142094,-2.904700000000048,0.0,-0.01969937382645363,flare,-5.852210602621206,-0.3658289000751722,-5.53334018319755,
92.325,63.96734172,-22.60365357,160.276,33.698,-0.4107,-4.6627,357.1278,-0.0224,1.4983,0.1128,67.692,71.603,-10.9706,120.2781,-11.7608,0.0,0.0,0.0,-0.03,1185.7,0.0,3.7,150.0,0,92.325,-0.014177394396323872,0.06028511853859794,-0.03,0.047617664466229614,0.3163182754399547,1.0,0.0,318.69024744149124,87.68307847649056,13.77600000000001,30.198,6.692453989678598,0.0983944472910637,1.8360445524821798,78.256131050252,-5.604631878355292,-2.8922000000000025,0.0,-0.04989505364695235,flare,-5.8456473853670445,-0.36373705669762124,-5.342659230824154,
92.433,63.96737734,-22.60366149,159.105,32.37,-0.4121,-4.5033,357.1396,-0.0015,1.4415,0.1044,67.648,71.573,-10.6716,120.2296,-11.7455,0.0,0.0,0.0,-0.03,1182.7,0.0,3.7,150.0,0,92.433,-0.013969770709789886,0.06025950193018961,-0.03,0.047439143992072275,0.3142078008204201,1.0,0.0,322.66091342029245,87.29366207598854,12.60499999999999,28.869999999999997,6.692453989678598,0.08199537274255309,1.8305513756474334,78.172108527041,-5.59964819611389,-2.8804000000000087,0.0,-0.08239617671608064,flare,-5.839075842977046,-0.3613414922886662,-5.139986623626686,
92.542,63.96741293,-22.6036694,157.967,31.102,-0.4113,-4.3492,357.1504,0.018,1.4029,0.0928,67.598,71.537,-10.3709,120.1705,-11.7295,0.0,0.0,0.0,-0.03,1179.7,0.0,3.7,150.0,0,92.542,-0.013843268995211766,0.06021505747615688,-0.03,0.04727559047820762,0.3119521268549844,1.0,0.0,326.6282352684729,86.90473678019295,11.467000000000013,27.602,6.692453989678598,0.0683294772854609,1.8250502406844755,78.08701367562736,-5.594818437180123,-2.8695999999999913,0.0,-0.11660703304464345,flare,-5.832493295403317,-0.3586970857804701,-4.937008939753583,
92.65,63.96744851,-22.6036773,156.861,29.885,-0.4085,-4.1985,357.1597,0.0337,1.3806,0.079,67.543,71.496,-10.0696,120.1013,-11.7127,0.0,0.0,0.0,-0.03,1176.7,0.0,3.7,150.0,0,92.65,-0.013796936998858533,0.06015384289638173,-0.03,0.047134629099265246,0.30954677251090645,1.0,0.0,330.594442519404,86.51630181084978,10.36099999999999,26.385,6.692453989678598,0.056941231071217416,1.819542605402789,78.0024110277786,-5.590071257474875,-2.860300000000052,0.0,-0.15230268997323693,flare,-5.8259014824695345,-0.3559140936946399,-4.733620952412981,
92.708,63.96746493,-22.60368094,156.361,29.302,-0.4067,-4.1296,357.1635,0.039,1.3746,0.0722,67.515,71.474,-9.9308,120.066,-11.7047,0.0,0.0,0.0,-0.03,1175.3,0.0,3.7,150.0,0,92.708,-0.013795710073193412,0.06010425882821316,-0.03,0.04707699912463614,0.308305664508997,1.0,0.0,332.42482831512245,86.33732569246258,9.86099999999999,25.802,6.692453989678598,0.04745102589268118,1.8170014220854955,77.9569924489392,-5.587916927270385,-2.8564999999999827,0.0,-0.18234413822019863,flare,-5.8228595660474625,-0.3545749876629234,-4.6332747372105745,
92.817,63.96750321,-22.60368943,155.223,28.047,-0.4016,-3.9695,357.1711,0.0477,1.3698,0.0556,67.447,71.42,-9.6081,119.9754,-11.6853,0.0,0.0,0.0,-0.03,1172.0,0.0,3.7,150.0,0,92.817,-0.013831798343652835,0.05999787279549876,-0.03,0.04696168210534579,0.30542714687969486,1.0,0.0,336.6920126702824,85.91987935903374,8.723000000000013,24.547,6.692453989678598,0.03954252157723431,1.8110596453231942,77.87115421104829,-5.582917603282141,-2.848899999999958,0.0,-0.22248132665556103,flare,-5.815745744177747,-0.3513848136793776,-4.411060170700696,
92.925,63.96753872,-22.6036973,154.199,26.904,-0.3963,-3.821,357.1763,0.0502,1.3715,0.0405,67.378,71.364,-9.3111,119.8819,-11.6665,0.0,0.0,0.0,-0.03,1168.9,0.0,3.7,150.0,0,92.925,-0.013893126877407236,0.05986607170225036,-0.03,0.04688273720999703,0.30254696282149407,1.0,0.0,340.6504170635146,85.53291692538147,7.699000000000012,23.404,6.692453989678598,0.03295210131436192,1.8055369205251863,77.78581604330523,-5.5783283154821675,-2.843699999999899,0.0,-0.26033655958586355,flare,-5.8091320847573105,-0.34833058853398313,-4.201620977380815,
93.033,63.96757421,-22.60370515,153.208,25.745,-0.3909,-3.6722,357.18,0.0484,1.3765,0.0262,67.305,71.302,-9.017,119.7797,-11.6471,0.0,0.0,0.0,-0.03,1165.8,0.0,3.7,150.0,0,93.033,-0.013959636287143251,0.05969403707555651,-0.03,0.04682654325506086,0.2993611239308878,1.0,0.0,344.60659226383234,85.14693514463349,6.707999999999998,22.245,6.692453989678598,0.027460084428634936,1.8000172621736223,77.70018896986409,-5.5738483381810795,-2.839999999999918,0.0,-0.2981174110713158,flare,-5.802520607140785,-0.3451147081646919,-3.9828475046021286,
93.142,63.96760967,-22.603713,152.248,24.661,-0.3859,-3.5228,357.1822,0.0428,1.3832,0.0133,67.228,71.236,-8.7252,119.669,-11.6271,0.0,0.0,0.0,-0.03,1162.7,0.0,3.7,150.0,0,93.142,-0.01401088936706979,0.059517401186186786,-0.03,0.04679312211775499,0.2961294356326765,1.0,0.0,348.55942316171684,84.76095453126732,5.7479999999999905,21.161,6.692453989678598,0.022883403690529113,1.7944792353213501,77.61347651992361,-5.569467762744381,-2.8378000000000156,0.0,-0.33523601173290274,flare,-5.795885631546682,-0.3417133737575462,-3.7729000849706775,
93.258,63.96764509,-22.60372082,151.32,23.619,-0.3817,-3.3725,357.183,0.0341,1.3907,0.0022,67.146,71.165,-8.4337,119.5508,-11.6066,0.0,0.0,0.0,-0.03,1159.5,0.0,3.7,150.0,0,93.258,-0.01403286898476086,0.059326423616953644,-0.03,0.04678096740337889,0.29278622910831537,1.0,0.0,352.50779550275155,84.3764452862108,4.819999999999993,20.119,6.692453989678598,0.019069503075440926,1.7889531934553378,77.52088964782072,-5.565187319546823,-2.836999999999989,0.0,-0.36902333355028294,flare,-5.789263522486564,-0.3381803444627547,-3.5667605457376057,
93.308,63.96766415,-22.60372503,150.833,23.059,-0.3798,-3.2913,357.183,0.0288,1.3943,-0.0029,67.101,71.125,-8.2765,119.4842,-11.5955,0.0,0.0,0.0,-0.03,1157.8,0.0,3.7,150.0,0,93.308,-0.01402616834632392,0.05921773207903894,-0.03,0.04678096740337889,0.29089195126865947,1.0,0.0,354.63247013987313,84.16944001297725,4.332999999999998,19.559,6.692453989678598,0.015891252562867438,1.7859708248195774,77.48098670631532,-5.5629858737443385,-2.836999999999989,0.0,-0.4172939395911508,flare,-5.7856889946360575,-0.33610866768705705,-3.4544231053950494,
93.417,63.96769952,-22.60373284,149.954,22.045,-0.3772,-3.1397,357.1823,0.0182,1.4037,-0.0109,67.014,71.048,-7.9844,119.3551,-11.5748,0.0,0.0,0.0,-0.03,1154.6,0.0,3.7,150.0,0,93.417,-0.01396864911288892,0.059007843798596554,-0.03,0.04679160282434347,0.28728688098228555,1.0,0.0,358.57526881533164,83.78542265088169,3.4540000000000077,18.545,6.692453989678598,0.013242710469056198,1.780426583701303,77.39353895223915,-5.559099846835778,-2.8377000000000407,0.0,-0.4519185939569324,flare,-5.779042773825237,-0.33194411250749845,-3.248635561500537,
93.525,63.96773485,-22.60374064,149.106,21.061,-0.3758,-2.9872,357.1808,0.0082,1.4125,-0.0166,66.923,70.966,-7.6921,119.2188,-11.5539,0.0,0.0,0.0,-0.03,1151.2,0.0,3.7,150.0,0,93.525,-0.013854180127680138,0.058790722580626203,-0.03,0.04681439084868877,0.2835728282984276,1.0,0.0,362.51360859269175,83.40189678244575,2.6059999999999945,17.561,6.692453989678598,0.011035592057546832,1.7748735796644277,77.30660855861485,-5.555442340891943,-2.8392000000000053,0.0,-0.4874344120147117,flare,-5.772384547597682,-0.3274166027315708,-3.0465151745505334,
93.633,63.96777013,-22.60374842,148.289,20.099,-0.3753,-2.8338,357.1788,-0.0002,1.4214,-0.0201,66.828,70.881,-7.3994,119.0757,-11.533,0.0,0.0,0.0,-0.03,1147.9,0.0,3.7,150.0,0,93.633,-0.013689101391794689,0.05856623798972724,-0.03,0.04684477029027467,0.27973877862798213,1.0,0.0,366.4463748747041,83.01935273446996,1.7889999999999873,16.599,6.692453989678598,0.009196326714622359,1.7693215118847645,77.2193914910874,-5.552090357828604,-2.841199999999958,0.0,-0.5230885227069835,flare,-5.765725943740009,-0.32242748770623564,-2.8472072912638406,
93.742,63.96780538,-22.60375618,147.505,19.21,-0.3757,-2.6793,357.1765,-0.0066,1.4303,-0.0216,66.73,70.791,-7.1063,118.9259,-11.5122,0.0,0.0,0.0,-0.03,1144.4,0.0,3.7,150.0,0,93.742,-0.013469935873277272,0.058375325263765016,-0.03,0.04687970015839149,0.2760214468358214,1.0,0.0,370.3757971971159,82.63778972817734,1.0049999999999955,15.71,6.692453989678598,0.007663605595518632,1.7637718671303442,77.13107883552033,-5.549087546237928,-2.843499999999949,0.0,-0.5572697996251902,flare,-5.759068748041685,-0.31691358607518794,-2.662060877459835,
93.85,63.96783787,-22.60376334,146.809,18.39,-0.3766,-2.5359,357.1743,-0.0102,1.438,-0.0213,66.636,70.705,-6.8357,118.7816,-11.4932,0.0,0.0,0.0,-0.03,1141.1,0.0,3.7,150.0,0,93.85,-0.013224552921616506,0.058191177693627166,-0.03,0.04691310483644451,0.27244957406871884,1.0,0.0,373.99755398145317,82.28573035823295,0.3089999999999975,14.89,6.692453989678598,0.006386337996265526,1.75863436173997,77.04333946278038,-5.546683037158033,-2.8456999999999653,0.0,-0.5857334878747664,flare,-5.752904609378792,-0.31124080734572956,-2.490916051515981,
93.908,63.9678568,-22.60376751,146.416,17.935,-0.3772,-2.4519,357.1731,-0.0121,1.4416,-0.0205,66.579,70.653,-6.6779,118.6946,-11.4821,0.0,0.0,0.0,-0.03,1139.1,0.0,3.7,150.0,0,93.908,-0.013070886893147893,0.05809385073870335,-0.03,0.04693132288967994,0.2704107516913567,1.0,0.0,376.10773732702995,82.08068989277885,-0.08400000000000318,14.434999999999999,6.692453989678598,0.005321948330221272,1.7556364102339899,76.99621591827923,-5.545400418278916,-2.846900000000005,0.0,-0.6218266817670217,flare,-5.749306982006917,-0.30774773012588597,-2.3959546930165736,
94.017,63.96789463,-22.60377583,145.656,17.032,-0.3786,-2.2832,357.1708,-0.0105,1.4499,-0.0178,66.464,70.546,-6.3621,118.5148,-11.4601,0.0,0.0,0.0,-0.03,1135.2,0.0,3.7,150.0,0,94.017,-0.012734369130173062,0.05791864321640258,-0.03,0.04696623553404955,0.2662505042501235,1.0,0.0,380.3247600577912,81.67159000390217,-0.8439999999999941,13.532,6.692453989678598,0.00443495694185106,1.7496450984004115,76.90717431616847,-5.543193919472031,-2.849199999999996,0.0,-0.6612102444754414,flare,-5.742115930626337,-0.30022652456727883,-2.2078368804392987,
94.125,63.96792701,-22.60378296,145.035,16.263,-0.3796,-2.138,357.1692,-0.0087,1.4555,-0.0147,66.362,70.45,-6.0902,118.355,-11.4414,0.0,0.0,0.0,-0.03,1131.7,0.0,3.7,150.0,0,94.125,-0.012430934165046315,0.05778303264205589,-0.03,0.04699051848774316,0.26259572195555836,1.0,0.0,383.93425491372665,81.32100472615805,-1.4650000000000034,12.763000000000002,6.692453989678598,0.00369579745154255,1.7444928060598612,76.81871371168472,-5.541636255943956,-2.8507999999999356,0.0,-0.6869588081089871,flare,-5.735930518106011,-0.2932435830516855,-2.048343386931675,
94.233,63.96796472,-22.60379126,144.344,15.44,-0.3804,-1.9678,357.1677,-0.0039,1.4617,-0.0103,66.239,70.335,-5.7721,118.1616,-11.4197,0.0,0.0,0.0,-0.03,1127.5,0.0,3.7,150.0,0,94.233,-0.012067035184580244,0.05771022307574772,-0.03,0.04701328069760635,0.25858080249304927,1.0,0.0,388.13790077758796,80.91288938128407,-2.156000000000006,11.94,6.692453989678598,0.003079831209618792,1.7384786281291777,76.72992203416061,-5.540193125750733,-2.852300000000014,0.0,-0.728043360907148,flare,-5.7287087716568035,-0.2845239100558121,-1.8787876381671635,
94.342,63.96799969,-22.60379895,143.736,14.7,-0.3806,-1.8092,357.1668,0.0025,1.4662,-0.0059,66.121,70.224,-5.4768,117.9751,-11.3995,0.0,0.0,0.0,-0.03,1123.5,0.0,3.7,150.0,0,94.342,-0.011730307644705784,0.057698201704559055,-0.03,0.04702693660194435,0.25488935667140833,1.0,0.0,392.03611081014253,80.5347668316543,-2.76400000000001,11.2,6.692453989678598,0.0025665260080156597,1.7328917249511608,76.6400218487895,-5.539146226841581,-2.8532000000000153,0.0,-0.7602729469464607,flare,-5.721998523355898,-0.2759780068917159,-1.7276744186789994,
94.45,63.9680346,-22.60380662,143.16,14.007,-0.38,-1.6502,357.1664,0.0108,1.4686,-0.0015,66.0,70.109,-5.182,117.7819,-11.3794,0.0,0.0,0.0,-0.03,1119.4,0.0,3.7,150.0,0,94.45,-0.011401199683946983,0.05778185681875661,-0.03,0.0470330055504401,0.2513715964486021,1.0,0.0,395.92763258066356,80.15762649143764,-3.3400000000000034,10.507,6.692453989678598,0.0021387716733463832,1.7273052107036204,76.55066673288985,-5.538456163022005,-2.853599999999915,0.0,-0.7930090763486264,flare,-5.715287233700639,-0.26689190272698227,-1.5875868645150053,
94.508,63.96805069,-22.60381016,142.905,13.685,-0.3794,-1.5767,357.1663,0.0136,1.4691,0.0005,65.943,70.054,-5.0455,117.6906,-11.3701,0.0,0.0,0.0,-0.03,1117.5,0.0,3.7,150.0,0,94.508,-0.01125580382963104,0.05784075702004857,-0.03,0.04703452275464626,0.24971960265936363,1.0,0.0,397.72123276219713,79.98356258715019,-3.594999999999999,10.185,6.692453989678598,0.0017823097277886526,1.7247196925644943,76.502702519375,-5.5382250649387,-2.8537000000000035,0.0,-0.8102590349250981,flare,-5.712180643298781,-0.26255268869837245,-1.5230341822224815,
94.617,63.96808819,-22.6038184,142.336,13.006,-0.3772,-1.4053,357.1666,0.0241,1.4686,0.0046,65.808,69.925,-4.7241,117.4729,-11.3483,0.0,0.0,0.0,-0.03,1113.0,0.0,3.7,150.0,0,94.617,-0.010935405006255006,0.05815136477400065,-0.03,0.047029971102527046,0.24620506471068446,1.0,0.0,401.9014695375247,79.57839503754921,-4.163999999999987,9.506,6.692453989678598,0.0014852581064905437,1.7186912475890064,76.41208004620847,-5.537853955678116,-2.853399999999965,0.0,-0.8491929508493218,flare,-5.704936002962533,-0.2521801464954141,-1.3881652410997614,
94.725,63.96812295,-22.60382605,141.842,12.365,-0.3743,-1.2462,357.1673,0.0312,1.4669,0.0078,65.679,69.801,-4.4235,117.2646,-11.3278,0.0,0.0,0.0,-0.03,1108.8,0.0,3.7,150.0,0,94.725,-0.010658169076289081,0.058540703437554714,-0.03,0.04701935012007219,0.24285541549669296,1.0,0.0,405.77627013871273,79.2022404088911,-4.657999999999987,8.865,6.692453989678598,0.0012377150887421197,1.7130734677966957,76.32200849256418,-5.537671223699363,-2.8526999999999134,0.0,-0.8805794502670745,flare,-5.698183299088724,-0.24226549539807252,-1.2625585680684015,
94.833,63.96815765,-22.60383367,141.38,11.761,-0.3706,-1.0874,357.1683,0.0389,1.4622,0.0103,65.547,69.673,-4.1225,117.0502,-11.3072,0.0,0.0,0.0,-0.03,1104.5,0.0,3.7,150.0,0,94.833,-0.010397388535215657,0.05910199773442751,-0.03,0.04700417616900654,0.23967815369753884,1.0,0.0,409.6443826488876,78.82755792662283,-5.1200000000000045,8.261,6.692453989678598,0.001031429240618433,1.7074667443726654,76.23165567038319,-5.537725110124768,-2.851699999999937,0.0,-0.9116378840811789,flare,-5.691442369320384,-0.23201134093503484,-1.1458797319282361,
94.942,63.96818962,-22.6038407,140.983,11.262,-0.3664,-0.9414,357.1694,0.0457,1.4548,0.0119,65.422,69.552,-3.8453,116.8467,-11.2878,0.0,0.0,0.0,-0.03,1100.4,0.0,3.7,150.0,0,94.942,-0.010180791430007385,0.059826592860851985,-0.03,0.04698748330271496,0.23704287069219937,1.0,0.0,413.2081737524005,78.4818879759961,-5.516999999999996,7.7620000000000005,6.692453989678598,0.0008595243671820276,1.7022764716944052,76.1402287901955,-5.537850626593553,-2.850599999999986,0.0,-0.9330152574215939,flare,-5.685200787129517,-0.2224024894066794,-1.0508088682783452,
95.05,63.96822419,-22.6038483,140.584,10.724,-0.3611,-0.7843,357.1707,0.0525,1.4418,0.0129,65.283,69.417,-3.547,116.6199,-11.2664,0.0,0.0,0.0,-0.03,1096.0,0.0,3.7,150.0,0,95.05,-0.009967913903767778,0.0607443879316317,-0.03,0.04696775331731273,0.23419596089244013,1.0,0.0,417.0617946289899,78.10819042703159,-5.915999999999997,7.224,6.692453989678598,0.000716270305985023,1.6966501082063383,76.04936217823708,-5.538098715673101,-2.849299999999971,0.0,-0.9651990555684443,flare,-5.678433318985469,-0.21181483829939118,-0.9497367546507878,
95.158,63.96825869,-22.60385589,140.217,10.234,-0.3552,-0.6289,357.1721,0.0583,1.4227,0.0133,65.141,69.278,-3.2515,116.3866,-11.2446,0.0,0.0,0.0,-0.03,1091.6,0.0,3.7,150.0,0,95.158,-0.009770475496042874,0.06188723309588526,-0.03,0.046946503154893904,0.2316020395725121,1.0,0.0,420.9076123042556,77.73498553928286,-6.282999999999987,6.734,6.692453989678598,0.0005968919216541858,1.6910129455469518,75.95821387251449,-5.538458965242086,-2.8478999999999814,0.0,-0.9969823064090155,flare,-5.671651336170584,-0.2010358242122745,-0.8590408234295097,
95.317,63.96830899,-22.60386695,139.738,9.568,-0.3455,-0.4062,357.1742,0.064,1.3853,0.0122,64.929,69.07,-2.8223,116.0364,-11.212,0.0,0.0,0.0,-0.03,1085.1,0.0,3.7,150.0,0,95.317,-0.009518709674776415,0.06394596306468939,-0.03,0.046914623079825635,0.2280818441766655,1.0,0.0,426.5147031045117,77.1911575926884,-6.7620000000000005,6.068,6.692453989678598,0.0004974099347118215,1.682770902710187,75.82319591252109,-5.539062792858175,-2.845800000000054,0.0,-1.0275596724930525,flare,-5.661732717479433,-0.1851550846791703,-0.7379522602305517,
95.417,63.96834332,-22.6038745,139.449,9.158,-0.3385,-0.2571,357.1754,0.066,1.3557,0.0105,64.781,68.923,-2.5333,115.7903,-11.1891,0.0,0.0,0.0,-0.03,1080.7,0.0,3.7,150.0,0,95.417,-0.009360090612599403,0.06561168433981421,-0.03,0.04689640329212719,0.22592153162086379,1.0,0.0,430.3415704191138,76.8199190692279,-7.050999999999988,5.6579999999999995,6.692453989678598,0.0004145082789265179,1.6771238022586779,75.73816430637187,-5.5394939036449955,-2.8445999999999003,0.0,-1.0686906113573054,flare,-5.654935017835008,-0.17424497136932082,-0.6647120723864894,
95.517,63.96837758,-22.60388203,139.191,8.806,-0.3312,-0.1124,357.1764,0.069,1.3075,0.0083,64.63,68.774,-2.2497,115.5387,-11.1657,0.0,0.0,0.0,-0.03,1076.3,0.0,3.7,150.0,0,95.517,-0.009213073222266166,0.06749700434804298,-0.03,0.04688121869076045,0.2240729547399004,1.0,0.0,434.1606347034126,76.44966314413398,-7.3089999999999975,5.305999999999999,6.692453989678598,0.00034542356577209825,1.671476666875341,75.65285142537151,-5.539942336638859,-2.843599999999924,0.0,-1.1088096466884767,flare,-5.648135748984965,-0.16330618478902892,-0.6026521824758095,
95.608,63.9684065,-22.60388839,138.996,8.512,-0.3248,0.0057,357.1771,0.071,1.26,0.006,64.5,68.645,-2.0159,115.3216,-11.1455,0.0,0.0,0.0,-0.03,1072.6,0.0,3.7,150.0,0,95.608,-0.009097379684327389,0.06912552794455687,-0.03,0.04687058868842342,0.2225343513632504,1.0,0.0,437.38443321309984,76.13693767529692,-7.503999999999991,5.0120000000000005,6.692453989678598,0.00028785297147674855,1.6666929347070403,75.57504016643955,-5.540326586504705,-2.842899999999986,0.0,-1.1378788995869107,flare,-5.6423748419234805,-0.1540313244078515,-0.5514112488828466,
95.725,63.96844324,-22.60389647,138.779,8.169,-0.3165,0.1493,357.1776,0.0725,1.1937,0.0027,64.331,68.477,-1.7287,115.0398,-11.1193,0.0,0.0,0.0,-0.03,1067.9,0.0,3.7,150.0,0,95.725,-0.008956330065287288,0.07123278661831758,-0.03,0.04686299543571659,0.22074660172041208,1.0,0.0,441.47995040278323,75.73963869621629,-7.721000000000004,4.6690000000000005,6.692453989678598,0.00023987747623062378,1.6605983488931317,75.47458751661094,-5.540837376826772,-2.842399999999998,0.0,-1.1657484945739678,flare,-5.635033728043396,-0.1421803287387764,-0.4923254962428256,
95.833,63.96847989,-22.60390453,138.594,7.88,-0.308,0.2853,357.1777,0.0728,1.1293,-0.0008,64.16,68.306,-1.455,114.7521,-11.0924,0.0,0.0,0.0,-0.03,1063.3,0.0,3.7,150.0,0,95.833,-0.008828353657965138,0.0733685086477012,-0.03,0.046861476745791,0.21924724369308782,1.0,0.0,445.5654350279998,75.34332309358246,-7.906000000000006,4.38,6.692453989678598,0.00019989789685885315,1.6544998094394736,75.3815649809706,-5.541286527176993,-2.842300000000023,0.0,-1.203710752643001,flare,-5.62768607633409,-0.13041234643066524,-0.44313256292659275,
95.908,63.96850339,-22.6039097,138.492,7.676,-0.3025,0.3688,357.1776,0.0728,1.0849,-0.003,64.049,68.194,-1.2871,114.5642,-11.0749,0.0,0.0,0.0,-0.03,1060.4,0.0,3.7,150.0,0,95.908,-0.008745762240091992,0.07460933068257278,-0.03,0.04686299543571659,0.21819310706453307,1.0,0.0,448.18504996687864,75.08911106866964,-8.00800000000001,4.176,6.692453989678598,0.00016658158071571096,1.650577270359661,75.31690436379515,-5.541615121079872,-2.842399999999998,0.0,-1.2288279569481655,flare,-5.62295917901611,-0.12278184356526367,-0.40873776547351426,
96.033,63.96854249,-22.6039183,138.349,7.402,-0.2934,0.4998,357.177,0.0722,1.0085,-0.0065,63.86,68.005,-1.0223,114.2461,-11.0451,0.0,0.0,0.0,-0.03,1055.5,0.0,3.7,150.0,0,96.033,-0.00861174339355919,0.07662616509616185,-0.03,0.04687210729957714,0.2167832545890653,1.0,0.0,452.5436433660669,74.6662435165817,-8.15100000000001,3.902,6.692453989678598,0.00013881798392975913,1.6440354482619524,75.20858835997875,-5.542087477871149,-2.842999999999961,0.0,-1.254570869952883,flare,-5.615074255354747,-0.11016766713747828,-0.362974954802306,
96.133,63.96857369,-22.60392517,138.257,7.223,-0.2863,0.5984,357.1762,0.071,0.9549,-0.0089,63.707,67.851,-0.8251,113.9875,-11.0208,0.0,0.0,0.0,-0.03,1051.8,0.0,3.7,150.0,0,96.133,-0.008499989636824357,0.07812082459225625,-0.03,0.046884255716102996,0.21586618497984508,1.0,0.0,456.0216001180419,74.32844252525393,-8.242999999999995,3.723,6.692453989678598,0.00011568165327479927,1.6387913978429054,75.12177220522977,-5.542436555277618,-2.8437999999999874,0.0,-1.279609881775355,flare,-5.608752077132598,-0.10009821728468538,-0.333349998430192,
96.208,63.96859704,-22.6039303,138.201,7.093,-0.281,0.6688,357.1755,0.0699,0.9144,-0.0104,63.592,67.734,-0.6857,113.7914,-11.0024,0.0,0.0,0.0,-0.03,1049.0,0.0,3.7,150.0,0,96.208,-0.008415453667829753,0.07912370391280069,-0.03,0.04689488489109561,0.21520223022811683,1.0,0.0,458.6244942296284,74.07619608637533,-8.299000000000007,3.593,6.692453989678598,9.640137772899939e-05,1.634869968580107,75.0565830223602,-5.542715807100905,-2.8444999999999254,0.0,-1.3026756500988046,flare,-5.6040235835195595,-0.09253958186184619,-0.3119700119263005,
96.333,63.96863328,-22.60393828,138.134,6.875,-0.273,0.7722,357.1742,0.0678,0.8545,-0.0122,63.41,67.55,-0.4838,113.4828,-10.9733,0.0,0.0,0.0,-0.03,1044.7,0.0,3.7,150.0,0,96.333,-0.008277720746881212,0.08040179867051125,-0.03,0.046914623079825635,0.2140929278651791,1.0,0.0,462.6642747603818,73.68381593620916,-8.366000000000014,3.375,6.692453989678598,8.033448144083283e-05,1.6287485911435737,74.94744083365998,-5.54308510534571,-2.845800000000054,0.0,-1.3166142273625512,flare,-5.596640911875458,-0.08083876490778508,-0.2763746328307164,
96.417,63.96865911,-22.60394396,138.1,6.78,-0.2674,0.8422,357.1731,0.0654,0.8173,-0.013,63.279,67.418,-0.3505,113.2602,-10.9523,0.0,0.0,0.0,-0.03,1041.8,0.0,3.7,150.0,0,96.417,-0.008176178188598837,0.08127826036783883,-0.03,0.04693132288967994,0.21361118211884306,1.0,0.0,465.5436217773528,73.4045264431698,-8.400000000000006,3.2800000000000002,6.692453989678598,6.694540120069402e-05,1.6243822824356997,74.87403611105033,-5.543347962609744,-2.846900000000005,0.0,-1.3386969166499254,flare,-5.591373848759838,-0.07249185452385198,-0.26096420256767416,
96.508,63.96868489,-22.60394963,138.076,6.679,-0.262,0.9085,357.172,0.0634,0.7671,-0.0133,63.147,67.285,-0.2258,113.0362,-10.9311,0.0,0.0,0.0,-0.03,1038.9,0.0,3.7,150.0,0,96.508,-0.008068466628553816,0.08200044592829994,-0.03,0.046948021109109006,0.21310015578089292,1.0,0.0,468.41739512874767,73.12572883291733,-8.424000000000007,3.1790000000000003,6.692453989678598,5.5787834333911685e-05,1.6200136309185693,74.79433944192708,-5.543579407310261,-2.8479999999999563,0.0,-1.3488653288226233,flare,-5.586103053934428,-0.06418668702029251,-0.24464823197469876,
96.617,63.96872346,-22.60395812,138.059,6.525,-0.2543,0.9997,357.1703,0.0597,0.6848,-0.0133,62.948,67.083,-0.0557,112.6977,-10.8991,0.0,0.0,0.0,-0.03,1034.7,0.0,3.7,150.0,0,96.617,-0.007889489168328712,0.08281278149218738,-0.03,0.04697382431883701,0.2123232995936987,1.0,0.0,472.71690773838526,72.70827121462435,-8.441000000000003,3.0250000000000004,6.692453989678598,4.6489861944926405e-05,1.6134518010685621,74.69845292160454,-5.543949341488371,-2.8496999999999844,0.0,-1.3922128510564147,flare,-5.578184480411606,-0.05167581885696748,-0.21990528836547618,
96.733,63.96875936,-22.60396602,138.062,6.38,-0.2475,1.0755,357.1688,0.057,0.6063,-0.0127,62.761,66.894,0.0839,112.3797,-10.8689,0.0,0.0,0.0,-0.03,1030.9,0.0,3.7,150.0,0,96.733,-0.007710641080567737,0.08327568199622212,-0.03,0.046996588699903086,0.21159449417406373,1.0,0.0,476.7187875462273,72.31982379320925,-8.437999999999988,2.88,6.692453989678598,3.8741551620772e-05,1.6073269849064462,74.59606883389016,-5.54422921512699,-2.8512000000000626,0.0,-1.412199770552852,flare,-5.570791438240432,-0.04009408335961773,-0.1967578356835098,
96.808,63.96878238,-22.60397109,138.071,6.324,-0.2433,1.1194,357.1679,0.0555,0.5576,-0.0121,62.64,66.772,0.1638,112.1744,-10.8494,0.0,0.0,0.0,-0.03,1028.6,0.0,3.7,150.0,0,96.808,-0.007588260949850878,0.08350299037969736,-0.03,0.04701024590739111,0.21131372957456376,1.0,0.0,479.28489536033953,72.07052981913067,-8.429000000000002,2.824,6.692453989678598,3.228462635064333e-05,1.6033848541576015,74.52983252586725,-5.544409247769352,-2.852100000000064,0.0,-1.4304846398965292,flare,-5.566032096862797,-0.032638417249570395,-0.18785706302704064,
96.925,63.96881556,-22.60397839,138.095,6.21,-0.2374,1.1764,357.1666,0.0543,0.4902,-0.0108,62.466,66.595,0.2652,111.8772,-10.8211,0.0,0.0,0.0,-0.03,1025.3,0.0,3.7,150.0,0,96.925,-0.0074074152089039225,0.08356507078799222,-0.03,0.047029971102527046,0.21074341274622027,1.0,0.0,482.9835687008099,71.71158447738037,-8.405000000000001,2.71,6.692453989678598,2.6903855292202777e-05,1.5976973405104338,74.4260967678561,-5.544634982053026,-2.853399999999965,0.0,-1.4356387169222635,flare,-5.559164256716558,-0.02193110096278872,-0.16980484955065833,
97.008,63.96884865,-22.60398568,138.129,6.14,-0.2316,1.2265,357.1655,0.0525,0.4302,-0.0092,62.291,66.418,0.3505,111.5795,-10.7926,0.0,0.0,0.0,-0.03,1022.1,0.0,3.7,150.0,0,97.008,-0.007225216226275921,0.08348167593738723,-0.03,0.04704665991418533,0.2103940549660287,1.0,0.0,486.67220930500105,71.35313257510039,-8.37100000000001,2.6399999999999997,6.692453989678598,2.241987941016898e-05,1.5919981931580938,74.35232041683048,-5.544784775486704,-2.8544999999999163,0.0,-1.4968019003784079,flare,-5.552280835547283,-0.011314874881191983,-0.1587649184900961,
97.117,63.96887912,-22.60399238,138.168,6.065,-0.2264,1.2672,357.1646,0.0521,0.3805,-0.0074,62.129,66.254,0.4151,111.3044,-10.7663,0.0,0.0,0.0,-0.03,1019.3,0.0,3.7,150.0,0,97.117,-0.007050109040758035,0.083177393304213,-0.03,0.047060313211045646,0.21002046118109036,1.0,0.0,490.06879094478523,71.02368892388787,-8.331999999999994,2.5650000000000004,6.692453989678598,1.8683232841807484e-05,1.586749757954728,74.25512937626638,-5.544942479769105,-2.855399999999918,0.0,-1.4958415941721854,flare,-5.545940427790789,-0.001506345833087508,-0.1469742928504818,
97.217,63.96891205,-22.60399963,138.216,5.997,-0.2208,1.306,357.164,0.0512,0.3329,-0.0051,61.954,66.077,0.4705,111.0066,-10.7377,0.0,0.0,0.0,-0.03,1016.3,0.0,3.7,150.0,0,97.217,-0.006860140418490757,0.08266507825849226,-0.03,0.047069414816109933,0.20968238672238607,1.0,0.0,493.7395959557906,70.66720299676885,-8.283999999999992,2.497,6.692453989678598,1.5569360701506237e-05,1.5810519598993198,74.16571747433544,-5.545047680831544,-2.8559999999999945,0.0,-1.5189469037929022,flare,-5.539055693679295,0.009044563199324784,-0.13631804473814135,
97.325,63.96894236,-22.6040063,138.265,5.956,-0.2157,1.3376,357.1635,0.0506,0.2951,-0.0027,61.793,65.913,0.509,110.7322,-10.7112,0.0,0.0,0.0,-0.03,1013.7,0.0,3.7,150.0,0,97.325,-0.006686452306260804,0.08205093859762738,-0.03,0.04707699912463614,0.20947885003418223,1.0,0.0,497.11834183057647,70.33923538339272,-8.235000000000014,2.4560000000000004,6.692453989678598,1.2974467251255197e-05,1.5757964849268717,74.06890691179993,-5.545069616303209,-2.8564999999999827,0.0,-1.5163827071517926,flare,-5.532704069169071,0.018665082419236256,-0.1299085640722808,
97.417,63.96897008,-22.6040124,138.313,5.887,-0.2112,1.3632,357.1634,0.0485,0.2615,-0.0003,61.646,65.764,0.5346,110.4812,-10.6868,0.0,0.0,0.0,-0.03,1011.4,0.0,3.7,150.0,0,97.417,-0.00652329483955999,0.08127322535785939,-0.03,0.047078515946806676,0.20913683156488638,1.0,0.0,500.2083727005558,70.03929497940088,-8.187000000000012,2.3869999999999996,6.692453989678598,1.0812056042712664e-05,1.5709779449053067,73.98629223486836,-5.545007651849431,-2.8565999999999576,0.0,-1.5237866507704048,flare,-5.526879370008761,0.027363584973405963,-0.11914842287709959,
97.508,63.96899774,-22.60401849,138.363,5.844,-0.2068,1.386,357.1635,0.048,0.2358,0.0021,61.499,65.615,0.5511,110.231,-10.6625,0.0,0.0,0.0,-0.03,1009.2,0.0,3.7,150.0,0,97.508,-0.00635416121104504,0.08040114024901321,-0.03,0.04707699912463614,0.208924021801127,1.0,0.0,503.2917151374811,69.73984684714915,-8.137,2.3440000000000003,6.692453989678598,9.010046702260552e-06,1.5661546526003955,73.90438722180923,-5.544957052172862,-2.8564999999999827,0.0,-1.532113738462614,flare,-5.521047832737295,0.036089547574508885,-0.11245968953405061,
97.625,63.96903285,-22.60402622,138.429,5.776,-0.2012,1.412,357.1639,0.0465,0.2066,0.0054,61.312,65.426,0.5608,109.9139,-10.6314,0.0,0.0,0.0,-0.03,1006.5,0.0,3.7,150.0,0,97.625,-0.006146615987322301,0.07906241161286756,-0.03,0.04707093170416987,0.2085880114293787,1.0,0.0,507.20553122905807,69.3597591006127,-8.070999999999998,2.276,6.692453989678598,7.508372251883793e-06,1.5600157145559863,73.79868195024721,-5.54473635736997,-2.8560999999999694,0.0,-1.5381298166287924,flare,-5.513624050598814,0.04696212560301838,-0.10190861740269064,
97.708,63.96905786,-22.60403173,138.475,5.724,-0.1975,1.4283,357.1644,0.0444,0.1857,0.0077,61.18,65.292,0.5607,109.6886,-10.6093,0.0,0.0,0.0,-0.03,1004.6,0.0,3.7,150.0,0,97.708,-0.00598537726741083,0.0779750146834198,-0.03,0.04706334713210336,0.208331501165948,1.0,0.0,509.993470228123,69.08883044983351,-8.025000000000006,2.224,6.692453989678598,6.256976876569827e-06,1.5556271617020208,73.7236226512728,-5.544577015354548,-2.8555999999999813,0.0,-1.5428781465519148,flare,-5.50831591474396,0.054733859371278726,-0.0938620484751862,
97.817,63.9690928,-22.60403942,138.541,5.682,-0.1924,1.449,357.1655,0.0428,0.1682,0.0109,60.995,65.105,0.5514,109.3748,-10.5782,0.0,0.0,0.0,-0.03,1002.1,0.0,3.7,150.0,0,97.817,-0.0057645296989067285,0.07633281603341627,-0.03,0.04704665991418533,0.20812459994833452,1.0,0.0,513.8883359582444,68.71070906758555,-7.959000000000003,2.1820000000000004,6.692453989678598,5.214147397141523e-06,1.5494885117592228,73.6246544034216,-5.544188477032094,-2.8544999999999163,0.0,-1.5569117429037518,flare,-5.500889448930213,0.06535706228428495,-0.08737676574880027,
97.917,63.96912018,-22.60404544,138.591,5.625,-0.1885,1.464,357.1666,0.0417,0.1588,0.0134,60.851,64.959,0.5377,109.1299,-10.5539,0.0,0.0,0.0,-0.03,1000.2,0.0,3.7,150.0,0,97.917,-0.005586866585434391,0.07485107262447868,-0.03,0.047029971102527046,0.20784420916427862,1.0,0.0,516.9404661053122,68.41470139199669,-7.908999999999992,2.125,6.692453989678598,4.345122830951269e-06,1.5446716431804361,73.53370605306156,-5.5438688603588275,-2.853399999999965,0.0,-1.5462834026397616,flare,-5.495060822243994,0.0736724440480625,-0.07859515277940332,
98.017,63.96915247,-22.60405255,138.648,5.558,-0.1841,1.4807,357.1682,0.0396,0.1492,0.0161,60.682,64.788,0.5154,108.8424,-10.5251,0.0,0.0,0.0,-0.03,998.1,0.0,3.7,150.0,0,98.017,-0.005374460748073184,0.07295158846878455,-0.03,0.047005693623344724,0.20751522670661815,1.0,0.0,520.5399283975731,68.0650994910472,-7.852000000000004,2.058,6.692453989678598,3.6209356924593907e-06,1.5389644668440114,73.44249014623577,-5.543349406195347,-2.851799999999912,0.0,-1.5593485478543347,flare,-5.488153477591155,0.08331437138340902,-0.06830214812294244,
98.108,63.96917724,-22.604058,138.69,5.539,-0.1808,1.493,357.1696,0.0383,0.1471,0.018,60.553,64.657,0.4944,108.6228,-10.503,0.0,0.0,0.0,-0.03,996.5,0.0,3.7,150.0,0,98.108,-0.005210339489409743,0.07146962420927636,-0.03,0.046984448065057416,0.2074220520122036,1.0,0.0,523.3011140056711,67.79711980292286,-7.810000000000002,2.0389999999999997,6.692453989678598,3.0174464103828256e-06,1.5345800138875012,73.35936137405594,-5.5428975765441635,-2.850400000000036,0.0,-1.5464607178296084,flare,-5.482845978618608,0.09064351341869425,-0.0653889924618678,
98.208,63.96920937,-22.60406507,138.742,5.461,-0.1768,1.5088,357.1716,0.0357,0.1436,0.0202,60.386,64.489,0.4631,108.3394,-10.4744,0.0,0.0,0.0,-0.03,994.6,0.0,3.7,150.0,0,98.208,-0.004986878272146222,0.0692807424420602,-0.03,0.0469540927944877,0.20704010033628065,1.0,0.0,526.882740703954,67.44948387696056,-7.75800000000001,1.9610000000000003,6.692453989678598,2.5145386753190214e-06,1.528877801145162,73.26771794959028,-5.54227020594621,-2.8483999999999696,0.0,-1.557691561663284,flare,-5.475941952071015,0.10011743479974022,-0.05345639943144498,
98.308,63.96923649,-22.60407103,138.783,5.385,-0.1736,1.5219,357.1735,0.0336,0.1456,0.0219,60.246,64.347,0.4336,108.1015,-10.4502,0.0,0.0,0.0,-0.03,993.0,0.0,3.7,150.0,0,98.308,-0.0047958576927598084,0.06729774781306522,-0.03,0.04692525041554152,0.20666880838263413,1.0,0.0,529.9058879250997,67.15642594245512,-7.717000000000013,1.8849999999999998,6.692453989678598,2.0954488960991844e-06,1.524060536950407,73.17589827678668,-5.541640332870259,-2.846499999999992,0.0,-1.5433559651484297,flare,-5.4701082054003844,0.10797205677736876,-0.04187107734771445,
98.417,63.96926847,-22.60407807,138.828,5.345,-0.1702,1.5378,357.176,0.0306,0.1488,0.0235,60.082,64.181,0.3964,107.8228,-10.4217,0.0,0.0,0.0,-0.03,991.1,0.0,3.7,150.0,0,98.417,-0.0045572159715978056,0.0649856825553358,-0.03,0.04688729268891445,0.20647373827647864,1.0,0.0,533.470793625862,66.81026566537597,-7.671999999999997,1.8449999999999998,6.692453989678598,1.746207413415987e-06,1.5183518304742127,73.07552619590273,-5.540820094544614,-2.844000000000051,0.0,-1.5398315279497896,flare,-5.463193513547173,0.11717083628027503,-0.03578993212891923,
98.508,63.96929056,-22.60408293,138.857,5.301,-0.168,1.549,357.1778,0.0286,0.1526,0.0244,59.969,64.067,0.3694,107.6314,-10.402,0.0,0.0,0.0,-0.03,989.9,0.0,3.7,150.0,0,98.508,-0.004389626500271471,0.06327588041037377,-0.03,0.04685995804273779,0.2062594395174197,1.0,0.0,535.9332316638946,66.571296563083,-7.643000000000001,1.8010000000000002,6.692453989678598,1.4551728445133225e-06,1.5144022811258724,72.99167437402429,-5.540187165362113,-2.842200000000048,0.0,-1.5127339564778377,flare,-5.458408718521385,0.12343749044096519,-0.029113740605652083,
98.608,63.96931751,-22.60408885,138.889,5.207,-0.1655,1.5631,357.1801,0.0261,0.1579,0.0253,59.833,63.929,0.3356,107.3991,-10.3781,0.0,0.0,0.0,-0.03,988.5,0.0,3.7,150.0,0,98.608,-0.00417704940736674,0.061022733666611234,-0.03,0.04682502425017765,0.20580260485067103,1.0,0.0,538.9374285243766,66.28020499286578,-7.61099999999999,1.7069999999999999,6.692453989678598,1.2126440370944353e-06,1.5095836127799802,72.89932715405553,-5.539421062812437,-2.8398999999999432,0.0,-1.498849051343481,flare,-5.452570020755102,0.13109380417802896,-0.014896873364001806,
98.725,63.96934928,-22.60409584,138.924,5.152,-0.1628,1.5803,357.1828,0.0223,0.1624,0.0259,59.673,63.767,0.2953,107.1272,-10.35,0.0,0.0,0.0,-0.03,986.8,0.0,3.7,150.0,0,98.725,-0.003918658311217682,0.05844802427212861,-0.03,0.04678400616062861,0.20553593623288774,1.0,0.0,542.478924964793,65.93650257390911,-7.575999999999993,1.6520000000000001,6.692453989678598,1.010536697578696e-06,1.503875774005817,72.7909732437134,-5.5384534875979625,-2.837199999999939,0.0,-1.4869101709960237,flare,-5.445652532955835,0.14007421939661668,-0.006607520180654802,
98.833,63.96938097,-22.60410281,138.954,5.049,-0.1607,1.5978,357.1856,0.018,0.1661,0.0261,59.515,63.606,0.2556,106.8582,-10.322,0.0,0.0,0.0,-0.03,985.2,0.0,3.7,150.0,0,98.833,-0.0036423012362868934,0.055685508663702116,-0.03,0.04674145878878455,0.2050378009668015,1.0,0.0,546.0115036082201,65.59378314244603,-7.545999999999992,1.5490000000000004,6.692453989678598,8.421139146489133e-07,1.4981689019382194,72.69072798144535,-5.537385294257348,-2.8343999999999596,0.0,-1.4847331520839233,flare,-5.438734703060334,0.14890319913454775,0.008858471572576576,
98.942,63.96941258,-22.60410975,138.979,4.962,-0.159,1.6161,357.1885,0.0141,0.1772,0.0258,59.358,63.448,0.2183,106.5925,-10.2943,0.0,0.0,0.0,-0.03,983.7,0.0,3.7,150.0,0,98.942,-0.003351563170159777,0.052956747146668454,-0.03,0.046697381041884034,0.20461834243965715,1.0,0.0,549.5351646248866,65.25253663597573,-7.520999999999987,1.4619999999999997,6.692453989678598,7.017615955407611e-07,1.4924742629062375,72.58929803110289,-5.536301745545273,-2.8315000000000055,0.0,-1.4806998630287638,flare,-5.431830194820643,0.15768880676948704,0.021863306512466707,
99.05,63.96944654,-22.60411722,139.003,4.886,-0.1576,1.6376,357.1914,0.0103,0.1967,0.0249,59.192,63.28,0.181,106.3098,-10.2647,0.0,0.0,0.0,-0.03,982.1,0.0,3.7,150.0,0,99.05,-0.0030249309964202054,0.05009351878627341,-0.03,0.04665329228772663,0.2042529020313055,1.0,0.0,553.3207869141444,64.88523200847405,-7.497000000000014,1.3860000000000001,6.692453989678598,5.848013296173009e-07,1.4863225809902478,72.48849939693785,-5.535074729230502,-2.8286000000000513,0.0,-1.4858214243022352,flare,-5.4243698516270555,0.1670966981161932,0.03317983639796118,
99.108,63.96946106,-22.60412041,139.012,4.837,-0.1571,1.6476,357.1927,0.0078,0.2015,0.0245,59.121,63.208,0.1666,106.1898,-10.2522,0.0,0.0,0.0,-0.03,981.4,0.0,3.7,150.0,0,99.108,-0.002878879440023463,0.04882837211481025,-0.03,0.04663352479268501,0.20401777969990514,1.0,0.0,554.939374602438,64.72837700196717,-7.4879999999999995,1.3369999999999997,6.692453989678598,4.873344413477507e-07,1.4836910214176038,72.43440904401265,-5.534586420991587,-2.827299999999923,0.0,-1.462032015823332,flare,-5.421177938902758,0.17117718322633024,0.04045424105001061,
99.217,63.96949248,-22.60412731,139.028,4.749,-0.1563,1.6711,357.1952,0.0066,0.2357,0.023,58.97,63.055,0.1365,105.932,-10.2252,0.0,0.0,0.0,-0.03,979.9,0.0,3.7,150.0,0,99.217,-0.002557176105066228,0.04616103009238445,-0.03,0.04659550417013281,0.20359649351051784,1.0,0.0,558.4418557234856,64.38909763803966,-7.472000000000008,1.2489999999999997,6.692453989678598,4.061120344564589e-07,1.4779880876256923,72.33233139270395,-5.533455478829808,-2.824799999999982,0.0,-1.455058296286441,flare,-5.414259546285869,0.179911967852048,0.053475579292159736,
99.325,63.96952382,-22.60413419,139.042,4.637,-0.1558,1.6975,357.1977,0.0028,0.2566,0.0214,58.82,62.903,0.1113,105.6772,-10.1985,0.0,0.0,0.0,-0.03,978.5,0.0,3.7,150.0,0,99.325,-0.002223824098050664,0.043485059902701434,-0.03,0.04655747538258914,0.20306214008822393,1.0,0.0,561.9354190475441,64.05080126160573,-7.457999999999998,1.1369999999999996,6.692453989678598,3.384266953803824e-07,1.4722864130114341,72.23094193229545,-5.532324644868851,-2.822300000000041,0.0,-1.4490428956139303,flare,-5.407341177271203,0.18864677380131667,0.06996842537630954,
99.425,63.96955508,-22.60414106,139.053,4.53,-0.1557,1.7262,357.1999,-0.0005,0.2787,0.0196,58.672,62.753,0.0903,105.4253,-10.1722,0.0,0.0,0.0,-0.03,977.2,0.0,3.7,150.0,0,99.425,-0.0018721953823071513,0.04089960416655822,-0.03,0.046524003299974304,0.2025535788354557,1.0,0.0,565.4200644035934,63.71299793551458,-7.447000000000003,1.0300000000000002,6.692453989678598,2.820222461503187e-07,1.466574791658122,72.13682960502028,-5.531253057848346,-2.8200999999999112,0.0,-1.4518571778308562,flare,-5.400409232799548,0.19749137290293994,0.08564146807684558,
99.517,63.96958148,-22.60414685,139.061,4.444,-0.1559,1.7525,357.2016,-0.0026,0.2999,0.0177,58.548,62.627,0.0765,105.2144,-10.1501,0.0,0.0,0.0,-0.03,976.0,0.0,3.7,150.0,0,99.517,-0.0015673357300891033,0.03880325252063002,-0.03,0.04649813418361459,0.2021462171835379,1.0,0.0,568.362951280818,63.428296951996856,-7.438999999999993,0.944,6.692453989678598,2.350185384585989e-07,1.4617521138391187,72.05009118870476,-5.5303084131153355,-2.818399999999997,0.0,-1.4423998059331864,flare,-5.394554987479797,0.20490097386669603,0.09817929326892916,
99.617,63.96961021,-22.60415316,139.068,4.353,-0.1563,1.7836,357.2033,-0.0042,0.3252,0.0156,58.414,62.492,0.0654,104.9866,-10.1264,0.0,0.0,0.0,-0.03,974.8,0.0,3.7,150.0,0,99.617,-0.001221930259279136,0.036607090745707366,-0.03,0.046472261298483475,0.20171653373150025,1.0,0.0,571.5655700651146,63.11802856302773,-7.431999999999988,0.8529999999999998,6.692453989678598,1.958487820488324e-07,1.4564806239652257,71.95557228047225,-5.5293762307064185,-2.816699999999969,0.0,-1.433090732666523,flare,-5.388154702461042,0.21315336695262666,0.1113885783879951,
99.717,63.96963888,-22.60415945,139.074,4.241,-0.1568,1.8169,357.2047,-0.0063,0.3451,0.0132,58.281,62.357,0.0589,104.761,-10.103,0.0,0.0,0.0,-0.03,973.6,0.0,3.7,150.0,0,99.717,-0.000871950813936595,0.03443702113235328,-0.03,0.04645095138803701,0.20118963568339435,1.0,0.0,574.7615005873774,62.808742383297634,-7.425999999999988,0.7409999999999997,6.692453989678598,1.63207318374027e-07,1.4512142614337076,71.86084179901405,-5.52848758831766,-2.8152999999999793,0.0,-1.4237188478786666,flare,-5.3817593641650845,0.22146389088531215,0.12756497600067362,
99.817,63.9696675,-22.60416573,139.08,4.173,-0.1576,1.8521,357.2059,-0.0081,0.3621,0.0108,58.15,62.224,0.0561,104.5373,-10.08,0.0,0.0,0.0,-0.03,972.4,0.0,3.7,150.0,0,99.817,-0.0005042238179978065,0.032509931465844494,-0.03,0.04643268371788134,0.20087078958465418,1.0,0.0,577.9518574440644,62.49994808670257,-7.4199999999999875,0.673,6.692453989678598,1.360060986450225e-07,1.4459424007267505,71.76589989975669,-5.527712836971176,-2.814100000000053,0.0,-1.4133807707987949,flare,-5.37535607032417,0.22995817915696115,0.13734263623341825,
99.908,63.96969367,-22.60417148,139.086,4.088,-0.1584,1.8857,357.2068,-0.0094,0.3739,0.0086,58.03,62.103,0.0565,104.3338,-10.0591,0.0,0.0,0.0,-0.03,971.3,0.0,3.7,150.0,0,99.908,-0.00016406255896139754,0.03072452679327986,-0.03,0.04641898173435954,0.200473364682108,1.0,0.0,580.8691053549671,62.21721580206293,-7.413999999999987,0.5880000000000001,6.692453989678598,1.1333841553751875e-07,1.4411012919795365,71.67935022096422,-5.527017732600626,-2.8132000000000517,0.0,-1.4047717296971929,flare,-5.3694748495357345,0.23778466851323898,0.14951823907999717,
100.05,63.96973402,-22.60418033,139.094,3.983,-0.1598,1.9396,357.2078,-0.011,0.3855,0.005,57.846,61.917,0.0619,104.0217,-10.0273,0.0,0.0,0.0,-0.03,969.6,0.0,3.7,150.0,0,100.05,0.0003733999810645594,0.02816798366853307,-0.03,0.04640375607116376,0.1999841809307037,1.0,0.0,585.3670404022724,61.78205117716641,-7.406000000000006,0.4830000000000001,6.692453989678598,9.444867961459895e-08,1.433632324097625,71.54364375327353,-5.526084742143439,-2.8121999999999616,0.0,-1.3948629040781202,flare,-5.360399062211366,0.2500729242134909,0.16448738155253828,
100.142,63.96976006,-22.60418604,139.101,3.937,-0.161,1.9747,357.2081,-0.0131,0.3858,0.0026,57.729,61.798,0.0686,103.8215,-10.0071,0.0,0.0,0.0,-0.03,968.5,0.0,3.7,150.0,0,100.142,0.0007373448628335555,0.026682444105855158,-0.03,0.04639918811833421,0.19977048695268584,1.0,0.0,588.2697970216303,61.50128370048026,-7.399000000000001,0.43699999999999983,6.692453989678598,7.870723301216579e-08,1.428799273814762,71.45569277895444,-5.525591827103881,-2.8118999999999232,0.0,-1.3836698337469067,flare,-5.354524900342026,0.2581935783053364,0.17102045977010683,
100.242,63.96978842,-22.60419226,139.108,3.832,-0.1623,2.0138,357.2083,-0.0121,0.3979,-0.0,57.601,61.668,0.0773,103.6044,-9.9854,0.0,0.0,0.0,-0.03,967.4,0.0,3.7,150.0,0,100.242,0.0011404230153093664,0.024894666891946693,-0.03,0.046396142751363056,0.19928412288773678,1.0,0.0,591.4311709523947,61.195439144620494,-7.391999999999996,0.33199999999999985,6.692453989678598,6.558936084347149e-08,1.423521191653392,71.35985925552326,-5.525167581838275,-2.8116999999999734,0.0,-1.374245303406269,flare,-5.348108616791112,0.2672358012898375,0.18587623230502537,
100.342,63.96981672,-22.60419847,139.117,3.753,-0.1636,2.0539,357.2081,-0.0117,0.4082,-0.0026,57.474,61.54,0.0885,103.3887,-9.964,0.0,0.0,0.0,-0.03,966.2,0.0,3.7,150.0,0,100.342,0.001547077708807798,0.023263948105218757,-0.03,0.04639918811833421,0.19891949915141516,1.0,0.0,594.5858564493133,60.8900868610233,-7.38300000000001,0.2530000000000001,6.692453989678598,5.465780070289291e-08,1.418237121988802,71.26381677020373,-5.524832195260075,-2.8118999999999232,0.0,-1.3647684576420716,flare,-5.3416837764903065,0.2764248545255068,0.1970014569644576,
100.433,63.9698426,-22.60420415,139.126,3.69,-0.1647,2.0916,357.2078,-0.0114,0.4179,-0.0049,57.359,61.423,0.1008,103.1923,-9.9447,0.0,0.0,0.0,-0.03,965.2,0.0,3.7,150.0,0,100.433,0.0019218031223297016,0.021896085309210972,-0.03,0.04640375607116376,0.19867020444060232,1.0,0.0,597.470777303673,60.61079542217352,-7.373999999999995,0.18999999999999995,6.692453989678598,4.554816725241076e-08,1.4133918256144178,71.17626851546501,-5.524627486900897,-2.8121999999999616,0.0,-1.3555837127415282,flare,-5.335791312801106,0.2850075771766143,0.204601966796762,
100.533,63.96987079,-22.60421033,139.137,3.617,-0.1658,2.1338,357.2072,-0.0104,0.4279,-0.0073,57.233,61.296,0.1154,102.9788,-9.9239,0.0,0.0,0.0,-0.03,964.0,0.0,3.7,150.0,0,100.533,0.002330900279248982,0.020627204849979763,-0.03,0.04641289162532103,0.19867020444060232,1.0,0.0,600.6132008729819,60.30691723077632,-7.3629999999999995,0.11699999999999999,6.692453989678598,3.795680604367563e-08,1.408109046616024,71.07982519174173,-5.524503515819845,-2.8127999999999247,0.0,-1.346894284310491,flare,-5.329365594661915,0.2945166123406313,0.204601966796762,
100.633,63.9698989,-22.60421646,139.176,3.588,-0.2264,2.3717,357.2405,-0.9791,3.9231,0.6609,57.076,61.134,0.5588,102.7166,-9.7907,1.0,0.0,0.0,-0.03,962.9,0.0,3.7,150.0,1,100.633,0.0017323417152329545,0.029436209425262067,-0.03,0.04590516171668868,0.19867020444060232,1.0,0.0,603.7467071575709,60.0054918388476,-7.324000000000012,0.08800000000000008,6.692453989678598,3.163067170306303e-08,1.4028649109966773,70.98317893220226,-5.464846452917442,-2.7794999999999845,-0.27794999999998266,-1.3671766221004513,flare,-5.322985619893769,0.21411819058682546,0.204601966796762,
100.725,63.96992693,-22.60422254,139.242,3.558,-0.3082,2.7459,357.3135,-0.6117,3.3222,0.7781,56.936,60.991,0.7016,102.4785,-9.7557,1.0,0.0,0.0,-0.03,961.7,0.0,3.7,150.0,1,100.725,0.005257002480614392,0.031063397987892066,-0.03,0.044787134606936396,0.19867020444060232,1.0,0.0,606.8712961590243,59.7065192463868,-7.25800000000001,0.05799999999999983,6.692453989678598,2.6358893085885856e-08,1.397659625234113,70.89408186899838,-5.458028653811624,-2.7065000000000055,-0.5243908599999799,-1.3812277592217566,flare,-5.316651668743226,0.21338797885082883,0.204601966796762,
100.825,63.96995258,-22.6042281,139.314,3.539,-0.3465,2.9998,357.3834,-0.2015,2.1505,0.7389,56.807,60.86,0.8304,102.2576,-9.7437,1.0,0.0,0.0,-0.03,960.6,0.0,3.7,150.0,1,100.825,0.007738527561072239,0.03245912832866166,-0.03,0.04371027686861473,0.19867020444060232,1.0,0.0,609.7305794152248,59.43311600483999,-7.186000000000007,0.039000000000000146,6.692453989678598,2.196574423823821e-08,1.3928889415294123,70.79705715692133,-5.463042273991533,-2.636600000000044,-0.7828069514000066,-1.3729343265652212,flare,-5.310845470020325,0.22971677399425516,0.204601966796762,
100.917,63.9699805,-22.60423416,139.406,3.553,-0.3514,3.1672,357.4541,0.1151,1.1605,0.6634,56.662,60.713,0.99,102.0089,-9.73,0.0,0.0,0.0,-0.03,959.5,0.0,3.7,150.0,0,100.917,0.008994614411724222,0.034311369232344485,-0.03,0.04261495015740813,0.19867020444060232,1.0,0.0,612.842906317256,59.13512756725459,-7.093999999999994,0.052999999999999936,6.692453989678598,1.830478686519851e-08,1.3876742006767933,70.70761220810236,-5.46860708380882,-2.565900000000056,0.0,-1.3914027474703643,flare,-5.304497642363867,0.2476942526643544,0.204601966796762,
101.017,63.97000603,-22.6042397,139.504,3.554,-0.3319,3.2439,357.5112,0.3201,0.4806,0.5708,56.526,60.575,1.1239,101.7762,-9.7155,0.0,0.0,0.0,-0.03,958.4,0.0,3.7,150.0,0,101.017,0.0091304676046714,0.03563135364853928,-0.03,0.04172590434462631,0.19867020444060232,1.0,0.0,615.6888127073489,58.862708869884244,-6.996000000000009,0.053999999999999826,6.692453989678598,1.5253989054332093e-08,1.382895620884276,70.61020972949711,-5.472900418226345,-2.5088000000000648,0.0,-1.3885479522457889,flare,-5.298679660849844,0.262952854311548,0.204601966796762,
101.117,63.97003382,-22.60424573,139.622,3.594,-0.2926,3.2659,357.563,0.4645,-0.0567,0.453,56.377,60.422,1.2373,101.5196,-9.6966,0.0,0.0,0.0,-0.03,957.2,0.0,3.7,150.0,0,101.117,0.008434933363390296,0.036296930068138555,-0.03,0.04091602961523233,0.19867020444060232,1.0,0.0,618.7866481460228,58.56619530292774,-6.877999999999986,0.09399999999999986,6.692453989678598,1.2711657545276743e-08,1.3776817905274186,70.51261054278486,-5.476029542394912,-2.4569999999999936,0.0,-1.3977708656779793,flare,-5.292330572210082,0.27725563389370933,0.204601966796762,
101.208,63.97006155,-22.60425175,139.749,3.641,-0.2421,3.2422,357.6025,0.5404,-0.4221,0.3258,56.226,60.27,1.3064,101.2626,-9.674,0.0,0.0,0.0,-0.03,956.1,0.0,3.7,150.0,0,101.208,0.0071207903290330665,0.035958337255016126,-0.03,0.040296354650072974,0.19867020444060232,1.0,0.0,621.877795151643,58.270174007885394,-6.751000000000005,0.14100000000000001,6.692453989678598,1.0593047954397286e-08,1.3724624727329813,70.42361637582378,-5.4771213562524395,-2.417500000000018,0.0,-1.4215499378291454,flare,-5.285973564906586,0.2884957206797587,0.204601966796762,
101.308,63.9700869,-22.60425726,139.87,3.705,-0.1914,3.1938,357.6274,0.5582,-0.6372,0.2067,56.088,60.13,1.3283,101.0282,-9.6502,0.0,0.0,0.0,-0.03,955.1,0.0,3.7,150.0,0,101.308,0.005579276357937313,0.03477771101799815,-0.03,0.039904799855571604,0.19869850779845694,1.0,0.0,624.7036362417821,57.99923212660596,-6.6299999999999955,0.20500000000000007,6.692453989678598,8.827539961997738e-09,1.3676717577966935,70.32563816368403,-5.476330692546355,-2.392599999999902,0.0,-1.4177726707537561,flare,-5.280137498084365,0.2961089493346023,0.20373928974451339,
101.45,63.97012597,-22.60426574,140.056,3.766,-0.1142,3.0906,357.6447,0.5169,-0.802,0.0295,55.878,59.917,1.2887,100.6709,-9.608,0.0,0.0,0.0,-0.03,953.5,0.0,3.7,150.0,0,101.45,0.002929945816536772,0.031551842162767435,-0.03,0.03963233896104823,0.19897942295108165,1.0,0.0,629.0588873915739,57.58224498944988,-6.443999999999988,0.266,6.692453989678598,7.356283301664781e-09,1.3602803387728544,70.18592328448167,-5.471778805868098,-2.3752999999999247,0.0,-1.4233272679067481,flare,-5.271131203549519,0.3028302890470389,0.19517379174750538,
101.55,63.97015346,-22.6042717,140.18,3.795,-0.0648,3.0082,357.6423,0.4509,-0.832,-0.0848,55.732,59.769,1.2146,100.4239,-9.5752,0.0,0.0,0.0,-0.03,952.4,0.0,3.7,150.0,0,101.55,0.0010601084878197886,0.02821299638093039,-0.03,0.03967015732453727,0.19911320936765836,1.0,0.0,632.123281006227,57.28917265706237,-6.319999999999993,0.29499999999999993,6.692453989678598,6.130236084720651e-09,1.3550713602667392,70.08747734289342,-5.466562255388169,-2.3777000000000044,0.0,-1.4266611526425066,flare,-5.264782683032186,0.30453832310428375,0.19109233721077779,
101.642,63.97018089,-22.60427765,140.296,3.858,-0.024,2.9258,357.6291,0.3515,-0.7997,-0.1859,55.588,59.625,1.1095,100.1818,-9.5406,0.0,0.0,0.0,-0.03,951.3,0.0,3.7,150.0,0,101.642,-0.0006098036522269035,0.024250471770174975,-0.03,0.03987804133495143,0.19940437176799017,1.0,0.0,635.1809861878264,56.99659259693715,-6.204000000000008,0.3580000000000001,6.692453989678598,5.108530070600542e-09,1.349857083814792,69.99672926408618,-5.460035147557619,-2.390899999999988,0.0,-1.4392571743390379,flare,-5.258426476783804,0.30428044947276334,0.18220500431719877,
101.742,63.97020597,-22.60428308,140.392,3.885,0.0041,2.8551,357.6086,0.2455,-0.7258,-0.2651,55.459,59.495,0.993,99.9648,-9.5081,0.0,0.0,0.0,-0.03,950.3,0.0,3.7,150.0,0,101.742,-0.001867312453708414,0.02001875543382914,-0.03,0.04020049733753195,0.19952937409389418,1.0,0.0,637.9767299266064,56.72958072051816,-6.108000000000004,0.3849999999999998,6.692453989678598,4.2571083921671186e-09,1.3450898581901398,69.8979158190249,-5.453312998693264,-2.411399999999958,0.0,-1.4256883403082043,flare,-5.252614150987247,0.30290761356266493,0.17838745851710236,
101.833,63.97023328,-22.60428899,140.484,3.876,0.0232,2.787,357.5788,0.1255,-0.6158,-0.3355,55.322,59.356,0.8513,99.7335,-9.4724,0.0,0.0,0.0,-0.03,949.3,0.0,3.7,150.0,0,101.833,-0.002855244060704698,0.014877840175140267,-0.03,0.04066837666910339,0.19948769212607212,1.0,0.0,641.0210585833464,56.43896507887129,-6.015999999999991,0.3759999999999999,6.692453989678598,3.547590326805932e-09,1.339889435702113,69.80782207968943,-5.4455129534386515,-2.4411999999999807,0.0,-1.4329434462342412,flare,-5.246272490578642,0.30070704122276126,0.17966055303149808,
101.933,63.97025825,-22.60429438,140.555,3.875,0.0302,2.7353,357.5458,0.015,-0.4893,-0.3849,55.199,59.233,0.7135,99.5265,-9.4402,0.0,0.0,0.0,-0.03,948.4,0.0,3.7,150.0,0,101.933,-0.0033819537639103725,0.009941844475614886,-0.03,0.041185295374644104,0.19948306169249275,1.0,0.0,643.804540564745,56.17391723197744,-5.944999999999993,0.375,6.692453989678598,2.9563252723382767e-09,1.3351389316949842,69.70864323259329,-5.438358483955227,-2.474199999999996,0.0,-1.4144940420311232,flare,-5.2404784179968935,0.2986543137548363,0.17980197222165728,
102.033,63.97028543,-22.60430025,140.619,3.851,0.0264,2.6928,357.5055,-0.0995,-0.3399,-0.4225,55.068,59.101,0.562,99.3063,-9.4062,0.0,0.0,0.0,-0.03,947.4,0.0,3.7,150.0,0,102.033,-0.0035140466732097586,0.004407422226385821,-0.03,0.04181482830715055,0.1993719851147668,1.0,0.0,646.8343779291482,55.885266398110275,-5.881,0.351,6.692453989678598,2.4636043936152305e-09,1.3299520296272092,69.60927629144737,-5.430859723780429,-2.514499999999998,0.0,-1.4049945836646645,flare,-5.234150920545153,0.2968869664511704,0.18319388741517173,
102.125,63.9703103,-22.60430561,140.664,3.853,0.0133,2.6671,357.4658,-0.1953,-0.2004,-0.4428,54.952,58.983,0.427,99.1092,-9.3768,0.0,0.0,0.0,-0.03,946.5,0.0,3.7,150.0,0,102.125,-0.003231926366878357,-0.00048079126709132947,-0.03,0.0424331001971997,0.19938123754599862,1.0,0.0,649.6067127504148,55.62169225428915,-5.836000000000013,0.3530000000000002,6.692453989678598,2.053003661346025e-09,1.3252074545138657,69.51772692996887,-5.424711224795573,-2.554200000000037,0.0,-1.391892309260368,flare,-5.228361957078693,0.2963444529677943,0.1829113851436528,
102.217,63.97033737,-22.60431143,140.7,3.784,-0.0106,2.6541,357.421,-0.2866,-0.0417,-0.4504,54.828,58.857,0.2871,98.899,-9.3471,0.0,0.0,0.0,-0.03,945.6,0.0,3.7,150.0,0,102.217,-0.002494759703121907,-0.005874375103070595,-0.03,0.04312851595066569,0.1990624448906781,1.0,0.0,652.6242885292494,55.33549538744578,-5.800000000000011,0.2839999999999998,6.692453989678598,1.710836384455021e-09,1.3200472291702692,69.42598357913397,-5.419076690096205,-2.5989999999999327,0.0,-1.3878862890509245,flare,-5.222064700383326,0.29734445272014476,0.19264118312880285,
102.317,63.97036213,-22.60431676,140.721,3.747,-0.0399,2.6559,357.3798,-0.355,0.1011,-0.4454,54.717,58.745,0.1707,98.7107,-9.3224,0.0,0.0,0.0,-0.03,944.8,0.0,3.7,150.0,0,102.317,-0.0014606560713949501,-0.010386702312674773,-0.03,0.043765886012156696,0.19889185234695483,1.0,0.0,655.3843614213221,55.07339533582521,-5.778999999999996,0.2469999999999999,6.692453989678598,1.4256969870458508e-09,1.315308186772171,69.32609445254741,-5.41510507950855,-2.64020000000005,0.0,-1.3626238991372137,flare,-5.216280378691133,0.30007969140254076,0.1978445871281913,
102.417,63.97038909,-22.60432256,140.732,3.676,-0.0783,2.6723,357.336,-0.4123,0.2424,-0.4289,54.598,58.625,0.0586,98.5093,-9.2985,0.0,0.0,0.0,-0.03,943.9,0.0,3.7,150.0,0,102.417,1.2951303648367496e-05,-0.01490952538594445,-0.03,0.044441173779702026,0.19867020444060232,1.0,0.0,658.3896751007344,54.78818262385725,-5.768000000000001,0.17600000000000016,6.692453989678598,1.188080822538209e-09,1.3101398275184228,69.22602145379075,-5.412292127716313,-2.683999999999969,0.0,-1.3469308173974577,flare,-5.209970897841295,0.3053556298393634,0.204601966796762,
102.508,63.97041376,-22.60432786,140.734,3.601,-0.1178,2.699,357.2976,-0.4487,0.3533,-0.4054,54.491,58.517,-0.0278,98.3282,-9.2796,0.0,0.0,0.0,-0.03,943.1,0.0,3.7,150.0,0,102.508,0.0016290186498493786,-0.018429285679755075,-0.03,0.045031228343157426,0.19867020444060232,1.0,0.0,661.139715600153,54.52755588618213,-5.765999999999991,0.10099999999999998,6.692453989678598,9.90067352115174e-10,1.305407689488632,69.1348279551244,-5.411249301137275,-2.7223999999999933,0.0,-1.3313756681635294,flare,-5.204192901245754,0.3125004575167516,0.204601966796762,
102.608,63.97044061,-22.60433363,140.735,3.562,-0.1804,2.7899,357.2667,-1.3962,3.4643,0.1256,54.351,58.373,0.267,98.0952,-9.169,1.0,0.0,0.0,-0.03,942.3,0.0,3.7,150.0,1,102.608,0.001263805184746003,-0.012691548144129677,-0.03,0.045504680487012505,0.19867020444060232,1.0,0.0,664.1327673511636,54.2438172665885,-5.764999999999986,0.06199999999999983,6.692453989678598,8.25056126762645e-10,1.3002430459194976,69.03440283319925,-5.35994570388263,-2.7532999999999674,-0.2753300000000202,-1.3376142437850163,flare,-5.197885665597752,0.24460152107445055,0.204601966796762,
102.75,63.97047852,-22.60434167,140.798,3.493,-0.3981,3.4404,357.3329,-1.2761,4.3855,0.6449,54.16,58.178,0.4887,97.772,-9.0889,1.0,0.0,0.0,-0.03,941.0,0.0,3.7,150.0,1,102.75,0.008870023178089437,-0.00942157531382562,-0.03,0.04448887730789641,0.19867020444060232,1.0,0.0,668.3587130095252,53.848432508571825,-5.701999999999998,-0.007000000000000117,6.692453989678598,6.875467723022042e-10,1.2930544581067982,68.89125372617328,-5.330961096115971,-2.6870999999999867,-0.6529885140000071,-1.3382920782168573,flare,-5.1891047349646815,0.2141114417482637,0.204601966796762,
102.842,63.97050298,-22.60434686,140.851,3.478,-0.4973,3.7994,357.3953,-0.7901,3.1912,0.6855,54.038,58.055,0.6034,97.5634,-9.0826,0.0,0.0,0.0,-0.03,940.2,0.0,3.7,150.0,0,102.842,0.013805108535050237,-0.008029176741733313,-0.03,0.04352634382648635,0.19867020444060232,1.0,0.0,671.0853452747199,53.59320325279433,-5.649000000000001,-0.021999999999999797,6.692453989678598,5.729556435851701e-10,1.2883998030647983,68.7985199966283,-5.338583333395235,-2.6246999999999616,0.0,-1.3371825216991207,flare,-5.183417796281319,0.23419697402558093,0.204601966796762,
102.942,63.97052961,-22.60435251,140.921,3.483,-0.5535,4.0584,357.4626,-0.3092,1.9291,0.6515,53.902,57.916,0.7553,97.3284,-9.0854,1.0,0.0,0.0,-0.03,939.4,0.0,3.7,150.0,1,102.942,0.017521081743703537,-0.005897343146973627,-0.03,0.04248285334866919,0.19867020444060232,1.0,0.0,674.0538741958413,53.31535244137614,-5.579000000000008,-0.016999999999999904,6.692453989678598,4.774630363209751e-10,1.2833205740322755,68.69752365404277,-5.3529852599747585,-2.557399999999916,-0.25573999999997704,-1.3392568379082945,flare,-5.177211020369148,0.2652971138033209,0.204601966796762,
103.033,63.97055619,-22.60435817,141.005,3.484,-0.5675,4.2045,357.5248,0.0463,0.95,0.5811,53.761,57.773,0.9137,97.0856,-9.0886,0.0,0.0,0.0,-0.03,938.5,0.0,3.7,150.0,0,103.033,0.019627114639263088,-0.003713803771938834,-0.03,0.0415135792454594,0.19867020444060232,1.0,0.0,677.0168291093457,53.03701363809509,-5.4950000000000045,-0.016000000000000014,6.692453989678598,3.9788586360081256e-10,1.278213884841843,68.6054586291461,-5.36811736514025,-2.4951999999999543,0.0,-1.358365357139394,flare,-5.170969528426378,0.2975494357744761,0.204601966796762,
103.133,63.97058049,-22.60436335,141.095,3.481,-0.5528,4.2618,357.5745,0.287,0.2657,0.4926,53.63,57.64,1.0401,96.8591,-9.0898,0.0,0.0,0.0,-0.03,937.7,0.0,3.7,150.0,0,103.133,0.020419454584297836,-0.0022423757707840386,-0.03,0.04073580464215032,0.19867020444060232,1.0,0.0,679.7256252675014,52.7822805456783,-5.405000000000001,-0.019000000000000128,6.692453989678598,3.3157155300067713e-10,1.2735275618775397,68.5041265232367,-5.381254540533689,-2.445500000000038,0.0,-1.3539685064903653,flare,-5.16524079360722,0.32601572492564834,0.204601966796762,
103.233,63.97060694,-22.604369,141.204,3.524,-0.5154,4.2618,357.6187,0.4646,-0.2835,0.3788,53.485,57.493,1.1396,96.6099,-9.0882,0.0,0.0,0.0,-0.03,936.8,0.0,3.7,150.0,0,103.233,0.020324154028738772,-0.0016229464026356888,-0.03,0.04004168886727366,0.19867020444060232,1.0,0.0,682.674088375608,52.50443673855046,-5.295999999999992,0.02400000000000002,6.692453989678598,2.763096275005643e-10,1.26840058815672,68.40261949364158,-5.394062139691101,-2.401299999999992,0.0,-1.36269864226396,flare,-5.158972271195893,0.354797114260597,0.204601966796762,
103.333,63.97063332,-22.60437465,141.321,3.593,-0.4636,4.2148,357.651,0.5681,-0.6621,0.2549,53.339,57.345,1.1913,96.361,-9.0829,0.0,0.0,0.0,-0.03,936.0,0.0,3.7,150.0,0,103.333,0.01949005798259007,-0.002162168393717606,-0.03,0.03953303469860714,0.19867020444060232,1.0,0.0,685.6147481113703,52.226595655139484,-5.179000000000002,0.09299999999999997,6.692453989678598,2.3025802291713691e-10,1.2632567336098035,68.3009364353571,-5.404738147781842,-2.3689999999999145,0.0,-1.371544220239972,flare,-5.152681934646948,0.38039343732567765,0.204601966796762,
103.425,63.97065745,-22.60437982,141.43,3.635,-0.4094,4.144,357.6695,0.6097,-0.8862,0.1387,53.207,57.211,1.1949,96.1347,-9.0746,0.0,0.0,0.0,-0.03,935.2,0.0,3.7,150.0,0,103.425,0.01828582329173961,-0.0036604571338471614,-0.03,0.03924116780467701,0.19867020444060232,1.0,0.0,688.3045933950092,51.97235911521065,-5.069999999999993,0.1349999999999998,6.692453989678598,1.9188168576428076e-10,1.2585381392554247,68.20726573910018,-5.412435963684857,-2.350500000000011,0.0,-1.3772931646450335,flare,-5.146910608182051,0.4007123273345883,0.204601966796762,
103.525,63.9706837,-22.60438546,141.547,3.678,-0.3481,4.0483,357.6776,0.6062,-1.0206,0.0145,53.064,57.067,1.1534,95.8915,-9.0619,0.0,0.0,0.0,-0.03,934.3,0.0,3.7,150.0,0,103.525,0.01668789855827063,-0.00634329552923707,-0.03,0.039113256217825576,0.19867020444060232,1.0,0.0,691.2307613269579,51.695013027778266,-4.953000000000003,0.17799999999999994,6.692453989678598,1.599014048035673e-10,1.2533740255404413,68.10524558919055,-5.418510266570792,-2.342399999999998,0.0,-1.3820846951318382,flare,-5.140593233150726,0.4194046760594823,0.204601966796762,
103.625,63.97070989,-22.60439109,141.658,3.733,-0.289,3.9433,357.6736,0.5635,-1.0646,-0.1022,52.924,56.926,1.0702,95.6532,-9.046,0.0,0.0,0.0,-0.03,933.4,0.0,3.7,150.0,0,103.625,0.014983125087095928,-0.009862940234242473,-0.03,0.03917643163505935,0.1988273685432715,1.0,0.0,694.1502408250607,51.41815921243438,-4.842000000000013,0.2330000000000001,6.692453989678598,1.332511706696394e-10,1.2482054943540664,68.00304865332866,-5.422440328292225,-2.3463999999999032,0.0,-1.3837133592107698,flare,-5.134269270179566,0.43487160397534197,0.19981088965424476,
103.717,63.97073384,-22.60439624,141.751,3.775,-0.2398,3.846,357.6601,0.497,-1.0431,-0.1993,52.798,56.799,0.9642,95.44,-9.0291,0.0,0.0,0.0,-0.03,932.7,0.0,3.7,150.0,0,103.717,0.013461365414616344,-0.01374497711725639,-0.03,0.03938951596570628,0.19902092659156226,1.0,0.0,696.8200206377254,51.1649095512716,-4.748999999999995,0.2749999999999999,6.692453989678598,1.110426422246995e-10,1.2434659784933872,67.90890484081318,-5.4243815440381695,-2.359899999999925,0.0,-1.3824271644999087,flare,-5.128469189429069,0.4465478594990895,0.19390777707036655,
103.817,63.97075991,-22.60440185,141.839,3.809,-0.1942,3.7447,357.6358,0.4013,-0.9654,-0.292,52.664,56.664,0.8229,95.2136,-9.0087,0.0,0.0,0.0,-0.03,931.8,0.0,3.7,150.0,0,103.817,0.011973195902440614,-0.018617137707992087,-0.03,0.03977254921887985,0.19917785031092547,1.0,0.0,699.7261232689282,50.88904028010447,-4.661000000000001,0.30900000000000016,6.692453989678598,9.253553518724958e-11,1.2382897667561392,67.80637080135276,-5.424989040903341,-2.3841999999999643,0.0,-1.3785701495453788,flare,-5.122133557436651,0.45701983165592,0.18911982727127885,
103.917,63.97078592,-22.60440745,141.913,3.806,-0.1589,3.6528,357.6029,0.2928,-0.8527,-0.3693,52.534,56.534,0.6633,94.9938,-8.9871,0.0,0.0,0.0,-0.03,931.0,0.0,3.7,150.0,0,103.917,0.010774017145485482,-0.0240341927339415,-0.03,0.04029007023558784,0.19916399570196774,1.0,0.0,702.625537467077,50.6136632808515,-4.586999999999989,0.30600000000000005,6.692453989678598,7.711294598937465e-11,1.2331092231154168,67.70366048765977,-5.424508723724244,-2.417100000000005,0.0,-1.3714274086776093,flare,-5.115791437301983,0.4658605921814516,0.18954262597095983,
104.008,63.97080971,-22.60441257,141.966,3.827,-0.1363,3.5794,357.5666,0.187,-0.7261,-0.4259,52.418,56.417,0.508,94.7984,-8.967,0.0,0.0,0.0,-0.03,930.2,0.0,3.7,150.0,0,104.008,0.009989317999465175,-0.029102422239575876,-0.03,0.04085962792269282,0.19926101204564556,1.0,0.0,705.2774815147435,50.361889657525076,-4.533999999999992,0.32699999999999996,6.692453989678598,6.426078832447887e-11,1.2283620560530257,67.6100736646147,-5.423542031730534,-2.453399999999988,0.0,-1.3626363055910407,flare,-5.109978824354897,0.47316898840090005,0.18658168345798032,
104.108,63.9708356,-22.60441814,142.008,3.794,-0.123,3.5137,357.5217,0.07,-0.5669,-0.4718,52.296,56.294,0.3344,94.5918,-8.9452,0.0,0.0,0.0,-0.03,929.4,0.0,3.7,150.0,0,104.108,0.009527998495983292,-0.034849055973771,-0.03,0.04156199614526079,0.19910859351167776,1.0,0.0,708.163519017805,50.08798713977345,-4.49199999999999,0.29400000000000004,6.692453989678598,5.3550656937065724e-11,1.2231859676887247,67.50702534916819,-5.422186652249678,-2.498299999999972,0.0,-1.3496693687191184,flare,-5.103639890703258,0.4806847523283597,0.1912331771422462,
104.25,63.97087219,-22.60442602,142.038,3.714,-0.1235,3.4482,357.452,-0.0846,-0.3433,-0.51,52.131,56.127,0.0946,94.3105,-8.9162,0.0,0.0,0.0,-0.03,928.3,0.0,3.7,150.0,0,104.25,0.009621998935318565,-0.042743316124216696,-0.03,0.04264757238988959,0.1987399117694956,1.0,0.0,712.2423181173143,49.70049274322843,-4.461999999999989,0.21399999999999997,6.692453989678598,4.462554744755477e-11,1.215839302676791,67.3601412768289,-5.420742427106717,-2.5679999999999836,0.0,-1.3326059561979207,flare,-5.0946407176692095,0.49207806654483655,0.20247720114736723,
104.35,63.97089795,-22.60443156,142.039,3.671,-0.1364,3.4195,357.4004,-0.18,-0.2008,-0.52,52.018,56.013,-0.0633,94.1197,-8.8977,0.0,0.0,0.0,-0.03,927.6,0.0,3.7,150.0,0,104.35,0.010205204466465168,-0.04773431424813929,-0.03,0.043447461941603205,0.19867020444060232,1.0,0.0,715.1138641570186,49.42806509593163,-4.461000000000013,0.17099999999999982,6.692453989678598,3.718795620629564e-11,1.2106609149094507,67.25667356406375,-5.420463918084579,-2.6195999999999913,0.0,-1.314187232907206,flare,-5.088296111716806,0.5012257463327021,0.204601966796762,
104.442,63.97092366,-22.6044371,142.025,3.586,-0.1583,3.4064,357.3484,-0.2611,-0.0444,-0.5165,51.91,55.903,-0.2089,93.9348,-8.8816,0.0,0.0,0.0,-0.03,926.8,0.0,3.7,150.0,0,104.442,0.011200619640447551,-0.05221176077914658,-0.03,0.04425023923778015,0.19867020444060232,1.0,0.0,717.9798363593344,49.155639394271184,-4.474999999999994,0.08599999999999985,6.692453989678598,3.0989963505246363e-11,1.2054669484701095,67.1613227243932,-5.421298018141812,-2.6715999999998985,0.0,-1.3014350338682164,flare,-5.081931234367291,0.512081388439686,0.204601966796762,
104.542,63.97094718,-22.60444216,142.001,3.52,-0.1849,3.4077,357.3016,-0.3188,0.0863,-0.5035,51.814,55.805,-0.3282,93.7703,-8.8693,0.0,0.0,0.0,-0.03,926.2,0.0,3.7,150.0,0,104.542,0.012438728575071223,-0.05585518548156726,-0.03,0.04496985125045905,0.19867020444060232,1.0,0.0,720.6016827143927,48.90681590098113,-4.498999999999995,0.020000000000000018,6.692453989678598,2.5824969587705302e-11,1.200713954115599,67.05752304405678,-5.423268412862569,-2.718399999999974,0.0,-1.2703954853347315,flare,-5.076105702183824,0.5238366678356456,0.204601966796762,
104.633,63.97097277,-22.60444762,142.008,3.469,-0.3213,3.765,357.3127,-1.7315,5.4267,0.527,51.661,55.648,0.1863,93.5211,-8.6911,1.0,0.0,0.0,-0.03,925.4,0.0,3.7,150.0,1,104.633,0.012660340697428829,-0.04553225362663085,-0.03,0.04479942369253165,0.19867020444060232,1.0,0.0,723.4542790767231,48.63831436727231,-4.49199999999999,-0.03100000000000014,6.692453989678598,2.1520807989754416e-11,1.1955850599635385,66.96291346461317,-5.329360169389673,-2.707300000000032,-0.2463642999999866,-1.3077521395150993,flare,-5.0698183345712575,0.39168603485649633,0.204601966796762,
104.733,63.97099616,-22.60445257,142.033,3.429,-0.4624,4.2509,357.3703,-0.0516,4.4525,0.6335,51.532,55.515,0.5271,93.3034,-8.6021,1.0,1.0,0.0,-0.03,924.7,0.0,3.7,150.0,1,104.733,0.016295053196488607,-0.03867235146294287,-0.03,0.04391255529708904,0.19867020444060232,1.0,0.0,726.0616353357952,48.39488524286224,-4.467000000000013,-0.07100000000000017,6.692453989678598,1.793400665812868e-11,1.1909350244076726,66.85879725550521,-5.287489409571947,-2.649699999999939,-0.508870657000003,-1.3061383086500846,flare,-5.064116989685257,0.3371184930718307,0.204601966796762,
104.833,63.97102163,-22.6044579,142.096,3.407,-0.3673,4.5946,357.4232,1.226,2.4909,0.4695,51.397,55.378,0.6637,93.0742,-8.5691,0.0,1.0,0.0,-0.03,923.9,0.0,3.7,150.0,1,104.833,0.012841499620714902,-0.03679168954841999,-0.03,0.04309442305046063,0.19867020444060232,1.0,0.0,728.9008567132419,48.1327575632072,-4.403999999999996,-0.09299999999999997,6.692453989678598,1.4945005548440566e-11,1.1859322318927736,66.75452782117614,-5.280244485541829,-2.59680000000003,-0.7634619504299915,-1.3101257351364457,flare,-5.057982076989305,0.3354437279785092,0.204601966796762,
104.933,63.97104704,-22.60446322,142.165,3.417,-0.2785,4.7893,357.4684,0.531,1.3399,0.4296,51.267,55.246,0.7133,92.8509,-8.5611,0.0,0.0,1.0,-0.03,923.1,0.0,3.7,150.0,1,104.933,0.010452238661199764,-0.0369534579691837,-0.03,0.042392666677554036,0.19867020444060232,1.0,0.0,731.7333896568426,47.87112215564067,-4.335000000000008,-0.08300000000000018,6.692453989678598,1.2454171290367138e-11,1.180925928401477,66.65010532127903,-5.287928858088975,-2.5516000000000076,-1.0109873309257136,-1.309205213760391,flare,-5.051841762742569,0.3563016344338852,0.204601966796762,
105.033,63.97107239,-22.60446854,142.24,3.423,-0.2407,4.8814,357.5093,0.2391,0.4794,0.3832,51.134,55.112,0.7631,92.6248,-8.5506,0.0,0.0,0.0,-0.03,922.4,0.0,3.7,150.0,0,105.033,0.009934596802053441,-0.03713693940020665,-0.03,0.04175554995408415,0.19867020444060232,1.0,0.0,734.5592339963691,47.6094890828375,-4.259999999999991,-0.07699999999999996,6.692453989678598,1.0378476075305948e-11,1.1759040468624782,66.54552870822768,-5.294275292390012,-2.5107000000000426,0.0,-1.3110956488730918,flare,-5.045681241320441,0.37517038952961457,0.204601966796762,
105.133,63.97109768,-22.60447385,142.318,3.459,-0.2251,4.8991,357.5452,0.0733,-0.1453,0.3277,51.002,54.978,0.7949,92.3981,-8.5385,0.0,0.0,0.0,-0.03,921.6,0.0,3.7,150.0,0,105.133,0.010197255747898315,-0.03773112490945807,-0.03,0.041194682112188685,0.19867020444060232,1.0,0.0,737.3783899020494,47.34834828194877,-4.181999999999988,-0.040999999999999925,6.692453989678598,8.648730062754956e-12,1.1708786861248324,66.44079814781274,-5.299702999561703,-2.4747999999999593,0.0,-1.3119051353391793,flare,-5.039515349664532,0.3926602752677457,0.204601966796762,
105.225,63.97112082,-22.60447872,142.391,3.477,-0.2224,4.8676,357.5729,-0.0141,-0.5539,0.2701,50.88,54.855,0.798,92.191,-8.5265,0.0,0.0,0.0,-0.03,920.8,0.0,3.7,150.0,0,105.225,0.010827564780744925,-0.03889129881363049,-0.03,0.04076088863764071,0.19867020444060232,1.0,0.0,739.95787834551,47.10884838414433,-4.109000000000009,-0.02300000000000013,6.692453989678598,7.207275052295797e-12,1.1662559553043779,66.34434191471412,-5.304101657818649,-2.4470999999999776,0.0,-1.3131943918103226,flare,-5.03384249418535,0.40785321775066485,0.204601966796762,
105.325,63.971146,-22.60448402,142.469,3.47,-0.2264,4.7973,357.5968,-0.0616,-0.8536,0.2018,50.749,54.723,0.7688,91.9681,-8.513,0.0,0.0,0.0,-0.03,920.1,0.0,3.7,150.0,0,105.325,0.011727099807803565,-0.04088689233606613,-0.03,0.04038588753746175,0.19867020444060232,1.0,0.0,742.7647719807479,46.848201800980206,-4.031000000000006,-0.029999999999999805,6.692453989678598,6.00606254357983e-12,1.161213140570838,66.23931542238881,-5.308496914066637,-2.4231999999999516,0.0,-1.3129039925548287,flare,-5.027653064372643,0.4238194969637057,0.204601966796762,
105.417,63.97116902,-22.60448887,142.537,3.496,-0.233,4.7113,357.6126,-0.0785,-1.0209,0.1365,50.631,54.604,0.7108,91.7674,-8.5008,0.0,0.0,0.0,-0.03,919.3,0.0,3.7,150.0,0,105.417,0.012628091756520021,-0.04341169641072162,-0.03,0.040137616880864146,0.19867020444060232,1.0,0.0,745.3308835573084,46.60968644717844,-3.962999999999994,-0.0040000000000000036,6.692453989678598,5.005052119649859e-12,1.1565865176373176,66.14258748138279,-5.312445055521351,-2.4074000000000524,0.0,-1.310149874654591,flare,-5.0219734847049455,0.43834153308705126,0.204601966796762,
105.517,63.97119409,-22.60449416,142.603,3.492,-0.241,4.6044,357.6229,-0.0801,-1.1078,0.0642,50.506,54.477,0.6163,91.5539,-8.4878,0.0,0.0,0.0,-0.03,918.6,0.0,3.7,150.0,0,105.517,0.013599560786608178,-0.04684000989084591,-0.03,0.039975615314165935,0.19867020444060232,1.0,0.0,748.125514922896,46.349534081738646,-3.8969999999999914,-0.008000000000000007,6.692453989678598,4.1708767663748826e-12,1.1515263005882599,66.03726481983702,-5.31665033903252,-2.3970999999999094,0.0,-1.304681704231453,flare,-5.015760564987405,0.45405509001645505,0.204601966796762,
105.617,63.9712191,-22.60449944,142.658,3.494,-0.249,4.4923,357.626,-0.0762,-1.1204,-0.0073,50.384,54.354,0.4935,91.3467,-8.4753,0.0,0.0,0.0,-0.03,917.8,0.0,3.7,150.0,0,105.617,0.014530397440675857,-0.050871660343761255,-0.03,0.03992683380885276,0.19867020444060232,1.0,0.0,750.9134578554296,46.089873988387076,-3.842000000000013,-0.005999999999999783,6.692453989678598,3.4757306386457354e-12,1.1464626982543022,65.93178687359632,-5.320822656032817,-2.3940000000000055,0.0,-1.2969833674831295,flare,-5.009542375338224,0.46972600708142664,0.204601966796762,
105.708,63.97124405,-22.60450471,142.699,3.466,-0.2565,4.3816,357.6221,-0.0729,-1.0758,-0.076,50.266,54.235,0.3487,91.1466,-8.4635,0.0,0.0,0.0,-0.03,917.1,0.0,3.7,150.0,0,105.708,0.015406778399403409,-0.05533162135248382,-0.03,0.039988202307726595,0.19867020444060232,1.0,0.0,753.6947123549094,45.83070616712374,-3.8009999999999877,-0.03399999999999981,6.692453989678598,2.896442198871446e-12,1.141395742604597,65.83566079932343,-5.3250392694064885,-2.397899999999936,0.0,-1.2969579065031547,flare,-5.003318953947783,0.48547072142479664,0.204601966796762,
105.808,63.97126687,-22.60450952,142.735,3.424,-0.2876,4.3633,357.6262,-0.8449,1.4953,0.3219,50.141,54.107,0.4899,90.9381,-8.372,0.0,1.0,0.0,-0.03,916.5,0.0,3.7,150.0,1,105.808,0.01433676171748316,-0.05321535296392074,-0.03,0.0399236862381811,0.19867020444060232,1.0,0.0,756.238529267581,45.59415834499231,-3.7649999999999864,-0.07600000000000007,6.692453989678598,2.4137018323928717e-12,1.13676293038467,65.72988488969749,-5.279972830091765,-2.3938000000000557,-0.239380000000026,-1.2926890059119491,flare,-4.997627789403522,0.4260838744185147,0.204601966796762,
105.908,63.9712917,-22.60451469,142.795,3.418,-0.2522,4.4701,357.6487,0.3984,1.1705,0.2494,50.006,53.969,0.5729,90.7114,-8.288,1.0,1.0,0.0,-0.03,915.8,0.0,3.7,150.0,1,105.908,0.01113748993057917,-0.052533632338766456,-0.03,0.03956929384493757,0.19867020444060232,1.0,0.0,759.0064082683241,45.33989456615654,-3.7050000000000125,-0.08199999999999985,6.692453989678598,2.011418193660726e-12,1.131788219060184,65.62396409530452,-5.2404311964724855,-2.3713000000000193,-0.4741162000000143,-1.2978990962835952,flare,-4.991515584920117,0.3756555018289536,0.204601966796762,
106.05,63.97132677,-22.60452194,142.885,3.435,-0.2173,4.567,357.6731,0.2204,0.3422,0.114,49.816,53.774,0.6631,90.3919,-8.175,1.0,0.0,0.0,-0.03,914.8,0.0,3.7,150.0,1,106.05,0.007333575551555449,-0.0521831122644249,-0.03,0.039184327300362254,0.19867020444060232,1.0,0.0,762.9157734989684,44.983325365634144,-3.615000000000009,-0.06499999999999995,6.692453989678598,1.676181828050605e-12,1.124805256474924,65.47306634500619,-5.187743846607873,-2.346900000000005,-0.8006435499600054,-1.3015471938045509,flare,-4.982934126137126,0.3091104915631284,0.204601966796762,
106.15,63.97135145,-22.604527,142.95,3.407,-0.1996,4.5859,357.6817,-0.3757,0.2217,0.0935,49.686,53.642,0.6445,90.1736,-8.1136,0.0,1.0,0.0,-0.03,914.1,0.0,3.7,150.0,1,106.15,0.005503846291393499,-0.05377457423104243,-0.03,0.03904848280956874,0.19867020444060232,1.0,0.0,765.6669328703539,44.7344567337583,-3.5500000000000114,-0.09299999999999997,6.692453989678598,1.3968181900421708e-12,1.1199283778378106,65.36681562830661,-5.16148885074,-2.338300000000004,-1.026467114460425,-1.3014065398223111,flare,-4.97693961326436,0.27853868012401506,0.204601966796762,
106.25,63.97137608,-22.60453203,143.014,3.41,-0.2218,4.5909,357.688,-0.3259,-0.0544,0.0441,49.555,53.508,0.6555,89.9527,-8.043,1.0,1.0,0.0,-0.03,913.5,0.0,3.7,150.0,1,106.25,0.06211401129974703,0.048726159189937585,-0.03,-0.1691815449512898,0.0,1.0,0.0,768.4125189174117,44.487059859319366,-3.48599999999999,-0.08999999999999986,6.692453989678598,1.1640151583684757e-12,1.1150739044737643,65.2604336333263,-5.129437856642085,-2.3319999999999936,-1.2494024433158073,-1.3021877634748353,landing,,,,-10.903805185111494
106.342,63.97140064,-22.60453702,143.08,3.424,-0.2224,4.5934,357.6916,0.389,-0.6258,-0.1924,49.425,53.375,0.6599,89.7347,-7.9669,0.0,0.0,1.0,-0.03,912.6,0.0,3.7,150.0,1,106.342,0.0615884221432369,0.048529114382832444,-0.03,-0.16720933907066382,0.0,1.0,0.0,771.1503022769992,44.24162545807056,-3.4199999999999875,-0.07600000000000007,6.692453989678598,9.700126319737296e-13,1.1102531807072757,65.16244492947584,-5.09357832444482,-2.328399999999988,-1.452120740837298,-1.3122655557281155,landing,,,,-10.903805185111494
106.442,63.97142311,-22.60454154,143.139,3.433,-0.1979,4.5159,357.6536,0.3967,-0.8225,-0.6348,49.307,53.255,0.6725,89.537,-7.8922,0.0,1.0,1.0,-0.03,910.3,0.0,3.7,150.0,1,106.442,0.060072470991150484,0.04834814630085135,-0.03,-0.16504968270657305,0.0,1.0,0.0,773.6551072915021,44.01929943659508,-3.36099999999999,-0.06700000000000017,6.692453989678598,8.08343859978108e-13,1.1058883571000915,65.05582561542093,-5.057292845048806,-2.3663999999999987,-1.6742395334289122,-1.3002414142982883,landing,,,,-10.903805185111494
106.542,63.97144757,-22.60454643,143.206,3.429,-0.161,4.4522,357.5691,0.4604,-0.3752,-1.0952,49.18,53.125,0.6553,89.323,-7.8305,1.0,1.0,1.0,-0.03,906.2,0.0,3.7,150.0,1,106.542,0.05807175189171876,0.048148662287242544,-0.03,-0.1628311629210798,0.0,1.0,0.0,776.3817446873082,43.778768299345224,-3.294000000000011,-0.07100000000000017,6.692453989678598,6.7361988331509e-13,1.1011633796639138,64.94908920133591,-5.030025929883664,-2.450900000000047,-1.9025871380946473,-1.297492194816618,landing,,,,-10.903805185111494
106.633,63.97147196,-22.60455129,143.269,3.405,-0.1418,4.3977,357.4381,-0.01,-0.3685,-1.5179,49.052,52.995,0.6548,89.1081,-7.757,1.0,0.0,0.0,-0.03,900.6,0.0,3.7,150.0,1,106.633,0.05675626807340528,0.04794557743691716,-0.03,-0.16071856171320198,0.0,1.0,0.0,779.1005792246234,43.539709697786556,-3.2309999999999945,-0.0950000000000002,6.692453989678598,5.61349902762575e-13,1.0964603746817272,64.8518548581879,-4.995145675420019,-2.581899999999905,-2.120226495137963,-1.3074104867963348,landing,,,,-10.903805185111494
106.733,63.97149427,-22.6045557,143.327,3.41,-0.1347,4.3825,357.2849,-0.0583,-0.1891,-1.8654,48.936,52.877,0.6222,88.9141,-7.7022,0.0,0.0,1.0,-0.03,894.5,0.0,3.7,150.0,1,106.733,0.05579407449733642,0.047758097284125695,-0.03,-0.15827209234210315,0.0,1.0,0.0,781.5875498414991,43.3227792125726,-3.173000000000002,-0.08999999999999986,6.692453989678598,4.677915856354791e-13,1.0921924589797207,64.74490125455857,-4.970898232469239,-2.7350999999999885,-2.3725342301866035,-1.294009533451204,landing,,,,-10.903805185111494
106.833,63.97151855,-22.60456049,143.39,3.406,-0.1686,4.3766,357.0821,-0.0532,0.0497,-2.2248,48.808,52.747,0.625,88.6975,-7.6459,1.0,1.0,0.0,-0.03,887.0,0.0,3.7,150.0,1,106.833,0.05631631587289443,0.04754806415397392,-0.03,-0.15565704826442972,0.0,1.0,0.0,784.294123134494,43.087154452339625,-3.1100000000000136,-0.09399999999999986,6.692453989678598,3.898263213628993e-13,1.087548671102464,64.63783978415363,-4.946830250279504,-2.9378999999998996,-2.642598887884712,-1.2927359395011013,landing,,,,-10.903805185111494
106.925,63.97154076,-22.60456484,143.448,3.429,-0.1667,4.3839,356.8646,-0.1327,0.3444,-2.5288,48.688,52.625,0.6603,88.4945,-7.5994,1.0,0.0,0.0,-0.03,879.5,0.0,3.7,150.0,1,106.925,0.055506837589635816,0.04734760668712021,-0.03,-0.15308562733159792,0.0,1.0,0.0,786.7699471042989,42.87316748217301,-3.0519999999999925,-0.07100000000000017,6.692453989678598,3.248552678024161e-13,1.083330213252672,64.53928345510147,-4.928191523255208,-3.155399999999986,-2.9085837781161676,-1.29379156555436,landing,,,,-10.903805185111494
107.025,63.97156493,-22.60456957,143.511,3.427,-0.1779,4.386,356.5975,-0.2877,-0.1959,-2.8233,48.56,52.495,0.624,88.2779,-7.5577,1.0,0.0,0.0,-0.03,870.9,0.0,3.7,150.0,1,107.025,0.05505553914698963,0.047130409271748025,-0.03,-0.15006398753379013,0.0,1.0,0.0,789.4642589819532,42.64048662611491,-2.9890000000000043,-0.07299999999999995,6.692453989678598,2.7071272316868006e-13,1.0787337976366331,64.43202589001478,-4.913308384845635,-3.4224999999999,-3.221747940335023,-1.29253778686759,landing,,,,-10.903805185111494
107.117,63.97158703,-22.60457389,143.569,3.418,-0.1829,4.3861,356.3282,0.0158,-0.0328,-3.0618,48.44,52.373,0.5979,88.0732,-7.5351,0.0,1.0,0.0,-0.03,862.8,0.0,3.7,150.0,1,107.117,0.05437786270078587,0.04692318027251305,-0.03,-0.1470798167134707,0.0,1.0,0.0,791.9278210233562,42.427973747974505,-2.9310000000000116,-0.08199999999999985,6.692453989678598,2.2559393597390004e-13,1.074527526510355,64.33329087639103,-4.910030798048865,-3.6918000000000575,-3.5317534592839417,-1.2936114267966294,landing,,,,-10.903805185111494
107.217,63.97161108,-22.60457858,143.629,3.408,-0.173,4.3863,356.0124,-0.1715,0.0614,-3.2704,48.304,52.235,0.6122,87.8421,-7.5193,1.0,1.0,1.0,-0.03,853.7,0.0,3.7,150.0,1,107.217,0.05298059349637524,0.04668478025906184,-0.03,-0.14357194659597805,0.0,1.0,0.0,794.6087563769437,42.197257310742614,-2.8710000000000093,-0.09200000000000008,6.692453989678598,1.8799494664491668e-13,1.0699535593455964,64.2258419294043,-4.912602574683774,-4.007599999999911,-3.8971959246910726,-1.2996467516333026,landing,,,,-10.903805185111494
107.317,63.97163507,-22.60458327,143.691,3.4,-0.2043,4.3854,355.677,-0.2799,0.1654,-3.4459,48.166,52.096,0.6122,87.6058,-7.5186,1.0,1.0,1.0,-0.03,844.5,0.0,3.7,150.0,1,107.317,0.05305121681847452,0.0464403368671745,-0.03,-0.13979064841672673,0.0,1.0,0.0,797.2830031256647,41.9665432081003,-2.8089999999999975,-0.10000000000000009,6.692453989678598,1.5666245553743057e-13,1.065365613265985,64.11829235096621,-4.9252806585680275,-4.342999999999961,-4.292523965444135,-1.3069515923939232,landing,,,,-10.903805185111494
107.408,63.97165899,-22.60458797,143.753,3.404,-0.224,4.3944,355.3261,-0.5528,-0.2722,-3.5611,48.023,51.952,0.6458,87.3604,-7.5308,1.0,1.0,0.0,-0.03,835.4,0.0,3.7,150.0,1,107.408,0.05062062214120849,0.04618249929866933,-0.03,-0.1291020076336319,0.0,1.0,0.0,799.9494463326055,41.73534189202348,-2.747000000000014,-0.09600000000000009,6.692453989678598,1.3055204628119214e-13,1.060750715197228,64.02032851258456,-4.946934846435454,-4.693899999999985,-4.6806068973586274,-1.3309949541243264,landing,,,,-10.903805185111494
107.508,63.97168086,-22.60459229,143.812,3.415,-0.2459,4.3775,354.9954,-0.2758,-0.3022,-3.6335,47.891,51.819,0.6404,87.1328,-7.559,1.0,1.0,1.0,-0.03,827.1,0.0,3.7,150.0,1,107.508,0.04773644451272718,0.04594016891577021,-0.03,-0.11682285567231254,0.0,1.0,0.0,802.3873687236049,41.52283796398387,-2.687999999999988,-0.08499999999999996,6.692453989678598,1.0879337190099345e-13,1.0564933303095065,63.912576750573564,-4.978146346575812,-5.024599999999964,-5.136260828385011,-1.3299954128403082,landing,,,,-10.903805185111494
107.65,63.97171454,-22.60459901,143.902,3.396,-0.259,4.3898,354.4752,-0.3379,-0.1292,-3.6395,47.683,51.611,0.6103,86.7742,-7.6298,1.0,1.0,0.0,-0.03,814.6,0.0,3.7,150.0,1,107.65,0.04215284165280808,0.04555305828715803,-0.03,-0.09719974040220125,0.0,1.0,0.0,806.1417903523912,41.19228952827709,-2.598000000000013,-0.10400000000000009,6.692453989678598,9.066114325082787e-14,1.049834991637721,63.75913378943339,-5.0449263259775705,-5.544800000000009,-5.850687524621996,-1.3422493509815756,landing,,,,-10.903805185111494
107.75,63.97173823,-22.60460379,143.963,3.406,-0.2883,4.385,354.1128,-0.2266,0.095,-3.5851,47.533,51.46,0.6067,86.5123,-7.7022,1.0,1.0,0.0,-0.03,806.1,0.0,3.7,150.0,1,107.75,0.03877354486348927,0.045265771335918664,-0.03,-0.08298452162096615,0.0,1.0,0.0,808.7825925407654,40.957177664050235,-2.537000000000006,-0.09399999999999986,6.692453989678598,7.555095270902323e-14,1.0450716998708083,63.6511105134557,-5.107635975417622,-5.907199999999989,-6.382900649375745,-1.3565903190741662,landing,,,,-10.903805185111494
107.85,63.97176185,-22.60460863,144.025,3.405,-0.286,4.3903,353.7603,-0.057,-0.07,-3.4208,47.382,51.309,0.573,86.2491,-7.7839,1.0,0.0,1.0,-0.03,797.9,0.0,3.7,150.0,1,107.85,0.034043813218689045,0.044973178660518615,-0.03,-0.06859017267335465,0.0,1.0,0.0,811.4155903314652,40.719128899764804,-2.4749999999999943,-0.0950000000000002,6.692453989678598,6.295912725751935e-14,1.0402185456897888,63.5429619996465,-5.1769195383876365,-6.259700000000066,-6.945041642881963,-1.3705366537037982,landing,,,,-10.903805185111494
107.942,63.97178343,-22.60461311,144.082,3.4,-0.3055,4.3868,353.4541,-0.4317,-0.1699,-3.209,47.236,51.163,0.6154,85.9935,-7.8813,1.0,1.0,0.0,-0.03,790.6,0.0,3.7,150.0,1,107.942,0.030523610364746323,0.04468519725541084,-0.03,-0.05550417348900838,0.0,1.0,0.0,813.8211817324529,40.49879725991337,-2.4180000000000064,-0.10000000000000009,6.692453989678598,5.2465939381266127e-14,1.0357018812689789,63.44338148925767,-5.256526268296,-6.565900000000056,-7.4852100597674465,-1.3902111871615583,landing,,,,-10.903805185111494
108.033,63.97180691,-22.60461806,144.144,3.386,-0.3026,4.3864,353.1426,-0.0716,-0.0925,-2.9515,47.077,51.006,0.6145,85.7156,-7.9948,1.0,0.0,1.0,-0.03,783.0,0.0,3.7,150.0,1,108.033,0.025958730028220633,0.04436991429969481,-0.03,-0.042032996026822644,0.0,1.0,0.0,816.4385708980326,40.25536463335811,-2.3559999999999945,-0.11399999999999988,6.692453989678598,4.37216161510551e-14,1.0306817382138111,63.344728603584365,-5.34863170085589,-6.877399999999966,-8.04293804822361,-1.4226695108061964,landing,,,,-10.903805185111494
108.133,63.97182836,-22.60462267,144.2,3.405,-0.3198,4.3838,352.8834,-0.2016,0.0961,-2.6726,46.932,50.861,0.5938,85.4596,-8.1073,1.0,1.0,0.0,-0.03,776.4,0.0,3.7,150.0,1,108.133,0.02237306656230431,0.04407354078007927,-0.03,-0.02926652762582871,0.0,1.0,0.0,818.8296681001291,40.0286688672855,-2.3000000000000114,-0.0950000000000002,6.692453989678598,3.6434680125879247e-14,1.0259748956249912,63.236176997801586,-5.439262965903936,-7.136600000000044,-8.676168667741342,-1.4251541007329096,landing,,,,-10.903805185111494
108.225,63.97185169,-22.60462776,144.26,3.387,-0.3096,4.3703,352.6346,-0.0367,-0.1956,-2.2785,46.772,50.702,0.5594,85.1783,-8.2361,1.0,1.0,1.0,-0.03,769.5,0.0,3.7,150.0,1,108.225,0.017885420682104247,0.043742792513669165,-0.03,-0.01708034755056942,0.0,1.0,0.0,821.4303333608416,39.77838295578688,-2.240000000000009,-0.11299999999999999,6.692453989678598,3.0362233438232704e-14,1.0207485857961085,63.13616159156824,-5.5429010011090725,-7.385400000000004,-9.275804715998113,-1.4536974038283426,landing,,,,-10.903805185111494
108.325,63.971873,-22.60463251,144.315,3.383,-0.304,4.3732,352.4378,-0.3512,-0.0841,-1.9238,46.621,50.552,0.5748,84.9115,-8.3691,1.0,1.0,0.0,-0.03,763.6,0.0,3.7,150.0,1,108.325,0.013864485371109514,0.04342521448976874,-0.03,-0.005799036431277438,0.0,1.0,0.0,823.8058214247566,39.54483351564391,-2.1850000000000023,-0.11699999999999999,6.692453989678598,2.5301861198527253e-14,1.0158373972002515,63.02729145931636,-5.649041244383739,-7.582200000000057,-9.941266668838194,-1.4588158216621145,landing,,,,-10.903805185111494
108.417,63.97189425,-22.60463733,144.365,3.382,-0.3489,4.3503,352.2797,-0.828,-0.1089,-1.5165,46.472,50.405,0.5648,84.6472,-8.5042,1.0,1.0,1.0,-0.03,757.9,0.0,3.7,150.0,1,108.417,0.012327106171524271,0.04310873354997277,-0.03,0.003948645199677636,0.0,1.0,0.0,826.1746196866625,39.307856849164544,-2.134999999999991,-0.11799999999999988,6.692453989678598,2.1084884332106044e-14,1.0108245703489873,62.9270036259799,-5.7570504495791965,-7.740299999999934,-10.561914615484868,-1.4734294030920438,landing,,,,-10.903805185111494
108.517,63.97191736,-22.60464268,144.42,3.416,-0.3808,4.3301,352.1493,0.1633,0.1705,-1.1097,46.31,50.244,0.5306,84.3596,-8.6528,1.0,1.0,1.0,-0.03,752.4,0.0,3.7,150.0,1,108.517,0.010396305446214116,0.04275611656836928,-0.03,0.013344138112343806,0.0,1.0,0.0,828.7507556187114,39.04484112888883,-2.0800000000000125,-0.08400000000000007,6.692453989678598,1.7570736943421704e-14,1.0052245050628361,62.817769397732924,-5.876372046432579,-7.8706999999999425,-11.243365469329975,-1.4867540028109565,landing,,,,-10.903805185111494
108.608,63.97193847,-22.60464766,144.467,3.392,-0.3668,4.3297,352.0665,0.0718,-0.3087,-0.6356,46.161,50.096,0.5178,84.0936,-8.7917,1.0,1.0,1.0,-0.03,747.8,0.0,3.7,150.0,1,108.608,0.007330596159155656,0.04242642013688766,-0.03,0.020793936518146316,0.0,1.0,0.0,831.1039444011873,38.800030913689085,-2.032999999999987,-0.1080000000000001,6.692453989678598,1.4642280786184752e-14,0.999980311993187,62.718220372284506,-5.988397143431683,-7.953499999999963,-11.864819343559125,-1.5004456968610969,landing,,,,-10.903805185111494
108.75,63.97197096,-22.6046555,144.54,3.388,-0.3305,4.3341,352.0139,0.1936,-0.1593,-0.0113,45.927,49.864,0.528,83.6784,-9.0042,1.0,1.0,0.0,-0.03,741.7,0.0,3.7,150.0,1,108.75,0.0027950174098539393,0.04189884971455013,-0.03,0.03002788497574782,0.0,1.0,0.0,834.7256895569307,38.41465580843831,-1.960000000000008,-0.1120000000000001,6.692453989678598,1.2201900655153961e-14,0.9916655444012857,62.56217063649401,-6.16167096853323,-8.00610000000006,-12.833205108880566,-1.5138494811413354,landing,,,,-10.903805185111494
108.842,63.9719938,-22.60466114,144.592,3.402,-0.3185,4.3294,352.0324,0.0576,0.1049,0.417,45.763,49.701,0.5296,83.3863,-9.1449,1.0,1.0,1.0,-0.03,737.8,0.0,3.7,150.0,1,108.842,0.0008883133591859882,0.041520305718809686,-0.03,0.03429450319236793,0.0,1.0,0.0,837.2717218098662,38.13744241339538,-1.907999999999987,-0.09799999999999986,6.692453989678598,1.0168250545961633e-14,0.9856412985876009,62.46099231267882,-6.278564985113007,-7.987599999999929,-13.44999882187885,-1.5382821370059607,landing,,,,-10.903805185111494
108.942,63.97201467,-22.60466639,144.639,3.412,-0.322,4.3325,352.0885,0.061,0.3318,0.8047,45.616,49.555,0.4957,83.1245,-9.2603,1.0,1.0,1.0,-0.03,734.7,0.0,3.7,150.0,1,108.942,-0.00012284634023324026,0.04117570215784036,-0.03,0.03770282074417941,0.0,1.0,0.0,839.5981515577027,37.87941323069634,-1.86099999999999,-0.08800000000000008,6.692453989678598,8.473542121634694e-15,0.9800022783861253,62.35078923280851,-6.376698552979576,-7.9314999999999145,-14.108648833660016,-1.532074670005425,landing,,,,-10.903805185111494
109.033,63.97203547,-22.6046717,144.686,3.396,-0.2969,4.3411,352.1801,0.1252,-0.1897,1.2382,45.463,49.403,0.5478,82.8537,-9.3758,1.0,1.0,0.0,-0.03,731.9,0.0,3.7,150.0,1,109.033,-0.0016894908595266322,0.04081136223859558,-0.03,0.03945019880286926,0.0,1.0,0.0,841.9167769078648,37.61844714793873,-1.813999999999993,-0.10400000000000009,6.692453989678598,7.0612851013622446e-15,0.9742718936840349,62.25031724779423,-6.476178003617719,-7.839899999999943,-14.693691029273758,-1.5456423073975243,landing,,,,-10.903805185111494
109.125,63.97205808,-22.60467756,144.738,3.382,-0.3169,4.3398,352.3219,0.251,0.0176,1.6303,45.304,49.245,0.4974,82.5737,-9.4755,1.0,1.0,1.0,-0.03,729.1,0.0,3.7,150.0,1,109.125,-0.0009647529348639772,0.040426601816265645,-0.03,0.03961424777031497,0.0,1.0,0.0,844.4371657479484,37.330464082719786,-1.7620000000000005,-0.11799999999999988,6.692453989678598,5.884404251135204e-15,0.9679175147867748,62.14846468626138,-6.566174020947841,-7.698099999999954,-15.266734271804427,-1.5622439948673157,landing,,,,-10.903805185111494
109.225,63.97207875,-22.60468298,144.785,3.387,-0.2969,4.3357,352.4861,0.1585,0.3226,1.9586,45.155,49.095,0.5381,82.3102,-9.557,1.0,1.0,0.0,-0.03,726.7,0.0,3.7,150.0,1,109.225,-0.0016333676232088146,0.04005561953032641,-0.03,0.039283267852180836,0.0,1.0,0.0,846.7412972412601,37.06411374856479,-1.7150000000000034,-0.11299999999999999,6.692453989678598,4.903670209279336e-15,0.9620157902141171,62.03750471632859,-6.642931040324584,-7.533899999999903,-15.86745692908634,-1.5556763589702955,landing,,,,-10.903805185111494
109.317,63.97209934,-22.60468844,144.831,3.379,-0.2909,4.3455,352.6798,-0.1239,0.0009,2.2899,45.01,48.95,0.5218,82.0562,-9.6183,1.0,1.0,1.0,-0.03,724.6,0.0,3.7,150.0,1,109.317,-0.0012953188284106076,0.03969171848545802,-0.03,0.037582145919322185,0.0,1.0,0.0,849.0365099106684,36.79580677830258,-1.6690000000000111,-0.121,6.692453989678598,4.086391841066113e-15,0.9560470153410207,61.93521269394323,-6.705475228745684,-7.340199999999982,-16.396774725338737,-1.5575318678386136,landing,,,,-10.903805185111494
109.417,63.97212174,-22.60469443,144.881,3.391,-0.3014,4.3439,352.9232,-0.0163,-0.1077,2.5988,44.851,48.791,0.5297,81.78,-9.665,1.0,1.0,1.0,-0.03,722.5,0.0,3.7,150.0,1,109.417,0.00011579234628555923,0.03928670853958746,-0.03,0.03460702796680715,0.0,1.0,0.0,851.5334864128312,36.50146270005444,-1.6189999999999998,-0.10899999999999999,6.692453989678598,3.405326534221761e-15,0.9494756454933034,61.823709549512735,-6.760118912314084,-7.09680000000003,-16.942486978085398,-1.5604835162169082,landing,,,,-10.903805185111494
109.508,63.97214221,-22.60469994,144.927,3.385,-0.2893,4.3453,353.1717,-0.1211,0.399,2.8425,44.708,48.646,0.5246,81.5322,-9.6843,1.0,1.0,1.0,-0.03,720.6,0.0,3.7,150.0,1,109.508,0.0008616145428517741,0.03891191347002318,-0.03,0.03099166070420023,0.0,1.0,0.0,853.815321018989,36.23071071286868,-1.5730000000000075,-0.11500000000000021,6.692453989678598,2.8377721118514676e-15,0.9434113545280786,61.72202806380794,-6.793789297266244,-6.848299999999995,-17.41150564658479,-1.5614785212361604,landing,,,,-10.903805185111494
109.608,63.97216446,-22.60470596,144.977,3.379,-0.2868,4.3355,353.4661,-0.2555,-0.2207,3.0632,44.552,48.49,0.5106,81.2665,-9.6832,1.0,1.0,1.0,-0.03,718.8,0.0,3.7,150.0,1,109.608,0.002357242185313857,0.03850288858818848,-0.03,0.026267825092468167,0.0,1.0,0.0,856.2955754975088,35.93490265955447,-1.5229999999999961,-0.121,6.692453989678598,2.364810093209556e-15,0.9367660073636201,61.609964570998265,-6.814964662438399,-6.553899999999999,-17.89278059011898,-1.5613441102146781,landing,,,,-10.903805185111494
109.75,63.97219587,-22.60471446,145.047,3.382,-0.2689,4.3468,353.9172,0.1777,0.2258,3.3085,44.337,48.272,0.4514,80.901,-9.6383,1.0,1.0,1.0,-0.03,716.5,0.0,3.7,150.0,1,109.75,0.004321700217927604,0.03792125334203353,-0.03,0.01837832506828596,0.0,1.0,0.0,859.7969144878176,35.517233719215476,-1.453000000000003,-0.11799999999999988,6.692453989678598,1.97067507767463e-15,0.9273571355650415,61.450028785279116,-6.814022406566693,-6.102800000000002,-18.505300705739273,-1.5570477826535503,landing,,,,-10.903805185111494
109.85,63.97221795,-22.60472042,145.096,3.387,-0.2774,4.3656,354.2544,-0.1067,0.1394,3.4309,44.183,48.114,0.4715,80.6422,-9.5705,1.0,1.0,1.0,-0.03,714.9,0.0,3.7,150.0,1,109.85,0.006737747371787728,0.03749239707542493,-0.03,0.012212982576805143,0.0,1.0,0.0,862.2582189469225,35.22437190483953,-1.4039999999999964,-0.11299999999999999,6.692453989678598,1.6422292313955251e-15,0.9207444642827033,61.33726980242313,-6.788123519926614,-5.765599999999949,-18.896807698681855,-1.5554979842305114,landing,,,,-10.903805185111494
109.942,63.97223813,-22.60472584,145.14,3.382,-0.2714,4.3749,354.5717,0.1547,0.5394,3.5227,44.04,47.969,0.5214,80.4048,-9.4808,1.0,1.0,1.0,-0.03,713.5,0.0,3.7,150.0,1,109.942,0.008504866636511621,0.037093442288742645,-0.03,0.006291126882487896,0.0,1.0,0.0,864.507726837786,34.95804063791956,-1.3600000000000136,-0.11799999999999988,6.692453989678598,1.3685243594962709e-15,0.9147225777643458,61.23332331885002,-6.744885886370696,-5.4483000000000175,-19.224200667853978,-1.5553934243992817,landing,,,,-10.903805185111494
110.042,63.97226008,-22.6047317,145.19,3.386,-0.2534,4.3898,354.9225,-0.2839,0.2509,3.5338,43.891,47.817,0.4584,80.1596,-9.3722,1.0,0.0,1.0,-0.03,712.1,0.0,3.7,150.0,1,110.042,0.010049756125389442,0.03666971515163961,-0.03,-0.00036438073941025273,0.0,1.0,0.0,866.9545410306764,34.67008325509844,-1.3100000000000023,-0.11399999999999988,6.692453989678598,1.1404369662468923e-15,0.908203834510577,61.120032624571564,-6.688702035066314,-5.097499999999968,-19.541708661175463,-1.5494485676357,landing,,,,-10.903805185111494
110.133,63.97228196,-22.60473747,145.238,3.4,-0.276,4.3876,355.2733,-0.522,-0.4435,3.4574,43.736,47.657,0.5202,79.9057,-9.2208,1.0,1.0,1.0,-0.03,710.7,0.0,3.7,150.0,1,110.133,0.013248777540797119,0.036217617312641254,-0.03,-0.0072195855812778875,0.0,1.0,0.0,869.3935533911983,34.3865380315696,-1.2620000000000005,-0.10000000000000009,6.692453989678598,9.50364138539077e-16,0.901782934972859,61.01669743935957,-6.602589678518854,-4.746699999999919,-19.795828812358742,-1.5634347617867117,landing,,,,-10.903805185111494
110.233,63.97230196,-22.60474268,145.284,3.381,-0.2971,4.3662,355.5897,-0.0684,-0.0883,3.4292,43.592,47.508,0.5889,79.6718,-9.0581,1.0,1.0,1.0,-0.03,709.5,0.0,3.7,150.0,1,110.233,0.016071995962191166,0.03579103219148924,-0.03,-0.013145251272014047,0.0,1.0,0.0,871.622999061267,34.130502451891665,-1.2160000000000082,-0.11900000000000022,6.692453989678598,7.919701154492308e-16,0.8959837533889863,60.90290682323393,-6.5062588986422725,-4.430299999999988,-20.040900524235173,-1.5522134198060888,landing,,,,-10.903805185111494
110.333,63.97232371,-22.60474825,145.336,3.378,-0.2924,4.3616,355.929,0.121,-0.0323,3.3457,43.447,47.359,0.4394,79.4364,-8.902,1.0,1.0,1.0,-0.03,708.1,0.0,3.7,150.0,1,110.333,0.01573589594309055,0.035359107877853097,-0.03,-0.01269310783296329,0.0,1.0,0.0,874.0475228657782,33.856761032818234,-1.1639999999999873,-0.12199999999999989,6.692453989678598,6.599750962076922e-16,0.8897870881078643,60.78887584263394,-6.4141447643733045,-4.091000000000008,-20.249591518992812,-1.5429212907328118,landing,,,,-10.903805185111494
110.425,63.97234359,-22.60475327,145.376,3.401,-0.2987,4.3423,356.2297,-0.2167,-0.3798,3.2053,43.303,47.21,0.4903,79.2049,-8.7029,1.0,1.0,1.0,-0.03,706.9,0.0,3.7,150.0,1,110.425,0.015662624221026322,0.034921879314739085,-0.03,-0.011744708850457641,0.0,1.0,0.0,876.2635945762935,33.610038931143556,-1.1239999999999952,-0.0990000000000002,6.692453989678598,5.499792468397435e-16,0.8842027439528929,60.68380327582687,-6.290409034403382,-3.790300000000002,-20.412002877018075,-1.5449482089665951,landing,,,,-10.903805185111494
110.525,63.97236521,-22.60475862,145.419,3.368,-0.3349,4.3192,356.5472,-0.0581,0.0583,3.1516,43.151,47.052,0.4633,78.9593,-8.4877,1.0,1.0,0.0,-0.03,705.6,0.0,3.7,150.0,1,110.525,0.016798053630668885,0.034452490156294674,-0.03,-0.01091515258517406,0.0,1.0,0.0,878.6736301676267,33.347081191000946,-1.0809999999999889,-0.13200000000000012,6.692453989678598,4.583160390331196e-16,0.8782578062464778,60.56934971219875,-6.155428646861225,-3.4728000000000065,-20.555162848247907,-1.5426801899696145,landing,,,,-10.903805185111494
110.617,63.97238677,-22.60476382,145.46,3.369,-0.3405,4.3183,356.8566,0.2295,-0.2664,2.9906,42.999,46.894,0.404,78.7159,-8.2612,1.0,1.0,1.0,-0.03,704.4,0.0,3.7,150.0,1,110.617,0.016819046225445944,0.033977232694139076,-0.03,-0.010328202825446997,0.0,1.0,0.00017175860953622113,881.0769797201915,33.091474844798476,-1.039999999999992,-0.13099999999999978,6.692453989678598,3.8193003252759965e-16,0.8724907756863689,60.46387285777782,-6.011235119359213,-3.1633999999999105,-20.657088150044018,-1.5526341647945143,landing,,,,-10.903805185111494
110.717,63.97240646,-22.60476845,145.501,3.383,-0.3234,4.3159,357.1292,0.5125,0.2022,2.9502,42.85,46.738,0.4873,78.4776,-8.0043,1.0,1.0,1.0,-0.03,703.3,0.0,3.7,150.0,1,110.717,0.015991316984516446,0.0335022901467473,-0.03,-0.009855297275520147,0.0,1.0,0.0007474898836825061,883.2718775200092,32.86386769047071,-0.9989999999999952,-0.11699999999999999,6.692453989678598,3.1827502710633304e-16,0.8673666016843561,60.349063275087005,-5.843727503583295,-2.8907999999998992,-20.739597268543562,-1.5469401498132034,landing,,,,-10.903805185111494
110.808,63.9724261,-22.60477293,145.543,3.388,-0.3008,4.3387,357.3967,0.9524,0.2895,2.8694,42.71,46.593,0.4009,78.2537,-7.7788,1.0,1.0,1.0,-0.03,702.2,0.0,3.7,150.0,1,110.808,0.01501149661868717,0.03305581119052378,-0.03,-0.009569749055642895,0.0,1.0,0.0012927997436261718,885.4612040477438,32.64361154130424,-0.9569999999999936,-0.1120000000000001,6.692453989678598,2.652291892552775e-16,0.8624240056434469,60.24448503433278,-5.696831138269772,-2.623299999999972,-20.789587233399818,-1.54616936696304,landing,,,,-10.903805185111494
110.908,63.97244746,-22.60477767,145.587,3.363,-0.2989,4.3357,357.6749,-0.5962,-0.2596,2.6912,42.545,46.419,0.5093,77.9892,-7.466,1.0,1.0,0.0,-0.03,701.2,0.0,3.7,150.0,1,110.908,0.014886037050481415,0.032513722051876276,-0.03,-0.009418025344606784,0.0,1.0,0.0019603459315177263,887.8422661192759,32.410550092675976,-0.9130000000000109,-0.137,6.692453989678598,2.2102432437939792e-16,0.8572086639849397,60.12939095061684,-5.48832980571558,-2.345100000000002,-20.81620136106582,-1.5556085154209534,landing,,,,-10.903805185111494
111.05,63.9724776,-22.60478406,145.653,3.364,-0.3002,4.3365,358.0518,-0.0252,0.2233,2.6235,42.322,46.186,0.4374,77.6319,-7.068,1.0,1.0,1.0,-0.03,699.8,0.0,3.7,150.0,1,111.05,0.014967825019227499,0.0317772023199627,-0.03,-0.009509816801299809,0.0,1.0,0.0028772239378443976,891.2020657370953,32.09630733851489,-0.8470000000000084,-0.13600000000000012,6.692453989678598,1.841869369828316e-16,0.8502171825063217,59.96550934003315,-5.2221546846732,-1.9682000000000244,-20.800095701738687,-1.5569552444928036,landing,,,,-10.903805185111494
111.15,63.97249879,-22.60478836,145.698,3.364,-0.3092,4.3536,358.3095,-0.2715,-0.1226,2.4822,42.159,46.014,0.4846,77.3686,-6.7495,1.0,1.0,1.0,-0.03,699.0,0.0,3.7,150.0,1,111.15,0.015390828314781557,0.031225848245878013,-0.03,-0.009720700117553882,0.0,1.0,0.0035713102970253985,893.5641842887788,31.884809745603064,-0.8019999999999925,-0.13600000000000012,6.692453989678598,1.5348911415235966e-16,0.8455388465541512,59.85017819355511,-5.005760106342905,-1.7104999999999109,-20.763144744721288,-1.5635956768116306,landing,,,,-10.903805185111494
111.25,63.97251991,-22.60479246,145.744,3.396,-0.3193,4.3509,358.5546,0.0799,0.319,2.4599,41.999,45.845,0.4685,77.1094,-6.4432,1.0,1.0,1.0,-0.03,698.1,0.0,3.7,150.0,1,111.25,0.01590352095858133,0.03067790467696138,-0.03,-0.010070234851828008,0.0,1.0,0.004267868045854273,895.9185028885262,31.683113622383285,-0.7560000000000002,-0.10400000000000009,6.692453989678598,1.2790759512696638e-16,0.8411073864303111,59.73478833821963,-4.796493572246021,-1.465400000000045,-20.702053297274084,-1.5669051607378512,landing,,,,-10.903805185111494
111.342,63.97253921,-22.60479598,145.795,3.395,-0.1966,4.2932,358.7565,1.8171,-1.3745,1.9744,41.876,45.711,0.5814,76.9172,-6.0151,1.0,1.0,1.0,-0.03,697.4,0.0,3.7,150.0,1,111.342,0.011247009246722617,0.030239149337834087,-0.03,-0.01049634062832927,0.0,1.0,0.004830620543757214,898.0699437431433,31.509904682726997,-0.7050000000000125,-0.10499999999999998,6.692453989678598,1.0658966260580531e-16,0.8373444268517551,59.628637341252784,-4.491559687051279,-1.2635000000000218,-20.627836406939164,-1.5460007390107011,landing,,,,-10.903805185111494
111.442,63.97256022,-22.60479958,145.849,3.41,-0.0346,4.1566,358.9461,1.5922,-1.1201,1.8536,41.741,45.566,0.5305,76.7009,-5.6281,1.0,1.0,0.0,-0.03,696.7,0.0,3.7,150.0,1,111.442,0.005093872192573956,0.029760182856142875,-0.03,-0.011066607017206076,0.0,1.0,0.005450156587836874,900.4120084524466,31.33270970388759,-0.6510000000000105,-0.08999999999999986,6.692453989678598,8.882471883817109e-17,0.8335416899478967,59.51322938577674,-4.216684732531775,-1.0738999999999805,-20.528948042869775,-1.5281824900097334,landing,,,,-10.903805185111494
111.533,63.97258116,-22.60480294,145.901,3.403,0.11,4.0763,359.131,1.2046,-0.4737,1.8406,41.605,45.421,0.4865,76.4822,-5.241,1.0,1.0,1.0,-0.03,696.1,0.0,3.7,150.0,1,111.533,-0.0003644543384326848,0.029276942741610384,-0.03,-0.011680575991410924,0.0,1.0,0.006080869788433363,902.7462738946871,31.167275944039435,-0.5989999999999895,-0.09699999999999998,6.692453989678598,7.402059903180924e-17,0.8300408365580332,59.40823963943332,-3.9401078545935206,-0.88900000000001,-20.42303361567965,-1.525120944963884,landing,,,,-10.903805185111494
111.633,63.9726003,-22.60480581,145.945,3.399,0.2072,4.0271,359.2955,0.5385,-0.5406,1.7566,41.478,45.283,0.5482,76.2745,-4.8582,1.0,1.0,1.0,-0.03,695.5,0.0,3.7,150.0,1,111.633,-0.0039111318587573,0.02881314733644355,-0.03,-0.012449085627467271,0.0,1.0,0.006691678960839331,904.8798895883617,31.025919153924246,-0.5550000000000068,-0.10099999999999998,6.692453989678598,6.16838325265077e-17,0.827096974969535,59.2929218714655,-3.6644532969059753,-0.7245000000000346,-20.291253279522863,-1.5019281317853515,landing,,,,-10.903805185111494
111.733,63.97262113,-22.60480871,145.994,3.426,0.2834,3.9925,359.4704,0.9419,-0.0614,1.758,41.349,45.144,0.4498,76.0623,-4.4938,1.0,1.0,1.0,-0.03,694.9,0.0,3.7,150.0,1,111.733,-0.0065988798525948855,0.028342249170148798,-0.03,-0.013317986627829348,0.0,1.0,0.007317470416285332,907.2019004560769,30.883026789331055,-0.5060000000000002,-0.07399999999999984,6.692453989678598,5.1403193772089744e-17,0.8241785977411505,59.177696658334725,-3.401133966626901,-0.5496000000000549,-20.143300746727625,-1.4826619379866777,landing,,,,-10.903805185111494
111.825,63.9726419,-22.60481137,146.041,3.412,0.3455,3.9594,359.6403,0.1803,-0.5845,1.6371,41.214,44.999,0.482,75.8383,-4.1002,1.0,1.0,1.0,-0.03,694.4,0.0,3.7,150.0,1,111.825,-0.008725480450453793,0.027847121051253282,-0.03,-0.014207769791242608,0.0,1.0,0.00798173842347144,909.5172268242069,30.751895254427765,-0.4590000000000032,-0.08800000000000008,6.692453989678598,4.283599481007479e-17,0.821565495172614,59.07180241413838,-3.1146851284342745,-0.37969999999995707,-19.99291477985773,-1.4812736985649637,landing,,,,-10.903805185111494
111.933,63.97266088,-22.6048136,146.085,3.391,0.3735,3.9304,359.7924,0.1337,-0.0976,1.6804,41.09,44.865,0.5112,75.6308,-3.7528,1.0,1.0,1.0,-0.03,693.9,0.0,3.7,150.0,1,111.933,-0.009433055629351428,0.02738610401496208,-0.03,-0.015349486051618011,0.0,1.0,0.0086061796695458,911.6330171843344,30.641900676529364,-0.41499999999999204,-0.10899999999999999,6.692453989678598,3.569666234172899e-17,0.819435650120435,58.947642975660486,-2.8606864908761622,-0.22759999999993852,-19.801572100235255,-1.4509895576179725,landing,,,,-10.903805185111494
112.025,63.97268324,-22.60481596,146.146,3.401,0.3851,4.1235,0.019,0.1539,3.1338,2.4668,40.974,44.737,0.5506,75.4347,-3.3116,1.0,1.0,1.0,-0.03,693.3,0.0,3.7,150.0,1,112.025,-0.009515154672946502,0.026942720187125707,-0.03,-0.01644593591507837,0.0,1.0,0.009212278546802233,914.1255966977768,30.525405388922216,-0.3540000000000134,-0.0990000000000002,6.692453989678598,2.974721861810749e-17,0.8172714597205295,58.84205917816275,-2.533683396391325,-0.0010000000000047748,-19.619489636913094,-1.4337059219452006,landing,,,,-10.903805185111494
112.125,63.97270211,-22.60481775,146.198,3.409,0.3934,4.395,0.2533,0.1548,2.6313,2.6331,40.872,44.625,0.5165,75.2596,-2.9834,1.0,1.0,1.0,-0.03,692.9,0.0,3.7,150.0,1,112.125,-0.009387695225008097,0.026552413313407047,-0.03,-0.0177808010249193,0.0,1.0,0.009750427998152178,916.2291321413383,30.436972331977163,-0.3019999999999925,-0.09100000000000019,6.692453989678598,2.4789348848422907e-17,0.8157058639233691,58.72748956729455,-2.2900994155272656,0.23330000000001405,-19.399964740543975,-1.3960962926774574,landing,,,,-10.903805185111494
112.225,63.97272265,-22.60481948,146.251,3.415,0.4257,4.6357,0.5246,0.4816,2.1555,2.7997,40.76,44.503,0.4844,75.0671,-2.6336,1.0,1.0,1.0,-0.03,692.4,0.0,3.7,150.0,1,112.225,-0.010139498392543578,0.026124836828644388,-0.03,-0.019283936069414587,0.0,1.0,0.010345032424216971,918.5188347647523,30.35141391438379,-0.24899999999999523,-0.08499999999999996,6.692453989678598,2.0657790707019088e-17,0.8142852602987461,58.61315979476678,-2.0292997055378805,0.5046000000000106,-19.155505093138547,-1.370996629706787,landing,,,,-10.903805185111494
112.325,63.97274314,-22.60482099,146.303,3.42,0.4392,4.8118,0.8089,0.2422,1.4716,2.9064,40.644,44.378,0.4829,74.8663,-2.2849,1.0,1.0,1.0,-0.03,692.0,0.0,3.7,150.0,1,112.325,-0.010096533333649349,0.02568420715419148,-0.03,-0.020967274047730577,0.0,1.0,0.01096346661737807,920.8029673132263,30.2766360627036,-0.19700000000000273,-0.08000000000000007,6.692453989678598,1.7214825589182572e-17,0.8131489819323501,58.499097493644115,-1.7681096588017624,0.7889000000000124,-18.885060042207137,-1.3518151179152516,landing,,,,-10.903805185111494
112.425,63.97276358,-22.60482229,146.354,3.423,0.4532,4.9381,1.1053,-0.2167,0.9696,3.0194,40.526,44.249,0.5282,74.659,-1.926,1.0,1.0,1.0,-0.03,691.5,0.0,3.7,150.0,1,112.425,-0.010007776432825521,0.025226874265286886,-0.03,-0.02284300335624856,0.0,1.0,0.011611594771614109,923.0815296165316,30.21214883961143,-0.14599999999998658,-0.07699999999999996,6.692453989678598,1.4345687990985476e-17,0.8122847817546369,58.3853289801741,-1.4977481807109712,1.0852999999999895,-18.587679441785085,-1.3361955617411394,landing,,,,-10.903805185111494
112.517,63.97278226,-22.60482329,146.4,3.426,0.4591,5.0206,1.3871,0.1278,0.811,3.1402,40.423,44.136,0.4871,74.4764,-1.6152,1.0,1.0,1.0,-0.03,691.1,0.0,3.7,150.0,1,112.517,-0.00959584176279138,0.024824169795498813,-0.03,-0.024740730555235957,0.0,1.0,0.012187709219100284,925.1638979910026,30.162428221615276,-0.09999999999999432,-0.07399999999999984,6.692453989678598,1.1954739992487895e-17,0.811741311225619,58.28096083860099,-1.2624021298051389,1.3670999999999935,-18.290899590920667,-1.3165018940729756,landing,,,,-10.903805185111494
112.617,63.97280259,-22.60482417,146.449,3.428,0.4645,5.0896,1.706,0.1091,0.5635,3.241,40.308,44.011,0.4663,74.2715,-1.2674,1.0,1.0,0.0,-0.03,690.7,0.0,3.7,150.0,1,112.617,-0.00903490864158818,0.024376508541151004,-0.03,-0.027021665452047983,0.0,1.0,0.012834233802817563,927.4302050357013,30.118522644826722,-0.05099999999998772,-0.07200000000000006,6.692453989678598,9.962283327073246e-18,0.8114235739417504,58.16783332653315,-0.9976243062753554,1.686000000000007,-17.939390595011428,-1.3013653582481526,landing,,,,-10.903805185111494
112.717,63.97282287,-22.60482484,146.497,3.43,0.4786,5.1439,2.0359,-0.0148,0.424,3.3438,40.191,43.884,0.4715,74.0621,-0.9071,1.0,1.0,1.0,-0.03,690.3,0.0,3.7,150.0,1,112.717,-0.008734404261642736,0.023919424123263394,-0.03,-0.02953445339091798,0.0,1.0,0.013501161111837023,929.6909418352313,30.084907696800254,-0.002999999999985903,-0.06999999999999984,6.692453989678598,8.301902772561039e-18,0.8113805300505293,58.055078601783094,-0.7217138727955899,2.015899999999988,-17.558406689061336,-1.2894230529528696,landing,,,,-10.903805185111494
112.808,63.9728414,-22.60482525,146.541,3.43,0.4817,5.1789,2.3461,0.3333,0.3878,3.4347,40.087,43.769,0.4575,73.8718,-0.5743,1.0,1.0,1.0,-0.03,689.9,0.0,3.7,150.0,1,112.808,-0.008013410884804228,0.02350365105567717,-0.03,-0.03202489585949919,0.0,1.0,0.014113932435985799,931.7565987885309,30.064099215269273,0.04099999999999682,-0.06999999999999984,6.692453989678598,6.918252310467532e-18,0.811608501378571,57.95283457031646,-0.4654244147212694,2.3260999999999967,-17.186950088190844,-1.2760988793077934,landing,,,,-10.903805185111494
112.908,63.97286157,-22.60482547,146.587,3.432,0.4908,5.1926,2.6893,-0.4767,-0.0896,3.4382,39.967,43.638,0.481,73.6517,-0.1988,1.0,1.0,1.0,-0.03,689.5,0.0,3.7,150.0,1,112.908,-0.007356328711809357,0.023027964348194402,-0.03,-0.03501808644117488,0.0,1.0,0.014822355411128085,934.0050808425152,30.052535725346964,0.08699999999998909,-0.06800000000000006,6.692453989678598,5.7652102587229434e-18,0.8121567275281828,57.8408741278349,-0.17465187232926382,2.6692999999999927,-16.748150587308963,-1.2691807993707316,landing,,,,-10.903805185111494
113.05,63.97289003,-22.6048254,146.65,3.433,0.4765,5.2,3.1856,0.1903,0.2325,3.5773,39.808,43.463,0.408,73.3561,0.3226,1.0,1.0,1.0,-0.03,688.9,0.0,3.7,150.0,1,113.05,-0.0051808668453307005,0.022389279653006938,-0.03,-0.0398173486788197,0.0,1.0,0.015786256655438535,937.1777100190851,30.054857830318365,0.15000000000000568,-0.06700000000000017,6.692453989678598,4.804341882269119e-18,0.8134366395152081,57.682601993107646,0.23196949285244273,3.165600000000012,-16.060811648969192,-1.2555933003242268,landing,,,,-10.903805185111494
113.15,63.97291006,-22.60482506,146.694,3.433,0.4777,5.2156,3.5447,0.2097,0.2035,3.6219,39.692,43.334,0.4225,73.1367,0.7178,1.0,1.0,1.0,-0.03,688.5,0.0,3.7,150.0,1,113.15,-0.003990880008256981,0.02191628024169076,-0.03,-0.043487060808533484,0.0,1.0,0.016509829237228046,939.4105949063147,30.070736276107468,0.1939999999999884,-0.06700000000000017,6.692453989678598,4.0036182352242654e-18,0.8147256131656847,57.57179921444718,0.5423112623738575,3.5246999999999957,-15.547733532479457,-1.2469030002947423,landing,,,,-10.903805185111494
113.25,63.97293002,-22.60482448,146.737,3.432,0.4861,5.2326,3.9079,-0.1568,0.0951,3.6326,39.575,43.204,0.4574,72.911,1.125,1.0,1.0,1.0,-0.03,688.0,0.0,3.7,150.0,1,113.25,-0.00297986386357868,0.021437873684740122,-0.03,-0.04746030272354529,0.0,1.0,0.017250379138355143,941.6356805272736,30.098375940539412,0.23699999999999477,-0.06800000000000006,6.692453989678598,3.3363485293535543e-18,0.8163332451606782,57.46152654158177,0.8639905825248206,3.887900000000002,-15.003466197154694,-1.2399118184497693,landing,,,,-10.903805185111494
113.35,63.97294992,-22.60482364,146.78,3.432,0.4882,5.2443,4.2719,0.315,0.1897,3.6531,39.463,43.079,0.4079,72.6932,1.5161,1.0,1.0,1.0,-0.03,687.6,0.0,3.7,150.0,1,113.35,-0.0016204218202157672,0.020976346748285274,-0.03,-0.05174832107636529,0.0,1.0,0.01797335535665262,943.8540819898961,30.138756309311283,0.28000000000000114,-0.06800000000000006,6.692453989678598,2.7802904411279618e-18,0.8182875473886033,57.351816874515364,1.1747959318041694,4.251900000000006,-14.42824153518318,-1.2290107440452522,landing,,,,-10.903805185111494
113.442,63.97296811,-22.60482265,146.82,3.432,0.494,5.2555,4.6057,0.2161,0.1556,3.6395,39.356,42.96,0.417,72.4836,1.894,1.0,1.0,1.0,-0.03,687.2,0.0,3.7,150.0,1,113.442,-0.0004299882957527479,0.020535704295872453,-0.03,-0.055967764143725285,0.0,1.0,0.01867169821529746,945.8818607949748,30.186552278018166,0.3199999999999932,-0.06800000000000006,6.692453989678598,2.316908700939968e-18,0.8203733066734373,57.25141231364748,1.476800910971832,4.585700000000003,-13.873617313059501,-1.2230137198830364,landing,,,,-10.903805185111494
113.533,63.9729879,-22.60482133,146.864,3.431,0.4988,5.2649,4.9676,0.2227,0.1578,3.6128,39.24,42.83,0.429,72.2524,2.3118,1.0,1.0,1.0,-0.03,686.8,0.0,3.7,150.0,1,113.533,0.0008811785816781881,0.020053049552391372,-0.03,-0.06044026149899284,0.0,1.0,0.019445968936876612,948.0880080259049,30.25045391669446,0.3640000000000043,-0.06899999999999995,6.692453989678598,1.9307572507833068e-18,0.8229708307191126,57.15264004189151,1.8126202294858729,4.947599999999994,-13.29713579551061,-1.2277147703232292,landing,,,,-10.903805185111494
113.633,63.97300597,-22.60481989,146.904,3.431,0.5003,5.2723,5.2959,-0.0354,0.0688,3.5514,39.134,42.711,0.4207,72.0382,2.6909,1.0,1.0,0.0,-0.03,686.4,0.0,3.7,150.0,1,113.633,0.0025695064828965553,0.01961018676897705,-0.03,-0.06567136096620152,0.0,1.0,0.020165273696191643,950.1024173187521,30.320301732632498,0.40399999999999636,-0.06899999999999995,6.692453989678598,1.6089643756527556e-18,0.8256604710190834,57.04469728885378,2.1192200935460903,5.275900000000007,-12.63657443755554,-1.2124679730211243,landing,,,,-10.903805185111494
113.733,63.97302564,-22.60481807,146.947,3.43,0.5066,5.2812,5.6489,-0.1332,0.04,3.4867,39.017,42.579,0.4657,71.7979,3.1244,1.0,1.0,1.0,-0.03,685.9,0.0,3.7,150.0,1,113.733,0.004181576492369166,0.01911792024041567,-0.03,-0.07124738887102244,0.0,1.0,0.020975114241348403,952.2951958917605,30.408704905164562,0.44700000000000273,-0.06999999999999984,6.692453989678598,1.3408036463772962e-18,0.8289312972523002,56.93744142761616,2.4717450496711137,5.628899999999987,-11.947318693179927,-1.2086072482010106,landing,,,,-10.903805185111494
113.833,63.97304523,-22.60481599,146.992,3.43,0.4924,5.2785,5.9924,-0.089,-0.0123,3.3877,38.902,42.45,0.4561,71.5595,3.5409,1.0,1.0,1.0,-0.03,685.5,0.0,3.7,150.0,1,113.833,0.0066915561052885986,0.018635955812010913,-0.03,-0.07716875034768378,0.0,1.0,0.021778864808661647,954.4790607714771,30.509849560117043,0.4919999999999902,-0.06999999999999984,6.692453989678598,1.1173363719810801e-18,0.8325530583827793,56.830905262029056,2.812793529084587,5.972399999999993,-11.23060550624817,-1.203279316546381,landing,,,,-10.903805185111494
113.925,63.97306314,-22.60481386,147.024,3.423,0.502,5.1268,6.2701,-0.3096,-3.984,2.5205,38.787,42.323,0.3567,71.3255,3.9076,0.0,1.0,1.0,-0.03,685.1,0.0,3.7,150.0,1,113.925,0.008207272332043769,0.01816076519731255,-0.03,-0.0828842633179393,0.0,1.0,0.02258221225754664,956.4756455866714,30.613509274721867,0.5240000000000009,-0.07699999999999996,6.692453989678598,9.311136433175668e-19,0.8361763927247053,56.73355204735618,3.1158405288359177,6.250100000000003,-10.552274735590695,-1.2075266514058045,landing,,,,-10.903805185111494
114.017,63.97308263,-22.60481129,147.051,3.426,0.4872,4.59,6.4829,-0.1192,-6.2735,1.7783,38.663,42.183,0.2737,71.0656,4.3295,0.0,1.0,1.0,-0.03,684.6,0.0,3.7,150.0,1,114.017,0.010724151861614295,0.01763631937311469,-0.03,-0.08881871007381881,0.0,1.0,0.023481853856768764,958.6483711731936,30.738664747776365,0.5509999999999877,-0.07399999999999984,6.692453989678598,7.759280360979723e-19,0.8404648697201498,56.63689192242521,3.466298009739802,6.4628999999999905,-9.86060700802327,-1.2202811455467828,landing,,,,-10.903805185111494
114.117,63.97310042,-22.60480869,147.082,3.434,0.4634,4.1676,6.6518,0.1538,-2.4346,1.9115,38.533,42.039,0.3898,70.7967,4.7098,1.0,1.0,1.0,-0.03,684.2,0.0,3.7,150.0,1,114.117,0.01380756573713332,0.017096439409880787,-0.03,-0.0954729994934378,0.0,1.0,0.024422813231116947,960.6315868174054,30.865356184436422,0.5819999999999936,-0.06599999999999984,6.692453989678598,6.466066967483102e-19,0.8447278064128709,56.53257506332507,3.78603368179148,6.631799999999998,-9.098820937942973,-1.2275283141334248,landing,,,,-10.903805185111494
114.217,63.97311974,-22.60480563,147.121,3.401,0.4832,4.0317,6.8385,0.2121,-0.8802,1.7268,38.398,41.89,0.3925,70.519,5.0877,1.0,1.0,1.0,-0.03,683.7,0.0,3.7,150.0,1,114.217,0.015274169912278535,0.016537589602636266,-0.03,-0.10234291773527537,0.0,1.0,0.02541337594284998,962.7853697383889,31.014525199483852,0.6210000000000093,-0.0990000000000002,6.692453989678598,5.388389139569252e-19,0.849683768688855,56.42910152331621,4.1065409399923,6.8185,-8.325982728563588,-1.2386621037576642,landing,,,,-10.903805185111494
114.308,63.97313739,-22.60480262,147.16,3.43,0.482,3.9733,6.9859,-0.0392,-0.2695,1.4716,38.273,41.751,0.4399,70.2577,5.4295,1.0,1.0,1.0,-0.03,683.3,0.0,3.7,150.0,1,114.308,0.017380754283447708,0.016016282452329528,-0.03,-0.10874966731044144,0.0,1.0,0.026353229399093014,964.7529856505402,31.16130951250447,0.6599999999999966,-0.06999999999999984,6.692453989678598,4.490324282974377e-19,0.8545084091987563,56.33569351393257,4.399022484569315,6.965900000000005,-7.616319385733595,-1.2509315828366265,landing,,,,-10.903805185111494
114.408,63.97315656,-22.60479913,147.202,3.431,0.4914,3.9476,7.1178,-0.0325,-0.3923,1.1269,38.139,41.603,0.4379,69.9808,5.7754,1.0,1.0,1.0,-0.03,682.8,0.0,3.7,150.0,1,114.408,0.019319729468749935,0.01546152566379852,-0.03,-0.11594631453604454,0.0,1.0,0.02737094078020308,966.8900544148186,31.331551667863256,0.7019999999999982,-0.06899999999999995,6.692453989678598,3.7419369024786475e-19,0.8600557179512378,56.233913440681256,4.697834621086258,7.0978000000000065,-6.8303761918763035,-1.2590287116696677,landing,,,,-10.903805185111494
114.55,63.97318359,-22.60479384,147.261,3.411,0.5195,3.905,7.2473,0.146,-0.1118,0.6851,37.949,41.395,0.4261,69.5909,6.2107,1.0,1.0,1.0,-0.03,682.0,0.0,3.7,150.0,1,114.55,0.02155589309546524,0.014682940088575708,-0.03,-0.12639700033297419,0.0,1.0,0.028831429357561833,969.9033611273861,31.589676680376396,0.7609999999999957,-0.08899999999999997,6.692453989678598,3.1182807520655394e-19,0.8683937794407166,56.091051500409286,5.079900051596638,7.227300000000014,-5.70710824995169,-1.2662104805191667,landing,,,,-10.903805185111494
114.65,63.97320258,-22.60478988,147.304,3.414,0.5341,3.8948,7.3023,0.2951,-0.1331,0.3814,37.814,41.249,0.4059,69.3177,6.4808,1.0,1.0,1.0,-0.03,681.5,0.0,3.7,150.0,1,114.65,0.023319598938018105,0.014137576993113882,-0.03,-0.13380402358529286,0.0,1.0,0.029878052181722903,972.0203721166076,31.78295289237971,0.804000000000002,-0.08599999999999985,6.692453989678598,2.5985672933879495e-19,0.8745943511640211,55.99154076385765,5.321293747582985,7.282299999999992,-4.921807167452108,-1.2738277095628665,landing,,,,-10.903805185111494
114.742,63.97321992,-22.60478617,147.332,3.412,0.3362,3.9737,7.3367,-3.1814,2.1232,0.3023,37.676,41.106,0.1907,69.0673,6.5762,1.0,1.0,1.0,-0.03,681.0,0.0,3.7,150.0,1,114.742,0.032884240201983495,0.013604656836856605,-0.03,-0.1406419156307368,0.0,1.0,0.03092066373737401,973.9534422115444,31.96404487812648,0.8319999999999936,-0.08800000000000008,6.692453989678598,2.165472744489958e-19,0.8803941059299202,55.90082962992737,5.4189853372323,7.316699999999997,-4.203390141511559,-1.2943888268753332,landing,,,,-10.903805185111494
114.842,63.97323875,-22.60478206,147.362,3.389,0.0001,4.1682,7.3499,-2.1209,1.2018,-0.1347,37.504,40.925,0.2944,68.7467,6.7193,1.0,1.0,1.0,-0.03,680.4,0.0,3.7,150.0,1,114.842,0.0477773843431229,0.012932321321823731,-0.03,-0.1480742219151654,0.0,1.0,0.03226560904733372,976.0526194880123,32.1646763753424,0.8619999999999948,-0.11100000000000021,6.692453989678598,1.8045606204082982e-19,0.8868141017511539,55.80317494133607,5.562356230512648,7.329900000000009,-3.4283662400964863,-1.333080751704861,landing,,,,-10.903805185111494
114.933,63.97325594,-22.60477821,147.397,3.363,-0.1055,4.2534,7.3187,-0.5123,0.6673,-0.5679,37.343,40.757,0.4061,68.4495,6.8357,1.0,1.0,1.0,-0.03,679.8,0.0,3.7,150.0,1,114.933,0.05369899424741875,0.012310951984572854,-0.03,-0.1547827401567643,0.0,1.0,0.03353971392458727,977.9689704666526,32.352633320197754,0.8969999999999914,-0.137,6.692453989678598,1.503800517006915e-19,0.8928186918614445,55.71515181164006,5.682926966196476,7.298699999999997,-2.7329864073115457,-1.3727307532981052,landing,,,,-10.903805185111494
115.033,63.97327462,-22.60477393,147.436,3.36,-0.1566,4.2909,7.2427,-0.3141,0.2833,-0.9923,37.175,40.583,0.389,68.1452,6.9242,1.0,1.0,1.0,-0.03,679.2,0.0,3.7,150.0,1,115.033,0.05768573114815262,0.011670636444878618,-0.03,-0.16204662294987848,0.0,1.0,0.034886008855765205,980.051429139093,32.56159958814903,0.936000000000007,-0.14000000000000012,6.692453989678598,1.2531670975057625e-19,0.8994866055861515,55.619383299493215,5.781883274770564,7.222700000000003,-1.9833865432384725,-1.4006643211801102,landing,,,,-10.903805185111494
115.125,63.9732932,-22.60476961,147.479,3.381,-0.1794,4.3069,7.123,0.0374,-0.2582,-1.4439,37.001,40.402,0.4394,67.8308,6.9952,1.0,1.0,1.0,-0.03,678.6,0.0,3.7,150.0,1,115.125,0.06036841953221206,0.011008651421349186,-0.03,-0.1685757145102189,0.0,1.0,0.03631588976000599,982.1227408224219,32.7725294964979,0.9790000000000134,-0.11900000000000022,6.692453989678598,1.0443059145881354e-19,0.9062173133919618,55.53218918354016,5.867938609361232,7.103000000000009,-1.3116633870406869,-1.44526795996611,landing,,,,-10.903805185111494
115.225,63.97331017,-22.60476562,147.517,3.365,-0.2038,4.3014,6.9759,-0.3586,0.019,-1.816,36.844,40.241,0.4168,67.5567,7.0154,1.0,1.0,1.0,-0.03,678.0,0.0,3.7,150.0,1,115.225,0.06317985410751364,0.01042382639860015,-0.03,-0.1754756644545321,0.0,1.0,0.037613523123524784,984.0145693124219,32.967354124178705,1.016999999999996,-0.1349999999999998,6.692453989678598,8.702549288234461e-20,0.9124366500946732,55.43832555127117,5.908608735199607,6.955900000000014,-0.6029567531703188,-1.4566072363328322,landing,,,,-10.903805185111494
115.317,63.97332707,-22.60476162,147.556,3.352,-0.2049,4.3352,6.7922,-0.1579,0.3977,-2.2101,36.686,40.081,0.3888,67.2847,7.0087,1.0,1.0,1.0,-0.03,677.4,0.0,3.7,150.0,1,115.317,0.06488496366957774,0.009846847402790043,-0.03,-0.18159805942315566,0.0,1.0,0.03892762110220449,985.8985946026822,33.1626714127266,1.0560000000000116,-0.14800000000000013,6.692453989678598,7.25212440686205e-20,0.9186775235303026,55.35283301841206,5.926759508729873,6.772199999999998,0.025632848958839327,-1.4803148788796532,landing,,,,-10.903805185111494
115.417,63.97334543,-22.60475728,147.598,3.37,-0.2395,4.3436,6.5527,-0.4486,-0.0639,-2.6247,36.504,39.896,0.4611,66.9751,6.9731,1.0,1.0,1.0,-0.03,676.7,0.0,3.7,150.0,1,115.417,0.06786020477444032,0.009185554284587533,-0.03,-0.18795356097100002,0.0,1.0,0.04047818322608693,987.945381745126,33.37458975652468,1.0980000000000132,-0.1299999999999999,6.692453989678598,6.043437005718375e-20,0.925462868738392,55.26086986189119,5.9239239230603005,6.5327000000000055,0.6786465204693072,-1.5111953444360362,landing,,,,-10.903805185111494
115.508,63.97336218,-22.60475333,147.635,3.348,-0.2222,4.3548,6.295,0.518,0.022,-3.0287,36.342,39.733,0.4383,66.7058,6.9036,1.0,1.0,1.0,-0.03,676.1,0.0,3.7,150.0,1,115.508,0.06867175846981366,0.008608639081014807,-0.03,-0.19344156146710167,0.0,1.0,0.04187264026106935,989.8126846689108,33.56746319570518,1.134999999999991,-0.15200000000000014,6.692453989678598,5.0361975047653123e-20,0.9316521073137879,55.17802556507568,5.88869061579274,6.275000000000006,1.2434958371329996,-1.5356521113254773,landing,,,,-10.903805185111494
115.65,63.97338794,-22.60474733,147.694,3.349,-0.2151,4.3655,5.8284,0.1868,0.168,-3.6157,36.082,39.474,0.4706,66.2835,6.725,1.0,1.0,1.0,-0.03,675.1,0.0,3.7,150.0,1,115.65,0.07044143861955648,0.007704290600315938,-0.03,-0.20125873051913767,0.0,1.0,0.044144360926958504,992.6844280661358,33.86042317465861,1.1939999999999884,-0.1509999999999998,6.692453989678598,4.1968312539710936e-20,0.9410906789115455,55.05048445380642,5.773298694040932,5.808400000000006,2.0506309962457694,-1.5625006389770533,landing,,,,-10.903805185111494
115.75,63.97340603,-22.60474321,147.737,3.344,-0.209,4.3584,5.4519,-0.342,-0.2139,-3.9467,35.902,39.296,0.3757,65.9989,6.5642,1.0,1.0,1.0,-0.03,674.4,0.0,3.7,150.0,1,115.75,0.07150763424121626,0.007092480286914088,-0.03,-0.20629974947859264,0.0,1.0,0.04574656856450421,994.7011127266089,34.06157340461543,1.2369999999999948,-0.15600000000000014,6.692453989678598,3.497359378309245e-20,0.9476072011019736,54.9617435590706,5.659914623385532,5.431900000000013,2.5733146862832834,-1.5840914899791483,landing,,,,-10.903805185111494
115.842,63.97342254,-22.60473954,147.774,3.36,-0.2104,4.356,5.0727,-0.1274,0.1952,-4.3562,35.722,39.12,0.4588,65.7209,6.355,1.0,1.0,1.0,-0.03,673.8,0.0,3.7,150.0,1,115.842,0.07262903016370637,0.006496093231144501,-0.03,-0.2105384959120684,0.0,1.0,0.04736452318542761,996.5416564447337,34.2407379387977,1.274000000000001,-0.14000000000000012,6.692453989678598,2.914466148591037e-20,0.9534427205394476,54.880910942445745,5.503146314012241,5.052699999999987,3.01448859116947,-1.6179487853565402,landing,,,,-10.903805185111494
115.942,63.97344047,-22.60473567,147.816,3.374,-0.2173,4.3626,4.6222,-0.2212,-0.0348,-4.6738,35.538,38.941,0.3407,65.439,6.1193,1.0,1.0,1.0,-0.03,673.1,0.0,3.7,150.0,1,115.942,0.07390650120179865,0.005898954559230479,-0.03,-0.2146542044305858,0.0,1.0,0.04904537100377532,998.5405005516377,34.42964596271299,1.3160000000000025,-0.1259999999999999,6.692453989678598,2.428721790492531e-20,0.9596340583792313,54.79393797847552,5.32227958184518,4.6022000000000105,3.444563705257752,-1.6381352594150502,landing,,,,-10.903805185111494
116.033,63.97345684,-22.60473228,147.852,3.337,-0.2255,4.3686,4.1781,0.1784,-0.221,-5.0023,35.347,38.756,0.4817,65.1519,5.8313,1.0,1.0,1.0,-0.03,672.4,0.0,3.7,150.0,1,116.033,0.07501978719107955,0.0052925321820605775,-0.03,-0.2179621517938704,0.0,1.0,0.050820994263777286,1000.3654327372959,34.59509770079892,1.3520000000000039,-0.1629999999999998,6.692453989678598,2.0239348254104424e-20,0.9651014132257856,54.71555392854435,5.094524389782862,4.15809999999999,3.7916052755399368,-1.6800230630046693,landing,,,,-10.903805185111494
116.133,63.97347462,-22.60472876,147.892,3.366,-0.2066,4.355,3.6629,-0.0322,-0.3296,-5.2959,35.152,38.569,0.404,64.8634,5.5112,1.0,1.0,1.0,-0.03,671.7,0.0,3.7,150.0,1,116.133,0.07509844491099704,0.004691446446610209,-0.03,-0.2210614006558847,0.0,1.0,0.05265664248862878,1002.3475493479049,34.766863756644824,1.391999999999996,-0.1339999999999999,6.692453989678598,1.686612354508702e-20,0.9708291084460761,54.63025165962715,4.8365431745686465,3.6428999999999974,4.117979222784519,-1.704566420913346,landing,,,,-10.903805185111494
116.225,63.97349085,-22.60472573,147.926,3.351,-0.1943,4.3471,3.1623,0.15,0.0408,-5.6368,34.967,38.392,0.38,64.5919,5.1732,1.0,1.0,1.0,-0.03,671.0,0.0,3.7,150.0,1,116.225,0.0752352740791512,0.004134270046977168,-0.03,-0.22343859869201654,0.0,1.0,0.05443304100469931,1004.1568686337254,34.91468320038331,1.4259999999999877,-0.14900000000000002,6.692453989678598,1.4055102954239183e-20,0.9758164107693048,54.552493997661735,4.5590756606540594,3.142300000000006,4.369185413934899,-1.7324121613046275,landing,,,,-10.903805185111494
116.317,63.973507,-22.60472291,147.962,3.344,-0.1885,4.3343,2.6373,0.3955,-0.3641,-5.8493,34.77,38.205,0.4472,64.3039,4.7918,1.0,1.0,1.0,-0.03,670.3,0.0,3.7,150.0,1,116.317,0.0754858569323606,0.0035588483013273275,-0.03,-0.22533142132238776,0.0,1.0,0.05635214746389405,1005.9572661890879,35.0522170740137,1.461999999999989,-0.15600000000000014,6.692453989678598,1.1712585795199319e-20,0.9805205749516404,54.475407575631124,4.241692006515564,2.6173,4.569780508126695,-1.7695841782611221,landing,,,,-10.903805185111494
116.417,63.97352455,-22.60472007,147.999,3.354,-0.1641,4.3239,2.0372,0.33,0.041,-6.1603,34.57,38.017,0.2924,64.0151,4.3803,1.0,1.0,1.0,-0.03,669.6,0.0,3.7,150.0,1,116.417,0.07496563245640653,0.0029948944224554575,-0.03,-0.22680018335407442,0.0,1.0,0.05832673547410111,1007.9137315206996,35.19067634447997,1.4989999999999952,-0.1459999999999999,6.692453989678598,9.760488162666098e-21,0.985334044781052,54.39235628819045,3.894421826392005,2.0172000000000025,4.725802703045442,-1.7905310711464617,landing,,,,-10.903805185111494
116.508,63.97354056,-22.60471773,148.034,3.334,-0.1396,4.324,1.4626,0.0141,-0.1368,-6.3544,34.363,37.821,0.3899,63.714,3.9256,1.0,1.0,1.0,-0.03,668.9,0.0,3.7,150.0,1,116.508,0.07428783839537356,0.0024234005715566276,-0.03,-0.22762977493366648,0.0,1.0,0.06043521919435224,1009.69851412398,35.304698676212595,1.5339999999999918,-0.16599999999999993,6.692453989678598,8.133740135555082e-21,0.9893888853942703,54.31740052935382,3.5056984149100856,1.4425999999999988,4.814074498447723,-1.8345487260172773,landing,,,,-10.903805185111494
116.608,63.97355794,-22.60471546,148.071,3.34,-0.1209,4.3156,0.8157,0.0069,0.2406,-6.6445,34.145,37.617,0.3526,63.3982,3.4246,1.0,1.0,1.0,-0.03,668.1,0.0,3.7,150.0,1,116.608,0.07368911562371228,0.0018474650076357457,-0.03,-0.22792490676219945,0.0,1.0,0.06268573298769164,1011.6360186611006,35.41523813658751,1.570999999999998,-0.16000000000000014,6.692453989678598,6.778116779629235e-21,0.9934273969485834,54.235685267284154,3.0719587081050292,0.7957000000000107,4.845503753463249,-1.8659533872884138,landing,,,,-10.903805185111494
116.75,63.97358241,-22.60471281,148.122,3.335,-0.1158,4.3082,359.8647,0.6367,-0.098,-6.8616,33.822,37.315,0.3826,62.9245,2.6496,1.0,1.0,1.0,-0.03,667.0,0.0,3.7,150.0,1,116.75,0.07329961830464393,0.0010325463207541963,-0.03,-0.2270713586312086,0.0,1.0,0.06612677124290078,1014.3638997737523,35.54411932270077,1.622000000000014,-0.16500000000000004,6.692453989678598,5.6484306496910285e-21,0.998375104003973,54.12073895512091,2.391163695152386,-0.1552999999998974,4.754645000164088,-1.9031074327461954,landing,,,,-10.903805185111494
116.85,63.97359958,-22.60471142,148.17,3.342,0.0081,4.4475,359.1173,2.5966,2.2206,-7.9369,33.611,37.126,0.5656,62.6344,1.8751,1.0,1.0,1.0,-0.03,666.2,0.0,3.7,150.0,1,116.85,0.06853824752909793,0.0005468308923269605,-0.03,-0.2257746468548107,0.0,1.0,0.06834967422431037,1016.2779791464233,35.61155247364037,1.6699999999999875,-0.15799999999999992,6.692453989678598,4.70702554140919e-21,1.0012081888505233,54.040457310822234,1.6947643717605843,-0.9026999999999816,4.616828550162457,-1.9219158479511027,landing,,,,-10.903805185111494
116.942,63.97361666,-22.6047105,148.229,3.365,0.177,4.6132,358.3262,-0.1381,0.583,-7.7278,33.424,36.961,0.6057,62.3732,1.1284,1.0,1.0,1.0,-0.03,665.4,0.0,3.7,150.0,1,116.942,0.0620096548718983,0.00013890098094701542,-0.03,-0.22390461697748032,0.0,1.0,0.07033589115019945,1018.182017574629,35.65596207454505,1.7290000000000134,-0.1349999999999998,6.692453989678598,3.922521284507658e-21,1.0033938722960136,53.96704547798694,1.0164308012343497,-1.6938000000000102,4.418524127500964,-1.9319788341057458,landing,,,,-10.903805185111494
117.042,63.97363227,-22.60471009,148.282,3.387,0.1596,4.6316,357.621,-0.1647,-0.0414,-7.7102,33.263,36.822,0.5411,62.1468,0.4205,1.0,1.0,1.0,-0.03,664.7,0.0,3.7,150.0,1,117.042,0.06195566786485718,-0.0001926530265153048,-0.03,-0.22121738581153183,0.0,1.0,0.07204321573658984,1019.922176475827,35.6754420755003,1.7820000000000107,-0.11299999999999999,6.692453989678598,3.268767737089715e-21,1.0048006454833676,53.88763539094198,0.3676709279040722,-2.399000000000001,4.13443888622593,-1.9027080310052122,landing,,,,-10.903805185111494
117.133,63.97364782,-22.60471008,148.329,3.403,0.1478,4.6236,356.909,-0.0929,-0.1138,-7.841,33.102,36.682,0.4847,61.9114,-0.3035,1.0,1.0,1.0,-0.03,664.0,0.0,3.7,150.0,1,117.133,0.061606465769677654,-0.0005150455247087404,-0.03,-0.21817246904344634,0.0,1.0,0.0737953069826438,1021.6556399305513,35.675326919965336,1.8290000000000077,-0.09699999999999998,6.692453989678598,2.723973114241429e-21,1.0056542566039177,53.81569076760709,-0.3008712093250665,-3.11099999999999,3.8137144923612967,-1.8905737344802749,landing,,,,-10.903805185111494
117.233,63.97366472,-22.60471055,148.375,3.416,0.1409,4.6121,356.1178,-0.0448,-0.1134,-7.9911,32.924,36.528,0.437,61.6425,-1.1067,1.0,1.0,1.0,-0.03,663.2,0.0,3.7,150.0,1,117.233,0.06080891841635905,-0.0008558840836010717,-0.03,-0.21408864924558413,0.0,1.0,0.07576142173172651,1023.5395887747012,35.651642242573296,1.875,-0.08400000000000007,6.692453989678598,2.269977595201191e-21,1.0059190231578323,53.73689703403084,-1.048550555644141,-3.9021999999999935,3.385357347437648,-1.8805215768002337,landing,,,,-10.903805185111494
117.333,63.97368154,-22.60471152,148.416,3.425,0.1381,4.6012,355.3123,-0.0142,-0.1054,-8.1251,32.745,36.373,0.4001,61.3604,-1.9211,1.0,1.0,1.0,-0.03,662.5,0.0,3.7,150.0,1,117.333,0.05773747222132142,-0.0011839019622420788,-0.03,-0.20194758624487597,0.0,1.0,0.07778270458442721,1025.41461092801,35.60346381404473,1.9159999999999968,-0.07500000000000018,6.692453989678598,1.8916479960009923e-21,1.0054882613713838,53.65832287005455,-1.8132571916895301,-4.707699999999932,2.880733773963307,-1.8722923425456781,landing,,,,-10.903805185111494
117.425,63.97369688,-22.60471287,148.452,3.431,0.1375,4.5919,354.5631,-0.0062,-0.0982,-8.2182,32.58,36.23,0.3732,61.09,-2.6748,1.0,1.0,1.0,-0.03,661.8,0.0,3.7,150.0,1,117.425,0.051387703269202334,-0.001472757780507955,-0.03,-0.17855394635701316,0.0,1.0,0.07968649297424601,1027.1246410093065,35.53672535939541,1.9519999999999982,-0.06899999999999995,6.692453989678598,1.576373330000827e-21,1.0044504112833663,53.586180117757785,-2.5270703745474066,-5.456899999999905,2.3521962232428604,-1.8651274260296693,landing,,,,-10.903805185111494
117.525,63.97371355,-22.60471482,148.488,3.436,0.137,4.5824,353.7389,-0.0168,-0.0904,-8.2414,32.4,36.073,0.3497,60.7831,-3.4991,1.0,1.0,1.0,-0.03,661.1,0.0,3.7,150.0,1,117.525,0.04348953909705733,-0.0017742493574084695,-0.03,-0.1510044181983261,0.0,1.0,0.08182124942073443,1028.9829248920362,35.44053891376761,1.9879999999999995,-0.06400000000000006,6.692453989678598,1.3136444416673557e-21,1.0026513083217221,53.50782464819743,-3.314709164044075,-6.281099999999924,1.700564261010384,-1.8592067509360488,landing,,,,-10.903805185111494
117.617,63.97373013,-22.60471729,148.522,3.44,0.1355,4.5738,352.9172,-0.0292,-0.0843,-8.1549,32.221,35.916,0.3307,60.4645,-4.3207,1.0,1.0,1.0,-0.03,660.4,0.0,3.7,150.0,1,117.617,0.034856352187771444,-0.0020589265288975256,-0.03,-0.12226339729587399,0.0,1.0,0.08400431921195944,1030.8311669751988,35.3188792316546,2.0219999999999914,-0.06000000000000005,6.692453989678598,1.094703701389463e-21,1.0001227542371127,53.43574527933277,-4.107320520974639,-7.102800000000002,1.0314614698090971,-1.8670654257521437,landing,,,,-10.903805185111494
117.717,63.97374525,-22.60472,148.551,3.442,0.1328,4.5662,352.1764,-0.0473,-0.0804,-7.9618,32.057,35.772,0.3161,60.1628,-5.0665,1.0,1.0,1.0,-0.03,659.8,0.0,3.7,150.0,1,117.717,0.025941463656143915,-0.002304868330941373,-0.03,-0.09367179425629013,0.0,1.0,0.08605063633758464,1032.5166489155895,35.18551786719226,2.0509999999999877,-0.05799999999999983,6.692453989678598,9.122530844912191e-22,0.9971777018887917,53.35734389859054,-4.833701200616076,-7.843599999999924,0.2367868551110589,-1.846423114320134,landing,,,,-10.903805185111494
117.817,63.97376165,-22.60472343,148.582,3.444,0.1282,4.5585,351.3935,-0.0643,-0.0715,-7.6412,31.879,35.615,0.3027,59.8244,-5.8685,1.0,1.0,1.0,-0.03,659.2,0.0,3.7,150.0,1,117.817,0.01595646310894594,-0.00255607720780085,-0.03,-0.06251056235545527,0.0,1.0,0.08833143904329877,1034.3448087677803,35.01683121001156,2.0819999999999936,-0.05600000000000005,6.692453989678598,7.602109037426826e-22,0.9932961069519571,53.278815696290444,-5.622529268985346,-8.626499999999965,-0.628231013439999,-1.84038464938195,landing,,,,-10.903805185111494
117.908,63.97377661,-22.60472701,148.609,3.445,0.1224,4.5522,350.7081,-0.0899,-0.067,-7.2466,31.717,35.472,0.292,59.5068,-6.5872,1.0,1.0,1.0,-0.03,658.7,0.0,3.7,150.0,1,117.908,0.006658945190768872,-0.002769165108905486,-0.03,-0.033959255428602675,0.0,1.0,0.09045565694624513,1036.0124395513387,34.84085152780267,2.109000000000009,-0.05500000000000016,6.692453989678598,6.335090864522355e-22,0.989121772832054,53.20721337000607,-6.3367301580107664,-9.311899999999923,-1.4698970112177636,-1.8349151158217407,landing,,,,-10.903805185111494
118.008,63.97379284,-22.60473138,148.638,3.446,0.1132,4.5457,350.0074,-0.1154,-0.064,-6.6925,31.543,35.317,0.2817,59.1547,-7.345,1.0,1.0,1.0,-0.03,658.1,0.0,3.7,150.0,1,118.008,-0.0033317578945256665,-0.0029828388376822723,-0.03,-0.0032689349865788753,0.0,1.0,0.09281042240252235,1037.8216322820767,34.626117381076746,2.1380000000000052,-0.053999999999999826,6.692453989678598,5.279242387101962e-22,0.983908665588161,53.12824685866487,-7.097959632555643,-10.01260000000002,-2.456458041105532,-1.8262864689288638,landing,,,,-10.903805185111494
118.108,63.97380896,-22.60473621,148.665,3.446,0.1036,4.5357,349.3677,-0.0768,-0.1007,-6.0245,31.373,35.164,0.2674,58.7997,-8.0668,1.0,1.0,1.0,-0.03,657.6,0.0,3.7,150.0,1,118.108,-0.012891489386210986,-0.003175748645759452,-0.03,0.026192879555228643,0.0,1.0,0.09519018270696772,1039.6185547044138,34.38885039972125,2.164999999999992,-0.053999999999999826,6.692453989678598,4.399368655918302e-22,0.978039494703615,53.048956651939676,-7.831709808870443,-10.652299999999968,-3.497123460694562,-1.8148058808444067,landing,,,,-10.903805185111494
118.208,63.97382499,-22.60474146,148.691,3.446,0.0921,4.5275,348.7984,-0.1708,-0.0693,-5.2655,31.205,35.013,0.256,58.4446,-8.7459,1.0,1.0,1.0,-0.03,657.1,0.0,3.7,150.0,1,118.208,-0.02168240587378939,-0.003348251044692635,-0.03,0.053885405019982735,0.0,1.0,0.09759490092520717,1041.4054370373879,34.13100955443301,2.1910000000000025,-0.053999999999999826,6.692453989678598,3.666140546598585e-22,0.9715694330160564,52.96928373973482,-8.530831719793525,-11.221599999999967,-4.584312226087551,-1.8025508007676538,landing,,,,-10.903805185111494
118.35,63.97384754,-22.6047496,148.727,3.446,0.0656,4.5179,348.1327,-0.2069,-0.0653,-4.0303,30.973,34.802,0.2463,57.9461,-9.6198,1.0,1.0,1.0,-0.03,656.4,0.0,3.7,150.0,1,118.35,-0.03218238015196062,-0.0035589217624456826,-0.03,0.08926245305775826,0.0,1.0,0.1010526226715619,1043.9190982815423,33.73132312295824,2.227000000000004,-0.053999999999999826,6.692453989678598,3.0551171221654873e-22,0.9613946711366044,52.855080506668145,-9.44587255746535,-11.887299999999982,-6.207211592477059,-1.7872100749616353,landing,,,,-10.903805185111494
118.442,63.97386333,-22.60475577,148.751,3.446,0.0432,4.5116,347.7706,-0.2747,-0.0641,-3.0959,30.815,34.656,0.2404,57.6027,-10.1622,1.0,1.0,1.0,-0.03,656.0,0.0,3.7,150.0,1,118.442,-0.037861851461891194,-0.0036835730154568813,-0.03,0.10995105131638849,0.0,1.0,0.10351468153640692,1045.679210463552,33.428417386665124,2.2510000000000048,-0.053999999999999826,6.692453989678598,2.545930935137906e-22,0.9535978464363603,52.78072259498651,-10.025102904818851,-12.249399999999923,-7.277050045826248,-1.7808629139967433,landing,,,,-10.903805185111494
118.542,63.97387773,-22.60476171,148.773,3.446,0.0166,4.506,347.5254,-0.3255,-0.0579,-2.1495,30.673,34.523,0.2351,57.2978,-10.5916,1.0,1.0,1.0,-0.03,655.6,0.0,3.7,150.0,1,118.542,-0.04234502617006419,-0.0037818334781078156,-0.03,0.12779751968839925,0.0,1.0,0.10580917067122181,1047.2843739122998,33.13683429666029,2.272999999999996,-0.053999999999999826,6.692453989678598,2.1216091126149217e-22,0.9460374884112169,52.699390601844335,-10.493006269889037,-12.494599999999991,-8.453739545368085,-1.7480571945424856,landing,,,,-10.903805185111494
118.642,63.97389335,-22.60476844,148.796,3.446,-0.017,4.5006,347.3585,-0.3632,-0.0524,-1.0884,30.521,34.38,0.2306,56.9779,-10.9851,1.0,1.0,1.0,-0.03,655.2,0.0,3.7,150.0,1,118.642,-0.045648005501249755,-0.003870997477053134,-0.03,0.14302342816898939,0.0,1.0,0.10833321294354736,1049.025525471631,32.806498687426355,2.2959999999999923,-0.053999999999999826,6.692453989678598,1.768007593845768e-22,0.937421506309428,52.6174681171358,-10.93249392473163,-12.661499999999933,-9.63535214991433,-1.7273247223113561,landing,,,,-10.903805185111494
118.733,63.9739076,-22.6047748,148.817,3.445,-0.0511,4.496,347.2993,-0.3994,-0.0497,-0.1072,30.386,34.25,0.2272,56.6987,-11.2714,1.0,1.0,1.0,-0.03,654.9,0.0,3.7,150.0,1,118.733,-0.047531934789960095,-0.003937053546267194,-0.03,0.15378419438751934,0.0,1.0,0.11068098018121642,1050.6139602269413,32.49434406825212,2.3170000000000073,-0.05500000000000016,6.692453989678598,1.47333966153814e-22,0.929239545495039,52.54242259582053,-11.263513578521042,-12.720699999999965,-10.705254145350203,-1.705160336966357,landing,,,,-10.903805185111494
118.833,63.97392306,-22.60478189,148.84,3.445,-0.0922,4.4913,347.3375,-0.4326,-0.047,0.9601,30.241,34.11,0.2241,56.4109,-11.4967,1.0,1.0,1.0,-0.03,654.5,0.0,3.7,150.0,1,118.833,-0.04840214862228348,-0.0039920304959238095,-0.03,0.1620959629586073,0.0,1.0,0.11326813983988665,1052.337269351479,32.146376942925286,2.3400000000000034,-0.05500000000000016,6.692453989678598,1.2277830512817833e-22,0.9200817763359778,52.4592893648014,-11.539283277608831,-12.682500000000005,-11.866451603896635,-1.6819639426966952,landing,,,,-10.903805185111494
118.925,63.97393717,-22.60478848,148.86,3.444,-0.1325,4.4847,347.465,-0.4857,-0.1037,1.9046,30.11,33.981,0.2166,56.1634,-11.6227,1.0,1.0,1.0,-0.03,654.2,0.0,3.7,150.0,1,118.925,-0.048165434363886706,-0.004027702366757008,-0.03,0.1665083989932945,0.0,1.0,0.11570799051952924,1053.9100934302164,31.822959214104706,2.3600000000000136,-0.05600000000000005,6.692453989678598,1.0231525427348194e-22,0.9115427324364576,52.3822761421335,-11.71199702792245,-12.555000000000064,-12.912340249140778,-1.658504770040476,landing,,,,-10.903805185111494
119.017,63.97395249,-22.60479573,148.882,3.444,-0.1837,4.476,347.701,-0.4908,-0.0587,2.8874,29.969,33.841,0.2121,55.9118,-11.6693,1.0,1.0,1.0,-0.03,653.9,0.0,3.7,150.0,1,119.017,-0.04643847899011544,-0.004049998700121155,-0.03,0.16713743824208116,0.0,1.0,0.11841894684829624,1055.6177930753245,31.467158540057493,2.382000000000005,-0.05600000000000005,6.692453989678598,8.526271189456828e-23,0.9021229187478049,52.30463247048909,-11.808920211861334,-12.31899999999996,-13.926894718848665,-1.6470596723688125,landing,,,,-10.903805185111494
119.117,63.97396647,-22.60480237,148.901,3.444,-0.2288,4.4718,348.001,-0.4966,-0.0382,3.7224,29.841,33.711,0.2113,55.6963,-11.6301,1.0,1.0,1.0,-0.03,653.6,0.0,3.7,150.0,1,119.117,-0.044394740466955185,-0.004055273090241035,-0.03,0.16587306364037924,0.0,1.0,0.1209972318256527,1057.1761243225415,31.141296183266846,2.4010000000000105,-0.05600000000000005,6.692453989678598,7.105225991214023e-23,0.893479003440359,52.21963159593149,-11.814614740884593,-12.019000000000005,-14.989525771660269,-1.6136906112443652,landing,,,,-10.903805185111494
119.208,63.97398041,-22.60480897,148.921,3.443,-0.2747,4.4688,348.3745,-0.503,-0.0314,4.4805,29.713,33.58,0.2109,55.4943,-11.5146,1.0,1.0,1.0,-0.03,653.3,0.0,3.7,150.0,1,119.208,-0.04129208221209635,-0.00404544488016037,-0.03,0.1610858848876966,0.0,1.0,0.1236569830742189,1058.7299971847215,30.817395132284496,2.4209999999999923,-0.05699999999999994,6.692453989678598,5.921021659345019e-23,0.8848758755568741,52.14175575143285,-11.74205846496335,-11.64549999999997,-15.912861587138096,-1.5948635926397412,landing,,,,-10.903805185111494
119.35,63.97400184,-22.60481897,148.951,3.442,-0.3467,4.4654,349.0788,-0.513,-0.0115,5.4865,29.515,33.374,0.2107,55.2047,-11.1941,1.0,1.0,1.0,-0.03,652.9,0.0,3.7,150.0,1,119.35,-0.034919463179231,-0.0039990079510518195,-0.03,0.14868133605218747,0.0,1.0,0.12797019543834798,1061.1187726710846,30.32662394829412,2.4509999999999934,-0.05799999999999983,6.692453989678598,4.9341847161208486e-23,0.8718299056726055,52.01875128748158,-11.482698195819353,-10.94119999999998,-17.240549352600695,-1.5766365566891412,landing,,,,-10.903805185111494
119.442,63.97401566,-22.60482526,148.97,3.442,-0.394,4.4635,349.6051,-0.4818,-0.027,6.0193,29.387,33.237,0.2122,55.0285,-10.9021,1.0,1.0,1.0,-0.03,652.7,0.0,3.7,150.0,1,119.442,-0.02986987214787501,-0.003947015778684643,-0.03,0.13790912475306616,0.0,1.0,0.13093116276517708,1062.6592736259556,30.017915622691277,2.469999999999999,-0.05799999999999983,6.692453989678598,4.1118205967673737e-23,0.8636239884608063,51.93868052380503,-11.226175292990831,-10.414899999999989,-18.040107098556756,-1.559788174065229,landing,,,,-10.903805185111494
119.533,63.97403067,-22.6048319,148.992,3.441,-0.4418,4.4619,350.2289,-0.4601,-0.0168,6.4693,29.245,33.085,0.2116,54.8417,-10.5173,1.0,1.0,1.0,-0.03,652.4,0.0,3.7,150.0,1,119.533,-0.023652371204193057,-0.00386948706179438,-0.03,0.12369857314436539,0.0,1.0,0.13430685930456931,1064.3324259138735,29.69201318579479,2.4919999999999902,-0.05900000000000016,6.692453989678598,3.426517163972811e-23,0.8549673285324263,51.85893521977927,-10.876124845943508,-9.791099999999915,-18.766932223959948,-1.5598473910083368,landing,,,,-10.903805185111494
119.625,63.9740444,-22.60483777,149.011,3.441,-0.4835,4.4603,350.8355,-0.4325,-0.0197,6.766,29.112,32.942,0.2142,54.6728,-10.1099,1.0,1.0,1.0,-0.03,652.2,0.0,3.7,150.0,1,119.625,-0.017643714895819618,-0.0037774207423017236,-0.03,0.1097492584360581,0.0,1.0,0.13757321408779394,1065.8629011450932,29.40388572824101,2.5109999999999957,-0.05900000000000016,6.692453989678598,2.855430969977342e-23,0.8473237260069997,51.777854934564594,-10.49658933929993,-9.184499999999957,-19.439250447499504,-1.5494660076360418,landing,,,,-10.903805185111494
119.725,63.97405808,-22.60484338,149.031,3.441,-0.5222,4.4587,351.4646,-0.3988,-0.0188,6.9531,28.979,32.796,0.2161,54.5039,-9.6582,1.0,1.0,1.0,-0.03,651.9,0.0,3.7,150.0,1,119.725,-0.011483856885512123,-0.0036642376905507146,-0.03,0.0952574351780009,0.0,1.0,0.14100246846495512,1067.3878069862462,29.12849858572555,2.531000000000006,-0.05900000000000016,6.692453989678598,2.379525808314452e-23,0.8400333262201894,51.689265417404734,-10.068615783915249,-8.555399999999963,-20.10039794302447,-1.5295145523964078,landing,,,,-10.903805185111494
119.817,63.97407171,-22.60484873,149.051,3.44,-0.5579,4.4572,352.1069,-0.3614,-0.0169,7.0466,28.843,32.646,0.2182,54.3329,-9.1684,1.0,1.0,1.0,-0.03,651.7,0.0,3.7,150.0,1,119.817,-0.005112326193866645,-0.00352773155598865,-0.03,0.08002050752851209,0.0,1.0,0.14462915176194996,1068.9071434365408,28.86585175807461,2.5509999999999877,-0.06000000000000005,6.692453989678598,1.9829381735953766e-23,0.8330970087776157,51.60739659493223,-9.59813902987969,-7.913099999999986,-20.643479481948635,-1.5248551266844825,landing,,,,-10.903805185111494
119.908,63.97408654,-22.60485424,149.073,3.44,-0.5925,4.4557,352.8125,-0.316,-0.0171,7.0386,28.692,32.48,0.2207,54.1411,-8.6007,1.0,1.0,1.0,-0.03,651.4,0.0,3.7,150.0,1,119.908,0.001863842207349864,-0.0033527594321417775,-0.03,0.06306072345308034,0.0,1.0,0.148770328428668,1070.560249237539,28.5953192386528,2.5730000000000075,-0.06000000000000005,6.692453989678598,1.652448477996147e-23,0.8259780041462502,51.526018156971574,-9.046418667544089,-7.207499999999982,-21.111506318662943,-1.5370810841986666,landing,,,,-10.903805185111494
120.008,63.97410009,-22.60485897,149.093,3.439,-0.6199,4.4542,353.4544,-0.2604,-0.0163,6.9334,28.552,32.324,0.2228,53.9584,-8.0586,1.0,1.0,1.0,-0.03,651.2,0.0,3.7,150.0,1,120.008,0.007891370836129175,-0.003165450683613208,-0.03,0.04827211195763126,0.0,1.0,0.15278976418021245,1072.070678152067,28.363051635898845,2.5929999999999893,-0.06099999999999994,6.692453989678598,1.3770403983301225e-23,0.819894135300202,51.43625417664503,-8.514248989563498,-6.565599999999904,-21.556951255476278,-1.5246191674533411,landing,,,,-10.903805185111494
120.15,63.97412093,-22.60486566,149.125,3.439,-0.6531,4.4522,354.4181,-0.2058,-0.014,6.6257,28.332,32.077,0.2266,53.6605,-7.1946,1.0,1.0,1.0,-0.03,650.8,0.0,3.7,150.0,1,120.15,0.016644417387532695,-0.0028236595660001973,-0.03,0.02619002982106311,0.0,1.0,0.15942069087857963,1074.3937389705354,28.03447265137047,2.625,-0.06099999999999994,6.692453989678598,1.147533665275102e-23,0.8113480084151259,51.308000657403845,-7.656463224651361,-5.6019000000000005,-22.04631234764855,-1.5268624953801073,landing,,,,-10.903805185111494
120.25,63.97413557,-22.60486992,149.148,3.438,-0.6715,4.451,355.0687,-0.1368,-0.0202,6.3284,28.174,31.9,0.2293,53.4374,-6.5783,1.0,1.0,1.0,-0.03,650.5,0.0,3.7,150.0,1,120.25,0.022236465904242775,-0.0025447924369247643,-0.03,0.0117903080555527,0.0,1.0,0.16438457645889193,1076.0256855685886,27.825189686101197,2.647999999999996,-0.06199999999999983,6.692453989678598,9.562780543959184e-24,0.8059562595075414,51.21756961449659,-7.037969051774951,-4.9512999999999465,-22.320979224172042,-1.5316931776182887,landing,,,,-10.903805185111494
120.342,63.97415014,-22.6048738,149.171,3.438,-0.6835,4.4488,355.6844,-0.0875,-0.0282,5.9355,28.012,31.718,0.2319,53.2006,-5.9702,1.0,1.0,1.0,-0.03,650.2,0.0,3.7,150.0,1,120.342,0.026745519865146672,-0.002228697715094402,-0.03,-0.00016479744250230688,0.0,1.0,0.16968382973132262,1077.6498352930723,27.634527061327233,2.6709999999999923,-0.06199999999999983,6.692453989678598,7.968983786632653e-24,0.8010921453650184,51.134202878385715,-6.422974414625173,-4.3355999999999995,-22.514501415309656,-1.5525273946727538,landing,,,,-10.903805185111494
120.442,63.97416345,-22.60487703,149.192,3.437,-0.6901,4.4461,356.2119,-0.0447,-0.036,5.5205,27.861,31.549,0.2341,52.9716,-5.4252,1.0,1.0,1.0,-0.03,650.0,0.0,3.7,150.0,1,120.442,0.02672901430940189,-0.0019087403160512884,-0.03,0.0006413062049868135,0.0,1.0,0.17479030258559952,1079.133535443569,27.475759390091135,2.6920000000000073,-0.06300000000000017,6.692453989678598,6.640819822193878e-24,0.7970885727099662,51.043464392728765,-5.86768102401922,-3.8080999999999676,-22.670166401156546,-1.5486612678843292,landing,,,,-10.903805185111494
120.533,63.97417669,-22.60487995,149.214,3.437,-0.6934,4.4415,356.6999,-0.0261,-0.0749,5.093,27.708,31.377,0.2352,52.7317,-4.8935,1.0,1.0,1.0,-0.03,649.7,0.0,3.7,150.0,1,120.533,0.026690406223729035,-0.0015572033418506381,-0.03,0.001134069147566641,0.0,1.0,0.18017972960580636,1080.6094375241453,27.332182498598183,2.7139999999999986,-0.06300000000000017,6.692453989678598,5.5340165184948985e-24,0.7935168058017781,50.960842580065446,-5.321861637537239,-3.3200999999999112,-22.76599698690602,-1.560721032741986,landing,,,,-10.903805185111494
120.633,63.97419107,-22.6048828,149.237,3.437,-0.6961,4.4346,357.1895,0.0045,-0.0899,4.665,27.537,31.186,0.2327,52.4579,-4.3335,1.0,1.0,1.0,-0.03,649.4,0.0,3.7,150.0,1,120.633,0.026699192769303604,-0.00113656228689199,-0.03,0.0014176738573360437,0.0,1.0,0.18640253127965029,1082.2124242840277,27.191990807699668,2.7369999999999948,-0.06300000000000017,6.692453989678598,4.611680432079082e-24,0.7900889401326455,50.86998199881183,-4.742429991319085,-2.830500000000029,-22.82138701703696,-1.5742918479472683,landing,,,,-10.903805185111494
120.733,63.97420537,-22.60488531,149.26,3.436,-0.6921,4.4246,357.6375,0.0871,-0.0994,4.2664,27.363,30.992,0.2325,52.1711,-3.7986,1.0,1.0,1.0,-0.03,649.2,0.0,3.7,150.0,1,120.733,0.026526872473854823,-0.0006771517974760999,-0.03,0.0014689652885609972,0.0,1.0,0.19299185827554965,1083.8064987187813,27.06846009729833,2.759999999999991,-0.06400000000000006,6.692453989678598,3.843067026732568e-24,0.7871363642776698,50.77912902857688,-4.184381512231141,-2.3824999999999363,-22.831423146866587,-1.5893562254065936,landing,,,,-10.903805185111494
120.825,63.97421959,-22.6048875,149.284,3.436,-0.6846,4.4164,358.0475,0.0751,-0.072,3.9074,27.185,30.795,0.2317,51.8718,-3.2953,1.0,1.0,1.0,-0.03,648.9,0.0,3.7,150.0,1,120.825,0.026285594515423893,-0.00017801580050716415,-0.03,0.0013228301096761541,0.0,1.0,0.1999738571780723,1085.3916604871577,26.96061049309228,2.783999999999992,-0.06400000000000006,6.692453989678598,3.2025558556104734e-24,0.784631761237719,50.69559248825645,-3.654988595113508,-1.9724999999999682,-22.80284405391541,-1.6207586238874203,landing,,,,-10.903805185111494
120.925,63.97423256,-22.60488924,149.305,3.435,-0.6765,4.41,358.3927,0.1038,-0.0774,3.5965,27.018,30.61,0.2329,51.585,-2.8633,1.0,1.0,1.0,-0.03,648.7,0.0,3.7,150.0,1,120.925,0.0260847219156366,0.0003200888616499975,-0.03,0.0009880490467456537,0.0,1.0,0.20680982714626456,1086.8374840286167,26.874856707669743,2.805000000000007,-0.06499999999999995,6.692453989678598,2.6687965463420612e-24,0.782711171013292,50.6048782970636,-3.1970249809999984,-1.627299999999991,-22.73754561337626,-1.6252351126249345,landing,,,,-10.903805185111494
121.017,63.97424662,-22.60489087,149.328,3.435,-0.6649,4.4023,358.7377,0.1304,-0.0842,3.2817,26.83,30.405,0.234,51.2601,-2.4258,1.0,1.0,1.0,-0.03,648.5,0.0,3.7,150.0,1,121.017,0.025793607819277586,0.0009045640572365732,-0.03,0.0005183351749686871,0.0,1.0,0.2147152442854961,1088.4048190968667,26.7944498174291,2.828000000000003,-0.06499999999999995,6.692453989678598,2.2239971219517176e-24,0.7809918449147752,50.52154125335143,-2.7294072487721337,-1.2822999999999638,-22.646331793733196,-1.6632572170108149,landing,,,,-10.903805185111494
121.117,63.97425943,-22.60489214,149.349,3.435,-0.6521,4.3944,359.0273,0.1496,-0.0946,3.0123,26.654,30.212,0.2347,50.9507,-2.0557,1.0,1.0,1.0,-0.03,648.3,0.0,3.7,150.0,1,121.117,0.025519694705555096,0.0014853332714302725,-0.03,-0.00014068311699932945,0.0,1.0,0.22248913002220716,1089.832814397432,26.73172931022276,2.8489999999999895,-0.06499999999999995,6.692453989678598,1.8533309349597644e-24,0.7797303235378242,50.43110914819403,-2.3304507810551627,-0.9927000000000135,-22.519138475795856,-1.672052015464362,landing,,,,-10.903805185111494
121.217,63.97427331,-22.60489328,149.373,3.434,-0.6364,4.385,359.3159,0.1649,-0.1024,2.7383,26.455,29.997,0.2352,50.6015,-1.6853,1.0,1.0,1.0,-0.03,648.1,0.0,3.7,150.0,1,121.217,0.02518339162372918,0.0021661820291278555,-0.03,-0.0009489726568915335,0.0,1.0,0.2315436734380399,1091.3800920326662,26.675336351276385,2.8729999999999905,-0.06599999999999984,6.692453989678598,1.5444424457998036e-24,0.7786989621780914,50.3408753472512,-1.9275501285423218,-0.7040999999999258,-22.3643570910379,-1.7009563776948864,landing,,,,-10.903805185111494
121.317,63.97428709,-22.60489422,149.396,3.434,-0.6195,4.3747,359.5779,0.1751,-0.1122,2.4821,26.251,29.777,0.2354,50.2398,-1.3486,1.0,1.0,1.0,-0.03,647.9,0.0,3.7,150.0,1,121.317,0.02484654734616465,0.002898667911631375,-0.03,-0.0018947111504841185,0.0,1.0,0.24125679507278314,1092.9162254135306,26.62874602922981,2.8959999999999866,-0.06599999999999984,6.692453989678598,1.2870353714998362e-24,0.7779478989743673,50.25086721932447,-1.5576362416041434,-0.4420999999999822,-22.18492352012753,-1.7317785251771773,landing,,,,-10.903805185111494
121.408,63.97429964,-22.60489489,149.418,3.433,-0.6032,4.3645,359.7962,0.1803,-0.1225,2.2606,26.057,29.57,0.2353,49.8969,-1.0684,1.0,1.0,1.0,-0.03,647.8,0.0,3.7,150.0,1,121.408,0.02453954082609544,0.0036197726996805846,-0.03,-0.002860963447481768,0.0,1.0,0.2508255158021357,1094.3152470240664,26.59543187638675,2.9180000000000064,-0.06700000000000017,6.692453989678598,1.0725294762498635e-24,0.7775293743090761,50.1691947618213,-1.2466384914478112,-0.2237999999999829,-22.00340651609435,-1.768150307603613,landing,,,,-10.903805185111494
121.508,63.97431323,-22.60489546,149.441,3.433,-0.5851,4.352,0.0116,0.1824,-0.1354,2.0301,25.839,29.337,0.235,49.5093,-0.7923,1.0,1.0,1.0,-0.03,647.6,0.0,3.7,150.0,1,121.508,0.024234187502251314,0.0044669758105107815,-0.03,-0.004040578335224865,0.0,1.0,0.26211164266335235,1095.8302061529841,26.566976627211137,2.9410000000000025,-0.06700000000000017,6.692453989678598,8.937745635415528e-25,0.7772984010448741,50.07969395271972,-0.9368291912813049,-0.008399999999994634,-21.78421245093342,-1.8055911887305685,landing,,,,-10.903805185111494
121.65,63.9743323,-22.60489599,149.474,3.432,-0.5594,4.3323,0.2786,0.1794,-0.1436,1.7236,25.516,28.996,0.234,48.9378,-0.4505,1.0,1.0,1.0,-0.03,647.3,0.0,3.7,150.0,1,121.65,0.023872662997718397,0.005771152439768196,-0.03,-0.005931477484499625,0.0,1.0,0.27964710699006795,1097.9560584930841,26.540267885606866,2.9739999999999895,-0.06800000000000006,6.692453989678598,7.448121362846274e-25,0.7773608752760555,49.95303531229937,-0.5474250087108885,0.2586000000000013,-21.43815543413014,-1.8482327067844972,landing,,,,-10.903805185111494
121.75,63.97434562,-22.6048962,149.498,3.432,-0.5416,4.3182,0.4418,0.177,-0.1639,1.5192,25.279,28.747,0.2331,48.5184,-0.2419,1.0,1.0,1.0,-0.03,647.2,0.0,3.7,150.0,1,121.75,0.02366041522365142,0.006768755698306789,-0.03,-0.007355974764144513,0.0,1.0,0.2932365448227176,1099.4409250592134,26.52946088516959,2.9979999999999905,-0.06800000000000006,6.692453989678598,6.206767802371895e-25,0.7776346219019233,49.8642886567819,-0.3056593421294167,0.4217999999999904,-21.181593879788856,-1.8956660970768264,landing,,,,-10.903805185111494
121.85,63.97435883,-22.60489628,149.521,3.431,-0.5242,4.3014,0.5844,0.1719,-0.1858,1.3157,25.031,28.487,0.2319,48.0801,-0.059,1.0,1.0,1.0,-0.03,647.0,0.0,3.7,150.0,1,121.85,0.02349208696239835,0.007848339737134363,-0.03,-0.008866025620576257,0.0,1.0,0.3081456095777797,1100.9135314071448,26.525027349833167,3.0209999999999866,-0.06899999999999995,6.692453989678598,5.172306501976579e-25,0.7780908397401578,49.77588344523332,-0.09030869932652763,0.5644000000000062,-20.91333794099098,-1.948787360978947,landing,,,,-10.903805185111494
121.942,63.97437083,-22.60489627,149.542,3.431,-0.5088,4.2818,0.6974,0.166,-0.247,1.1313,24.794,28.24,0.2295,47.6629,0.0875,1.0,1.0,1.0,-0.03,646.9,0.0,3.7,150.0,1,121.942,0.02338208853804863,0.008907291509213627,-0.03,-0.010319436715913732,0.0,1.0,0.32299246702748396,1102.2512524405442,26.525050334294587,3.0420000000000016,-0.06899999999999995,6.692453989678598,4.310255418313816e-25,0.7786247491650481,49.69487087959112,0.08518401262577413,0.6774000000000058,-20.658614431933866,-2.0058145969373844,landing,,,,-10.903805185111494
122.033,63.9743838,-22.60489616,149.564,3.43,-0.4918,4.2585,0.8015,0.1605,-0.2267,0.9339,24.525,27.961,0.2244,47.1915,0.2251,1.0,1.0,1.0,-0.03,646.7,0.0,3.7,150.0,1,122.033,0.023224365072911424,0.010139343604531365,-0.03,-0.011817417529874197,0.0,1.0,0.3405560289031602,1103.697107620774,26.52993494648815,3.063999999999993,-0.06999999999999984,6.692453989678598,3.591879515261513e-25,0.7793453837781446,49.61505020118017,0.2532946008474539,0.7814999999999941,-20.399504540603246,-2.0921990841288687,landing,,,,-10.903805185111494
122.133,63.97439557,-22.604896,149.584,3.43,-0.4775,4.2379,0.8797,0.1541,-0.2418,0.753,24.267,27.694,0.2227,46.7403,0.3321,1.0,1.0,1.0,-0.03,646.5,0.0,3.7,150.0,1,122.133,0.023239295205148336,0.011350821362176883,-0.03,-0.013517162153051654,0.0,1.0,0.358132057116857,1105.0091915698674,26.53731594022688,3.084000000000003,-0.06999999999999984,6.692453989678598,2.993232929384594e-25,0.7800869274191924,49.52767539325149,0.3870921278484616,0.8597000000000037,-20.10953949519723,-2.136544621935348,landing,,,,-10.903805185111494
122.225,63.97440722,-22.60489578,149.605,3.429,-0.4636,4.2159,0.9413,0.1491,-0.2558,0.5734,23.998,27.417,0.2207,46.272,0.4213,1.0,1.0,1.0,-0.03,646.4,0.0,3.7,150.0,1,122.225,0.023237009034010436,0.012637630246029902,-0.03,-0.015120692151709969,0.0,1.0,0.37712297210112933,1106.3078993369347,26.547641227267484,3.1049999999999898,-0.07100000000000017,6.692453989678598,2.4943607744871616e-25,0.7809107050346271,49.44763430690871,0.5016555351290037,0.9213000000000022,-19.839772131841418,-2.208123569348342,landing,,,,-10.903805185111494
122.325,63.97441981,-22.60489549,149.626,3.429,-0.4491,4.1901,0.9897,0.1432,-0.2777,0.3763,23.692,27.101,0.2184,45.7391,0.499,1.0,1.0,1.0,-0.03,646.2,0.0,3.7,150.0,1,122.325,0.02327031234197513,0.014138201191630978,-0.03,-0.016900914218469287,0.0,1.0,0.39965653483705355,1107.711396434546,26.56135949727367,3.1260000000000048,-0.07100000000000017,6.692453989678598,2.0786339787393015e-25,0.7818775311873739,49.36099661233774,0.6050551444695884,0.9696999999999889,-19.54440441052298,-2.2855668812257424,landing,,,,-10.903805185111494
122.417,63.97443121,-22.60489519,149.646,3.428,-0.4362,4.1648,1.0168,0.1388,-0.2988,0.1961,23.398,26.8,0.2161,45.23,0.5529,1.0,1.0,1.0,-0.03,646.0,0.0,3.7,150.0,1,122.417,0.02332481666855868,0.015595008974212593,-0.03,-0.018559968402795834,0.0,1.0,0.42188055960223597,1108.9822363844173,26.57561401074639,3.1459999999999866,-0.07200000000000006,6.692453989678598,1.7321949822827512e-25,0.7828081596159813,49.28164124007791,0.6803594672424254,0.9968000000000075,-19.272890289946172,-2.368301907833683,landing,,,,-10.903805185111494
122.517,63.9744435,-22.60489483,149.667,3.427,-0.4227,4.1341,1.0274,0.1341,-0.3668,-0.0032,23.061,26.455,0.2112,44.6475,0.5933,1.0,1.0,1.0,-0.03,645.8,0.0,3.7,150.0,1,122.517,0.02340870877720652,0.017291513844247958,-0.03,-0.020377502802852887,0.0,1.0,0.4480970286993156,1110.352291658008,26.592773515669688,3.1670000000000016,-0.07299999999999995,6.692453989678598,1.4434958185689594e-25,0.7838656249981755,49.19575566511081,0.741332331602365,1.0073999999999899,-18.979421387046727,-2.459365370757911,landing,,,,-10.903805185111494
122.608,63.97445562,-22.60489445,149.688,3.427,-0.4096,4.0946,1.0181,0.1295,-0.4368,-0.2028,22.707,26.094,0.2083,44.0372,0.6154,1.0,1.0,1.0,-0.03,645.6,0.0,3.7,150.0,1,122.608,0.023452754111631946,0.019089917283195063,-0.03,-0.022031193377343272,0.0,1.0,0.4761308556162277,1111.7033962281018,26.610919510231763,3.187999999999988,-0.07299999999999995,6.692453989678598,1.2029131821407995e-25,0.7849460192338958,49.11795862734358,0.7806305511629716,0.9980999999999938,-18.71588155242458,-2.589433054335331,landing,,,,-10.903805185111494
122.708,63.97446659,-22.6048941,149.706,3.426,-0.3979,4.0589,0.9919,0.1254,-0.4113,-0.3869,22.367,25.748,0.1984,43.4534,0.6196,1.0,1.0,1.0,-0.03,645.4,0.0,3.7,150.0,1,122.708,0.023602400392547518,0.02082864953256855,-0.03,-0.023838258789664613,0.0,1.0,0.5032834002597414,1112.9263020354933,26.627640442626138,3.205999999999989,-0.07399999999999984,6.692453989678598,1.0024276517839995e-25,0.7859339536668396,49.03282549395246,0.796922480670446,0.9719000000000051,-18.43153273690035,-2.663120958486682,landing,,,,-10.903805185111494
122.85,63.97448324,-22.60489356,149.733,3.425,-0.378,4.0001,0.9178,0.1481,-0.4114,-0.6745,21.81,25.183,0.1923,42.4994,0.5991,1.0,1.0,1.0,-0.03,645.0,0.0,3.7,150.0,1,122.85,0.023667747053700006,0.02368183788775166,-0.03,-0.026350048319249364,0.0,1.0,0.54736622779168,1114.7823989673427,26.65344915904966,3.233000000000004,-0.07500000000000018,6.692453989678598,8.353563764866662e-26,0.7874485015222827,48.91255447383058,0.7876261800006716,0.8977999999999895,-18.04231737203638,-2.7776131632849594,landing,,,,-10.903805185111494
122.95,63.97449477,-22.6048932,149.752,3.425,-0.3649,3.9609,0.8421,0.1199,-0.4335,-0.8605,21.396,24.763,0.1872,41.7914,0.5648,1.0,1.0,1.0,-0.03,644.7,0.0,3.7,150.0,1,122.95,0.023732442819333066,0.025799799756028613,-0.03,-0.028069881199473845,0.0,1.0,0.579158550023895,1116.067731919755,26.670638237643253,3.2520000000000095,-0.07500000000000018,6.692453989678598,6.961303137388885e-26,0.7884788167929477,48.82836050726377,0.7542905544929397,0.822100000000006,-17.77968419831599,-2.901466512077202,landing,,,,-10.903805185111494
123.042,63.97450516,-22.60489289,149.769,3.424,-0.3542,3.921,0.7559,0.1159,-0.4646,-1.0373,20.994,24.356,0.1836,41.1056,0.5192,1.0,1.0,1.0,-0.03,644.4,0.0,3.7,150.0,1,123.042,0.02382720089449253,0.027838471557134342,-0.03,-0.029600965111743593,0.0,1.0,0.6085073218970243,1117.2259805349015,26.685421990292138,3.2690000000000055,-0.07600000000000007,6.692453989678598,5.80108594782407e-26,0.7893875573205984,48.75124385698165,0.7036577713415966,0.7358999999999867,-17.548408303691488,-3.0349300307421267,landing,,,,-10.903805185111494
123.133,63.97451629,-22.60489259,149.787,3.423,-0.3429,3.8747,0.6435,0.1109,-0.4829,-1.2266,20.535,23.892,0.1795,40.3232,0.4561,1.0,1.0,1.0,-0.03,644.0,0.0,3.7,150.0,1,123.133,0.023870048098359742,0.03013463080607412,-0.03,-0.031047797214012407,0.0,1.0,0.6395134362009742,1118.4667217652507,26.699687010200407,3.287000000000006,-0.07699999999999996,6.692453989678598,4.8342382898533914e-26,0.7903157106489983,48.675283813617874,0.6280510138869602,0.623500000000007,-17.331979288127908,-3.217568759216149,landing,,,,-10.903805185111494
123.233,63.97452631,-22.60489235,149.803,3.422,-0.333,3.831,0.5242,0.1064,-0.497,-1.3937,20.095,23.449,0.1754,39.575,0.387,1.0,1.0,1.0,-0.03,643.7,0.0,3.7,150.0,1,123.233,0.02398826159649131,0.03228841531406587,-0.03,-0.03255772920584332,0.0,1.0,0.6660445323603957,1119.583722790539,26.711055599457005,3.3029999999999973,-0.07799999999999985,6.692453989678598,4.0285319082111595e-26,0.7911086730908669,48.59214373488156,0.5402718867671581,0.5041999999999973,-17.10823949524661,-3.3250625083782843,landing,,,,-10.903805185111494
123.333,63.97453702,-22.60489214,149.82,3.422,-0.3226,3.7827,0.3769,0.1014,-0.4894,-1.5657,19.598,22.947,0.1708,38.7292,0.3008,1.0,1.0,1.0,-0.03,643.3,0.0,3.7,150.0,1,123.333,0.024052691710458207,0.03467175661130048,-0.03,-0.033965976981163215,0.0,1.0,0.6918090403442263,1120.7776422516004,26.720927527133675,3.319999999999993,-0.07799999999999985,6.692453989678598,3.3571099235092993e-26,0.7918897067233645,48.5093588931043,0.4249930271352582,0.356899999999996,-16.901467100294155,-3.4746022803439205,landing,,,,-10.903805185111494
123.417,63.97454663,-22.604892,149.835,3.421,-0.3136,3.7395,0.2273,0.0967,-0.4783,-1.7117,19.127,22.472,0.1665,37.9284,0.2129,1.0,1.0,1.0,-0.03,642.8,0.0,3.7,150.0,1,123.417,0.024066586651895427,0.03686073738336568,-0.03,-0.03505987270056221,0.0,1.0,0.7114512408044923,1121.8489361032666,26.727412697880876,3.335000000000008,-0.07900000000000018,6.692453989678598,2.797591602924416e-26,0.7925209929197358,48.44010445160886,0.30160975274341695,0.2073000000000036,-16.742081576651678,-3.668469605507441,landing,,,,-10.903805185111494
123.508,63.97455604,-22.60489191,149.849,3.42,-0.3051,3.6966,0.0647,0.0904,-0.4673,-1.847,18.64,21.983,0.1621,37.1023,0.1179,1.0,1.0,1.0,-0.03,642.2,0.0,3.7,150.0,1,123.508,0.02409537854756605,0.03903809535121491,-0.03,-0.03614049503955841,0.0,1.0,0.7264263851244854,1122.8979337526528,26.731455964722425,3.3489999999999895,-0.08000000000000007,6.692453989678598,2.3313263357703466e-26,0.7930713855193573,48.36533896418791,0.16206821860944842,0.04470000000000596,-16.58566093430416,-3.8214858551566455,landing,,,,-10.903805185111494
123.633,63.97456852,-22.60489188,149.869,3.419,-0.2944,3.6412,359.8241,0.0801,-0.415,-2.0084,17.96,21.298,0.1559,35.9476,-0.02,1.0,1.0,1.0,-0.03,641.2,0.0,3.7,150.0,1,123.633,0.0241019318092614,0.041944747402265475,-0.03,-0.037412446433980895,0.0,1.0,0.7377990778060041,1124.289163962271,26.73244014572612,3.3689999999999998,-0.08099999999999996,6.692453989678598,1.9427719464752888e-26,0.7936722954439349,48.26302575543429,-0.05187738463834535,-0.1958999999999378,-16.40282767262535,-3.9686235046878595,landing,,,,-10.903805185111494
123.733,63.97457743,-22.60489193,149.883,3.418,-0.2873,3.6056,359.6358,0.0738,-0.3739,-2.1078,17.452,20.788,0.1514,35.0858,-0.1255,1.0,1.0,1.0,-0.03,640.4,0.0,3.7,150.0,1,123.733,0.024117921237742368,0.043992304615481176,-0.03,-0.03829180806266752,0.0,1.0,0.7385613892699611,1125.282420847446,26.729643746903978,3.3830000000000098,-0.08199999999999985,6.692453989678598,1.6189766220627406e-26,0.7939979151619941,48.18154879443237,-0.22494301575662234,-0.38419999999996435,-16.27721939589908,-4.069657731534377,landing,,,,-10.903805185111494
123.808,63.97458689,-22.60489205,149.897,3.417,-0.2804,3.5708,359.4207,0.0644,-0.3157,-2.1998,16.892,20.225,0.1464,34.1353,-0.2429,1.0,1.0,1.0,-0.03,639.3,0.0,3.7,150.0,1,123.808,0.02402934694352088,0.04613171483017084,-0.03,-0.0388340152934199,0.0,1.0,0.7314019150031625,1126.3369887420006,26.723396385157503,3.3969999999999914,-0.08300000000000018,6.692453989678598,1.3491471850522838e-26,0.79424657831358,48.120663415819806,-0.42769848088056506,-0.5992999999999711,-16.200087750429834,-4.37847672563729,landing,,,,-10.903805185111494
123.917,63.97459685,-22.60489227,149.913,3.416,-0.274,3.5406,359.1782,0.0525,-0.2363,-2.279,16.284,19.615,0.1411,33.1045,-0.3707,1.0,1.0,1.0,-0.03,638.0,0.0,3.7,150.0,1,123.917,0.023978882383227762,0.04830319505483946,-0.03,-0.039432250770297106,0.0,1.0,0.7139573887945697,1127.447293295485,26.712230194148443,3.413000000000011,-0.08400000000000007,6.692453989678598,1.124289320876903e-26,0.7943722379596708,48.0324115793466,-0.6615640705436476,-0.8417999999999211,-16.115262993950143,-4.487522627977211,landing,,,,-10.903805185111494
124.017,63.97460578,-22.60489254,149.927,3.416,-0.2692,3.521,358.9477,0.0425,-0.1466,-2.333,15.728,19.057,0.1362,32.1611,-0.4872,1.0,1.0,1.0,-0.03,636.7,0.0,3.7,150.0,1,124.017,0.023918594302568708,0.05015525474361224,-0.03,-0.039813605397198804,0.0,1.0,0.689390222776521,1128.442775953167,26.69865439679495,3.4269999999999925,-0.08400000000000007,6.692453989678598,9.369077673974192e-27,0.7943789872105725,47.95174143946984,-0.8878922288202205,-1.072300000000041,-16.06134036401065,-4.5850205708884015,landing,,,,-10.903805185111494
124.117,63.97461516,-22.60489292,149.941,3.415,-0.2652,3.5103,358.6928,0.031,-0.0485,-2.3713,15.136,18.463,0.1312,31.1565,-0.6104,1.0,1.0,1.0,-0.03,635.3,0.0,3.7,150.0,1,124.117,0.0238283356172323,0.05198702726315804,-0.03,-0.04001119753936455,0.0,1.0,0.6552155255906251,1129.4884212621616,26.67967177866416,3.4410000000000025,-0.08499999999999996,6.692453989678598,7.807564728311826e-27,0.7942455078178502,47.871326852120056,-1.142361956988566,-1.327199999999948,-16.033446960370537,-4.706382337171228,landing,,,,-10.903805185111494
124.208,63.97462217,-22.60489327,149.952,3.414,-0.2629,3.5099,358.4945,0.0224,0.0541,-2.3874,14.694,18.02,0.1275,30.4067,-0.7021,1.0,1.0,1.0,-0.03,634.0,0.0,3.7,150.0,1,124.208,0.023755334285333163,0.0532611085514437,-0.03,-0.04006141348670855,0.0,1.0,0.6255500479674498,1130.2698672141753,26.662251195489972,3.451999999999998,-0.08599999999999985,6.692453989678598,6.506303940259854e-27,0.7940493505259679,47.798375651566495,-1.3427420221495083,-1.5254999999999654,-16.02636309303116,-4.720087838986859,landing,,,,-10.903805185111494
124.317,63.97463171,-22.60489384,149.966,3.413,-0.2609,3.5213,358.2156,0.011,0.1322,-2.3907,14.093,17.417,0.1226,29.3853,-0.8247,1.0,1.0,1.0,-0.03,632.3,0.0,3.7,150.0,1,124.317,0.02362544755801327,0.05487272861428946,-0.03,-0.039905561764219666,0.0,1.0,0.5819040571519523,1131.3333455510503,26.633953543021434,3.466000000000008,-0.08700000000000019,6.692453989678598,5.421919950216545e-27,0.7936453914788394,47.71121556770367,-1.6275871030888993,-1.804399999999987,-16.04835533531712,-4.79223998706898,landing,,,,-10.903805185111494
124.408,63.97463832,-22.6048943,149.977,3.413,-0.2603,3.5357,358.0166,0.0032,0.2341,-2.3818,13.682,17.006,0.1192,28.688,-0.9078,1.0,1.0,1.0,-0.03,631.0,0.0,3.7,150.0,1,124.408,0.02351658137488416,0.05589290113995657,-0.03,-0.03964883164608746,0.0,1.0,0.5516691553067048,1132.0701989258987,26.611159214711645,3.477000000000004,-0.08700000000000019,6.692453989678598,4.518266625180454e-27,0.7932702254245712,47.63867913766193,-1.8324567135951213,-2.003400000000056,-16.08462470176574,-4.7671712170157186,landing,,,,-10.903805185111494
124.525,63.97464732,-22.60489501,149.99,3.412,-0.2605,3.5665,357.7402,-0.006,0.2797,-2.3531,13.127,16.45,0.1147,27.746,-1.017,1.0,1.0,1.0,-0.03,629.2,0.0,3.7,150.0,1,124.525,0.02333968368337408,0.05717634209878217,-0.03,-0.03909412252198008,0.0,1.0,0.5123579729784937,1133.0734774310279,26.576023453087686,3.490000000000009,-0.08800000000000008,6.692453989678598,3.765222187650379e-27,0.7926366895295942,47.54562678170001,-2.1191758599246384,-2.279800000000023,-16.163171192755087,-4.7650274467042495,landing,,,,-10.903805185111494
124.608,63.97465419,-22.60489562,150.001,3.411,-0.2613,3.5917,357.5257,-0.0134,0.3241,-2.3225,12.706,16.028,0.1113,27.0303,-1.0964,1.0,1.0,1.0,-0.03,627.8,0.0,3.7,150.0,1,124.608,0.02320000286615781,0.05807952872013686,-0.03,-0.038581047475117924,0.0,1.0,0.4849410190658187,1133.8393121926154,26.54586994829282,3.5010000000000048,-0.08899999999999997,6.692453989678598,3.1376851563753155e-27,0.7920532035646243,47.47982429683317,-2.3427516986133696,-2.4943000000000666,-16.236043771855222,-4.7929603294244645,landing,,,,-10.903805185111494
124.708,63.97466087,-22.60489627,150.011,3.411,-0.2628,3.6243,357.3144,-0.0187,0.3773,-2.2807,12.308,15.63,0.1081,26.354,-1.1707,1.0,1.0,1.0,-0.03,626.3,0.0,3.7,150.0,1,124.708,0.0230056247543296,0.05887795172144314,-0.03,-0.03782202671355994,0.0,1.0,0.4616277272956202,1134.5839656896287,26.513764087790193,3.5109999999999957,-0.08899999999999997,6.692453989678598,2.614737630312763e-27,0.7914022509232239,47.400698440936054,-2.563526609299686,-2.705600000000004,-16.344243334136664,-4.719054844931351,landing,,,,-10.903805185111494
124.825,63.97466915,-22.60489717,150.024,3.41,-0.2654,3.6677,357.0517,-0.0245,0.3583,-2.2177,11.818,15.139,0.1042,25.5202,-1.2566,1.0,1.0,1.0,-0.03,624.5,0.0,3.7,150.0,1,124.825,0.022744065252644163,0.059795091530896766,-0.03,-0.036733108000780224,0.0,1.0,0.43665436620337045,1135.506977692519,26.469347534851718,3.524000000000001,-0.08999999999999986,6.692453989678598,2.1789480252606357e-27,0.7904567092683806,47.3083191520008,-2.838934579086782,-2.9682999999999993,-16.500306787127272,-4.670780239758868,landing,,,,-10.903805185111494
124.908,63.97467546,-22.60489791,150.033,3.41,-0.2679,3.6986,356.8505,-0.0298,0.3483,-2.1643,11.443,14.763,0.1012,24.8829,-1.3171,1.0,1.0,1.0,-0.03,623.2,0.0,3.7,150.0,1,124.908,0.022549808257405157,0.060449373022027325,-0.03,-0.03585822040204523,0.0,1.0,0.4204052288422621,1136.2103832576336,26.432846636655185,3.532999999999987,-0.08999999999999986,6.692453989678598,1.8157900210505296e-27,0.7896563041700917,47.24297427559305,-3.0499487239789005,-3.169499999999971,-16.626422740794112,-4.656897698795035,landing,,,,-10.903805185111494
125.025,63.97468272,-22.60489883,150.045,3.409,-0.2712,3.7367,356.6197,-0.032,0.3359,-2.0917,11.019,14.338,0.0978,24.1608,-1.3813,1.0,1.0,1.0,-0.03,621.6,0.0,3.7,150.0,1,125.025,0.022211083630905792,0.06114156290474057,-0.03,-0.03445743070233698,0.0,1.0,0.4049095402759484,1137.0196886452602,26.387489900045537,3.5449999999999875,-0.09100000000000019,6.692453989678598,1.5131583508754412e-27,0.7886342465723333,47.150996882767195,-3.292102001804892,-3.4003000000000156,-16.829728694726832,-4.562991691989257,landing,,,,-10.903805185111494
125.108,63.97468763,-22.60489949,150.052,3.409,-0.2737,3.7598,356.4644,-0.0352,0.2957,-2.0414,10.728,14.047,0.0955,23.666,-1.4207,1.0,1.0,1.0,-0.03,620.6,0.0,3.7,150.0,1,125.108,0.021953683866750562,0.061587981939050435,-0.03,-0.03339451753606504,0.0,1.0,0.395931517091728,1137.567028144329,26.354962977739632,3.5519999999999925,-0.09100000000000019,6.692453989678598,1.260965292396201e-27,0.7878871782253101,47.08594042718424,-3.4554154849643623,-3.555599999999913,-16.985156746560587,-4.466903728752563,landing,,,,-10.903805185111494
125.208,63.97469453,-22.60490047,150.062,3.408,-0.2776,3.7916,356.2473,-0.0362,0.2786,-1.9594,10.322,13.639,0.0924,22.9732,-1.4704,1.0,1.0,1.0,-0.03,619.3,0.0,3.7,150.0,1,125.208,0.02163552476438274,0.062178246702548984,-0.03,-0.03198688504446501,0.0,1.0,0.3853594472111411,1138.3362008805957,26.306680626109355,3.562000000000012,-0.09200000000000008,6.692453989678598,1.0508044103301676e-27,0.7867596799980586,47.00766326042677,-3.682221715301978,-3.772699999999986,-17.19257517909497,-4.42991248068417,landing,,,,-10.903805185111494
125.308,63.97470124,-22.60490149,150.072,3.408,-0.2816,3.8199,356.0393,-0.0367,0.242,-1.8741,9.924,13.239,0.0892,22.2934,-1.5121,1.0,1.0,1.0,-0.03,618.1,0.0,3.7,150.0,1,125.308,0.02128317501442345,0.06271876961912168,-0.03,-0.030466310454922207,0.0,1.0,0.37701870750270916,1139.084192352288,26.256445918771306,3.5720000000000027,-0.09200000000000008,6.692453989678598,8.756703419418064e-28,0.7855641814123443,46.929527467699906,-3.9002719612701924,-3.980699999999956,-17.418719427304033,-4.389011346076487,landing,,,,-10.903805185111494
125.433,63.97470774,-22.60490253,150.082,3.408,-0.2857,3.8444,355.8407,-0.037,0.2059,-1.7852,9.533,12.845,0.0862,21.6254,-1.5456,1.0,1.0,1.0,-0.03,617.0,0.0,3.7,150.0,1,125.433,0.02076539591229204,0.06321655017402814,-0.03,-0.028441076375195662,0.0,1.0,0.37048807716903887,1139.8087733664916,26.205239508455712,3.5819999999999936,-0.09200000000000008,6.692453989678598,7.297252849515053e-28,0.7843290765752498,46.83202890448973,-4.108064503260948,-4.179300000000012,-17.723397934462735,-4.2743739509786245,landing,,,,-10.903805185111494
125.508,63.97471213,-22.60490326,150.088,3.407,-0.2885,3.8587,355.7088,-0.0398,0.1813,-1.7229,9.265,12.575,0.0841,21.167,-1.564,1.0,1.0,1.0,-0.03,616.4,0.0,3.7,150.0,1,125.508,0.0204553492942664,0.06353896479261065,-0.03,-0.0271890460772769,0.0,1.0,0.36684621779582816,1140.298143764329,26.1693032598404,3.587999999999994,-0.09299999999999997,6.692453989678598,6.081044041262543e-28,0.7834538982274966,46.77370787459558,-4.245825774510308,-4.311199999999985,-17.913812449954236,-4.2106429857381915,landing,,,,-10.903805185111494
125.608,63.97471783,-22.60490425,150.097,3.407,-0.2924,3.8755,355.5405,-0.0379,0.1527,-1.6354,8.912,12.219,0.0815,20.5623,-1.5826,1.0,1.0,1.0,-0.03,615.5,0.0,3.7,150.0,1,125.608,0.01937692264710633,0.06394215175651871,-0.03,-0.023518952804738924,0.0,1.0,0.36293512328127064,1140.933544243337,26.120577666154194,3.5970000000000084,-0.09299999999999997,6.692453989678598,5.067536701052119e-28,0.7822550352022201,46.69602101853381,-4.421155782076994,-4.479499999999916,-18.182624325454707,-4.148766350671056,landing,,,,-10.903805185111494
125.725,63.97472428,-22.60490541,150.106,3.407,-0.297,3.8914,355.3555,-0.0389,0.1197,-1.5228,8.504,11.806,0.0784,19.8622,-1.5949,1.0,1.0,1.0,-0.03,614.7,0.0,3.7,150.0,1,125.725,0.017385893266259833,0.06438052028513006,-0.03,-0.017059339243367222,0.0,1.0,0.35947743726842785,1141.6525493679076,26.063493954098725,3.6059999999999945,-0.09299999999999997,6.692453989678598,4.222947250876765e-28,0.7808391462725301,46.60526471667542,-4.610900935722356,-4.664499999999975,-18.51563412084686,-4.088622090353668,landing,,,,-10.903805185111494
125.817,63.97472919,-22.60490632,150.113,3.406,-0.3009,3.9013,355.22,-0.0457,0.0999,-1.4141,8.186,11.483,0.076,19.3157,-1.5962,1.0,1.0,1.0,-0.03,614.1,0.0,3.7,150.0,1,125.817,0.01588306656302113,0.06470279717295754,-0.03,-0.012143595056670065,0.0,1.0,0.3574483946572554,1142.1998845914673,26.018718599715463,3.6129999999999995,-0.09399999999999986,6.692453989678598,3.519122709063971e-28,0.7797210193900952,46.534076238661505,-4.7440426436427,-4.7999999999999545,-18.78689028693506,-4.03115842206065,landing,,,,-10.903805185111494
125.908,63.97473396,-22.60490724,150.12,3.406,-0.305,3.9097,355.0956,-0.044,0.0822,-1.2847,7.87,11.162,0.0737,18.7722,-1.5913,1.0,1.0,1.0,-0.03,613.6,0.0,3.7,150.0,1,125.908,0.014461079443629843,0.06500635209798386,-0.03,-0.007451084131689267,0.0,1.0,0.35592110169252167,1142.7316129009025,25.97345875596266,3.6200000000000045,-0.09399999999999986,6.692453989678598,2.932602257553309e-28,0.7785813731439541,46.463773779026994,-4.86532039302503,-4.9243999999999915,-19.064049985323972,-3.980373790284878,landing,,,,-10.903805185111494
126.017,63.97473943,-22.60490831,150.128,3.406,-0.3095,3.9175,354.9645,-0.0397,0.0624,-1.1185,7.499,10.784,0.071,18.1321,-1.5785,1.0,1.0,1.0,-0.03,613.1,0.0,3.7,150.0,1,126.017,0.012862423370017084,0.06534380204705678,-0.03,-0.0021941185064137114,0.0,1.0,0.3546433880898626,1143.3413723613442,25.920822613952367,3.627999999999986,-0.09399999999999986,6.692453989678598,2.4438352146277576e-28,0.7772516830682945,46.37967583441765,-4.995372194445764,-5.055499999999938,-19.40730134048392,-3.9279461479654176,landing,,,,-10.903805185111494
126.117,63.97474431,-22.6049093,150.135,3.405,-0.3136,3.923,354.8597,-0.0403,0.0476,-0.9594,7.158,10.435,0.0685,17.5428,-1.5596,1.0,1.0,1.0,-0.03,612.6,0.0,3.7,150.0,1,126.117,0.011509248541896666,0.06563744709402272,-0.03,0.0022856765867401707,0.0,1.0,0.3538751495063479,1143.885361914308,25.872128928700093,3.634999999999991,-0.0950000000000002,6.692453989678598,2.036529345523131e-28,0.7760126657932731,46.302678181548906,-5.100385567825441,-5.1603000000000065,-19.72925832707911,-3.880860134513989,landing,,,,-10.903805185111494
126.225,63.97474902,-22.60491026,150.142,3.405,-0.3175,3.9271,354.7711,-0.0387,0.0351,-0.7982,6.819,10.086,0.0661,16.9546,-1.5342,1.0,1.0,1.0,-0.03,612.3,0.0,3.7,150.0,1,126.225,0.01022330529107196,0.06591511366814626,-0.03,0.006541239994309556,0.0,1.0,0.3534274307241212,1144.4104009347952,25.82491167041146,3.641999999999996,-0.0950000000000002,6.692453989678598,1.6971077879359426e-28,0.7748095450116392,46.21966797095659,-5.190539772034782,-5.248900000000049,-20.083063537146625,-3.8134082030935526,landing,,,,-10.903805185111494
126.325,63.97475395,-22.60491129,150.149,3.405,-0.3216,3.9303,354.6929,-0.0369,0.0238,-0.6303,6.453,9.709,0.0635,16.3182,-1.4999,1.0,1.0,1.0,-0.03,611.9,0.0,3.7,150.0,1,126.325,0.009083080209218941,0.06619841210779262,-0.03,0.010387841583782143,0.0,1.0,0.35323353089189474,1144.9599636410658,25.774256290397403,3.649000000000001,-0.0950000000000002,6.692453989678598,1.4142564899466187e-28,0.7735125292586063,46.142953663979256,-5.271629671261081,-5.327099999999973,-20.414942901775184,-3.799462002812292,landing,,,,-10.903805185111494
126.442,63.97475869,-22.60491229,150.156,3.405,-0.3255,3.9324,354.6326,-0.0338,0.0146,-0.4704,6.089,9.332,0.061,15.6821,-1.4588,1.0,1.0,1.0,-0.03,611.6,0.0,3.7,150.0,1,126.442,0.007978349560846809,0.06646574794767876,-0.03,0.014106076070521056,0.0,1.0,0.35327781253298174,1145.4883462799048,25.72507811560154,3.656000000000006,-0.0950000000000002,6.692453989678598,1.1785470749555156e-28,0.7722505363764073,46.05334945744578,-5.3345456699447595,-5.387399999999957,-20.806413869824375,-3.736884649021299,landing,,,,-10.903805185111494
126.517,63.97476186,-22.60491297,150.16,3.404,-0.3279,3.9333,354.6006,-0.0355,0.0093,-0.3694,5.838,9.07,0.0592,15.2418,-1.427,1.0,1.0,1.0,-0.03,611.4,0.0,3.7,150.0,1,126.517,0.0073302279073994,0.06664281786041179,-0.03,0.016300549587576096,0.0,1.0,0.3534202692757236,1145.8417159116511,25.691639026959997,3.6599999999999966,-0.09600000000000009,6.692453989678598,9.821225624629296e-29,0.7713896465210874,45.99607030729125,-5.368674986243832,-5.419399999999996,-21.0568207658007,-3.701410286989048,landing,,,,-10.903805185111494
126.608,63.97476595,-22.60491384,150.166,3.404,-0.3311,3.934,354.5697,-0.0297,0.0037,-0.2405,5.505,8.721,0.0569,14.6545,-1.3804,1.0,1.0,1.0,-0.03,611.2,0.0,3.7,150.0,1,126.608,0.006628384975391588,0.0668683857406743,-0.03,0.01874666770043465,0.0,1.0,0.35372266183036366,1146.2976408932473,25.648855330310138,3.665999999999997,-0.09600000000000009,6.692453989678598,8.18435468719108e-29,0.7702892504510032,45.92664521581683,-5.401173554856172,-5.45029999999997,-21.36118099683194,-3.6975857753846193,landing,,,,-10.903805185111494
126.733,63.97477083,-22.60491489,150.173,3.404,-0.3346,3.9341,354.5478,-0.0239,-0.0019,-0.1036,5.091,8.284,0.0541,13.9198,-1.3174,1.0,1.0,1.0,-0.03,611.0,0.0,3.7,150.0,1,126.733,0.00581778283044504,0.06713553748635745,-0.03,0.021549759252326495,0.0,1.0,0.35424092060988205,1146.8416294200888,25.59722202128271,3.673000000000002,-0.09600000000000009,6.692453989678598,6.820295572659233e-29,0.768958024464572,45.831403947142334,-5.426492724929602,-5.47219999999993,-21.778191234371533,-3.6625325230769263,landing,,,,-10.903805185111494
126.825,63.97477425,-22.60491563,150.178,3.404,-0.3368,3.9338,354.5418,-0.0232,-0.0054,-0.0191,4.789,7.963,0.052,13.3804,-1.2679,1.0,1.0,1.0,-0.03,610.8,0.0,3.7,150.0,1,126.825,0.005308028153776678,0.06732186021295025,-0.03,0.023312805663797787,0.0,1.0,0.3546946039026242,1147.2228672110714,25.560833580684736,3.6779999999999973,-0.09600000000000009,6.692453989678598,5.683579643882694e-29,0.7680185290898706,45.761512013047366,-5.433070865739666,-5.478200000000015,-22.081826275015313,-3.627993993311044,landing,,,,-10.903805185111494
126.908,63.97477695,-22.60491621,150.182,3.404,-0.3384,3.9334,354.5425,-0.0206,-0.0076,0.0423,4.543,7.7,0.0503,12.9386,-1.2259,1.0,1.0,1.0,-0.03,610.7,0.0,3.7,150.0,1,126.908,0.0048965945262557375,0.0674687634266363,-0.03,0.02471577359534627,0.0,1.0,0.35509998143680577,1147.5238444855283,25.532312153924227,3.681999999999988,-0.09600000000000009,6.692453989678598,4.736316369902245e-29,0.7672827550942763,45.69858963181743,-5.432474356841368,-5.477499999999964,-22.353179616932678,-3.567617759527022,landing,,,,-10.903805185111494
127.017,63.97478097,-22.60491708,150.188,3.404,-0.3404,3.9324,354.5518,-0.0145,-0.0098,0.1206,4.165,7.291,0.0477,12.2504,-1.1587,1.0,1.0,1.0,-0.03,610.6,0.0,3.7,150.0,1,127.017,0.004440101439216748,0.06768774677982078,-0.03,0.026298713575467092,0.0,1.0,0.3557731268466783,1147.9719660955727,25.48953118099094,3.687999999999988,-0.09600000000000009,6.692453989678598,3.946930308251871e-29,0.7661773488424427,45.616064753845656,-5.423227573695755,-5.468200000000024,-22.7055637591081,-3.558551591229752,landing,,,,-10.903805185111494
127.117,63.97478424,-22.60491778,150.192,3.403,-0.3417,3.9313,354.5662,-0.0112,-0.0115,0.1703,3.844,6.939,0.0455,11.6595,-1.0996,1.0,1.0,1.0,-0.03,610.4,0.0,3.7,150.0,1,127.117,0.004068288573230772,0.06786776236064349,-0.03,0.027550270192603366,0.0,1.0,0.35637971581840533,1148.3364830592632,25.4551083264272,3.6920000000000073,-0.09699999999999998,6.692453989678598,3.289108590209892e-29,0.7652891119566495,45.54054011586183,-5.407593212377378,-5.453800000000001,-23.023888121517047,-3.5268650829361134,landing,,,,-10.903805185111494
127.225,63.9747876,-22.6049185,150.197,3.403,-0.3428,3.93,354.5867,-0.0071,-0.0127,0.2096,3.502,6.557,0.043,11.018,-1.0348,1.0,1.0,1.0,-0.03,610.5,0.0,3.7,150.0,1,127.225,0.0037161990811253043,0.0680551312700873,-0.03,0.028720543352837358,0.0,1.0,0.3570530108976002,1148.7110325874203,25.419702095242606,3.6970000000000027,-0.09699999999999998,6.692453989678598,2.74092382517491e-29,0.764374992609858,45.4591466706466,-5.385425876713384,-5.433299999999917,-23.362026529804623,-3.494119772366191,landing,,,,-10.903805185111494
127.325,63.97479053,-22.60491912,150.201,3.403,-0.3434,3.9288,354.6089,-0.0043,-0.0133,0.2342,3.193,6.203,0.0408,10.4248,-0.9745,1.0,1.0,1.0,-0.03,610.6,0.0,3.7,150.0,1,127.325,0.0034191961139631855,0.06822204728048162,-0.03,0.029670009163012212,0.0,1.0,0.35768151551875393,1149.0376488281993,25.389211969255886,3.7009999999999934,-0.09699999999999998,6.692453989678598,2.2841031876457584e-29,0.7635891412562329,45.383975095870056,-5.360433437663687,-5.411100000000033,-23.66951626450661,-3.4573816112419675,landing,,,,-10.903805185111494
127.425,63.9747933,-22.60491971,150.205,3.403,-0.3437,3.9275,354.633,-0.0015,-0.0137,0.2496,2.892,5.85,0.0385,9.8305,-0.9143,1.0,1.0,1.0,-0.03,610.8,0.0,3.7,150.0,1,127.425,0.0031436677938518898,0.0683826851482093,-0.03,0.03052131923143364,0.0,1.0,0.3583055620401172,1149.3464293039801,25.360197881279593,3.7050000000000125,-0.09699999999999998,6.692453989678598,1.903419323038132e-29,0.7628402721108504,45.30897920609491,-5.3335915660564694,-5.386999999999944,-23.97152110186152,-3.4167105556745314,landing,,,,-10.903805185111494
127.508,63.97479527,-22.60492013,150.208,3.403,-0.3437,3.9264,354.652,-0.0002,-0.014,0.256,2.674,5.584,0.0368,9.384,-0.8692,1.0,1.0,1.0,-0.03,611.0,0.0,3.7,150.0,1,127.508,0.002909757473451846,0.06850024807518826,-0.03,0.031214715083234812,0.0,1.0,0.35877077392731527,1149.566031296018,25.33954385730921,3.7079999999999984,-0.09699999999999998,6.692453989678598,1.5861827691984434e-29,0.7623069496966592,45.24689584044954,-5.311964600003591,-5.367999999999938,-24.218101476716058,-3.3448737800765227,landing,,,,-10.903805185111494
127.617,63.97479815,-22.60492073,150.212,3.403,-0.3436,3.9248,354.6821,0.0025,-0.0134,0.2591,2.352,5.17,0.0342,8.6884,-0.7996,1.0,1.0,1.0,-0.03,611.5,0.0,3.7,150.0,1,127.617,0.002658520653966434,0.06867785039031035,-0.03,0.031948040638803965,0.0,1.0,0.35948165945662436,1149.887074041449,25.310035551608593,3.711999999999989,-0.09699999999999998,6.692453989678598,1.321818974332036e-29,0.7615476994906047,45.165507484807044,-5.278162201954274,-5.3378999999999905,-24.535955270619876,-3.3093514764665417,landing,,,,-10.903805185111494
127.708,63.97480026,-22.60492117,150.215,3.403,-0.3433,3.9236,354.7057,0.0036,-0.0135,0.2561,2.119,4.844,0.0321,8.141,-0.7454,1.0,1.0,1.0,-0.03,611.9,0.0,3.7,150.0,1,127.708,0.002442279070710207,0.06881355347757764,-0.03,0.03255458475171791,0.0,1.0,0.3600272652989067,1150.1222824353424,25.288396205206922,3.7150000000000034,-0.09699999999999998,6.692453989678598,1.1015158119433632e-29,0.7609906663321188,45.09775559607269,-5.2514854576859875,-5.314300000000003,-24.796279377657218,-3.2412685750095585,landing,,,,-10.903805185111494
127.808,63.9748024,-22.60492161,150.218,3.403,-0.3429,3.9223,354.731,0.0045,-0.0133,0.2489,1.895,4.487,0.0298,7.5428,-0.6869,1.0,1.0,1.0,-0.03,612.4,0.0,3.7,150.0,1,127.808,0.0022112748799171245,0.0689584340874628,-0.03,0.03319345174663568,0.0,1.0,0.36060806884962676,1150.360835130877,25.26675569142371,3.7179999999999893,-0.09699999999999998,6.692453989678598,9.17929843286136e-30,0.7604347960173505,45.02347322368751,-5.22340088168923,-5.288999999999987,-25.07721658388067,-3.1502441590995813,landing,,,,-10.903805185111494
127.917,63.97480454,-22.60492205,150.221,3.403,-0.3424,3.9209,354.7574,0.005,-0.0127,0.2371,1.701,4.101,0.0273,6.8939,-0.6242,1.0,1.0,1.0,-0.03,613.1,0.0,3.7,150.0,1,127.917,0.001963972115328616,0.06911119187234468,-0.03,0.033869222119596754,0.0,1.0,0.3612145602951208,1150.5993878264112,25.245115177814554,3.7210000000000036,-0.09699999999999998,6.692453989678598,7.6494153607178e-30,0.7598787862304485,44.94271472534057,-5.1936709529722975,-5.26260000000002,-25.37749832311636,-3.025659827705215,landing,,,,-10.903805185111494
128.008,63.97480634,-22.60492242,150.224,3.403,-0.3419,3.9197,354.7805,0.0049,-0.0121,0.2236,1.582,3.744,0.025,6.2942,-0.567,1.0,1.0,1.0,-0.03,613.7,0.0,3.7,150.0,1,128.008,0.0017758893472663573,0.06924930489920342,-0.03,0.03436940766264596,0.0,1.0,0.3617544423491791,1150.800039628014,25.226917455283488,3.7239999999999895,-0.09699999999999998,6.692453989678598,6.374512800598167e-30,0.7594111442269658,44.87549490479835,-5.167478082348822,-5.239499999999907,-25.623357588376013,-2.8694809622494857,landing,,,,-10.903805185111494
128.108,63.97480785,-22.60492273,150.226,3.402,-0.3415,3.9186,354.8004,0.0043,-0.0118,0.2093,1.538,3.417,0.0229,5.7438,-0.5152,1.0,1.0,1.0,-0.03,614.3,0.0,3.7,150.0,1,128.108,0.00154287900268546,0.06937346567713995,-0.03,0.03501458318685924,0.0,1.0,0.36223065524055825,1150.9683642012612,25.211670641391734,3.725999999999999,-0.09799999999999986,6.692453989678598,5.312094000498472e-30,0.7590193419586413,44.80181185597822,-5.14552684649135,-5.2195999999999,-25.889084012492226,-2.648619056590444,landing,,,,-10.903805185111494
128.208,63.97480934,-22.60492303,150.228,3.402,-0.3411,3.9191,354.8205,0.0043,0.0209,0.1921,1.566,3.058,0.0203,5.141,-0.459,1.0,1.0,1.0,-0.03,615.0,0.0,3.7,150.0,1,128.208,0.0013241928547623738,0.06948617833549084,-0.03,0.03561737177224911,0.0,1.0,0.3626539885596647,1151.1344594113655,25.196914542905063,3.7280000000000086,-0.09799999999999986,6.692453989678598,4.426745000415393e-30,0.7586413545913685,44.7283366185841,-5.121967810743826,-5.199499999999944,-26.150143172367283,-2.3823809605367656,landing,,,,-10.903805185111494
128.308,63.97481066,-22.6049233,150.23,3.402,-0.3406,3.9213,354.8389,0.0046,0.022,0.1744,1.671,2.698,0.018,4.5365,-0.4034,1.0,1.0,1.0,-0.03,615.7,0.0,3.7,150.0,1,128.308,0.0010999147927383546,0.06948617833549084,-0.03,0.03622530559563719,0.0,1.0,0.3626539885596647,1151.2816040889936,25.183634871382026,3.7299999999999898,-0.09799999999999986,6.692453989678598,3.688954167012827e-30,0.7583002012148596,44.65507218331031,-5.181100000000015,-5.181100000000015,-26.406751740643596,-2.0703463277606904,landing,,,,-10.903805185111494
128.408,63.97481182,-22.60492354,150.232,3.402,-0.3402,3.9236,354.8555,0.0041,0.0239,0.1555,1.839,2.339,0.0156,3.9316,-0.3483,1.0,1.0,1.0,-0.03,616.3,0.0,3.7,150.0,1,128.408,0.0008764671478317942,0.06948617833549084,-0.03,0.03684247880556346,0.0,1.0,0.3626539885596647,1151.4109130008317,25.17183123769564,3.7319999999999993,-0.09799999999999986,6.692453989678598,3.0741284725106892e-30,0.757996332944208,44.5820215759937,-5.164499999999975,-5.164499999999975,-26.659134223237142,-1.72940575250971,landing,,,,-10.903805185111494
128.508,63.97481289,-22.60492375,150.233,3.402,-0.3398,3.9265,354.8712,0.0032,0.03,0.1337,2.075,1.948,0.0131,3.2759,-0.2892,1.0,1.0,1.0,-0.03,616.9,0.0,3.7,150.0,1,128.508,0.0006567633963900921,0.06948617833549084,-0.03,0.0374486637901128,0.0,1.0,0.3626539885596647,1151.530189520015,25.161500918128763,3.733000000000004,-0.09799999999999986,6.692453989678598,2.5617737270922408e-30,0.757732791552438,44.50918811656228,-5.148799999999937,-5.148799999999937,-26.90742288100482,-1.357641593190694,landing,,,,-10.903805185111494
128.608,63.97481364,-22.6049239,150.235,3.402,-0.3396,3.9295,354.8827,0.0019,0.0373,0.1141,2.306,1.618,0.0108,2.7205,-0.2395,1.0,1.0,1.0,-0.03,617.4,0.0,3.7,150.0,1,128.608,0.00042125037116941266,0.06948617833549084,-0.03,0.03812511032152477,0.0,1.0,0.3626539885596647,1151.61379450841,25.154122674408956,3.7350000000000136,-0.09799999999999986,6.692453989678598,2.1348114392435337e-30,0.7575439101085606,44.436578547184595,-5.137299999999982,-5.137299999999982,-27.152078652194756,-1.0242196301733464,landing,,,,-10.903805185111494
128.708,63.9748143,-22.60492403,150.236,3.402,-0.3394,3.9337,354.893,0.0001,0.0473,0.0923,2.582,1.257,0.0084,2.1138,-0.1856,1.0,1.0,1.0,-0.03,617.9,0.0,3.7,150.0,1,128.708,0.00018585665294296172,0.06948617833549084,-0.03,0.03880136392476241,0.0,1.0,0.3626539885596647,1151.6873669323384,25.147727807310005,3.73599999999999,-0.09799999999999986,6.692453989678598,1.779009532702945e-30,0.757380631471824,44.36419468184117,-5.126999999999953,-5.126999999999953,-27.39325786567279,-0.6801996637939371,landing,,,,-10.903805185111494
128.808,63.97481476,-22.60492412,150.236,3.402,-0.3394,3.9384,354.9006,0.0006,0.0577,0.0702,2.851,0.926,0.0061,1.5568,-0.1368,1.0,1.0,1.0,-0.03,618.3,0.0,3.7,150.0,1,128.808,-5.422169933622101e-05,0.06948617833549084,-0.03,0.039514877982602115,0.0,1.0,0.3626539885596647,1151.7386446931696,25.143300471881115,3.73599999999999,-0.09799999999999986,6.692453989678598,1.4825079439191206e-30,0.7572677179343162,44.292040804695134,-5.1194000000000415,-5.1194000000000415,-27.631265287016053,-0.3738178761762925,landing,,,,-10.903805185111494
128.917,63.97481512,-22.6049242,150.237,3.402,-0.3394,3.9453,354.9068,-0.0013,0.071,0.0421,3.184,0.534,0.0035,0.8971,-0.0786,1.0,1.0,1.0,-0.03,618.7,0.0,3.7,150.0,1,128.917,-0.0003227970851991113,0.06948617833549084,-0.03,0.040313303782227305,0.0,1.0,0.3626539885596647,1151.7787749510367,25.13936696504955,3.7369999999999948,-0.09799999999999986,6.692453989678598,1.2354232865992673e-30,0.7571652334464899,44.21364406688374,-5.113200000000006,-5.113200000000006,-27.8874232953876,-0.0621029900185035,landing,,,,-10.903805185111494
129.017,63.97481529,-22.60492423,150.237,3.402,-0.3396,3.9537,354.9098,0.0003,0.0853,0.0074,3.529,0.14,0.0007,0.2357,-0.0211,1.0,1.0,1.0,-0.03,619.1,0.0,3.7,150.0,1,129.017,-0.0005742545364303409,0.06948617833549084,-0.03,0.04108423419200169,0.0,1.0,0.3626539885596647,1151.7977254835125,25.13789053791185,3.7369999999999948,-0.09799999999999986,6.692453989678598,1.0295194054993894e-30,0.7571283124212053,44.14197808456959,-5.110199999999963,-5.110199999999963,-28.119569062433705,0.25717909998319627,landing,,,,-10.903805185111494
129.108,63.97481529,-22.60492423,150.237,3.402,-0.34,3.9916,354.9099,-0.0055,1.2859,-0.0085,3.695,0.046,-0.0015,-0.0768,0.0065,1.0,1.0,1.0,-0.03,619.3,0.0,3.7,150.0,1,129.108,-0.0008088433318098609,0.06948617833549084,-0.03,0.041828384508078686,0.0,1.0,0.3626539885596647,1151.7977254835125,25.13789053791185,3.7369999999999948,-0.09799999999999986,6.692453989678598,8.579328379161578e-31,0.7571283124212053,44.076979427476715,-5.1100999999999885,-5.1100999999999885,-28.328700083965575,0.3996333476370566,landing,,,,-10.903805185111494
129.225,63.97481525,-22.60492422,150.238,3.402,-0.3406,4.2113,354.9085,-0.0042,1.9141,-0.0124,3.714,0.067,-0.0027,-0.1131,0.0098,1.0,1.0,1.0,-0.03,619.6,0.0,3.7,150.0,1,129.225,-0.0011108693886385246,0.06948617833549084,-0.03,0.04279661508981125,0.0,1.0,0.3626539885596647,1151.793266584622,25.138382031745813,3.7379999999999995,-0.09799999999999986,6.692453989678598,7.149440315967981e-31,0.7571413394172369,43.99366474442138,-5.111499999999978,-5.111499999999978,-28.595299792983152,0.37806605806943117,landing,,,,-10.903805185111494
129.342,63.97481521,-22.60492421,150.239,3.402,-0.3409,4.3899,354.9073,-0.0027,1.5915,-0.0103,3.704,0.056,-0.0025,-0.0941,0.0082,1.0,1.0,1.0,-0.03,619.8,0.0,3.7,150.0,1,129.342,-0.0014132342783630403,0.06948617833549084,-0.03,0.04373142238593064,0.0,1.0,0.3626539885596647,1151.7888076865236,25.138873525579502,3.7390000000000043,-0.09799999999999986,6.692453989678598,5.957866929973317e-31,0.7571543663524252,43.91067651278136,-5.112699999999904,-5.112699999999904,-28.85892068540528,0.3359264086567492,landing,,,,-10.903805185111494
129.417,63.97481519,-22.60492421,150.24,3.402,-0.3411,4.5096,354.9065,-0.002,1.2482,-0.008,3.693,0.044,-0.002,-0.0738,0.0065,1.0,1.0,1.0,-0.03,620.0,0.0,3.7,150.0,1,129.417,-0.0016015955508302815,0.06948617833549084,-0.03,0.04431546808301967,0.0,1.0,0.3626539885596647,1151.7865781515682,25.138874303834047,3.740000000000009,-0.09799999999999986,6.692453989678598,4.964889108311098e-31,0.7571535024521553,43.85768633418332,-5.113499999999931,-5.113499999999931,-29.02599128026471,0.2920543109000729,landing,,,,-10.903805185111494
129.533,63.97481517,-22.6049242,150.24,3.401,-0.3413,4.6247,354.9058,-0.0014,0.8632,-0.0056,3.681,0.03,-0.0014,-0.0511,0.0045,1.0,1.0,1.0,-0.03,620.1,0.0,3.7,150.0,1,129.533,-0.0018860183423215493,0.06948617833549084,-0.03,0.04518580205112843,0.0,1.0,0.3626539885596647,1151.784348787633,25.139365019413457,3.740000000000009,-0.0990000000000002,6.692453989678598,4.137407590259248e-31,0.7571673932261561,43.775934697972055,-5.1141999999999825,-5.1141999999999825,-29.282536981413603,0.2560995302853315,landing,,,,-10.903805185111494
129.625,63.97481515,-22.6049242,150.241,3.401,-0.3414,4.6982,354.9053,-0.001,0.5984,-0.0039,3.673,0.021,-0.001,-0.0354,0.0031,1.0,1.0,1.0,-0.03,620.2,0.0,3.7,150.0,1,129.625,-0.0021068266291249804,0.06948617833549084,-0.03,0.04585528459783006,0.0,1.0,0.3626539885596647,1151.7821192526776,25.139365797668006,3.741000000000014,-0.0990000000000002,6.692453989678598,3.4478396585493732e-31,0.7571665293126483,43.71134781892836,-5.114699999999971,-5.114699999999971,-29.483690041184623,0.22491261646492697,landing,,,,-10.903805185111494
129.717,63.97481514,-22.6049242,150.241,3.401,-0.3415,4.7453,354.905,-0.0007,0.423,-0.0027,3.667,0.015,-0.0007,-0.025,0.0022,1.0,1.0,1.0,-0.03,620.3,0.0,3.7,150.0,1,129.717,-0.002320580818794604,0.06948617833549084,-0.03,0.046503936307406235,0.0,1.0,0.3626539885596647,1151.7810044852001,25.13936618679528,3.741000000000014,-0.0990000000000002,6.692453989678598,2.873199715457811e-31,0.7571660973566536,43.646958966573784,-5.115000000000009,-5.115000000000009,-29.683020092805755,0.19853716121317533,landing,,,,-10.903805185111494
129.817,63.97481514,-22.6049242,150.241,3.401,-0.3416,4.781,354.9048,-0.0005,0.2879,-0.0019,3.663,0.01,-0.0004,-0.017,0.0015,1.0,1.0,1.0,-0.03,620.4,0.0,3.7,150.0,1,129.817,-0.0025462973734159955,0.06948617833549084,-0.03,0.047188442040158374,0.0,1.0,0.3626539885596647,1151.7810044852001,25.13936618679528,3.741000000000014,-0.0990000000000002,6.692453989678598,2.3943330962148427e-31,0.7571660973566536,43.57718571308754,-5.115199999999959,-5.115199999999959,-29.897709891877682,0.17685196473925008,landing,,,,-10.903805185111494
129.933,63.97481513,-22.6049242,150.241,3.401,-0.3416,4.8069,354.9046,-0.0003,0.1891,-0.0012,3.66,0.007,-0.0003,-0.0112,0.001,1.0,1.0,1.0,-0.03,620.4,0.0,3.7,150.0,1,129.933,-0.0028049009859114626,0.06948617833549084,-0.03,0.047959641409672016,0.0,1.0,0.3626539885596647,1151.7798897185141,25.139366575922278,3.741000000000014,-0.0990000000000002,6.692453989678598,1.9952775801790356e-31,0.757165665401472,43.49651847885018,-5.115399999999909,-5.115399999999909,-30.14428285713186,0.15842341622063483,landing,,,,-10.903805185111494
130.008,63.97481513,-22.6049242,150.241,3.401,-0.3416,4.8205,354.9045,-0.0002,0.1367,-0.0009,3.658,0.005,-0.0002,-0.0081,0.0007,1.0,1.0,1.0,-0.03,620.4,0.0,3.7,150.0,1,130.008,-0.002967241608454574,0.06948617833549084,-0.03,0.04844391052823005,0.0,1.0,0.3626539885596647,1151.7798897185141,25.139366575922278,3.741000000000014,-0.0990000000000002,6.692453989678598,1.662731316815863e-31,0.757165665401472,43.44456460755815,-5.115499999999997,-5.115499999999997,-30.301863235703404,0.14159704504906223,landing,,,,-10.903805185111494
130.125,63.97481513,-22.6049242,150.241,3.401,-0.3417,4.8328,354.9044,-0.0001,0.0895,-0.0006,3.657,0.003,-0.0001,-0.0053,0.0005,1.0,1.0,1.0,-0.03,620.4,0.0,3.7,150.0,1,130.125,-0.003210144799912995,0.06948617833549084,-0.03,0.0491803231197353,0.0,1.0,0.3626539885596647,1151.7798897185141,25.139366575922278,3.741000000000014,-0.0990000000000002,6.692453989678598,1.3856094306798858e-31,0.757165665401472,43.363719188440655,-5.115599999999972,-5.115599999999972,-30.545856635845652,0.12794758563123765,landing,,,,-10.903805185111494
130.233,63.97481512,-22.6049242,150.241,3.401,-0.3417,4.8413,354.9044,-0.0,0.057,-0.0004,3.655,0.002,-0.0,-0.0034,0.0003,1.0,1.0,1.0,-0.03,620.4,0.0,3.7,150.0,1,130.233,-0.003430217433967042,0.06948617833549084,-0.03,0.04983722025023718,0.0,1.0,0.3626539885596647,1151.7787749510367,25.13936696504955,3.741000000000014,-0.0990000000000002,6.692453989678598,1.1546745255665715e-31,0.7571652334464899,43.289383644574485,-5.115599999999972,-5.115599999999972,-30.768446184178526,0.11463248525398696,landing,,,,-10.903805185111494
130.317,63.97481512,-22.6049242,150.241,3.401,-0.3417,4.8458,354.9044,-0.0,0.04,-0.0003,3.655,0.001,-0.0,-0.0024,0.0002,1.0,1.0,1.0,-0.03,620.4,0.0,3.7,150.0,1,130.317,-0.0035967307827842743,0.06948617833549084,-0.03,0.050334388871900004,0.0,1.0,0.3626539885596647,1151.7787749510367,25.13936696504955,3.741000000000014,-0.0990000000000002,6.692453989678598,9.622287713054763e-32,0.7571652334464899,43.23177524997918,-5.115599999999972,-5.115599999999972,-30.93970163623143,0.10421135023089724,landing,,,,-10.903805185111494
130.417,63.97481512,-22.6049242,150.241,3.401,-0.3417,4.849,354.9043,0.0,0.028,-0.0002,3.655,0.001,-0.0,-0.0017,0.0001,1.0,1.0,1.0,-0.03,620.3,0.0,3.7,150.0,1,130.417,-0.0037909739888452587,0.06948617833549084,-0.03,0.050914508215448184,0.0,1.0,0.3626539885596647,1151.7787749510367,25.13936696504955,3.741000000000014,-0.0990000000000002,6.692453989678598,8.018573094212302e-32,0.7571652334464899,43.163385855823904,-5.115700000000061,-5.115700000000061,-31.14187461986911,0.09473759111899749,landing,,,,-10.903805185111494
130.533,63.97481512,-22.6049242,150.241,3.401,-0.3417,4.8515,354.9043,0.0,0.0184,-0.0001,3.654,0.001,-0.0,-0.0011,0.0001,1.0,1.0,1.0,-0.03,620.3,0.0,3.7,150.0,1,130.533,-0.004009001111929089,0.06948617833549084,-0.03,0.05156586295763321,0.0,1.0,0.3626539885596647,1151.7787749510367,25.13936696504955,3.741000000000014,-0.0990000000000002,6.692453989678598,6.682144245176918e-32,0.7571652334464899,43.08431859759452,-5.115700000000061,-5.115700000000061,-31.374050074278607,0.08534138377589112,landing,,,,-10.903805185111494
130.633,63.97481512,-22.6049242,150.241,3.401,-0.3417,4.8531,354.9043,0.0,0.0121,-0.0001,3.654,0.0,0.0,-0.0007,0.0001,1.0,1.0,1.0,-0.03,620.2,0.0,3.7,150.0,1,130.633,-0.004191311783192153,0.06948617833549084,-0.03,0.05211068261673679,0.0,1.0,0.3626539885596647,1151.7787749510367,25.13936696504955,3.741000000000014,-0.0990000000000002,6.692453989678598,5.568453537647431e-32,0.7571652334464899,43.016420725613834,-5.115700000000061,-5.115700000000061,-31.57187957353587,0.07758307615990102,landing,,,,-10.903805185111494
130.725,63.97481512,-22.6049242,150.242,3.401,-0.3417,4.8541,354.9043,0.0,0.0085,-0.0001,3.654,0.0,0.0,-0.0005,0.0,1.0,1.0,1.0,-0.03,620.1,0.0,3.7,150.0,1,130.725,-0.004354607444739367,0.06948617833549084,-0.03,0.05259880904710157,0.0,1.0,0.3626539885596647,1151.7787749510367,25.13936696504955,3.7419999999999902,-0.0990000000000002,6.692453989678598,4.640377948039526e-32,0.7571652334464899,42.95416290353237,-5.115700000000061,-5.115700000000061,-31.752062681459314,0.07053006923627365,landing,,,,-10.903805185111494
130.825,63.97481512,-22.6049242,150.242,3.401,-0.3417,4.8548,354.9043,0.0,0.0058,-0.0,3.654,0.0,0.0,-0.0003,0.0,1.0,1.0,1.0,-0.03,620.1,0.0,3.7,150.0,1,130.825,-0.004527554965977287,0.06948617833549084,-0.03,0.05311592426295919,0.0,1.0,0.3626539885596647,1151.7787749510367,25.13936696504955,3.7419999999999902,-0.0990000000000002,6.692453989678598,3.866981623366271e-32,0.7571652334464899,42.88669888386525,-5.115700000000061,-5.115700000000061,-31.946112054644715,0.06411824476024877,landing,,,,-10.903805185111494
