sim_time,lat,lon,alt_ft,agl_ft,roll,pitch,heading,roll_rate,pitch_rate,yaw_rate,ias,gs_kt,vs_fps,vn_fps,ve_fps,wow0,wow1,wow2,elevator_trim,rpm,crashed,wind_kt,wind_from,wow,t,cmd_aileron,cmd_elevator,cmd_elevator_trim,cmd_rudder,cmd_throttle,cmd_flaps,cmd_brake,x,y,h,agl,gs_angle,gs_rate,loc_angle,loc_int,track_err,hdg_err,hdg_int,ias_rate,phase,track_des,roll_des,vs_des,hdg_des
0.258,63.93762114,-22.60546924,801.812,725.414,-0.0,0.424,0.0,0.0,0.0,0.0,81.645,82.746,1.0335,139.6589,0.0,0.0,0.0,0.0,-0.03,0.0,0.0,10.0,270.0,0,0.258,0.001154245450856184,0.1289661549464093,-0.03,0.00034318386683218627,0.6405348600292881,0.3333333333333333,0.0,-2994.4941304010536,-0.11685569751185132,655.312,721.914,3.418374500726398,0.0,-0.0011069430066900819,-0.00011069430066900819,-0.020000000000010232,-0.020000000000010232,0.0,0.0,final_approach,0.0014704244936858402,0.03240834191940678,-5.107529735274216,
0.5,63.93771946,-22.60546839,801.746,725.562,1.4589,0.9576,359.2204,7.7278,2.813,-6.0367,81.648,82.219,-1.064,138.7669,1.0062,0.0,0.0,0.0,-0.03,0.0,0.0,10.0,270.0,0,0.5,-0.08249763224798082,0.11480725087570282,-0.03,0.013676666259872405,0.6404487876561754,0.3333333333333333,0.0,-2983.533722930259,-0.07903692724078937,655.246,722.062,3.429244561705918,0.007486267892231277,-0.0007500549999616825,-0.00029131467663433866,0.39544491519984604,-0.7996000000000549,0.0,0.0011269722013524095,final_approach,0.0010207832328568145,-0.5950884893212649,-5.110128519618126,
1.5,63.9378109,-22.60546611,801.453,725.519,2.9892,0.7621,357.3133,4.4899,-3.7033,-9.3379,81.136,81.76,-1.3795,137.9812,1.9567,0.0,0.0,0.0,-0.03,0.0,0.0,10.0,270.0,0,1.5,-0.15908611827358177,0.11250232722987707,-0.03,0.044790206954108513,0.6403691187345792,0.3333333333333333,0.0,-2973.340250964067,0.02911059411014838,654.953,722.019,3.438205174225626,0.00922542741676204,0.00027672474294945337,-0.00014809706054903966,0.7924522586287139,-2.7066999999999553,0.0,-0.09206638890786153,final_approach,-0.00034773491785600186,-1.1944788420803825,-5.112533444358142,
1.633,63.93818498,-22.60545022,797.169,722.278,-2.3121,-3.1033,351.8564,-8.1955,-3.2777,1.1699,79.856,80.352,-7.4486,135.5963,2.4512,0.0,0.0,0.0,-0.03,323.9,0.0,10.0,270.0,0,1.633,-0.004734988992115885,0.05254702206879179,-0.03,0.10336280578350399,0.6401527582562392,0.3333333333333333,0.0,-2931.6387608562404,0.7930644669105373,650.669,718.778,3.459078910982145,0.0338454210384286,0.007591378027526327,0.0008622127807470626,1.0156338593651526,-8.163599999999974,0.0,-0.9586112763140513,final_approach,-0.010095765291826098,-1.5435066526896222,-5.119062088108649,
1.758,63.93826209,-22.6054475,795.49,720.794,-4.2828,-3.7036,352.3738,-7.3244,-1.6826,3.8355,79.663,80.072,-8.6447,135.132,1.9561,0.0,0.0,0.0,-0.03,381.9,0.0,10.0,270.0,0,1.758,0.07659086998348169,0.03920583969526801,-0.03,0.10022741255546108,0.6401511991221004,0.3333333333333333,0.0,-2923.0427430292466,0.9233268481519967,648.99,717.294,3.45921557006318,0.028386729640070496,0.008850987580958055,0.0019649936751137066,0.809325749325069,-7.646199999999908,0.0,-1.0118284330127723,final_approach,-0.011879336906165605,-1.2371092247691546,-5.1191091213946045,
1.875,63.93830516,-22.60544623,794.446,719.771,-4.8793,-3.8043,352.8836,-2.0828,0.0374,4.875,79.57,79.926,-9.2234,134.8909,1.6273,0.0,0.0,0.0,-0.03,413.3,0.0,10.0,270.0,0,1.875,0.10201904787889282,0.033432799287083294,-0.03,0.09663393755507788,0.6401567675051224,0.6666666666666666,0.0,-2918.24141818072,0.9838729123347669,647.946,716.271,3.458726745529741,0.0229592767891768,0.00943896286115477,0.0030616888545358712,0.6711726385386498,-7.1363999999999805,0.0,-0.9921051022726861,final_approach,-0.012777633096412444,-1.0309657403551853,-5.118941143085198,
1.942,63.93833281,-22.60544551,793.744,719.118,-4.9383,-3.7734,353.2637,0.774,0.8395,5.2699,79.513,79.84,-9.4921,134.7469,1.4178,0.0,0.0,0.0,-0.03,433.2,0.0,10.0,270.0,0,1.942,0.10847258908451501,0.030969021587240693,-0.03,0.09362476199804914,0.6401622567343055,0.6666666666666666,0.0,-2915.1590740463926,1.018072459944323,647.244,715.618,3.4582428095080893,0.01792890970826486,0.009772105903716053,0.0037095821783097163,0.5828410193544187,-6.75630000000001,0.0,-0.9792542992166726,final_approach,-0.01328959710015809,-0.8988857707750881,-5.118775550183798,
2.317,63.93837575,-22.60544453,792.622,718.226,-4.6437,-3.626,353.8946,4.2357,1.651,5.4909,79.416,79.71,-9.7223,134.5302,1.1198,0.0,0.0,0.0,-0.03,463.6,0.0,10.0,270.0,0,2.317,0.10750010645036051,0.029039879798539135,-0.03,0.08800439866851284,0.6401726630344641,0.6666666666666666,0.0,-2910.372246133083,1.0644154014042662,646.122,714.726,3.457319672911469,0.014530475158389398,0.010225134680565743,0.007497637906293,0.4569065398117118,-6.1253999999999,0.0,-0.9137463326212196,final_approach,-0.014314200828241752,-0.7108166663614934,-5.118461618115862,
2.442,63.9385224,-22.60544219,788.822,714.72,-1.8144,-2.8985,355.864,9.0461,1.6679,3.773,78.914,79.198,-8.9574,133.6701,0.6485,0.0,0.0,0.0,-0.03,564.7,0.0,10.0,270.0,0,2.442,0.031726606379716915,0.037374393683434516,-0.03,0.06555550405514032,0.6402059195611932,0.6666666666666666,0.0,-2894.0241424063483,1.1733541748578356,642.322,711.22,3.4543174501913123,0.008105765671782512,0.011302617409040532,0.00887922492448018,0.2579680833791258,-4.155999999999949,0.0,-1.1957693932920144,final_approach,-0.01588939517210619,-0.41328112314490895,-5.11745829482415,
2.55,63.93856195,-22.60544163,787.877,713.961,-0.8772,-2.7289,356.2266,7.6541,1.405,2.8144,78.733,79.039,-8.4713,133.4004,0.7158,0.0,0.0,0.0,-0.03,591.6,0.0,10.0,270.0,0,2.55,-0.0040566836677061735,0.04308310565363167,-0.03,0.060663563229704565,0.6402101308894579,0.6666666666666666,0.0,-2889.6152278191607,1.1992516645485276,641.377,710.461,3.45393139836626,0.006159045737206923,0.011560650443622285,0.010095809962663254,0.28743480061396554,-3.7934000000000196,0.0,-1.2394199871678229,final_approach,-0.01636667884675802,-0.4584465999701557,-5.1173312361632135,
2.65,63.93859839,-22.60544108,787.054,713.115,-0.1713,-2.5997,356.4653,6.1534,1.1429,1.88,78.551,78.882,-7.9742,133.1347,0.8442,0.0,0.0,0.0,-0.03,616.3,0.0,10.0,270.0,0,2.65,-0.03370873361371596,0.04937272385597459,-0.03,0.057326817785334105,0.6402112204865755,0.6666666666666666,0.0,-2885.5530060600518,1.2247802356604898,640.554,709.615,3.453831293321477,0.004965696373034335,0.011814817927904751,0.011243639055578186,0.3433045991174595,-3.5546999999999116,0.0,-1.2921999883343862,final_approach,-0.016831103998402597,-0.5433970618968917,-5.117298362044373,
2.733,63.93863172,-22.6054405,786.344,712.509,0.3358,-2.5041,356.6027,4.6622,0.9096,1.0479,78.373,78.729,-7.503,132.8765,1.004,0.0,0.0,0.0,-0.03,638.9,0.0,10.0,270.0,0,2.733,-0.05665675587279434,0.055702664683802194,-0.03,0.05536595823845358,0.640209712848203,0.6666666666666666,0.0,-2881.8374764457308,1.2518996369712911,639.844,709.009,3.453969780975485,0.004416167969512617,0.012083983901770172,0.012215502318038012,0.41291227523910834,-3.4172999999999547,0.0,-1.3696889269633488,final_approach,-0.017295404406052484,-0.6490207122853207,-5.117343848816738,
2.833,63.938668,-22.60543978,785.619,711.932,0.7136,-2.4267,356.6683,2.7984,0.6258,0.2089,78.169,78.555,-6.9928,132.58,1.2088,0.0,0.0,0.0,-0.03,663.4,0.0,10.0,270.0,0,2.833,-0.07562368233961989,0.0628743021084285,-0.03,0.05441970473925206,0.640205248493056,0.6666666666666666,0.0,-2877.793088057335,1.2857633677715397,639.119,708.432,3.4543788416786163,0.004361907813146,0.012419316078371632,0.01341671558481505,0.5023805945247659,-3.351699999999937,0.0,-1.4306262972394148,final_approach,-0.017872759634851576,-0.7846681908935143,-5.117478541281269,
2.933,63.9387012,-22.60543901,784.999,711.394,0.9112,-2.378,356.6585,1.3907,0.4175,-0.469,77.976,78.388,-6.5484,132.2957,1.4102,0.0,0.0,0.0,-0.03,685.5,0.0,10.0,270.0,0,2.933,-0.08776037249237109,0.06931606083730958,-0.03,0.05456147371060982,0.6401985626209147,0.6666666666666666,0.0,-2874.0920471692525,1.3221966362126054,638.499,707.894,3.45498862457996,0.004651228013194361,0.012779201989845758,0.014649913398516904,0.5907186270012517,-3.361499999999978,0.0,-1.4760239065812848,final_approach,-0.01848606701726041,-0.9185572245109483,-5.117680255414456,
3.033,63.93873732,-22.60543806,784.367,710.844,0.9933,-2.3435,356.5821,0.1643,0.2579,-1.0893,77.76,78.198,-6.1006,131.9741,1.6314,0.0,0.0,0.0,-0.03,709.4,0.0,10.0,270.0,0,3.033,-0.09629536080873535,0.07592756707570053,-0.03,0.05566177332902278,0.6401886839355859,0.6666666666666666,0.0,-2870.0654911254474,1.3673351506503524,637.867,707.344,3.4558834969984797,0.005367477375195001,0.013224454057491501,0.01592352575960433,0.6882266448924668,-3.4378999999998996,0.0,-1.538203551437526,final_approach,-0.0192163729030419,-1.0662756623957979,-5.117978290951655,
3.142,63.93877636,-22.6054369,783.73,710.26,0.9568,-2.3214,356.4367,-0.8987,0.1409,-1.6068,77.524,77.988,-5.6635,131.6154,1.8607,0.0,0.0,0.0,-0.03,734.7,0.0,10.0,270.0,0,3.142,-0.10106525926597976,0.0824386276333199,-0.03,0.05773133068285419,0.6401750967614814,0.6666666666666666,0.0,-2865.71341941444,1.4226487228858793,637.23,706.76,3.457102685127882,0.006337099845387483,0.013769545957149925,0.01736655079200711,0.7899595882919925,-3.5833000000000084,0.0,-1.5951975571867454,final_approach,-0.020097312888712082,-1.2203800754288583,-5.118388197427802,
3.242,63.9388123,-22.6054357,783.183,709.823,0.8307,-2.3103,356.2597,-1.6762,0.0658,-1.9362,77.305,77.789,-5.3031,131.2775,2.0539,0.0,0.0,0.0,-0.03,757.4,0.0,10.0,270.0,0,3.242,-0.10200447669928972,0.08782253954894684,-0.03,0.06020626390810124,0.6401600048776453,0.6666666666666666,0.0,-2861.70692490814,1.4800426736913483,636.683,706.323,3.458441584555517,0.007512415583881398,0.014334752889022011,0.01874213757826929,0.876347058856112,-3.7602999999999156,0.0,-1.6492705065333995,final_approach,-0.0209971271770506,-1.3512908259283751,-5.1188434819526805,
3.35,63.93885113,-22.60543428,782.628,709.386,0.6154,-2.3059,356.0386,-2.3237,0.0104,-2.1337,77.067,77.571,-4.9547,130.9066,2.2367,0.0,0.0,0.0,-0.03,781.0,0.0,10.0,270.0,0,3.35,-0.09979495993767407,0.0930261334418591,-0.03,0.06322714029101972,0.6401412113404708,0.6666666666666666,0.0,-2857.37825886526,1.5481027870010098,636.128,705.886,3.4600871641380713,0.008799820984336796,0.015004919332777323,0.02029519717092747,0.9588734961755279,-3.981400000000008,0.0,-1.699673524457984,final_approach,-0.02205522900165846,-1.4764794815342022,-5.11941041114429,
3.433,63.93888092,-22.60543312,782.226,708.963,0.4065,-2.3044,355.8583,-2.7025,0.0143,-2.1815,76.886,77.402,-4.7128,130.6183,2.3558,0.0,0.0,0.0,-0.03,798.5,0.0,10.0,270.0,0,3.433,-0.09608702732960744,0.09662648577943167,-0.03,0.06563064863105461,0.6401250713902363,0.6666666666666666,0.0,-2854.0573469856035,1.6037763019345836,635.726,705.463,3.4614818722402143,0.010133802832616091,0.01555327000571059,0.021529968535895214,1.013260765900526,-4.161699999999996,0.0,-1.743405285104189,final_approach,-0.022916934459971117,-1.5591304433259108,-5.119897269639171,
3.542,63.93891955,-22.60543153,781.732,708.685,0.0972,-2.3051,355.6243,-3.0062,-0.0253,-2.1112,76.65,77.179,-4.4232,130.2405,2.4803,0.0,0.0,0.0,-0.03,820.1,0.0,10.0,270.0,0,3.542,-0.08910837990875553,0.10091792092570807,-0.03,0.06866732249898655,0.6401020457948673,0.6666666666666666,0.0,-2849.7509733833476,1.6801731316156858,635.232,705.185,3.4634431941877377,0.0114437989163596,0.01630604460246765,0.0232291018452171,1.0710089082372463,-4.3957000000000335,0.0,-1.7817445877927907,final_approach,-0.02410033827587199,-1.6471986500627924,-5.1205917969239465,
3.65,63.93895808,-22.60542987,781.266,708.196,-0.2366,-2.3076,355.4039,-3.1267,-0.0235,-1.924,76.42,76.958,-4.202,129.8647,2.5704,0.0,0.0,0.0,-0.03,840.3,0.0,10.0,270.0,0,3.65,-0.08019439860190697,0.10429673718754234,-0.03,0.07143982268138305,0.6400768811532089,0.6666666666666666,0.0,-2845.455746257933,1.7600034136692657,634.766,704.696,3.4655502298316514,0.012788097312882503,0.01709323179585352,0.0249915461125265,1.1139020097071466,-4.61609999999996,0.0,-1.813370500687052,final_approach,-0.025336217757121915,-1.7130805756539242,-5.12135079729093,
3.75,63.93899353,-22.60542829,780.854,707.874,-0.5529,-2.308,355.2224,-3.1327,0.0072,-1.6739,76.213,76.756,-4.0628,129.5221,2.6244,0.0,0.0,0.0,-0.03,857.6,0.0,10.0,270.0,0,3.75,-0.07068907106003158,0.10659981475054157,-0.03,0.07365763191620789,0.6400521558991908,0.6666666666666666,0.0,-2841.503868855306,1.8360340484882145,634.354,704.374,3.467585169235707,0.01404831343416129,0.017843597588912585,0.026692600717709337,1.140778514213082,-4.7975999999999885,0.0,-1.8367004551700543,final_approach,-0.026516665684919616,-1.7549378074579423,-5.122096496765259,
3.833,63.93902301,-22.60542695,780.519,707.622,-0.8085,-2.3071,355.0922,-2.9403,0.0116,-1.42,76.045,76.588,-3.9812,129.2396,2.6493,0.0,0.0,0.0,-0.03,871.1,0.0,10.0,270.0,0,3.833,-0.062362738054659694,0.10809025140592551,-0.03,0.07521160854625764,0.6400307144600335,0.6666666666666666,0.0,-2838.217511685925,1.9005384975175523,634.019,704.122,3.469322824787988,0.015196196039072605,0.01848078940018109,0.028152656709272042,1.1543494412626387,-4.927799999999934,0.0,-1.8537364488402375,final_approach,-0.02752083045061582,-1.7766724327504253,-5.122743119476578,
3.933,63.9390583,-22.60542533,780.125,707.406,-1.0892,-2.3053,354.9653,-2.6302,0.0238,-1.0853,75.846,76.39,-3.9158,128.9042,2.6582,0.0,0.0,0.0,-0.03,886.2,0.0,10.0,270.0,0,3.933,-0.05260201559631483,0.10948304062579042,-0.03,0.0766960968624747,0.6400041046324552,0.6666666666666666,0.0,-2834.283469877276,1.978535107497737,633.625,703.906,3.471446033151847,0.016202177305658365,0.019252080439345447,0.029984022564175674,1.1613583864906332,-5.054699999999912,0.0,-1.8661240444002147,final_approach,-0.028743559069880575,-1.788944744057984,-5.123545558375728,
4.033,63.9390935,-22.60542371,779.736,707.09,-1.337,-2.3019,354.8727,-2.2639,0.0434,-0.7386,75.652,76.193,-3.8775,128.5726,2.6479,0.0,0.0,0.0,-0.03,900.1,0.0,10.0,270.0,0,4.033,-0.04339915833354413,0.11053582256035392,-0.03,0.07776041829857927,0.6399767638060528,0.6666666666666666,0.0,-2830.359460975135,2.056535219623106,633.236,703.59,3.473590912663455,0.017076613607395878,0.02002440273888822,0.03188651609618392,1.1598163132741774,-5.147299999999973,0.0,-1.872840040363833,final_approach,-0.029975680926728643,-1.7884826867159518,-5.124369983314342,
4.142,63.93912861,-22.60542209,779.35,706.698,-1.5454,-2.2965,354.8145,-1.843,0.0642,-0.3986,75.461,75.999,-3.8587,128.2448,2.6223,0.0,0.0,0.0,-0.03,912.8,0.0,10.0,270.0,0,4.142,-0.03514902173850809,0.11134137451234162,-0.03,0.07842113026212616,0.6399488199194916,0.6666666666666666,0.0,-2826.445484979501,2.134538833893659,632.85,703.198,3.4757465655625563,0.01752661668980411,0.020797754409900858,0.034037616985046974,1.1513986706674757,-5.205500000000029,0.0,-1.8618812710563641,final_approach,-0.031237243241569956,-1.777813990313117,-5.125212532220949,
4.242,63.93916654,-22.60542036,778.933,706.456,-1.7233,-2.2882,354.7887,-1.3785,0.0885,-0.0569,75.257,75.79,-3.8543,127.8934,2.5821,0.0,0.0,0.0,-0.03,925.2,0.0,10.0,270.0,0,4.242,-0.027577543922609027,0.112003421431061,-0.03,0.07871198435396687,0.6399180267248187,0.6666666666666666,0.0,-2822.217142699271,2.2178220245073916,632.433,702.956,3.4780813426529757,0.018496809058869114,0.021624768553623264,0.0360866351171258,1.1366143044832882,-5.231299999999919,0.0,-1.8780738827785075,final_approach,-0.032557950024376225,-1.7577372993099871,-5.126140921137285,
4.342,63.93920146,-22.60541877,778.547,706.162,-1.841,-2.2784,354.7961,-0.9182,0.1076,0.2203,75.072,75.599,-3.8602,127.5723,2.5377,0.0,0.0,0.0,-0.03,935.5,0.0,10.0,270.0,0,4.342,-0.02207909137473657,0.1124710349014778,-0.03,0.0786286893932332,0.6398892728141818,0.6666666666666666,0.0,-2818.32434779719,2.2943632203950415,632.047,702.662,3.4802248504922795,0.01898652061456382,0.022385909688195312,0.038204937302221575,1.1195916351090602,-5.223899999999958,0.0,-1.8755217116168277,final_approach,-0.033799724478726034,-1.7341981363831156,-5.127007760374056,
4.45,63.9392392,-22.60541709,778.129,705.789,-1.917,-2.2657,354.8329,-0.4455,0.1257,0.4678,74.873,75.395,-3.8739,127.2276,2.4861,0.0,0.0,0.0,-0.03,945.5,0.0,10.0,270.0,0,4.45,-0.017913342519721098,0.11286668614630035,-0.03,0.07821293366821014,0.639857657205998,0.6666666666666666,0.0,-2814.1171869525547,2.375204117976133,631.629,702.289,3.482542824291546,0.01939922057273323,0.023191282599587044,0.04057205804868899,1.0994498028595956,-5.187099999999987,0.0,-1.8725281553418947,final_approach,-0.03512786351907593,-1.7061253469788706,-5.1279607960828955,
4.55,63.93927394,-22.60541556,777.74,705.447,-1.9456,-2.2523,354.8881,-0.0816,0.1416,0.6424,74.692,75.207,-3.8908,126.9117,2.4391,0.0,0.0,0.0,-0.03,954.0,0.0,10.0,270.0,0,4.55,-0.015606806537958706,0.11315345013765929,-0.03,0.07758452674119465,0.6398283245204504,0.6666666666666666,0.0,-2810.2444588896115,2.4488126943789994,631.24,701.947,3.48465870652905,0.019692487539784052,0.023925780215030244,0.042829395876696374,1.081024833384646,-5.131899999999973,0.0,-1.8668437775835518,final_approach,-0.03635025289252525,-1.6804473513895264,-5.12884494441883,
4.65,63.93930859,-22.60541405,777.351,705.149,-1.9381,-2.2376,354.9583,0.2605,0.1525,0.7617,74.51,75.02,-3.9097,126.5975,2.3954,0.0,0.0,0.0,-0.03,962.0,0.0,10.0,270.0,0,4.65,-0.014717989256128994,0.11339786373878513,-0.03,0.07677711277218824,0.6397986227635669,0.6666666666666666,0.0,-2806.381764074425,2.5214448984510973,630.851,701.649,3.486768714110774,0.019927085586027016,0.024651660567088902,0.04515179728048296,1.0639861359299232,-5.061699999999973,0.0,-1.8625852523486717,final_approach,-0.037568642658524,-1.6568249876794159,-5.129740148821039,
4.75,63.93933453,-22.60541294,777.057,704.966,-1.9111,-2.2259,355.0174,0.4807,0.1581,0.8154,74.375,74.881,-3.9245,126.3628,2.3662,0.0,0.0,0.0,-0.03,967.7,0.0,10.0,270.0,0,4.75,-0.014944827470036892,0.11355582591917412,-0.03,0.07609024114088347,0.6397762642568071,0.6666666666666666,0.0,-2803.490038493944,2.574818540922487,630.557,701.466,3.488336345303689,0.019218623309880722,0.025185911531273454,0.047519882442675354,1.0527637477526923,-5.0026000000000295,0.0,-1.815986593044252,final_approach,-0.038539805018327655,-1.6415143232218625,-5.130413983817892,
4.842,63.93936329,-22.60541171,776.729,704.743,-1.8628,-2.2126,355.0865,0.6892,0.1601,0.8394,74.225,74.727,-3.941,126.1032,2.3384,0.0,0.0,0.0,-0.03,973.7,0.0,10.0,270.0,0,4.842,-0.01600569202347374,0.1137164014213953,-0.03,0.07527892739824538,0.639751298985347,0.6666666666666666,0.0,-2800.2839464570548,2.633961697061648,630.229,701.243,3.4900664950978197,0.019149848762093847,0.025778537535564985,0.04974578025645645,1.0423449445360973,-4.933499999999981,0.0,-1.7991182466410258,final_approach,-0.03957178801057637,-1.6274920451531951,-5.131166334694203,
4.95,63.93940632,-22.60540989,776.235,704.279,-1.7625,-2.1926,355.1907,0.911,0.1585,0.8138,74.001,74.497,-3.9652,125.7161,2.3076,0.0,0.0,0.0,-0.03,982.1,0.0,10.0,270.0,0,4.95,-0.01894750968623382,0.11393367506018656,-0.03,0.07403884427144669,0.6397135490118859,0.6666666666666666,0.0,-2795.487071271526,2.721455868184165,629.735,700.779,3.4926436718831972,0.01993533197053729,0.026656683266029668,0.052445617240264426,1.0315828495322137,-4.829299999999989,0.0,-1.8241142309531113,final_approach,-0.041033358423288036,-1.6135962081207111,-5.132303871635546,
5.067,63.93944636,-22.60540821,775.771,703.924,-1.6492,-2.1743,355.2817,1.0143,0.1517,0.7323,73.792,74.285,-3.9868,125.3576,2.2916,0.0,0.0,0.0,-0.03,989.4,0.0,10.0,270.0,0,5.067,-0.022814883593631263,0.11411841262844971,-0.03,0.07293959103212333,0.6396780709083167,0.6666666666666666,0.0,-2791.023513929192,2.8022072665001136,629.271,700.424,3.495024859420991,0.0200047816817069,0.027468604190905268,0.05545490602336331,1.027279028715384,-4.738299999999981,0.0,-1.8206788268959933,final_approach,-0.04244266462254842,-1.6092710393830885,-5.133372847933156,
5.142,63.93947489,-22.60540701,775.438,703.699,-1.5606,-2.1621,355.3397,1.0944,0.1398,0.6472,73.643,74.133,-3.9969,125.1018,2.2877,0.0,0.0,0.0,-0.03,986.2,0.0,10.0,270.0,0,5.142,-0.026099588043324795,0.11429731450168978,-0.03,0.07223111472885368,0.6396525781055571,0.6666666666666666,0.0,-2787.8430620557665,2.8598895605914043,628.938,700.199,3.496712457669769,0.020420869732039344,0.02804929657721005,0.05741996600159566,1.0276343826199081,-4.680299999999988,0.0,-1.8357686305115097,final_approach,-0.043429462864324364,-1.6112765982186428,-5.134140900577432,
5.25,63.9395119,-22.60540546,775.004,703.287,-1.4421,-2.1472,355.4032,1.075,0.1335,0.5098,73.449,73.937,-4.017,124.7713,2.2924,0.0,0.0,0.0,-0.03,980.8,0.0,10.0,270.0,0,5.25,-0.030804668975458416,0.11442469859369633,-0.03,0.07144849044487678,0.6396191711143722,0.6666666666666666,0.0,-2783.717281453934,2.934389679760132,628.504,699.787,3.498895529301911,0.020386329147289033,0.028800320712851334,0.06032368876097785,1.032566327449075,-4.616800000000012,0.0,-1.8321802364919475,final_approach,-0.04474663782259114,-1.6206139004257345,-5.135147316884055,
5.342,63.93954597,-22.60540402,774.602,702.998,-1.3372,-2.1341,355.4477,0.9894,0.1265,0.3675,73.27,73.757,-4.0351,124.4671,2.3055,0.0,0.0,0.0,-0.03,975.8,0.0,10.0,270.0,0,5.342,-0.035259347782501504,0.1145263299727407,-0.03,0.07089572202836425,0.6395881247948104,0.6666666666666666,0.0,-2779.919244344845,3.003614892112408,628.102,699.498,3.5008964952315664,0.020613545901102464,0.029498941309749137,0.0628525987159411,1.0411664885751861,-4.572300000000041,0.0,-1.8424958671665954,final_approach,-0.04595245157868888,-1.6352635498931534,-5.136082537809294,
5.45,63.93957996,-22.60540257,774.197,702.644,-1.2445,-2.1218,355.4777,0.837,0.1184,0.2188,73.091,73.578,-4.0532,124.1641,2.3257,0.0,0.0,0.0,-0.03,970.7,0.0,10.0,270.0,0,5.45,-0.03948756153935773,0.11460756838700822,-0.03,0.07052107172226141,0.6395570156784498,0.6666666666666666,0.0,-2776.1301252029734,3.073333154981248,627.697,699.144,3.5028756458785915,0.02023219974324128,0.030203271406601454,0.06588828267247668,1.0530735695813576,-4.542299999999955,0.0,-1.8256696435521247,final_approach,-0.04722303435001152,-1.6549460105849132,-5.137019575067434,
5.55,63.93961104,-22.60540123,773.825,702.397,-1.1735,-2.1112,355.4921,0.6806,0.1113,0.0837,72.928,73.414,-4.0702,123.8873,2.3491,0.0,0.0,0.0,-0.03,966.0,0.0,10.0,270.0,0,5.55,-0.04300225965762783,0.1146575332232439,-0.03,0.07034066992508425,0.6395283023611241,0.6666666666666666,0.0,-2772.6654052522063,3.1377753436520934,627.325,698.897,3.5046802266392096,0.019867801053731378,0.03085491518190561,0.06875414658175898,1.0662888162582647,-4.527900000000045,0.0,-1.8078814941382928,final_approach,-0.04840504132045709,-1.6764443425038422,-5.13788438161194,
5.65,63.93964488,-22.60539976,773.417,702.156,-1.1132,-2.1004,355.494,0.4962,0.1042,-0.0561,72.75,73.237,-4.0896,123.5867,2.3786,0.0,0.0,0.0,-0.03,960.8,0.0,10.0,270.0,0,5.65,-0.04633060690940549,0.1146823358666775,-0.03,0.07031683936160871,0.6394968555203997,0.6666666666666666,0.0,-2768.893007279668,3.2084793177313737,626.917,698.656,3.506633067520783,0.01981123568073186,0.03157061356383365,0.0716820274495365,1.0826017952580855,-4.525999999999954,0.0,-1.8053468128529901,final_approach,-0.049678417621560556,-1.7026964843428534,-5.138831444572446,
5.75,63.93968143,-22.60539814,772.972,701.74,-1.0692,-2.0894,355.4809,0.2891,0.0978,-0.1925,72.558,73.045,-4.1122,123.2626,2.4132,0.0,0.0,0.0,-0.03,955.2,0.0,10.0,270.0,0,5.75,-0.049243239213420054,0.11466521748662514,-0.03,0.07048101432927345,0.6394627623071186,0.6666666666666666,0.0,-2764.818504780707,3.286426897853316,626.472,698.24,3.5087234336012396,0.01999330653470413,0.03236024130134659,0.07467911148817269,1.1015771367589196,-4.539099999999962,0.0,-1.815769829866349,final_approach,-0.05105698059216479,-1.7330684254963487,-5.139858119585053,
5.85,63.93971509,-22.60539663,772.56,701.462,-1.0488,-2.0798,355.4566,0.0944,0.0931,-0.2999,72.382,72.869,-4.1347,122.965,2.4459,0.0,0.0,0.0,-0.03,949.9,0.0,10.0,270.0,0,5.85,-0.05122591547552274,0.11460592387481683,-0.03,0.07078474329305551,0.6394310923268929,0.6666666666666666,0.0,-2761.0661719371014,3.35909762534838,626.06,697.962,3.510641123424877,0.019857238484982605,0.03309714624168544,0.07773989574071398,1.1195215651962371,-4.5634000000000015,0.0,-1.8106998453330467,final_approach,-0.052373300157345426,-1.7617976422854582,-5.140811740927614,
5.95,63.93974867,-22.6053951,772.146,701.04,-1.0476,-2.0706,355.4224,-0.0873,0.0899,-0.3865,72.207,72.694,-4.1589,122.6688,2.4777,0.0,0.0,0.0,-0.03,944.7,0.0,10.0,270.0,0,5.95,-0.052489889014961155,0.114503304238289,-0.03,0.07121042755957985,0.6393993254312489,0.6666666666666666,0.0,-2757.3227568904854,3.4327513406851518,625.646,697.54,3.5125421798128755,0.019716126050816192,0.033844642483507006,0.08086522700326232,1.1371194321742735,-4.597600000000057,0.0,-1.8051816775755065,final_approach,-0.05371086037088446,-1.7900305093184006,-5.1417682021701445,
6.05,63.93978217,-22.60539356,771.728,700.699,-1.0636,-2.0617,355.3806,-0.2458,0.0883,-0.4509,72.033,72.52,-4.1849,122.3742,2.5074,0.0,0.0,0.0,-0.03,939.4,0.0,10.0,270.0,0,6.05,-0.05307176464155461,0.11435574478333269,-0.03,0.07172786252673036,0.6393676629275054,0.6666666666666666,0.0,-2753.588259811879,3.506898106190643,625.228,697.199,3.514415312358373,0.01955199261817597,0.03459791349805055,0.08405546759638982,1.1538041037182438,-4.639400000000023,0.0,-1.7992560705231815,final_approach,-0.05506335848136956,-1.8169136716517773,-5.142721442262172,
6.15,63.93981281,-22.60539212,771.344,700.469,-1.0911,-2.0536,355.3375,-0.3627,0.0875,-0.4912,71.874,72.361,-4.2103,122.1055,2.5318,0.0,0.0,0.0,-0.03,934.5,0.0,10.0,270.0,0,6.15,-0.053062071256453236,0.11418136327444364,-0.03,0.07225809902138569,0.6393384832216532,0.6666666666666666,0.0,-2750.1725879159667,3.5762567891866412,624.844,696.969,3.5161230123285083,0.01913949379870548,0.035302946533973166,0.08730557735779919,1.1678307826056766,-4.6825000000000045,0.0,-1.7802327913847151,final_approach,-0.056359087213174064,-1.8397425869270592,-5.143599865593277,
6.25,63.93984893,-22.60539042,770.886,699.982,-1.1364,-2.0441,355.2828,-0.478,0.0891,-0.5147,71.688,72.174,-4.242,121.7895,2.5563,0.0,0.0,0.0,-0.03,928.8,0.0,10.0,270.0,0,6.25,-0.052457259558911784,0.11392870959250517,-0.03,0.07292621113097786,0.6393041360149825,1.0,0.0,-2746.1460190464245,3.6581406000307863,624.386,696.482,3.5181110615846376,0.01926299359247004,0.03613632980409864,0.09062819174701638,1.1824328698733098,-4.73720000000003,0.0,-1.7874843558042806,final_approach,-0.05783205065241148,-1.8636847841581137,-5.14463376619948,
6.35,63.93988219,-22.60538883,770.461,699.701,-1.1879,-2.0352,355.2312,-0.5531,0.0849,-0.5153,71.517,72.002,-4.2668,121.4981,2.5739,0.0,0.0,0.0,-0.03,923.4,0.0,10.0,270.0,0,6.35,-0.051401431277022014,0.11373316993130647,-0.03,0.07355148089347896,0.6392723916754167,1.0,0.0,-2742.438275529805,3.7347463910402925,623.961,696.201,3.5199278978660007,0.01908055512933019,0.03691666605854516,0.09401776438038083,1.1936119923415447,-4.7888000000000375,0.0,-1.7804403234584434,final_approach,-0.05924271170198736,-1.8824301739520557,-5.145589235312279,
6.45,63.93991536,-22.60538723,770.034,699.36,-1.2459,-2.0277,355.1803,-0.6022,0.061,-0.4974,71.343,71.827,-4.2707,121.2029,2.5862,0.0,0.0,0.0,-0.03,918.1,0.0,10.0,270.0,0,6.45,-0.04995367757164182,0.11380221376790728,-0.03,0.07416351030047252,0.6392406331481231,1.0,0.0,-2738.740564748673,3.811845621345791,623.534,695.86,3.521726409505465,0.018897982006881968,0.037702816532778634,0.09747465348572411,1.2023788585637476,-4.8396999999999935,0.0,-1.7767639304167588,final_approach,-0.06066863438906722,-1.897602790561896,-5.146545053218809,
6.55,63.93994846,-22.60538563,769.607,698.959,-1.3074,-2.023,355.132,-0.6229,0.0288,-0.4642,71.167,71.65,-4.2586,120.9035,2.5931,0.0,0.0,0.0,-0.03,912.7,0.0,10.0,270.0,0,6.55,-0.04821717863918429,0.11407260494082727,-0.03,0.0747398880812572,0.6392086239239909,1.0,0.0,-2735.0506573398848,3.8889475757162653,623.107,695.459,3.5235203346095987,0.018738193512624814,0.038489946367164414,0.10099873261082146,1.208673369155406,-4.88799999999992,0.0,-1.7752399367425105,final_approach,-0.062103436618283325,-1.9091060812405125,-5.1475083370470465,
6.65,63.93998148,-22.60538403,769.183,698.75,-1.3699,-2.0216,355.0875,-0.6157,-0.0054,-0.4196,70.989,71.47,-4.2356,120.5997,2.5948,0.0,0.0,0.0,-0.03,907.3,0.0,10.0,270.0,0,6.65,-0.04628754782047434,0.11447658626234755,-0.03,0.07526712141162117,0.6391760828611504,1.0,0.0,-2731.3696680693342,3.9660526431043728,622.683,695.25,3.525325312422934,0.018623457616079173,0.039278050533861936,0.1045898752221716,1.2125748207917582,-4.9325000000000045,0.0,-1.7756726697659153,final_approach,-0.06354709744477915,-1.9170598829270045,-5.148487544576014,
6.75,63.94001441,-22.60538242,768.761,698.251,-1.4304,-2.0236,355.0479,-0.5833,-0.0378,-0.367,70.808,71.287,-4.2058,120.2917,2.5917,0.0,0.0,0.0,-0.03,902.0,0.0,10.0,270.0,0,6.75,-0.044286304378495955,0.11495878532249507,-0.03,0.07573322590510134,0.639143129907609,1.0,0.0,-2727.6987115342704,4.043651149788472,622.261,694.751,3.5271344384690178,0.018534758090205928,0.04007197858101809,0.10824844016286615,1.2142539147914988,-4.972099999999955,0.0,-1.7787933361508304,final_approach,-0.06500604448972425,-1.9217290056341074,-5.149479062865254,
6.842,63.94004452,-22.60538095,768.377,697.958,-1.4822,-2.0281,355.0164,-0.5345,-0.064,-0.315,70.64,71.118,-4.1753,120.0055,2.5852,0.0,0.0,0.0,-0.03,897.0,0.0,10.0,270.0,0,6.842,-0.04247487347705736,0.11543091385149634,-0.03,0.07610191734263072,0.6391124388062273,1.0,0.0,-2724.342121796864,4.114500268502908,621.877,694.458,3.5288029500705838,0.018468297686704233,0.04079776783360543,0.11166987292039171,1.2140946256475047,-5.003600000000006,0.0,-1.7830927561845562,final_approach,-0.06634846005131934,-1.923489305915675,-5.150402448845693,
6.942,63.94007729,-22.60537936,767.961,697.753,-1.5328,-2.0356,354.9875,-0.4649,-0.0877,-0.2571,70.455,70.93,-4.1405,119.6894,2.5745,0.0,0.0,0.0,-0.03,891.6,0.0,10.0,270.0,0,6.942,-0.040606892375619597,0.11595162707976095,-0.03,0.07643855689980827,0.6390784288069135,1.0,0.0,-2720.689001882693,4.19112512674743,621.461,694.253,3.5306339024568003,0.018441835382614437,0.041583839221842354,0.11545602393284132,1.2122331078247157,-5.032500000000027,0.0,-1.7891752328950523,final_approach,-0.06781147116335973,-1.9228963977686693,-5.151425603457877,
7.042,63.94010997,-22.60537776,767.549,697.412,-1.576,-2.0451,354.9644,-0.3865,-0.1058,-0.2009,70.268,70.741,-4.1059,119.3691,2.5609,0.0,0.0,0.0,-0.03,886.2,0.0,10.0,270.0,0,7.042,-0.038924015228587905,0.11645332047978499,-0.03,0.07670651831015907,0.6390437795113226,1.0,0.0,-2717.0459147032166,4.268243424461728,621.049,693.912,3.5324803759703594,0.01844565200811045,0.042375731051252384,0.11930874362485708,1.2090136805744294,-5.055599999999913,0.0,-1.7965229389955006,final_approach,-0.06928966743661036,-1.9203056889680568,-5.152467898554235,
7.142,63.94014256,-22.60537618,767.14,697.089,-1.6111,-2.0562,354.9468,-0.3017,-0.1186,-0.1488,70.079,70.548,-4.0723,119.0446,2.5451,0.0,0.0,0.0,-0.03,880.9,0.0,10.0,270.0,0,7.142,-0.03747283284749792,0.116924351719495,-0.03,0.07691001198048153,0.6390085892448948,1.0,0.0,-2713.4128607730804,4.344385349671748,620.64,693.589,3.534336726865865,0.018465294832601394,0.04315884852443599,0.12322693266521784,1.2047617864331812,-5.073200000000043,0.0,-1.805020853632279,final_approach,-0.07076370255638764,-1.9161724127292725,-5.1535263716789785,
7.242,63.94017507,-22.60537461,766.734,696.645,-1.6375,-2.0684,354.9341,-0.2156,-0.1271,-0.1027,69.887,70.353,-4.0403,118.7162,2.5278,0.0,0.0,0.0,-0.03,875.6,0.0,10.0,270.0,0,7.242,-0.03629853660067961,0.11735563432998206,-0.03,0.07705649216924337,0.6389728269304875,1.0,0.0,-2709.788725152203,4.420040450748596,620.234,693.145,3.5362042575005215,0.01850029675159534,0.04393804588224953,0.1272099808112254,1.199803103801088,-5.085900000000038,0.0,-1.8154735033020661,final_approach,-0.07223990085058318,-1.9109903360346934,-5.154601953086392,
7.342,63.94020748,-22.60537304,766.331,696.418,-1.6553,-2.0813,354.9256,-0.1312,-0.1267,-0.0645,69.694,70.157,-4.0145,118.3847,2.5097,0.0,0.0,0.0,-0.03,870.5,0.0,10.0,270.0,0,7.342,-0.035419360591947724,0.1176838710189344,-0.03,0.07715436182487823,0.638936535360341,1.0,0.0,-2706.175737206102,4.495699442924117,619.831,692.918,3.5380804163269906,0.018543845337111255,0.04471817588353864,0.13125776513020848,1.194461684365308,-5.0943999999999505,0.0,-1.825885003001877,final_approach,-0.07372463973107202,-1.9052509700708153,-5.155693351244263,
7.45,63.94024249,-22.60537136,765.897,696.036,-1.6652,-2.0938,354.9202,-0.0422,-0.1004,-0.0343,69.486,69.944,-4.0117,118.0267,2.4904,0.0,0.0,0.0,-0.03,864.9,0.0,10.0,270.0,0,7.45,-0.03482136500000893,0.11767457354591479,-0.03,0.07721646770838786,0.6388966752099382,1.0,0.0,-2702.2729078575385,4.576646572242003,619.397,692.536,3.540119646681774,0.018600164871641456,0.04555421222314472,0.1357050920958394,1.1887793588023499,-5.099799999999959,0.0,-1.8349796323586065,final_approach,-0.07532814447507263,-1.8991804871726234,-5.156891950240137,
7.55,63.94027472,-22.60536982,765.495,695.746,-1.666,-2.1021,354.9177,0.0309,-0.064,-0.0167,69.296,69.749,-4.0279,117.6978,2.4734,0.0,0.0,0.0,-0.03,859.9,0.0,10.0,270.0,0,7.55,-0.034603111313736556,0.1173849991198874,-0.03,0.07724520197154283,0.638859785864016,1.0,0.0,-2698.679986237514,4.650842756907347,618.995,692.246,3.541987505718308,0.01861323578725747,0.046321645516546356,0.13988490634050788,1.1838842269510224,-5.102300000000014,0.0,-1.840890574871459,final_approach,-0.0768110744507382,-1.894101706745582,-5.158001107516846,
7.658,63.94030953,-22.60536816,765.057,695.372,-1.6593,-2.1069,354.9164,0.096,-0.0205,-0.008,69.09,69.539,-4.0594,117.3435,2.4561,0.0,0.0,0.0,-0.03,854.6,0.0,10.0,270.0,0,7.658,-0.03468287300047074,0.1168470113619211,-0.03,0.07726013916987962,0.6388198748540356,1.0,0.0,-2694.799452578962,4.73081779412041,618.557,691.872,3.5439879993572734,0.018598211364327943,0.0471499891930306,0.14447351951052936,1.1790746739913232,-5.103599999999915,0.0,-1.846937559647456,final_approach,-0.07842040632086977,-1.88933809358727,-5.159200999319253,
7.733,63.94033089,-22.60536714,764.785,695.2,-1.652,-2.1075,354.9159,0.1271,0.0058,-0.0078,68.965,69.411,-4.0836,117.1264,2.4462,0.0,0.0,0.0,-0.03,851.4,0.0,10.0,270.0,0,7.733,-0.03487594287978674,0.11643155360906077,-0.03,0.0772658834046529,0.6387955012665837,1.0,0.0,-2692.41829199969,4.779960221466457,618.285,691.7,3.5451995516821815,0.0181908479700691,0.04765951064618638,0.147686799010217,1.1764558194357733,-5.104100000000017,0.0,-1.8305492966492038,final_approach,-0.07945446572472292,-1.8869789597071325,-5.159933710811426,
7.833,63.94036553,-22.6053655,764.341,694.837,-1.6362,-2.1047,354.9148,0.1634,0.0473,-0.0147,68.761,69.202,-4.1279,116.7752,2.4316,0.0,0.0,0.0,-0.03,846.1,0.0,10.0,270.0,0,7.833,-0.035376751508018944,0.11565318331881255,-0.03,0.07727851907541627,0.6387559045478072,1.0,0.0,-2688.556709728716,4.8589619991928785,617.841,691.337,3.547151826584078,0.018412831478218455,0.048479790971477324,0.1520424887773307,1.1728927250485413,-5.105199999999968,0.0,-1.8495902696811004,final_approach,-0.08102686322945374,-1.884015481697892,-5.161123957861157,
7.942,63.94040007,-22.60536387,763.891,694.376,-1.6174,-2.0978,354.9125,0.1828,0.0828,-0.0294,68.559,68.995,-4.1752,116.426,2.4186,0.0,0.0,0.0,-0.03,841.0,0.0,10.0,270.0,0,7.942,-0.03604362015537521,0.1147907853452147,-0.03,0.07730493180132592,0.6387167845128284,1.0,0.0,-2684.7062753027476,4.93747773104095,617.391,690.876,3.549061653134057,0.01826425031438551,0.04929622671935982,0.1568633564471833,1.1700747559033573,-5.107499999999959,0.0,-1.8499194278168454,final_approach,-0.08264674608228617,-1.882231871610184,-5.162299757486611,
8.05,63.94043186,-22.60536236,763.471,694.111,-1.5987,-2.0883,354.9088,0.1869,0.111,-0.0486,68.373,68.805,-4.2195,116.1053,2.4083,0.0,0.0,0.0,-0.03,836.3,0.0,10.0,270.0,0,8.05,-0.03676620221193999,0.11394604427083371,-0.03,0.07734740107465832,0.6386810487621196,1.0,0.0,-2681.1624039608437,5.010221225504397,616.971,690.611,3.5507902498249613,0.017887796081284508,0.05005341390568438,0.16170441706578736,1.1682803082336477,-5.1112000000000535,0.0,-1.8383105909446,final_approach,-0.08419087600529451,-1.8818592136683066,-5.163373735344834,
8.158,63.94046883,-22.60536062,762.976,693.637,-1.5771,-2.0739,354.9017,0.1791,0.1368,-0.0759,68.158,68.585,-4.2702,115.7331,2.3979,0.0,0.0,0.0,-0.03,830.9,0.0,10.0,270.0,0,8.158,-0.03764954464783954,0.11292753558269217,-0.03,0.07742882442498156,0.6386397824373953,1.0,0.0,-2677.041079178742,5.094031709658203,616.476,690.137,3.552767866463306,0.01795837426271321,0.05092729868335623,0.16662242942215294,1.1669542502750971,-5.1182999999999765,0.0,-1.8521678772897088,final_approach,-0.0858973934884446,-1.8824256180177876,-5.164613802962265,
8.233,63.94048991,-22.60535963,762.69,693.42,-1.5653,-2.0645,354.8961,0.1689,0.1489,-0.0932,68.035,68.459,-4.2984,115.5214,2.3928,0.0,0.0,0.0,-0.03,827.8,0.0,10.0,270.0,0,8.233,-0.038166067970024364,0.11233213446787038,-0.03,0.07749297909405095,0.638616474524774,1.0,0.0,-2674.6911325995316,5.14171522059247,616.19,689.92,3.5538762958179775,0.017428488229309202,0.05142509792765462,0.1700627556931717,1.1666004044466263,-5.123900000000049,0.0,-1.8328798884451933,final_approach,-0.08694165962102218,-1.883453460485912,-5.165314156039095,
8.342,63.94052408,-22.60535802,762.223,692.994,-1.5484,-2.0473,354.8845,0.1416,0.1691,-0.1225,67.836,68.256,-4.3423,115.1786,2.3855,0.0,0.0,0.0,-0.03,822.9,0.0,10.0,270.0,0,8.342,-0.03895052509494923,0.11135606138998423,-0.03,0.07762568406306958,0.6385787594983091,1.0,0.0,-2670.881944908319,5.2192654754985375,615.723,689.494,3.5556570800708593,0.017246651892745227,0.05223545287596012,0.17513852537763283,1.1665011715723494,-5.135499999999979,0.0,-1.8322260870769465,final_approach,-0.08858232494509721,-1.885748165323239,-5.1664473236381845,
8.442,63.94055814,-22.60535641,761.75,692.63,-1.5343,-2.0283,354.8698,0.1124,0.1823,-0.1521,67.638,68.054,-4.3831,114.8371,2.3792,0.0,0.0,0.0,-0.03,818.1,0.0,10.0,270.0,0,8.442,-0.0396634329709139,0.11038016390057946,-0.03,0.07779349097762744,0.638541668316187,1.0,0.0,-2667.0850196593615,5.296820010978673,615.25,689.13,3.557393327439176,0.017265955524482166,0.05304681606941595,0.1798594118999823,1.1668866365031931,-5.150200000000041,0.0,-1.845660079160855,final_approach,-0.09018422681469218,-1.8887066101633536,-5.167561640823532,
8.55,63.9405921,-22.60535481,761.273,692.193,-1.5238,-2.008,354.8519,0.0773,0.1952,-0.1806,67.441,67.852,-4.4213,114.4969,2.3736,0.0,0.0,0.0,-0.03,813.3,0.0,10.0,270.0,0,8.55,-0.0402706908167722,0.10939706959765612,-0.03,0.0779972798767452,0.6385049508624021,1.0,0.0,-2663.2992422546176,5.37388850023206,614.773,688.693,3.5590977110359114,0.017018517870302122,0.05385428100160913,0.18502818036531618,1.1676110631863992,-5.168099999999981,0.0,-1.8436977150620582,final_approach,-0.09183158908484046,-1.8922371457515386,-5.168664626068939,
8.633,63.94061556,-22.60535371,760.941,692.004,-1.5187,-1.9931,354.8377,0.0523,0.2027,-0.199,67.304,67.713,-4.4462,114.2621,2.37,0.0,0.0,0.0,-0.03,810.0,0.0,10.0,270.0,0,8.633,-0.04062389381757425,0.10870986506986369,-0.03,0.07815851676898888,0.6384796659531022,1.0,0.0,-2660.6839791566626,5.426868709108431,614.441,688.504,3.5602632745050444,0.01652258711909316,0.05441010923250434,0.18903230813260324,1.1682464006960913,-5.182299999999941,0.0,-1.8261435963871975,final_approach,-0.09301596941061518,-1.8949457682412039,-5.169424119653524,
8.733,63.94064156,-22.60535248,760.569,691.654,-1.5154,-1.9759,354.8204,0.0235,0.2117,-0.2178,67.153,67.559,-4.4724,114.0018,2.366,0.0,0.0,0.0,-0.03,806.3,0.0,10.0,270.0,0,8.733,-0.040933168336649006,0.10794343186218147,-0.03,0.07835444096623456,0.6384519387123543,1.0,0.0,-2657.785562918278,5.486119264192147,614.069,688.154,3.561533942558529,0.01588660268838496,0.05503207002778786,0.19390540744160675,1.168949260457964,-5.1995999999999185,0.0,-1.7974032694429014,final_approach,-0.09438561288646241,-1.8980305250327216,-5.170256918143323,
8.85,63.94068304,-22.60535052,759.971,691.109,-1.5149,-1.9472,354.7897,-0.0168,0.219,-0.2438,66.912,67.313,-4.5112,113.5868,2.3596,0.0,0.0,0.0,-0.03,800.6,0.0,10.0,270.0,0,8.85,-0.041240210157910906,0.10670460122496109,-0.03,0.07870073431217206,0.6384078186887746,1.0,0.0,-2653.1614742832544,5.580532872237106,613.471,687.609,3.563540048029882,0.01609653567529683,0.05602450194387763,0.19970404308001813,1.1700650340168863,-5.230299999999943,0.0,-1.8212601594780078,final_approach,-0.09634773365885607,-1.9026114650451618,-5.171581958583687,
8.958,63.94071922,-22.60534882,759.443,690.736,-1.5185,-1.9214,354.7602,-0.0491,0.2256,-0.2619,66.702,67.098,-4.5428,113.2251,2.3534,0.0,0.0,0.0,-0.03,795.6,0.0,10.0,270.0,0,8.958,-0.04134587277825508,0.10559470319646602,-0.03,0.07903181728588304,0.638369706897995,1.0,0.0,-2649.128216809638,5.662414348143827,612.943,687.236,3.565257696938451,0.01606447248955112,0.05688673392282745,0.20512887578859546,1.170729569644351,-5.259800000000041,0.0,-1.8324587308385987,final_approach,-0.09809614750110995,-1.906202524714045,-5.1727264357380385,
9.033,63.94074241,-22.60534772,759.101,690.481,-1.5228,-1.9044,354.7402,-0.068,0.232,-0.271,66.568,66.961,-4.5622,112.9932,2.349,0.0,0.0,0.0,-0.03,792.4,0.0,10.0,270.0,0,9.033,-0.04133057397373663,0.10486560108219906,-0.03,0.07925534530878386,0.6383455257685013,1.0,0.0,-2646.5430524304134,5.715405063281413,612.601,686.981,3.5663403313226882,0.015792914595153494,0.057445137348462225,0.2089244389002586,1.1709424861920184,-5.279800000000023,0.0,-1.8282958159138796,final_approach,-0.09926035480905071,-1.9082519357372973,-5.173452524650855,
9.15,63.94077583,-22.60534614,758.606,690.071,-1.5314,-1.8786,354.7104,-0.0912,0.2439,-0.2804,66.374,66.763,-4.5887,112.6591,2.342,0.0,0.0,0.0,-0.03,787.9,0.0,10.0,270.0,0,9.15,-0.041202918502876495,0.10378871562288321,-0.03,0.07958699820837511,0.6383106659420226,1.0,0.0,-2642.8174728067547,5.791514690930229,612.106,686.571,3.567891456064861,0.01537034156743227,0.058248177345456835,0.21492467033796608,1.1709148105676093,-5.309600000000046,0.0,-1.8128252561144058,final_approach,-0.1009958088760925,-1.9107933335650529,-5.1744991848471,
9.258,63.94080915,-22.60534457,758.108,689.555,-1.5422,-1.8519,354.6797,-0.1085,0.2508,-0.2861,66.181,66.566,-4.6135,112.326,2.334,0.0,0.0,0.0,-0.03,783.3,0.0,10.0,270.0,0,9.258,-0.040960207760945944,0.10268585620138591,-0.03,0.07992690768898159,0.6382761636764082,1.0,0.0,-2639.103041028102,5.867138272700695,611.608,686.055,3.5694156993265724,0.01516084522858791,0.059047261118098875,0.22052804572550402,1.1703665067828126,-5.3402999999999565,0.0,-1.8104808725619177,final_approach,-0.10268121950992182,-1.912485443637948,-5.175535017641739,
9.333,63.94083215,-22.60534349,757.761,689.314,-1.5507,-1.833,354.6582,-0.1173,0.2553,-0.2881,66.047,66.429,-4.6297,112.0959,2.3278,0.0,0.0,0.0,-0.03,780.2,0.0,10.0,270.0,0,9.333,-0.040733413284515185,0.10190229412387768,-0.03,0.0801638900219852,0.638252585679899,1.0,0.0,-2636.5390575714105,5.919156506780246,611.261,685.814,3.5704511664928367,0.014935075837743752,0.05959761638949676,0.22444654684040258,1.1696416272588692,-5.361799999999903,0.0,-1.8083159447532566,final_approach,-0.10384871207457635,-1.9131440772280985,-5.176242827748922,
9.442,63.94086785,-22.6053418,757.22,688.847,-1.5649,-1.8025,354.6245,-0.1245,0.267,-0.288,65.84,66.218,-4.6537,111.7389,2.3171,0.0,0.0,0.0,-0.03,775.4,0.0,10.0,270.0,0,9.442,-0.04030955039484202,0.10065123047094165,-0.03,0.08053357790753068,0.6382160051869437,1.0,0.0,-2632.559309102992,6.0005667234695625,610.72,685.347,3.5720479385516253,0.014887444021955588,0.06045958577849331,0.23022115257007156,1.1679571584987798,-5.39549999999997,0.0,-1.8165674560308953,final_approach,-0.10563628538166725,-1.9132975017716518,-5.177340887801822,
9.558,63.9409009,-22.60534025,756.715,688.381,-1.5785,-1.7732,354.5934,-0.126,0.2764,-0.2853,65.649,66.022,-4.6744,111.4083,2.3059,0.0,0.0,0.0,-0.03,771.0,0.0,10.0,270.0,0,9.558,-0.039865070750392084,0.09945686303505155,-0.03,0.08087282535937912,0.6381823747912131,1.0,0.0,-2628.8749763851106,6.075220937025567,610.215,684.881,3.5735056931959246,0.014500678415278103,0.06125145954208209,0.23643613342034878,1.1657238328348285,-5.426600000000008,0.0,-1.8011114804042645,final_approach,-0.10738128639502165,-1.912570847987757,-5.178350302533271,
9.633,63.94092625,-22.60533906,756.325,688.183,-1.5891,-1.75,354.5698,-0.1246,0.2826,-0.2818,65.502,65.871,-4.6894,111.1546,2.2966,0.0,0.0,0.0,-0.03,767.6,0.0,10.0,270.0,0,9.633,-0.039490304429675216,0.09850986885325225,-0.03,0.08112902985916626,0.6381567320217539,1.0,0.0,-2626.049020712108,6.132537036429042,609.825,684.683,3.5746107401706193,0.014539558623164469,0.06186009171525513,0.240484549965442,1.1636376349160003,-5.450199999999995,0.0,-1.8155558912766125,final_approach,-0.10864020403529295,-1.9113397915969728,-5.1791199108961585,
9.75,63.94095913,-22.60533752,755.816,687.625,-1.6022,-1.7188,354.5395,-0.1168,0.2956,-0.2759,65.311,65.676,-4.7076,110.8254,2.2835,0.0,0.0,0.0,-0.03,763.2,0.0,10.0,270.0,0,9.75,-0.03900342954227837,0.09724313412521732,-0.03,0.08145641090874511,0.6381236393728164,1.0,0.0,-2622.383639210783,6.206707927823273,609.316,684.125,3.5760286969601864,0.014136180319256888,0.06264869498156782,0.24687655753342025,1.1603828557686597,-5.480500000000006,0.0,-1.7989125041131495,final_approach,-0.11040089260795583,-1.9091164128060267,-5.180113035817744,
9.85,63.9409919,-22.60533599,755.305,687.208,-1.6145,-1.6864,354.51,-0.1078,0.3046,-0.2692,65.121,65.482,-4.7241,110.497,2.2694,0.0,0.0,0.0,-0.03,758.8,0.0,10.0,270.0,0,9.85,-0.03850672141359096,0.09594343723785549,-0.03,0.08177346138877528,0.63809087553373,1.0,0.0,-2618.7305203227347,6.280393162292643,608.805,683.708,3.5774236880536687,0.01410513542185123,0.06343327495864126,0.2523969631708396,1.1565818460047979,-5.509999999999991,0.0,-1.8081022764665111,final_approach,-0.11205781954393146,-1.9059256412426002,-5.181096210532889,
9.958,63.94102458,-22.60533447,754.793,686.89,-1.6256,-1.6529,354.4812,-0.0949,0.3165,-0.262,64.932,65.287,-4.7392,110.1694,2.2544,0.0,0.0,0.0,-0.03,754.4,0.0,10.0,270.0,0,9.958,-0.03802767038316618,0.09460454479857151,-0.03,0.08208138081508687,0.6380582501968141,1.0,0.0,-2615.0874345122133,6.353591961756388,608.293,683.39,3.578804164093253,0.01388464377682718,0.06421383616770014,0.2584234284095362,1.1522817845391558,-5.5388000000000375,0.0,-1.8028202513331852,final_approach,-0.11376661927060283,-1.9020691856396752,-5.182075147573297,
10.067,63.94105466,-22.60533307,754.319,686.479,-1.6355,-1.6208,354.4553,-0.2974,0.3279,-0.2559,64.757,65.108,-4.7517,109.8677,2.2399,0.0,0.0,0.0,-0.03,772.4,0.0,10.0,270.0,0,10.067,-0.03757836632530792,0.093327796649867,-0.03,0.08235693602701277,0.6380283539187396,1.0,0.0,-2611.7341902735907,6.421012686752348,607.819,682.979,3.5800617451365326,0.01349344327469475,0.06493364448259227,0.2645622572015841,1.1479414453195886,-5.5646999999999025,0.0,-1.7848824636807081,final_approach,-0.115408097567677,-1.8980523589793297,-5.182972126659109,
10.133,63.94107717,-22.60533204,753.962,686.176,-1.6834,-1.5964,354.4363,-0.9933,0.3205,-0.2491,64.631,64.979,-4.7603,109.65,2.2271,0.0,0.0,0.0,-0.03,866.8,0.0,10.0,270.0,0,10.133,-0.03560534896204015,0.09237707625422763,-0.03,0.08255826185366366,0.6380061494122852,1.0,0.0,-2609.2248312736574,6.470600301616354,607.462,682.676,3.580991250634552,0.0135917721683547,0.06546410180015422,0.26830085095455075,1.143573988874465,-5.583699999999908,0.0,-1.7961741405361902,final_approach,-0.11652905204025288,-1.8932201368721415,-5.183638285081191,
10.242,63.9411096,-22.60533056,753.447,685.735,-1.8193,-1.5629,354.41,-1.4718,0.2908,-0.234,64.462,64.805,-4.7732,109.3557,2.2013,0.0,0.0,0.0,-0.03,1000.9,0.0,10.0,270.0,0,10.242,-0.029939916692320268,0.0910240079508681,-0.03,0.0828357943069401,0.6379740273653193,1.0,0.0,-2605.6096153317844,6.541849080135692,606.947,682.235,3.5823291953925436,0.013372263898692737,0.06622721372155432,0.2745447908250654,1.1331924538911267,-5.6099999999999,0.0,-1.7738363746325616,final_approach,-0.11823943303106432,-1.8803119486618431,-5.184601913491882,
10.35,63.94114195,-22.6053291,752.929,685.21,-1.9865,-1.5341,354.3854,-1.5602,0.2355,-0.2191,64.313,64.65,-4.7877,109.0958,2.163,0.0,0.0,0.0,-0.03,1116.8,0.0,10.0,270.0,0,10.35,-0.022652796746702952,0.08972039997438172,-0.03,0.08309418292594561,0.6379423263237151,1.0,0.0,-2602.00331787019,6.612121097022926,606.429,681.71,3.5836419310458063,0.013169379874316087,0.06698130086070418,0.28079041007105116,1.1158323242562744,-5.634599999999978,0.0,-1.7379993978141155,final_approach,-0.11993811607079508,-1.8569915402135972,-5.185552834984421,
10.458,63.94117175,-22.60532779,752.45,684.885,-2.1385,-1.5134,354.364,-1.4226,0.175,-0.2112,64.197,64.528,-4.8034,108.8903,2.1157,0.0,0.0,0.0,-0.03,1209.8,0.0,10.0,270.0,0,10.458,-0.015635101579969946,0.08858689739081332,-0.03,0.083318012122921,0.6379131565913326,1.0,0.0,-2598.681288657751,6.675143282006015,605.95,681.385,3.5848432204908875,0.012828324964833217,0.06765945936049657,0.287086786205729,1.0930966680886627,-5.655999999999949,0.0,-1.6776425502013836,final_approach,-0.12154253178764307,-1.8255138832526914,-5.186427758250598,
10.567,63.94120397,-22.6053264,751.929,684.383,-2.2809,-1.498,354.3411,-1.1525,0.1059,-0.2128,64.094,64.418,-4.8234,108.7056,2.0525,0.0,0.0,0.0,-0.03,1298.4,0.0,10.0,270.0,0,10.567,-0.008516863866353808,0.08743750653535559,-0.03,0.08355655250765548,0.6378818199296445,1.0,0.0,-2595.08948437051,6.7419907966218435,605.429,680.883,3.5861267877940404,0.01265291194034698,0.06838047721271337,0.293497176232034,1.0616886673067256,-5.678899999999999,0.0,-1.6110345118594802,final_approach,-0.12321627174163297,-1.7811969557907492,-5.187367604583645,
10.642,63.94122625,-22.60532546,751.567,684.064,-2.3609,-1.4917,354.3249,-0.9333,0.0587,-0.221,64.037,64.355,-4.839,108.6003,2.0025,0.0,0.0,0.0,-0.03,1352.6,0.0,10.0,270.0,0,10.642,-0.004114185880788546,0.08670297135293836,-0.03,0.08372469059776944,0.6378602550509953,1.0,0.0,-2592.605766559371,6.7871779258366125,605.067,680.564,3.587005967097331,0.01249782506871302,0.06886906555028106,0.2979286132077249,1.0363672266800847,-5.695099999999911,0.0,-1.5336677380540589,final_approach,-0.12436034536994,-1.7451419502464365,-5.188014333007029,
10.75,63.94126087,-22.60532405,751.001,683.606,-2.4481,-1.4882,354.2979,-0.5385,-0.0025,-0.2467,63.967,64.277,-4.8662,108.47,1.9165,0.0,0.0,0.0,-0.03,1426.7,0.0,10.0,270.0,0,10.75,0.0015539681426491314,0.0856334869563791,-0.03,0.08400379465672969,0.6378270233273229,1.0,0.0,-2588.7464177568213,6.854911924389965,604.501,680.106,3.5883542956174606,0.012495608113016162,0.06960393041184659,0.30437329468465657,0.9922239992538096,-5.722099999999955,0.0,-1.4531659571535274,final_approach,-0.1260561925580035,-1.6817986042561461,-5.189010879507951,
10.858,63.94129298,-22.60532279,750.472,683.133,-2.4904,-1.4911,354.2695,-0.2068,-0.0525,-0.2823,63.923,64.225,-4.894,108.3834,1.8303,0.0,0.0,0.0,-0.03,1485.0,0.0,10.0,270.0,0,10.858,0.005522978682559354,0.08474692154492709,-0.03,0.08429585041235044,0.6377965442458228,1.0,0.0,-2585.166878133516,6.915394534704138,603.972,679.633,3.589584110583143,0.01231086936220855,0.07026263461420801,0.3108659153621263,0.947477474898875,-5.750499999999988,0.0,-1.3580969980856956,final_approach,-0.12765714885176394,-1.6173591939012795,-5.189924806363798,
10.933,63.94131273,-22.60532205,750.145,682.851,-2.4992,-1.4955,354.2499,-0.0237,-0.0789,-0.3088,63.905,64.201,-4.9119,108.3447,1.7753,0.0,0.0,0.0,-0.03,1516.2,0.0,10.0,270.0,0,10.933,0.007362972755094621,0.08425614018502195,-0.03,0.08449650006738141,0.637777920963899,1.0,0.0,-2582.965199891679,6.95088136730993,603.645,679.351,3.5903323782896064,0.011921874927314724,0.07065077577560719,0.3153875587568915,0.9187454622576468,-5.770099999999957,0.0,-1.2564518164415426,final_approach,-0.1286791192758976,-1.5759454224343195,-5.19048319774917,
11.042,63.94134729,-22.60532079,749.57,682.439,-2.4856,-1.5064,354.2111,0.2616,-0.1106,-0.3609,63.884,64.172,-4.9443,108.297,1.6775,0.0,0.0,0.0,-0.03,1563.8,0.0,10.0,270.0,0,11.042,0.009531461807477215,0.0834585608626351,-0.03,0.08489151061039357,0.6377455372790369,1.0,0.0,-2579.1125422585087,7.011268641449858,603.07,678.939,3.591627874524441,0.011915776865781881,0.07131330889152641,0.32201480129591786,0.8674297926372958,-5.808899999999994,0.0,-1.1597435195340136,final_approach,-0.1303003228238815,-1.5016224460533465,-5.191454111477807,
11.167,63.94138183,-22.60531961,748.991,681.832,-2.4436,-1.5207,354.1661,0.4686,-0.1326,-0.4159,63.877,64.156,-4.9772,108.2714,1.5797,0.0,0.0,0.0,-0.03,1603.2,0.0,10.0,270.0,0,11.167,0.010612435382212515,0.08276404585509677,-0.03,0.08534598600913468,0.6377135577075915,1.0,0.0,-2575.26211552925,7.06773719559378,602.491,678.332,3.5929002555663416,0.011626322110685457,0.07193683486755977,0.32966517731562983,0.8158968417460244,-5.853900000000067,0.0,-1.0594031995763744,final_approach,-0.13198572923131735,-1.4270053728123155,-5.192412830955906,
11.242,63.9414065,-22.60531881,748.576,681.586,-2.4004,-1.5322,354.1299,0.5757,-0.1439,-0.4543,63.878,64.151,-5.0004,108.265,1.5106,0.0,0.0,0.0,-0.03,1626.9,0.0,10.0,270.0,0,11.242,0.010864056000516986,0.08232301973111956,-0.03,0.08570873320498729,0.6376907779459715,1.0,0.0,-2572.5119707073986,7.105972201371965,602.076,678.086,3.593802449039526,0.011693476143759058,0.07236134964751048,0.3342681155959041,0.7793847373235394,-5.890099999999961,0.0,-0.9618816965845857,final_approach,-0.133064784178071,-1.3739275105386124,-5.193095700779647,
11.35,63.94143856,-22.60531782,748.032,681.149,-2.3326,-1.5481,354.0784,0.6764,-0.1501,-0.5,63.887,64.153,-5.0301,108.2694,1.4227,0.0,0.0,0.0,-0.03,1652.6,0.0,10.0,270.0,0,11.35,0.010684984374441153,0.08182226124222104,-0.03,0.08622040655058538,0.6376616903748814,1.0,0.0,-2568.93800953824,7.153228450595137,601.532,677.649,3.594949509400699,0.011514718331485898,0.07288886669582603,0.34093674798290796,0.732844426058989,-5.941599999999994,0.0,-0.866862148410229,final_approach,-0.1345128415634207,-1.306336849965339,-5.19396760271302,
11.467,63.94147064,-22.60531689,747.485,680.655,-2.2563,-1.5647,354.0222,0.73,-0.1543,-0.5384,63.903,64.163,-5.0583,108.2863,1.3373,0.0,0.0,0.0,-0.03,1673.4,0.0,10.0,270.0,0,11.467,0.01010121721513102,0.08140941201959737,-0.03,0.08677288563480556,0.6376327781714749,1.0,0.0,-2565.36181986104,7.1975442977888875,600.985,677.155,3.5960842182221864,0.011211992942174492,0.0733871031665627,0.3481933857362625,0.6875479631266046,-5.997799999999984,0.0,-0.7756244861227427,final_approach,-0.13598875813930533,-1.2406077747156665,-5.194834184269833,
11.55,63.94149531,-22.60531621,747.063,680.249,-2.1946,-1.5776,353.9764,0.7468,-0.1567,-0.5616,63.919,64.174,-5.0789,108.3064,1.2736,0.0,0.0,0.0,-0.03,1686.3,0.0,10.0,270.0,0,11.55,0.009478986889040197,0.08114413881354055,-0.03,0.08721857400708721,0.6376106089612944,1.0,0.0,-2562.6116770914336,7.2299000561908295,600.563,676.749,3.596950662115929,0.011083174628001758,0.07375310143202378,0.3533515581212502,0.6537232662175825,-6.043599999999969,0.0,-0.6875885251718272,final_approach,-0.13705346490791825,-1.1914416761396023,-5.195498615988999,
11.667,63.94152987,-22.60531531,746.468,679.653,-2.1075,-1.5959,353.9096,0.7405,-0.1569,-0.5825,63.947,64.195,-5.106,108.3431,1.1874,0.0,0.0,0.0,-0.03,1700.6,0.0,10.0,270.0,0,11.667,0.008489202949635732,0.08085330030487853,-0.03,0.08786127746987393,0.6375799360311887,1.0,0.0,-2558.759025615789,7.272649588028246,599.968,676.153,3.5981443370177946,0.01093637045476747,0.0742401183038771,0.36065958088613087,0.6079152516165891,-6.110400000000027,0.0,-0.6033244556729074,final_approach,-0.138520407139211,-1.1248591530972867,-5.196417850509459,
11.733,63.94155209,-22.60531477,746.085,679.41,-2.0523,-1.6077,353.8657,0.726,-0.1574,-0.5888,63.966,64.212,-5.1222,108.3711,1.1338,0.0,0.0,0.0,-0.03,1707.7,0.0,10.0,270.0,0,11.733,0.007833100064794374,0.0806985652975835,-0.03,0.08827890541665628,0.6375601615468653,1.0,0.0,-2556.2820032495397,7.2982415607522375,599.585,675.91,3.598910768693733,0.011049075570736998,0.0745342574898221,0.3647853908025097,0.5794179700515087,-6.154299999999921,0.0,-0.5223059789863922,final_approach,-0.1393738543132521,-1.0833293925216427,-5.197010432537237,
11.85,63.94158419,-22.60531403,745.528,678.96,-1.9756,-1.6246,353.8019,0.6857,-0.1554,-0.5862,63.998,64.238,-5.1442,108.4162,1.059,0.0,0.0,0.0,-0.03,1715.5,0.0,10.0,270.0,0,11.85,0.006915571165368006,0.08053946290212745,-0.03,0.0888791253056741,0.6375319997911028,1.0,0.0,-2552.7035872867723,7.333247821389238,599.028,675.46,3.5999981125965643,0.010756485914120104,0.07493956192876812,0.37213065652404576,0.5396423861517405,-6.2181000000000495,0.0,-0.4499595923963342,final_approach,-0.14073738599793728,-1.0255983464647471,-5.197854304725549,
11.967,63.94161879,-22.60531328,744.926,678.469,-1.8979,-1.6427,353.7342,0.6404,-0.154,-0.5702,64.034,64.269,-5.166,108.4697,0.9815,0.0,0.0,0.0,-0.03,1721.1,0.0,10.0,270.0,0,11.967,0.006032558139262123,0.08041694042173073,-0.03,0.08950732075531509,0.6375016787230577,1.0,0.0,-2548.8464793065227,7.368646737366712,598.426,674.969,3.6011634208730476,0.010623721561600519,0.07535314717592881,0.3794956651831857,0.49843300806298885,-6.285799999999995,0.0,-0.381082146933724,final_approach,-0.14211405228774154,-0.9657040618016222,-5.1987628138371065,
12.05,63.94164351,-22.60531279,744.495,678.065,-1.8456,-1.6554,353.6874,0.6067,-0.1526,-0.5505,64.061,64.293,-5.1805,108.5101,0.9281,0.0,0.0,0.0,-0.03,1723.7,0.0,10.0,270.0,0,12.05,0.005472316610589112,0.08036013397064891,-0.03,0.08993633278875268,0.6374800189206823,1.0,0.0,-2546.0907659497066,7.391691741830361,597.995,674.565,3.6019924647015933,0.010517847944999726,0.07562600536695166,0.3847226856216359,0.47004577735637554,-6.332599999999957,0.0,-0.316865478592541,final_approach,-0.14306386639195523,-0.9244321376019382,-5.199411763050872,
12.133,63.94166823,-22.60531232,744.063,677.58,-1.7964,-1.668,353.6425,0.5704,-0.1503,-0.524,64.089,64.317,-5.1942,108.5519,0.8761,0.0,0.0,0.0,-0.03,1725.2,0.0,10.0,270.0,0,12.133,0.004994783729576513,0.08032626076623964,-0.03,0.0903438911646458,0.6374584021839538,1.0,0.0,-2543.335052934932,7.4137568716442726,597.563,674.08,3.602817072844831,0.010420712932555434,0.07588910198570391,0.3899570816562294,0.442412381282395,-6.377500000000055,0.0,-0.2573913989395585,final_approach,-0.14400165703286305,-0.8842643068655924,-5.2000593865117075,
12.25,63.94170287,-22.6053117,743.455,676.999,-1.7323,-1.6853,353.5838,0.5266,-0.1467,-0.4775,64.128,64.353,-5.2123,108.6119,0.8059,0.0,0.0,0.0,-0.03,1725.8,0.0,10.0,270.0,0,12.25,0.004443603438370469,0.08029667471514723,-0.03,0.09087074766427017,0.6374283382788744,1.0,0.0,-2539.4734881080362,7.442785046411542,596.955,673.499,3.6039593342340295,0.0103110804198624,0.07623883803359668,0.397356193087701,0.40512672492181423,-6.436199999999985,0.0,-0.20368915055111286,final_approach,-0.14529808324979498,-0.8300952651072873,-5.200960022796,
12.358,63.94173753,-22.60531114,742.846,676.543,-1.6727,-1.7022,353.5309,0.4932,-0.1423,-0.4229,64.168,64.388,-5.2291,108.6728,0.7384,0.0,0.0,0.0,-0.03,1725.0,0.0,10.0,270.0,0,12.358,0.004005378186919373,0.08029865577310362,-0.03,0.09133975397555016,0.6373981401184089,1.0,0.0,-2535.6096947731003,7.46887281932345,596.346,673.043,3.6051013986138103,0.010355012047077942,0.07655894757419471,0.4041940771305983,0.3693021301552619,-6.489100000000008,0.0,-0.15150192137642748,final_approach,-0.14649209242915262,-0.7779533002990657,-5.201864612081998,
12.442,63.94175981,-22.60531081,742.453,676.214,-1.6362,-1.7127,353.5005,0.4758,-0.139,-0.3841,64.193,64.411,-5.2394,108.712,0.6965,0.0,0.0,0.0,-0.03,1723.9,0.0,10.0,270.0,0,12.442,0.0037532959797444976,0.08030285910840176,-0.03,0.0916067919952136,0.6373788563263031,1.0,0.0,-2533.125987394205,7.484173774332137,595.953,672.714,3.605827946938335,0.010070740841859955,0.07674989160759961,0.409509324609671,0.3470796639080902,-6.519499999999994,0.0,-0.11067274237684795,final_approach,-0.14734398945543248,-0.7457681747077789,-5.202442224103091,
12.55,63.9417945,-22.60531032,741.841,675.635,-1.5819,-1.7286,353.4591,0.456,-0.133,-0.3201,64.232,64.447,-5.2546,108.7726,0.6338,0.0,0.0,0.0,-0.03,1721.4,0.0,10.0,270.0,0,12.55,0.00340730956898333,0.08032477285158941,-0.03,0.09196753762831134,0.637348668297212,1.0,0.0,-2529.258850953978,7.506830818762205,595.341,672.135,3.6069610829244962,0.01014095068019389,0.07703555857597975,0.416354931367282,0.31384927900316484,-6.560899999999947,0.0,-0.06778330115066877,final_approach,-0.14849350856147225,-0.6974416369110301,-5.203346396795446,
12.633,63.94181681,-22.60531003,741.446,675.236,-1.5479,-1.7384,353.4365,0.4489,-0.1287,-0.2779,64.257,64.47,-5.2639,108.8112,0.5951,0.0,0.0,0.0,-0.03,1719.5,0.0,10.0,270.0,0,12.633,0.003177511459475535,0.08034633269885649,-0.03,0.09216304642785678,0.6373293659288809,1.0,0.0,-2526.7717999575225,7.520170857263935,594.946,671.736,3.6076829257222753,0.00990027576317183,0.07720684629123163,0.42161118429933797,0.2933535742396316,-6.583499999999958,0.0,-0.03423892656631864,final_approach,-0.14931285289530294,-0.6677949037589919,-5.20392449293033,
12.75,63.94185153,-22.60530962,740.831,674.761,-1.4959,-1.753,353.4076,0.4437,-0.1217,-0.2122,64.295,64.505,-5.2777,108.8703,0.5375,0.0,0.0,0.0,-0.03,1716.0,0.0,10.0,270.0,0,12.75,0.0027989557207050986,0.08038436017579675,-0.03,0.09241159424853707,0.6372991944249667,1.0,0.0,-2522.901320583026,7.538907236061354,594.331,671.261,3.6088070823485126,0.009851592518080808,0.07745292212021486,0.42902889256863574,0.26287082220119373,-6.61239999999998,0.0,-0.0016002673524447494,final_approach,-0.15047485516094028,-0.6236084015380641,-5.204828057686083,
12.858,63.94188627,-22.60530925,740.215,674.199,-1.444,-1.7667,353.3863,0.4459,-0.114,-0.1487,64.331,64.539,-5.2905,108.928,0.4833,0.0,0.0,0.0,-0.03,1712.2,0.0,10.0,270.0,0,12.858,0.002347373853284651,0.08042470796391502,-0.03,0.09259373023768824,0.6372688939150198,1.0,0.0,-2519.028612358447,7.555683087479087,593.715,670.699,3.609931003386907,0.00994410647863932,0.07767921486184469,0.4358737437604679,0.23421258568396297,-6.633699999999976,0.0,0.0288482418008088,final_approach,-0.15154609095985094,-0.5820260281270535,-5.2057354165667356,
12.933,63.94190613,-22.60530905,739.862,673.833,-1.4142,-1.7742,353.3774,0.4486,-0.1094,-0.1142,64.352,64.558,-5.2974,108.9602,0.454,0.0,0.0,0.0,-0.03,1709.9,0.0,10.0,270.0,0,12.933,0.002037226462245134,0.08045825661505153,-0.03,0.09266957012856825,0.6372516135372415,1.0,0.0,-2516.814680910248,7.564709026579089,593.362,670.333,3.6105697377731296,0.00970616514602704,0.0778029173271722,0.4406192782006046,0.21873059490539504,-6.642599999999902,0.0,0.051680219818918294,final_approach,-0.1522450722166262,-0.5597400883225561,-5.206252852159427,
13.058,63.94194338,-22.60530871,739.198,673.351,-1.3578,-1.7873,353.3668,0.4545,-0.101,-0.0537,64.389,64.593,-5.3094,109.0192,0.4025,0.0,0.0,0.0,-0.03,1705.4,0.0,10.0,270.0,0,13.058,0.0013557117005050245,0.08051982439662356,-0.03,0.09275969336287027,0.6372193262985538,1.0,0.0,-2512.6621665847915,7.5799173952586685,592.698,669.851,3.6117588638919678,0.009673972446806728,0.07801748954686855,0.44853555073479395,0.1915356420826413,-6.65319999999997,0.0,0.07389110892628349,final_approach,-0.1534219008644726,-0.5205116080306116,-5.207219585727309,
13.142,63.94196822,-22.60530851,738.756,673.027,-1.3196,-1.7955,353.3637,0.4607,-0.0953,-0.0177,64.412,64.615,-5.3168,109.0573,0.3708,0.0,0.0,0.0,-0.03,1702.4,0.0,10.0,270.0,0,13.142,0.0008101546686042349,0.08055917528195189,-0.03,0.09278600846335883,0.6371975286052046,1.0,0.0,-2509.893080978626,7.588749548818484,592.256,669.527,3.6125585233254536,0.009648269565763175,0.07814726936331638,0.4538440218192551,0.17480762110014325,-6.6562999999999874,0.0,0.09206551027931664,final_approach,-0.15419247535011849,-0.49644887704257634,-5.207872200337523,
13.233,63.94199307,-22.60530832,738.312,672.65,-1.2811,-1.8032,353.3634,0.463,-0.0899,0.0149,64.435,64.637,-5.3237,109.0945,0.3413,0.0,0.0,0.0,-0.03,1699.5,0.0,10.0,270.0,0,13.233,0.00019141492913443692,0.08060741315739803,-0.03,0.09278855408462194,0.6371759149106881,1.0,0.0,-2507.1228807760035,7.597091376100218,591.812,669.15,3.6133489591142376,0.009487909232978483,0.07827214233111512,0.4595901265718682,0.15924813579567854,-6.656600000000026,0.0,0.10667294141276125,final_approach,-0.15500602311759337,-0.47421103399854836,-5.2085192706537775,
13.35,63.94203037,-22.60530807,737.646,672.098,-1.223,-1.8139,353.3678,0.4665,-0.082,0.0562,64.468,64.669,-5.3329,109.1485,0.3013,0.0,0.0,0.0,-0.03,1695.0,0.0,10.0,270.0,0,13.35,-0.0008569703113776028,0.08068989201082727,-0.03,0.09275120059567099,0.6371431926032448,1.0,0.0,-2502.964794153134,7.607888363568011,591.146,668.598,3.6145410104730105,0.009604669886132898,0.07844203410352076,0.4669754430683498,0.13816226991789904,-6.6521999999999935,0.0,0.12261642692535521,final_approach,-0.1560640278944696,-0.4440048071744176,-5.209498843248486,
13.458,63.9420627,-22.60530787,737.068,671.591,-1.1722,-1.8225,353.3754,0.4659,-0.0757,0.0845,64.496,64.696,-5.3399,109.1937,0.2708,0.0,0.0,0.0,-0.03,1691.3,0.0,10.0,270.0,0,13.458,-0.0019014053435966738,0.08077469350125535,-0.03,0.09268659139841973,0.6371147541140667,1.0,0.0,-2499.360747775063,7.616429060824095,590.568,668.091,3.6155725191866988,0.009595726006481557,0.07858105863259382,0.47378108580562395,0.12209304459048553,-6.6445999999999685,0.0,0.13503850259206657,final_approach,-0.15701589913280856,-0.42120256582339266,-5.210350110124082,
13.567,63.94209505,-22.60530769,736.489,671.093,-1.1219,-1.8303,353.3856,0.4585,-0.0701,0.1059,64.522,64.721,-5.3459,109.2372,0.2443,0.0,0.0,0.0,-0.03,1687.7,0.0,10.0,270.0,0,13.567,-0.003041558775252473,0.08086331360136367,-0.03,0.092599700808224,0.6370862200856768,1.0,0.0,-2495.75447220487,7.6239891053502316,589.989,667.593,3.6166033512904807,0.009572634216077085,0.07871017108748496,0.4806390898423994,0.10813707783509585,-6.634399999999914,0.0,0.14444701236477317,final_approach,-0.1579606304315604,-0.40157572280134524,-5.211204175498072,
13.642,63.94211746,-22.60530758,736.087,670.762,-1.0876,-1.8355,353.394,0.4514,-0.0667,0.1168,64.539,64.739,-5.3496,109.2665,0.2283,0.0,0.0,0.0,-0.03,1685.4,0.0,10.0,270.0,0,13.642,-0.0038782578864551276,0.08092563045154816,-0.03,0.09252799046119509,0.6370664981788872,1.0,0.0,-2493.2562766127962,7.628506381254049,589.587,667.262,3.617313433264121,0.009555155121486667,0.07879227537241505,0.4853469127707245,0.09971288023530178,-6.625999999999976,0.0,0.15192152639221326,final_approach,-0.15860056405701783,-0.38983294584770256,-5.211794445235643,
13.75,63.94215232,-22.60530742,735.463,670.264,-1.0361,-1.843,353.4083,0.43,-0.0625,0.1279,64.565,64.765,-5.3545,109.3107,0.2071,0.0,0.0,0.0,-0.03,1681.8,0.0,10.0,270.0,0,13.75,-0.00521464390705062,0.08103537911161642,-0.03,0.09240559343942134,0.6370354143901772,1.0,0.0,-2489.3701947707054,7.634988880366899,588.963,666.764,3.6184286567879207,0.00968365322438686,0.0789145136419604,0.49212243135808165,0.08855242661098828,-6.611699999999928,0.0,0.1599960004238943,final_approach,-0.1595269232342602,-0.37439389998668027,-5.212724712560831,
13.867,63.9421847,-22.60530728,734.882,669.712,-0.9905,-1.8495,353.4224,0.4075,-0.0591,0.1322,64.588,64.788,-5.3584,109.3504,0.1913,0.0,0.0,0.0,-0.03,1678.7,0.0,10.0,270.0,0,13.867,-0.006494018253989542,0.08114075309204523,-0.03,0.0922845151209849,0.6370065849608223,1.0,0.0,-2485.76057558216,7.640588008211741,588.382,666.212,3.6194587346654847,0.00953705842425975,0.07902384269300702,0.499448943470867,0.0802343973065831,-6.597600000000057,0.0,0.1633219273472823,final_approach,-0.1604985216197221,-0.3633107243873468,-5.213587446918034,
13.95,63.94220962,-22.60530718,734.436,669.242,-0.957,-1.8543,353.4334,0.3887,-0.0568,0.1321,64.604,64.806,-5.3609,109.38,0.1816,0.0,0.0,0.0,-0.03,1676.5,0.0,10.0,270.0,0,13.95,-0.007489490168312296,0.08121910148049909,-0.03,0.09218978578928783,0.6369840719269559,1.0,0.0,-2482.982573547168,7.644517676027142,587.936,665.742,3.6202603048951922,0.009557127461396217,0.0791041537763555,0.5046327794907016,0.07512620222397004,-6.586599999999976,0.0,0.1659991234372946,final_approach,-0.161189863388163,-0.3566470819159857,-5.214261116590858,
14.067,63.94224452,-22.60530705,733.81,668.716,-0.9135,-1.8608,353.4486,0.3537,-0.0542,0.1277,64.627,64.83,-5.364,109.4203,0.1712,0.0,0.0,0.0,-0.03,1673.6,0.0,10.0,270.0,0,14.067,-0.008851154250341053,0.08134004302949702,-0.03,0.09205849609525973,0.6369525925369723,1.0,0.0,-2479.0920331482275,7.649528806656293,587.31,665.216,3.621377014577358,0.009555027417496259,0.07921166574220699,0.5119324765425262,0.06964542638314697,-6.57140000000004,0.0,0.1687793119049189,final_approach,-0.1621560382467635,-0.34983584211914476,-5.215203027364048,
14.142,63.94226945,-22.60530696,733.363,668.212,-0.8847,-1.8652,353.4591,0.3298,-0.0524,0.1221,64.642,64.846,-5.3659,109.4482,0.1661,0.0,0.0,0.0,-0.03,1671.6,0.0,10.0,270.0,0,14.142,-0.009805509300844562,0.08142200760682976,-0.03,0.09196753762831134,0.6369299410558883,1.0,0.0,-2476.3129165175706,7.652968148019827,586.863,664.712,3.6221776282681244,0.009741664382950368,0.0792871040673855,0.5165991781562237,0.06695274724398814,-6.560899999999947,0.0,0.17161755627719988,final_approach,-0.16278254553096616,-0.3467185384806477,-5.215880747636152,
14.258,63.94230187,-22.60530684,732.781,667.581,-0.8511,-1.8707,353.4718,0.2883,-0.0511,0.1124,64.661,64.867,-5.368,109.4836,0.1618,0.0,0.0,0.0,-0.03,1669.3,0.0,10.0,270.0,0,14.258,-0.010980797714009727,0.08153168559578211,-0.03,0.09185723193590212,0.6369004370289049,1.0,0.0,-2472.6988386011553,7.657585844879899,586.281,664.081,3.6232168043716695,0.00961112276674757,0.07938682425394095,0.5238105329474767,0.06467432908888782,-6.548199999999952,0.0,0.17090624238366564,final_approach,-0.16372847822614744,-0.3447081585541767,-5.216763434520161,
14.333,63.94232682,-22.60530676,732.334,667.105,-0.8279,-1.8749,353.4809,0.2607,-0.0499,0.1037,64.676,64.883,-5.3696,109.5102,0.1602,0.0,0.0,0.0,-0.03,1667.6,0.0,10.0,270.0,0,14.333,-0.011831278349993368,0.08161874652050695,-0.03,0.09177799924441654,0.6368774418219655,1.0,0.0,-2469.9174926065634,7.660534470664017,585.834,663.605,3.6240239019290255,0.009802819099747334,0.07945738023733184,0.528460310132908,0.06381664292860023,-6.539099999999962,0.0,0.17355112943969647,final_approach,-0.16434664292992096,-0.3443467807600431,-5.217451348321944,
14.442,63.94235926,-22.60530665,731.752,666.58,-0.8018,-1.8802,353.4915,0.2181,-0.0491,0.0912,64.694,64.903,-5.3715,109.544,0.16,0.0,0.0,0.0,-0.03,1665.6,0.0,10.0,270.0,0,14.442,-0.012847031637199968,0.08172440802694013,-0.03,0.09168550122060148,0.6368475135975867,1.0,0.0,-2466.3011853262133,7.664661452118733,585.252,663.08,3.6250706664462173,0.009769573282192929,0.07955226638215616,0.5352114347084134,0.06368617362022633,-6.528500000000008,0.0,0.17278626446144274,final_approach,-0.16523421991826837,-0.3454890651372313,-5.218346607438793,
14.55,63.94239172,-22.60530654,731.17,666.077,-0.78,-1.8855,353.5007,0.1789,-0.0481,0.0782,64.711,64.923,-5.3734,109.5769,0.1617,0.0,0.0,0.0,-0.03,1663.7,0.0,10.0,270.0,0,14.55,-0.013759279095481969,0.08182271011835066,-0.03,0.09160504109506906,0.6368173073648626,1.0,0.0,-2462.6826485117003,7.668787655145119,584.67,662.577,3.6261229880830324,0.009765264211727144,0.07964730103067372,0.5418865820547759,0.06454994458007945,-6.51929999999993,0.0,0.171388186547436,final_approach,-0.16611340931434881,-0.34811873905032087,-5.219250114471706,
14.65,63.94242168,-22.60530643,730.632,665.518,-0.7636,-1.8902,353.508,0.1432,-0.0473,0.0662,64.726,64.94,-5.3752,109.6066,0.1646,0.0,0.0,0.0,-0.03,1662.2,0.0,10.0,270.0,0,14.65,-0.014502755058866446,0.08190732106097527,-0.03,0.09154107949511792,0.6367893994807059,1.0,0.0,-2459.3428035436473,7.673011140155899,584.132,662.018,3.627091561070387,0.009752008488697216,0.07973944053844208,0.5480542375017708,0.06604297750621413,-6.511999999999944,0.0,0.16944380595221512,final_approach,-0.16693145846042512,-0.3516055320952969,-5.220084814003318,
14.758,63.94245415,-22.60530632,730.05,664.871,-0.7499,-1.8952,353.5145,0.1061,-0.0464,0.0538,64.743,64.959,-5.3772,109.6381,0.1689,0.0,0.0,0.0,-0.03,1660.7,0.0,10.0,270.0,0,14.758,-0.015190680496859621,0.08200290042911576,-0.03,0.09148403933402693,0.6367587709975561,1.0,0.0,-2455.7231519616557,7.677136954055012,583.55,661.371,3.6281505332921875,0.00976089013224832,0.07983473024163033,0.5547033931128604,0.06826538862293319,-6.505499999999984,0.0,0.16834958790268387,final_approach,-0.16780804636384872,-0.3562810250363828,-5.221000816825576,
14.833,63.94247663,-22.60530624,729.646,664.45,-0.7427,-1.8987,353.5183,0.0823,-0.0458,0.0458,64.754,64.972,-5.3787,109.6595,0.1724,0.0,0.0,0.0,-0.03,1659.7,0.0,10.0,270.0,0,14.833,-0.01559720740317877,0.08206121908755326,-0.03,0.09145065435841737,0.6367376402012032,1.0,0.0,-2453.217153511092,7.680181694267646,583.146,660.95,3.628878695948722,0.0097522143469503,0.07990273480100696,0.5593093397401538,0.07007686748536912,-6.501700000000028,0.0,0.16637841324487593,final_approach,-0.1684178975280055,-0.35993406955589613,-5.221632732250377,
14.95,63.94251162,-22.60530611,729.019,663.75,-0.7351,-1.9039,353.523,0.0466,-0.045,0.0347,64.77,64.991,-5.3812,109.6923,0.1784,0.0,0.0,0.0,-0.03,1658.4,0.0,10.0,270.0,0,14.95,-0.0161118102254863,0.08214102200062941,-0.03,0.09140932320065631,0.6367042298380936,1.0,0.0,-2449.3165802064354,7.6851893227518895,582.519,660.25,3.6300260045395487,0.00976118801110059,0.08001150221052351,0.5664893790737985,0.07318391585269524,-6.496999999999957,0.0,0.16368511538189284,final_approach,-0.16937220290652988,-0.3660613231765488,-5.222631799099684,
15.058,63.94254411,-22.60530599,728.436,663.188,-0.7314,-1.9087,353.5263,0.019,-0.0438,0.0259,64.785,65.009,-5.3837,109.7221,0.1843,0.0,0.0,0.0,-0.03,1657.2,0.0,10.0,270.0,0,15.058,-0.01647314902274516,0.08221224778615137,-0.03,0.09138027753820621,0.636673140891683,1.0,0.0,-2445.6946989184685,7.689804295721323,581.936,659.688,3.6310892344848518,0.00977511029521199,0.08011227321200191,0.573102142816029,0.07623951996330902,-6.49369999999999,0.0,0.16143091297343834,final_approach,-0.1702518966910631,-0.37199829817652486,-5.223561373593654,
15.158,63.94257412,-22.60530587,727.897,662.682,-0.7305,-1.913,353.5286,-0.0037,-0.0426,0.0194,64.799,65.025,-5.3862,109.7493,0.1899,0.0,0.0,0.0,-0.03,1656.3,0.0,10.0,270.0,0,15.158,-0.01671708464663113,0.08227500603368147,-0.03,0.0913600209492389,0.6366443361987323,1.0,0.0,-2442.3492799420064,7.694515772420607,581.397,659.182,3.6320706338318516,0.009781590824343017,0.08021014835483666,0.5792128171754592,0.07913919880110143,-6.491399999999999,0.0,0.15948264815768035,final_approach,-0.17107105976422687,-0.3776086241511898,-5.224422583085019,
15.242,63.94259662,-22.60530578,727.493,662.285,-0.7313,-1.9162,353.5299,-0.0187,-0.0419,0.0154,64.809,65.037,-5.3881,109.7694,0.1941,0.0,0.0,0.0,-0.03,1655.7,0.0,10.0,270.0,0,15.242,-0.01684800408968723,0.08231807596725275,-0.03,0.09134856697923943,0.6366226048576588,1.0,0.0,-2439.8410517854663,7.698049671703561,580.993,658.785,3.632808699857489,0.00961574240448727,0.08028362376165653,0.5843348456833471,0.0813132914333039,-6.490099999999984,0.0,0.15580673642039203,final_approach,-0.17174641083012077,-0.38190729476352026,-5.225072270651136,
15.35,63.94263164,-22.60530564,726.864,661.56,-0.7346,-1.9209,353.5315,-0.0383,-0.0406,0.0109,64.825,65.055,-5.3913,109.8002,0.2004,0.0,0.0,0.0,-0.03,1654.8,0.0,10.0,270.0,0,15.35,-0.01695753591028487,0.08238306748485878,-0.03,0.09133446523106381,0.6365886220539602,1.0,0.0,-2435.9371340073567,7.703546069956793,580.364,658.06,3.6339588740480995,0.009788078841101087,0.08039807681327982,0.5909142325347212,0.08457231831172862,-6.488499999999931,0.0,0.15511050112291996,final_approach,-0.17264035116014753,-0.38817236274435274,-5.226088161134079,
15.467,63.94266417,-22.6053055,726.28,661.093,-0.7394,-1.9252,353.5325,-0.0517,-0.0392,0.0084,64.839,65.072,-5.3943,109.8285,0.2059,0.0,0.0,0.0,-0.03,1654.1,0.0,10.0,270.0,0,15.467,-0.016990151495769823,0.08243691334203467,-0.03,0.09132564908647356,0.6365567898847312,1.0,0.0,-2432.3107933082297,7.709139361067146,579.78,657.593,3.6350318882622963,0.00968524264421786,0.08050963115279078,0.5980292938727123,0.08741462535448363,-6.4874999999999545,0.0,0.15188755735338932,final_approach,-0.17359098316163468,-0.3938941976225063,-5.227039681499008,
15.542,63.94268669,-22.60530541,725.875,660.691,-0.7435,-1.9281,353.5331,-0.0588,-0.0382,0.0075,64.849,65.083,-5.3964,109.8478,0.2095,0.0,0.0,0.0,-0.03,1653.7,0.0,10.0,270.0,0,15.542,-0.0169740321213539,0.08247558893985887,-0.03,0.09132035845745434,0.6365347628191198,1.0,0.0,-2429.800335616734,7.712672482095556,579.375,657.191,3.6357719382582565,0.009715591083426506,0.08058340267162217,0.6025779758384021,0.08927347888999293,-6.4868999999999915,0.0,0.15020080971520874,final_approach,-0.17420195729522803,-0.3976200003442347,-5.227698065371438,
15.65,63.94272174,-22.60530525,725.245,660.077,-0.7508,-1.9325,353.534,-0.0665,-0.037,0.0074,64.864,65.101,-5.3997,109.8776,0.2146,0.0,0.0,0.0,-0.03,1653.1,0.0,10.0,270.0,0,15.65,-0.016895687594767672,0.08253124986986235,-0.03,0.09131242118886906,0.6365002186030413,1.0,0.0,-2425.8930731941505,7.719147587616704,578.745,656.577,3.6369285383892183,0.009881202648166755,0.08070856123932765,0.6091252197392313,0.09190323277417178,-6.48599999999999,0.0,0.14917245327645282,final_approach,-0.17510636342301567,-0.40295130305572613,-5.228730510785326,
15.75,63.94275178,-22.60530512,724.705,659.53,-0.7577,-1.9361,353.5347,-0.0701,-0.0358,0.0083,64.877,65.116,-5.4026,109.9029,0.2186,0.0,0.0,0.0,-0.03,1652.7,0.0,10.0,270.0,0,15.75,-0.016795314661573857,0.0825783225909848,-0.03,0.09130624665844589,0.636470428524352,1.0,0.0,-2422.5443097450275,7.724347834085252,578.205,656.03,3.637922085720078,0.009890247758238211,0.08081231738054813,0.6151760340781554,0.0939627879201339,-6.485300000000052,0.0,0.14742950297858534,final_approach,-0.17592650601575244,-0.40729527970332136,-5.229620794469145,
15.858,63.94278184,-22.60530498,724.165,658.919,-0.7648,-1.9396,353.5356,-0.071,-0.0347,0.01,64.89,65.131,-5.4054,109.9279,0.222,0.0,0.0,0.0,-0.03,1652.3,0.0,10.0,270.0,0,15.858,-0.016671995163844988,0.08262719916925429,-0.03,0.09129830656308979,0.6364403709159675,1.0,0.0,-2419.193316589928,7.73003723962412,577.665,655.419,3.638920957134765,0.009783341364407037,0.08092135417204341,0.6217009066060547,0.09570898525285543,-6.484400000000051,0.0,0.14496958183238834,final_approach,-0.17680715191194807,-0.41125777753877024,-5.230519006034232,
15.958,63.9428144,-22.60530483,723.579,658.247,-0.7724,-1.9432,353.5368,-0.0698,-0.0336,0.0124,64.903,65.147,-5.4084,109.9547,0.2253,0.0,0.0,0.0,-0.03,1651.9,0.0,10.0,270.0,0,15.958,-0.0165228016835669,0.08267336774123608,-0.03,0.09128771729587104,0.6364078162871536,1.0,0.0,-2415.5636314173476,7.7361193005034625,577.079,654.747,3.639998775036292,0.009949147639550779,0.08103876653146118,0.6277324469038473,0.0974003572247284,-6.483199999999897,0.0,0.14360871075672146,final_approach,-0.17764310061896893,-0.4150701019707643,-5.2314917598284545,
16.042,63.94283695,-22.60530473,723.173,657.833,-0.7776,-1.9457,353.5378,-0.0675,-0.0328,0.0143,64.913,65.157,-5.4104,109.9731,0.2273,0.0,0.0,0.0,-0.03,1651.7,0.0,10.0,270.0,0,16.042,-0.016418404719913904,0.0827132469182266,-0.03,0.09127889074720807,0.6363851754889508,1.0,0.0,-2413.049829253191,7.740141191475196,576.673,654.333,3.640745916748924,0.009773380399292101,0.08111817902724162,0.6327887230908049,0.09842270644708151,-6.482199999999921,0.0,0.14137588423770214,final_approach,-0.17831883900756296,-0.41763154762512755,-5.2321682350984275,
16.142,63.94286953,-22.60530457,722.587,657.229,-0.7847,-1.9492,353.5395,-0.0628,-0.0318,0.0173,64.926,65.173,-5.4132,109.9996,0.2297,0.0,0.0,0.0,-0.03,1651.4,0.0,10.0,270.0,0,16.142,-0.016260061296745343,0.08276303390373613,-0.03,0.0912638811093921,0.6363521718398517,1.0,0.0,-2409.417914374635,7.74671241142486,576.087,653.729,3.641831466928325,0.009953733965079078,0.08124101721220475,0.6388035290683892,0.09964426620433642,-6.480500000000006,0.0,0.14034171294337058,final_approach,-0.1791600417579815,-0.4207430511096977,-5.233154269171166,
16.25,63.94290211,-22.60530442,722.001,656.687,-0.7913,-1.9525,353.5415,-0.057,-0.0309,0.0202,64.94,65.189,-5.4159,110.0258,0.2318,0.0,0.0,0.0,-0.03,1651.2,0.0,10.0,270.0,0,16.25,-0.01611373293868129,0.08282107709523612,-0.03,0.09124621544890599,0.6363189527843334,1.0,0.0,-2405.7859996678912,7.752793694223993,575.501,653.187,3.642919876237242,0.009974422299474437,0.08135887736016231,0.6452905951186406,0.10070934309621293,-6.47849999999994,0.0,0.13936788718757234,final_approach,-0.18004803425544935,-0.42368906266531425,-5.234146656651827,
16.35,63.9429322,-22.60530428,721.459,656.106,-0.7967,-1.9556,353.5437,-0.0508,-0.0303,0.0228,64.952,65.203,-5.4183,110.0498,0.2333,0.0,0.0,0.0,-0.03,1651.0,0.0,10.0,270.0,0,16.35,-0.01599114398571383,0.08287020284658728,-0.03,0.09122677415345604,0.6362882325308747,1.0,0.0,-2402.4316622103593,7.7584819323810414,574.959,652.606,3.6439226807726763,0.009983359475286079,0.08146862236945411,0.6512864887051907,0.10146396754657871,-6.4763000000000375,0.0,0.13760717017052057,final_approach,-0.18086985618037588,-0.42606695495907054,-5.235064321461177,
16.45,63.94296229,-22.60530413,720.917,655.579,-0.8015,-1.9585,353.5461,-0.0443,-0.0298,0.0252,64.964,65.217,-5.4205,110.0737,0.2346,0.0,0.0,0.0,-0.03,1650.8,0.0,10.0,270.0,0,16.45,-0.015885357422374236,0.08292304399943366,-0.03,0.09120555463203572,0.6362573276537218,1.0,0.0,-2399.077324582599,7.764660107689174,574.417,652.079,3.644927931019707,0.009994883307789764,0.08158365018083549,0.6572738987609235,0.10211426999637752,-6.473899999999958,0.0,0.13600651833683752,final_approach,-0.1816976763402458,-0.4282965199322337,-5.235987430192829,
16.55,63.94299239,-22.60530398,720.375,655.096,-0.8057,-1.9615,353.5487,-0.0379,-0.0294,0.0272,64.976,65.231,-5.4227,110.0975,0.2357,0.0,0.0,0.0,-0.03,1650.7,0.0,10.0,270.0,0,16.55,-0.015795982811828924,0.08297576934155437,-0.03,0.09118255405815368,0.6362261913986563,1.0,0.0,-2395.721872186568,7.770837894043819,573.875,651.596,3.645937112305441,0.010011038232714438,0.08169883221481453,0.6632528689865352,0.10266032017125326,-6.471299999999928,0.0,0.1345513803062162,final_approach,-0.1825247455732999,-0.4303676857880028,-5.236917377953496,
16.65,63.94302249,-22.60530384,719.832,654.471,-0.8092,-1.9643,353.5515,-0.0317,-0.0291,0.0289,64.989,65.245,-5.4247,110.1211,0.2366,0.0,0.0,0.0,-0.03,1650.6,0.0,10.0,270.0,0,16.65,-0.015726477189536903,0.08303849118613887,-0.03,0.09115776936984255,0.6361950645874475,1.0,0.0,-2392.3664199623504,7.77652574289981,573.332,650.971,3.6469424174409033,0.01001804041969936,0.08180900203816432,0.6692229262937297,0.1031022989538144,-6.468499999999949,0.0,0.13413761846020153,final_approach,-0.18334420651223837,-0.4322703852527692,-5.237846971367418,
16.742,63.9430501,-22.6053037,719.335,653.982,-0.8119,-1.967,353.5542,-0.0268,-0.0287,0.03,65.0,65.258,-5.4264,110.1426,0.2373,0.0,0.0,0.0,-0.03,1650.5,0.0,10.0,270.0,0,16.742,-0.015678701802051775,0.0830926726112041,-0.03,0.09113385527464923,0.6361661350742371,1.0,0.0,-2389.288544816324,7.782310484612647,572.835,650.482,3.6478735875402855,0.01003526937036926,0.08191615016296228,0.6747069284680882,0.10344240504133495,-6.465799999999945,0.0,0.13281285472666088,final_approach,-0.1841047830335576,-0.4339305959425861,-5.238710878320802,
16.842,63.94308021,-22.60530355,718.792,653.407,-0.8143,-1.9698,353.5572,-0.0212,-0.0288,0.0308,65.012,65.272,-5.4282,110.166,0.238,0.0,0.0,0.0,-0.03,1650.4,0.0,10.0,270.0,0,16.842,-0.01564519328015257,0.08315256978109042,-0.03,0.09110726727546681,0.6361346021702865,1.0,0.0,-2385.9319776536076,7.788487881840292,572.292,649.907,3.6488851115492764,0.010048597823626021,0.08203175726096712,0.6806610810992911,0.10378024353670412,-6.462800000000016,0.0,0.13164804975151054,final_approach,-0.18492960670952385,-0.43568428321350083,-5.239652457917138,
16.942,63.94311034,-22.60530341,718.249,652.838,-0.8162,-1.9726,353.5603,-0.0164,-0.0288,0.0311,65.024,65.285,-5.43,110.1892,0.2386,0.0,0.0,0.0,-0.03,1650.3,0.0,10.0,270.0,0,16.942,-0.015627172467122363,0.0832123741978556,-0.03,0.09107977445126281,0.6361027869223357,1.0,0.0,-2382.573181126957,7.7941745633144635,571.749,649.338,3.649902089233756,0.010068794327154166,0.08214236917828416,0.6866064477467887,0.10406616642393374,-6.459699999999998,0.0,0.13058913613773712,final_approach,-0.18574685887033837,-0.4373482342057393,-5.2406023932848385,
17.05,63.94314047,-22.60530326,717.706,652.341,-0.8177,-1.9755,353.5634,-0.0124,-0.0289,0.031,65.035,65.299,-5.4316,110.2124,0.2392,0.0,0.0,0.0,-0.03,1650.3,0.0,10.0,270.0,0,17.05,-0.015627989917623986,0.08326956287581042,-0.03,0.09105226276475953,0.636070780316384,1.0,0.0,-2379.2143844284933,7.8003511822872875,571.206,648.841,3.6509215685553125,0.009963932497252767,0.08225828446624878,0.6930185592572552,0.10435196892996146,-6.45659999999998,0.0,0.12797665574810752,final_approach,-0.1866238175370789,-0.43910205051923334,-5.241557966124784,
17.15,63.94317312,-22.6053031,717.118,651.699,-0.8188,-1.9786,353.5668,-0.0089,-0.0289,0.0304,65.048,65.314,-5.4334,110.2374,0.2399,0.0,0.0,0.0,-0.03,1650.2,0.0,10.0,270.0,0,17.15,-0.01564369378846714,0.08333698795938767,-0.03,0.09102206696867132,0.6360357957030259,1.0,0.0,-2375.5746661791773,7.80691967834659,570.618,648.199,3.652031799437795,0.010153661885181733,0.08238274041968759,0.698946771435033,0.10468759065912536,-6.453199999999924,0.0,0.1281605961346482,final_approach,-0.1874573623648388,-0.4408655176460812,-5.242602361590535,
17.25,63.94320326,-22.60530295,716.574,651.145,-0.8196,-1.9815,353.5698,-0.0065,-0.0292,0.0295,65.06,65.328,-5.435,110.2604,0.2405,0.0,0.0,0.0,-0.03,1650.2,0.0,10.0,270.0,0,17.25,-0.015668513476757906,0.08340011822634351,-0.03,0.09099540477719259,0.6360035414180115,1.0,0.0,-2372.214754714028,7.813095908192417,570.074,647.645,3.653051625350262,0.010161094758429325,0.0824989668373839,0.7048668455473214,0.10497336414650249,-6.450199999999995,0.0,0.12741872375877134,final_approach,-0.18827914940295543,-0.4425360538966068,-5.243565167886658,
17.358,63.94323592,-22.60530279,715.985,650.584,-0.8202,-1.9846,353.5729,-0.0047,-0.0294,0.0282,65.073,65.342,-5.4366,110.2852,0.2411,0.0,0.0,0.0,-0.03,1650.2,0.0,10.0,270.0,0,17.358,-0.015704314935434227,0.08347096383939467,-0.03,0.09096783528894403,0.6359682733850595,1.0,0.0,-2368.5739216964425,7.81966401512417,569.485,647.084,3.6541626580469746,0.010182135596087322,0.08262375786489912,0.7112526907527602,0.10525697404352741,-6.447099999999978,0.0,0.12677796435981817,final_approach,-0.1891648276396687,-0.44429968365905026,-5.2446178474779295,
17.458,63.94326608,-22.60530264,715.441,650.13,-0.8206,-1.9875,353.5757,-0.0037,-0.0296,0.0268,65.084,65.356,-5.4382,110.308,0.2418,0.0,0.0,0.0,-0.03,1650.1,0.0,10.0,270.0,0,17.458,-0.015748019808325797,0.08352761967929598,-0.03,0.09094291760431428,0.6359355184812846,1.0,0.0,-2365.2117806963383,7.82583946654139,568.941,646.63,3.655190740468132,0.01019858369866824,0.08274030966790857,0.7171558794170417,0.10559467397089861,-6.444299999999998,0.0,0.12525269487257118,final_approach,-0.18998513440542197,-0.4460462871379196,-5.245595432407939,
17.533,63.94328619,-22.60530253,715.079,649.739,-0.8209,-1.9895,353.5774,-0.0034,-0.0298,0.0258,65.092,65.365,-5.4392,110.3232,0.2422,0.0,0.0,0.0,-0.03,1650.1,0.0,10.0,270.0,0,17.533,-0.01577791202844908,0.08357084012398536,-0.03,0.09092778150310754,0.6359134197675698,1.0,0.0,-2362.969981602755,7.830446241884688,568.579,646.239,3.6558823180782767,0.010035658882545302,0.0828232776606839,0.7215747355430506,0.10578510688617371,-6.44259999999997,0.0,0.12356305594475593,final_approach,-0.19059354495984593,-0.44725116416832833,-5.246254933476564,
17.633,63.94331887,-22.60530237,714.49,649.087,-0.8213,-1.9927,353.5801,-0.0036,-0.0301,0.0241,65.105,65.379,-5.4409,110.3478,0.2429,0.0,0.0,0.0,-0.03,1650.1,0.0,10.0,270.0,0,17.633,-0.01582234399050375,0.08363941563742486,-0.03,0.0909037301552511,0.6358774682623093,1.0,0.0,-2359.326919051006,7.837013570562169,567.99,645.587,3.657003942332679,0.010232422826124993,0.08294852584882288,0.727464339009456,0.10612052406889916,-6.439899999999966,0.0,0.12414823267705585,final_approach,-0.19142376855723242,-0.4490092640178478,-5.247327771619624,
17.742,63.94335156,-22.60530221,713.9,648.517,-0.8217,-1.9959,353.5827,-0.004,-0.0303,0.0223,65.117,65.394,-5.4426,110.3724,0.2437,0.0,0.0,0.0,-0.03,1650.1,0.0,10.0,270.0,0,17.742,-0.01587350439155716,0.08370156895943542,-0.03,0.09088055607610268,0.6358414408164755,1.0,0.0,-2355.6827417309873,7.843580510112101,567.4,645.017,3.658123658648229,0.010239123479798443,0.08307395572640203,0.7338762797518995,0.10650770280207666,-6.43730000000005,0.0,0.12287036998998427,final_approach,-0.19231323295573688,-0.4509347729254749,-5.248402779637292,
17.85,63.94338425,-22.60530204,713.31,647.835,-0.8221,-1.9992,353.585,-0.0048,-0.0305,0.0205,65.13,65.408,-5.4443,110.3968,0.2445,0.0,0.0,0.0,-0.03,1650.0,0.0,10.0,270.0,0,17.85,-0.015925501044979418,0.08376974519904262,-0.03,0.09086004487038435,0.6358051786589408,1.0,0.0,-2352.03856424074,7.85063738698718,566.81,644.335,3.6592463933453274,0.010265218173131932,0.0832047472877163,0.7402204378518661,0.10689493885959678,-6.434999999999945,0.0,0.12264309729728448,final_approach,-0.19320210092877588,-0.45285945577489173,-5.249484693832379,
17.958,63.94341444,-22.60530189,712.766,647.304,-0.8227,-2.0022,353.587,-0.006,-0.0306,0.019,65.141,65.422,-5.446,110.4194,0.2451,0.0,0.0,0.0,-0.03,1650.0,0.0,10.0,270.0,0,17.958,-0.01596366116003911,0.08382402229884973,-0.03,0.09084220060063275,0.6357712958262683,1.0,0.0,-2348.673078938994,7.856811671196916,566.266,643.804,3.6602916243776265,0.01016735932992331,0.08332205655849613,0.7465544263839168,0.10718030069364204,-6.432999999999993,0.0,0.120752984074981,final_approach,-0.19407206405549005,-0.4546019624754969,-5.250495530556037,
18.033,63.94343708,-22.60530178,712.357,647.003,-0.8231,-2.0044,353.5884,-0.0069,-0.0306,0.0179,65.15,65.432,-5.4472,110.4362,0.2457,0.0,0.0,0.0,-0.03,1650.0,0.0,10.0,270.0,0,18.033,-0.015996556138593687,0.08387055604575581,-0.03,0.09082970494114595,0.6357459719337317,1.0,0.0,-2346.1492436965173,7.8613199971739975,565.857,643.503,3.6610704289703992,0.010203476314431132,0.0834088316324862,0.7509437026903936,0.1074722400751682,-6.431600000000003,0.0,0.12068453097725546,final_approach,-0.19468214442274956,-0.4559624168213414,-5.251250970250936,
18.175,63.94347483,-22.60530159,711.676,646.24,-0.8241,-2.0082,353.5905,-0.0086,-0.0308,0.0163,65.164,65.448,-5.4494,110.4643,0.2465,0.0,0.0,0.0,-0.03,1650.0,0.0,10.0,270.0,0,18.175,-0.016039996150033153,0.08393816471984507,-0.03,0.09081095423995378,0.6357032885477079,1.0,0.0,-2341.940993567233,7.869159850314778,565.176,642.74,3.6623785094073518,0.010038202605866934,0.08355712722607413,0.7592543478970949,0.10785475676132705,-6.429499999999962,0.0,0.11867607809711818,final_approach,-0.19581619171331965,-0.4582497311995297,-5.25252415522683,
18.258,63.94349245,-22.6053015,711.358,645.861,-0.8246,-2.01,353.5914,-0.009,-0.0304,0.0157,65.171,65.456,-5.4504,110.4773,0.2468,0.0,0.0,0.0,-0.03,1649.9,0.0,10.0,270.0,0,18.258,-0.016063380610111033,0.08397298940349762,-0.03,0.09080291557589149,0.6356832855090467,1.0,0.0,-2339.9767718946746,7.8728836436914,564.858,642.361,3.662989557931475,0.009592173906742713,0.08362710929927841,0.7640947942730862,0.10799529732358337,-6.42859999999996,0.0,0.11555437548807582,final_approach,-0.1964551188414667,-0.4594253338934955,-5.253120771092387,
18.333,63.94353021,-22.6053013,710.677,645.187,-0.8258,-2.0138,353.5933,-0.0106,-0.0304,0.0145,65.185,65.473,-5.4527,110.5052,0.2476,0.0,0.0,0.0,-0.03,1649.9,0.0,10.0,270.0,0,18.333,-0.016074312390037593,0.08403847770565054,-0.03,0.0907859398428934,0.6356400795344339,1.0,0.0,-2335.767406826892,7.881213044855716,564.177,641.687,3.6643051647434226,0.01091704894883619,0.08378096659639717,0.7684681297821333,0.10837777106524982,-6.4266999999999825,0.0,0.12201912923157913,final_approach,-0.19715173961930788,-0.46105282930405345,-5.254409342658576,
18.433,63.94356043,-22.60530115,710.131,644.716,-0.827,-2.0168,353.5948,-0.0115,-0.0306,0.0138,65.196,65.486,-5.4545,110.5275,0.2481,0.0,0.0,0.0,-0.03,1649.9,0.0,10.0,270.0,0,18.433,-0.016084548841776403,0.08409020623405963,-0.03,0.09077253294435561,0.6356054769278978,1.0,0.0,-2332.398577222713,7.887386161683631,563.631,641.216,3.665354661660576,0.010846702319285601,0.08389902993159132,0.7742964723426854,0.10861106079843807,-6.425199999999904,0.0,0.12092648111961332,final_approach,-0.19796557568173512,-0.46263210028395463,-5.255441228390151,
18.533,63.94359065,-22.605301,709.586,644.096,-0.8281,-2.0198,353.5961,-0.012,-0.0308,0.0133,65.208,65.499,-5.4563,110.5497,0.2485,0.0,0.0,0.0,-0.03,1649.9,0.0,10.0,270.0,0,18.533,-0.016096168025175384,0.08414797364030133,-0.03,0.09076091006080078,0.6355704509552458,1.0,0.0,-2329.029747618534,7.893559278337486,563.086,640.596,3.6664132896828594,0.010803298636543833,0.08401724103797374,0.7801172082053406,0.10879254514645709,-6.423900000000003,0.0,0.1208422555632851,final_approach,-0.19877874640657822,-0.46413222684298283,-5.25648564910426,
18.633,63.94362088,-22.60530084,709.04,643.549,-0.8294,-2.0229,353.5974,-0.0125,-0.0309,0.0129,65.219,65.512,-5.4581,110.5719,0.2489,0.0,0.0,0.0,-0.03,1649.8,0.0,10.0,270.0,0,18.633,-0.016100450119684084,0.08419953522200642,-0.03,0.09074928386089265,0.6355353790405065,1.0,0.0,-2325.6598030758573,7.900221943188937,562.54,640.049,3.6674696042812696,0.01076327319447016,0.08414083152784455,0.7859309006641071,0.10897395661709197,-6.4225999999999885,0.0,0.1198565959666191,final_approach,-0.19959820506880277,-0.46564171870480564,-5.257531348819075,
18.75,63.94365867,-22.60530065,708.358,642.829,-0.831,-2.0267,353.599,-0.0128,-0.0309,0.0127,65.233,65.529,-5.4604,110.5995,0.2493,0.0,0.0,0.0,-0.03,1649.8,0.0,10.0,270.0,0,18.75,-0.01610036778504903,0.08426447205928314,-0.03,0.09073497013919474,0.6354911204004454,1.0,0.0,-2321.447093876662,7.908060239820624,561.858,639.329,3.6687973800521876,0.010860812805816326,0.08429031875659253,0.7927277374460384,0.10914898929232209,-6.421000000000049,0.0,0.11983855266585411,final_approach,-0.20056282024546235,-0.46736050226591885,-5.258850828972776,
18.842,63.9436864,-22.60530051,707.857,642.443,-0.8321,-2.0295,353.6002,-0.0127,-0.0308,0.0127,65.244,65.541,-5.4621,110.6197,0.2495,0.0,0.0,0.0,-0.03,1649.8,0.0,10.0,270.0,0,18.842,-0.016102575189293256,0.08431604765528788,-0.03,0.09072423155125564,0.6354585523796562,1.0,0.0,-2318.355841522487,7.913840312006733,561.357,638.943,3.6697707455448856,0.010814020622053479,0.08440046322783,0.7980615483348309,0.10922899580930334,-6.419800000000009,0.0,0.11981370400452729,final_approach,-0.2013103639422198,-0.4686085825896882,-5.259821684957931,
18.933,63.94371412,-22.60530036,707.356,641.884,-0.8333,-2.0323,353.6013,-0.0124,-0.0309,0.0127,65.254,65.552,-5.4639,110.6399,0.2497,0.0,0.0,0.0,-0.03,1649.7,0.0,10.0,270.0,0,18.933,-0.0161012134468837,0.0843596632870113,-0.03,0.0907143853633573,0.6354258559610165,1.0,0.0,-2315.2657037639774,7.920110710470648,560.856,638.384,3.670744836069617,0.010795732431805568,0.08451594927407922,0.8033317130221566,0.10930897311149579,-6.418699999999944,0.0,0.1189115590850398,final_approach,-0.20205775219169553,-0.46985637875521036,-5.260796289691626,
19.05,63.94374942,-22.60530018,706.719,641.168,-0.8347,-2.0359,353.6028,-0.012,-0.0309,0.0129,65.268,65.568,-5.4661,110.6654,0.2498,0.0,0.0,0.0,-0.03,1649.7,0.0,10.0,270.0,0,19.05,-0.01609945642306798,0.08442445848839455,-0.03,0.09070095491708119,0.6353837372588527,1.0,0.0,-2311.3305718147853,7.927555962460527,560.219,637.668,3.67199508485279,0.010777424865782297,0.08465744316808811,0.8101036401920365,0.10933095090354072,-6.41719999999998,0.0,0.11897942822804371,final_approach,-0.20300902448079583,-0.4713241842600162,-5.262051634623177,
19.15,63.94377716,-22.60530004,706.217,640.78,-0.8358,-2.0387,353.604,-0.0115,-0.0307,0.0132,65.278,65.58,-5.4679,110.6855,0.2499,0.0,0.0,0.0,-0.03,1649.7,0.0,10.0,270.0,0,19.15,-0.01610159289280827,0.08446783844633353,-0.03,0.0906902073812198,0.6353507457500865,1.0,0.0,-2308.2382046931325,7.933335645519364,559.717,637.28,3.672970860220831,0.010607479668220003,0.08476802054487519,0.8158800967792171,0.10935922927308184,-6.41599999999994,0.0,0.11725402566186276,final_approach,-0.2038071360945004,-0.4725704967704605,-5.26303485277651,
19.233,63.94380238,-22.60529991,705.762,640.174,-0.8367,-2.0412,353.6052,-0.011,-0.0303,0.0135,65.287,65.59,-5.4695,110.7037,0.2499,0.0,0.0,0.0,-0.03,1649.6,0.0,10.0,270.0,0,19.233,-0.01610141183163266,0.08450755440818833,-0.03,0.090679457019751,0.6353202828134379,1.0,0.0,-2305.4267591239163,7.938723451318212,559.262,636.674,3.6738691126534517,0.010643286134401912,0.08487008709201893,0.820667045740099,0.10933796232379223,-6.414800000000014,0.0,0.11645218105076256,final_approach,-0.20448226747178566,-0.4735566124070054,-5.263942642738236,
19.35,63.9438377,-22.60529973,705.123,639.565,-0.838,-2.0447,353.6068,-0.0102,-0.0303,0.0139,65.301,65.605,-5.4718,110.7291,0.2498,0.0,0.0,0.0,-0.03,1649.6,0.0,10.0,270.0,0,19.35,-0.016097077106016544,0.08456990008548501,-0.03,0.09066511880910932,0.6352777609793125,1.0,0.0,-2301.48939763977,7.946167925053546,558.623,636.065,3.675118591704043,0.010649289799453504,0.0850121282116711,0.8274128632624782,0.1092565499230318,-6.413199999999961,0.0,0.11674363001506441,final_approach,-0.20543130861567604,-0.47486510791245706,-5.265209671250151,
19.433,63.94386545,-22.60529959,704.622,639.13,-0.8389,-2.0474,353.608,-0.0095,-0.0298,0.0143,65.311,65.617,-5.4736,110.749,0.2497,0.0,0.0,0.0,-0.03,1649.5,0.0,10.0,270.0,0,19.433,-0.016094388416776073,0.08461321697289476,-0.03,0.09065436185465003,0.6352439081752703,1.0,0.0,-2298.395915751431,7.951947218811323,558.122,635.63,3.6761097468656594,0.010864679575079582,0.08512312738148128,0.8321889072467815,0.1091815899194728,-6.412000000000035,0.0,0.11708347526014104,final_approach,-0.20611697051209177,-0.4757861209716694,-5.266218292306537,
19.55,63.94389826,-22.60529942,704.029,638.428,-0.8399,-2.0506,353.6096,-0.0084,-0.0299,0.0147,65.323,65.631,-5.4757,110.7724,0.2495,0.0,0.0,0.0,-0.03,1649.5,0.0,10.0,270.0,0,19.55,-0.016097992492839774,0.08466583304346335,-0.03,0.09064001485344564,0.6352037864496289,1.0,0.0,-2294.738361052243,7.958999426159397,557.529,634.928,3.6772803686044027,0.010721451980291763,0.08525687908348763,0.8389184253612871,0.10905085395378933,-6.4103999999999814,0.0,0.11576353228776315,final_approach,-0.2070532523455597,-0.47700097776045425,-5.267413582279726,
19.642,63.94392855,-22.60529926,703.481,637.919,-0.8407,-2.0535,353.6111,-0.0075,-0.0298,0.0151,65.334,65.644,-5.4776,110.794,0.2494,0.0,0.0,0.0,-0.03,1649.4,0.0,10.0,270.0,0,19.642,-0.016102572815891725,0.08471453795920633,-0.03,0.09062655997782332,0.6351666371405658,1.0,0.0,-2291.3617279047,7.965659756421268,556.981,634.419,3.678360360695633,0.010891050728558978,0.08538212575155973,0.8442008977593226,0.10897398121764468,-6.408899999999903,0.0,0.11610914002445863,final_approach,-0.20781487998320003,-0.4780336634421598,-5.268520213578686,
19.742,63.94395632,-22.60529912,702.979,637.423,-0.8413,-2.0562,353.6125,-0.0067,-0.0297,0.0154,65.344,65.655,-5.4793,110.8137,0.2492,0.0,0.0,0.0,-0.03,1649.4,0.0,10.0,270.0,0,19.742,-0.01611418418971411,0.08475948307274159,-0.03,0.09061399811079651,0.6351322885564636,1.0,0.0,-2288.266016481405,7.971438271924498,556.479,633.923,3.679355624123121,0.010734647986278961,0.08549357693016194,0.8499362524598079,0.10884764416044845,-6.407500000000027,0.0,0.11464467274949945,final_approach,-0.2086094953389832,-0.47904149678380215,-5.26954332444388,
19.833,63.94398409,-22.60529898,702.476,636.907,-0.8419,-2.0589,353.6139,-0.0059,-0.0296,0.0156,65.355,65.667,-5.4811,110.8334,0.249,0.0,0.0,0.0,-0.03,1649.3,0.0,10.0,270.0,0,19.833,-0.016122375204974893,0.08480809583248498,-0.03,0.09060143239804364,0.6350979787077491,1.0,0.0,-2285.170305057319,7.977216787601514,555.976,633.407,3.680346622852676,0.010760555976762417,0.08560515735130535,0.8551481818129818,0.10872135201339006,-6.406099999999924,0.0,0.1152114407612934,final_approach,-0.20934515613329197,-0.47996048494155374,-5.270565194906332,
19.942,63.94401945,-22.6052988,701.837,636.241,-0.8426,-2.0623,353.6158,-0.005,-0.0295,0.0159,65.367,65.682,-5.4833,110.8583,0.2487,0.0,0.0,0.0,-0.03,1649.3,0.0,10.0,270.0,0,19.942,-0.016131061341841446,0.08486029862077692,-0.03,0.0905843727796154,0.6350536770509126,1.0,0.0,-2281.228484504054,7.98465970482803,555.337,632.741,3.6816216234289922,0.010916672146256143,0.08574833518488434,0.8613877119542138,0.10853738925979428,-6.404199999999946,0.0,0.1147460137029275,final_approach,-0.21023850089629548,-0.48103029917653295,-5.271884529278086,
20.05,63.94404976,-22.60529864,701.288,635.705,-0.843,-2.0653,353.6174,-0.0043,-0.0294,0.016,65.379,65.695,-5.4851,110.8797,0.2485,0.0,0.0,0.0,-0.03,1649.2,0.0,10.0,270.0,0,20.05,-0.016153652809503427,0.08491624599246644,-0.03,0.09057000129139348,0.6350157447992708,1.0,0.0,-2277.8496218223468,7.99131925666157,554.788,632.205,3.6827092348956003,0.010775639545658003,0.08587423798062035,0.8675611338930856,0.10840923424854054,-6.402600000000007,0.0,0.1144155680127627,final_approach,-0.211101627785375,-0.4821387008171829,-5.273014063707052,
20.142,63.94407756,-22.6052985,700.785,635.142,-0.8434,-2.0679,353.6188,-0.0037,-0.0293,0.0161,65.389,65.706,-5.4868,110.8992,0.2483,0.0,0.0,0.0,-0.03,1649.2,0.0,10.0,270.0,0,20.142,-0.016169846995588877,0.08496087522055887,-0.03,0.09055742211893425,0.6349806281123705,1.0,0.0,-2274.75056609662,7.997096604957042,554.285,631.642,3.6837127978435493,0.010797748440129902,0.08598629906730865,0.8728113525966725,0.10828332648637229,-6.401200000000017,0.0,0.11389557566376751,final_approach,-0.2118422444888104,-0.48306573194259705,-5.274059662960273,
20.233,63.94410535,-22.60529836,700.282,634.64,-0.8437,-2.0706,353.6203,-0.0034,-0.0293,0.0161,65.399,65.718,-5.4885,110.9186,0.2481,0.0,0.0,0.0,-0.03,1649.1,0.0,10.0,270.0,0,20.233,-0.016189203156482534,0.08500541720803892,-0.03,0.09054394016678868,0.6349453718594484,1.0,0.0,-2271.6526251375785,8.002874342379512,553.782,631.14,3.684717168853212,0.010837631043812539,0.08609847673678672,0.8779987862101769,0.10815757853478658,-6.399699999999939,0.0,0.11353144241162182,final_approach,-0.21257592216386811,-0.48398253628980825,-5.275109326732444,
20.333,63.94413568,-22.60529821,699.733,634.21,-0.8441,-2.0735,353.6219,-0.0031,-0.0293,0.0161,65.41,65.73,-5.4904,110.9398,0.2479,0.0,0.0,0.0,-0.03,1649.1,0.0,10.0,270.0,0,20.333,-0.016208310970922013,0.08505360611889644,-0.03,0.09052955455211298,0.6349066765280292,1.0,0.0,-2268.271533091937,8.009043178633634,553.233,630.71,3.6858158775181176,0.010862540311353305,0.08621958177892693,0.8836940817673689,0.10802979724940087,-6.3980999999999995,0.0,0.11321040219237975,final_approach,-0.21337872154137827,-0.4850005113131477,-5.276261275200746,
20.458,63.9441736,-22.60529802,699.047,633.475,-0.8444,-2.0771,353.6239,-0.0027,-0.029,0.016,65.423,65.746,-5.4927,110.9661,0.2476,0.0,0.0,0.0,-0.03,1649.0,0.0,10.0,270.0,0,20.458,-0.01623849842870101,0.08511099470055965,-0.03,0.09051156547071815,0.6348578777133598,1.0,0.0,-2264.044331917115,8.01687641661132,552.547,629.975,3.6871960973838713,0.010892410080466104,0.08637250969243561,0.8908085868048926,0.1078445531015575,-6.396099999999933,0.0,0.11237309290216721,final_approach,-0.2143837352335929,-0.4862367765229578,-5.277713844807227,
20.55,63.94420142,-22.60529787,698.543,632.916,-0.8447,-2.0797,353.6254,-0.0025,-0.0287,0.0159,65.433,65.757,-5.4943,110.9854,0.2474,0.0,0.0,0.0,-0.03,1648.9,0.0,10.0,270.0,0,20.55,-0.016258555798630003,0.08515720753367048,-0.03,0.09049806850960351,0.634822011257361,1.0,0.0,-2260.943046485412,8.023142923803054,552.043,629.416,3.6882067637515967,0.010907925733224242,0.08649046184943979,0.8960338962955062,0.10771907271760028,-6.3945999999999685,0.0,0.11203878010869436,final_approach,-0.21512929347876408,-0.4871718900011466,-5.278781352164131,
20.633,63.9442267,-22.60529775,698.085,632.516,-0.8449,-2.082,353.6267,-0.0024,-0.0284,0.0157,65.442,65.768,-5.4959,111.0028,0.2473,0.0,0.0,0.0,-0.03,1648.9,0.0,10.0,270.0,0,20.633,-0.016281306468253154,0.08519590522123334,-0.03,0.09048636757263495,0.6347892510556495,1.0,0.0,-2258.12491248235,8.028038457687455,551.585,629.016,3.6891271320441055,0.010938067212443418,0.08658914818294022,0.9007417684816059,0.10764743620026707,-6.393299999999954,0.0,0.11171104872968524,final_approach,-0.2157910326390713,-0.488061796039414,-5.2797563245158265,
20.733,63.94425706,-22.60529759,697.536,631.944,-0.8451,-2.0848,353.6283,-0.0024,-0.0285,0.0156,65.453,65.78,-5.4977,111.0237,0.2471,0.0,0.0,0.0,-0.03,1648.8,0.0,10.0,270.0,0,20.733,-0.016308421773578552,0.08524582862631297,-0.03,0.09047196186787576,0.6347494426252495,1.0,0.0,-2254.7404759640467,8.034696063884903,551.036,628.444,3.6902419891742664,0.010973151227304334,0.086716204100506,0.9064109163300512,0.1075201938035093,-6.391699999999901,0.0,0.11155549884517725,final_approach,-0.21659871221907068,-0.4890879276279563,-5.28094095258054,
20.858,63.94429501,-22.6052974,696.848,631.26,-0.8454,-2.0884,353.6302,-0.0025,-0.0285,0.0153,65.466,65.795,-5.4999,111.0498,0.2469,0.0,0.0,0.0,-0.03,1648.7,0.0,10.0,270.0,0,20.858,-0.016341769592752797,0.08530467740216999,-0.03,0.09045484857030173,0.6346997627561088,1.0,0.0,-2250.509930486792,8.042528134306709,550.348,627.76,3.691627931906153,0.010992216331935941,0.08686996002599663,0.9134929491819256,0.10738703403839622,-6.389799999999923,0.0,0.11086863531379097,final_approach,-0.21760114465423186,-0.4903988262886081,-5.282419174430277,
20.95,63.94432284,-22.60529726,696.344,630.707,-0.8456,-2.0909,353.6316,-0.0025,-0.0283,0.0151,65.476,65.807,-5.5015,111.0688,0.2467,0.0,0.0,0.0,-0.03,1648.7,0.0,10.0,270.0,0,20.95,-0.016365477175739995,0.08535070194971336,-0.03,0.0904422342402631,0.6346629636948513,1.0,0.0,-2247.4075304586318,8.04830431522036,549.844,627.207,3.6926507290652797,0.011013073680828102,0.0869832233387002,0.9186940273515947,0.10726207144767841,-6.388400000000047,0.0,0.11067109139198908,final_approach,-0.21833778831543427,-0.4913212623891585,-5.283514012152779,
21.042,63.94435068,-22.60529712,695.84,630.224,-0.8459,-2.0935,353.633,-0.0028,-0.0283,0.0149,65.486,65.818,-5.5031,111.0878,0.2466,0.0,0.0,0.0,-0.03,1648.6,0.0,10.0,270.0,0,21.042,-0.016388306023801424,0.08539670766315749,-0.03,0.09042961606508582,0.6346259032055034,1.0,0.0,-2244.3040156629936,8.054080107006738,549.34,626.724,3.693677553813214,0.011037751161440696,0.08709663340958915,0.9238895892747321,0.10718872837028925,-6.386999999999944,0.0,0.11049150600853243,final_approach,-0.2190740015150361,-0.49232088968082977,-5.2846165277795905,
21.133,63.94437852,-22.60529698,695.335,629.644,-0.8462,-2.0961,353.6343,-0.003,-0.0284,0.0146,65.496,65.829,-5.5048,111.1067,0.2465,0.0,0.0,0.0,-0.03,1648.5,0.0,10.0,270.0,0,21.133,-0.016411039407931427,0.08544064294326985,-0.03,0.09041789574520998,0.6345888802349827,1.0,0.0,-2241.200500867356,8.059855898793115,548.835,626.144,3.6947001231958128,0.01107096366493452,0.0872101764189845,0.9290232502413929,0.107115524784831,-6.385700000000043,0.0,0.11043683363412156,final_approach,-0.21980339713693553,-0.49331044246903843,-5.28571782705427,
21.25,63.9444165,-22.60529679,694.647,629.046,-0.8465,-2.0996,353.6361,-0.0032,-0.0283,0.0144,65.509,65.844,-5.507,111.1324,0.2463,0.0,0.0,0.0,-0.03,1648.5,0.0,10.0,270.0,0,21.25,-0.016441605874997434,0.0854993480991245,-0.03,0.09040166213669443,0.6345378132318343,1.0,0.0,-2236.9666110876683,8.0676868018331,548.147,625.546,3.6961053657751157,0.011227573110099219,0.08736476336226993,0.9356217368788371,0.10698301655281739,-6.38390000000004,0.0,0.11049813158657915,final_approach,-0.22075230139834545,-0.4945415813589822,-5.2872367211789495,
21.342,63.94444436,-22.60529665,694.142,628.466,-0.8468,-2.1021,353.6374,-0.0033,-0.0283,0.0142,65.519,65.855,-5.5086,111.1512,0.2461,0.0,0.0,0.0,-0.03,1648.4,0.0,10.0,270.0,0,21.342,-0.016461677534743535,0.08554512783107907,-0.03,0.0903899339109856,0.6345001863883314,1.0,0.0,-2233.860866757867,8.073461815365208,547.642,624.966,3.6971369328443138,0.011225091847542938,0.08747864974164415,0.9408005326619732,0.10685844414533108,-6.382599999999911,0.0,0.1103342698217965,final_approach,-0.22148724592150515,-0.4954620289388991,-5.288355740677044,
21.458,63.94447728,-22.60529648,693.545,627.838,-0.8472,-2.1052,353.639,-0.0035,-0.0284,0.014,65.53,65.869,-5.5105,111.1733,0.246,0.0,0.0,0.0,-0.03,1648.3,0.0,10.0,270.0,0,21.458,-0.016490406371904187,0.08559449171487957,-0.03,0.09037549462049577,0.63445552564585,1.0,0.0,-2230.1910496172154,8.08050974231355,547.045,624.338,3.698357161888675,0.011107445856230117,0.08761582223730727,0.9473262059818744,0.10678168909407759,-6.380999999999972,0.0,0.1089245713113477,final_approach,-0.2224049907467922,-0.49673024504356533,-5.289683813766928,
21.542,63.94450261,-22.60529635,693.086,627.372,-0.8475,-2.1075,353.6401,-0.0037,-0.0282,0.0138,65.539,65.879,-5.512,111.1903,0.2459,0.0,0.0,0.0,-0.03,1648.3,0.0,10.0,270.0,0,21.542,-0.0165104834515592,0.08563470251024487,-0.03,0.09036556469518298,0.6344208740226505,1.0,0.0,-2227.3673416065367,8.085893267712668,546.586,623.872,3.699300824839893,0.011128552005623913,0.08772107029882195,0.9520422625102264,0.10671077614932756,-6.379899999999907,0.0,0.10876259729603037,final_approach,-0.22307628973895888,-0.4976356259307533,-5.290714146255656,
21.633,63.94453048,-22.60529621,692.58,626.853,-0.8479,-2.1101,353.6414,-0.0039,-0.0281,0.0137,65.548,65.89,-5.5137,111.2089,0.2457,0.0,0.0,0.0,-0.03,1648.2,0.0,10.0,270.0,0,21.633,-0.016526272564957645,0.08567294075852631,-0.03,0.09035382626871535,0.6343827878603966,1.0,0.0,-2224.2604825092576,8.091667892117503,546.08,623.353,3.7003349290989322,0.01116775718241445,0.0878353877734274,0.9571474212679938,0.10658654227347597,-6.378600000000006,0.0,0.10786609744194628,final_approach,-0.22380348230828417,-0.4985448831792372,-5.291846500504274,
21.733,63.94456089,-22.60529606,692.029,626.261,-0.8483,-2.1128,353.6428,-0.0041,-0.0279,0.0136,65.559,65.902,-5.5155,111.2292,0.2456,0.0,0.0,0.0,-0.03,1648.1,0.0,10.0,270.0,0,21.733,-0.016548623871404766,0.08572222035984571,-0.03,0.09034118117886603,0.634340710320857,1.0,0.0,-2220.870472324586,8.097833615353716,545.529,622.761,3.701473676265256,0.011204376262551285,0.08795880909395387,0.9627528107731627,0.10651192833708478,-6.3771999999999025,0.0,0.10806008858358346,final_approach,-0.22459916606178254,-0.4996322469312098,-5.293097401079422,
21.85,63.94459891,-22.60529587,691.339,625.61,-0.8488,-2.1162,353.6444,-0.0042,-0.0276,0.0134,65.572,65.917,-5.5177,111.2544,0.2454,0.0,0.0,0.0,-0.03,1648.0,0.0,10.0,270.0,0,21.85,-0.016571928955883553,0.08578049152646437,-0.03,0.09032672493973692,0.6342880238911413,1.0,0.0,-2216.632123474987,8.105662962058668,544.839,622.11,3.7028940687238374,0.011360331299393307,0.08811465131064797,0.9693074890144932,0.1063802734062449,-6.375599999999963,0.0,0.10833745426790814,final_approach,-0.22554476956788605,-0.5008596651182255,-5.2946635059366685,
21.942,63.94462426,-22.60529574,690.879,625.149,-0.8491,-2.1185,353.6456,-0.0043,-0.0276,0.0134,65.58,65.927,-5.5192,111.2711,0.2453,0.0,0.0,0.0,-0.03,1648.0,0.0,10.0,270.0,0,21.942,-0.016594583438435395,0.08581511239784324,-0.03,0.09031587946491837,0.6342526578988024,1.0,0.0,-2213.8061859301447,8.111045709203516,544.379,621.649,3.7038441396723396,0.011188085772143341,0.08822046653081361,0.9744512289690168,0.10630981401635609,-6.374399999999923,0.0,0.10639373312892407,final_approach,-0.22626512134945642,-0.5018396856582097,-5.29571464727648,
22.042,63.94465722,-22.60529558,690.281,624.468,-0.8496,-2.1215,353.647,-0.0044,-0.0277,0.0133,65.591,65.939,-5.5211,111.2929,0.2451,0.0,0.0,0.0,-0.03,1647.9,0.0,10.0,270.0,0,22.042,-0.01661060763978295,0.08586428319067155,-0.03,0.09030322284091585,0.6342063847549002,1.0,0.0,-2210.1319098906033,8.117602142317896,543.781,620.968,3.7050831696333817,0.011388454745189559,0.08835340409754623,0.9800383986155414,0.10618210914654469,-6.373000000000047,0.0,0.10672157557174508,final_approach,-0.2270712765131151,-0.5028627667718197,-5.297089831578241,
22.133,63.94468258,-22.60529545,689.821,624.098,-0.85,-2.1238,353.6481,-0.0044,-0.0276,0.0133,65.6,65.949,-5.5226,111.3095,0.2449,0.0,0.0,0.0,-0.03,1647.8,0.0,10.0,270.0,0,22.133,-0.016626309347257562,0.08590426432603775,-0.03,0.09029327565350409,0.6341705457935105,1.0,0.0,-2207.3048575782836,8.12298450033547,543.321,620.598,3.706039682390378,0.011242233820618407,0.08845949279185437,0.9851154293171329,0.10606034311015833,-6.371899999999982,0.0,0.10601062314714146,final_approach,-0.22778445203181263,-0.5037545898256788,-5.29815481711821,
22.258,63.94472063,-22.60529526,689.131,623.426,-0.8505,-2.1271,353.6498,-0.0045,-0.0273,0.0132,65.613,65.964,-5.5249,111.3344,0.2447,0.0,0.0,0.0,-0.03,1647.7,0.0,10.0,270.0,0,22.258,-0.016652150934103382,0.0859606162784346,-0.03,0.09027789805908959,0.6341163860877436,1.0,0.0,-2203.0631644270434,8.130812679658877,542.631,619.926,3.7074800350342634,0.011288998375695755,0.08861618445916271,0.9920878047523736,0.10592922466949517,-6.370199999999954,0.0,0.10582783922467787,final_approach,-0.22877835080618425,-0.5050556242503053,-5.299764042316703,
22.35,63.94474853,-22.60529512,688.624,622.817,-0.851,-2.1296,353.651,-0.0045,-0.0271,0.0132,65.622,65.975,-5.5265,111.3526,0.2445,0.0,0.0,0.0,-0.03,1647.7,0.0,10.0,270.0,0,22.35,-0.016664607683593458,0.08600055370261944,-0.03,0.09026703987355977,0.6340766854025401,1.0,0.0,-2199.9529610273316,8.13658613650783,542.124,619.317,3.7085319762047755,0.011313189172703127,0.08873160380924056,0.9972087097015833,0.10580573401799143,-6.3689999999999145,0.0,0.10510040720030014,final_approach,-0.22950876792436148,-0.5059708384356831,-5.300943517305022,
22.433,63.94477644,-22.60529498,688.118,622.423,-0.8514,-2.1321,353.6522,-0.0043,-0.0269,0.0132,65.631,65.986,-5.5281,111.3707,0.2443,0.0,0.0,0.0,-0.03,1647.6,0.0,10.0,270.0,0,22.433,-0.016677618931412508,0.08604066109082131,-0.03,0.09025617886351311,0.6340364437702886,1.0,0.0,-2196.8416428601413,8.142359204403572,541.618,618.923,3.709594934285362,0.01156211162100072,0.08884717450835256,1.0018240810889354,0.10568239657658296,-6.367799999999988,0.0,0.10540343699479697,final_approach,-0.23018228203789093,-0.5068004739828815,-5.302138946699227,
22.533,63.94480436,-22.60529484,687.611,621.848,-0.8518,-2.1345,353.6534,-0.0043,-0.027,0.0132,65.641,65.996,-5.5298,111.3888,0.2441,0.0,0.0,0.0,-0.03,1647.5,0.0,10.0,270.0,0,22.533,-0.016696817435804423,0.08608405523621258,-0.03,0.09024531502897959,0.6339961758511897,1.0,0.0,-2193.7292099254732,8.148131883172038,541.111,618.348,3.710655274404979,0.011402326550195904,0.08896289689744659,1.0073809571750503,0.10555909921714601,-6.366600000000062,0.0,0.10491221544981995,final_approach,-0.23096234125228676,-0.5077908304623229,-5.303335039444654,
22.65,63.94483989,-22.60529467,686.965,621.122,-0.8523,-2.1376,353.6549,-0.0043,-0.0269,0.0132,65.652,66.01,-5.5318,111.4117,0.2439,0.0,0.0,0.0,-0.03,1647.5,0.0,10.0,270.0,0,22.65,-0.016719225913488234,0.08613309598873463,-0.03,0.09023173126392425,0.6339448195626644,1.0,0.0,-2189.7684384976906,8.155078247910591,540.465,617.622,3.7120028341116504,0.011421539513583838,0.08910599199454793,1.0138775725054296,0.10543043772909755,-6.365099999999984,0.0,0.10392174986502352,final_approach,-0.23188459256637373,-0.5089875099521866,-5.304860323592813,
22.742,63.94486782,-22.60529453,686.458,620.715,-0.8526,-2.14,353.6562,-0.0041,-0.0265,0.0132,65.661,66.02,-5.5334,111.4297,0.2437,0.0,0.0,0.0,-0.03,1647.4,0.0,10.0,270.0,0,22.742,-0.016739013438550165,0.08617310076056338,-0.03,0.09021995509779301,0.6339039784639406,1.0,0.0,-2186.6548907955453,8.160850537551784,539.958,617.215,3.713070708543397,0.011452504724628687,0.08922203900674353,1.018976775538367,0.10530733911431867,-6.363799999999969,0.0,0.10336759869152347,final_approach,-0.23261338211249694,-0.509900846884273,-5.306073169761149,
22.858,63.94490337,-22.60529435,685.813,620.056,-0.8531,-2.1431,353.6577,-0.0041,-0.0265,0.0132,65.673,66.034,-5.5355,111.4524,0.2434,0.0,0.0,0.0,-0.03,1647.3,0.0,10.0,270.0,0,22.858,-0.016758438908277218,0.08622571898942952,-0.03,0.09020636309490804,0.6338515798745554,1.0,0.0,-2182.6918896617867,8.168286061186599,539.313,616.556,3.7144359338376156,0.011505284532332353,0.08937091344370912,1.0254037579657556,0.10512759314829623,-6.362300000000005,0.0,0.10337493297975527,final_approach,-0.2335353769475752,-0.5110200985441384,-5.3076290585413375,
22.95,63.9449313,-22.60529421,685.305,619.557,-0.8535,-2.1455,353.6589,-0.0041,-0.0265,0.0132,65.682,66.044,-5.537,111.4702,0.2432,0.0,0.0,0.0,-0.03,1647.2,0.0,10.0,270.0,0,22.95,-0.016774639478342068,0.0862674307867842,-0.03,0.09019548631521157,0.633810483601178,1.0,0.0,-2179.578341959641,8.174058350827792,538.805,616.057,3.715502909498544,0.011520664032248513,0.08948727497286273,1.0304920157388306,0.10500481266174688,-6.361099999999965,0.0,0.10287049243218904,final_approach,-0.23426334285985817,-0.511932665870205,-5.308849204914683,
23.042,63.94496178,-22.60529406,684.751,618.918,-0.8539,-2.1481,353.6602,-0.004,-0.0267,0.0132,65.692,66.056,-5.5388,111.4896,0.243,0.0,0.0,0.0,-0.03,1647.1,0.0,10.0,270.0,0,23.042,-0.016791126426197178,0.08631088085601742,-0.03,0.09018369995005282,0.6337652728221185,1.0,0.0,-2176.1805284034176,8.180221350347429,538.251,615.418,3.7166729168836965,0.011720131956497992,0.08961292523980019,1.03557622934596,0.104880279188734,-6.35979999999995,0.0,0.10340005240870018,final_approach,-0.23500308337636966,-0.5128603415412041,-5.310191369717753,
23.142,63.94498973,-22.60529392,684.243,618.444,-0.8543,-2.1505,353.6614,-0.0038,-0.0267,0.0132,65.701,66.066,-5.5404,111.5073,0.2428,0.0,0.0,0.0,-0.03,1647.1,0.0,10.0,270.0,0,23.142,-0.016810199056992436,0.08635078525841826,-0.03,0.09017281728641435,0.6337235689168946,1.0,0.0,-2173.0647511663165,8.185992861560015,537.743,614.944,3.717748679356053,0.01155971408434257,0.0897296056157523,1.0410972691430487,0.10475769102214372,-6.358600000000024,0.0,0.10218186582609155,final_approach,-0.23578035160062072,-0.5138475351299263,-5.311429295598188,
23.242,63.94502022,-22.60529377,683.689,617.828,-0.8547,-2.1531,353.6628,-0.0038,-0.0266,0.0131,65.711,66.078,-5.5421,111.5266,0.2426,0.0,0.0,0.0,-0.03,1647.0,0.0,10.0,270.0,0,23.242,-0.016829252573114795,0.08639612747685194,-0.03,0.09016011727597428,0.6336777651003591,1.0,0.0,-2169.6658228426154,8.192155471952377,537.189,614.328,3.7189263764099967,0.011595923493524882,0.08985558509446685,1.0466125034220186,0.10463335371190396,-6.357199999999921,0.0,0.10198351438736047,final_approach,-0.23656920900709721,-0.514849562564411,-5.312788777263748,
23.342,63.94505071,-22.60529362,683.135,617.302,-0.855,-2.1558,353.6641,-0.0037,-0.0266,0.013,65.721,66.089,-5.5439,111.5457,0.2423,0.0,0.0,0.0,-0.03,1646.9,0.0,10.0,270.0,0,23.342,-0.016849458294094788,0.08643959706938409,-0.03,0.09014832096713776,0.6336316820107405,1.0,0.0,-2166.2668945197065,8.198318082170958,536.635,613.802,3.7201072527074626,0.011631396740380582,0.08998172862147272,1.0521219679394258,0.10445791761532064,-6.35590000000002,0.0,0.10180319489760528,final_approach,-0.23735762993995024,-0.5157738766136504,-5.314156395103151,
23.433,63.94507867,-22.60529348,682.627,616.793,-0.8554,-2.1582,353.6653,-0.0037,-0.0266,0.013,65.73,66.1,-5.5455,111.5633,0.2421,0.0,0.0,0.0,-0.03,1646.8,0.0,10.0,270.0,0,23.433,-0.016865209718189167,0.08647953221261193,-0.03,0.09013742912482814,0.6335891675780598,1.0,0.0,-2163.150002515128,8.204089204430332,536.127,613.293,3.7211931566234244,0.011681665627902954,0.09009886594741877,1.057129528104558,0.10433556954603773,-6.35469999999998,0.0,0.1015393679888322,final_approach,-0.23807749895951247,-0.51667486952622,-5.315417969295442,
23.533,63.94510918,-22.60529333,682.072,616.17,-0.8557,-2.1608,353.6666,-0.0037,-0.0265,0.0129,65.739,66.111,-5.5472,111.5823,0.2419,0.0,0.0,0.0,-0.03,1646.7,0.0,10.0,270.0,0,23.533,-0.016888364240273346,0.08651966745185614,-0.03,0.09012562644203426,0.6335426868747418,1.0,0.0,-2159.748844656471,8.210251036568149,535.572,612.67,3.7223765315348243,0.011707012875585532,0.09022535574980321,1.0626282985858566,0.10421170159918347,-6.353399999999965,0.0,0.10049033453530219,final_approach,-0.23886516644880018,-0.5176757991234684,-5.316797089594424,
23.658,63.94514732,-22.60529314,681.378,615.465,-0.8562,-2.1641,353.6682,-0.0037,-0.0262,0.0129,65.751,66.125,-5.5495,111.606,0.2416,0.0,0.0,0.0,-0.03,1646.6,0.0,10.0,270.0,0,23.658,-0.01691118458930213,0.08657040738791047,-0.03,0.09011109551327523,0.6334842395387257,1.0,0.0,-2155.497118599516,8.218075713572587,534.878,611.965,3.723858942399166,0.011732391882110432,0.09038505114763863,1.0694988120685371,0.10403131289862699,-6.351799999999912,0.0,0.10008212230482051,final_approach,-0.23985150130354427,-0.5188910632489687,-5.31853104872377,
23.75,63.94517529,-22.60529301,680.87,614.984,-0.8566,-2.1664,353.6693,-0.0036,-0.026,0.0128,65.76,66.135,-5.5511,111.6233,0.2414,0.0,0.0,0.0,-0.03,1646.6,0.0,10.0,270.0,0,23.75,-0.016927133270116468,0.08661040477565768,-0.03,0.09010110258744097,0.6334408335498791,1.0,0.0,-2152.3791119984803,8.223356509379819,534.37,611.484,3.7249558406987986,0.011764127835875464,0.09049729561993924,1.0745447669085613,0.10390943120120255,-6.350699999999961,0.0,0.09987702818224835,final_approach,-0.2405692615349686,-0.5197895683447165,-5.319818616545717,
23.858,63.94520836,-22.60529284,680.268,614.465,-0.8569,-2.1692,353.6707,-0.0036,-0.0259,0.0127,65.771,66.147,-5.553,111.6437,0.2411,0.0,0.0,0.0,-0.03,1646.5,0.0,10.0,270.0,0,23.858,-0.01695085598706403,0.08665915717163836,-0.03,0.09008838088622495,0.633389578739416,1.0,0.0,-2148.692573347247,8.230398599419612,533.768,610.965,3.726246722746929,0.011795541789356932,0.09063897269227128,1.0804654147984558,0.10373283012017964,-6.349299999999971,0.0,0.10005655760675407,final_approach,-0.2414245777371704,-0.5208129759651232,-5.321338832318116,
23.95,63.94523888,-22.60529269,679.713,613.896,-0.8573,-2.1717,353.672,-0.0036,-0.0258,0.0126,65.78,66.158,-5.5548,111.6625,0.2408,0.0,0.0,0.0,-0.03,1646.4,0.0,10.0,270.0,0,23.95,-0.016964227565336998,0.08669755086830983,-0.03,0.09007656443621781,0.6333418140919161,1.0,0.0,-2145.290300721905,8.236560042430431,533.213,610.396,3.7274454927682776,0.012001302979080976,0.09076618270311429,1.0855024763350936,0.1035580639830016,-6.347999999999956,0.0,0.0998537875476425,final_approach,-0.2421610394948992,-0.5216599313216168,-5.322755359953717,
24.058,63.94526687,-22.60529256,679.203,613.315,-0.8576,-2.1741,353.6731,-0.0035,-0.0259,0.0125,65.789,66.169,-5.5564,111.6796,0.2406,0.0,0.0,0.0,-0.03,1646.3,0.0,10.0,270.0,0,24.058,-0.016989730114863044,0.08673733975426862,-0.03,0.09006656331297447,0.633298033820289,1.0,0.0,-2142.170064586706,8.241840059983394,532.703,609.815,3.728540731832588,0.011691269557120583,0.09087890676766941,1.0914095893511955,0.10343653830580024,-6.346900000000005,0.0,0.09835192807361465,final_approach,-0.24297669813611478,-0.5227065789335583,-5.3240535813369085,
24.158,63.94529995,-22.60529239,678.601,612.729,-0.858,-2.1768,353.6745,-0.0035,-0.0258,0.0125,65.799,66.18,-5.5583,111.6998,0.2404,0.0,0.0,0.0,-0.03,1646.2,0.0,10.0,270.0,0,24.158,-0.01700964933574195,0.0867811225571664,-0.03,0.09005383117882093,0.6332457675783573,1.0,0.0,-2138.4824111679955,8.248881760895914,532.101,609.229,3.7298438791223423,0.011914636780524164,0.09102114857334073,1.0968736722440255,0.10331162749002942,-6.345499999999902,0.0,0.09850175279419966,final_approach,-0.24378118571954488,-0.5237312736992852,-5.3256032579171055,
24.258,63.9453305,-22.60529225,678.045,612.16,-0.8584,-2.1794,353.6757,-0.0035,-0.0256,0.0124,65.809,66.191,-5.5601,111.7184,0.2401,0.0,0.0,0.0,-0.03,1646.1,0.0,10.0,270.0,0,24.258,-0.017025725362109168,0.08682456576972114,-0.03,0.09004291486177252,0.6331972029561689,1.0,0.0,-2135.0767944112404,8.254552099025984,531.545,608.66,3.7310505001949332,0.011939899104755099,0.09114349562535169,1.1023317762324139,0.10313724042796935,-6.344299999999976,0.0,0.09863795708562799,final_approach,-0.24455879861584862,-0.5246408397063309,-5.327043006996561,
24.358,63.94536104,-22.6052921,677.489,611.557,-0.8587,-2.1819,353.677,-0.0036,-0.0255,0.0122,65.818,66.202,-5.5618,111.7369,0.2399,0.0,0.0,0.0,-0.03,1646.0,0.0,10.0,270.0,0,24.358,-0.017048732779677778,0.08686484498853445,-0.03,0.0900310856650065,0.6331484087446202,1.0,0.0,-2131.672292250151,8.26071276378198,530.989,608.057,3.7322587585229914,0.011963679800726143,0.09127140129715564,1.1077844771080214,0.10301429863372391,-6.342999999999961,0.0,0.09785268825966201,final_approach,-0.24534312031511618,-0.5256380886826459,-5.328489392137936,
24.458,63.9453916,-22.60529195,676.933,610.981,-0.8591,-2.1844,353.6782,-0.0037,-0.0253,0.0121,65.827,66.213,-5.5636,111.7553,0.2396,0.0,0.0,0.0,-0.03,1645.9,0.0,10.0,270.0,0,24.458,-0.017065195740663508,0.08690337640503384,-0.03,0.0900201634649862,0.6330991800562423,1.0,0.0,-2128.2655605548975,8.266872650109645,530.433,607.481,3.7334736841060048,0.011994609138960818,0.09139950573965626,1.1132318127582934,0.10284023878253379,-6.341799999999921,0.0,0.09713880750878413,final_approach,-0.24612709694271118,-0.5265577363768124,-5.3299484833488115,
24.558,63.94542215,-22.6052918,676.377,610.456,-0.8595,-2.1869,353.6794,-0.0037,-0.0252,0.0121,65.837,66.224,-5.5653,111.7737,0.2394,0.0,0.0,0.0,-0.03,1645.9,0.0,10.0,270.0,0,24.558,-0.017084614527603903,0.08694872915246823,-0.03,0.09000923844119424,0.6330497178414319,1.0,0.0,-2124.859943627122,8.273032925738644,529.877,606.956,3.7346902740247083,0.012023157480306567,0.09152776332466947,1.1186738163815662,0.10271749652062567,-6.340599999999995,0.0,0.09739891591708101,final_approach,-0.24691067216135565,-0.5275541528564514,-5.331414321233019,
24.658,63.94545272,-22.60529165,675.82,609.928,-0.8598,-2.1894,353.6806,-0.0036,-0.0252,0.012,65.846,66.235,-5.5671,111.7919,0.2391,0.0,0.0,0.0,-0.03,1645.8,0.0,10.0,270.0,0,24.658,-0.01710490321271696,0.0869872033113943,-0.03,0.08999831059366348,0.6330001026848479,1.0,0.0,-2121.452097164391,8.279192422939037,529.32,606.428,3.735906537838169,0.012046404256023342,0.09165622057089554,1.1241105257173838,0.10254376204849791,-6.339399999999955,0.0,0.09672628719734656,final_approach,-0.24769391149055764,-0.5284731722519993,-5.332884515683848,
24.758,63.94548328,-22.6052915,675.263,609.231,-0.8602,-2.1919,353.6818,-0.0036,-0.0253,0.0119,65.855,66.246,-5.5688,111.8102,0.2389,0.0,0.0,0.0,-0.03,1645.7,0.0,10.0,270.0,0,24.758,-0.017124289762133538,0.08702753503040332,-0.03,0.08998737992242978,0.6329502527100744,1.0,0.0,-2118.045365469138,8.28535230944076,528.763,605.731,3.7371244742874588,0.012068564295502314,0.09178483162614302,1.1295419737942733,0.10242121824165906,-6.338199999999915,0.0,0.09611480654304282,final_approach,-0.24847675827896865,-0.5294687818176129,-5.3343614909080195,
24.858,63.94551386,-22.60529135,674.706,608.73,-0.8605,-2.1944,353.683,-0.0035,-0.0253,0.0118,65.864,66.257,-5.5705,111.8283,0.2386,0.0,0.0,0.0,-0.03,1645.6,0.0,10.0,270.0,0,24.858,-0.01714454770137308,0.08706798208028532,-0.03,0.08997644642752967,0.6328999588212522,1.0,0.0,-2114.6364042389296,8.291511417513881,528.206,605.23,3.738349148153834,0.012098260023543998,0.09191364323820438,1.1349681982054463,0.10224769800737477,-6.336999999999989,0.0,0.09555891503913003,final_approach,-0.24925927833109895,-0.5303870324975186,-5.3358514385637115,
24.958,63.94554444,-22.6052912,674.149,608.186,-0.8609,-2.1969,353.6842,-0.0036,-0.0252,0.0118,65.874,66.267,-5.5723,111.8464,0.2383,0.0,0.0,0.0,-0.03,1645.5,0.0,10.0,270.0,0,24.958,-0.017160935773096242,0.08711152099509413,-0.03,0.089965510108997,0.6328493563344086,1.0,0.0,-2111.2274430087205,8.29767052576106,527.649,604.686,3.7395772119426827,0.012128656334367799,0.09204262487816034,1.1403892333659107,0.10207423393211457,-6.335800000000063,0.0,0.09596265003556467,final_approach,-0.2500414353306937,-0.5313048169773555,-5.337350346001902,
25.058,63.94557502,-22.60529106,673.592,607.655,-0.8613,-2.1993,353.6853,-0.0036,-0.0251,0.0117,65.883,66.278,-5.574,111.8644,0.2381,0.0,0.0,0.0,-0.03,1645.4,0.0,10.0,270.0,0,25.058,-0.017180162915440778,0.0871520376105614,-0.03,0.08995548266988862,0.6327984432051544,1.0,0.0,-2107.8184819495327,8.30333969668337,527.092,604.155,3.7408086794878193,0.012159659520534117,0.09216633862615879,1.1458045697839736,0.10195215368577237,-6.334699999999998,0.0,0.09542059094142262,final_approach,-0.25081601083605065,-0.532288642567762,-5.338858270543557,
25.158,63.94560561,-22.60529091,673.034,607.033,-0.8616,-2.2018,353.6865,-0.0037,-0.025,0.0117,65.892,66.289,-5.5758,111.8824,0.2378,0.0,0.0,0.0,-0.03,1645.3,0.0,10.0,270.0,0,25.158,-0.0172003692363063,0.08719062163116784,-0.03,0.08994454093949222,0.6327474413673967,1.0,0.0,-2104.4084059518464,8.309498415629214,526.534,603.533,3.7420381739416633,0.012182207023518427,0.09229567335729147,1.1512147885537563,0.10177890223386044,-6.333499999999958,0.0,0.09492780994674803,final_approach,-0.2515974094398672,-0.5332055969444554,-5.340368636988295,
25.258,63.9456362,-22.60529076,672.477,606.455,-0.862,-2.2043,353.6877,-0.0037,-0.025,0.0116,65.901,66.299,-5.5775,111.9002,0.2375,0.0,0.0,0.0,-0.03,1645.2,0.0,10.0,270.0,0,25.258,-0.017216718921758967,0.08723126476241479,-0.03,0.08993359638556842,0.6326958309371808,1.0,0.0,-2100.99832995416,8.31565713474912,525.977,602.955,3.7432781835600784,0.012218521883623872,0.09242517920150368,1.156619923845394,0.10160592386330336,-6.332300000000032,0.0,0.09447982722431687,final_approach,-0.25237845836295847,-0.5341224323496228,-5.341896837466315,
25.358,63.9456668,-22.60529061,671.919,605.985,-0.8624,-2.2068,353.6888,-0.0038,-0.0249,0.0115,65.91,66.31,-5.5793,111.9181,0.2373,0.0,0.0,0.0,-0.03,1645.1,0.0,10.0,270.0,0,25.358,-0.017236315256331625,0.08726997832545723,-0.03,0.08992356139744317,0.6326441289889803,1.0,0.0,-2097.587139189788,8.321815464567969,525.419,602.485,3.744516240373909,0.012245529592737904,0.09255487219505293,1.162020011318748,0.10148408616373672,-6.331199999999967,0.0,0.09407257020392462,final_approach,-0.2531591827488384,-0.5351158832728302,-5.343427557521839,
25.458,63.9456974,-22.60529047,671.361,605.283,-0.8628,-2.2092,353.69,-0.0039,-0.0248,0.0115,65.919,66.32,-5.5811,111.9358,0.237,0.0,0.0,0.0,-0.03,1645.0,0.0,10.0,270.0,0,25.458,-0.017252216474130444,0.08730873923391158,-0.03,0.08991261143185625,0.6325921093972361,1.0,0.0,-2094.1759485956445,8.327483857235732,524.861,601.783,3.745757750047739,0.012273790783664352,0.09267928439334788,1.1674145397203535,0.10131131821475492,-6.329999999999927,0.0,0.09370233654902287,final_approach,-0.25393232444966785,-0.5360211064632452,-5.3449674898343424,
25.558,63.945728,-22.60529032,670.802,604.781,-0.8632,-2.2116,353.6911,-0.0038,-0.0248,0.0114,65.928,66.331,-5.5828,111.9535,0.2367,0.0,0.0,0.0,-0.03,1644.9,0.0,10.0,270.0,0,25.558,-0.017268813814857953,0.0873492343714968,-0.03,0.08990257148310254,0.6325400701027333,1.0,0.0,-2090.7647578304804,8.333642187054304,524.302,601.281,3.7469956012917383,0.01229124439305267,0.09280931785082303,1.172804089706368,0.10113860489326498,-6.328899999999976,0.0,0.0933657604991119,final_approach,-0.25471230530257216,-0.5369367203954383,-5.346507812743479,
25.658,63.94575862,-22.60529017,670.244,604.293,-0.8635,-2.2141,353.6923,-0.0037,-0.0247,0.0113,65.937,66.341,-5.5846,111.9711,0.2364,0.0,0.0,0.0,-0.03,1644.8,0.0,10.0,270.0,0,25.658,-0.017288958106525587,0.08738817113170895,-0.03,0.08989161610598762,0.6324872657323866,1.0,0.0,-2087.3513375311527,8.339799738792665,523.744,600.793,3.748247470736736,0.012329152735873306,0.09293955548874899,1.178188698289555,0.10096605420622495,-6.32770000000005,0.0,0.0930597822719201,final_approach,-0.2554919960606412,-0.5378521386579571,-5.348070584471095,
25.758,63.94578923,-22.60529002,669.685,603.657,-0.8639,-2.2165,353.6934,-0.0037,-0.0247,0.0113,65.946,66.352,-5.5864,111.9886,0.2362,0.0,0.0,0.0,-0.03,1644.7,0.0,10.0,270.0,0,25.758,-0.017308507065452672,0.08742695401317681,-0.03,0.08988157119672624,0.6324345113703626,1.0,0.0,-2083.9390319985114,8.345957679483963,523.185,600.157,3.7494939897154653,0.012351825577776808,0.09306995031830861,1.1835683976604205,0.10084482754081137,-6.326599999999985,0.0,0.09278162024720057,final_approach,-0.2562713384816604,-0.538844411797438,-5.349631678322876,
25.858,63.94581986,-22.60528988,669.127,603.03,-0.8643,-2.219,353.6945,-0.0038,-0.0247,0.0112,65.954,66.362,-5.5882,112.0061,0.2359,0.0,0.0,0.0,-0.03,1644.6,0.0,10.0,270.0,0,25.858,-0.01732464887072238,0.0874612539858896,-0.03,0.08987152391509223,0.6323809825601666,1.0,0.0,-2080.5244971027264,8.351624904770183,522.627,599.53,3.750754593693682,0.012394194611841627,0.09319508308685501,1.1889426779769048,0.10067248482266677,-6.32549999999992,0.0,0.09161965477017821,final_approach,-0.25704313872766704,-0.5397482394927291,-5.351215487453619,
25.958,63.94585048,-22.60528973,668.568,602.578,-0.8646,-2.2214,353.6956,-0.0037,-0.0245,0.0111,65.963,66.372,-5.59,112.0235,0.2356,0.0,0.0,0.0,-0.03,1644.5,0.0,10.0,270.0,0,25.958,-0.017345049286516867,0.0875001949006632,-0.03,0.08986147426111502,0.6323275022452194,1.0,0.0,-2077.1110768033986,8.357782456508545,522.068,599.078,3.752009856997239,0.01242060101579671,0.09332583726623594,1.1943121194436053,0.10050030351465011,-6.324399999999969,0.0,0.09147241342743521,final_approach,-0.25782179405262795,-0.5406626427681207,-5.352797658656666,
26.058,63.94588111,-22.60528958,668.009,602.004,-0.865,-2.2238,353.6968,-0.0038,-0.0243,0.0111,65.972,66.383,-5.5918,112.0409,0.2353,0.0,0.0,0.0,-0.03,1644.4,0.0,10.0,270.0,0,26.058,-0.017361286450338076,0.08753922974948523,-0.03,0.08985050829661578,0.6322736189563394,1.0,0.0,-2073.696541735802,8.363939618945297,521.509,598.504,3.753270375087499,0.012451364330263634,0.09345678149389994,1.19967675719485,0.10032817568415453,-6.323200000000043,0.0,0.09133855766130493,final_approach,-0.2586001562186411,-0.5415766811630132,-5.354391546397025,
26.158,63.94591175,-22.60528944,667.449,601.314,-0.8654,-2.2262,353.6979,-0.0038,-0.0242,0.011,65.981,66.393,-5.5935,112.0581,0.235,0.0,0.0,0.0,-0.03,1644.3,0.0,10.0,270.0,0,26.158,-0.01737739607422173,0.08758003761207754,-0.03,0.08984045368237403,0.6322196380984612,1.0,0.0,-2070.2808920725392,8.369606455104243,520.949,597.814,3.7545289851730534,0.0124738204178105,0.09358243814710564,1.2050360784855778,0.10015631575879524,-6.322099999999978,0.0,0.0912168706011865,final_approach,-0.2593709542196656,-0.5424797153135525,-5.355988113964482,
26.258,63.94594239,-22.60528929,666.89,600.867,-0.8658,-2.2286,353.699,-0.0037,-0.0242,0.011,65.989,66.403,-5.5953,112.0753,0.2347,0.0,0.0,0.0,-0.03,1644.2,0.0,10.0,270.0,0,26.258,-0.017393909037505983,0.08761449699339408,-0.03,0.08983039669587645,0.6321650147466082,1.0,0.0,-2066.8652422382565,8.375763228413998,520.39,597.367,3.755798346883836,0.012510453199479465,0.09371374417090086,1.2103906659743826,0.09998450858137176,-6.320999999999913,0.0,0.09019715509199677,final_approach,-0.26014865595515957,-0.5433932344383727,-5.35760347424802,
26.358,63.94597303,-22.60528915,666.33,600.269,-0.8661,-2.2309,353.7001,-0.0036,-0.0241,0.0109,65.998,66.413,-5.5971,112.0925,0.2344,0.0,0.0,0.0,-0.03,1644.1,0.0,10.0,270.0,0,26.358,-0.017413835785914933,0.08765358461305442,-0.03,0.08982033733715333,0.6321103656094688,1.0,0.0,-2063.4495925749943,8.381430064572944,519.83,596.769,3.7570640916982985,0.012534952357003894,0.09383974007185603,1.2157400044283204,0.0998127541275835,-6.319899999999961,0.0,0.09017923190181544,final_approach,-0.2609187714618528,-0.5442953916978706,-5.359219385790745,
26.458,63.94600368,-22.605289,665.77,599.625,-0.8665,-2.2333,353.7012,-0.0035,-0.0239,0.0109,66.006,66.423,-5.5989,112.1095,0.2341,0.0,0.0,0.0,-0.03,1644.0,0.0,10.0,270.0,0,26.458,-0.01743032864768157,0.08768807034191975,-0.03,0.08981027560623234,0.6320553044317314,1.0,0.0,-2060.0328279732335,8.387586448929486,519.27,596.125,3.7583351556824938,0.012564233604495453,0.0939714094692496,1.2210846786938174,0.09964126580862853,-6.31880000000001,0.0,0.08925384718346471,final_approach,-0.2616958303166932,-0.5452084152967505,-5.3608472673209455,
26.558,63.94603434,-22.60528886,665.21,599.127,-0.8668,-2.2357,353.7022,-0.0035,-0.0239,0.0108,66.015,66.433,-5.6006,112.1265,0.2338,0.0,0.0,0.0,-0.03,1643.9,0.0,10.0,270.0,0,26.558,-0.017450533783917088,0.08772921415880279,-0.03,0.08980112651962813,0.6319998278094782,1.0,0.0,-2056.614948775016,8.393252506659824,518.71,595.627,3.759611562699619,0.012597539698954796,0.09409777834559079,1.2264241742660638,0.0994698294877594,-6.317800000000034,0.0,0.0893216792576954,final_approach,-0.262465323544518,-0.5461101070769079,-5.362487214798378,
26.658,63.946065,-22.60528871,664.65,598.576,-0.8672,-2.238,353.7033,-0.0035,-0.0239,0.0108,66.023,66.443,-5.6024,112.1434,0.2335,0.0,0.0,0.0,-0.03,1643.8,0.0,10.0,270.0,0,26.658,-0.01746700134954643,0.08776390018701528,-0.03,0.08979106026004624,0.631944008264541,1.0,0.0,-2053.1970694057773,8.399408501889093,518.15,595.076,3.7608915978304527,0.012631341633851876,0.09422981277842714,1.2317590749630196,0.09929855152128653,-6.316699999999969,0.0,0.08847425387062804,final_approach,-0.2632417574749617,-0.547022498616478,-5.364137080102793,
26.758,63.94609566,-22.60528857,664.09,597.943,-0.8676,-2.2404,353.7044,-0.0036,-0.0238,0.0107,66.032,66.453,-5.6042,112.1603,0.2331,0.0,0.0,0.0,-0.03,1643.7,0.0,10.0,270.0,0,26.758,-0.017480063709655935,0.08780333677844109,-0.03,0.0897809916283514,0.6318878434929203,1.0,0.0,-2049.7791902075596,8.405074559793492,517.59,594.443,3.762175276029097,0.012665581692617073,0.094356523953826,1.237088863775192,0.09907624155653139,-6.315599999999904,0.0,0.0886129580642078,final_approach,-0.2640106033975229,-0.5478465059418696,-5.365796927427166,
26.85,63.94612633,-22.60528842,663.529,597.436,-0.8679,-2.2427,353.7055,-0.0035,-0.0237,0.0107,66.04,66.463,-5.606,112.1771,0.2328,0.0,0.0,0.0,-0.03,1643.6,0.0,10.0,270.0,0,26.85,-0.017497564776673802,0.0878380558326366,-0.03,0.08977092062457459,0.6318315734925448,1.0,0.0,-2046.3601960708434,8.411230165721427,517.029,593.936,3.7634571014692475,0.012876798947018774,0.0944889250145059,1.2419881056942828,0.09890518048587182,-6.314499999999953,0.0,0.08846237294375568,final_approach,-0.26473831160731365,-0.5486857548383828,-5.367459661560307,
26.95,63.94615445,-22.60528829,663.015,596.841,-0.8682,-2.2448,353.7065,-0.0035,-0.0237,0.0106,66.048,66.472,-5.6076,112.1924,0.2325,0.0,0.0,0.0,-0.03,1643.5,0.0,10.0,270.0,0,26.95,-0.017517075354916867,0.08787404048279232,-0.03,0.08976176310820105,0.6317795621518051,1.0,0.0,-2043.2254679592256,8.41650512462011,516.515,593.341,3.764638159930075,0.012699096557228371,0.09460632782790017,1.2473087781247585,0.09873575810092916,-6.313499999999976,0.0,0.08769306631250129,final_approach,-0.2654938687975914,-0.5495694586259052,-5.368996357262311,
27.042,63.94618512,-22.60528814,662.455,596.375,-0.8686,-2.2472,353.7075,-0.0035,-0.0236,0.0105,66.056,66.482,-5.6093,112.2091,0.2322,0.0,0.0,0.0,-0.03,1643.4,0.0,10.0,270.0,0,27.042,-0.017531003650388233,0.08791093854856206,-0.03,0.08975260363147497,0.6317223009837021,1.0,0.0,-2039.8064738225094,8.422660730722106,515.955,592.875,3.765934296623626,0.012930654184558202,0.09473906690652532,1.252199692027243,0.09856490260312967,-6.3125,0.0,0.08762610771491754,final_approach,-0.26622107993617306,-0.5504082618801736,-5.3706879409335,
27.142,63.94621325,-22.60528801,661.94,595.728,-0.8689,-2.2493,353.7085,-0.0035,-0.0236,0.0105,66.064,66.491,-5.611,112.2243,0.2319,0.0,0.0,0.0,-0.03,1643.3,0.0,10.0,270.0,0,27.142,-0.017550490372052974,0.08794508661979522,-0.03,0.08974344219441865,0.6316699152878663,1.0,0.0,-2036.6706309442063,8.427935300493791,515.44,592.228,3.7671163142088187,0.012745574462452593,0.09485679128677939,1.2575113721824966,0.09839568041383018,-6.311500000000024,0.0,0.08693282519537571,final_approach,-0.26697604330312785,-0.5512913657154535,-5.37223529353863,
27.242,63.94624393,-22.60528787,661.379,595.224,-0.8693,-2.2516,353.7095,-0.0034,-0.0237,0.0104,66.072,66.501,-5.6128,112.2408,0.2316,0.0,0.0,0.0,-0.03,1643.2,0.0,10.0,270.0,0,27.242,-0.017566768438004532,0.08798018074863097,-0.03,0.08973427879705476,0.6316122196279592,1.0,0.0,-2033.2505222110326,8.433600579969582,514.879,591.724,3.7684140251698213,0.012784163653714826,0.0949843681883484,1.2628181044273898,0.09822513473218919,-6.310500000000047,0.0,0.08630256835944125,final_approach,-0.26774342092039305,-0.5521911873131806,-5.373939266975157,
27.342,63.94627462,-22.60528772,660.818,594.649,-0.8696,-2.254,353.7106,-0.0034,-0.0236,0.0103,66.08,66.511,-5.6145,112.2573,0.2313,0.0,0.0,0.0,-0.03,1643.1,0.0,10.0,270.0,0,27.342,-0.01758701153074843,0.08801724995646618,-0.03,0.08972419679582477,0.6315540875874295,1.0,0.0,-2029.8292985401533,8.439755407817307,514.318,591.149,3.7697172246057566,0.012825468771321362,0.09511765489432429,1.2681204762353975,0.09805463918337409,-6.309399999999982,0.0,0.08572960759948817,final_approach,-0.2685178239207744,-0.5531016728769291,-5.37565589188474,
27.442,63.94630532,-22.60528758,660.256,594.075,-0.87,-2.2563,353.7116,-0.0035,-0.0235,0.0102,66.089,66.52,-5.6163,112.2737,0.2309,0.0,0.0,0.0,-0.03,1643.0,0.0,10.0,270.0,0,27.442,-0.01760030480592134,0.08805701782120698,-0.03,0.08971502928188813,0.6314958436402153,1.0,0.0,-2026.4069602720244,8.445419909212614,513.756,590.575,3.7710186185718713,0.012856880586292132,0.09524561222597797,1.2734179692038774,0.09783326672209114,-6.308400000000006,0.0,0.08611782509044398,final_approach,-0.2692846572254055,-0.55392403792038,-5.377375583459511,
27.567,63.94631555,-22.60528753,660.069,593.89,-0.8701,-2.2571,353.7119,-0.0035,-0.0235,0.0102,66.091,66.524,-5.617,112.2791,0.2308,0.0,0.0,0.0,-0.03,1642.9,0.0,10.0,270.0,0,27.567,-0.017639003330081393,0.08806392506804064,-0.03,0.08971227864545928,0.6314762657376053,1.0,0.0,-2025.2665523814674,8.447471518495096,513.569,590.39,3.771455101715843,0.01129604468053891,0.09529013969333089,1.2800233284605276,0.09777657004764251,-6.308099999999968,0.0,0.07974347735494568,final_approach,-0.27008934828362285,-0.5550517483035868,-5.377953580708937,
27.658,63.94635393,-22.60528735,659.367,593.194,-0.8705,-2.26,353.7132,-0.0033,-0.0233,0.0102,66.102,66.536,-5.6193,112.2995,0.2304,0.0,0.0,0.0,-0.03,1642.8,0.0,10.0,270.0,0,27.658,-0.01765060618641595,0.08811183587252448,-0.03,0.08970035718230496,0.6314025958305086,1.0,0.0,-2020.9880720776516,8.454796919120659,512.867,589.694,3.7730932445547225,0.012413632176785396,0.09545317645253668,1.2848268300880448,0.09755109397312367,-6.306800000000067,0.0,0.08348308131169863,final_approach,-0.2708465778177356,-0.5558534406969446,-5.3801282921593625,
27.767,63.94640255,-22.60528713,658.477,592.264,-0.8711,-2.2635,353.7148,-0.0038,-0.0225,0.0101,66.114,66.551,-5.6222,112.3251,0.2299,0.0,0.0,0.0,-0.03,1642.6,0.0,10.0,270.0,0,27.767,-0.017659616183931415,0.08816405251658013,-0.03,0.08968568006460587,0.6313086812858021,1.0,0.0,-2015.5680692868211,8.46368360275062,511.977,588.764,3.775171789567253,0.013522896863728992,0.0956556638357032,1.2905850932968164,0.09726925964537259,-6.3052000000000135,0.0,0.08590205056693258,final_approach,-0.2717635926436017,-0.556811060122282,-5.38290006738244,
27.85,63.94642814,-22.60528701,658.008,591.827,-0.8714,-2.2654,353.7157,-0.0037,-0.0224,0.0101,66.121,66.559,-5.6237,112.3385,0.2296,0.0,0.0,0.0,-0.03,1642.5,0.0,10.0,270.0,0,27.85,-0.017672739067223386,0.08819512460122252,-0.03,0.0896774219807096,0.6312590707245059,1.0,0.0,-2012.7153774951175,8.46856707351659,511.50800000000004,588.327,3.7762654198244716,0.013465125412983798,0.09576474379410967,1.2949629482736065,0.09710226377438858,-6.304300000000012,0.0,0.08575980500607301,final_approach,-0.272401694389675,-0.5575213125846439,-5.384364014467657,
27.942,63.9464563,-22.60528688,657.492,591.205,-0.8717,-2.2674,353.7166,-0.0036,-0.0227,0.0101,66.128,66.568,-5.6253,112.3532,0.2293,0.0,0.0,0.0,-0.03,1642.4,0.0,10.0,270.0,0,27.942,-0.017689644921699776,0.08822716159268991,-0.03,0.08966916230909694,0.6312041472813764,1.0,0.0,-2009.5761903143812,8.473840475906457,510.99199999999996,587.705,3.777472685729004,0.013408013758161478,0.09588378332822449,1.299813036631764,0.09693395472177713,-6.3034000000000106,0.0,0.08488045514386587,final_approach,-0.27310624750809964,-0.5583297665598828,-5.385984537469131,
28.05,63.9464947,-22.6052867,656.789,590.557,-0.8722,-2.2702,353.7178,-0.0034,-0.023,0.01,66.138,66.579,-5.6274,112.3732,0.2288,0.0,0.0,0.0,-0.03,1642.3,0.0,10.0,270.0,0,28.05,-0.017700690171772282,0.08827466003144642,-0.03,0.08965814694386132,0.6311285322826236,1.0,0.0,-2005.2954804756096,8.481165098451532,510.289,587.057,3.7791288388295285,0.013729136620264738,0.09604786124591402,1.3055068787144484,0.09665820887369136,-6.302199999999971,0.0,0.08558155854829984,final_approach,-0.27396540552324566,-0.5592093290422397,-5.388215222542037,
28.133,63.94652031,-22.60528658,656.32,590.053,-0.8724,-2.2721,353.7187,-0.0032,-0.0228,0.01,66.145,66.587,-5.6289,112.3864,0.2286,0.0,0.0,0.0,-0.03,1642.2,0.0,10.0,270.0,0,28.133,-0.017720625117059408,0.08830606204986827,-0.03,0.08964988356764281,0.6310778263974954,1.0,0.0,-2002.440559149743,8.486047790963232,509.82000000000005,586.553,3.780235608973999,0.01366337719253084,0.09615741765280231,1.3098760420151876,0.09654254547888286,-6.301299999999969,0.0,0.08546844862549813,final_approach,-0.2746031508872875,-0.5599964261908994,-5.389710851129504,
28.242,63.9465536,-22.60528643,655.71,589.457,-0.8728,-2.2746,353.7197,-0.0032,-0.0232,0.0099,66.153,66.597,-5.6308,112.4036,0.2282,0.0,0.0,0.0,-0.03,1642.0,0.0,10.0,270.0,0,28.242,-0.017737642361062622,0.08834290362358896,-0.03,0.08964070017644199,0.6310116421392069,1.0,0.0,-1998.7294959576254,8.492101445727886,509.21000000000004,585.957,3.7816756707113672,0.01358807692247324,0.09629668762018498,1.3156131646797993,0.09632081998759645,-6.300299999999993,0.0,0.08437081651526489,final_approach,-0.27543452831410775,-0.5609155414835154,-5.391662762356283,
28.342,63.94658433,-22.60528628,655.147,588.94,-0.8731,-2.2768,353.7207,-0.0032,-0.0232,0.0098,66.161,66.607,-5.6326,112.4193,0.2278,0.0,0.0,0.0,-0.03,1641.9,0.0,10.0,270.0,0,28.342,-0.01775514643360887,0.08837895773947363,-0.03,0.08963151482518938,0.6309501198282899,1.0,0.0,-1995.303813216835,8.498254716892456,508.64700000000005,585.44,3.783009708948648,0.013546794497529152,0.09643184224231653,1.3208709716884315,0.09610071143512755,-6.299299999999903,0.0,0.08397346955932784,final_approach,-0.2762063487979738,-0.5617473028746947,-5.393476909246562,
28.45,63.94661763,-22.60528613,654.537,588.26,-0.8735,-2.2793,353.7218,-0.0032,-0.0233,0.0097,66.17,66.617,-5.6345,112.4363,0.2275,0.0,0.0,0.0,-0.03,1641.8,0.0,10.0,270.0,0,28.45,-0.017774465186307153,0.08842056371383698,-0.03,0.08962140867498236,0.630882990069231,1.0,0.0,-1991.5916352580318,8.504307982530115,508.03700000000003,584.76,3.784460346195872,0.013527633141805226,0.09657152795654195,1.3265455612096597,0.0959302827561146,-6.298199999999952,0.0,0.08391527535696496,final_approach,-0.2770312088226774,-0.5627339202361075,-5.395456105729025,
28.533,63.94664069,-22.60528602,654.114,587.817,-0.8737,-2.281,353.7225,-0.0031,-0.0231,0.0096,66.175,66.624,-5.6359,112.4481,0.2272,0.0,0.0,0.0,-0.03,1641.7,0.0,10.0,270.0,0,28.533,-0.01779131547532392,0.08844231386361748,-0.03,0.08961497625368342,0.630836437580843,1.0,0.0,-1989.0209797854511,8.508799965163096,507.61400000000003,584.317,3.785463288383895,0.013286967754763106,0.09667178979811605,1.33089921037689,0.09576525873885089,-6.2974999999999,0.0,0.08176306522045591,final_approach,-0.277654959988066,-0.5634254924142894,-5.3968284353906135,
28.642,63.94667656,-22.60528586,653.456,587.196,-0.8741,-2.2837,353.7236,-0.0031,-0.0231,0.0095,66.184,66.635,-5.6381,112.4662,0.2268,0.0,0.0,0.0,-0.03,1641.5,0.0,10.0,270.0,0,28.642,-0.017808685357091847,0.08848131153901231,-0.03,0.08960486622269015,0.6307635993065986,1.0,0.0,-1985.0223064376144,8.51524316242465,506.956,583.696,3.7870276058782872,0.013464395903269342,0.09682176435372254,1.3366171822270763,0.09554284912670141,-6.296399999999949,0.0,0.0818363145040012,final_approach,-0.2784982663336706,-0.5643615464080227,-5.398975346387182,
28.758,63.94670988,-22.60528571,652.846,586.507,-0.8744,-2.2862,353.7246,-0.0032,-0.023,0.0093,66.193,66.644,-5.6401,112.483,0.2264,0.0,0.0,0.0,-0.03,1641.4,0.0,10.0,270.0,0,28.758,-0.017831917902770333,0.08852153737254637,-0.03,0.08959567322746576,0.6306950369804372,1.0,0.0,-1981.3078989438557,8.5212956496337,506.346,583.007,3.788494641768849,0.013328140106980151,0.09696205682362323,1.3426965277140053,0.09532184387791176,-6.295399999999972,0.0,0.08144994108514245,final_approach,-0.2793696378885926,-0.565342024145675,-5.4009958868584675,
28.842,63.94673807,-22.60528558,652.328,586.056,-0.8747,-2.2882,353.7255,-0.0032,-0.0229,0.0093,66.2,66.653,-5.6418,112.4971,0.2261,0.0,0.0,0.0,-0.03,1641.3,0.0,10.0,270.0,0,28.842,-0.017846015837687135,0.08855245111547684,-0.03,0.08958739785601866,0.6306373395907032,1.0,0.0,-1978.1653674606857,8.526567884641747,505.828,582.556,3.789725145839158,0.013548259752460988,0.0970826374559055,1.3470919189827022,0.09515459780723745,-6.294499999999971,0.0,0.08162115856225616,final_approach,-0.28002485699844826,-0.5660776786484121,-5.402695983421673,
28.933,63.9467637,-22.60528546,651.858,585.561,-0.875,-2.2901,353.7263,-0.0034,-0.0229,0.0092,66.206,66.66,-5.6433,112.5099,0.2258,0.0,0.0,0.0,-0.03,1641.2,0.0,10.0,270.0,0,28.933,-0.01786212285086053,0.08858005766696982,-0.03,0.08958004063754577,0.6305842581416654,1.0,0.0,-1975.3082165998635,8.5314497988989,505.35799999999995,582.061,3.790853963629474,0.013357648310779605,0.09719340646513402,1.3518503401501152,0.09498872227618449,-6.293699999999944,0.0,0.08019505923242085,final_approach,-0.28070815817563144,-0.5668577324817097,-5.404259863914724,
29.033,63.94679447,-22.60528532,651.294,584.975,-0.8753,-2.2924,353.7272,-0.0034,-0.0229,0.0092,66.214,66.67,-5.6452,112.5252,0.2254,0.0,0.0,0.0,-0.03,1641.1,0.0,10.0,270.0,0,29.033,-0.017879434591335064,0.08861505659548348,-0.03,0.08957176226744534,0.6305200750771589,1.0,0.0,-1971.878074960183,8.537111576403568,504.794,581.475,3.7922147512350275,0.013399352934905793,0.09732428539231341,1.3570766008888462,0.09476941546836315,-6.292799999999943,0.0,0.08017732657492391,final_approach,-0.28147077935363995,-0.5676768124217002,-5.406150558294193,
29.133,63.94682524,-22.60528518,650.729,584.394,-0.8757,-2.2946,353.7281,-0.0034,-0.0229,0.0091,66.221,66.679,-5.6471,112.5405,0.2251,0.0,0.0,0.0,-0.03,1640.9,0.0,10.0,270.0,0,29.133,-0.01789583890741464,0.0886456025240838,-0.03,0.08956348230984801,0.6304558452933274,1.0,0.0,-1968.4479333205022,8.542773353908236,504.22900000000004,580.894,3.7935720606349896,0.013428309779025122,0.0974553430891717,1.3622985465281336,0.0946010793373091,-6.291899999999941,0.0,0.07925211506811733,final_approach,-0.2822331476781379,-0.5685723492292531,-5.40804234331582,
29.242,63.94685857,-22.60528503,650.117,583.809,-0.876,-2.2971,353.7291,-0.0035,-0.0229,0.009,66.229,66.688,-5.6492,112.5569,0.2247,0.0,0.0,0.0,-0.03,1640.8,0.0,10.0,270.0,0,29.242,-0.017916616698117116,0.08867990699328507,-0.03,0.08955428049510428,0.6303858159784524,1.0,0.0,-1964.7324110592656,8.548825451990012,503.61699999999996,580.309,3.7950468816309604,0.01344533612467799,0.09759658502266565,1.3679868895765521,0.09438076700641318,-6.290899999999965,0.0,0.0787196041903614,final_approach,-0.2830616027788828,-0.5694891548572496,-5.4101046189088535,
29.342,63.94688935,-22.60528489,649.552,583.273,-0.8764,-2.2993,353.73,-0.0036,-0.0227,0.009,66.237,66.697,-5.6511,112.572,0.2243,0.0,0.0,0.0,-0.03,1640.7,0.0,10.0,270.0,0,29.342,-0.017930051276387915,0.08871514480354942,-0.03,0.08954599718618184,0.6303206590422213,1.0,0.0,-1961.3011546528994,8.554486840367685,503.052,579.773,3.7964144098691626,0.01348366050090202,0.09772803295689249,1.3731997365736528,0.09416183720460936,-6.289999999999964,0.0,0.07883600380941558,final_approach,-0.2838234554622332,-0.5703076351064009,-5.4120231045709275,
29.442,63.94692013,-22.60528475,648.987,582.63,-0.8768,-2.3016,353.7309,-0.0036,-0.0227,0.0089,66.244,66.706,-5.6531,112.587,0.2239,0.0,0.0,0.0,-0.03,1640.6,0.0,10.0,270.0,0,29.442,-0.017943480745173324,0.08874433222080896,-0.03,0.0895377122898171,0.6302550936394454,1.0,0.0,-1957.8698982457406,8.56014822874508,502.48699999999997,579.13,3.7977860012263727,0.013522369346101817,0.09785966087544579,1.378408370205952,0.09394306732858126,-6.289099999999962,0.0,0.0780327307358368,final_approach,-0.2845850683771829,-0.571125992026495,-5.413953321136567,
29.55,63.94695091,-22.60528461,648.422,582.122,-0.8771,-2.3038,353.7318,-0.0034,-0.0225,0.0089,66.252,66.715,-5.655,112.602,0.2235,0.0,0.0,0.0,-0.03,1640.4,0.0,10.0,270.0,0,29.55,-0.017963484310075994,0.08877982496687915,-0.03,0.08952942580602763,0.6301891169093257,1.0,0.0,-1954.4386418393742,8.565809617122751,501.922,578.622,3.7991616738334937,0.0133915926759506,0.09799146914821652,1.384029178741218,0.09372435573502003,-6.288199999999961,0.0,0.07767285285749097,final_approach,-0.2853934707940802,-0.5720149704352409,-5.415895347514688,
29.65,63.94698427,-22.60528446,647.809,581.501,-0.8775,-2.3062,353.7327,-0.0033,-0.0223,0.0089,66.259,66.725,-5.6571,112.6181,0.2231,0.0,0.0,0.0,-0.03,1640.3,0.0,10.0,270.0,0,29.65,-0.01797759806553212,0.08881034087111987,-0.03,0.08952113773483128,0.6301173758460947,1.0,0.0,-1950.7197752757045,8.571860547822709,501.30899999999997,578.001,3.8006524381571585,0.013644267769400212,0.0981335566763054,1.3892291038130444,0.09350459373388276,-6.287299999999959,0.0,0.07697532077954193,final_approach,-0.28616787125181276,-0.5728511030425985,-5.4180067065191295,
29.75,63.94701506,-22.60528432,647.243,580.967,-0.8778,-2.3084,353.7336,-0.0033,-0.0222,0.0088,66.267,66.733,-5.6591,112.6329,0.2227,0.0,0.0,0.0,-0.03,1640.1,0.0,10.0,270.0,0,29.75,-0.01799486108665288,0.08884413933328877,-0.03,0.08951284807624582,0.6300508109743442,1.0,0.0,-1947.2874041018604,8.577521547073108,500.74300000000005,577.467,3.802030936396443,0.01366772020664077,0.0982657587454396,1.3944249160082116,0.09328620207708127,-6.286399999999958,0.0,0.07725029161776126,final_approach,-0.2869287893301262,-0.5736689734211708,-5.419965411676294,
29.85,63.94704586,-22.60528418,646.677,580.374,-0.8782,-2.3105,353.7345,-0.0033,-0.0221,0.0088,66.274,66.742,-5.661,112.6477,0.2224,0.0,0.0,0.0,-0.03,1640.0,0.0,10.0,270.0,0,29.85,-0.018011216695702603,0.0888756327065871,-0.03,0.08950455683028902,0.6299837389409386,1.0,0.0,-1943.8539181597464,8.583182157021895,500.177,576.874,3.8034154001577027,0.013697206440967094,0.0983981598826846,1.3996166489431194,0.09311873040934415,-6.285499999999956,0.0,0.07659117419796924,final_approach,-0.28768950790898984,-0.5745633026337842,-5.421938731846804,
29.95,63.94707666,-22.60528405,646.111,579.706,-0.8785,-2.3127,353.7354,-0.0032,-0.0221,0.0087,66.281,66.751,-5.6629,112.6624,0.222,0.0,0.0,0.0,-0.03,1639.9,0.0,10.0,270.0,0,29.95,-0.01802803310833717,0.08890727481780188,-0.03,0.08949626399697896,0.6299162453559355,1.0,0.0,-1940.420432389445,8.58835282982015,499.611,576.206,3.8048040110829477,0.013728690242880969,0.0985251225360034,1.4048037723669093,0.09290054702540829,-6.284599999999955,0.0,0.07599197654361307,final_approach,-0.2884425437278466,-0.5753695981836078,-5.423924142151183,
30.058,63.94711003,-22.6052839,645.497,579.127,-0.8788,-2.3151,353.7363,-0.0033,-0.0221,0.0087,66.289,66.76,-5.665,112.6782,0.2215,0.0,0.0,0.0,-0.03,1639.7,0.0,10.0,270.0,0,30.058,-0.018045755193991098,0.0889425984025747,-0.03,0.08948796957633331,0.6298429276381375,1.0,0.0,-1936.7004510590896,8.594403371567171,498.99699999999996,575.627,3.806307320736986,0.013760497508015676,0.09866802439489097,1.4104026254210367,0.09263047168846583,-6.283699999999953,0.0,0.07581762177365121,final_approach,-0.28926306927300516,-0.5761994045075625,-5.426080522117161,
30.133,63.94713057,-22.60528381,645.119,578.841,-0.8791,-2.3165,353.7369,-0.0033,-0.022,0.0087,66.294,66.766,-5.6663,112.6879,0.2213,0.0,0.0,0.0,-0.03,1639.6,0.0,10.0,270.0,0,30.133,-0.01805802516038013,0.08896459962980698,-0.03,0.08948243908072562,0.6297975766520596,1.0,0.0,-1934.4107173099658,8.598013539789356,498.619,575.341,3.807234549828601,0.01352759034915733,0.09875477944999697,1.4142832273162338,0.09251908772949946,-6.28309999999999,0.0,0.0749857167639199,final_approach,-0.28981559568566695,-0.5768644266469956,-5.427414175380026,
30.233,63.94716395,-22.60528366,644.505,578.199,-0.8794,-2.3189,353.7378,-0.0034,-0.0219,0.0086,66.301,66.775,-5.6684,112.7036,0.2208,0.0,0.0,0.0,-0.03,1639.5,0.0,10.0,270.0,0,30.233,-0.018073009098617476,0.08899597985202717,-0.03,0.08947414201456094,0.6297233595098802,1.0,0.0,-1930.689621212133,8.604063692235044,498.005,574.699,3.808747635445607,0.013794801319307784,0.09889804262555651,1.4194587541544021,0.09224922656545687,-6.282199999999989,0.0,0.07453246978538618,final_approach,-0.29058878323877835,-0.5776231886364389,-5.42959640204629,
30.342,63.94719734,-22.60528351,643.891,577.635,-0.8798,-2.3212,353.7388,-0.0033,-0.0219,0.0085,66.309,66.784,-5.6704,112.7192,0.2204,0.0,0.0,0.0,-0.03,1639.3,0.0,10.0,270.0,0,30.342,-0.018089855602701266,0.08903367527420135,-0.03,0.08946492119052252,0.6296485442489909,1.0,0.0,-1926.9674103460302,8.610113455727241,497.39099999999996,574.135,3.81026752298026,0.013819654822134094,0.0990415375449475,1.4250969149400403,0.09203037026165362,-6.281199999999899,0.0,0.07442901756969694,final_approach,-0.2914145264964674,-0.5785380642237783,-5.431795833275032,
30.45,63.94722816,-22.60528337,643.324,576.916,-0.8801,-2.3234,353.7396,-0.0032,-0.0218,0.0085,66.316,66.793,-5.6724,112.7335,0.22,0.0,0.0,0.0,-0.03,1639.2,0.0,10.0,270.0,0,30.45,-0.018110090944578605,0.08906413865372442,-0.03,0.0894575431203879,0.6295791318115346,1.0,0.0,-1923.5316948697528,8.615773287595818,496.82399999999996,573.416,3.811672857708643,0.013685105451134712,0.09917504977819722,1.4306774714223014,0.09181286388974286,-6.280399999999986,0.0,0.07355499913743911,final_approach,-0.29222061781447195,-0.5794253461424095,-5.433836088685499,
30.558,63.94726155,-22.60528322,642.709,576.302,-0.8805,-2.3257,353.7405,-0.0032,-0.0217,0.0084,66.324,66.802,-5.6745,112.749,0.2196,0.0,0.0,0.0,-0.03,1639.1,0.0,10.0,270.0,0,30.558,-0.018126872430759444,0.08910014976905482,-0.03,0.0894492412924156,0.629503710761633,1.0,0.0,-1919.8094840044423,8.621823050914232,496.20899999999995,572.802,3.8131946654818742,0.013752723328463019,0.09931895850175405,1.4362534800433706,0.09159422496878733,-6.2794999999999845,0.0,0.07360218776803852,final_approach,-0.2930398841633277,-0.5803307782523017,-5.4360525829870525,
30.667,63.94729495,-22.60528308,642.095,575.723,-0.8808,-2.328,353.7414,-0.0033,-0.0217,0.0084,66.331,66.811,-5.6765,112.7644,0.2191,0.0,0.0,0.0,-0.03,1638.9,0.0,10.0,270.0,0,30.667,-0.018144455291128736,0.08913418873928661,-0.03,0.08944093787721064,0.6294272991883085,1.0,0.0,-1916.086158542674,8.627382487954565,495.595,572.223,3.8147310143835313,0.013809760115702483,0.09945745255661508,1.441875954727884,0.09132493494394112,-6.278599999999983,0.0,0.07274927828787896,final_approach,-0.2938572676442348,-0.5811570133810147,-5.43829779063751,
30.742,63.94731808,-22.60528297,641.669,575.321,-0.8811,-2.3296,353.7421,-0.0032,-0.0216,0.0083,66.336,66.817,-5.678,112.775,0.2188,0.0,0.0,0.0,-0.03,1638.8,0.0,10.0,270.0,0,30.742,-0.01815458622878774,0.08915626707173106,-0.03,0.08943447856805087,0.6293743816211175,1.0,0.0,-1913.5076996985413,8.631871746696907,495.169,571.821,3.815791804640263,0.013865445111377531,0.09956085677186444,1.4457383290989543,0.09116205566746771,-6.277900000000045,0.0,0.07219631359503602,final_approach,-0.2944296543202256,-0.5817743320051179,-5.439852438303909,
30.85,63.94735405,-22.60528281,641.006,574.526,-0.8814,-2.3321,353.743,-0.0031,-0.0217,0.0082,66.344,66.827,-5.6802,112.7914,0.2184,0.0,0.0,0.0,-0.03,1638.6,0.0,10.0,270.0,0,30.85,-0.01817593407657303,0.08919403668772963,-0.03,0.08942617233114403,0.6292917900461776,1.0,0.0,-1909.4978786767194,8.638311052686003,494.506,571.026,3.81744228685239,0.014101578043628283,0.09971561947553127,1.4513029580175554,0.0909427013651225,-6.277000000000044,0.0,0.07236701909312662,final_approach,-0.29526192460118494,-0.5826982790033526,-5.442278487087158,
30.958,63.94738489,-22.60528268,640.438,573.928,-0.8817,-2.3342,353.7439,-0.0032,-0.0217,0.0082,66.351,66.835,-5.6822,112.8054,0.2179,0.0,0.0,0.0,-0.03,1638.5,0.0,10.0,270.0,0,30.958,-0.01819244722152713,0.08922521227718615,-0.03,0.08941786450705536,0.6292203213587781,1.0,0.0,-1906.0599338365068,8.643480168975165,493.938,570.428,3.818865467051391,0.013947580775556048,0.09984444528880365,1.4568614674598828,0.09067497502792321,-6.276100000000042,0.0,0.07168045506782993,final_approach,-0.29605935006906847,-0.5834967767319768,-5.444377436459028,
31.058,63.94741831,-22.60528253,639.822,573.174,-0.8821,-2.3365,353.7448,-0.0032,-0.0217,0.0081,66.359,66.844,-5.6843,112.8205,0.2175,0.0,0.0,0.0,-0.03,1638.3,0.0,10.0,270.0,0,31.058,-0.01820650487955955,0.089262036084235,-0.03,0.0894095550958035,0.6291425513771756,1.0,0.0,-1902.3343786687633,8.649528764911759,493.322,569.674,3.820408882926687,0.014195343771789716,0.09998941799337654,1.4620042043676875,0.09045702337519401,-6.275200000000041,0.0,0.0724367773343867,final_approach,-0.2968310776164387,-0.584331566018836,-5.44666105216719,
31.158,63.94744916,-22.6052824,639.254,572.656,-0.8824,-2.3387,353.7456,-0.0032,-0.0218,0.0081,66.365,66.853,-5.6862,112.8343,0.2171,0.0,0.0,0.0,-0.03,1638.2,0.0,10.0,270.0,0,31.158,-0.01822356017662219,0.08929124621491404,-0.03,0.08940216762004971,0.6290700423986438,1.0,0.0,-1898.8953190618652,8.654697492073925,492.754,569.156,3.82184301350001,0.014219670765363027,0.10011863821236733,1.4671427208410321,0.09024040015023616,-6.274400000000014,0.0,0.07130616121307895,final_approach,-0.2975815854117414,-0.5851363671450578,-5.448789814697484,
31.258,63.94748001,-22.60528226,638.685,571.925,-0.8827,-2.3408,353.7464,-0.0031,-0.0218,0.008,66.372,66.861,-5.6882,112.8481,0.2167,0.0,0.0,0.0,-0.03,1638.0,0.0,10.0,270.0,0,31.258,-0.018241042014163822,0.08932277913714222,-0.03,0.08939477889026859,0.6289974671406494,1.0,0.0,-1895.4562592831544,8.660356156560683,492.18499999999995,568.425,3.823273788756878,0.014234351065916036,0.10025370959110402,1.4722776160640056,0.09002382990308888,-6.273599999999988,0.0,0.07118741928462191,final_approach,-0.2983393878303282,-0.5859522413680693,-5.4509201653585215,
31.333,63.94750315,-22.60528216,638.258,571.506,-0.883,-2.3424,353.747,-0.0031,-0.0218,0.0079,66.377,66.867,-5.6897,112.8584,0.2164,0.0,0.0,0.0,-0.03,1637.9,0.0,10.0,270.0,0,31.333,-0.01825102461992134,0.08934546034251876,-0.03,0.08938923651998465,0.6289428090733646,1.0,0.0,-1892.8766858425645,8.664355088850884,491.75800000000004,568.006,3.824348282587734,0.014249723290166112,0.10035230362316325,1.4761233447955828,0.0898614856448603,-6.272999999999911,0.0,0.07077644177389325,final_approach,-0.2989035565909042,-0.5865579651441006,-5.452524344528392,
31.433,63.94753401,-22.60528203,637.689,570.901,-0.8833,-2.3446,353.7478,-0.0031,-0.0219,0.0078,66.384,66.875,-5.6917,112.8721,0.2159,0.0,0.0,0.0,-0.03,1637.8,0.0,10.0,270.0,0,31.433,-0.01826511325870167,0.08937734134030594,-0.03,0.08938184559568818,0.6288693312427982,1.0,0.0,-1889.4365114681887,8.669523426885775,491.18899999999996,567.401,3.825788643151162,0.014275370347517838,0.10048204166295645,1.48125113781256,0.08959434360210139,-6.272199999999998,0.0,0.07070585615808923,final_approach,-0.2996535325884295,-0.5872858030863295,-5.4546805523435395,
31.542,63.94756744,-22.60528188,637.073,570.197,-0.8836,-2.3469,353.7486,-0.0031,-0.0219,0.0078,66.391,66.884,-5.6939,112.8868,0.2155,0.0,0.0,0.0,-0.03,1637.6,0.0,10.0,270.0,0,31.542,-0.01828634873007179,0.08940913534715421,-0.03,0.08937445341739936,0.6287890542913793,1.0,0.0,-1885.709841532967,8.675571633869156,490.573,566.697,3.827356955958936,0.01429417377243324,0.10062800130912135,1.4868377108212019,0.08937705282008324,-6.271399999999971,0.0,0.07011624955156143,final_approach,-0.30047668288409923,-0.5881990899186853,-5.457035862205352,
31.642,63.94759831,-22.60528175,636.503,569.485,-0.8839,-2.3491,353.7494,-0.0032,-0.0218,0.0077,66.397,66.892,-5.6959,112.9003,0.2151,0.0,0.0,0.0,-0.03,1637.5,0.0,10.0,270.0,0,31.642,-0.018303380745935904,0.089437093696575,-0.03,0.08936705998513339,0.6287149037213319,1.0,0.0,-1882.2685523911134,8.680739582776773,490.00300000000004,565.985,3.8288006862689308,0.01431802866035239,0.10075813808644517,1.4919573989271089,0.08916097885847307,-6.270600000000059,0.0,0.0691965905014198,final_approach,-0.30122626662009466,-0.5890033119071969,-5.459211037629867,
31.742,63.94762918,-22.60528161,635.933,568.836,-0.8843,-2.3512,353.7501,-0.0032,-0.0218,0.0076,66.404,66.9,-5.698,112.9138,0.2146,0.0,0.0,0.0,-0.03,1637.3,0.0,10.0,270.0,0,31.742,-0.01831434006271454,0.08946754712049423,-0.03,0.08936058970325578,0.6286402829183331,1.0,0.0,-1878.8272630774475,8.686397469008984,489.433,565.336,3.830248871428703,0.014345332483247453,0.10089414714371947,1.4970736223117238,0.08889421380686713,-6.269900000000007,0.0,0.069269627728555,final_approach,-0.30198319041590693,-0.5897421831881164,-5.461399631723676,
31.842,63.94766005,-22.60528148,635.363,568.193,-0.8846,-2.3534,353.7509,-0.003,-0.0217,0.0075,66.41,66.908,-5.7,112.9272,0.2142,0.0,0.0,0.0,-0.03,1637.2,0.0,10.0,270.0,0,31.842,-0.018331362394573114,0.08949588106555705,-0.03,0.08935319391981522,0.6285651885332425,1.0,0.0,-1875.3859739348018,8.691565417916326,488.86300000000006,564.693,3.8317015314977003,0.014375543851035007,0.10102465142135747,1.5021858420461538,0.0886783454585327,-6.26909999999998,0.0,0.06842693429868668,final_approach,-0.30273241272431406,-0.5905461646278649,-5.463601735943666,
31.95,63.9476935,-22.60528134,634.746,567.59,-0.8849,-2.3557,353.7517,-0.003,-0.0217,0.0075,66.417,66.916,-5.7023,112.9416,0.2137,0.0,0.0,0.0,-0.03,1637.0,0.0,10.0,270.0,0,31.95,-0.018348859448333754,0.089526576440719,-0.03,0.08934579688243438,0.6284830197683309,1.0,0.0,-1871.6570746364373,8.697122909146508,488.246,564.09,3.8332856733250216,0.014424283189629857,0.10116577569365272,1.5077038767897022,0.08841083772554725,-6.268299999999954,0.0,0.06809855980015705,final_approach,-0.3035414511559189,-0.5913624687101713,-5.46601085660258,
32.058,63.94772439,-22.6052812,634.175,566.959,-0.8852,-2.3578,353.7524,-0.003,-0.0216,0.0074,66.424,66.924,-5.7043,112.9549,0.2133,0.0,0.0,0.0,-0.03,1636.9,0.0,10.0,270.0,0,32.058,-0.018369290666454208,0.0895592915636203,-0.03,0.0893393234461135,0.6284071346731935,1.0,0.0,-1868.2135557886081,8.702780017124448,487.67499999999995,563.459,3.8347437367673005,0.01427033389610966,0.10130239977989673,1.513216802009488,0.08819517562830015,-6.267599999999902,0.0,0.06780003752876648,final_approach,-0.30434398586996636,-0.5922471178076147,-5.468235340856477,
32.158,63.94775785,-22.60528106,633.557,566.159,-0.8855,-2.3601,353.7533,-0.0031,-0.0215,0.0074,66.431,66.933,-5.7066,112.9692,0.2128,0.0,0.0,0.0,-0.03,1636.7,0.0,10.0,270.0,0,32.158,-0.01838379221128328,0.08959024629435715,-0.03,0.08933099904590525,0.6283241837412277,1.0,0.0,-1864.4835417219733,8.70833711940114,487.057,562.659,3.8363321965288977,0.014539377849419947,0.10144395887859013,1.518317141890649,0.08792789060549921,-6.266699999999901,0.0,0.06800003411705198,final_approach,-0.30510641984107423,-0.5929935002705964,-5.470666508246321,
32.233,63.94778101,-22.60528096,633.129,565.83,-0.8858,-2.3617,353.7538,-0.0031,-0.0214,0.0073,66.435,66.938,-5.7082,112.979,0.2125,0.0,0.0,0.0,-0.03,1636.6,0.0,10.0,270.0,0,32.233,-0.018394050698200826,0.08960816565371545,-0.03,0.08932637369339613,0.6282665311475185,1.0,0.0,-1861.90173874722,8.712335273437072,486.629,562.33,3.8374329354989163,0.014562234807891452,0.10154383565115938,1.5221371367097591,0.0877663883458979,-6.266200000000026,0.0,0.06666669768217467,final_approach,-0.3056693649848832,-0.5935986292895734,-5.472355946541267,
32.342,63.9478119,-22.60528083,632.558,565.137,-0.8861,-2.3638,353.7545,-0.0031,-0.0214,0.0073,66.442,66.946,-5.7103,112.9921,0.212,0.0,0.0,0.0,-0.03,1636.4,0.0,10.0,270.0,0,32.342,-0.018411416135445835,0.0896395998769536,-0.03,0.0893198973770154,0.6281892692811673,1.0,0.0,-1858.458220070411,8.717502444090142,486.058,561.637,3.8389038951982126,0.014384369525377912,0.10167528175642375,1.5276893108244973,0.0875003562513541,-6.2654999999999745,0.0,0.06644428730071816,final_approach,-0.30646951165854475,-0.5944037430291704,-5.4746196600417925,
32.45,63.94784537,-22.60528069,631.94,564.377,-0.8864,-2.3661,353.7553,-0.003,-0.0214,0.0073,66.451,66.954,-5.7124,113.0061,0.2116,0.0,0.0,0.0,-0.03,1636.2,0.0,10.0,270.0,0,32.45,-0.018431834044084716,0.08968292567948931,-0.03,0.08931249469706848,0.628104710699498,1.0,0.0,-1854.7270912362987,8.72305915723956,485.44000000000005,560.877,3.840508346642897,0.014462979920352241,0.10181742410246045,1.533185911108595,0.0872842331150423,-6.264699999999948,0.0,0.06797965512186499,final_approach,-0.3072774648124508,-0.5952958523868421,-5.477096702192732,
32.55,63.94787885,-22.60528054,631.321,563.774,-0.8868,-2.3684,353.7561,-0.0031,-0.0216,0.0072,66.46,66.963,-5.7144,113.0201,0.2111,0.0,0.0,0.0,-0.03,1636.1,0.0,10.0,270.0,0,32.55,-0.01844321630555784,0.08972807635633995,-0.03,0.08930509076325477,0.6280198823659642,1.0,0.0,-1850.9948474644805,8.729105418586848,484.821,560.274,3.842112273193424,0.014725694184505709,0.10196552432055642,1.5382718438369551,0.08701746848353764,-6.263899999999921,0.0,0.06998150465624167,final_approach,-0.3080468808195924,-0.5960535332656036,-5.479581164383443,
32.658,63.94791233,-22.6052804,630.701,563.047,-0.8871,-2.3707,353.7569,-0.0031,-0.0221,0.0072,66.468,66.971,-5.7162,113.0341,0.2106,0.0,0.0,0.0,-0.03,1635.9,0.0,10.0,270.0,0,32.658,-0.018460686034808493,0.08977277792772215,-0.03,0.0892976855755887,0.62793488791066,1.0,0.0,-1847.262603863683,8.73466174243521,484.201,559.547,3.843713729269866,0.014742794654436623,0.10210812273312625,1.54376174245432,0.08675076992841468,-6.2631000000000085,0.0,0.07035355642150713,final_approach,-0.30885467548046464,-0.5968691615548778,-5.482070008304923,
32.758,63.94794323,-22.60528027,630.13,562.376,-0.8874,-2.3729,353.7576,-0.003,-0.0226,0.0071,66.476,66.979,-5.7179,113.0468,0.2102,0.0,0.0,0.0,-0.03,1635.8,0.0,10.0,270.0,0,32.758,-0.0184779825862027,0.08981626481605369,-0.03,0.08929120500783883,0.6278554055209821,1.0,0.0,-1843.8179704193963,8.739828523961007,483.63,558.876,3.8452062953575945,0.014773272358244683,0.10224037716682235,1.5488399076961545,0.08653604501751033,-6.262399999999957,0.0,0.07123050583772962,final_approach,-0.3096023476323495,-0.5976725035353425,-5.484397007989031,
32.833,63.94796642,-22.60528017,629.701,561.901,-0.8876,-2.3746,353.7581,-0.0031,-0.0231,0.0071,66.482,66.984,-5.7191,113.0564,0.2098,0.0,0.0,0.0,-0.03,1635.6,0.0,10.0,270.0,0,32.833,-0.018489134378558703,0.08985025756730221,-0.03,0.08928657544314267,0.6277956217930935,1.0,0.0,-1841.2328231422096,8.74382551078918,483.201,558.401,3.846325772004217,0.014798786179921173,0.10234115186634479,1.5526433943168898,0.08632428366294675,-6.261899999999969,0.0,0.0720277325797549,final_approach,-0.3101646064518526,-0.5982008268605927,-5.486147013090591,
32.933,63.94799733,-22.60528004,629.129,561.345,-0.8879,-2.3769,353.7588,-0.0031,-0.0238,0.007,66.49,66.992,-5.7208,113.0691,0.2094,0.0,0.0,0.0,-0.03,1635.5,0.0,10.0,270.0,0,32.933,-0.018506421009977903,0.08989386384528188,-0.03,0.08928009322974917,0.6277155688564238,1.0,0.0,-1837.7870749304452,8.748991903187703,482.629,557.845,3.8478205641034506,0.01482364198198998,0.10247375220517324,1.5577152915563508,0.08610964899835949,-6.261199999999917,0.0,0.0727524841634094,final_approach,-0.3109120245162771,-0.5990039169137322,-5.488489969868937,
33.042,63.94802824,-22.60527991,628.557,560.568,-0.8883,-2.3792,353.7595,-0.0031,-0.0242,0.007,66.498,66.999,-5.7225,113.0817,0.2089,0.0,0.0,0.0,-0.03,1635.3,0.0,10.0,270.0,0,33.042,-0.01851990102257728,0.08993763684870598,-0.03,0.08927361005641021,0.6276350036747904,1.0,0.0,-1834.3413267186806,8.754158295586228,482.057,557.068,3.8493200682643804,0.014645854802927101,0.10260653948049459,1.5632397054670701,0.08584448876220563,-6.260499999999979,0.0,0.07281084882245696,final_approach,-0.3117107949042861,-0.5998082501660349,-5.490847486952848,
33.142,63.94806174,-22.60527977,627.937,559.963,-0.8886,-2.3818,353.7603,-0.003,-0.0246,0.0069,66.507,67.007,-5.7245,113.0952,0.2084,0.0,0.0,0.0,-0.03,1635.2,0.0,10.0,270.0,0,33.142,-0.018534697437544878,0.08998371751504232,-0.03,0.08926619954001858,0.6275471356918901,1.0,0.0,-1830.6068535829274,8.759713841354102,481.437,556.463,3.85094999748471,0.014921427702988299,0.10275015162133366,1.56830392161098,0.08557854741724213,-6.259700000000066,0.0,0.07437349892950652,final_approach,-0.3124718429887672,-0.6005545428968855,-5.493418206909201,
33.242,63.94809266,-22.60527964,627.364,559.328,-0.8889,-2.3843,353.761,-0.0028,-0.025,0.0069,66.514,67.015,-5.7263,113.1077,0.208,0.0,0.0,0.0,-0.03,1635.0,0.0,10.0,270.0,0,33.242,-0.018551974934723603,0.09002190635605241,-0.03,0.08925971430968116,0.6274658173629293,1.0,0.0,-1827.1599906036854,8.764879844625355,480.86400000000003,555.828,3.852453371348767,0.014940146192585522,0.10288334827242071,1.5733645766995186,0.08536425640957646,-6.2590000000000146,0.0,0.0739759081177252,final_approach,-0.3132187736392211,-0.6013574074659829,-5.495796847988977,
33.342,63.94812359,-22.60527951,626.791,558.612,-0.8892,-2.3868,353.7617,-0.0027,-0.0253,0.0068,66.522,67.022,-5.7282,113.1202,0.2075,0.0,0.0,0.0,-0.03,1634.9,0.0,10.0,270.0,0,33.342,-0.018566304819722157,0.09006249051289393,-0.03,0.08925322811942582,0.627383871087944,1.0,0.0,-1823.7120128569652,8.770045458769333,480.29100000000005,555.112,3.8539634801068545,0.014966969757300478,0.10301675214356111,1.5784217033248764,0.08509936257655681,-6.258299999999963,0.0,0.07452355283430442,final_approach,-0.31396557769253164,-0.6020838033821079,-5.498193412064175,
33.442,63.94815452,-22.60527939,626.218,558.031,-0.8894,-2.3893,353.7624,-0.0027,-0.0255,0.0067,66.53,67.029,-5.7302,113.1326,0.2071,0.0,0.0,0.0,-0.03,1634.7,0.0,10.0,270.0,0,33.442,-0.018586987314853087,0.09010144776485651,-0.03,0.0892467409692621,0.6273013990862913,1.0,0.0,-1820.264035281266,8.774721135588441,479.71799999999996,554.531,3.8554783828678967,0.014997312732820626,0.10314458567101363,1.5834747562142282,0.08488526457097123,-6.257599999999911,0.0,0.07502141166754535,final_approach,-0.3147045861564344,-0.6028750118806734,-5.500604900730359,
33.542,63.94818546,-22.60527926,625.645,557.349,-0.8897,-2.3918,353.763,-0.0027,-0.0257,0.0067,66.538,67.037,-5.7322,113.1449,0.2066,0.0,0.0,0.0,-0.03,1634.5,0.0,10.0,270.0,0,33.542,-0.018601615297412222,0.09014064065813279,-0.03,0.08924117979083568,0.627218289215368,1.0,0.0,-1816.8149427678604,8.779886360605422,479.145,553.849,3.857000081996325,0.015033925824731096,0.103278382394798,1.5885243452663274,0.08462066687474135,-6.257000000000062,0.0,0.07547401060685527,final_approach,-0.3154510543115876,-0.6036013427116629,-5.503034583974678,
33.65,63.94821897,-22.60527912,625.024,556.718,-0.89,-2.3946,353.7638,-0.0027,-0.0259,0.0066,66.546,67.045,-5.7345,113.1582,0.2061,0.0,0.0,0.0,-0.03,1634.4,0.0,10.0,270.0,0,33.65,-0.018619056311215354,0.09017818718367157,-0.03,0.0892337637892473,0.6271278511536277,1.0,0.0,-1813.0793548646295,8.785441517246023,478.524,553.218,3.8586503985246043,0.015075056286472426,0.10342304628489866,1.5939753466221376,0.08435520448429656,-6.256200000000035,0.0,0.07534674364933812,final_approach,-0.31625716550088256,-0.6044162681070322,-5.505677983516243,
33.75,63.94824991,-22.60527899,624.45,556.059,-0.8903,-2.3971,353.7644,-0.0026,-0.026,0.0066,66.554,67.052,-5.7366,113.1704,0.2057,0.0,0.0,0.0,-0.03,1634.2,0.0,10.0,270.0,0,33.75,-0.018636620977174778,0.0902157330319138,-0.03,0.08922820096529971,0.627044067522312,1.0,0.0,-1809.6302623504316,8.790606742262728,477.95000000000005,552.559,3.8601741653499384,0.01510215828095042,0.10355723812748018,1.5990178192794786,0.08414144393717038,-6.2555999999999585,0.0,0.07576976695393961,final_approach,-0.3170033482165948,-0.60521879037635,-5.5081263983705,
33.85,63.94828086,-22.60527886,623.877,555.386,-0.8905,-2.3997,353.7651,-0.0026,-0.0262,0.0066,66.561,67.059,-5.7389,113.1826,0.2052,0.0,0.0,0.0,-0.03,1634.1,0.0,10.0,270.0,0,33.85,-0.0186547944915037,0.0902462620676177,-0.03,0.08922171011271751,0.6269591897296299,1.0,0.0,-1806.1800550695486,8.795771578152436,477.37699999999995,551.886,3.861712859033955,0.015149621374152798,0.103691639627081,1.6040569238445885,0.08387710720890595,-6.254899999999907,0.0,0.0752452426854041,final_approach,-0.31774942564730324,-0.605944917643841,-5.51060631442326,
33.958,63.94831438,-22.60527872,623.255,554.782,-0.8908,-2.4025,353.7658,-0.0026,-0.0262,0.0065,66.57,67.067,-5.7413,113.1958,0.2047,0.0,0.0,0.0,-0.03,1633.9,0.0,10.0,270.0,0,33.958,-0.0186725275379101,0.09028637567520098,-0.03,0.08921521830027268,0.6268672816111719,1.0,0.0,-1802.44335239884,8.801326345491704,476.755,551.282,3.863373411213778,0.015187265002878902,0.10383695742625554,1.6094967103207836,0.08361191211636765,-6.254199999999969,0.0,0.0759805236533862,final_approach,-0.3185551280756478,-0.606759620846983,-5.513291102085816,
34.058,63.94834533,-22.6052786,622.681,554.1,-0.8911,-2.4051,353.7664,-0.0025,-0.0262,0.0065,66.577,67.074,-5.7436,113.2079,0.2043,0.0,0.0,0.0,-0.03,1633.7,0.0,10.0,270.0,0,34.058,-0.018689638257029906,0.09031709505765831,-0.03,0.08920965312563922,0.6267817109805383,1.0,0.0,-1798.9931452881847,8.806001244230327,476.18100000000004,550.6,3.8649142862379713,0.015224179209388086,0.10396597250844278,1.6145283185372252,0.08339839399243942,-6.253600000000006,0.0,0.075436839684901,final_approach,-0.3192932645657969,-0.6075503717214392,-5.515790260058267,
34.158,63.94837629,-22.60527847,622.106,553.488,-0.8913,-2.4077,353.7671,-0.0025,-0.0261,0.0065,66.585,67.081,-5.746,113.2199,0.2038,0.0,0.0,0.0,-0.03,1633.6,0.0,10.0,270.0,0,34.158,-0.0187078069521201,0.09034991229606845,-0.03,0.08920315953061386,0.6266959287360624,1.0,0.0,-1795.541823239824,8.81116569099276,475.606,549.988,3.8664540115919053,0.015253024931046678,0.10410097893077289,1.619556655368512,0.0831344070542741,-6.252899999999954,0.0,0.07585167244081496,final_approach,-0.32003891946927965,-0.6082763813846785,-5.518295113824067,
34.258,63.94840724,-22.60527834,621.531,552.872,-0.8916,-2.4102,353.7677,-0.0026,-0.026,0.0065,66.592,67.088,-5.7483,113.2319,0.2034,0.0,0.0,0.0,-0.03,1633.4,0.0,10.0,270.0,0,34.258,-0.01872535694137234,0.09038081153241653,-0.03,0.08919759282806894,0.6266097059146276,1.0,0.0,-1792.0916159581486,8.81633052670813,475.03099999999995,549.372,3.8679966869312716,0.015281979674816131,0.10423615827232885,1.6245817490111831,0.08292107628864187,-6.252299999999991,0.0,0.07531970221892716,final_approach,-0.3207844348141684,-0.6090785309603675,-5.520812344156077,
34.35,63.94843562,-22.60527823,621.004,552.249,-0.8918,-2.4126,353.7683,-0.0027,-0.0258,0.0065,66.599,67.095,-5.7505,113.2429,0.203,0.0,0.0,0.0,-0.03,1633.3,0.0,10.0,270.0,0,34.35,-0.018742895495166223,0.09040999272192109,-0.03,0.08919202542034343,0.6265300385813202,1.0,0.0,-1788.9279042373191,8.820615493823134,474.504,548.749,3.869417695039905,0.01530927311421898,0.10435494635996893,1.6292003533793327,0.08270869769873457,-6.251700000000028,0.0,0.07538945261009691,final_approach,-0.321462458802781,-0.6097803850658767,-5.523137755737633,
34.45,63.94846659,-22.6052781,620.429,551.494,-0.8921,-2.4151,353.769,-0.0027,-0.0257,0.0065,66.607,67.102,-5.7529,113.2548,0.2025,0.0,0.0,0.0,-0.03,1633.1,0.0,10.0,270.0,0,34.45,-0.018757201744307672,0.09044345480865815,-0.03,0.08918552922006728,0.626442518980508,1.0,0.0,-1785.4754674206883,8.82577955145802,473.929,547.994,3.8709739588438734,0.015351500601796344,0.10449053043096392,1.6342187385778313,0.08244495586325229,-6.250999999999976,0.0,0.07580859328190215,final_approach,-0.32220774757471204,-0.6105062046572716,-5.525691886600669,
34.55,63.94849756,-22.60527798,619.854,550.927,-0.8924,-2.4176,353.7696,-0.0027,-0.0256,0.0066,66.614,67.109,-5.7553,113.2667,0.202,0.0,0.0,0.0,-0.03,1632.9,0.0,10.0,270.0,0,34.55,-0.01877135841360189,0.09047329609366889,-0.03,0.0891799602844695,0.6263544332179651,1.0,0.0,-1782.0230307758702,8.83045367176831,473.35400000000004,547.427,3.8725352582386545,0.01539508282613229,0.10462050346993461,1.639233393129565,0.08218126944180426,-6.2503999999999,0.0,0.07528053934718867,final_approach,-0.3229452260205221,-0.6112203330938968,-5.528262032429538,
34.65,63.94852853,-22.60527785,619.278,550.33,-0.8926,-2.4202,353.7703,-0.0026,-0.0254,0.0066,66.622,67.116,-5.7578,113.2785,0.2016,0.0,0.0,0.0,-0.03,1632.8,0.0,10.0,270.0,0,34.65,-0.01879245388887768,0.09050513355196799,-0.03,0.08917346230169443,0.6262662401787913,1.0,0.0,-1778.5705939600314,8.835617729403472,472.778,546.83,3.874093448959865,0.015426220223794456,0.10475647098050377,1.6442449289171837,0.08196830779863262,-6.249699999999962,0.0,0.07570958122471284,final_approach,-0.3236902441826004,-0.6120222784722475,-5.530834798745502,
34.733,63.94856208,-22.60527771,618.654,549.527,-0.8929,-2.4229,353.771,-0.0025,-0.0255,0.0066,66.63,67.123,-5.7604,113.2913,0.2011,0.0,0.0,0.0,-0.03,1632.6,0.0,10.0,270.0,0,34.733,-0.01880195093704401,0.0905392595124256,-0.03,0.08916696335912488,0.6261700638093493,1.0,0.0,-1774.8305469868897,8.841171329534978,472.154,546.027,3.875787029086682,0.016255946826689727,0.10490350244573776,1.6484028419835088,0.08170391864561566,-6.249000000000024,0.0,0.0775892140377956,final_approach,-0.3243534233810941,-0.612623355157595,-5.533639874136352,
34.842,63.94859306,-22.60527759,618.078,549.019,-0.8932,-2.4254,353.7717,-0.0024,-0.0256,0.0066,66.637,67.13,-5.7628,113.303,0.2006,0.0,0.0,0.0,-0.03,1632.4,0.0,10.0,270.0,0,34.842,-0.018818790578950806,0.09056959359164539,-0.03,0.08916046345676942,0.6260805622885242,1.0,0.0,-1771.3769955745934,8.845845060718,471.578,545.519,3.8773578175027783,0.015948439505569352,0.10503407732123632,1.6538623594189836,0.08144057404678051,-6.248299999999972,0.0,0.07637384762402176,final_approach,-0.3251419330307037,-0.6134149080732065,-5.536249727783016,
34.942,63.94862404,-22.60527747,617.501,548.297,-0.8934,-2.4279,353.7723,-0.0024,-0.0256,0.0065,66.645,67.137,-5.7652,113.3147,0.2002,0.0,0.0,0.0,-0.03,1632.2,0.0,10.0,270.0,0,34.942,-0.018839750047806414,0.09060368933804086,-0.03,0.08915489134799093,0.6259909505929092,1.0,0.0,-1767.9234441622973,8.850518791901019,471.001,544.797,3.8789255139451293,0.01590319365855942,0.10516483923595883,1.6588659688111829,0.0812278470805552,-6.247700000000009,0.0,0.07670349784001565,final_approach,-0.32587919898176665,-0.6142055143770797,-5.538862269890274,
35.033,63.94865502,-22.60527734,616.925,547.652,-0.8937,-2.4305,353.773,-0.0024,-0.0255,0.0065,66.652,67.144,-5.7676,113.3264,0.1997,0.0,0.0,0.0,-0.03,1632.1,0.0,10.0,270.0,0,35.033,-0.018851104765562954,0.09063446842340206,-0.03,0.08914838966320282,0.62590028651713,1.0,0.0,-1764.4698925789812,8.855682460408905,470.42499999999995,544.152,3.880506551103988,0.01614833383425459,0.10530161435518047,1.6634165222787771,0.08096460600060595,-6.246999999999957,0.0,0.07672345957484432,final_approach,-0.3265732147853768,-0.6148547931793367,-5.541504959934937,
35.133,63.94868601,-22.60527722,616.348,546.939,-0.8939,-2.433,353.7736,-0.0023,-0.0255,0.0065,66.659,67.151,-5.7701,113.338,0.1993,0.0,0.0,0.0,-0.03,1631.9,0.0,10.0,270.0,0,35.133,-0.01887207177612038,0.09066349931066314,-0.03,0.08914281602663876,0.6258093903659393,1.0,0.0,-1761.0152263984153,8.860355802464374,469.84799999999996,543.439,3.882086563747659,0.016090299267997345,0.10543277551374773,1.6684150780892226,0.08075206097774412,-6.246399999999994,0.0,0.07611223597713565,final_approach,-0.3273104338187345,-0.6156455975702642,-5.5441538768337715,
35.233,63.948717,-22.60527709,615.771,546.323,-0.8941,-2.4355,353.7743,-0.0022,-0.0254,0.0064,66.667,67.158,-5.7725,113.3495,0.1988,0.0,0.0,0.0,-0.03,1631.7,0.0,10.0,270.0,0,35.233,-0.018890249130772974,0.0906983054145378,-0.03,0.08913631255945098,0.6257179042255626,1.0,0.0,-1757.560560047621,8.865519081844987,469.27099999999996,542.823,3.883671752120887,0.016050563345378063,0.1055699591454769,1.6734106904101393,0.0804891004201238,-6.2456999999999425,0.0,0.0764656690701197,final_approach,-0.32805524916231477,-0.6163718609117339,-5.546819444336023,
35.333,63.94874799,-22.60527697,615.193,545.77,-0.8944,-2.438,353.7749,-0.0023,-0.0254,0.0064,66.674,67.165,-5.7749,113.361,0.1984,0.0,0.0,0.0,-0.03,1631.5,0.0,10.0,270.0,0,35.333,-0.01890735801054555,0.09072933394593098,-0.03,0.08913073739512967,0.6256263029555493,1.0,0.0,-1754.1058938678473,8.870192424074794,468.693,542.27,3.8852538769038096,0.016012344092686072,0.10570150159280206,1.678402804934719,0.08027673581722183,-6.2450999999999794,0.0,0.07587788097284055,final_approach,-0.3287922408400874,-0.6171625888270942,-5.549487821165851,
35.433,63.94877899,-22.60527685,614.616,545.006,-0.8946,-2.4405,353.7756,-0.0024,-0.0255,0.0064,66.681,67.171,-5.7774,113.3725,0.1979,0.0,0.0,0.0,-0.03,1631.4,0.0,10.0,270.0,0,35.433,-0.018925079478754048,0.09075911808495955,-0.03,0.08912423214557585,0.6255335062606974,1.0,0.0,-1750.6501129205958,8.874865377003264,468.116,541.506,3.8868515357485545,0.01600638481847974,0.10583325311650506,1.6833914542299206,0.08001387681392202,-6.2444000000000415,0.0,0.07534352815711931,final_approach,-0.3295291154889135,-0.6178770316582511,-5.552190465624086,
35.533,63.94880999,-22.60527672,614.038,544.499,-0.8948,-2.443,353.7762,-0.0025,-0.0255,0.0063,66.688,67.178,-5.7798,113.3839,0.1975,0.0,0.0,0.0,-0.03,1631.2,0.0,10.0,270.0,0,35.533,-0.018946489899437813,0.09079067893573964,-0.03,0.0891186554535246,0.6254405888606003,1.0,0.0,-1747.1943318023239,8.880028267256607,467.538,540.999,3.8884461643141517,0.015996368291395117,0.10597104102708692,1.6883772534851964,0.07980169150357597,-6.243799999999965,0.0,0.07485775287011293,final_approach,-0.3302736152860817,-0.618679340379499,-5.554896066027123,
35.633,63.94884099,-22.6052766,613.46,543.718,-0.8951,-2.4455,353.7768,-0.0026,-0.0254,0.0063,66.695,67.185,-5.7823,113.3952,0.197,0.0,0.0,0.0,-0.03,1631.0,0.0,10.0,270.0,0,35.633,-0.018960661737773943,0.09082068750914739,-0.03,0.08911307805637814,0.6253470670442237,1.0,0.0,-1743.7385508550724,8.884701220185079,466.96000000000004,540.218,3.8900460520198608,0.01599678641901101,0.10610317649564788,1.6933596469564773,0.07953910931399832,-6.243200000000002,0.0,0.07441613897282147,final_approach,-0.3310102870114342,-0.619393889380186,-5.557618701370021,
35.733,63.94887199,-22.60527648,612.881,543.15,-0.8954,-2.448,353.7775,-0.0025,-0.0254,0.0062,66.703,67.192,-5.7848,113.4065,0.1966,0.0,0.0,0.0,-0.03,1630.8,0.0,10.0,270.0,0,35.733,-0.01897746274511619,0.09085438520153169,-0.03,0.08910657020188562,0.6252534248484013,1.0,0.0,-1740.282769907821,8.88937417311355,466.381,539.65,3.8916429065396034,0.015992079548747117,0.10623550245298276,1.6983386650452537,0.07932710177948366,-6.242500000000064,0.0,0.07492376270257427,final_approach,-0.3317468273756887,-0.6201844637876661,-5.560344274355597,
35.833,63.948903,-22.60527636,612.303,542.575,-0.8956,-2.4505,353.7781,-0.0025,-0.0253,0.0062,66.71,67.198,-5.7873,113.4178,0.1961,0.0,0.0,0.0,-0.03,1630.6,0.0,10.0,270.0,0,35.833,-0.018995481776990453,0.09088493003634002,-0.03,0.08910099127705051,0.6251585606538574,1.0,0.0,-1736.8258741930917,8.894046736914751,465.803,539.075,3.8932554517289604,0.016014308272884126,0.106368039408062,1.7033143401025757,0.07906461918946661,-6.241899999999987,0.0,0.0744761479114227,final_approach,-0.33248326703443,-0.6208988079640374,-5.563104837464511,
35.933,63.94893401,-22.60527624,611.724,541.88,-0.8959,-2.453,353.7787,-0.0026,-0.0252,0.0062,66.717,67.205,-5.7898,113.429,0.1957,0.0,0.0,0.0,-0.03,1630.4,0.0,10.0,270.0,0,35.933,-0.01901258140342349,0.09091546346504405,-0.03,0.08909541164713841,0.6250635703464594,1.0,0.0,-1733.3689784783624,8.89871930089001,465.22400000000005,538.38,3.8948649973752074,0.016027832971148476,0.10650076777044232,1.7082867024126114,0.07885278830875109,-6.24129999999991,0.0,0.07406922537402509,final_approach,-0.3332195836118572,-0.6216893056055781,-5.565868488629199,
36.033,63.94896503,-22.60527611,611.145,541.132,-0.8961,-2.4555,353.7793,-0.0025,-0.0253,0.0062,66.724,67.212,-5.7922,113.4402,0.1952,0.0,0.0,0.0,-0.03,1630.3,0.0,10.0,270.0,0,36.033,-0.019031051237662522,0.09094809362044987,-0.03,0.08908983131215742,0.6249678371721995,1.0,0.0,-1729.9109678259272,8.903881412889078,464.645,537.632,3.896481971571782,0.01605148447024837,0.10663957598648932,1.7132563710032183,0.07859049192927614,-6.240700000000061,0.0,0.07369929579457273,final_approach,-0.3339636001632904,-0.6224153449800518,-5.568653164449394,
36.133,63.94899604,-22.60527599,610.565,540.619,-0.8964,-2.458,353.7799,-0.0024,-0.0254,0.0061,66.731,67.218,-5.7947,113.4513,0.1948,0.0,0.0,0.0,-0.03,1630.1,0.0,10.0,270.0,0,36.133,-0.019048151294203453,0.09097886013492001,-0.03,0.08908425027210931,0.6248721009826266,1.0,0.0,-1726.454072111198,8.908553976690277,464.06500000000005,537.119,3.8980938655425486,0.01606272700981749,0.10677269269202885,1.7182227857024104,0.078378836387202,-6.240099999999984,0.0,0.07336299617687583,final_approach,-0.3346997543988657,-0.6232058564244216,-5.571437338070869,
36.233,63.94902707,-22.60527587,609.986,539.986,-0.8966,-2.4606,353.7805,-0.0025,-0.0254,0.0061,66.738,67.225,-5.7972,113.4623,0.1943,0.0,0.0,0.0,-0.03,1629.9,0.0,10.0,270.0,0,36.233,-0.01906617640197411,0.0910102632000752,-0.03,0.08907866852700275,0.6247749907022387,1.0,0.0,-1722.994946861513,8.913225762236928,463.486,536.486,3.8997237012710655,0.01610199872237629,0.10690604261840536,1.7231859806785759,0.07811681128632131,-6.239499999999907,0.0,0.07305726925171022,final_approach,-0.33543585110809104,-0.6239203628150332,-5.574260870716891,
36.333,63.94905809,-22.60527575,609.406,539.245,-0.8969,-2.4631,353.7811,-0.0026,-0.0254,0.006,66.745,67.231,-5.7998,113.4734,0.1939,0.0,0.0,0.0,-0.03,1629.7,0.0,10.0,270.0,0,36.333,-0.01908327010364058,0.09103980674090356,-0.03,0.08907308607684539,0.624677872747852,1.0,0.0,-1719.536936379306,8.917897936910855,462.90599999999995,535.745,3.9013484831017142,0.016126301986394764,0.10703956548031832,1.7281459839576792,0.07790524329573145,-6.238900000000058,0.0,0.07277933568337738,final_approach,-0.3361718140785577,-0.6247107121905238,-5.57708402099901,
36.433,63.94908912,-22.60527563,608.826,538.581,-0.8971,-2.4656,353.7817,-0.0025,-0.0254,0.006,66.752,67.238,-5.8023,113.4843,0.1935,0.0,0.0,0.0,-0.03,1629.5,0.0,10.0,270.0,0,36.433,-0.0191042271096194,0.09107145385164853,-0.03,0.08906750292163956,0.6245799939208756,1.0,0.0,-1716.0778111304137,8.922569722457782,462.326,535.081,3.9029807990553067,0.01615911157798306,0.10717330230494795,1.7331028275749818,0.0776938888606935,-6.238299999999981,0.0,0.07252666880306188,final_approach,-0.33690770094554523,-0.6255012657001426,-5.579928677454912,
36.533,63.94912015,-22.60527551,608.245,537.984,-0.8974,-2.4681,353.7823,-0.0025,-0.0253,0.0059,66.759,67.244,-5.8048,113.4953,0.193,0.0,0.0,0.0,-0.03,1629.3,0.0,10.0,270.0,0,36.533,-0.01911838662280635,0.09110309209840532,-0.03,0.08906191906139327,0.6244819820987509,1.0,0.0,-1712.6186858807291,8.927241508178495,461.745,534.484,3.9046101551911456,0.016181519874717384,0.107307233235584,1.7380565414732903,0.0774320063211178,-6.237699999999904,0.0,0.07229697163915162,final_approach,-0.3376434889441988,-0.6262155137297665,-5.582776584459573,
36.633,63.94915118,-22.60527539,607.665,537.285,-0.8976,-2.4706,353.7829,-0.0026,-0.0253,0.0059,66.766,67.251,-5.8074,113.5061,0.1926,0.0,0.0,0.0,-0.03,1629.1,0.0,10.0,270.0,0,36.633,-0.019139342084359467,0.09113346500781938,-0.03,0.08905633449611483,0.6243828190720567,1.0,0.0,-1709.1595606310443,8.931913293725147,461.16499999999996,533.785,3.90625342501093,0.016223382928571704,0.10744135869091424,1.7430071555374709,0.07722082375627792,-6.237100000000055,0.0,0.07208815603559685,final_approach,-0.33837918199906625,-0.6270060283932999,-5.585657316578391,
36.733,63.94918221,-22.60527527,607.084,536.613,-0.8979,-2.4731,353.7835,-0.0027,-0.0253,0.0059,66.773,67.257,-5.8099,113.517,0.1921,0.0,0.0,0.0,-0.03,1628.9,0.0,10.0,270.0,0,36.733,-0.01915350098455121,0.0911656157958292,-0.03,0.08905074922580614,0.624283518229561,1.0,0.0,-1705.700435382152,8.936585079272074,460.58399999999995,533.113,3.9078937619174345,0.016253380617984172,0.10757567909712941,1.747954699595392,0.07695912275602268,-6.236499999999978,0.0,0.0718983236687164,final_approach,-0.3391147840381059,-0.627720264535883,-5.588541423005115,
36.833,63.94921325,-22.60527515,606.503,536.073,-0.8982,-2.4756,353.7841,-0.0026,-0.0254,0.0058,66.78,67.263,-5.8125,113.5277,0.1917,0.0,0.0,0.0,-0.03,1628.7,0.0,10.0,270.0,0,36.833,-0.019170601710001456,0.09119630881460479,-0.03,0.0890451632504754,0.6241834379400196,1.0,0.0,-1702.2401953649894,8.941256475691453,460.00300000000004,532.573,3.909541741425958,0.0162911163625257,0.10771021543707757,1.752899205473782,0.07674811075668231,-6.235899999999901,0.0,0.07172574878974664,final_approach,-0.3398503262810664,-0.6285108031808342,-5.591447531459863,
36.933,63.94924429,-22.60527503,605.921,535.445,-0.8984,-2.4781,353.7847,-0.0026,-0.0255,0.0058,66.786,67.27,-5.8151,113.5384,0.1912,0.0,0.0,0.0,-0.03,1628.5,0.0,10.0,270.0,0,36.933,-0.019188622984386283,0.09122340472160027,-0.03,0.08903957657013117,0.6240832185441035,1.0,0.0,-1698.7799553478271,8.94592787211083,459.42100000000005,531.945,3.9111867958607713,0.016317687693460446,0.10784494767298677,1.7578407028895013,0.07648667488018646,-6.235300000000052,0.0,0.07065977162704253,final_approach,-0.3405857856992469,-0.6292252187134206,-5.594357039952747,
37.033,63.94927534,-22.60527491,605.34,534.787,-0.8987,-2.4806,353.7853,-0.0027,-0.0254,0.0058,66.793,67.276,-5.8177,113.5491,0.1908,0.0,0.0,0.0,-0.03,1628.3,0.0,10.0,270.0,0,37.033,-0.01920572046944352,0.09125470039380959,-0.03,0.08903398918477501,0.6239816916632351,1.0,0.0,-1695.3186005639789,8.950598879577274,458.84000000000003,531.287,3.912848039488096,0.016366812456757748,0.1079798968858438,1.762779223568454,0.07627574716320851,-6.234699999999975,0.0,0.07059979238822493,final_approach,-0.34132119363010816,-0.6300156761526612,-5.597303855108528,
37.133,63.94930639,-22.6052748,604.758,534.025,-0.899,-2.4831,353.7858,-0.0028,-0.0253,0.0057,66.8,67.282,-5.8203,113.5598,0.1903,0.0,0.0,0.0,-0.03,1628.1,0.0,10.0,270.0,0,37.133,-0.019219729625398585,0.09128599333733614,-0.03,0.08902933249176781,0.6238800193090622,1.0,0.0,-1691.8572459511513,8.954779949544786,458.25800000000004,530.525,3.9145063945574305,0.01640293549618935,0.10810912804618841,1.7677142056278448,0.07601440505402479,-6.234199999999987,0.0,0.07054526580746875,final_approach,-0.34204867225034974,-0.6307181997535682,-5.600254236432832,
37.233,63.94933744,-22.60527468,604.176,533.366,-0.8993,-2.4856,353.7864,-0.0027,-0.0254,0.0057,66.807,67.289,-5.8229,113.5703,0.1899,0.0,0.0,0.0,-0.03,1627.9,0.0,10.0,270.0,0,37.233,-0.01923682882677763,0.09131755376100717,-0.03,0.0890237438139112,0.6237776785107456,1.0,0.0,-1688.3958911665113,8.959450956836891,457.67600000000004,529.866,3.9161703770897778,0.01644241713407,0.10824446706520173,1.7726462716489384,0.07580373028289955,-6.233600000000024,0.0,0.07049569618861287,final_approach,-0.34278386248383796,-0.6315087045444283,-5.6032233527675075,
37.333,63.94936849,-22.60527456,603.593,532.854,-0.8995,-2.4881,353.787,-0.0027,-0.0255,0.0056,66.813,67.295,-5.8255,113.5809,0.1894,0.0,0.0,0.0,-0.03,1627.7,0.0,10.0,270.0,0,37.333,-0.019254845742876725,0.09134555501960866,-0.03,0.08901815443106154,0.6236751921814774,1.0,0.0,-1684.934536382663,8.964121964129271,457.09299999999996,529.354,3.917831470944213,0.016470504035783706,0.10838000378834198,1.777575451122276,0.07554256553129335,-6.232999999999947,0.0,0.0695415419896482,final_approach,-0.3435189860343435,-0.6322230120280423,-5.606196026322852,
37.433,63.94939954,-22.60527444,603.01,532.205,-0.8998,-2.4906,353.7875,-0.0026,-0.0255,0.0056,66.82,67.301,-5.8281,113.5913,0.189,0.0,0.0,0.0,-0.03,1627.5,0.0,10.0,270.0,0,37.433,-0.019272249058839452,0.09137739125057974,-0.03,0.08901349607348974,0.6235720322842654,1.0,0.0,-1681.473181598023,8.96879297159544,456.51,528.705,3.919498220446668,0.016503335867244607,0.10851573865127116,1.7825017734836623,0.07533205742845439,-6.232499999999959,0.0,0.0695832199905808,final_approach,-0.34425404679787874,-0.6330135670487973,-5.60918756603785,
37.533,63.9494306,-22.60527432,602.427,531.552,-0.9001,-2.4932,353.7881,-0.0026,-0.0255,0.0055,66.827,67.307,-5.8308,113.6018,0.1885,0.0,0.0,0.0,-0.03,1627.3,0.0,10.0,270.0,0,37.533,-0.019286414661018214,0.09140778881778844,-0.03,0.08900790539817172,0.6234680599910859,1.0,0.0,-1678.010712046697,8.973463589760545,455.927,528.052,3.9211728038641342,0.016543752251814283,0.10865169296906771,1.7874252702022904,0.07507106864633784,-6.231899999999996,0.0,0.06962110908235064,final_approach,-0.34498907639083853,-0.6337279928561319,-5.612201984179023,
37.633,63.94946167,-22.60527421,601.844,530.876,-0.9003,-2.4957,353.7886,-0.0026,-0.0256,0.0055,66.834,67.313,-5.8334,113.6121,0.1881,0.0,0.0,0.0,-0.03,1627.1,0.0,10.0,270.0,0,37.633,-0.019307221675979702,0.09144031039339512,-0.03,0.0890032459635508,0.6233632679791302,1.0,0.0,-1674.5471278989141,8.977643881473512,455.34400000000005,527.376,3.922855263777586,0.016590560065598448,0.10878193077169002,1.7923453790454518,0.0748607259182279,-6.231400000000008,0.0,0.06965555371123232,final_approach,-0.3457161957656645,-0.6345068228833792,-5.615239477930469,
37.733,63.94949273,-22.60527409,601.261,530.12,-0.9006,-2.4982,353.7892,-0.0028,-0.0256,0.0054,66.84,67.32,-5.8361,113.6225,0.1876,0.0,0.0,0.0,-0.03,1626.9,0.0,10.0,270.0,0,37.733,-0.019321386767577442,0.09146774081063956,-0.03,0.08899765399578474,0.6232579189577367,1.0,0.0,-1671.0846583467965,8.982314499638345,454.76099999999997,526.62,3.9245413269746807,0.01663557204982307,0.10891827943114589,1.797262722391748,0.0745999117203553,-6.230800000000045,0.0,0.0687777761011208,final_approach,-0.3464510476400555,-0.63522123871833,-5.618292419752962,
37.833,63.9495238,-22.60527397,600.677,529.518,-0.9009,-2.5007,353.7897,-0.0027,-0.0256,0.0054,66.847,67.326,-5.8388,113.6328,0.1872,0.0,0.0,0.0,-0.03,1626.7,0.0,10.0,270.0,0,37.833,-0.019338790654649163,0.09149877298928495,-0.03,0.08899299348413126,0.6231522791699833,1.0,0.0,-1667.6210740279928,8.986984728850238,454.177,526.018,3.9262267175633907,0.016671961022702485,0.1090548490920759,1.8021773315596497,0.07438965001077236,-6.230299999999943,0.0,0.06888888736464681,final_approach,-0.34718588070377976,-0.6360118102500607,-5.621353086660161,
37.933,63.94955487,-22.60527386,600.093,528.808,-0.9012,-2.5033,353.7903,-0.0027,-0.0256,0.0054,66.853,67.332,-5.8415,113.643,0.1867,0.0,0.0,0.0,-0.03,1626.5,0.0,10.0,270.0,0,37.933,-0.019352507600045532,0.09152658218527245,-0.03,0.0889874002239377,0.6230459419012097,1.0,0.0,-1664.1574898802096,8.991165020563203,453.59299999999996,525.308,3.927917899215534,0.016711936939157387,0.10918566963749059,1.8070886407515332,0.074129092080085,-6.22969999999998,0.0,0.0680808066951336,final_approach,-0.34791277057995984,-0.6367146076849135,-5.624433253399953,
38.033,63.94958594,-22.60527374,599.509,528.212,-0.9014,-2.5058,353.7908,-0.0026,-0.0256,0.0053,66.86,67.338,-5.8442,113.6532,0.1862,0.0,0.0,0.0,-0.03,1626.3,0.0,10.0,270.0,0,38.033,-0.01937083813566376,0.09155818781430977,-0.03,0.08898273863527151,0.6229389017233442,1.0,0.0,-1660.6939055614062,8.995835249601038,453.009,524.712,3.929614902494843,0.01675495291481259,0.10932263638636643,1.8119972755876648,0.07386858091390991,-6.229199999999992,0.0,0.06825527881376227,final_approach,-0.34864744974951734,-0.6374292121484455,-5.62753306418843,
38.133,63.94961702,-22.60527363,598.924,527.583,-0.9017,-2.5083,353.7913,-0.0025,-0.0256,0.0053,66.866,67.344,-5.847,113.6633,0.1858,0.0,0.0,0.0,-0.03,1626.1,0.0,10.0,270.0,0,38.133,-0.019387789257325483,0.09158460433073652,-0.03,0.08897807655705925,0.6228315642287461,1.0,0.0,-1657.2292066461455,9.000015152360792,452.424,524.083,3.931311271831311,0.016789742989790444,0.10945386732113785,1.8169026714011531,0.07365860705775162,-6.2287000000000035,0.0,0.06750479892160219,final_approach,-0.3493742101462445,-0.6382080428625869,-5.6306407643160234,
38.233,63.94964809,-22.60527351,598.339,526.898,-0.902,-2.5108,353.7919,-0.0026,-0.0254,0.0053,66.873,67.35,-5.8497,113.6734,0.1853,0.0,0.0,0.0,-0.03,1625.9,0.0,10.0,270.0,0,38.233,-0.019401962987322052,0.09161650893305463,-0.03,0.0889724814170092,0.6227236555115554,1.0,0.0,-1653.7656223273416,9.004685381398627,451.83900000000006,523.398,3.9330113208542565,0.016824867529735093,0.10959123295524051,1.821805452458673,0.07339826678753525,-6.22810000000004,0.0,0.06773163538327963,final_approach,-0.35010875139503383,-0.638922691740218,-5.633764276348629,
38.333,63.94967918,-22.6052734,597.754,526.307,-0.9022,-2.5133,353.7924,-0.0025,-0.0255,0.0052,66.879,67.356,-5.8525,113.6834,0.1849,0.0,0.0,0.0,-0.03,1625.7,0.0,10.0,270.0,0,38.333,-0.019422772639412278,0.09164359918037497,-0.03,0.08896781826180744,0.6226147539829345,1.0,0.0,-1650.2998086446032,9.008864894857046,451.254,522.807,3.9347216249697423,0.016871229800588843,0.109722876238246,1.826705055240969,0.07318845399112206,-6.2275999999999385,0.0,0.06702875943934525,final_approach,-0.35083539847513734,-0.6397015886426836,-5.636915788753875,
38.433,63.94971026,-22.60527328,597.169,525.606,-0.9025,-2.5159,353.7929,-0.0025,-0.0254,0.0052,66.886,67.362,-5.8552,113.6934,0.1844,0.0,0.0,0.0,-0.03,1625.4,0.0,10.0,270.0,0,38.433,-0.019437253036178048,0.09167616441232515,-0.03,0.08896315461707371,0.622505270180741,1.0,0.0,-1646.8351095575301,9.013534734941393,450.669,522.106,3.936435669839343,0.01691609961649182,0.10986066387559446,1.8316021047777251,0.07292828324165157,-6.227100000000064,0.0,0.06729887221757813,final_approach,-0.3515698460403911,-0.6404163465159218,-5.640083405970536,
38.533,63.94974135,-22.60527317,596.583,525.003,-0.9027,-2.5184,353.7934,-0.0026,-0.0255,0.0051,66.892,67.367,-5.858,113.7034,0.1839,0.0,0.0,0.0,-0.03,1625.2,0.0,10.0,270.0,0,38.533,-0.019455131457354558,0.09170358044275698,-0.03,0.08895849048280713,0.6223954786641044,1.0,0.0,-1643.3692958755835,9.017714248400086,450.08299999999997,521.503,3.9381491413384895,0.01695253551232059,0.10999270017465958,1.836496034445932,0.07266815825138906,-6.226599999999962,0.0,0.06663533837961662,final_approach,-0.3522963678855504,-0.6411192264351424,-5.643259176364847,
38.633,63.94977244,-22.60527305,595.997,524.344,-0.903,-2.5209,353.7939,-0.0027,-0.0255,0.0051,66.898,67.373,-5.8608,113.7133,0.1835,0.0,0.0,0.0,-0.03,1625.0,0.0,10.0,270.0,0,38.633,-0.019472545220678317,0.09173130842576693,-0.03,0.08895382585901457,0.6222849588854898,1.0,0.0,-1639.9034820218244,9.022383699183376,449.49699999999996,520.844,3.9398685766398502,0.01699283842920172,0.11013091181950611,1.8413874721797296,0.07245854631364068,-6.226099999999974,0.0,0.0660321257996516,final_approach,-0.35303073791834905,-0.6419100562900333,-5.646455254945526,
38.733,63.94980353,-22.60527294,595.411,523.715,-0.9033,-2.5234,353.7944,-0.0026,-0.0254,0.0051,66.905,67.379,-5.8636,113.7231,0.183,0.0,0.0,0.0,-0.03,1624.8,0.0,10.0,270.0,0,38.733,-0.019486575417575203,0.09176278868920812,-0.03,0.0889491607456987,0.6221737052196301,1.0,0.0,-1636.437668339086,9.026563212815855,448.91099999999994,520.215,3.9415940062507824,0.017036414709221827,0.11026334293338029,1.8462758482324684,0.07219867028533145,-6.225599999999986,0.0,0.06639284163605183,final_approach,-0.3537571503845385,-0.6426131413389449,-5.649671790448725,
38.833,63.94983462,-22.60527282,594.824,522.915,-0.9035,-2.5259,353.795,-0.0027,-0.0254,0.0051,66.911,67.385,-5.8664,113.7329,0.1825,0.0,0.0,0.0,-0.03,1624.6,0.0,10.0,270.0,0,38.833,-0.019504618755968595,0.09179084908775159,-0.03,0.08894356196355324,0.6220622799128694,1.0,0.0,-1632.9718544853267,9.031232663599143,448.32399999999996,519.415,3.9433166943124895,0.01706815902719676,0.11040195910748687,1.8511617913157756,0.07193883903863707,-6.224999999999909,0.0,0.0658116742145927,final_approach,-0.3544914304617848,-0.6433281480840307,-5.652892519140888,
38.933,63.94986572,-22.60527271,594.237,522.273,-0.9038,-2.5284,353.7955,-0.0025,-0.0255,0.005,66.917,67.391,-5.8692,113.7426,0.1821,0.0,0.0,0.0,-0.03,1624.3,0.0,10.0,270.0,0,38.933,-0.019521582123529557,0.09181929996761734,-0.03,0.08893889577330016,0.6219499708196154,1.0,0.0,-1629.5049260351109,9.035411787930288,447.73699999999997,518.773,3.945047624411499,0.01710834935434659,0.11053480834109082,1.8560447328454988,0.07172950622805274,-6.224500000000035,0.0,0.0652833401950844,final_approach,-0.3552177776744152,-0.6441072993483381,-5.656138015668905,
39.033,63.94989682,-22.6052726,593.65,521.654,-0.9041,-2.5309,353.796,-0.0025,-0.0255,0.005,66.924,67.396,-5.872,113.7523,0.1816,0.0,0.0,0.0,-0.03,1624.1,0.0,10.0,270.0,0,39.033,-0.019535615819520125,0.09185148418475707,-0.03,0.08893422909353355,0.6218369145708629,1.0,0.0,-1626.0379975848944,9.039590912435495,447.15,518.154,3.9467846229373054,0.017151955338299153,0.11066785440257819,1.860924702509605,0.07146984034670822,-6.223999999999933,0.0,0.06571212745008119,final_approach,-0.3559440474053801,-0.6448104782758968,-5.659404315868208,
39.133,63.94992792,-22.60527249,593.063,521.05,-0.9043,-2.5335,353.7964,-0.0026,-0.0256,0.0049,66.93,67.402,-5.8748,113.762,0.1811,0.0,0.0,0.0,-0.03,1623.9,0.0,10.0,270.0,0,39.133,-0.019553806707171384,0.0918805697053642,-0.03,0.08893049539727604,0.621723105323496,1.0,0.0,-1622.571069134678,9.04377003676664,446.563,517.55,3.9485277218554664,0.017198460978850996,0.11080109772542891,1.8658017299404492,0.07121021874283429,-6.223600000000033,0.0,0.06519284313643757,final_approach,-0.3566702435700506,-0.645513610591129,-5.662691574035168,
39.233,63.94995903,-22.60527237,592.475,520.409,-0.9046,-2.536,353.7969,-0.0025,-0.0256,0.0049,66.936,67.408,-5.8776,113.7716,0.1807,0.0,0.0,0.0,-0.03,1623.7,0.0,10.0,270.0,0,39.233,-0.019571233515569608,0.0919097588534286,-0.03,0.08892582783639769,0.6216089700812975,1.0,0.0,-1619.1030257459638,9.04843870929538,445.975,516.909,3.950270354123356,0.017236437928858882,0.11094056742708065,1.8706764475833555,0.07100108157254681,-6.223099999999931,0.0,0.06472076648767104,final_approach,-0.357404375605455,-0.6463047799015555,-5.665987446492519,
39.333,63.94999014,-22.60527226,591.887,519.711,-0.9048,-2.5385,353.7974,-0.0025,-0.0257,0.0049,66.942,67.414,-5.8805,113.7811,0.1802,0.0,0.0,0.0,-0.03,1623.4,0.0,10.0,270.0,0,39.333,-0.019589133701435113,0.09193750323849566,-0.03,0.08892115978602055,0.6214940741294573,1.0,0.0,-1615.6349825290617,9.05261744467359,445.38699999999994,516.211,3.9520191298008744,0.017278324403246195,0.11107423284706282,1.8755482827094507,0.07074170346385245,-6.222600000000057,0.0,0.06429160589786997,final_approach,-0.35813053909177484,-0.6470082246510636,-5.669304476221665,
39.433,63.95002125,-22.60527215,591.299,519.03,-0.9051,-2.5411,353.7979,-0.0026,-0.0258,0.0048,66.948,67.419,-5.8834,113.7906,0.1797,0.0,0.0,0.0,-0.03,1623.2,0.0,10.0,270.0,0,39.433,-0.019603176399918376,0.09196557677456876,-0.03,0.08891649124614376,0.6213784114758519,1.0,0.0,-1612.1669393113677,9.056796179877463,444.799,515.53,3.953774081776899,0.01732352362941297,0.11120809695246782,1.880417264795666,0.07048236866069146,-6.222099999999955,0.0,0.06390145990715465,final_approach,-0.3588566409537144,-0.6477116393100424,-5.672642821281475,
39.533,63.95005236,-22.60527204,590.711,518.384,-0.9053,-2.5436,353.7984,-0.0025,-0.0258,0.0048,66.955,67.425,-5.8862,113.8,0.1792,0.0,0.0,0.0,-0.03,1623.0,0.0,10.0,270.0,0,39.533,-0.019621079081751702,0.091999124924438,-0.03,0.08891182221677407,0.621261976096482,1.0,0.0,-1608.6988960936737,9.060974915255397,444.211,514.884,3.955535242824434,0.017371538103735745,0.11134216019089123,1.8852834232654363,0.07022315643419574,-6.221599999999967,0.0,0.06445587264287232,final_approach,-0.35958268510155733,-0.6484151492292352,-5.676002640421419,
39.633,63.95008348,-22.60527193,590.122,517.772,-0.9056,-2.5462,353.7989,-0.0025,-0.0259,0.0048,66.961,67.43,-5.8891,113.8094,0.1788,0.0,0.0,0.0,-0.03,1622.8,0.0,10.0,270.0,0,39.633,-0.019638052045847565,0.09202763119751814,-0.03,0.08890715269791438,0.6211452031160407,1.0,0.0,-1605.229738108502,9.065153261331993,443.62199999999996,514.272,3.957296003652816,0.017410883133749843,0.1114764448893177,1.8901467896768167,0.0700143305254528,-6.2210999999999785,0.0,0.06405079331170224,final_approach,-0.360308704493157,-0.649194550489776,-5.679371367257751,
39.733,63.95011459,-22.60527182,589.533,517.026,-0.9058,-2.5487,353.7994,-0.0025,-0.026,0.0047,66.967,67.436,-5.8921,113.8188,0.1783,0.0,0.0,0.0,-0.03,1622.5,0.0,10.0,270.0,0,39.733,-0.019655953252145864,0.09205462745803142,-0.03,0.08890248268956846,0.6210277996294791,1.0,0.0,-1601.7616948916002,9.069331996710204,443.033,513.526,3.95906076348404,0.017450335663498063,0.11161090777328654,1.8950073911552223,0.0697551997617154,-6.22059999999999,0.0,0.06368253937427529,final_approach,-0.3610346452144739,-0.6498980220582133,-5.682757442593882,
39.833,63.95014572,-22.6052717,588.944,516.38,-0.9061,-2.5513,353.7998,-0.0026,-0.0259,0.0047,66.973,67.441,-5.895,113.8281,0.1778,0.0,0.0,0.0,-0.03,1622.3,0.0,10.0,270.0,0,39.833,-0.019670774312823103,0.09208388349635623,-0.03,0.08889874633046391,0.6209093087477988,1.0,0.0,-1598.2914219679303,9.073999890984398,442.44399999999996,512.88,3.9608363203775294,0.017501207875397353,0.11175164894685913,1.8998658647460576,0.06949619041643018,-6.220199999999977,0.0,0.06334776306752311,final_approach,-0.3617686106152078,-0.650613767042282,-5.686174026553125,
39.933,63.95017684,-22.60527159,588.354,515.716,-0.9064,-2.5539,353.8003,-0.0026,-0.0259,0.0047,66.979,67.447,-5.898,113.8373,0.1774,0.0,0.0,0.0,-0.03,1622.0,0.0,10.0,270.0,0,39.933,-0.01968775886935953,0.09211133038092013,-0.03,0.08889407544105188,0.6207907743889274,1.0,0.0,-1594.8222639835508,9.078178237061273,441.85400000000004,512.216,3.9626070033469123,0.017535478178469212,0.11188653984789315,1.9047216325150267,0.06928763294328633,-6.219699999999989,0.0,0.06304342097047569,final_approach,-0.36249456692481274,-0.6513934691216114,-5.68959100777608,
40.042,63.95020796,-22.60527148,587.764,515.177,-0.9066,-2.5564,353.8008,-0.0026,-0.0258,0.0046,66.985,67.452,-5.901,113.8465,0.1769,0.0,0.0,0.0,-0.03,1621.8,0.0,10.0,270.0,0,40.042,-0.01970854130001498,0.09213911848715248,-0.03,0.08888940406216395,0.6206714465362072,1.0,0.0,-1591.3531059983789,9.082356583311933,441.264,511.677,3.9643840090551845,0.01733003259256561,0.11202163222337759,1.910011501829237,0.06902878207580443,-6.219200000000001,0.0,0.062316371024035554,final_approach,-0.36326981016798143,-0.6521716514357188,-5.6930299992304825,
40.133,63.95023909,-22.60527137,587.174,514.396,-0.9069,-2.559,353.8012,-0.0027,-0.0259,0.0046,66.991,67.458,-5.904,113.8556,0.1764,0.0,0.0,0.0,-0.03,1621.6,0.0,10.0,270.0,0,40.133,-0.019720036612652203,0.09216732859113969,-0.03,0.08888566660663322,0.6205511654336069,1.0,0.0,-1587.8828332465216,9.086534540261535,440.674,510.89599999999996,3.9661696464032143,0.017712091900452684,0.11215694865252039,1.9144240826010677,0.06877005100409406,-6.2187999999999874,0.0,0.06264525237949302,final_approach,-0.36394627594065554,-0.652801158403344,-5.696495587408247,
40.233,63.95027022,-22.60527126,586.583,513.883,-0.9072,-2.5615,353.8017,-0.0026,-0.026,0.0045,66.997,67.463,-5.907,113.8647,0.1759,0.0,0.0,0.0,-0.03,1621.3,0.0,10.0,270.0,0,40.233,-0.01973410313688395,0.09219557665267374,-0.03,0.08888099434669816,0.6204306848179628,1.0,0.0,-1584.4125604938722,9.090712497384922,440.08299999999997,510.38300000000004,3.9679526972156607,0.017731827937787974,0.11229246755913821,1.919271915748311,0.06851136128403823,-6.218299999999999,0.0,0.06240477489044872,final_approach,-0.3646721599257816,-0.6535051962796974,-5.699966044150191,
40.333,63.95030136,-22.60527116,585.992,513.071,-0.9074,-2.5641,353.8021,-0.0024,-0.0261,0.0045,67.002,67.468,-5.91,113.8738,0.1755,0.0,0.0,0.0,-0.03,1621.1,0.0,10.0,270.0,0,40.333,-0.019754788513145993,0.09222093867141022,-0.03,0.0888772561863348,0.6203092409164401,1.0,0.0,-1580.9411731455575,9.09440012788238,439.49199999999996,509.571,3.9697444361582184,0.01776275485241941,0.11242215518196046,1.9241165582140127,0.06830302794176646,-6.217899999999986,0.0,0.06127706808222191,final_approach,-0.3653900051261303,-0.6542730017402416,-5.70346335868787,
40.433,63.9503299,-22.60527106,585.45,512.487,-0.9076,-2.5665,353.8025,-0.0024,-0.026,0.0045,67.008,67.473,-5.9128,113.882,0.175,0.0,0.0,0.0,-0.03,1620.9,0.0,10.0,270.0,0,40.433,-0.019772139468026306,0.09224819111403214,-0.03,0.08887351771271523,0.6201974318586132,1.0,0.0,-1577.7596253168967,9.098188931636416,438.95000000000005,508.98699999999997,3.97138912786542,0.017543448555685296,0.11254624563968714,1.9289574609172682,0.06804511268214242,-6.217499999999973,0.0,0.06116097098383823,final_approach,-0.36610005780556065,-0.6549543446714843,-5.70668242258693,
40.533,63.95036363,-22.60527094,584.81,511.813,-0.9079,-2.5692,353.803,-0.0024,-0.0259,0.0044,67.014,67.479,-5.9161,113.8917,0.1745,0.0,0.0,0.0,-0.03,1620.6,0.0,10.0,270.0,0,40.533,-0.01978708444148708,0.09227751337560729,-0.03,0.08886884418017793,0.6200640546099531,1.0,0.0,-1573.9995128735727,9.102755652828096,438.30999999999995,508.313,3.9733449984450804,0.01787932476250522,0.11269422281333137,1.9337970249955438,0.06778607836656647,-6.2169999999999845,0.0,0.061055428167125794,final_approach,-0.36684140730627846,-0.6556811610147459,-5.710521463195747,
40.633,63.95039218,-22.60527084,584.267,511.21,-0.9081,-2.5716,353.8034,-0.0025,-0.026,0.0044,67.02,67.484,-5.9189,113.8999,0.1741,0.0,0.0,0.0,-0.03,1620.4,0.0,10.0,270.0,0,40.633,-0.019807360450735056,0.09230517348366389,-0.03,0.08886510500173961,0.6199511972567004,1.0,0.0,-1570.8168502774342,9.106544067454857,437.76700000000005,507.71,3.9749948362945067,0.017649167051131467,0.11281870905966779,1.9386329058181921,0.0675785443577297,-6.216599999999971,0.0,0.06095948015193267,final_approach,-0.3675514119212977,-0.6564383473549551,-5.713769035498547,
40.733,63.95042592,-22.60527072,583.626,510.58,-0.9084,-2.5744,353.8039,-0.0026,-0.026,0.0044,67.026,67.49,-5.9222,113.9095,0.1735,0.0,0.0,0.0,-0.03,1620.1,0.0,10.0,270.0,0,40.733,-0.01981939411707151,0.092335042160061,-0.03,0.08886043058818494,0.6198164841239501,1.0,0.0,-1567.0556230666327,9.111110399519264,437.126,507.08,3.976958086910249,0.017979723568846938,0.11296715268268066,1.9434675114003992,0.06726936785889848,-6.216099999999983,0.0,0.060872254683575676,final_approach,-0.3682928134522747,-0.6570896764322232,-5.717644524212538,
40.833,63.95045706,-22.60527061,583.033,509.902,-0.9087,-2.5769,353.8043,-0.0025,-0.0261,0.0043,67.032,67.495,-5.9253,113.9182,0.1731,0.0,0.0,0.0,-0.03,1619.8,0.0,10.0,270.0,0,40.833,-0.019836709898522653,0.0923631055556755,-0.03,0.08885669070493762,0.6196921523551829,1.0,0.0,-1563.5842355472978,9.11528796734159,436.533,506.402,3.978764214788295,0.01799331610411595,0.11310391419840024,1.948299677782238,0.06706152134188414,-6.21569999999997,0.0,0.060792958803250745,final_approach,-0.3690185579675678,-0.6578701050722024,-5.721220389758514,
40.933,63.95048561,-22.60527052,582.49,509.287,-0.9089,-2.5793,353.8047,-0.0026,-0.0261,0.0043,67.037,67.5,-5.9282,113.9263,0.1726,0.0,0.0,0.0,-0.03,1619.6,0.0,10.0,270.0,0,40.933,-0.01985359861958791,0.09238671081496605,-0.03,0.08885295050844488,0.6195769994400188,1.0,0.0,-1560.4015731221796,9.118586444643485,435.99,505.787,3.98043205911552,0.017774170632138066,0.11322288059599392,1.9531276335825631,0.06680387213316408,-6.2152999999999565,0.0,0.05981178073023667,final_approach,-0.369720397218547,-0.6585394595570726,-5.72453143838343,
41.042,63.95051936,-22.6052704,581.848,508.515,-0.9092,-2.5821,353.8052,-0.0024,-0.0261,0.0042,67.043,67.505,-5.9316,113.9357,0.1721,0.0,0.0,0.0,-0.03,1619.3,0.0,10.0,270.0,0,41.042,-0.019871423367623264,0.09241577654138165,-0.03,0.08884827482233104,0.6194400166930567,1.0,0.0,-1556.6392311439004,9.123152387754676,435.34799999999996,505.015,3.9824099444599383,0.01783609837757424,0.1133720118330651,1.9583888191370173,0.06654527206879379,-6.214799999999968,0.0,0.0593785162601819,final_approach,-0.3705108734474365,-0.6593409461377018,-5.7284691370786796,
41.133,63.95055051,-22.60527029,581.254,507.914,-0.9094,-2.5847,353.8056,-0.0024,-0.0261,0.0042,67.049,67.51,-5.9347,113.9443,0.1716,0.0,0.0,0.0,-0.03,1619.1,0.0,10.0,270.0,0,41.133,-0.019886823117855335,0.09244469926515908,-0.03,0.0888445339210433,0.6193136229160131,1.0,0.0,-1553.1667288570875,9.127329566449733,434.754,504.414,3.984229076238183,0.018195158498243245,0.11350941022766035,1.9627777293830189,0.06628732048366714,-6.214399999999955,0.0,0.059974475321444246,final_approach,-0.3711873975098001,-0.6599716925724213,-5.732101451042194,
41.233,63.95057907,-22.60527019,580.71,507.306,-0.9096,-2.587,353.806,-0.0025,-0.026,0.0041,67.054,67.515,-5.9376,113.9522,0.1712,0.0,0.0,0.0,-0.03,1618.9,0.0,10.0,270.0,0,41.233,-0.01990711312855825,0.09246909251384577,-0.03,0.08884079270651668,0.619196598869443,1.0,0.0,-1549.982951493471,9.131117591949224,434.21000000000004,503.806,3.985908385127296,0.017961480230391468,0.11363504595889826,1.9675986415476316,0.06608021672653308,-6.213999999999942,0.0,0.059067704837672715,final_approach,-0.37189721897536643,-0.6607292346762144,-5.735463647209485,
41.342,63.95061283,-22.60527008,580.067,506.592,-0.9099,-2.5898,353.8064,-0.0026,-0.026,0.0041,67.06,67.52,-5.941,113.9615,0.1706,0.0,0.0,0.0,-0.03,1618.6,0.0,10.0,270.0,0,41.342,-0.019921862391982903,0.09249913801145494,-0.03,0.08883705117875396,0.6190573011958925,1.0,0.0,-1546.2194949195268,9.135193208434487,433.567,503.092,3.987901153032841,0.018014945919125752,0.11377877260970315,1.972851586031133,0.06577153409944003,-6.213600000000042,0.0,0.05870208363057831,final_approach,-0.37267964557414857,-0.6614431137484384,-5.739464719528968,
41.433,63.95064139,-22.60526998,579.522,505.882,-0.9102,-2.5922,353.8068,-0.0026,-0.0261,0.0041,67.065,67.525,-5.9439,113.9693,0.1702,0.0,0.0,0.0,-0.03,1618.3,0.0,10.0,270.0,0,41.433,-0.01993544533718883,0.09252390402504843,-0.03,0.08883330933775402,0.6189393317096153,1.0,0.0,-1543.0357175559107,9.138981233933979,433.02200000000005,502.382,3.9895836059357834,0.018093870505759415,0.11390478475738938,1.9772326049664277,0.06556457242169245,-6.213199999999915,0.0,0.0583605355682534,final_approach,-0.3733402847317038,-0.6621267524144514,-5.7428522761784535,
41.533,63.95067515,-22.60526987,578.878,505.286,-0.9104,-2.595,353.8072,-0.0025,-0.026,0.004,67.071,67.53,-5.9474,113.9784,0.1697,0.0,0.0,0.0,-0.03,1618.1,0.0,10.0,270.0,0,41.533,-0.019954140000708664,0.0925526912875358,-0.03,0.08882956718352308,0.6187987905323532,1.0,0.0,-1539.2722609811742,9.143056850418967,432.37800000000004,501.786,3.9915818076941316,0.01840856168537979,0.11404894979731794,1.9820467245962714,0.06530639664001114,-6.212800000000016,0.0,0.0585095777893214,final_approach,-0.37407373118975684,-0.6628429269155287,-5.746886912785818,
41.633,63.95070371,-22.60526977,578.332,504.642,-0.9107,-2.5973,353.8076,-0.0025,-0.026,0.004,67.076,67.535,-5.9503,113.9861,0.1692,0.0,0.0,0.0,-0.03,1617.8,0.0,10.0,270.0,0,41.633,-0.0199676583364507,0.09257783287397549,-0.03,0.08882582471605971,0.6186798685317001,1.0,0.0,-1536.08848361835,9.146844875918731,431.832,501.142,3.9932674423228396,0.018149859118996397,0.11417534006602019,1.9868574361875526,0.06504930665508368,-6.212400000000002,0.0,0.057735979808469805,final_approach,-0.3747833900065025,-0.6635248900747062,-5.750299994952222,
41.733,63.95073488,-22.60526967,577.737,503.936,-0.9109,-2.5999,353.808,-0.0025,-0.0261,0.0039,67.082,67.54,-5.9535,113.9944,0.1687,0.0,0.0,0.0,-0.03,1617.6,0.0,10.0,270.0,0,41.733,-0.019985462405006038,0.0926070668935528,-0.03,0.088822081935367,0.6185486498840249,1.0,0.0,-1532.6137519676022,9.150531339208433,431.23699999999997,500.436,3.9951219055439395,0.018215654634330416,0.11430788786636834,1.991665366853564,0.06479180510203264,-6.211999999999989,0.0,0.057941799825882156,final_approach,-0.37550084056007194,-0.6642179717476502,-5.7540650223514405,
41.842,63.95076865,-22.60526955,577.092,503.206,-0.9112,-2.6027,353.8084,-0.0025,-0.0262,0.0039,67.088,67.545,-5.957,114.0034,0.1682,0.0,0.0,0.0,-0.03,1617.3,0.0,10.0,270.0,0,41.842,-0.020003624509252582,0.09263686499344571,-0.03,0.08881833884144696,0.6184057224820848,1.0,0.0,-1528.8491804543671,9.155096503891016,430.592,499.706,3.9971353771460403,0.018258414950781027,0.11445886003972221,1.9969049984316591,0.06453382198625945,-6.211599999999976,0.0,0.05767853361985962,final_approach,-0.37629129727212884,-0.665020335201266,-5.758164849723954,
41.933,63.95079722,-22.60526946,576.546,502.661,-0.9114,-2.6051,353.8088,-0.0024,-0.0263,0.0039,67.093,67.55,-5.96,114.011,0.1677,0.0,0.0,0.0,-0.03,1617.0,0.0,10.0,270.0,0,41.933,-0.020017690633832075,0.09266140041515891,-0.03,0.08881459543430159,0.6182841926203385,1.0,0.0,-1525.6642884950859,9.158394202938641,430.04600000000005,499.161,3.998842158005033,0.018341318061534634,0.11457971641247418,2.0012744741299517,0.0642769144623685,-6.2111999999999625,0.0,0.057430035558523336,final_approach,-0.37694384016183236,-0.6656165003732344,-5.761649948341887,
42.033,63.95082839,-22.60526935,575.95,501.929,-0.9117,-2.6077,353.8092,-0.0024,-0.0264,0.0038,67.098,67.555,-5.9632,114.0192,0.1673,0.0,0.0,0.0,-0.03,1616.8,0.0,10.0,270.0,0,42.033,-0.02003503908182175,0.09268827567716315,-0.03,0.08881085171393388,0.6181509460697466,1.0,0.0,-1522.1895566733176,9.16257060337915,429.45000000000005,498.429,4.00070798928326,0.018394150514990732,0.114719007382859,2.006075459954471,0.06406984993247988,-6.210800000000063,0.0,0.05675457778047156,final_approach,-0.37766938109885473,-0.6663977664163472,-5.765470046603056,
42.133,63.95085957,-22.60526925,575.353,501.335,-0.9119,-2.6103,353.8095,-0.0025,-0.0264,0.0038,67.103,67.559,-5.9665,114.0273,0.1668,0.0,0.0,0.0,-0.03,1616.5,0.0,10.0,270.0,0,42.133,-0.020053164315413485,0.0927135471064815,-0.03,0.08880804371810413,0.6180172897418618,1.0,0.0,-1518.7137102550919,9.166256677541577,428.85299999999995,497.835,4.002573830544645,0.018438194198134646,0.11485239430949493,2.0108737811855724,0.06381264141242582,-6.210499999999911,0.0,0.05614052525496995,final_approach,-0.37838684704133385,-0.6670913025525351,-5.7693008454663826,
42.233,63.95089075,-22.60526915,574.756,500.57,-0.9122,-2.6129,353.8099,-0.0025,-0.0263,0.0037,67.109,67.564,-5.9698,114.0354,0.1663,0.0,0.0,0.0,-0.03,1616.2,0.0,10.0,270.0,0,42.233,-0.020067129287119123,0.09274240238578872,-0.03,0.08880429944960011,0.617882724393185,1.0,0.0,-1515.2378638368664,9.169942751529945,428.256,497.07,4.004446619497272,0.01848647675282311,0.1149859841691572,2.0156694669985358,0.06355546942833712,-6.210100000000011,0.0,0.056491386595427746,final_approach,-0.37910428149702113,-0.6677848438070892,-5.7731566404122745,
42.333,63.95092193,-22.60526904,574.159,499.891,-0.9124,-2.6155,353.8103,-0.0025,-0.0263,0.0037,67.114,67.569,-5.9731,114.0434,0.1658,0.0,0.0,0.0,-0.03,1615.9,0.0,10.0,270.0,0,42.333,-0.02008543045570277,0.09276848176071108,-0.03,0.08880055486787686,0.6177472426256658,1.0,0.0,-1511.7620172476204,9.174118763017239,427.659,496.391,4.006326395382327,0.01853835710244505,0.11512592563608952,2.0204631613388164,0.06329840701323519,-6.209699999999998,0.0,0.055901260541306674,final_approach,-0.37982985224643784,-0.6684908076858704,-5.77703762378702,
42.433,63.95095311,-22.60526894,573.562,499.374,-0.9127,-2.6181,353.8107,-0.0025,-0.0264,0.0036,67.119,67.574,-5.9764,114.0514,0.1653,0.0,0.0,0.0,-0.03,1615.7,0.0,10.0,270.0,0,42.433,-0.020099405114753388,0.09279497290294564,-0.03,0.08879680997293748,0.6176108370511356,1.0,0.0,-1508.2861708293947,9.177804837179666,427.062,495.874,4.008213196631559,0.0185932996674229,0.11525992744422492,2.0252542768787762,0.06304138065743814,-6.209299999999985,0.0,0.0553647823102746,final_approach,-0.3805473108299928,-0.6691845997008556,-5.780943987350092,
42.533,63.95098429,-22.60526884,572.964,498.559,-0.9129,-2.6207,353.811,-0.0025,-0.0263,0.0036,67.125,67.578,-5.9797,114.0594,0.1648,0.0,0.0,0.0,-0.03,1615.4,0.0,10.0,270.0,0,42.533,-0.020117541276670536,0.09282469499023265,-0.03,0.08879400109618696,0.6174741808288997,1.0,0.0,-1504.8103244111692,9.181490911168032,426.46400000000006,495.059,4.010097690613762,0.018635239693190937,0.11539413358717775,2.030042842647898,0.06278439035341421,-6.20900000000006,0.0,0.0557861657366134,final_approach,-0.3812647494381487,-0.6698784134404487,-5.7848564412707155,
42.642,63.95101808,-22.60526873,572.316,497.953,-0.9132,-2.6235,353.8114,-0.0025,-0.0264,0.0036,67.13,67.583,-5.9833,114.0679,0.1642,0.0,0.0,0.0,-0.03,1615.1,0.0,10.0,270.0,0,42.642,-0.020132351794660275,0.09285222811571751,-0.03,0.08879025565312326,0.6173249936388372,1.0,0.0,-1501.0435235347913,9.185565360445537,425.81600000000003,494.453,4.0121484506272065,0.01866508508598434,0.11554080910009983,2.0352609685115217,0.06247684491293626,-6.208599999999933,0.0,0.054884837909010824,final_approach,-0.3820471115243329,-0.6705938750957898,-5.78912641495581,
42.742,63.95104927,-22.60526862,571.717,497.212,-0.9135,-2.6261,353.8118,-0.0023,-0.0264,0.0035,67.136,67.588,-5.9867,114.0757,0.1637,0.0,0.0,0.0,-0.03,1614.8,0.0,10.0,270.0,0,42.742,-0.02014681607055585,0.09288078988883072,-0.03,0.08878650989685077,0.6171868974183146,1.0,0.0,-1497.5665621780677,9.189740982631498,425.217,493.712,4.014040728165646,0.018708033469052338,0.11568163410672623,2.0400449286938223,0.06222007551255615,-6.2082000000000335,0.0,0.05534985264455581,final_approach,-0.3827727418684219,-0.671300359985981,-5.793077795606671,
42.842,63.95108046,-22.60526852,571.118,496.514,-0.9137,-2.6287,353.8121,-0.0023,-0.0265,0.0035,67.141,67.593,-5.9901,114.0835,0.1632,0.0,0.0,0.0,-0.03,1614.5,0.0,10.0,270.0,0,42.842,-0.020164971077622384,0.0929066213821785,-0.03,0.08878370037410221,0.6170478580153731,1.0,0.0,-1494.089600992364,9.193426667666651,424.61800000000005,493.014,4.015940134535395,0.018755705173792367,0.11581650233619846,2.0448264291651292,0.061963341220064194,-6.207899999999995,0.0,0.05486350240415037,final_approach,-0.3834902509984346,-0.671994658108126,-5.797055047115986,
42.933,63.95111165,-22.60526842,570.519,495.984,-0.9139,-2.6314,353.8125,-0.0022,-0.0267,0.0035,67.146,67.597,-5.9935,114.0913,0.1627,0.0,0.0,0.0,-0.03,1614.2,0.0,10.0,270.0,0,42.933,-0.020180001310612816,0.09293287643942205,-0.03,0.08877995406971484,0.6169078677024167,1.0,0.0,-1490.612639806661,9.197112352527745,424.019,492.484,4.017846710467051,0.019121651622219068,0.11595157693031677,2.0491753824973205,0.06170664202818443,-6.207499999999982,0.0,0.05487091627150072,final_approach,-0.3841591856475901,-0.6726158146881023,-5.801058369786563,
43.033,63.95114025,-22.60526833,569.97,495.259,-0.9141,-2.6338,353.8128,-0.0022,-0.0267,0.0034,67.151,67.601,-5.9966,114.0983,0.1623,0.0,0.0,0.0,-0.03,1614.0,0.0,10.0,270.0,0,43.033,-0.020200172819511863,0.09295902439152628,-0.03,0.08877714413588411,0.6167784787622299,1.0,0.0,-1487.4244035449462,9.20040888419355,423.47,491.759,4.019603755300219,0.01886311774046227,0.11607456842784966,2.0539522547317812,0.06150076506915525,-6.207200000000057,0.0,0.05442810570136009,final_approach,-0.38486053387085306,-0.6733623883558817,-5.8047575172403505,
43.133,63.95117145,-22.60526823,569.37,494.62,-0.9143,-2.6364,353.8131,-0.0023,-0.0268,0.0034,67.156,67.606,-6.0,114.1059,0.1618,0.0,0.0,0.0,-0.03,1613.7,0.0,10.0,270.0,0,43.133,-0.020218343611838552,0.09298583725829081,-0.03,0.08877433402587409,0.6166371637512166,1.0,0.0,-1483.946327592557,9.204094180101706,422.87,491.12,4.021517152037129,0.018908259345235254,0.11621006277889806,2.0587267534938984,0.06124427318786729,-6.206899999999905,0.0,0.054025550637608805,final_approach,-0.3855780735400991,-0.6740570902827088,-5.808796521112665,
43.233,63.95120264,-22.60526813,568.77,493.954,-0.9146,-2.6391,353.8135,-0.0024,-0.027,0.0034,67.161,67.61,-6.0035,114.1135,0.1613,0.0,0.0,0.0,-0.03,1613.4,0.0,10.0,270.0,0,43.233,-0.020232354039794065,0.09301123752919514,-0.03,0.0887705869384785,0.6164950611900529,1.0,0.0,-1480.4693664068539,9.207779865136857,422.27,490.454,4.02343537041277,0.018953913413764543,0.1163457412994184,2.0634989051121937,0.060987815468223516,-6.2065000000000055,0.0,0.0536595914887314,final_approach,-0.3862955895528941,-0.6747518055141093,-5.812856876022657,
43.333,63.95123385,-22.60526803,568.169,493.241,-0.9148,-2.6418,353.8138,-0.0023,-0.0269,0.0033,67.166,67.615,-6.007,114.121,0.1608,0.0,0.0,0.0,-0.03,1613.1,0.0,10.0,270.0,0,43.333,-0.020250535776106027,0.09303689996100324,-0.03,0.08876777641739286,0.6163523274403065,1.0,0.0,-1476.990175686195,9.211464771743403,421.669,489.741,4.025356266233975,0.018996420880145266,0.11648167552346504,2.068268742980833,0.060731462645264855,-6.206199999999967,0.0,0.05332690135338799,final_approach,-0.3870131798554013,-0.6754467882120547,-5.816934099070476,
43.433,63.95126505,-22.60526793,567.568,492.579,-0.915,-2.6444,353.8141,-0.0023,-0.027,0.0033,67.171,67.619,-6.0105,114.1285,0.1603,0.0,0.0,0.0,-0.03,1612.8,0.0,10.0,270.0,0,43.433,-0.02026871853819545,0.09306290684570581,-0.03,0.08876496572013293,0.6162087971851229,1.0,0.0,-1473.5120997330139,9.215150067651285,421.068,489.079,4.027282030685703,0.01903995815300191,0.11661779487795067,2.0730362933253588,0.06047514351172367,-6.205899999999929,0.0,0.053024455775815986,final_approach,-0.38773075449497796,-0.676141795540051,-5.821032897320745,
43.533,63.95129625,-22.60526783,566.967,491.935,-0.9153,-2.6471,353.8145,-0.0024,-0.0269,0.0032,67.176,67.624,-6.014,114.1359,0.1598,0.0,0.0,0.0,-0.03,1612.5,0.0,10.0,270.0,0,43.533,-0.020282747374650356,0.093089352288035,-0.03,0.08876121784974023,0.6160642811294365,1.0,0.0,-1470.034023780625,9.21883536355944,420.467,488.435,4.02921514871692,0.019088495179529853,0.11675412352813486,2.077801584700421,0.06021892834451137,-6.205500000000029,0.0,0.052749505250737606,final_approach,-0.3884483485084935,-0.6768369861782908,-5.825158656828062,
43.642,63.95133006,-22.60526772,566.315,491.237,-0.9155,-2.65,353.8148,-0.0023,-0.0269,0.0032,67.181,67.628,-6.0178,114.1439,0.1592,0.0,0.0,0.0,-0.03,1612.2,0.0,10.0,270.0,0,43.642,-0.02030177341124617,0.09311683138061495,-0.03,0.08875840674141022,0.6159070739258522,1.0,0.0,-1466.2649933692917,9.222909034408337,419.81500000000005,487.737,4.0313114008666995,0.019112357832756714,0.11690310855424525,2.0829946777750887,0.05991213007345664,-6.205199999999991,0.0,0.05212423746730556,final_approach,-0.38923091264193843,-0.6775538520459339,-5.829645379808394,
43.733,63.95135867,-22.60526763,565.763,490.567,-0.9158,-2.6524,353.8151,-0.0023,-0.027,0.0032,67.186,67.632,-6.0211,114.1506,0.1588,0.0,0.0,0.0,-0.03,1611.9,0.0,10.0,270.0,0,43.733,-0.02031528913244185,0.0931412863666847,-0.03,0.08875559545690848,0.6157733310389406,1.0,0.0,-1463.0756423400996,9.22620517694687,419.26300000000003,487.067,4.033089383986909,0.019183344201674446,0.11702745853789147,2.0873257593127854,0.05970666748353892,-6.204899999999952,0.0,0.052380675419838214,final_approach,-0.38988370188404176,-0.6782278643310029,-5.833461318624739,
43.842,63.95139248,-22.60526752,565.111,489.915,-0.916,-2.6553,353.8154,-0.0024,-0.027,0.0032,67.191,67.637,-6.025,114.1585,0.1582,0.0,0.0,0.0,-0.03,1611.6,0.0,10.0,270.0,0,43.842,-0.020334327183701317,0.09316798537936706,-0.03,0.0887527839962371,0.6156139530083824,1.0,0.0,-1459.3066119279742,9.230278847795491,418.611,486.415,4.035201753974852,0.019216043697026577,0.11717690151860496,2.092514091319477,0.059400014161184345,-6.204600000000028,0.0,0.051788937621033385,final_approach,-0.39066632892593134,-0.6789450381417055,-5.838007349121398,
43.933,63.9514237,-22.60526743,564.508,489.289,-0.9162,-2.658,353.8158,-0.0023,-0.027,0.0031,67.196,67.641,-6.0286,114.1657,0.1577,0.0,0.0,0.0,-0.03,1611.3,0.0,10.0,270.0,0,43.933,-0.02034895031861439,0.09319396713503977,-0.03,0.08874903510796484,0.6154664167393457,1.0,0.0,-1455.8263066116504,9.233473428124231,418.00800000000004,485.789,4.037151021586775,0.01958345694884555,0.11730791442638708,2.096841818788609,0.059144074642659916,-6.204199999999901,0.0,0.052075857377758016,final_approach,-0.39132750933180205,-0.6795556330610353,-5.84221432600463,
44.033,63.95145231,-22.60526734,563.955,488.611,-0.9165,-2.6604,353.8161,-0.0023,-0.027,0.0031,67.201,67.645,-6.0319,114.1723,0.1573,0.0,0.0,0.0,-0.03,1611.0,0.0,10.0,270.0,0,44.033,-0.020365293033681675,0.09321928709443837,-0.03,0.08874622323623182,0.6153306225670545,1.0,0.0,-1452.6369555824579,9.236769570662762,417.45500000000004,485.111,4.0389399705661315,0.01930112908963254,0.11743283891876591,2.10159562995119,0.05893876548782373,-6.203899999999976,0.0,0.051887143070684906,final_approach,-0.39202878771559924,-0.6803029298329495,-5.846085389544104,
44.133,63.95148353,-22.60526724,563.352,488.002,-0.9167,-2.6631,353.8164,-0.0024,-0.0271,0.0031,67.205,67.65,-6.0355,114.1794,0.1568,0.0,0.0,0.0,-0.03,1610.7,0.0,10.0,270.0,0,44.133,-0.020383517047905475,0.09324307826964068,-0.03,0.08874341118833085,0.6151811305982469,1.0,0.0,-1449.1566500951135,9.240454088316373,416.852,484.502,4.04090368278463,0.019357127938857632,0.11757047735297418,2.1063473589199835,0.058682954894294426,-6.203600000000051,0.0,0.05080649370062704,final_approach,-0.39274656807577557,-0.6809989955964184,-5.850345729291238,
44.233,63.95151475,-22.60526714,562.748,487.2,-0.9169,-2.6658,353.8167,-0.0023,-0.027,0.0031,67.21,67.654,-6.0391,114.1865,0.1563,0.0,0.0,0.0,-0.03,1610.4,0.0,10.0,270.0,0,44.233,-0.02040174563431152,0.0932700228374664,-0.03,0.08874059896426079,0.6150313453014196,1.0,0.0,-1445.6763446069767,9.244138605969706,416.24800000000005,483.7,4.042865319598144,0.01940033463823899,0.11770832870061888,2.1110970339269786,0.05842717610968862,-6.203299999999899,0.0,0.05073317609147525,final_approach,-0.3934643957077846,-0.6816951779523617,-5.854613164726889,
44.342,63.95154857,-22.60526704,562.094,486.55,-0.9172,-2.6687,353.817,-0.0023,-0.0271,0.003,67.215,67.658,-6.0431,114.1941,0.1557,0.0,0.0,0.0,-0.03,1610.1,0.0,10.0,270.0,0,44.342,-0.020416476984366272,0.0932968217340638,-0.03,0.08873778656402664,0.6148676938584275,1.0,0.0,-1441.9061995991865,9.247721950366461,415.59400000000005,483.05,4.045001832305006,0.019433784533183805,0.11785270134340671,2.116272659150142,0.05812091291969068,-6.2029999999999745,0.0,0.05029121095889708,final_approach,-0.3942389067570673,-0.6824006979228177,-5.859274208455485,
44.442,63.95157979,-22.60526694,561.489,485.858,-0.9174,-2.6714,353.8173,-0.0023,-0.0272,0.003,67.22,67.662,-6.0468,114.2011,0.1552,0.0,0.0,0.0,-0.03,1609.8,0.0,10.0,270.0,0,44.442,-0.020434715406636716,0.09332261051409327,-0.03,0.0887349739876272,0.6147164898482126,1.0,0.0,-1438.4258941118421,9.251406468020072,414.98900000000003,482.358,4.046969662733418,0.019474537825006234,0.11799099381071758,2.121017516334047,0.057865270177302364,-6.20270000000005,0.0,0.050264737235356786,final_approach,-0.3949567688093296,-0.6830971319519445,-5.863579393762183,
44.542,63.95161102,-22.60526684,560.884,485.24,-0.9176,-2.674,353.8176,-0.0022,-0.0272,0.0029,67.225,67.666,-6.0505,114.208,0.1547,0.0,0.0,0.0,-0.03,1609.5,0.0,10.0,270.0,0,44.542,-0.02045296489978138,0.0933489602318718,-0.03,0.08873216123506111,0.6145640458276183,1.0,0.0,-1434.9444738562277,9.25509059654613,414.384,481.74,4.048947681174459,0.019525478922573402,0.11812952508361439,2.125760410454628,0.057609726723882204,-6.202399999999898,0.0,0.05024067021395651,final_approach,-0.3956747224784678,-0.6837938510494919,-5.867918588822615,
44.642,63.95164225,-22.60526675,560.279,484.569,-0.9179,-2.6767,353.8179,-0.0022,-0.0273,0.0029,67.23,67.67,-6.0542,114.2148,0.1542,0.0,0.0,0.0,-0.03,1609.2,0.0,10.0,270.0,0,44.642,-0.020466883232020172,0.09337577863694654,-0.03,0.08872934830633339,0.6144105456005196,1.0,0.0,-1431.4630537724256,9.2582847877476,413.779,481.069,4.050933423255865,0.019580802571153723,0.1182620131283382,2.1305007437326133,0.057354281870289014,-6.202099999999973,0.0,0.05021879110360555,final_approach,-0.39638442990787937,-0.6844782914906382,-5.872286535169216,
44.742,63.95167348,-22.60526665,559.673,483.811,-0.9181,-2.6794,353.8182,-0.0023,-0.0274,0.0028,67.234,67.675,-6.0579,114.2216,0.1537,0.0,0.0,0.0,-0.03,1608.8,0.0,10.0,270.0,0,44.742,-0.020485143283241358,0.09339967130299635,-0.03,0.0887265352014428,0.6142567394559976,1.0,0.0,-1427.981633517604,9.261968916099875,413.173,480.311,4.052917158519592,0.01962356091550713,0.11840097012387797,2.1352391715992254,0.057098867428607036,-6.201800000000048,0.0,0.0492898100941786,final_approach,-0.397102437512892,-0.6851752811260035,-5.876661868139532,
44.842,63.95170471,-22.60526656,559.067,483.16,-0.9183,-2.6821,353.8185,-0.0024,-0.0275,0.0028,67.239,67.679,-6.0616,114.2284,0.1532,0.0,0.0,0.0,-0.03,1608.5,0.0,10.0,270.0,0,44.842,-0.02050292548848376,0.0934270637664482,-0.03,0.08872372192038913,0.6141018669631183,1.0,0.0,-1424.5002134330098,9.265163107301065,412.567,479.66,4.054908670155401,0.01967215348927037,0.11853387515992792,2.1399750952098877,0.05684348339340772,-6.20150000000001,0.0,0.04935437281289835,final_approach,-0.39781219379432287,-0.6858598817817025,-5.881066204905824,
44.942,63.95173594,-22.60526646,558.461,482.56,-0.9186,-2.6849,353.8187,-0.0023,-0.0275,0.0028,67.243,67.682,-6.0654,114.2351,0.1527,0.0,0.0,0.0,-0.03,1608.2,0.0,10.0,270.0,0,44.942,-0.02051764326100841,0.0934501770735177,-0.03,0.08872184630181901,0.6139459191566549,1.0,0.0,-1421.0187931781875,9.268847235827401,411.961,479.06,4.056908004753352,0.019725685570978015,0.11867325986296452,2.144709170878818,0.05658819680354554,-6.2012999999999465,0.0,0.04850397528444452,final_approach,-0.3985302708191938,-0.6865571635208099,-5.885499775615703,
45.042,63.95176717,-22.60526637,557.854,481.788,-0.9188,-2.6876,353.819,-0.0023,-0.0275,0.0027,67.248,67.686,-6.0692,114.2417,0.1522,0.0,0.0,0.0,-0.03,1607.9,0.0,10.0,270.0,0,45.042,-0.020535440425486218,0.09347640496328974,-0.03,0.08871903272716508,0.6137896576270025,1.0,0.0,-1417.5373730943859,9.272041427028869,411.35400000000004,478.288,4.058905373506711,0.019767019231412903,0.1188065838465809,2.14944079869388,0.056333006971499344,-6.201000000000022,0.0,0.048639977531321925,final_approach,-0.39924009137819283,-0.687242148586618,-5.8899409132759,
45.133,63.95179581,-22.60526628,557.298,481.132,-0.919,-2.6901,353.8193,-0.0024,-0.0276,0.0027,67.252,67.69,-6.0726,114.2478,0.1517,0.0,0.0,0.0,-0.03,1607.6,0.0,10.0,270.0,0,45.133,-0.0205499720671396,0.09350085912204525,-0.03,0.08871621897635029,0.613644890618479,1.0,0.0,-1414.3446777627603,9.27533640218558,410.798,477.632,4.060750515861499,0.019851897628352894,0.11893372253776045,2.153743797022112,0.05607817957110228,-6.2006999999999834,0.0,0.048214165388105475,final_approach,-0.39989336683274956,-0.6878424820329716,-5.894054157760223,
45.242,63.95182704,-22.60526619,556.69,480.486,-0.9193,-2.6928,353.8195,-0.0024,-0.0276,0.0027,67.257,67.694,-6.0765,114.2543,0.1512,0.0,0.0,0.0,-0.03,1607.3,0.0,10.0,270.0,0,45.242,-0.020567019456017632,0.09352588713614682,-0.03,0.08871434304460735,0.6134873151043724,1.0,0.0,-1410.8632576789585,9.278530593387048,410.19000000000005,476.986,4.062753166950121,0.019605405651490233,0.11906744890511646,2.158896879823589,0.055823113923651135,-6.20049999999992,0.0,0.0480012012285612,final_approach,-0.40065130590289044,-0.6886001482768958,-5.898530013643924,
45.333,63.95185568,-22.6052661,556.133,479.852,-0.9195,-2.6953,353.8198,-0.0023,-0.0277,0.0026,67.261,67.697,-6.08,114.2603,0.1507,0.0,0.0,0.0,-0.03,1607.0,0.0,10.0,270.0,0,45.333,-0.020581554570562544,0.09354907623858925,-0.03,0.08871152900019608,0.6133413944106889,1.0,0.0,-1407.670562347333,9.281825568369696,409.63300000000004,476.352,4.0646024027090855,0.019724716722330355,0.11919496444622094,2.163194967719397,0.05556840797669338,-6.200199999999995,0.0,0.047633459658322996,final_approach,-0.4013045209950583,-0.6892005694126926,-5.902673600301451,
45.442,63.95188952,-22.605266,555.474,479.205,-0.9197,-2.6983,353.8201,-0.0022,-0.0277,0.0026,67.266,67.702,-6.0842,114.2673,0.1502,0.0,0.0,0.0,-0.03,1606.6,0.0,10.0,270.0,0,45.442,-0.020603119407122394,0.09357636911980029,-0.03,0.08870871477962627,0.6131684598449806,1.0,0.0,-1403.898187804587,9.285408134685968,408.97400000000005,475.705,4.066787452975578,0.019778319388627206,0.11934187488752629,2.1683436236994234,0.05531306967486671,-6.199899999999957,0.0,0.04747328692875867,final_approach,-0.40207931460340873,-0.6899832134125692,-5.907582761731678,
45.542,63.95192337,-22.6052659,554.815,478.479,-0.92,-2.7012,353.8203,-0.0022,-0.0277,0.0025,67.27,67.706,-6.0884,114.2742,0.1496,0.0,0.0,0.0,-0.03,1606.3,0.0,10.0,270.0,0,45.542,-0.020615436563998557,0.09360137117539184,-0.03,0.0887068385347155,0.6129940134122185,1.0,0.0,-1400.1246984943634,9.288990311874963,408.31500000000005,474.979,4.068984498337304,0.02014367509340029,0.11948905907554172,2.1730647175279794,0.055007689561620055,-6.199700000000007,0.0,0.0467938972079539,final_approach,-0.4028061870330255,-0.6906182578065874,-5.912533179598952,
45.642,63.95195462,-22.6052658,554.206,477.758,-0.9202,-2.704,353.8206,-0.0023,-0.0277,0.0025,67.275,67.709,-6.0923,114.2806,0.1491,0.0,0.0,0.0,-0.03,1605.9,0.0,10.0,270.0,0,45.642,-0.020633754375507574,0.09362823434853587,-0.03,0.08870402402055177,0.6128322840279142,1.0,0.0,-1396.6410487045857,9.29267366197269,407.706,474.258,4.071015065378073,0.020170674312447758,0.11963000423731168,2.177784168893284,0.05475280912267522,-6.199399999999969,0.0,0.04708536109814863,final_approach,-0.40352465923953673,-0.6913167291417412,-5.9171212275406155,
45.742,63.95198586,-22.60526571,553.596,477.046,-0.9204,-2.7067,353.8208,-0.0022,-0.0278,0.0025,67.279,67.713,-6.0962,114.2869,0.1486,0.0,0.0,0.0,-0.03,1605.6,0.0,10.0,270.0,0,45.742,-0.020651898812895864,0.09365213555205998,-0.03,0.08870214757991257,0.6126704299578434,1.0,0.0,-1393.1585138533064,9.295867464046887,407.096,473.546,4.073041172297262,0.02018574012568819,0.11976483303306677,2.182501371633613,0.05449802241199109,-6.199200000000019,0.0,0.04644123736194503,final_approach,-0.40423482429344304,-0.6920028231586297,-5.921711383359906,
45.842,63.95201711,-22.60526562,552.987,476.464,-0.9206,-2.7095,353.8211,-0.0021,-0.0278,0.0024,67.284,67.717,-6.1001,114.2931,0.1481,0.0,0.0,0.0,-0.03,1605.3,0.0,10.0,270.0,0,45.842,-0.020669748065921034,0.0936800065048479,-0.03,0.08869933277215747,0.612506435737173,1.0,0.0,-1389.6748642345487,9.299060876993806,406.48699999999997,472.964,4.075087978429107,0.020232793657816297,0.11989989822115135,2.1872163568836163,0.05424332874534343,-6.1988999999999805,0.0,0.04676476123814057,final_approach,-0.40494504905377937,-0.6926891447870727,-5.926360778481222,
45.942,63.95204836,-22.60526553,552.376,475.744,-0.9209,-2.7122,353.8213,-0.0022,-0.0279,0.0024,67.288,67.721,-6.1041,114.2993,0.1476,0.0,0.0,0.0,-0.03,1604.9,0.0,10.0,270.0,0,45.942,-0.020684046899767994,0.09370289405466085,-0.03,0.08869745613579028,0.6123429035848617,1.0,0.0,-1386.1912146157918,9.302254289940727,405.876,472.244,4.077122968055944,0.020252310759574482,0.12003517534462467,2.191929153228467,0.053988662706757395,-6.198699999999917,0.0,0.04614978294375563,final_approach,-0.4056553045490112,-0.6933755518147677,-5.930995618425698,
46.042,63.95207961,-22.60526544,551.766,475.052,-0.9211,-2.715,353.8216,-0.0021,-0.0279,0.0024,67.292,67.724,-6.108,114.3054,0.1471,0.0,0.0,0.0,-0.03,1604.6,0.0,10.0,270.0,0,46.042,-0.020701906841497475,0.09372843929141347,-0.03,0.08869464103444691,0.6121774187035942,1.0,0.0,-1382.7075649970345,9.305447702887648,405.26599999999996,471.552,4.079176164471386,0.020298919658715713,0.12017066490270943,2.196639789207976,0.0537340887978246,-6.198399999999992,0.0,0.04559071176705497,final_approach,-0.40636559465695044,-0.6940621472604693,-5.935684326972538,
46.142,63.95211087,-22.60526534,551.155,474.378,-0.9213,-2.7177,353.8218,-0.0021,-0.028,0.0023,67.296,67.728,-6.112,114.3115,0.1466,0.0,0.0,0.0,-0.03,1604.3,0.0,10.0,270.0,0,46.142,-0.020720565278784964,0.09375247027987374,-0.03,0.08869276420235561,0.6120113744350453,1.0,0.0,-1379.2228004397791,9.309130664032164,404.655,470.878,4.081230197765118,0.02033915520514896,0.12031272463493631,2.2013489290407766,0.053479542055583806,-6.198200000000043,0.0,0.04508246524278164,final_approach,-0.40708436420320027,-0.694761556396891,-5.94038739608218,
46.233,63.95213952,-22.60526526,550.594,473.675,-0.9215,-2.7203,353.822,-0.0022,-0.028,0.0023,67.3,67.731,-6.1157,114.317,0.1461,0.0,0.0,0.0,-0.03,1603.9,0.0,10.0,270.0,0,46.233,-0.020734988140590105,0.0937749380905282,-0.03,0.0886908872919735,0.6118590002808574,1.0,0.0,-1376.0289905116963,9.31193531273673,404.09400000000005,470.175,4.083109794935297,0.020391781663959208,0.12043573707318345,2.205631156029679,0.05322540680148791,-6.197999999999979,0.0,0.044980063307614615,final_approach,-0.40772985088758773,-0.6953511737365687,-5.944701961190972,
46.342,63.95217338,-22.60526516,549.931,473.06,-0.9217,-2.7233,353.8222,-0.0021,-0.028,0.0022,67.305,67.735,-6.12,114.3235,0.1455,0.0,0.0,0.0,-0.03,1603.6,0.0,10.0,270.0,0,46.342,-0.02075401987569281,0.09380413187242614,-0.03,0.08868901030330201,0.6116776401391959,1.0,0.0,-1372.254386434787,9.315517100798733,403.43100000000004,469.56,4.085340356369452,0.020403795781365218,0.12058480584695883,2.210761106666756,0.05292054055422568,-6.197799999999916,0.0,0.04506110842811469,final_approach,-0.4085053628021029,-0.6960602547626422,-5.949835652546049,
46.433,63.95220203,-22.60526508,549.37,472.32,-0.9219,-2.7258,353.8224,-0.0021,-0.028,0.0022,67.309,67.738,-6.1237,114.329,0.1451,0.0,0.0,0.0,-0.03,1603.2,0.0,10.0,270.0,0,46.433,-0.02077136378273864,0.09382755868283177,-0.03,0.08868713323634225,0.6115231212797597,1.0,0.0,-1369.0605765067041,9.318321749503301,402.87,468.82,4.087235194942124,0.020473563467388,0.12070820855034872,2.2150395782879486,0.05271657360509607,-6.197599999999966,0.0,0.044960648021553445,final_approach,-0.4091509371849682,-0.6967255839296946,-5.954208164214961,
46.542,63.9522359,-22.60526498,548.707,471.596,-0.9222,-2.7288,353.8227,-0.0022,-0.0282,0.0022,67.313,67.742,-6.1281,114.3353,0.1445,0.0,0.0,0.0,-0.03,1602.9,0.0,10.0,270.0,0,46.542,-0.02078625282741753,0.0938533354654906,-0.03,0.08868431748911121,0.61133898767587,1.0,0.0,-1365.284857662317,9.321903148263965,402.207,468.096,4.089486529403473,0.020503710322744714,0.12085777053826309,2.220165098142173,0.052411894940746606,-6.197300000000041,0.0,0.044209429811090974,final_approach,-0.40992659564816236,-0.6974351630908515,-5.959417031141861,
46.633,63.95226456,-22.6052649,548.145,470.937,-0.9224,-2.7314,353.8229,-0.0023,-0.0283,0.0021,67.317,67.745,-6.1319,114.3407,0.144,0.0,0.0,0.0,-0.03,1602.6,0.0,10.0,270.0,0,46.633,-0.020800698314841992,0.09387569989253719,-0.03,0.08868244022642868,0.6111829021413994,1.0,0.0,-1362.0899329667566,9.324707407841261,401.645,467.437,4.091389305564744,0.020571363293259124,0.12098159089964966,2.2244399221163436,0.05215792703623379,-6.197099999999978,0.0,0.044186394733350065,final_approach,-0.4105723059469639,-0.6980253609346239,-5.963831040246351,
46.733,63.95229582,-22.60526481,547.531,470.337,-0.9226,-2.7342,353.8231,-0.0023,-0.0284,0.0021,67.321,67.748,-6.136,114.3464,0.1435,0.0,0.0,0.0,-0.03,1602.2,0.0,10.0,270.0,0,46.733,-0.020818914064061056,0.09389990915443339,-0.03,0.08868056288545789,0.6110123600730549,1.0,0.0,-1358.6051685805216,9.327900431660908,401.03099999999995,466.837,4.093462469619414,0.020598076168833645,0.1211185931994607,2.2291369816959015,0.051903794468614706,-6.196899999999914,0.0,0.04380581339395925,final_approach,-0.41128304679409666,-0.6987132831327383,-5.968652386368326,
46.833,63.95232708,-22.60526472,546.917,469.613,-0.9229,-2.737,353.8233,-0.0023,-0.0285,0.0021,67.325,67.752,-6.1401,114.3522,0.143,0.0,0.0,0.0,-0.03,1601.8,0.0,10.0,270.0,0,46.833,-0.02083327341087926,0.09392465827670936,-0.03,0.08867868546620006,0.6108406186106363,1.0,0.0,-1355.1204041942865,9.331093455480556,400.41700000000003,466.113,4.095544099812225,0.020634447128711954,0.12125581205841776,2.23383210629609,0.05164962457621414,-6.196699999999964,0.0,0.04345983035814917,final_approach,-0.411993853116428,-0.699401245175503,-5.973506076278408,
46.942,63.95236095,-22.60526463,546.252,468.82,-0.9231,-2.74,353.8235,-0.0021,-0.0284,0.002,67.329,67.755,-6.1446,114.3583,0.1424,0.0,0.0,0.0,-0.03,1601.5,0.0,10.0,270.0,0,46.942,-0.020851862704527047,0.09395022592505012,-0.03,0.08867680796865463,0.6106529479604119,1.0,0.0,-1351.34468552092,9.334184917090411,399.75199999999995,465.32,4.0978118540254345,0.020662886694736825,0.12139994456523356,2.238948443600825,0.05134519126062287,-6.1965000000000146,0.0,0.042845050117075234,final_approach,-0.41276132210503746,-0.7000988456047832,-5.978808160581689,
47.033,63.95238962,-22.60526454,545.689,468.324,-0.9233,-2.7426,353.8237,-0.0021,-0.0284,0.002,67.333,67.759,-6.1484,114.3635,0.142,0.0,0.0,0.0,-0.03,1601.1,0.0,10.0,270.0,0,47.033,-0.020869737178249248,0.0939742738843969,-0.03,0.08867493039282148,0.6104930504640942,1.0,0.0,-1348.1486458876532,9.337478724865578,399.18899999999996,464.824,4.099738333097383,0.020747422194237475,0.12153095293260914,2.2432162833721034,0.05114154874371479,-6.196300000000065,0.0,0.04294604955698632,final_approach,-0.4134157024104752,-0.7007779157435685,-5.983324124488124,
47.142,63.95242349,-22.60526445,545.022,467.576,-0.9235,-2.7457,353.8239,-0.0021,-0.0284,0.002,67.337,67.762,-6.1529,114.3695,0.1414,0.0,0.0,0.0,-0.03,1600.7,0.0,10.0,270.0,0,47.142,-0.020888342171323293,0.09400020199380141,-0.03,0.08867305273870008,0.6103044295139594,1.0,0.0,-1344.3729272134944,9.34057018647516,398.52200000000005,464.076,4.102004231680513,0.020754195227812654,0.12167555008821611,2.2483285658354673,0.05083723453589073,-6.196100000000001,0.0,0.0423779766614845,final_approach,-0.4141833227902971,-0.7014759184766497,-5.988649585122669,
47.242,63.95245476,-22.60526436,544.407,466.789,-0.9237,-2.7485,353.8241,-0.0022,-0.0285,0.0019,67.341,67.765,-6.1571,114.375,0.1409,0.0,0.0,0.0,-0.03,1600.4,0.0,10.0,270.0,0,47.242,-0.020906592144921188,0.09402515169042155,-0.03,0.08867117500629174,0.6101283219280853,1.0,0.0,-1340.8870480597818,9.343762821167536,397.90700000000004,463.289,4.104113372915193,0.02081039808097719,0.1218136807493779,2.2530155053576197,0.050583355187114876,-6.195899999999938,0.0,0.04216179696497764,final_approach,-0.4148944006194917,-0.7021647169504064,-5.993620055590959,
47.333,63.95248343,-22.60526428,543.842,466.142,-0.924,-2.7511,353.8243,-0.0024,-0.0287,0.0019,67.345,67.768,-6.161,114.38,0.1404,0.0,0.0,0.0,-0.03,1600.1,0.0,10.0,270.0,0,47.333,-0.020917228965260715,0.09404814255556707,-0.03,0.08866929719559757,0.6099667424531491,1.0,0.0,-1337.6910085975358,9.346566691617832,397.342,462.642,4.106043103354124,0.02087630323402159,0.12193891027278,2.2572777991595245,0.050329807688797246,-6.195699999999988,0.0,0.042324910327806685,final_approach,-0.41554054398691775,-0.7027561854344349,-5.9981790500338015,
47.433,63.9525147,-22.60526419,543.226,465.442,-0.9242,-2.7539,353.8245,-0.0023,-0.0289,0.0019,67.349,67.772,-6.1652,114.3854,0.1399,0.0,0.0,0.0,-0.03,1599.7,0.0,10.0,270.0,0,47.433,-0.020935494533755317,0.09407374018405015,-0.03,0.08866741930661692,0.6097891091001569,1.0,0.0,-1334.2051294438231,9.349759326310206,396.726,461.942,4.108158636738244,0.02092280833521769,0.1220774604694158,2.2619612858759344,0.05007603730086885,-6.195500000000038,0.0,0.04211355484346502,final_approach,-0.4162517820676257,-0.7034453846822242,-6.00318942803656,
47.533,63.95254859,-22.6052641,542.558,464.7,-0.9245,-2.757,353.8247,-0.0023,-0.0289,0.0018,67.353,67.775,-6.1698,114.3912,0.1393,0.0,0.0,0.0,-0.03,1599.3,0.0,10.0,270.0,0,47.533,-0.02094750869619494,0.0941001562482686,-0.03,0.08866554133934912,0.6095955095648914,1.0,0.0,-1330.4271812355007,9.352850009665516,396.058,461.2,4.110457315580017,0.021266805015635864,0.12222304008690715,2.2666437189317055,0.049771959215149764,-6.195299999999975,0.0,0.04192141349405058,final_approach,-0.4169721539085387,-0.7040725509641081,-6.008648273514478,
47.633,63.95257986,-22.60526401,541.94,464.135,-0.9247,-2.7599,353.8249,-0.0022,-0.029,0.0018,67.357,67.778,-6.1741,114.3965,0.1388,0.0,0.0,0.0,-0.03,1598.9,0.0,10.0,270.0,0,47.633,-0.020965797341143455,0.09412434212962968,-0.03,0.08866366329379505,0.6094169974644408,1.0,0.0,-1326.941302081788,9.35604264435789,395.44000000000005,460.635,4.112570442973044,0.02124421650140862,0.12236204608376629,2.2713244444769765,0.04951830076888086,-6.195099999999911,0.0,0.04174673954005038,final_approach,-0.41768367795054573,-0.7047623447128224,-6.013679972418718,
47.742,63.95261114,-22.60526393,541.323,463.437,-0.9249,-2.7627,353.825,-0.0022,-0.029,0.0018,67.361,67.781,-6.1785,114.4018,0.1383,0.0,0.0,0.0,-0.03,1598.5,0.0,10.0,270.0,0,47.742,-0.02098666802223953,0.09414790333234614,-0.03,0.08866272424166144,0.6092361089914519,1.0,0.0,-1323.454308331618,9.358744952598123,394.823,459.937,4.114705483820139,0.020968102202390343,0.12249488688568366,2.276423908332583,0.04926466582281819,-6.194999999999936,0.0,0.04128769482790658,final_approach,-0.41843436694410485,-0.7055111745634299,-6.0187769627109375,
47.833,63.95263981,-22.60526385,540.756,462.742,-0.9251,-2.7654,353.8252,-0.0022,-0.0291,0.0017,67.364,67.784,-6.1824,114.4065,0.1378,0.0,0.0,0.0,-0.03,1598.2,0.0,10.0,270.0,0,47.833,-0.021001197553882966,0.09416976374318214,-0.03,0.08866084607868019,0.6090704971989367,1.0,0.0,-1320.258268869372,9.361548823048421,394.256,459.242,4.116654774497247,0.021043547947244508,0.12262111320148623,2.280677277111976,0.04901141629892436,-6.1947999999999865,0.0,0.040531271022372695,final_approach,-0.41908080959627725,-0.7061035320181066,-6.023442004843741,
47.942,63.9526737,-22.60526376,540.086,461.991,-0.9254,-2.7685,353.8254,-0.0021,-0.0291,0.0017,67.368,67.787,-6.1872,114.4121,0.1373,0.0,0.0,0.0,-0.03,1597.8,0.0,10.0,270.0,0,47.942,-0.021018916141280652,0.09419433633381154,-0.03,0.08865896783741345,0.6088731341982144,1.0,0.0,-1316.4803206610497,9.364639506403732,393.586,458.491,4.1189710580430345,0.02107800791595642,0.12276762732599668,2.285772487717003,0.04875764670717331,-6.194600000000037,0.0,0.04018272344818753,final_approach,-0.41984901607184355,-0.7068785439887737,-6.028999577978286,
48.033,63.95270238,-22.60526368,539.519,461.388,-0.9255,-2.7711,353.8255,-0.0021,-0.0291,0.0016,67.372,67.79,-6.1912,114.4168,0.1368,0.0,0.0,0.0,-0.03,1597.4,0.0,10.0,270.0,0,48.033,-0.021037620261500856,0.09421849524066318,-0.03,0.08865802868742312,0.608704925773045,1.0,0.0,-1313.2831664313258,9.367442987726756,393.019,457.888,4.12093945673434,0.021170132404882133,0.12289428106567679,2.2900223574145713,0.048504440803128546,-6.194500000000062,0.0,0.040525752585270226,final_approach,-0.4204956242259108,-0.7074712120474498,-6.033734595680421,
48.142,63.95273627,-22.60526359,538.848,460.664,-0.9258,-2.7742,353.8257,-0.0021,-0.0292,0.0016,67.376,67.793,-6.196,114.4222,0.1362,0.0,0.0,0.0,-0.03,1597.0,0.0,10.0,270.0,0,48.142,-0.021052446721636087,0.09424389487594871,-0.03,0.08865615032872765,0.6085056431993273,1.0,0.0,-1309.5052182222114,9.37053367108179,392.34799999999996,457.164,4.123264739294842,0.021197254925325294,0.12304126590167531,2.295113440832581,0.048200764222769976,-6.194299999999998,0.0,0.04017770668719714,final_approach,-0.42126398187050995,-0.7081712605263952,-6.039342455877076,
48.242,63.95276755,-22.6052635,538.228,459.977,-0.926,-2.7771,353.8259,-0.002,-0.0292,0.0016,67.379,67.796,-6.2004,114.4272,0.1357,0.0,0.0,0.0,-0.03,1596.7,0.0,10.0,270.0,0,48.242,-0.02107077162135418,0.0942662139903425,-0.03,0.08865427189174757,0.6083209552226707,1.0,0.0,-1306.0182243018132,9.373725916647167,391.72799999999995,456.477,4.125413252078134,0.021245233743258467,0.12318161948438414,2.2997812246449105,0.04794742539408503,-6.194099999999935,0.0,0.039252460624724934,final_approach,-0.42197581167481246,-0.7088619809107559,-6.044537799407511,
48.333,63.95279884,-22.60526342,537.608,459.285,-0.9262,-2.78,353.826,-0.002,-0.0293,0.0015,67.383,67.799,-6.2048,114.4322,0.1352,0.0,0.0,0.0,-0.03,1596.3,0.0,10.0,270.0,0,48.333,-0.021086158131744748,0.09429208327734281,-0.03,0.08865333264390152,0.6081347127961717,1.0,0.0,-1302.5301157841654,9.376427835760126,391.10799999999995,455.785,4.12757359904791,0.021661040884538636,0.12331578069981526,2.304026957640504,0.04769410870153479,-6.19399999999996,0.0,0.03968005910938094,final_approach,-0.42263183268267923,-0.7094686560723833,-6.049775100892216,
48.433,63.95283013,-22.60526333,536.987,458.586,-0.9264,-2.7829,353.8262,-0.0021,-0.0294,0.0015,67.386,67.802,-6.2093,114.437,0.1347,0.0,0.0,0.0,-0.03,1595.9,0.0,10.0,270.0,0,48.433,-0.021104513834361183,0.09431353683935106,-0.03,0.08865145408949582,0.6079480539537645,1.0,0.0,-1299.0420070954972,9.379619692197952,390.48699999999997,455.086,4.129732538048082,0.021649099070736127,0.12345660556874168,2.3086925283385766,0.04744093200747557,-6.19380000000001,0.0,0.03880005373580092,final_approach,-0.4233440307848433,-0.7101601706178009,-6.055022334379373,
48.533,63.95285881,-22.60526326,536.417,457.981,-0.9266,-2.7856,353.8263,-0.002,-0.0294,0.0014,67.39,67.805,-6.2134,114.4415,0.1342,0.0,0.0,0.0,-0.03,1595.5,0.0,10.0,270.0,0,48.533,-0.021121662121960316,0.0943373371488973,-0.03,0.08865051478293662,0.6077765289001857,1.0,0.0,-1295.8448530367937,9.381933236196108,389.91700000000003,454.481,4.131710979284741,0.02133831795337843,0.12357782006549713,2.313354668583998,0.04718795267629616,-6.193700000000035,0.0,0.038909139759823415,final_approach,-0.4240300247362718,-0.7108125035896489,-6.059842571225985,
48.642,63.95289271,-22.60526317,535.744,457.147,-0.9268,-2.7887,353.8265,-0.0019,-0.0294,0.0014,67.394,67.808,-6.2183,114.4467,0.1336,0.0,0.0,0.0,-0.03,1595.1,0.0,10.0,270.0,0,48.642,-0.021140386723035698,0.09436345883929546,-0.03,0.08864863611110385,0.6075716525159122,1.0,0.0,-1292.0657900609938,9.385023530424144,389.244,453.647,4.1340673223330615,0.02138490264971166,0.12372601545338692,2.3184356156392285,0.04688452061853354,-6.193499999999972,0.0,0.038708058664063676,final_approach,-0.42479882523300105,-0.7115135747064052,-6.0655980954236774,
48.733,63.95292139,-22.60526309,535.174,456.447,-0.927,-2.7914,353.8266,-0.002,-0.0295,0.0014,67.397,67.81,-6.2225,114.451,0.1331,0.0,0.0,0.0,-0.03,1594.7,0.0,10.0,270.0,0,48.733,-0.021155285963404658,0.09438380377705523,-0.03,0.08864769674583162,0.6073976674494755,1.0,0.0,-1288.8686358312698,9.387827011747168,388.674,452.947,4.136062626633586,0.021475155688907035,0.12385408675062973,2.32267374949943,0.04663170103597736,-6.193399999999997,0.0,0.038186147237061194,final_approach,-0.42544596703374893,-0.7121076135499269,-6.070484129570385,
48.833,63.95295269,-22.60526301,534.551,455.77,-0.9272,-2.7943,353.8267,-0.0021,-0.0295,0.0013,67.4,67.813,-6.227,114.4557,0.1326,0.0,0.0,0.0,-0.03,1594.4,0.0,10.0,270.0,0,48.833,-0.021173469781982923,0.09440685208420156,-0.03,0.08864675736098748,0.6072073511146031,1.0,0.0,-1285.3794125469365,9.390528541733131,388.05100000000004,452.27,4.1382392311901075,0.021523637334958625,0.12398934543659716,2.3273304382114253,0.04637866846641714,-6.193299999999908,0.0,0.03744195203369206,final_approach,-0.4261498301913704,-0.7127867787768292,-6.0758270434697685,
48.933,63.95298398,-22.60526293,533.928,455.142,-0.9274,-2.7972,353.8269,-0.002,-0.0295,0.0013,67.404,67.816,-6.2316,114.4603,0.1321,0.0,0.0,0.0,-0.03,1594.0,0.0,10.0,270.0,0,48.933,-0.021191355448146265,0.09443147497192277,-0.03,0.08864487853258862,0.6070159210494905,1.0,0.0,-1281.891304029289,9.39323046102015,387.428,451.642,4.140422315422035,0.021574838165678303,0.12412479504643942,2.331985149588698,0.04612571444604896,-6.1930999999999585,0.0,0.03767450184880244,final_approach,-0.426853720274444,-0.7134661003458618,-6.081199381965799,
49.033,63.95301528,-22.60526284,533.305,454.413,-0.9276,-2.8002,353.827,-0.002,-0.0296,0.0013,67.407,67.819,-6.2362,114.4649,0.1316,0.0,0.0,0.0,-0.03,1593.6,0.0,10.0,270.0,0,49.033,-0.021210052500043708,0.09445402410965709,-0.03,0.08864393908903312,0.6068228714968258,1.0,0.0,-1278.402080573143,9.396421928156643,386.80499999999995,450.913,4.142617571167463,0.021637791380445023,0.12426696895266832,2.3366385626520025,0.045872780754052656,-6.192999999999984,0.0,0.036976819862547736,final_approach,-0.42756631459583616,-0.7141585625810798,-6.086615304277991,
49.133,63.95304657,-22.60526276,532.681,453.69,-0.9278,-2.8031,353.8271,-0.0021,-0.0296,0.0012,67.411,67.821,-6.2408,114.4694,0.131,0.0,0.0,0.0,-0.03,1593.2,0.0,10.0,270.0,0,49.133,-0.021225351266644765,0.09447942112774148,-0.03,0.08864299962590672,0.606629631705054,1.0,0.0,-1274.9139720562873,9.399123847443938,386.18100000000004,450.19,4.144808715551382,0.021683400123568924,0.12440286057762398,2.341290053500925,0.04556987141995705,-6.192900000000009,0.0,0.037251654420502336,final_approach,-0.42827042060920917,-0.7147629488021643,-6.092034692348101,
49.233,63.95307787,-22.60526268,532.057,453.093,-0.928,-2.806,353.8273,-0.0022,-0.0297,0.0012,67.414,67.824,-6.2454,114.4739,0.1305,0.0,0.0,0.0,-0.03,1592.8,0.0,10.0,270.0,0,49.233,-0.02124326275628946,0.09450276001677946,-0.03,0.08864112064094187,0.6064347550761865,1.0,0.0,-1271.4247487711618,9.401825377429624,385.557,449.593,4.147012121043988,0.02174184259065154,0.12453899831241629,2.3459396531538297,0.04531703722327052,-6.192700000000059,0.0,0.03659241310954784,final_approach,-0.4289746359151323,-0.7154429333707863,-6.0974980945002315,
49.333,63.95310917,-22.6052626,531.432,452.406,-0.9282,-2.809,353.8274,-0.0021,-0.0298,0.0011,67.417,67.827,-6.25,114.4783,0.13,0.0,0.0,0.0,-0.03,1592.4,0.0,10.0,270.0,0,49.333,-0.02126148750243967,0.09452626806823915,-0.03,0.08864018111910243,0.6062394325018465,1.0,0.0,-1267.9355254868283,9.404526907415585,384.932,448.906,4.149214280038103,0.021788467149066824,0.12467535586162456,2.350587389896146,0.045064279736607205,-6.19259999999997,0.0,0.03599310282686174,final_approach,-0.4296789290893983,-0.7161231482355106,-6.102972098808465,
49.433,63.95314047,-22.60526252,530.807,451.568,-0.9285,-2.8119,353.8275,-0.0021,-0.0299,0.0011,67.421,67.829,-6.2547,114.4826,0.1295,0.0,0.0,0.0,-0.03,1592.0,0.0,10.0,270.0,0,49.433,-0.0212758628952614,0.0945514681981401,-0.03,0.08863924157769332,0.6060427071910944,1.0,0.0,-1264.4463022017026,9.407228437401269,384.307,448.068,4.151425949147898,0.02184317114054745,0.12481193375809986,2.3552332919723025,0.044811598288760024,-6.1924999999999955,0.0,0.03635736620624234,final_approach,-0.4303833040203351,-0.7168035982376573,-6.108483498131129,
49.533,63.95317177,-22.60526244,530.181,450.994,-0.9287,-2.8149,353.8276,-0.0022,-0.03,0.0011,67.424,67.832,-6.2594,114.4869,0.129,0.0,0.0,0.0,-0.03,1591.5,0.0,10.0,270.0,0,49.533,-0.021294102853286756,0.0945740467417917,-0.03,0.08863830201671252,0.6058455304930686,1.0,0.0,-1260.9570789173695,9.40992996738723,383.68100000000004,447.494,4.153636402235909,0.021886731097141784,0.12494873253634003,2.359877387586029,0.04455893581925352,-6.192399999999907,0.0,0.03577942382385674,final_approach,-0.43108776459381914,-0.717484203268107,-6.114005618042388,
49.642,63.95320569,-22.60526235,529.503,450.236,-0.9289,-2.8181,353.8277,-0.0021,-0.03,0.001,67.427,67.834,-6.2645,114.4916,0.1284,0.0,0.0,0.0,-0.03,1591.1,0.0,10.0,270.0,0,49.642,-0.0213132220770913,0.0945986123035931,-0.03,0.08863736243616227,0.6056298601290437,1.0,0.0,-1257.175786406614,9.41301948336072,383.00300000000004,446.736,4.1560470358074095,0.02192492663523338,0.12509938322219508,2.3649389991823524,0.04425602406843154,-6.192299999999932,0.0,0.03502883400167132,final_approach,-0.4318576014793152,-0.7181875934948181,-6.120043469803065,
49.742,63.95323699,-22.60526227,528.876,449.449,-0.9291,-2.8211,353.8278,-0.0021,-0.0302,0.001,67.431,67.837,-6.2692,114.4958,0.1279,0.0,0.0,0.0,-0.03,1590.7,0.0,10.0,270.0,0,49.742,-0.021331479598270975,0.09462483543374993,-0.03,0.08863642283604156,0.6054306868259397,1.0,0.0,-1253.6865631214887,9.415721013346404,382.376,445.949,4.158266709498838,0.02197022834840831,0.12523664572037968,2.3695795337571157,0.04400345821935048,-6.192199999999957,0.0,0.03548075818332929,final_approach,-0.4325622679854142,-0.718868649049357,-6.125617437870826,
49.842,63.95326829,-22.60526219,528.249,448.785,-0.9293,-2.8241,353.8279,-0.0021,-0.0302,0.001,67.434,67.839,-6.274,114.4999,0.1273,0.0,0.0,0.0,-0.03,1590.3,0.0,10.0,270.0,0,49.842,-0.021346838451964945,0.09464719518626112,-0.03,0.08863548321635029,0.6052300793210625,1.0,0.0,-1250.1973398371554,9.418422543332369,381.749,445.285,4.160496054312746,0.022024098313520053,0.12537413076243212,2.374218348387502,0.04370092661039848,-6.192099999999982,0.0,0.034982507439390326,final_approach,-0.4332670320837302,-0.719474579793447,-6.131229572235885,
49.933,63.95329699,-22.60526212,527.673,448.096,-0.9295,-2.8268,353.828,-0.0022,-0.0304,0.001,67.437,67.842,-6.2784,114.5037,0.1269,0.0,0.0,0.0,-0.03,1589.9,0.0,10.0,270.0,0,49.933,-0.02136424050422242,0.09466846720130652,-0.03,0.08863454357708844,0.6050459292612222,1.0,0.0,-1246.9979562434962,9.420735309250038,381.173,444.596,4.162536981479011,0.022091377104243925,0.1254982019085017,2.3784368891044,0.04349865937459185,-6.192000000000007,0.0,0.03479928248735792,final_approach,-0.43390668306648905,-0.7201334607397492,-6.136379562092866,
50.042,63.95333091,-22.60526204,526.993,447.329,-0.9298,-2.8301,353.8281,-0.0021,-0.0305,0.001,67.44,67.844,-6.2836,114.5081,0.1263,0.0,0.0,0.0,-0.03,1589.4,0.0,10.0,270.0,0,50.042,-0.02137903662981916,0.09469317274875531,-0.03,0.08863360391825614,0.6048259614652841,1.0,0.0,-1243.2166639037612,9.423334887898658,380.49300000000005,443.829,4.1649680055169185,0.022126643057676136,0.12564329304248903,2.3834903540156187,0.04319600113853994,-6.191900000000032,0.0,0.03413779642303603,final_approach,-0.43466827644533623,-0.7208248043988643,-6.142529068637675,
50.133,63.95336222,-22.60526196,526.364,446.66,-0.93,-2.8331,353.8282,-0.0021,-0.0305,0.0009,67.443,67.847,-6.2884,114.512,0.1258,0.0,0.0,0.0,-0.03,1589.0,0.0,10.0,270.0,0,50.133,-0.02139459281997058,0.09471666720913985,-0.03,0.08863266423985372,0.6046227041211705,1.0,0.0,-1239.726325851158,9.426036028757071,379.86400000000003,443.16,4.1672077638663945,0.022540990733916848,0.12578147124471967,2.3877065471583743,0.042943675449976126,-6.1918000000000575,0.0,0.03403136338158128,final_approach,-0.43532623068990617,-0.7214358443526567,-6.148209315749622,
50.242,63.95338831,-22.60526189,525.84,446.112,-0.9302,-2.8356,353.8283,-0.002,-0.0307,0.0009,67.446,67.849,-6.2925,114.5153,0.1253,0.0,0.0,0.0,-0.03,1588.7,0.0,10.0,270.0,0,50.242,-0.021414043500668334,0.09473645983532629,-0.03,0.08863172454187951,0.6044520798315626,1.0,0.0,-1236.8178965454229,9.428450356710744,379.34000000000003,442.612,4.169083087738579,0.021651626639402184,0.12589896760253605,2.392754200839042,0.042691695415129516,-6.191699999999969,0.0,0.033439688145057433,final_approach,-0.43605083985360693,-0.7221478115130893,-6.152976047254679,
50.342,63.95341701,-22.60526182,525.263,445.506,-0.9304,-2.8384,353.8284,-0.0019,-0.0307,0.0008,67.449,67.851,-6.297,114.5189,0.1248,0.0,0.0,0.0,-0.03,1588.3,0.0,10.0,270.0,0,50.342,-0.021431284245322146,0.0947578310763689,-0.03,0.08863078482433617,0.6042637797521155,1.0,0.0,-1233.618512951764,9.430763122628415,378.76300000000003,442.006,4.171147600903912,0.021483877475057072,0.1260238175342469,2.3973807352563363,0.0424395663297048,-6.191599999999994,0.0,0.03312698922277955,final_approach,-0.43673757887765774,-0.722802504167058,-6.1582349502568725,
50.475,63.95345354,-22.60526173,524.528,444.703,-0.9306,-2.842,353.8284,-0.0019,-0.0307,0.0008,67.452,67.853,-6.3027,114.5233,0.1242,0.0,0.0,0.0,-0.03,1587.8,0.0,10.0,270.0,0,50.475,-0.021458594175181533,0.09478378764079312,-0.03,0.08863078482433617,0.6040228853649666,1.0,0.0,-1229.5462661538768,9.433751076392115,378.028,441.203,4.173781047479199,0.02120328959423584,0.12618359046472813,2.4035347648618424,0.04213698894193385,-6.191599999999994,0.0,0.03216602574593086,final_approach,-0.4376427598887602,-0.7237102570759841,-6.164960226246762,
50.583,63.95347181,-22.60526169,524.16,444.276,-0.9307,-2.8437,353.8285,-0.0018,-0.0304,0.0007,67.454,67.855,-6.3056,114.5255,0.1239,0.0,0.0,0.0,-0.03,1587.6,0.0,10.0,270.0,0,50.583,-0.021484216047170268,0.09479744153159146,-0.03,0.08862984508722149,0.6039020459086959,1.0,0.0,-1227.5095854559124,9.434999890047619,377.65999999999997,440.776,4.175098826952225,0.01970301829307609,0.12626032654330116,2.4085181549750163,0.04198570896537035,-6.191499999999905,0.0,0.03092534327070768,final_approach,-0.4383064528585727,-0.7244821445537148,-6.168332762477188,
50.642,63.95350573,-22.6052616,523.477,443.428,-0.9309,-2.847,353.8286,-0.0021,-0.0301,0.0007,67.457,67.857,-6.311,114.5294,0.1234,0.0,0.0,0.0,-0.03,1587.1,0.0,10.0,270.0,0,50.642,-0.021491100687073383,0.09482127685611229,-0.03,0.08862890533053747,0.6036761106265155,1.0,0.0,-1223.7282929451571,9.43808940602111,376.977,439.928,4.177556956003513,0.023363049287415203,0.12641331453114885,2.4112397881609033,0.04173346281336876,-6.1913999999999305,0.0,0.032736444575835764,final_approach,-0.4388151451406195,-0.7248684480131882,-6.174636560445673,
50.758,63.95355009,-22.6052615,522.582,442.554,-0.9312,-2.8512,353.8287,-0.0024,-0.03,0.0007,67.461,67.86,-6.318,114.5344,0.1226,0.0,0.0,0.0,-0.03,1586.5,0.0,10.0,270.0,0,50.758,-0.021505445876196683,0.09485405591591513,-0.03,0.08862796555428343,0.6033797782281805,1.0,0.0,-1218.7831831132703,9.441262610305694,376.082,439.054,4.1807697561044055,0.024085299838496367,0.12660216942582123,2.4166021793000763,0.04133056868005269,-6.191299999999956,0.0,0.032895200398099046,final_approach,-0.43966922040809564,-0.7255480929358704,-6.1829007956582025,
50.833,63.95357619,-22.60526143,522.056,441.963,-0.9314,-2.8537,353.8287,-0.0024,-0.03,0.0007,67.463,67.861,-6.3221,114.5372,0.1222,0.0,0.0,0.0,-0.03,1586.2,0.0,10.0,270.0,0,50.833,-0.021517814963713966,0.0948736257822914,-0.03,0.08862796555428343,0.6032033962302198,1.0,0.0,-1215.8736390400572,9.44367654930616,375.55600000000004,438.463,4.182676078046105,0.02430735418030261,0.12672082896347708,2.4200647360240866,0.0411289746905652,-6.191299999999956,0.0,0.032328970058872405,final_approach,-0.4402163796726448,-0.7260686397255434,-6.187817816983856,
50.933,63.95361011,-22.60526135,521.37,441.184,-0.9317,-2.8569,353.8288,-0.0024,-0.0301,0.0006,67.466,67.864,-6.3275,114.5408,0.1217,0.0,0.0,0.0,-0.03,1585.8,0.0,10.0,270.0,0,50.933,-0.021532871424584266,0.0948984457459922,-0.03,0.08862702575845882,0.6029750501770169,1.0,0.0,-1212.0923467003224,9.44627612795478,374.87,437.684,4.185137451609903,0.02435841775658202,0.12686806231876577,2.4246846598025495,0.040876942913030234,-6.191199999999981,0.0,0.03211724550806589,final_approach,-0.4409318305037928,-0.7267667147046257,-6.194181248454893,
51.033,63.95364143,-22.60526127,520.737,440.483,-0.9319,-2.8599,353.8289,-0.0022,-0.0303,0.0006,67.469,67.865,-6.3324,114.544,0.1212,0.0,0.0,0.0,-0.03,1585.4,0.0,10.0,270.0,0,51.033,-0.021551253941320847,0.09492439863338287,-0.03,0.08862608594306443,0.6027621783084499,1.0,0.0,-1208.6008938810332,9.448976879686194,374.23699999999997,436.983,4.187425408480873,0.024111942915434868,0.12700828030648537,2.429303205633856,0.04062513868387896,-6.191100000000006,0.0,0.03192476864369633,final_approach,-0.4416378896850439,-0.7274509825983877,-6.200111226355862,
51.133,63.95367275,-22.6052612,520.104,439.725,-0.9322,-2.8629,353.8289,-0.0021,-0.0305,0.0006,67.471,67.867,-6.3374,114.5471,0.1207,0.0,0.0,0.0,-0.03,1585.0,0.0,10.0,270.0,0,51.133,-0.02156558584140522,0.09494659513567733,-0.03,0.08862608594306443,0.6025477565443306,1.0,0.0,-1205.1094412319728,9.451187694092463,373.60400000000004,436.225,4.189723629111935,0.023923653481298258,0.12714213731610433,2.433919742013354,0.040373401227356,-6.191100000000006,0.0,0.03084069876700532,final_approach,-0.4423353473786449,-0.7281223916365214,-6.206082214402667,
51.242,63.95370407,-22.60526112,519.47,438.969,-0.9324,-2.8659,353.829,-0.0021,-0.0306,0.0006,67.474,67.869,-6.3424,114.5502,0.1202,0.0,0.0,0.0,-0.03,1584.6,0.0,10.0,270.0,0,51.242,-0.02158671189179795,0.09497171434783827,-0.03,0.08862514610809957,0.6023328201947387,1.0,0.0,-1201.617988412684,9.453888445823878,372.97,435.469,4.192020984136649,0.02344915316822894,0.12728281024037433,2.438950326600239,0.04012167739372785,-6.191000000000031,0.0,0.030539083949988374,final_approach,-0.4430885261301789,-0.7288777533601447,-6.212065357907093,
51.358,63.95373539,-22.60526105,518.835,438.254,-0.9326,-2.8689,353.829,-0.0021,-0.0307,0.0005,67.477,67.871,-6.3475,114.5531,0.1197,0.0,0.0,0.0,-0.03,1584.2,0.0,10.0,270.0,0,51.358,-0.021609756427876603,0.0949953034589201,-0.03,0.08862514610809957,0.6021173711711668,1.0,0.0,-1198.1265357644156,9.456099260404484,372.33500000000004,434.754,4.194317466874494,0.022840505137094045,0.1274171124899987,2.444300103719558,0.03987007170971424,-6.191000000000031,0.0,0.030113900769582005,final_approach,-0.4438693571676673,-0.7296749433070744,-6.2180605949570165,
51.442,63.95376671,-22.60526098,518.2,437.593,-0.9328,-2.872,353.8291,-0.0021,-0.0307,0.0005,67.479,67.873,-6.3525,114.556,0.1192,0.0,0.0,0.0,-0.03,1583.8,0.0,10.0,270.0,0,51.442,-0.021622804304818388,0.09501860351964735,-0.03,0.08862420625356471,0.601900351464872,1.0,0.0,-1194.6350831161471,9.45831007481103,371.70000000000005,434.093,4.1966243219862625,0.023610847756643412,0.1275516354702661,2.4481704008086456,0.03961847876226443,-6.190900000000056,0.0,0.02954077559138977,final_approach,-0.4444834306072636,-0.7302209577852157,-6.224097341779256,
51.542,63.95378759,-22.60526093,517.777,437.056,-0.9329,-2.874,353.8291,-0.002,-0.0308,0.0005,67.481,67.874,-6.3559,114.5579,0.1188,0.0,0.0,0.0,-0.03,1583.6,0.0,10.0,270.0,0,51.542,-0.021644514265487524,0.09503536147672843,-0.03,0.08862420625356471,0.6017544376352836,1.0,0.0,-1192.3074479600307,9.459947263581611,371.27700000000004,433.556,4.198171778382714,0.02225480045795565,0.12764364393534777,2.452774197199485,0.0394174314132556,-6.190900000000056,0.0,0.028673432355804617,final_approach,-0.4451243572240955,-0.7308835579286885,-6.228154929814835,
51.642,63.95382936,-22.60526083,516.929,436.099,-0.9332,-2.8781,353.8292,-0.0019,-0.0309,0.0003,67.484,67.876,-6.3627,114.5615,0.1182,0.0,0.0,0.0,-0.03,1583.1,0.0,10.0,270.0,0,51.642,-0.021659422963911157,0.09506623531548988,-0.03,0.08862326637945872,0.6014623263522586,1.0,0.0,-1187.65106288032,9.4632212519955,370.429,432.599,4.201261167285562,0.023694648553042673,0.1278279921437826,2.4573810824231983,0.03911548587720404,-6.190799999999967,0.0,0.0287940294143679,final_approach,-0.44588718399312555,-0.7315777911376831,-6.236275015671097,
51.883,63.95385546,-22.60526077,516.398,435.656,-0.9334,-2.8806,353.8292,-0.002,-0.031,0.0002,67.486,67.877,-6.367,114.5637,0.1178,0.0,0.0,0.0,-0.03,1582.7,0.0,10.0,270.0,0,51.883,-0.021721518393699124,0.0950850564187845,-0.03,0.08862326637945872,0.60127956556444,1.0,0.0,-1184.7415189781275,9.465145253497036,369.898,432.156,4.203188321734326,0.021078289042310273,0.12794174207020498,2.4684740808999845,0.038914302243398424,-6.190799999999967,0.0,0.026930822666403693,final_approach,-0.4472894135199823,-0.733386934046802,-6.241353372038283,
51.95,63.95392594,-22.6052606,514.964,433.93,-0.9337,-2.8875,353.8292,-0.0017,-0.0303,0.0,67.491,67.881,-6.3787,114.5694,0.1167,0.0,0.0,0.0,-0.03,1581.8,0.0,10.0,270.0,0,51.95,-0.02172197834375461,0.09513572719931787,-0.03,0.08862326637945872,0.6007805655772853,1.0,0.0,-1176.8846355380724,9.470731618527536,368.46400000000006,430.43,4.208427940353397,0.030599118030460205,0.12825498472606656,2.4715542394292878,0.038361265370213005,-6.190799999999967,0.0,0.03126682657596461,final_approach,-0.4480495271157814,-0.7336988531218314,-6.255211182683265,
52.05,63.95395726,-22.60526053,514.326,433.261,-0.934,-2.8904,353.8292,-0.0023,-0.0303,-0.0,67.493,67.882,-6.3839,114.5718,0.1162,0.0,0.0,0.0,-0.03,1581.5,0.0,10.0,270.0,0,52.05,-0.021736387581025973,0.09515842386598135,-0.03,0.08862326637945872,0.6005570011324736,1.0,0.0,-1173.3931828890115,9.472942433107866,367.826,429.761,4.21076502248717,0.02939440191500453,0.12839087566226187,2.476154812864083,0.03810999998813713,-6.190799999999967,0.0,0.030242569614509145,final_approach,-0.44874784905800524,-0.7343722512499831,-6.26141611499785,
52.15,63.95398859,-22.60526046,513.688,432.636,-0.9342,-2.8935,353.8292,-0.0023,-0.0307,-0.0001,67.495,67.883,-6.3891,114.5742,0.1158,0.0,0.0,0.0,-0.03,1581.1,0.0,10.0,270.0,0,52.15,-0.021757571153940447,0.09518199744065238,-0.03,0.08862326637945872,0.6003315005461072,1.0,0.0,-1169.9006154732656,9.47515285838714,367.188,429.136,4.213115912353049,0.028413484705636222,0.12852701989018941,2.4807536654768882,0.03790875265480054,-6.190799999999967,0.0,0.029311426922289698,final_approach,-0.44944630894255866,-0.7351211959555499,-6.267672467660596,
52.242,63.95401992,-22.60526039,513.048,431.915,-0.9344,-2.8965,353.8292,-0.0024,-0.0309,-0.0002,67.497,67.885,-6.3943,114.5764,0.1153,0.0,0.0,0.0,-0.03,1580.7,0.0,10.0,270.0,0,52.242,-0.021773446690677656,0.09520526058660253,-0.03,0.08862326637945872,0.6001065488616322,1.0,0.0,-1166.4080480575192,9.477363283666412,366.548,428.415,4.215454703462728,0.027914844337448813,0.1286633894469565,2.484983052731879,0.0376576079183053,-6.190799999999967,0.0,0.02862303633251175,final_approach,-0.45010334882751124,-0.7357325880892844,-6.2739112812823805,
52.333,63.95405124,-22.60526031,512.409,431.08,-0.9347,-2.8996,353.8292,-0.0025,-0.0314,-0.0002,67.5,67.886,-6.3996,114.5786,0.1148,0.0,0.0,0.0,-0.03,1580.3,0.0,10.0,270.0,0,52.333,-0.021785687763737516,0.09523061500802718,-0.03,0.08862326637945872,0.5998791359097384,1.0,0.0,-1162.9165952382305,9.480064035571885,365.909,427.58,4.217812670964845,0.02758099207995562,0.12880661294497242,2.4891666725832517,0.037406472823931836,-6.190799999999967,0.0,0.029017945117468302,final_approach,-0.45076424233350565,-0.7363497972173025,-6.280216018295697,
52.442,63.95408257,-22.60526024,511.768,430.431,-0.9349,-2.9027,353.8292,-0.0025,-0.0317,-0.0003,67.502,67.887,-6.4048,114.5807,0.1143,0.0,0.0,0.0,-0.03,1579.9,0.0,10.0,270.0,0,52.442,-0.021806730954104125,0.0952548310237119,-0.03,0.08862326637945872,0.5996519777431427,1.0,0.0,-1159.4240278224843,9.48227446085116,365.268,426.931,4.220161619522726,0.026575824528220916,0.12894344029869448,2.4941775353320903,0.03715539725328654,-6.190799999999967,0.0,0.028048006820713726,final_approach,-0.4515101169119795,-0.7370950980242945,-6.286511353436872,
52.533,63.95411129,-22.60526018,511.181,429.787,-0.9352,-2.9056,353.8291,-0.0025,-0.0317,-0.0003,67.503,67.888,-6.4097,114.5826,0.1139,0.0,0.0,0.0,-0.03,1579.5,0.0,10.0,270.0,0,52.533,-0.02182060545410769,0.09527348071380787,-0.03,0.08862420625356471,0.5994416042206644,1.0,0.0,-1156.2224148648904,9.484096511189414,364.681,426.287,4.222331372052491,0.026120426172354442,0.12906628911940077,2.4983568957847817,0.0369544340681216,-6.190900000000056,0.0,0.026497189017836417,final_approach,-0.4521437072262735,-0.7377467486031417,-6.292339450868255,
52.642,63.95414523,-22.6052601,510.486,429.044,-0.9354,-2.909,353.8291,-0.0024,-0.0317,-0.0004,67.506,67.89,-6.4156,114.5847,0.1134,0.0,0.0,0.0,-0.03,1579.1,0.0,10.0,270.0,0,52.642,-0.02184274824159066,0.09529862986367799,-0.03,0.08862420625356471,0.5991926360417306,1.0,0.0,-1152.4388929902,9.486695311583489,363.986,425.544,4.224892249131942,0.025682735999059264,0.12921777664303669,2.503364270050855,0.036703375542771255,-6.190900000000056,0.0,0.026590438723471027,final_approach,-0.4529084831523029,-0.7385205393630798,-6.299234185797335,
52.733,63.95417656,-22.60526003,509.844,428.256,-0.9357,-2.9121,353.8291,-0.0023,-0.0319,-0.0004,67.507,67.891,-6.421,114.5866,0.1129,0.0,0.0,0.0,-0.03,1578.7,0.0,10.0,270.0,0,52.733,-0.0218545241707348,0.09531845303590601,-0.03,0.08862420625356471,0.5989615537155871,1.0,0.0,-1148.9463255744536,9.48890573686276,363.344,424.756,4.227262490409514,0.025743381240190932,0.1293552867641072,2.5075420628605674,0.036452424749541024,-6.190900000000056,0.0,0.025172127111252225,final_approach,-0.4535611934934245,-0.7391256903599839,-6.305631117087966,
52.833,63.95420528,-22.60525997,509.256,427.685,-0.9359,-2.915,353.829,-0.0021,-0.032,-0.0005,67.509,67.892,-6.426,114.5883,0.1124,0.0,0.0,0.0,-0.03,1578.3,0.0,10.0,270.0,0,52.833,-0.021872096474736036,0.09533961623229466,-0.03,0.08862514610809957,0.5987476371188184,1.0,0.0,-1145.7447126176517,9.49072778720129,362.756,424.185,4.229450996704791,0.025100328192286102,0.12947875603429976,2.512131464921129,0.03620158036900989,-6.191000000000031,0.0,0.02470193373749776,final_approach,-0.4542418936675645,-0.7397731590476084,-6.311550732181988,
52.933,63.95423922,-22.60525989,508.559,426.929,-0.9361,-2.9185,353.829,-0.002,-0.032,-0.0005,67.511,67.893,-6.432,114.5901,0.1119,0.0,0.0,0.0,-0.03,1577.8,0.0,10.0,270.0,0,52.933,-0.02189156277933174,0.09536176421081048,-0.03,0.08862514610809957,0.5984954028099198,1.0,0.0,-1141.961190742961,9.493326587595366,362.059,423.429,4.232024587751789,0.025206258571901605,0.12963099375505457,2.5167207927468973,0.03595069460229183,-6.191000000000031,0.0,0.02427448521590279,final_approach,-0.45496045313066347,-0.7404775880758319,-6.31852807847666,
53.033,63.95427055,-22.60525982,507.916,426.132,-0.9363,-2.9216,353.8289,-0.002,-0.0319,-0.0005,67.513,67.894,-6.4375,114.5918,0.1114,0.0,0.0,0.0,-0.03,1577.4,0.0,10.0,270.0,0,53.033,-0.021910252520115303,0.09538430225294178,-0.03,0.08862608594306443,0.5982603145478428,1.0,0.0,-1138.468623327215,9.495537012874639,361.416,422.632,4.234416545214248,0.024991811247350934,0.12976919176674442,2.5213086426144153,0.03569986532235703,-6.191100000000006,0.0,0.023885895650829374,final_approach,-0.455660363578545,-0.7411540096015585,-6.325028587017929,
53.133,63.95430188,-22.60525975,507.272,425.446,-0.9365,-2.9248,353.8289,-0.0021,-0.0319,-0.0005,67.515,67.895,-6.443,114.5934,0.111,0.0,0.0,0.0,-0.03,1577.0,0.0,10.0,270.0,0,53.133,-0.021931555630272825,0.09540706814046261,-0.03,0.08862608594306443,0.5980246408932396,1.0,0.0,-1134.9760559106767,9.497747438327695,360.772,421.946,4.236808042956836,0.02481233894377213,0.12990762022507593,2.525895042494875,0.035499091019886464,-6.191100000000006,0.0,0.02353263240984062,final_approach,-0.45636041244990366,-0.7419060310665078,-6.331542830618044,
53.233,63.95433321,-22.60525968,506.627,424.751,-0.9367,-2.928,353.8288,-0.0021,-0.032,-0.0005,67.516,67.896,-6.4486,114.5948,0.1105,0.0,0.0,0.0,-0.03,1576.5,0.0,10.0,270.0,0,53.233,-0.021950270828983154,0.0954256800958939,-0.03,0.08862702575845882,0.5977883833948819,1.0,0.0,-1131.4834884949305,9.499957863606967,360.127,421.251,4.2391990778270365,0.02466200723681086,0.13004627970212368,2.5304800203234374,0.03524842029418096,-6.191199999999981,0.0,0.022302393099859503,final_approach,-0.4570606036492322,-0.7425831087207904,-6.338070756981097,
53.333,63.95436454,-22.60525962,505.982,423.946,-0.9369,-2.9311,353.8288,-0.0022,-0.0321,-0.0005,67.518,67.896,-6.4542,114.5963,0.11,0.0,0.0,0.0,-0.03,1576.1,0.0,10.0,270.0,0,53.333,-0.021968169893175515,0.09544773677336799,-0.03,0.08862702575845882,0.5975503774026336,1.0,0.0,-1127.9909212502048,9.50167835156137,359.482,420.446,4.2416014023016695,0.024555546821730584,0.13017845837372677,2.535062932759732,0.03499770769857946,-6.191199999999981,0.0,0.02209308463623165,final_approach,-0.4577520296151327,-0.7432469183562009,-6.344644518488394,
53.442,63.95439588,-22.60525955,505.336,423.151,-0.9372,-2.9343,353.8287,-0.0022,-0.0321,-0.0005,67.52,67.897,-6.4599,114.5976,0.1095,0.0,0.0,0.0,-0.03,1575.6,0.0,10.0,270.0,0,53.442,-0.021985750148204752,0.09546845657614088,-0.03,0.08862796555428343,0.5973114608302583,1.0,0.0,-1124.4972390669807,9.503888387887432,358.836,419.651,4.2440065117957415,0.02414049313748494,0.1303176054544587,2.5400568230985745,0.03474709721061231,-6.191299999999956,0.0,0.021752679110498586,final_approach,-0.4584990286031072,-0.7439945837315047,-6.351240939243844,
53.533,63.95442721,-22.60525948,504.69,422.525,-0.9374,-2.9375,353.8287,-0.0022,-0.0321,-0.0005,67.521,67.898,-6.4655,114.5988,0.1091,0.0,0.0,0.0,-0.03,1575.2,0.0,10.0,270.0,0,53.533,-0.022004381682409313,0.09548887734292248,-0.03,0.08862796555428343,0.5970710916918045,1.0,0.0,-1121.0046716512345,9.506098813166703,358.19,419.025,4.24641982779191,0.02453707028154612,0.13045695591741552,2.5442235670569935,0.03454653675592567,-6.191299999999956,0.0,0.020774163826731744,final_approach,-0.4591529049450429,-0.7446773698817069,-6.357874955425551,
53.633,63.95445854,-22.60525941,504.043,421.708,-0.9376,-2.9407,353.8286,-0.0021,-0.0321,-0.0005,67.523,67.899,-6.4712,114.6,0.1086,0.0,0.0,0.0,-0.03,1574.8,0.0,10.0,270.0,0,53.633,-0.0220231341902547,0.0955104716410633,-0.03,0.08862890533053747,0.5968301213745221,1.0,0.0,-1117.5121042354883,9.508309238620036,357.543,418.208,4.248832780533366,0.024469146470381762,0.13059653972148866,2.548802475805619,0.03429598422786739,-6.1913999999999305,0.0,0.020703785297024595,final_approach,-0.4598536227757286,-0.7453554079420659,-6.3645230463689195,
53.733,63.95448726,-22.60525935,503.449,420.983,-0.9378,-2.9436,353.8286,-0.002,-0.0321,-0.0006,67.524,67.899,-6.4764,114.601,0.1081,0.0,0.0,0.0,-0.03,1574.4,0.0,10.0,270.0,0,53.733,-0.02204048155615068,0.09552868269735779,-0.03,0.08862890533053747,0.5966087235715491,1.0,0.0,-1114.3104912778942,9.510131288784232,356.949,417.483,4.251044148045532,0.02407656791226093,0.130721893474808,2.5533786569004144,0.03404553126409837,-6.1913999999999305,0.0,0.019730713906390387,final_approach,-0.4605353002201582,-0.7460049148804337,-6.370628940615433,
53.833,63.95452121,-22.60525928,502.747,420.311,-0.938,-2.947,353.8285,-0.002,-0.032,-0.0006,67.526,67.9,-6.4826,114.6021,0.1076,0.0,0.0,0.0,-0.03,1573.9,0.0,10.0,270.0,0,53.833,-0.022059845203594164,0.09555243008465147,-0.03,0.08862984508722149,0.5963448620250755,1.0,0.0,-1110.5258548067466,9.512239762900222,356.247,416.811,4.253672718280808,0.024444756985678058,0.13086969881587823,2.557954364592334,0.03379503572838871,-6.191499999999905,0.0,0.019755194460350633,final_approach,-0.4612464763223798,-0.7466987856455951,-6.377903176825562,
53.933,63.95455254,-22.60525921,502.099,419.529,-0.9382,-2.9502,353.8285,-0.002,-0.032,-0.0007,67.527,67.9,-6.4884,114.603,0.1072,0.0,0.0,0.0,-0.03,1573.4,0.0,10.0,270.0,0,53.933,-0.022081232704413756,0.09557150030089523,-0.03,0.08862984508722149,0.5960996855471971,1.0,0.0,-1107.0332873910004,9.514450188179497,355.599,416.029,4.256108453957741,0.024430190282953144,0.13100998056590682,2.5625288481002837,0.03359463340748903,-6.191499999999905,0.0,0.018868358600323085,final_approach,-0.4619476095814967,-0.7474529765670876,-6.384659616913549,
54.033,63.95458388,-22.60525915,501.45,418.751,-0.9384,-2.9534,353.8284,-0.0021,-0.0321,-0.0008,67.528,67.901,-6.4941,114.6038,0.1067,0.0,0.0,0.0,-0.03,1573.0,0.0,10.0,270.0,0,54.033,-0.02209951250406672,0.09559268793538148,-0.03,0.08863078482433617,0.5958535608483132,1.0,0.0,-1103.5396053787968,9.516170287180685,354.95,415.251,4.258547185684693,0.024423044780713624,0.13114377592682325,2.567101462865965,0.03334428620706831,-6.191599999999994,0.0,0.018062144182116224,final_approach,-0.46263999255033283,-0.7481187592552914,-6.391439601932792,
54.133,63.95461521,-22.60525908,500.8,417.913,-0.9387,-2.9565,353.8283,-0.0022,-0.0321,-0.0008,67.53,67.901,-6.4999,114.6046,0.1062,0.0,0.0,0.0,-0.03,1572.5,0.0,10.0,270.0,0,54.133,-0.022114457437500457,0.09561489072348467,-0.03,0.08863172454187951,0.5956071453386829,1.0,0.0,-1100.0470379630506,9.51838071245996,354.3,414.413,4.260982411623412,0.02441124721512709,0.13128452403249555,2.5716729103929947,0.0330939424997041,-6.191699999999969,0.0,0.018238312892828668,final_approach,-0.46334139445756506,-0.7487981286394749,-6.398225012493338,
54.233,63.95464655,-22.60525901,500.15,417.304,-0.9389,-2.9597,353.8282,-0.002,-0.0321,-0.0009,67.531,67.902,-6.5057,114.6052,0.1058,0.0,0.0,0.0,-0.03,1572.1,0.0,10.0,270.0,0,54.233,-0.022136186013954284,0.09563542589815305,-0.03,0.08863266423985372,0.5953585605330818,1.0,0.0,-1096.5533557798267,9.520590748611959,353.65,413.804,4.263432661121486,0.024426455176063247,0.13142553893410547,2.5762432212517616,0.032893688509943786,-6.1918000000000575,0.0,0.017489375357121365,final_approach,-0.46404301798145653,-0.7495532721919176,-6.405067546553013,
54.333,63.95467788,-22.60525895,499.499,416.546,-0.9391,-2.9629,353.8281,-0.0022,-0.0323,-0.001,67.532,67.902,-6.5115,114.6058,0.1053,0.0,0.0,0.0,-0.03,1571.6,0.0,10.0,270.0,0,54.333,-0.0221544948480088,0.09565605227561381,-0.03,0.08863360391825614,0.5951096792879526,1.0,0.0,-1093.060788535101,9.522311236740421,352.999,413.046,4.265879438958394,0.02443334237489885,0.13155999249954614,2.5808117430975437,0.032643442870949,-6.191900000000032,0.0,0.016808523051919922,final_approach,-0.46473580160272476,-0.7502198031616665,-6.411915623071192,
54.433,63.95470922,-22.60525888,498.847,415.671,-0.9393,-2.9661,353.828,-0.0021,-0.0324,-0.0011,67.533,67.902,-6.5173,114.6063,0.1049,0.0,0.0,0.0,-0.03,1571.1,0.0,10.0,270.0,0,54.433,-0.022176243235771664,0.09567708407248007,-0.03,0.08863454357708844,0.5948598356398096,1.0,0.0,-1089.567106351877,9.524521272892422,352.347,412.171,4.268329304323098,0.024444227586922013,0.13170147741927285,2.585379185029146,0.03244323909299851,-6.192000000000007,0.0,0.01618956641084062,final_approach,-0.4654377174407429,-0.7509754563582511,-6.418787556573356,
54.533,63.95474055,-22.60525882,498.195,414.999,-0.9395,-2.9693,353.8279,-0.0023,-0.0325,-0.0012,67.534,67.903,-6.5232,114.6068,0.1044,0.0,0.0,0.0,-0.03,1570.7,0.0,10.0,270.0,0,54.533,-0.022194571460768975,0.0956970721660128,-0.03,0.08863548321635029,0.5946084633915298,1.0,0.0,-1086.0745391071512,9.526241761020886,351.695,411.499,4.270787774228614,0.02446763949829516,0.13183639064974534,2.5899448934773566,0.032193043751391315,-6.192099999999982,0.0,0.015626878555313983,final_approach,-0.46613078604418945,-0.7516424867822433,-6.425698891193868,
54.633,63.95477189,-22.60525875,497.543,414.166,-0.9398,-2.9725,353.8278,-0.0023,-0.0326,-0.0012,67.536,67.903,-6.5291,114.6071,0.1039,0.0,0.0,0.0,-0.03,1570.2,0.0,10.0,270.0,0,54.633,-0.022209577865961783,0.0957206908483076,-0.03,0.08863642283604156,0.594354870425713,1.0,0.0,-1082.5808569231351,9.528451797172611,351.043,410.666,4.2732615355641554,0.02451263514114832,0.13197834796040384,2.5945095786284726,0.03194294123591135,-6.192199999999957,0.0,0.016024435050281175,final_approach,-0.4668330099708591,-0.7523234435626254,-6.432668607414737,
54.733,63.95480322,-22.60525869,496.889,413.527,-0.94,-2.9758,353.8277,-0.0022,-0.0326,-0.0013,67.537,67.903,-6.535,114.6074,0.1035,0.0,0.0,0.0,-0.03,1569.7,0.0,10.0,270.0,0,54.733,-0.02223083486251609,0.09574118082032632,-0.03,0.08863736243616227,0.5941022201980701,1.0,0.0,-1079.0882896784092,9.530172285301074,350.389,410.027,4.275719741280888,0.02452420547884448,0.13211372319746179,2.5990725856861236,0.03174283307609471,-6.192299999999932,0.0,0.015476759136623643,final_approach,-0.46752637927418306,-0.7530663593262705,-6.439609751483218,
54.833,63.95483195,-22.60525863,496.29,412.721,-0.9402,-2.9787,353.8275,-0.0023,-0.0326,-0.0013,67.537,67.903,-6.5404,114.6075,0.1031,0.0,0.0,0.0,-0.03,1569.3,0.0,10.0,270.0,0,54.833,-0.022251799805906136,0.09575890574420104,-0.03,0.08863924157769332,0.5938679629688839,1.0,0.0,-1075.8855619541298,9.53199394633827,349.79,409.221,4.277993369962765,0.02422621903549863,0.13224144967022763,2.6036331553675263,0.03154281590909136,-6.1924999999999955,0.0,0.01406978103329422,final_approach,-0.46820940420228396,-0.7537938290288064,-6.44604321369912,
54.933,63.95486589,-22.60525856,495.581,411.988,-0.9404,-2.9822,353.8274,-0.0023,-0.0326,-0.0014,67.538,67.903,-6.5469,114.6076,0.1026,0.0,0.0,0.0,-0.03,1568.8,0.0,10.0,270.0,0,54.933,-0.022271299642740883,0.0957805108746087,-0.03,0.08864018111910243,0.5935908851443515,1.0,0.0,-1072.1020402504596,9.534102809581539,349.081,408.488,4.280675688478744,0.024659046722880457,0.13239199488892847,2.6081935776718606,0.03129280612822072,-6.19259999999997,0.0,0.01369980093934979,final_approach,-0.46892244728844545,-0.754491211811569,-6.453649742340744,
55.033,63.95489462,-22.6052585,494.981,411.219,-0.9407,-2.9852,353.8273,-0.0024,-0.0326,-0.0014,67.539,67.903,-6.5524,114.6077,0.1021,0.0,0.0,0.0,-0.03,1568.4,0.0,10.0,270.0,0,55.033,-0.022285211543264072,0.09580012082389056,-0.03,0.08864112064094187,0.5933543724312653,1.0,0.0,-1068.89931252618,9.535924470618735,348.481,407.719,4.282959433723106,0.02435544767633779,0.13252015395668792,2.61275161447529,0.03104279678166222,-6.192700000000059,0.0,0.013363455399413228,final_approach,-0.4696057532495388,-0.7551438050497996,-6.460140151285383,
55.133,63.95492856,-22.60525843,494.271,410.428,-0.9409,-2.9887,353.8271,-0.0025,-0.0327,-0.0015,67.54,67.903,-6.5589,114.6076,0.1016,0.0,0.0,0.0,-0.03,1567.9,0.0,10.0,270.0,0,55.133,-0.02230504316201487,0.09582298219864897,-0.03,0.08864299962590672,0.5930743924853757,1.0,0.0,-1065.11579082251,9.538033333862002,347.771,406.928,4.285655971069904,0.02479043530827732,0.13267121050264205,2.617309563477303,0.030792876507149458,-6.192900000000009,0.0,0.013057686726743626,final_approach,-0.47031918761761204,-0.7558419064322717,-6.467820430688349,
55.233,63.9549599,-22.60525837,493.614,409.758,-0.9412,-2.9919,353.827,-0.0026,-0.0327,-0.0016,67.541,67.903,-6.5649,114.6075,0.1012,0.0,0.0,0.0,-0.03,1567.4,0.0,10.0,270.0,0,55.233,-0.022322498576067773,0.09584438940662503,-0.03,0.08864393908903312,0.592815618953634,1.0,0.0,-1061.6221088103064,9.53975343268913,347.114,406.258,4.28814165390711,0.024801500818908678,0.132807778735001,2.621865976139212,0.03059294880100083,-6.192999999999984,0.0,0.012779715206122042,final_approach,-0.4710133765841107,-0.7565863131581274,-6.4749161412498495,
55.333,63.95499124,-22.60525831,492.958,408.901,-0.9414,-2.9952,353.8268,-0.0025,-0.0327,-0.0016,67.542,67.903,-6.5709,114.6072,0.1007,0.0,0.0,0.0,-0.03,1566.9,0.0,10.0,270.0,0,55.333,-0.0223412242111789,0.09586726508489325,-0.03,0.08864581795657356,0.5925536109090119,1.0,0.0,-1058.128426798103,9.541473531690322,346.458,405.401,4.290651998309897,0.024851824687069157,0.13294457902618848,2.626420880788033,0.030343115547481148,-6.193199999999933,0.0,0.012527013823751638,final_approach,-0.47170769951916114,-0.7572557561453763,-6.482097771737301,
55.433,63.95502257,-22.60525825,492.3,408.177,-0.9417,-2.9984,353.8266,-0.0024,-0.033,-0.0017,67.542,67.903,-6.577,114.6069,0.1002,0.0,0.0,0.0,-0.03,1566.4,0.0,10.0,270.0,0,55.433,-0.022356095900230744,0.09588529914277667,-0.03,0.08864769674583162,0.5922925741029358,1.0,0.0,-1054.6358595533768,9.543194019818786,345.8,404.677,4.293146685936306,0.024867666616572068,0.13308158128420583,2.6309743026471604,0.030093280984118564,-6.193399999999997,0.0,0.011388194385228761,final_approach,-0.47240211965868895,-0.7579253409233306,-6.489250018106155,
55.533,63.95505391,-22.60525818,491.642,407.408,-0.9419,-3.0017,353.8265,-0.0025,-0.0332,-0.0017,67.543,67.903,-6.5831,114.6066,0.0998,0.0,0.0,0.0,-0.03,1566.0,0.0,10.0,270.0,0,55.533,-0.02237796716558682,0.09590699354965487,-0.03,0.08864863611110385,0.5920292147777336,1.0,0.0,-1051.142177370153,9.545404055970785,345.142,403.908,4.295657206311252,0.024907256138719684,0.13322568546114347,2.6355269568511175,0.029893438510981696,-6.193499999999972,0.0,0.011261994895666838,final_approach,-0.4731057999480015,-0.7586841615700415,-6.496463117336475,
55.633,63.95508524,-22.60525812,490.983,406.601,-0.9422,-3.005,353.8263,-0.0025,-0.0333,-0.0018,67.544,67.902,-6.5892,114.6061,0.0993,0.0,0.0,0.0,-0.03,1565.5,0.0,10.0,270.0,0,55.633,-0.022392865173205212,0.09592878532522114,-0.03,0.08865051478293662,0.5917655371420879,1.0,0.0,-1047.6496101246353,9.547124544098974,344.483,403.101,4.2981644187979375,0.024934734260075708,0.13336316043196766,2.640078183038144,0.029643688092505727,-6.193700000000035,0.0,0.011147268086961261,final_approach,-0.4738005919282209,-0.7593544274642792,-6.503682146237679,
55.733,63.95511658,-22.60525806,490.324,405.965,-0.9424,-3.0083,353.8261,-0.0024,-0.0335,-0.0018,67.544,67.902,-6.5954,114.6056,0.0988,0.0,0.0,0.0,-0.03,1565.0,0.0,10.0,270.0,0,55.733,-0.022411633473711223,0.09594729828879353,-0.03,0.08865239337648423,0.5914995091923659,1.0,0.0,-1044.1559281124319,9.548844642926102,343.824,402.465,4.300687609536758,0.024984263114763906,0.13350090059308864,2.6446280124873254,0.029393935492947776,-6.193899999999985,0.0,0.010133880079055692,final_approach,-0.47449557403948717,-0.7600249737749962,-6.510962706874906,
55.842,63.95514791,-22.605258,489.664,405.197,-0.9427,-3.0116,353.8259,-0.0023,-0.0335,-0.0019,67.545,67.902,-6.6016,114.6049,0.0983,0.0,0.0,0.0,-0.03,1564.5,0.0,10.0,270.0,0,55.842,-0.022429240026658248,0.09596852861103733,-0.03,0.08865427189174757,0.5912331560018544,1.0,0.0,-1040.6633608677057,9.550565131054567,343.164,401.697,4.303207536037525,0.024673317887329425,0.13363884486477265,2.6495858314655485,0.02914426647498658,-6.194099999999935,0.0,0.010046646610655099,final_approach,-0.47523688577502554,-0.7607654184880595,-6.518249347135875,
55.933,63.95517925,-22.60525794,489.004,404.367,-0.9429,-3.0149,353.8257,-0.0023,-0.0335,-0.002,67.545,67.901,-6.6078,114.6042,0.0979,0.0,0.0,0.0,-0.03,1564.0,0.0,10.0,270.0,0,55.933,-0.022448243099660814,0.09598820750727287,-0.03,0.08865615032872765,0.5909644242079435,1.0,0.0,-1037.1696788555023,9.552285229881697,342.504,400.867,4.305743589264168,0.025205884368823445,0.13377705565612968,2.6537224665081443,0.028944588853732967,-6.194299999999998,0.0,0.009133315100595544,final_approach,-0.47588583504398585,-0.7614420468855929,-6.525598210055765,
56.033,63.95521058,-22.60525788,488.343,403.608,-0.9432,-3.0183,353.8255,-0.0024,-0.0336,-0.002,67.546,67.901,-6.6141,114.6035,0.0974,0.0,0.0,0.0,-0.03,1563.5,0.0,10.0,270.0,0,56.033,-0.022463181232317386,0.09600889099657556,-0.03,0.08865802868742312,0.590695360090737,1.0,0.0,-1033.6771116107764,9.554005718010162,341.843,400.108,4.3082764227667285,0.02522629281162069,0.1339154716359274,2.65826827211671,0.028694914037856734,-6.194500000000062,0.0,0.009212104636909368,final_approach,-0.4765812486904011,-0.7621133519868799,-6.5329533061970295,
56.142,63.95524191,-22.60525782,487.681,402.791,-0.9434,-3.0216,353.8253,-0.0022,-0.0336,-0.0021,67.546,67.9,-6.6204,114.6026,0.0969,0.0,0.0,0.0,-0.03,1563.0,0.0,10.0,270.0,0,56.142,-0.02248467717311492,0.09602723640600494,-0.03,0.08865990696783244,0.5904256008374152,1.0,0.0,-1030.1845443660509,9.555726206138626,341.181,399.291,4.310809476374847,0.02489508133096597,0.13405412434543784,2.663221796948339,0.028445320714752143,-6.194700000000012,0.0,0.008374640579008516,final_approach,-0.47732300412273077,-0.7628545697835598,-6.540324549337999,
56.233,63.95527325,-22.60525776,487.019,402.138,-0.9436,-3.0249,353.8251,-0.0022,-0.0337,-0.0021,67.547,67.9,-6.6267,114.6017,0.0964,0.0,0.0,0.0,-0.03,1562.5,0.0,10.0,270.0,0,56.233,-0.022500809491976026,0.09604927067831336,-0.03,0.0886617851699566,0.5901534264867441,1.0,0.0,-1026.6908623538473,9.557446304965756,340.519,398.638,4.313358852169638,0.025415087546484725,0.13419304558531048,2.6673549246458585,0.02819572346959376,-6.194899999999961,0.0,0.008612310616272108,final_approach,-0.47797248905407486,-0.7634568158422361,-6.547758900889626,
56.333,63.95530458,-22.6052577,486.356,401.365,-0.9438,-3.0283,353.8249,-0.0022,-0.0338,-0.0022,67.547,67.899,-6.6331,114.6007,0.0959,0.0,0.0,0.0,-0.03,1562.0,0.0,10.0,270.0,0,56.333,-0.022519643093102892,0.09606708836857351,-0.03,0.08866366329379505,0.5898809155920312,1.0,0.0,-1023.1982951083293,9.559166793093944,339.856,397.865,4.315905045530506,0.02542289522351782,0.1343321736445957,2.671896958928165,0.02794616413976314,-6.195099999999911,0.0,0.007829373287520099,final_approach,-0.4786684104491705,-0.764129051543458,-6.55519955470054,
56.433,63.95533591,-22.60525764,485.692,400.565,-0.9441,-3.0316,353.8247,-0.0022,-0.0338,-0.0023,67.547,67.898,-6.6395,114.5996,0.0955,0.0,0.0,0.0,-0.03,1561.5,0.0,10.0,270.0,0,56.433,-0.02253753558507804,0.09608518486518897,-0.03,0.08866554133934912,0.5896076991176543,1.0,0.0,-1019.7057278636033,9.560887281048348,339.192,397.065,4.318451529015573,0.025429885161376137,0.13447154026104172,2.676437789757842,0.027746638530004475,-6.195299999999975,0.0,0.007117612079563726,final_approach,-0.47936450872201064,-0.764876902877905,-6.562656583097791,
56.533,63.95536725,-22.60525758,485.028,399.746,-0.9443,-3.035,353.8245,-0.0023,-0.0339,-0.0023,67.547,67.898,-6.6459,114.5984,0.095,0.0,0.0,0.0,-0.03,1561.0,0.0,10.0,270.0,0,56.533,-0.02255639654080699,0.09610437555480941,-0.03,0.08866741930661692,0.5893320302995403,1.0,0.0,-1016.2120458513998,9.56260738004954,338.528,396.246,4.321014534726218,0.025463247152221247,0.13461117744376477,2.6809774482030257,0.027497153598062596,-6.195500000000038,0.0,0.0064705564359670235,final_approach,-0.4800608295092914,-0.7655498464485841,-6.5701776240357574,
56.642,63.95539858,-22.60525752,484.363,399.032,-0.9445,-3.0383,353.8242,-0.0024,-0.0338,-0.0023,67.548,67.897,-6.6523,114.5972,0.0945,0.0,0.0,0.0,-0.03,1560.5,0.0,10.0,270.0,0,56.642,-0.022578249612302925,0.09612627962486565,-0.03,0.08867023611073044,0.5890560204640676,1.0,0.0,-1012.719478606674,9.564327868178005,337.863,395.532,4.323574397404891,0.025133535744088196,0.1347510230916321,2.685924424991543,0.02724766343933993,-6.195799999999963,0.0,0.0067163523896654,final_approach,-0.48080340919010567,-0.7662924458253926,-6.577705043046038,
56.733,63.95542991,-22.60525746,483.697,398.191,-0.9448,-3.0417,353.824,-0.0025,-0.0339,-0.0024,67.548,67.896,-6.6588,114.5959,0.094,0.0,0.0,0.0,-0.03,1560.0,0.0,10.0,270.0,0,56.733,-0.022590583932768082,0.09614414808203266,-0.03,0.08867211388228124,0.5887792942437776,1.0,0.0,-1009.2269113619483,9.566048356132407,337.197,394.691,4.326134622901643,0.025633670806432477,0.13489110914550329,2.6900522118346424,0.026998209065823175,-6.195999999999913,0.0,0.006105774899695818,final_approach,-0.4814538184615884,-0.7668962868147151,-6.585249073596206,
56.833,63.95546125,-22.6052574,483.031,397.413,-0.945,-3.045,353.8238,-0.0023,-0.0339,-0.0024,67.548,67.895,-6.6653,114.5945,0.0935,0.0,0.0,0.0,-0.03,1559.5,0.0,10.0,270.0,0,56.833,-0.022609481398520592,0.09616312622540858,-0.03,0.08867399157554612,0.5885000776598117,1.0,0.0,-1005.7332293497446,9.5677684551336,336.531,393.913,4.328711575396135,0.025656313162847878,0.13503146781727166,2.694588517910254,0.026748789825632002,-6.196199999999976,0.0,0.0055507044542689255,final_approach,-0.48215070664062054,-0.7675701757239999,-6.592858039749807,
56.933,63.95549258,-22.60525734,482.364,396.53,-0.9453,-3.0484,353.8235,-0.0023,-0.034,-0.0025,67.548,67.895,-6.6718,114.593,0.093,0.0,0.0,0.0,-0.03,1559.0,0.0,10.0,270.0,0,56.933,-0.02262483381256636,0.09618221319235402,-0.03,0.08867680796865463,0.5882205153198349,1.0,0.0,-1002.2406621050189,9.569488943088002,335.864,393.03,4.331285426477459,0.025670012771245795,0.13517203661740035,2.699123759845627,0.026499405067113457,-6.1965000000000146,0.0,0.005046094958426296,final_approach,-0.48284774999218527,-0.76824434754473,-6.600473466922061,
57.042,63.95552391,-22.60525729,481.696,395.79,-0.9455,-3.0518,353.8233,-0.0021,-0.034,-0.0026,67.548,67.894,-6.6783,114.5914,0.0925,0.0,0.0,0.0,-0.03,1558.5,0.0,10.0,270.0,0,57.042,-0.022645898756114113,0.0962015868132909,-0.03,0.08867868546620006,0.5879402254745426,1.0,0.0,-998.7480950313136,9.570719493891596,335.196,392.29,4.333859715302924,0.0253278987550365,0.1353059212339689,2.7040652889326906,0.026250054138756695,-6.196699999999964,0.0,0.004587359053114815,final_approach,-0.48358186312268003,-0.768974394175844,-6.608105750699153,
57.133,63.95555524,-22.60525723,481.028,394.946,-0.9457,-3.0551,353.823,-0.0022,-0.0341,-0.0026,67.548,67.893,-6.6848,114.5898,0.092,0.0,0.0,0.0,-0.03,1558.0,0.0,10.0,270.0,0,57.133,-0.022662445629623218,0.09622190347422958,-0.03,0.08868150156572985,0.5876577977561604,1.0,0.0,-995.2555277857956,9.572439982019786,334.528,391.446,4.336447359937704,0.025845858183739773,0.13544696924221206,2.7081886317573027,0.026000696245318977,-6.197000000000003,0.0,0.004170326411922559,final_approach,-0.48423303211291824,-0.7695795149281306,-6.615793263611856,
57.233,63.95558657,-22.60525717,480.359,394.186,-0.9459,-3.0585,353.8227,-0.0021,-0.0342,-0.0027,67.548,67.892,-6.6914,114.5881,0.0915,0.0,0.0,0.0,-0.03,1557.4,0.0,10.0,270.0,0,57.233,-0.022681691465816833,0.09624080084021003,-0.03,0.08868431748911121,0.5873746301002961,1.0,0.0,-991.7629605410697,9.57416046997419,333.859,390.686,4.3390355170434916,0.025851810329428893,0.13558826077005667,2.712720162395117,0.025751371313333493,-6.197300000000041,0.0,0.003791205829020508,final_approach,-0.4849306039472019,-0.7702545646404371,-6.62349792290831,
57.333,63.95561529,-22.60525712,479.746,393.494,-0.9461,-3.0616,353.8225,-0.0021,-0.0343,-0.0028,67.548,67.891,-6.6975,114.5865,0.0911,0.0,0.0,0.0,-0.03,1557.0,0.0,10.0,270.0,0,57.333,-0.022702371132431287,0.09625828703020899,-0.03,0.08868619467350414,0.5871127696995876,1.0,0.0,-988.5613477552882,9.57549258298785,333.246,389.994,4.341423393291189,0.025522969020686032,0.13571452317354782,2.717249214171155,0.025552001447834982,-6.197499999999991,0.0,0.003446550753655007,final_approach,-0.4856081128864389,-0.7709746282839447,-6.630620180673947,
57.442,63.95564923,-22.60525706,479.02,392.682,-0.9463,-3.0653,353.8222,-0.0021,-0.0344,-0.0028,67.548,67.889,-6.7046,114.5844,0.0905,0.0,0.0,0.0,-0.03,1556.4,0.0,10.0,270.0,0,57.442,-0.022722050634079338,0.09628079990633369,-0.03,0.08868901030330201,0.5868032133061187,1.0,0.0,-984.7778262226385,9.577111508906249,332.52,389.182,4.344239413856546,0.02557498269362601,0.13586462650294154,2.7221857863151535,0.025252817728613763,-6.197799999999916,0.0,0.003133227957868188,final_approach,-0.48636300856946235,-0.7716609144585416,-6.639036430097146,
57.533,63.95567795,-22.60525701,478.405,391.972,-0.9465,-3.0684,353.8219,-0.0022,-0.0345,-0.0028,67.547,67.888,-6.7107,114.5827,0.0901,0.0,0.0,0.0,-0.03,1555.9,0.0,10.0,270.0,0,57.533,-0.02274037048823696,0.09629611973377095,-0.03,0.08869182575695023,0.5865402101923664,1.0,0.0,-981.5762134360648,9.578443621919634,331.905,388.472,4.346626215150228,0.025683916518830466,0.13599132670371772,2.726303700160036,0.025053473780417335,-6.198099999999954,0.0,0.0018493880536016864,final_approach,-0.4869946749655014,-0.7723119742372138,-6.646184207951421,
57.642,63.95571189,-22.60525695,477.677,391.166,-0.9468,-3.0721,353.8216,-0.0023,-0.0346,-0.0029,67.547,67.887,-6.718,114.5805,0.0895,0.0,0.0,0.0,-0.03,1555.3,0.0,10.0,270.0,0,57.642,-0.022756213296335814,0.09631596362183577,-0.03,0.08869464103444691,0.5862287890577089,1.0,0.0,-977.7926919034152,9.580062547663973,331.177,387.666,4.349445683976397,0.025714378178793944,0.13614194984161682,2.7312376025821905,0.0247543100571761,-6.198399999999992,0.0,0.001681261866910624,final_approach,-0.4877499506723808,-0.7729988573203137,-6.654644586379494,
57.733,63.95574321,-22.60525689,477.005,390.404,-0.947,-3.0756,353.8213,-0.0023,-0.0348,-0.003,67.547,67.886,-6.7247,114.5784,0.0891,0.0,0.0,0.0,-0.03,1554.8,0.0,10.0,270.0,0,57.733,-0.022775742609592975,0.09633577546201721,-0.03,0.08869745613579028,0.5859394015604038,1.0,0.0,-974.3012394261671,9.581783424919712,330.505,386.904,4.352059187574691,0.026215285109240566,0.13628442424174542,2.735354731127023,0.0245551074686432,-6.198699999999917,0.0,0.0015284198790096583,final_approach,-0.4884022883991257,-0.7736812546109082,-6.6625032022089385,
57.833,63.95577454,-22.60525684,476.332,389.662,-0.9473,-3.079,353.821,-0.0025,-0.0349,-0.003,67.547,67.885,-6.7314,114.5762,0.0885,0.0,0.0,0.0,-0.03,1554.3,0.0,10.0,270.0,0,57.833,-0.022787759448335332,0.09635607469293776,-0.03,0.08870027106098144,0.5856488474617083,1.0,0.0,-970.8086723524617,9.583013975723306,329.832,386.162,4.354677006960231,0.026209103233601445,0.13642020353150833,2.739878902376417,0.024255922944604436,-6.198999999999955,0.0,0.0013894726172815075,final_approach,-0.4890917664292864,-0.7742690135212786,-6.670390436736675,
57.933,63.95580326,-22.60525679,475.715,388.947,-0.9475,-3.0822,353.8207,-0.0023,-0.035,-0.0031,67.546,67.883,-6.7376,114.5741,0.0881,0.0,0.0,0.0,-0.03,1553.8,0.0,10.0,270.0,0,57.933,-0.022808803888377638,0.09637190837459032,-0.03,0.08870308581001862,0.5853806339404061,1.0,0.0,-967.607059565888,9.584346088736691,329.215,385.447,4.3570880635401625,0.025859346994553393,0.136547786119207,2.74440075131375,0.024056703742445507,-6.199299999999994,0.0,0.00035406601571905246,final_approach,-0.48977019240715336,-0.7749906677104104,-6.6776685151698345,
58.033,63.95583719,-22.60525673,474.985,388.127,-0.9477,-3.086,353.8204,-0.0022,-0.035,-0.0032,67.546,67.882,-6.745,114.5716,0.0875,0.0,0.0,0.0,-0.03,1553.2,0.0,10.0,270.0,0,58.033,-0.02282588411052988,0.09639273472722508,-0.03,0.08870590038289972,0.5850629086845929,1.0,0.0,-963.8246528015081,9.58596540360858,328.485,384.627,4.359937456040809,0.026298443329871978,0.13669942456636733,2.748922691266008,0.023757612992170607,-6.1995999999999185,0.0,0.00032187819610822953,final_approach,-0.49048029004248406,-0.775609614810314,-6.68628676385744,
58.133,63.95586852,-22.60525667,474.31,387.349,-0.948,-3.0894,353.8201,-0.0022,-0.0349,-0.0032,67.545,67.88,-6.7518,114.5692,0.087,0.0,0.0,0.0,-0.03,1552.7,0.0,10.0,270.0,0,58.133,-0.02284137988843532,0.09641031959275323,-0.03,0.08870871477962627,0.5847685700421457,1.0,0.0,-960.3320855559903,9.587685891736767,327.81,383.849,4.362570655516432,0.026304035234264948,0.13684291201397575,2.753443906829852,0.02350848098365077,-6.199899999999957,0.0,-0.0006164743671786646,final_approach,-0.4911795761395119,-0.7762875121636217,-6.694267428523405,
58.242,63.95589984,-22.60525662,473.634,386.59,-0.9482,-3.0929,353.8198,-0.0021,-0.035,-0.0032,67.545,67.879,-6.7587,114.5667,0.0865,0.0,0.0,0.0,-0.03,1552.1,0.0,10.0,270.0,0,58.242,-0.022862878059798586,0.09642890500378011,-0.03,0.08871152900019608,0.5844738713947008,1.0,0.0,-956.8406332497625,9.588916831667635,327.134,383.09,4.36520091386816,0.02594183112293884,0.1369796180044147,2.7583705056641845,0.023259376294674894,-6.200199999999995,0.0,-0.0005604312428896951,final_approach,-0.49191570109366367,-0.7770209240173287,-6.702254762017038,
58.333,63.95592856,-22.60525657,473.014,385.906,-0.9484,-3.0961,353.8195,-0.002,-0.0351,-0.0033,67.544,67.878,-6.765,114.5644,0.086,0.0,0.0,0.0,-0.03,1551.6,0.0,10.0,270.0,0,58.333,-0.022878381326024377,0.0964446099092104,-0.03,0.08871434304460735,0.5842018186140386,1.0,0.0,-953.639020463981,9.590248944507236,326.514,382.406,4.367623631063346,0.02605540358264322,0.13710809215770428,2.762480284850021,0.023010185647393655,-6.20049999999992,0.0,-0.0015084839470872985,final_approach,-0.49254877472051106,-0.7775990174437997,-6.709625582343779,
58.433,63.95595988,-22.60525652,472.338,385.143,-0.9486,-3.0996,353.8191,-0.002,-0.0351,-0.0034,67.544,67.876,-6.7719,114.5618,0.0855,0.0,0.0,0.0,-0.03,1551.1,0.0,10.0,270.0,0,58.433,-0.022897525792517415,0.09646511348950984,-0.03,0.08871809482980053,0.5839027509329725,1.0,0.0,-950.1475681569611,9.59147988443783,325.838,381.643,4.370280976222953,0.026141744918215443,0.13724525787991199,2.7669965430218455,0.022761096969787786,-6.200900000000047,0.0,-0.001371349042806635,final_approach,-0.4932391766359494,-0.7782635932085089,-6.717725313676109,
58.542,63.95599381,-22.60525646,471.604,384.303,-0.9488,-3.1033,353.8188,-0.0021,-0.0352,-0.0034,67.543,67.874,-6.7795,114.5588,0.085,0.0,0.0,0.0,-0.03,1550.5,0.0,10.0,270.0,0,58.542,-0.022920251932298796,0.09648257093508716,-0.03,0.08872090846317449,0.5835786741565298,1.0,0.0,-946.3651613917892,9.593099199483502,325.104,380.803,4.373153573903043,0.026177138624643388,0.13739821761308896,2.771919527968693,0.022512145421330843,-6.201199999999972,0.0,-0.0020807093049622855,final_approach,-0.4939962827246269,-0.7790288223116129,-6.726498828813117,
58.642,63.95602514,-22.60525641,470.925,383.563,-0.949,-3.1068,353.8184,-0.0021,-0.0353,-0.0035,67.542,67.873,-6.7864,114.556,0.0845,0.0,0.0,0.0,-0.03,1549.9,0.0,10.0,270.0,0,58.642,-0.02293942406683841,0.09650068272173165,-0.03,0.08872465970031351,0.5832789157072592,1.0,0.0,-942.8725943180838,9.594329750287097,324.425,380.063,4.375804231664587,0.026232045123109327,0.13753591917775357,2.7764333881265726,0.02226310704608636,-6.201599999999985,0.0,-0.0028006448226973145,final_approach,-0.49468711652219,-0.7796941184477202,-6.734610725298747,
58.733,63.95605385,-22.60525636,470.303,382.846,-0.9492,-3.11,353.8181,-0.0022,-0.0353,-0.0036,67.542,67.871,-6.7928,114.5534,0.084,0.0,0.0,0.0,-0.03,1549.4,0.0,10.0,270.0,0,58.733,-0.022954969523710345,0.09651938925695021,-0.03,0.08872747292264649,0.5830018574662243,1.0,0.0,-939.6720962989879,9.595662252427756,323.803,379.346,4.378248757475853,0.02633719110307894,0.13766525579819064,2.7805390784602237,0.022013983142102234,-6.201900000000023,0.0,-0.0025460407479066497,final_approach,-0.4953208590289897,-0.7802733102942074,-6.742105545652015,
58.833,63.95608778,-22.6052563,469.566,382.009,-0.9495,-3.1138,353.8177,-0.0021,-0.0354,-0.0036,67.541,67.869,-6.8004,114.5502,0.0834,0.0,0.0,0.0,-0.03,1548.8,0.0,10.0,270.0,0,58.833,-0.02296860693523234,0.09653803596046893,-0.03,0.08873122361172547,0.5826748217788942,1.0,0.0,-935.8896895346081,9.597281567299643,323.066,378.509,4.381127629147091,0.026745778704629443,0.13781901527695897,2.785052516393052,0.02171504866049645,-6.202299999999923,0.0,-0.0032236734071921912,final_approach,-0.4960327780087752,-0.7808952156882647,-6.750948913585285,
58.933,63.9561191,-22.60525625,468.886,381.225,-0.9497,-3.1173,353.8173,-0.002,-0.0356,-0.0037,67.54,67.867,-6.8074,114.5472,0.0829,0.0,0.0,0.0,-0.03,1548.3,0.0,10.0,270.0,0,58.933,-0.022987822980296335,0.09655659731705825,-0.03,0.0887349739876272,0.5823700334165063,1.0,0.0,-932.3982372275882,9.598512507230234,322.386,377.725,4.383804277032703,0.02674922872987772,0.1379574143734646,2.789564749442422,0.021466044498367864,-6.20270000000005,0.0,-0.0038397030974388555,final_approach,-0.4967243424290011,-0.7815616560459038,-6.759187381868159,
59.033,63.95615041,-22.6052562,468.205,380.467,-0.9499,-3.1209,353.817,-0.002,-0.0357,-0.0037,67.539,67.866,-6.8145,114.5441,0.0824,0.0,0.0,0.0,-0.03,1547.7,0.0,10.0,270.0,0,59.033,-0.023006745313690347,0.09657356882797896,-0.03,0.08873778656402664,0.5820648673984236,1.0,0.0,-928.9078996888383,9.59974383628838,321.705,376.967,4.386478134982388,0.02674745385770674,0.1380960230586134,2.794075802583475,0.021217063275003056,-6.2029999999999745,0.0,-0.0043997300885851055,final_approach,-0.49741604821737084,-0.7822283411323614,-6.767432876120534,
59.133,63.95618173,-22.60525615,467.523,379.691,-0.9501,-3.1244,353.8166,-0.0021,-0.0357,-0.0038,67.538,67.864,-6.8216,114.541,0.0819,0.0,0.0,0.0,-0.03,1547.1,0.0,10.0,270.0,0,59.133,-0.023025983295660357,0.09659105934353433,-0.03,0.08874153639185856,0.5817584558006164,1.0,0.0,-925.4164473826105,9.600974776219248,321.023,376.191,4.389156819590962,0.026754019229045203,0.13823490801024807,2.798585707375888,0.02096806857295519,-6.203399999999988,0.0,-0.004908845535081696,final_approach,-0.49810798669454925,-0.7828953536188763,-6.77570883894842,
59.233,63.95621305,-22.6052561,466.841,378.93,-0.9503,-3.128,353.8162,-0.0022,-0.0358,-0.0038,67.538,67.862,-6.8287,114.5377,0.0814,0.0,0.0,0.0,-0.03,1546.6,0.0,10.0,270.0,0,59.233,-0.023045235668305852,0.09661218825254644,-0.03,0.08874528590650577,0.5814496645111494,1.0,0.0,-921.9249950755907,9.602205716149841,320.341,375.43,4.391850198009062,0.026783980054371666,0.13837403688348301,2.80309449203965,0.02071913149268312,-6.203800000000001,0.0,-0.004462586850074269,final_approach,-0.49880011847152517,-0.7835627412519379,-6.784045862444469,
59.333,63.95624176,-22.60525605,466.214,378.222,-0.9505,-3.1312,353.8158,-0.0022,-0.0359,-0.0039,67.537,67.86,-6.8353,114.5347,0.0809,0.0,0.0,0.0,-0.03,1546.0,0.0,10.0,270.0,0,59.333,-0.023063822628975383,0.09662698671002731,-0.03,0.08874903510796484,0.5811673823588286,1.0,0.0,-918.7244970572868,9.603538218116716,319.714,374.722,4.394307040538475,0.026414720927664524,0.13850473066803895,2.8076013167996554,0.020470074062728827,-6.204199999999901,0.0,-0.004965988045513472,final_approach,-0.49948092560228474,-0.7842128917572069,-6.791664361202548,
59.433,63.95627568,-22.605256,465.473,377.398,-0.9507,-3.1351,353.8154,-0.0021,-0.036,-0.0039,67.536,67.858,-6.8431,114.531,0.0803,0.0,0.0,0.0,-0.03,1545.4,0.0,10.0,270.0,0,59.433,-0.023080858082870137,0.09664587727369316,-0.03,0.0887527839962371,0.580831627957466,1.0,0.0,-914.943205230613,9.604667984964792,318.973,373.898,4.397222734594429,0.02687175753297674,0.138652995640746,2.8121079453077313,0.020171222996566485,-6.204600000000028,0.0,-0.005423625495925666,final_approach,-0.50018483612536,-0.7848228484051027,-6.8007225472523345,
59.542,63.95630699,-22.60525595,464.789,376.645,-0.9509,-3.1387,353.815,-0.002,-0.0362,-0.004,67.535,67.856,-6.8503,114.5275,0.0798,0.0,0.0,0.0,-0.03,1544.8,0.0,10.0,270.0,0,59.542,-0.0231028046246326,0.09666419789880576,-0.03,0.08875653257131655,0.5805192219360119,1.0,0.0,-911.452867691071,9.605899314022658,318.289,373.145,4.399929348597963,0.026531684799703963,0.1387928266831417,2.817019037881576,0.01992231093154828,-6.204999999999927,0.0,-0.005764596989627802,final_approach,-0.50092330585775,-0.7855600432115697,-6.809147456478,
59.633,63.95633831,-22.6052559,464.103,375.845,-0.9511,-3.1422,353.8146,-0.002,-0.0362,-0.004,67.534,67.854,-6.8575,114.524,0.0793,0.0,0.0,0.0,-0.03,1544.3,0.0,10.0,270.0,0,59.633,-0.023119435795962928,0.09668231851391304,-0.03,0.0887602808332052,0.5802071271490773,1.0,0.0,-907.9614153848432,9.607130253953526,317.603,372.345,4.402627242620967,0.027050935177415473,0.13893293755920474,2.8211169774512226,0.01967338365088267,-6.205400000000054,0.0,-0.006239543716835017,final_approach,-0.5015703434875256,-0.7861595306773594,-6.817560746905389,
59.733,63.95636962,-22.60525585,463.417,375.066,-0.9513,-3.1458,353.8142,-0.002,-0.0362,-0.0041,67.532,67.851,-6.8648,114.5204,0.0787,0.0,0.0,0.0,-0.03,1543.7,0.0,10.0,270.0,0,59.733,-0.023135838041399626,0.09669698810547729,-0.03,0.08876402878189693,0.5798930517388791,1.0,0.0,-904.4710778460932,9.60836158301167,316.917,371.566,4.405336240663859,0.02705744271933322,0.13907326206219292,2.8256205803992707,0.019374444534264512,-6.205799999999954,0.0,-0.007490494288040619,final_approach,-0.5022634574549265,-0.7867530897808059,-6.826024193360395,
59.842,63.95640093,-22.6052558,462.73,374.317,-0.9516,-3.1494,353.8138,-0.0021,-0.0363,-0.0041,67.531,67.849,-6.8721,114.5167,0.0782,0.0,0.0,0.0,-0.03,1543.1,0.0,10.0,270.0,0,59.842,-0.023153960760915138,0.09671458408610954,-0.03,0.08876777641739286,0.5795781392565805,1.0,0.0,-900.9807403065512,9.609592912069534,316.23,370.817,4.408046458485121,0.026691932879661266,0.13921383424103678,2.8305284668894264,0.019125553403853246,-6.206199999999967,0.0,-0.007643568618811361,final_approach,-0.5030025365393627,-0.7874912249975328,-6.834506954899705,
59.933,63.95643224,-22.60525575,462.043,373.528,-0.9518,-3.153,353.8134,-0.0019,-0.0363,-0.0042,67.53,67.847,-6.8794,114.5129,0.0777,0.0,0.0,0.0,-0.03,1542.5,0.0,10.0,270.0,0,59.933,-0.023170631498683703,0.09673325411177854,-0.03,0.08877152373969,0.5792607667763194,1.0,0.0,-897.4904027678014,9.610824240953615,315.543,370.028,4.41077182964254,0.027234799666053435,0.13935465474947228,2.8346238041220637,0.018876680137822177,-6.20659999999998,0.0,-0.007947699743379721,final_approach,-0.5036502107233396,-0.7880917452568461,-6.843052715505237,
60.033,63.95646355,-22.6052557,461.354,372.766,-0.952,-3.1566,353.813,-0.0018,-0.0363,-0.0042,67.529,67.845,-6.8868,114.509,0.0771,0.0,0.0,0.0,-0.03,1541.9,0.0,10.0,270.0,0,60.033,-0.023187074452779233,0.09674980202311681,-0.03,0.08877527074878644,0.578944172716119,1.0,0.0,-894.0000652282592,9.612055570011483,314.854,369.266,4.413484557223965,0.027216879024086392,0.13949572425122103,2.839124630533446,0.01857778805950261,-6.206999999999994,0.0,-0.008134272493985894,final_approach,-0.5043439878591478,-0.7886863667817199,-6.851574268128752,
60.142,63.95649486,-22.60525566,460.665,372.002,-0.9521,-3.1602,353.8126,-0.0018,-0.0364,-0.0043,67.528,67.842,-6.8942,114.5051,0.0766,0.0,0.0,0.0,-0.03,1541.4,0.0,10.0,270.0,0,60.142,-0.023212405412361914,0.09676743039997157,-0.03,0.08877901744467998,0.5786251028812833,1.0,0.0,-890.5097278605297,9.612796961744758,314.165,368.502,4.416212537028775,0.026851955463206293,0.1396299268806851,2.8440288064058357,0.01832891334979081,-6.207400000000007,0.0,-0.008228821533307066,final_approach,-0.5050742605109626,-0.789411257269041,-6.860159196327599,
60.233,63.95652356,-22.60525561,460.033,371.287,-0.9523,-3.1635,353.8122,-0.0019,-0.0366,-0.0043,67.526,67.84,-6.901,114.5015,0.0761,0.0,0.0,0.0,-0.03,1540.8,0.0,10.0,270.0,0,60.233,-0.023228423862178327,0.09678111264876707,-0.03,0.08878276382736772,0.5783311513619838,1.0,0.0,-887.3103446089114,9.614129853012688,313.533,367.787,4.41872051575731,0.026969997187351963,0.13976264834200172,2.8481203200255267,0.018079921913226826,-6.2077999999999065,0.0,-0.009478748846472639,final_approach,-0.5057108397588053,-0.7899948858351529,-6.868065405321513,
60.342,63.95655747,-22.60525556,459.285,370.474,-0.9525,-3.1675,353.8117,-0.0019,-0.0366,-0.0044,67.525,67.838,-6.909,114.4971,0.0755,0.0,0.0,0.0,-0.03,1540.2,0.0,10.0,270.0,0,60.342,-0.0232485404447047,0.09680163344422524,-0.03,0.08878744636528235,0.577983217893407,1.0,0.0,-883.5301675497153,9.615260008988038,312.785,366.974,4.421682630778388,0.02700422551710229,0.13991327023299455,2.8530226959848304,0.017781137917552314,-6.208300000000008,0.0,-0.009451072762840471,final_approach,-0.5064625167781109,-0.7906768481471893,-6.877419976709467,
60.433,63.95658877,-22.60525552,458.594,369.705,-0.9527,-3.1711,353.8113,-0.002,-0.0367,-0.0045,67.523,67.835,-6.9165,114.4929,0.075,0.0,0.0,0.0,-0.03,1539.6,0.0,10.0,270.0,0,60.433,-0.023264725605058878,0.09681650389491304,-0.03,0.08879119204325214,0.5776603918361748,1.0,0.0,-880.0409449486713,9.61600178984831,312.094,366.205,4.424424818886908,0.027525843807327765,0.14004816645484197,2.8571129102877335,0.017532308543422914,-6.208699999999908,0.0,-0.010589886327866489,final_approach,-0.5071018092416466,-0.7912648017240365,-6.886096083666056,
60.542,63.95662008,-22.60525547,457.901,368.934,-0.9529,-3.1747,353.8108,-0.0019,-0.0368,-0.0045,67.522,67.833,-6.9239,114.4887,0.0745,0.0,0.0,0.0,-0.03,1539.0,0.0,10.0,270.0,0,60.542,-0.02328709207483587,0.09683547209890801,-0.03,0.0887958737002631,0.5773379009667833,1.0,0.0,-876.5506074099213,9.617233118906453,311.401,365.434,4.42715828556426,0.027117815829274552,0.14019047805818052,2.8620128288220297,0.017283460911357906,-6.20920000000001,0.0,-0.010461197745925788,final_approach,-0.5078422683900001,-0.7920050600935209,-6.894759911207322,
60.633,63.95665138,-22.60525542,457.209,368.158,-0.9531,-3.1784,353.8104,-0.002,-0.037,-0.0046,67.52,67.83,-6.9314,114.4844,0.0739,0.0,0.0,0.0,-0.03,1538.4,0.0,10.0,270.0,0,60.633,-0.02330094278156425,0.09685178523828358,-0.03,0.08879961867350505,0.5770116726256385,1.0,0.0,-873.0613846386491,9.618464837091867,310.709,364.658,4.429917518210313,0.02765171950251575,0.14033300847186597,2.866101693678876,0.016984580588541576,-6.209599999999909,0.0,-0.011508181767034959,final_approach,-0.5084914538147096,-0.7925325401548005,-6.903520840488415,
60.733,63.95668268,-22.60525538,456.515,367.4,-0.9533,-3.1821,353.8099,-0.0019,-0.037,-0.0046,67.519,67.828,-6.939,114.48,0.0734,0.0,0.0,0.0,-0.03,1537.8,0.0,10.0,270.0,0,60.733,-0.023320130238910552,0.0968685667557335,-0.03,0.08880429944960011,0.5766862532467947,1.0,0.0,-869.5721620376052,9.61920661795214,310.015,363.9,4.432664043434851,0.027620641626326346,0.140468637887909,2.8705948851554037,0.016735758560315617,-6.210100000000011,0.0,-0.011371074333659617,final_approach,-0.5091771998962713,-0.7931904463185777,-6.912256751281372,
60.833,63.95671398,-22.60525533,455.821,366.608,-0.9535,-3.1857,353.8094,-0.0019,-0.0371,-0.0047,67.517,67.825,-6.9465,114.4756,0.0728,0.0,0.0,0.0,-0.03,1537.2,0.0,10.0,270.0,0,60.833,-0.023336969062723645,0.09688556470329937,-0.03,0.08880897973629076,0.5763582727245011,1.0,0.0,-866.0829392655409,9.620438336137278,309.321,363.108,4.435426317520453,0.02762099149794176,0.1406116696147291,2.875087402499692,0.016436866775535464,-6.2105999999999995,0.0,-0.012155522121517399,final_approach,-0.5098726110754228,-0.7937875101410174,-6.921058107750122,
60.933,63.95674528,-22.60525529,455.126,365.826,-0.9537,-3.1894,353.809,-0.0019,-0.0373,-0.0047,67.516,67.822,-6.9541,114.4711,0.0723,0.0,0.0,0.0,-0.03,1536.6,0.0,10.0,270.0,0,60.933,-0.023355877012142312,0.09690380620425793,-0.03,0.08881272361327053,0.5760294118844936,1.0,0.0,-862.5937166652889,9.621180116997824,308.626,362.326,4.438190152022237,0.027623883751258016,0.1407477889412776,2.879578556718821,0.016188036176430387,-6.211000000000013,0.0,-0.011959565565007225,final_approach,-0.5105587693511104,-0.7944460189743872,-6.929879772974667,
61.033,63.95677658,-22.60525524,454.43,365.057,-0.9539,-3.1931,353.8085,-0.002,-0.0373,-0.0048,67.514,67.82,-6.9618,114.4665,0.0718,0.0,0.0,0.0,-0.03,1536.0,0.0,10.0,270.0,0,61.033,-0.023375651052738977,0.0969180792265994,-0.03,0.08881740301902574,0.5756996704906531,1.0,0.0,-859.1044938932245,9.622411835008903,307.93,361.557,4.440955561843434,0.027628919494709386,0.14089132465052137,2.8840690939948104,0.01593921740865767,-6.211500000000001,0.0,-0.012690514150015224,final_approach,-0.5112546176590378,-0.7951191336835564,-6.938721747009113,
61.133,63.95680787,-22.6052552,453.733,364.309,-0.9541,-3.1968,353.808,-0.002,-0.0373,-0.0049,67.512,67.817,-6.9694,114.4618,0.0712,0.0,0.0,0.0,-0.03,1535.4,0.0,10.0,270.0,0,61.133,-0.023391975185957647,0.09693417792497414,-0.03,0.088822081935367,0.5753695383520394,1.0,0.0,-855.6163860604503,9.623154005170784,307.233,360.809,4.443718465034279,0.027628938230333386,0.14102790201693227,2.8885583205498544,0.015640353158602238,-6.211999999999989,0.0,-0.01335501286364594,final_approach,-0.5119411585428502,-0.7957028754917701,-6.947570896958652,
61.233,63.95683917,-22.60525515,453.036,363.532,-0.9543,-3.2005,353.8075,-0.0019,-0.0373,-0.0049,67.511,67.814,-6.9771,114.4571,0.0707,0.0,0.0,0.0,-0.03,1534.7,0.0,10.0,270.0,0,61.233,-0.023411774360977522,0.0969525375333767,-0.03,0.08882676036229054,0.5750363067752817,1.0,0.0,-852.1271632883861,9.624385723181863,306.536,360.032,4.446501498876536,0.027662504929039714,0.14117194433013316,2.8930469872477014,0.015391523080495517,-6.212499999999977,0.0,-0.013050011694227976,final_approach,-0.512637459777963,-0.7963766499334781,-6.956499797261973,
61.333,63.95687046,-22.60525511,452.338,362.752,-0.9545,-3.2042,353.807,-0.0018,-0.0374,-0.005,67.509,67.811,-6.9848,114.4523,0.0701,0.0,0.0,0.0,-0.03,1534.1,0.0,10.0,270.0,0,61.333,-0.0234281228294147,0.09696841285990601,-0.03,0.08883143829979256,0.5747026725297061,1.0,0.0,-848.6390554556119,9.625127893169685,305.838,359.252,4.449282109079256,0.027686437778732885,0.14130901668320076,2.897534398958529,0.01509264245132158,-6.212999999999965,0.0,-0.01368182881293026,final_approach,-0.5133244446211584,-0.7969610310243507,-6.965436156680882,
61.433,63.95690176,-22.60525507,451.639,361.954,-0.9547,-3.2079,353.8065,-0.0018,-0.0375,-0.005,67.507,67.808,-6.9926,114.4474,0.0696,0.0,0.0,0.0,-0.03,1533.5,0.0,10.0,270.0,0,61.433,-0.023447394346388872,0.09698315753226754,-0.03,0.0888361157478692,0.5743676475563814,1.0,0.0,-845.149832854568,9.625869674204017,305.139,358.454,4.452068543627844,0.027716089063256896,0.14144636900337232,2.902020587862338,0.014843830113250078,-6.213499999999954,0.0,-0.014256208011750518,final_approach,-0.5140116585847956,-0.7976211440154515,-6.97440643454931,
61.533,63.95693305,-22.60525502,450.939,361.197,-0.9549,-3.2117,353.806,-0.0018,-0.0375,-0.0051,67.505,67.805,-7.0003,114.4425,0.069,0.0,0.0,0.0,-0.03,1532.9,0.0,10.0,270.0,0,61.533,-0.023464318708333598,0.09699973010658104,-0.03,0.08884079270651668,0.5740322248980512,1.0,0.0,-841.6617248499814,9.627101781342366,304.439,357.697,4.454852556653778,0.027736762595937728,0.14159113832687872,2.906506299735485,0.014544931361683666,-6.213999999999942,0.0,-0.014778370919781854,final_approach,-0.5147085790862711,-0.7982204536160147,-6.9833840367406275,
61.633,63.95696173,-22.60525498,450.297,360.484,-0.955,-3.2151,353.8055,-0.0017,-0.0376,-0.0051,67.504,67.803,-7.0075,114.4378,0.0685,0.0,0.0,0.0,-0.03,1532.3,0.0,10.0,270.0,0,61.633,-0.023486766150292215,0.0970153704257052,-0.03,0.08884546917573233,0.573723132925133,1.0,0.0,-838.4645713043391,9.627945513539979,303.797,356.984,4.457413000340162,0.027381374973922075,0.14171985594361503,2.910989930997395,0.014296014323093686,-6.214500000000044,0.0,-0.014343973563429457,final_approach,-0.5153841373486223,-0.798862853679422,-6.991653971014253,
61.742,63.95699563,-22.60525494,449.538,359.606,-0.9552,-3.2191,353.805,-0.0018,-0.0378,-0.0052,67.501,67.799,-7.0159,114.4323,0.0679,0.0,0.0,0.0,-0.03,1531.6,0.0,10.0,270.0,0,61.742,-0.02350651273462573,0.09703212670477308,-0.03,0.08885014515550893,0.5733551498031643,1.0,0.0,-834.685509183641,9.628586121491793,303.038,356.106,4.460455065487445,0.027469288238640015,0.14186701874639934,2.9158768392914616,0.013997245291420768,-6.214999999999918,0.0,-0.01554206103764668,final_approach,-0.5161294955787845,-0.799535286963895,-7.001495936218143,
61.842,63.95702691,-22.6052549,448.836,358.859,-0.9554,-3.2229,353.8045,-0.0019,-0.0378,-0.0052,67.5,67.796,-7.0238,114.4272,0.0674,0.0,0.0,0.0,-0.03,1531.0,0.0,10.0,270.0,0,61.842,-0.023525817321216003,0.09704953635728901,-0.03,0.08885482064584727,0.5730157549689344,1.0,0.0,-831.1985161175525,9.62932868060661,302.336,355.359,4.463254865177758,0.027557406349387668,0.14200529547172538,2.920357779374329,0.013748401538947519,-6.21550000000002,0.0,-0.015038237306955856,final_approach,-0.5168173282675532,-0.8001962737305881,-7.010569807164334,
61.933,63.9570582,-22.60525485,448.133,358.065,-0.9556,-3.2266,353.8039,-0.002,-0.0379,-0.0053,67.498,67.793,-7.0316,114.4219,0.0668,0.0,0.0,0.0,-0.03,1530.4,0.0,10.0,270.0,0,61.933,-0.0235404422123332,0.09706662337270132,-0.03,0.08886043058818494,0.5726749420621088,1.0,0.0,-827.7104081137579,9.630560787745239,301.633,354.565,4.466060698174521,0.02810339356361535,0.14215108735764492,2.9244351097264394,0.013449520036374452,-6.216099999999983,0.0,-0.01566912682250264,final_approach,-0.5174694878994544,-0.8007282035440859,-7.019678252733533,
62.033,63.95708948,-22.60525481,447.429,357.276,-0.9558,-3.2304,353.8034,-0.0019,-0.0381,-0.0053,67.495,67.79,-7.0395,114.4166,0.0663,0.0,0.0,0.0,-0.03,1529.8,0.0,10.0,270.0,0,62.033,-0.02355978482053178,0.09707950640678673,-0.03,0.08886510500173961,0.5723337324380526,1.0,0.0,-824.2234150476694,9.631303346860058,300.929,353.776,4.4688641697569,0.028091947273645192,0.14228986818651623,2.9289159795126696,0.013200687282676427,-6.216599999999971,0.0,-0.016971933475002466,final_approach,-0.518157973530414,-0.8013901850975742,-7.028793971997528,
62.133,63.95712076,-22.60525477,446.725,356.495,-0.956,-3.2342,353.8029,-0.0019,-0.0382,-0.0054,67.493,67.787,-7.0474,114.4112,0.0657,0.0,0.0,0.0,-0.03,1529.1,0.0,10.0,270.0,0,62.133,-0.02357622919682506,0.09709618510638592,-0.03,0.0888697789258418,0.571989805527268,1.0,0.0,-820.736421981581,9.632045906148935,300.225,352.995,4.471684328571782,0.028110220752840854,0.14242889880245857,2.9333958161278733,0.012901781471043705,-6.217099999999959,0.0,-0.0172472122500109,final_approach,-0.5188466699478056,-0.8019770871773062,-7.037978937817961,
62.233,63.95715205,-22.60525473,446.02,355.702,-0.9562,-3.238,353.8023,-0.0019,-0.0383,-0.0054,67.491,67.784,-7.0554,114.4058,0.0652,0.0,0.0,0.0,-0.03,1528.5,0.0,10.0,270.0,0,62.233,-0.023595899498409567,0.09711175601496962,-0.03,0.08887538698868125,0.5716444330087382,1.0,0.0,-817.2483141488068,9.632788076136757,299.52,352.202,4.47451070400557,0.028135809683680697,0.14256821516995696,2.937874651591109,0.01265292860867362,-6.2176999999999225,0.0,-0.017497465681823955,final_approach,-0.5195356280962713,-0.8026397447652798,-7.04719915034676,
62.333,63.95718332,-22.60525469,445.314,354.919,-0.9564,-3.2418,353.8018,-0.0019,-0.0383,-0.0055,67.489,67.78,-7.0634,114.4002,0.0646,0.0,0.0,0.0,-0.03,1527.9,0.0,10.0,270.0,0,62.333,-0.02361236597790478,0.09712721364786867,-0.03,0.08888005983597558,0.5712991769972023,1.0,0.0,-813.762435850196,9.633531024378847,298.814,351.419,4.47733053914161,0.02814623329646719,0.1427077120849699,2.942352507294302,0.012354025282604653,-6.218200000000024,0.0,-0.01772496880165388,final_approach,-0.5202247119278738,-0.8032272293366152,-7.056412910138336,
62.433,63.9572146,-22.60525465,444.607,354.15,-0.9566,-3.2456,353.8012,-0.0017,-0.0384,-0.0055,67.487,67.777,-7.0714,114.3946,0.064,0.0,0.0,0.0,-0.03,1527.2,0.0,10.0,270.0,0,62.433,-0.02362914801742172,0.09714326952928877,-0.03,0.08888566660663322,0.5709524744661779,1.0,0.0,-810.2754427841076,9.634273583493666,298.107,350.65,4.4801566266114214,0.028165340196741943,0.14284749611138312,2.9468294152144594,0.012055092690133051,-6.2187999999999874,0.0,-0.017931789819694,final_approach,-0.5209140652988182,-0.803815073525799,-7.0656619329441295,
62.533,63.95724588,-22.60525461,443.899,353.347,-0.9567,-3.2494,353.8007,-0.0017,-0.0384,-0.0056,67.485,67.774,-7.0794,114.389,0.0635,0.0,0.0,0.0,-0.03,1526.6,0.0,10.0,270.0,0,62.533,-0.0236524105075408,0.09715968663846095,-0.03,0.08889033837709925,0.5706048457974879,1.0,0.0,-806.7884497180189,9.635016142608482,297.399,349.847,4.4829847263705265,0.0281846164291266,0.14298753263681074,2.951305403760759,0.011806219351115033,-6.219299999999976,0.0,-0.01811980892699028,final_approach,-0.5216036458594253,-0.804478629826443,-7.074932325282688,
62.675,63.95727715,-22.60525457,443.191,352.554,-0.9569,-3.2532,353.8001,-0.0016,-0.0385,-0.0056,67.482,67.77,-7.0875,114.3832,0.0629,0.0,0.0,0.0,-0.03,1525.9,0.0,10.0,270.0,0,62.675,-0.023681546983109758,0.09717273345639005,-0.03,0.08889594385555455,0.570254966831978,1.0,0.0,-803.3025714194083,9.635759090850573,296.691,349.054,4.485825594084312,0.026821532134348815,0.14312778676199348,2.9576600372364945,0.011507285756152896,-6.219900000000052,0.0,-0.018393168166662227,final_approach,-0.5225055843070301,-0.8053865471133488,-7.08425937678364,
62.75,63.95729279,-22.60525455,442.836,352.178,-0.957,-3.2551,353.7999,-0.0015,-0.0384,-0.0057,67.481,67.768,-7.0916,114.3803,0.0626,0.0,0.0,0.0,-0.03,1525.6,0.0,10.0,270.0,0,62.75,-0.02369692598614398,0.09717944764262043,-0.03,0.08889781219173987,0.5700805710506253,1.0,0.0,-801.5590748871562,9.636130370321228,296.336,348.678,4.48723955640629,0.025493415271908317,0.14319802673746787,2.9610057391487135,0.011357807589291724,-6.220100000000002,0.0,-0.017933183181819887,final_approach,-0.5229757095830756,-0.8058693289454926,-7.0889071605695655,
62.833,63.9573397,-22.6052545,441.772,350.992,-0.9572,-3.2608,353.799,-0.0018,-0.0383,-0.0057,67.478,67.763,-7.1037,114.3715,0.0618,0.0,0.0,0.0,-0.03,1524.6,0.0,10.0,270.0,0,62.833,-0.023708697950135416,0.09720542536336903,-0.03,0.08890621873540416,0.5695518510241493,1.0,0.0,-796.3297002265214,9.63675466088289,295.272,347.492,4.491518026909974,0.0298358189588881,0.14340180201366126,2.964715972837536,0.010959450818575078,-6.221000000000004,0.0,-0.019588764557404905,final_approach,-0.5236627294210798,-0.8063039528059708,-7.102992923847125,
62.933,63.95736836,-22.60525446,441.12,350.254,-0.9574,-3.2643,353.7985,-0.002,-0.0386,-0.0058,67.476,67.76,-7.1111,114.3661,0.0613,0.0,0.0,0.0,-0.03,1524.0,0.0,10.0,270.0,0,62.933,-0.02372741668737055,0.09722042773213664,-0.03,0.08891088835216143,0.5692293446515373,1.0,0.0,-793.1347762158346,9.637599171335047,294.62,346.754,4.494121743052109,0.029202709369299196,0.1435334694896457,2.9691869332103753,0.010710419851733377,-6.221499999999992,0.0,-0.01962614959763656,final_approach,-0.5243407225984811,-0.8069498150666643,-7.111581202364791,
63.033,63.95740224,-22.60525442,440.349,349.396,-0.9576,-3.2685,353.7978,-0.002,-0.0388,-0.0058,67.473,67.756,-7.12,114.3595,0.0606,0.0,0.0,0.0,-0.03,1523.3,0.0,10.0,270.0,0,63.033,-0.02374238181594862,0.09723500447102787,-0.03,0.08891742499327815,0.56884550459906,1.0,0.0,-789.3579436292998,9.638240557367071,293.849,345.896,4.49721473167063,0.02949057217195079,0.14368407947797288,2.973658051380805,0.010361482111221676,-6.22219999999993,0.0,-0.020569226906942392,final_approach,-0.5250436622721537,-0.8074828122368665,-7.121799165645978,
63.142,63.95743351,-22.60525438,439.637,348.609,-0.9578,-3.2723,353.7973,-0.0018,-0.039,-0.0059,67.47,67.753,-7.1282,114.3535,0.0601,0.0,0.0,0.0,-0.03,1522.7,0.0,10.0,270.0,0,63.142,-0.023764495312290967,0.09724903543095978,-0.03,0.08892209343525592,0.5684890158035731,1.0,0.0,-785.8720653306891,9.638983505609163,293.137,345.109,4.500081644209125,0.02895913512569987,0.1438256025894071,2.9785307511430332,0.010112554768227255,-6.222700000000032,0.0,-0.021201382259021913,final_approach,-0.5257799739857241,-0.8082166315583876,-7.131285531591608,
63.233,63.95746477,-22.60525434,438.924,347.819,-0.958,-3.2762,353.7967,-0.0017,-0.0391,-0.006,67.468,67.749,-7.1364,114.3473,0.0595,0.0,0.0,0.0,-0.03,1522.0,0.0,10.0,270.0,0,63.233,-0.023778724862235256,0.09726582751525928,-0.03,0.0889276949194896,0.5681321162484849,1.0,0.0,-782.3873017995559,9.639726843152587,292.424,344.319,4.502946441848979,0.029379494729025638,0.14396734686566545,2.982596903096008,0.00981354674178192,-6.223299999999995,0.0,-0.021271985869835575,final_approach,-0.5264255282656194,-0.8087383990790062,-7.14077948003049,
63.333,63.95749603,-22.60525431,438.21,347.039,-0.9582,-3.2801,353.7961,-0.0017,-0.0392,-0.006,67.465,67.745,-7.1446,114.3411,0.0589,0.0,0.0,0.0,-0.03,1521.4,0.0,10.0,270.0,0,63.333,-0.023795049418673664,0.09728035309600815,-0.03,0.08893329569883957,0.5677742606012028,1.0,0.0,-778.9025384394433,9.639980243197083,291.71,343.539,4.505813529559474,0.0292613917916797,0.1441020251354399,2.987065115932565,0.00951450628707562,-6.223899999999958,0.0,-0.02206544169985059,final_approach,-0.5271071684057169,-0.8093144474391245,-7.150295523064573,
63.433,63.9575273,-22.60525427,437.495,346.229,-0.9584,-3.2839,353.7955,-0.0017,-0.0392,-0.0061,67.463,67.742,-7.1529,114.3348,0.0583,0.0,0.0,0.0,-0.03,1520.7,0.0,10.0,270.0,0,63.433,-0.023811950990266395,0.09729643835037606,-0.03,0.08893889577330016,0.5674148909466243,1.0,0.0,-775.4166601408326,9.640723191439173,290.995,342.729,4.508687380174936,0.029174244185502594,0.1442443150919205,2.991532663721982,0.009215458951359778,-6.224500000000035,0.0,-0.0218776742726001,final_approach,-0.5277987497075607,-0.8099054508476762,-7.159848487132399,
63.533,63.95755856,-22.60525424,436.779,345.462,-0.9585,-3.2878,353.7948,-0.0015,-0.0393,-0.0062,67.46,67.738,-7.1612,114.3284,0.0578,0.0,0.0,0.0,-0.03,1520.1,0.0,10.0,270.0,0,63.533,-0.023835372517039544,0.09731000300195428,-0.03,0.08894542830259167,0.5670551175341139,1.0,0.0,-771.9318967807199,9.640976591483671,290.279,341.962,4.511559130590377,0.029098120846986666,0.14437949100518394,2.9959988372767605,0.008966519025079833,-6.2251999999999725,0.0,-0.02261606752054561,final_approach,-0.5284808119091764,-0.810557561906549,-7.169408857397839,
63.633,63.95758981,-22.6052542,436.062,344.652,-0.9587,-3.2917,353.7942,-0.0016,-0.0394,-0.0062,67.458,67.734,-7.1695,114.322,0.0572,0.0,0.0,0.0,-0.03,1519.4,0.0,10.0,270.0,0,63.633,-0.023852291570042095,0.09732632944732372,-0.03,0.08895102684976719,0.5666949487493043,1.0,0.0,-768.4482480170645,9.641720317980306,289.562,341.152,4.514428754194777,0.029031140046489774,0.14452222084378769,3.0004643965702167,0.008667433343248376,-6.225799999999936,0.0,-0.022378243200491747,final_approach,-0.5291727449432138,-0.8111490325251935,-7.178976425184866,
63.733,63.95761847,-22.60525417,435.405,343.941,-0.9588,-3.2953,353.7936,-0.0016,-0.0395,-0.0063,67.455,67.73,-7.1772,114.3161,0.0567,0.0,0.0,0.0,-0.03,1518.8,0.0,10.0,270.0,0,63.733,-0.023874696022407105,0.09733833487087047,-0.03,0.08895662469203347,0.566360943822413,1.0,0.0,-765.253324177398,9.642074891281656,288.905,340.441,4.517085245360468,0.02862010198155895,0.14464843686327156,3.004927692267976,0.008418310561609132,-6.226400000000012,0.0,-0.023071130182265483,final_approach,-0.529842687765786,-0.8117826163539377,-7.187846036406135,
63.833,63.95765233,-22.60525413,434.627,343.058,-0.959,-3.2996,353.793,-0.0015,-0.0395,-0.0063,67.452,67.726,-7.1863,114.309,0.056,0.0,0.0,0.0,-0.03,1518.1,0.0,10.0,270.0,0,63.833,-0.023889461055792427,0.09735368911787137,-0.03,0.08896222182938207,0.5659666725719814,1.0,0.0,-761.4787211258188,9.642717055568228,288.127,339.558,4.520215337420195,0.029066905084178175,0.14480117816228014,3.009391384443311,0.008069210613740552,-6.226999999999975,0.0,-0.02370102743842323,final_approach,-0.5305475830751512,-0.8123182974875078,-7.198312431046849,
63.942,63.95768358,-22.6052541,433.908,342.269,-0.9592,-3.3035,353.7923,-0.0015,-0.0395,-0.0064,67.449,67.722,-7.1947,114.3023,0.0554,0.0,0.0,0.0,-0.03,1517.4,0.0,10.0,270.0,0,63.942,-0.02390878879884689,0.097367679844722,-0.03,0.08896875093201029,0.5656016369505572,1.0,0.0,-757.9950725331838,9.642970844739997,287.408,338.769,4.523107865129816,0.028645246147550558,0.14493732084221064,3.014255430384968,0.007770096808826565,-6.227699999999913,0.0,-0.02404847365127722,final_approach,-0.5312758253484553,-0.8129643856391215,-7.207999275175403,
64.05,63.95771483,-22.60525406,433.188,341.464,-0.9593,-3.3074,353.7917,-0.0016,-0.0396,-0.0064,67.447,67.718,-7.2032,114.2956,0.0549,0.0,0.0,0.0,-0.03,1516.7,0.0,10.0,270.0,0,64.05,-0.02393486325569366,0.09738299755572012,-0.03,0.08897434654201852,0.5652356260988997,1.0,0.0,-754.5114237695285,9.643714571236634,286.688,337.964,4.52600290496315,0.028338692520078694,0.145081083225171,3.0190728678239003,0.007521077393676023,-6.22829999999999,0.0,-0.02354575045738619,final_approach,-0.5320088327799084,-0.8136930661829922,-7.217708689093405,
64.142,63.95774608,-22.60525403,432.467,340.685,-0.9595,-3.3113,353.791,-0.0015,-0.0396,-0.0065,67.444,67.714,-7.2116,114.2889,0.0543,0.0,0.0,0.0,-0.03,1516.0,0.0,10.0,270.0,0,64.142,-0.02394922246494391,0.09739774684603131,-0.03,0.08898087386273235,0.5648686392176039,1.0,0.0,-751.0277751768937,9.643968360408405,285.967,337.185,4.528900479522008,0.028864806373359482,0.14521773145319816,3.0231744089896013,0.007221896382446857,-6.229000000000042,0.0,-0.02436965456600341,final_approach,-0.5326516636829481,-0.8142104550352265,-7.227440693891149,
64.233,63.95777472,-22.605254,431.805,339.946,-0.9596,-3.3149,353.7904,-0.0017,-0.0397,-0.0066,67.441,67.711,-7.2194,114.2826,0.0537,0.0,0.0,0.0,-0.03,1515.4,0.0,10.0,270.0,0,64.233,-0.023966120040559646,0.09740889042508649,-0.03,0.08898646794536846,0.5645321272211987,1.0,0.0,-747.8350808713905,9.644323711964024,285.305,336.446,4.531552922960224,0.028911960326180534,0.14534503677794133,3.027230511629126,0.0069225860577830645,-6.229600000000005,0.0,-0.025151234420642304,final_approach,-0.53327706839816,-0.8147014112921358,-7.23636166279281,
64.342,63.95780857,-22.60525396,431.023,339.083,-0.9598,-3.3192,353.7897,-0.0018,-0.0398,-0.0066,67.438,67.706,-7.2286,114.2751,0.0531,0.0,0.0,0.0,-0.03,1514.7,0.0,10.0,270.0,0,64.342,-0.02398679843666701,0.09742561939234459,-0.03,0.08899299348413126,0.56413029959645,1.0,0.0,-744.061592588081,9.644966265378146,284.523,335.583,4.534714600752186,0.028927669984296918,0.14549913401516867,3.0320909797111932,0.00662352229991825,-6.230299999999943,0.0,-0.025366843635112903,final_approach,-0.5340285302140799,-0.8153825233873739,-7.247010572808598,
64.442,63.95783721,-22.60525393,430.36,338.32,-0.96,-3.3228,353.7891,-0.0018,-0.04,-0.0066,67.435,67.702,-7.2364,114.2687,0.0526,0.0,0.0,0.0,-0.03,1514.0,0.0,10.0,270.0,0,64.442,-0.02400540394924927,0.09743822019680416,-0.03,0.08899858603936817,0.5637903050289306,1.0,0.0,-740.8688982825779,9.645321616759706,283.86,334.82,4.537385056973479,0.028557152022402544,0.14562690977577564,3.0365467007564,0.00637430713331355,-6.23090000000002,0.0,-0.025788039668284714,final_approach,-0.5346996613282435,-0.8160177402108122,-7.256017811332466,
64.542,63.95787106,-22.6052539,429.575,337.446,-0.9602,-3.3271,353.7884,-0.0019,-0.04,-0.0067,67.432,67.698,-7.2457,114.2611,0.0519,0.0,0.0,0.0,-0.03,1513.3,0.0,10.0,270.0,0,64.542,-0.024019985016135614,0.0974533168023685,-0.03,0.08900510979614651,0.5633880164501104,1.0,0.0,-737.0954101694967,9.64547423284868,283.075,333.946,4.540539290827478,0.02905468310866767,0.14577416622374084,3.0410022950429196,0.006025049226934698,-6.231599999999958,0.0,-0.026170945152985976,final_approach,-0.5353964143413812,-0.8165409105933499,-7.266671814029392,
64.642,63.95789709,-22.60525387,428.971,336.777,-0.9603,-3.3305,353.7879,-0.0018,-0.04,-0.0067,67.43,67.694,-7.2529,114.2552,0.0514,0.0,0.0,0.0,-0.03,1512.7,0.0,10.0,270.0,0,64.642,-0.024041414238041903,0.09746563820114676,-0.03,0.0890097690349414,0.5630769597979448,1.0,0.0,-734.1936701519174,9.645931146614366,282.471,333.277,4.542974153244525,0.028270339952300404,0.14589273882163262,3.045454894608273,0.005775657198086037,-6.232099999999946,0.0,-0.025609950139074026,final_approach,-0.5360550786639386,-0.8171570872379785,-7.274907062149371,
64.742,63.95793093,-22.60525383,428.185,335.929,-0.9605,-3.3348,353.7871,-0.0017,-0.0401,-0.0067,67.426,67.69,-7.2622,114.2475,0.0508,0.0,0.0,0.0,-0.03,1512.0,0.0,10.0,270.0,0,64.742,-0.024059795651402427,0.09747959413518446,-0.03,0.08901722279871316,0.5626710022453567,1.0,0.0,-730.4212966352937,9.646574089155484,281.685,332.429,4.546146623892444,0.02884606770678161,0.14604790050434147,3.0499081683433467,0.005476491016793261,-6.232899999999972,0.0,-0.02691813649007143,final_approach,-0.5367619706156894,-0.8177709331309462,-7.285651416570163,
64.858,63.95796477,-22.6052538,427.398,335.053,-0.9607,-3.3391,353.7864,-0.0017,-0.0402,-0.0068,67.423,67.685,-7.2716,114.2396,0.0501,0.0,0.0,0.0,-0.03,1511.2,0.0,10.0,270.0,0,64.858,-0.024079090922293156,0.09749513267644697,-0.03,0.0890237438139112,0.5622635095374153,1.0,0.0,-726.6489232904823,9.646727094372011,280.898,331.553,4.549325182138668,0.02860528378758308,0.1461959468647086,3.0550739199287253,0.0051271745487326825,-6.233600000000024,0.0,-0.026822130351475692,final_approach,-0.5375399224134938,-0.8184162565412123,-7.296432560026576,
64.942,63.9579934,-22.60525377,426.731,334.299,-0.9609,-3.3427,353.7858,-0.0016,-0.0403,-0.0068,67.42,67.681,-7.2795,114.233,0.0496,0.0,0.0,0.0,-0.03,1510.6,0.0,10.0,270.0,0,64.942,-0.02409306025743202,0.09750806904106608,-0.03,0.08902933249176781,0.5619183512247884,1.0,0.0,-723.457343752457,9.647082834880843,280.231,330.799,4.552012937597572,0.029170584622399708,0.1463248632805057,3.058811001468487,0.004877841650454684,-6.234199999999987,0.0,-0.0276305081117317,final_approach,-0.5381314271158288,-0.8189314046072802,-7.305561521584181,
65.058,63.95802724,-22.60525374,425.942,333.444,-0.961,-3.3471,353.785,-0.0015,-0.0404,-0.0069,67.417,67.676,-7.2889,114.225,0.0489,0.0,0.0,0.0,-0.03,1509.9,0.0,10.0,270.0,0,65.058,-0.02411653893548027,0.0975246134586867,-0.03,0.08903678296557782,0.561508330931544,1.0,0.0,-719.6849704068536,9.647235840271154,279.442,329.944,4.555200383807503,0.028888484613394085,0.14647345971092762,3.0639745202559436,0.004528460906357168,-6.2349999999999,0.0,-0.0274697409166211,final_approach,-0.5389098476842413,-0.8195773322290929,-7.3164024678916135,
65.142,63.95805586,-22.60525371,425.273,332.703,-0.9612,-3.3507,353.7844,-0.0015,-0.0404,-0.0069,67.414,67.672,-7.2969,114.2182,0.0484,0.0,0.0,0.0,-0.03,1509.2,0.0,10.0,270.0,0,65.142,-0.024130528975534804,0.09753612637185885,-0.03,0.08904236999842985,0.561162292521706,1.0,0.0,-716.494505636306,9.64759196990726,278.773,329.203,4.557885938822004,0.029402219349457335,0.14660281170047812,3.067710027782067,0.004279104052159255,-6.235599999999977,0.0,-0.028219244989136614,final_approach,-0.5395017455787645,-0.8200930323787468,-7.32554877833115,
65.258,63.9580897,-22.60525368,424.482,331.821,-0.9614,-3.3551,353.7837,-0.0015,-0.0405,-0.007,67.41,67.668,-7.3063,114.2101,0.0477,0.0,0.0,0.0,-0.03,1508.5,0.0,10.0,270.0,0,65.258,-0.0241498704926546,0.09755099832522264,-0.03,0.08904888731236549,0.560749735613479,1.0,0.0,-712.7221322907026,9.647744975123508,277.982,328.321,4.561082410541386,0.02909448123860204,0.14675196117253836,3.072871443170657,0.003929657043158841,-6.236300000000028,0.0,-0.02878865531928164,final_approach,-0.540280653421437,-0.8207395890546767,-7.336449770840083,
65.342,63.95811832,-22.60525365,423.812,331.063,-0.9615,-3.3588,353.783,-0.0015,-0.0406,-0.007,67.407,67.664,-7.3144,114.2031,0.0472,0.0,0.0,0.0,-0.03,1507.8,0.0,10.0,270.0,0,65.342,-0.024168045394901194,0.09756231136040576,-0.03,0.0890554036666894,0.5604000967055007,1.0,0.0,-709.5316675209469,9.64810110475989,277.312,327.563,4.563786914255734,0.029611479830477787,0.14688178856497047,3.076605473369237,0.003680273469228723,-6.236999999999966,0.0,-0.029418258082463827,final_approach,-0.5408730078275781,-0.8212559324368787,-7.345685325546581,
65.433,63.95814434,-22.60525363,423.202,330.402,-0.9616,-3.3621,353.7824,-0.0015,-0.0406,-0.0071,67.405,67.66,-7.3217,114.1968,0.0467,0.0,0.0,0.0,-0.03,1507.2,0.0,10.0,270.0,0,65.433,-0.024186640824194694,0.09757580121830556,-0.03,0.08906098834947418,0.560081773418673,1.0,0.0,-706.6310424418657,9.648068470327981,276.702,326.902,4.566245650566393,0.02917941324821717,0.14699458275378768,3.0806496104639454,0.0034307156952309015,-6.237599999999929,0.0,-0.028741872982055185,final_approach,-0.5414779499262288,-0.8217909625667268,-7.354091354268142,
65.55,63.95818337,-22.60525359,422.286,329.376,-0.9618,-3.3672,353.7815,-0.0016,-0.0408,-0.0071,67.4,67.654,-7.3327,114.1872,0.0459,0.0,0.0,0.0,-0.03,1506.4,0.0,10.0,270.0,0,65.55,-0.024206088118669478,0.0975906115646548,-0.03,0.0890693640517124,0.559602322279357,1.0,0.0,-702.2801046518274,9.648509455830787,275.786,325.876,4.569942654087359,0.029582564488850334,0.14717157379190857,3.0858541511167887,0.0030312691615677068,-6.238499999999931,0.0,-0.030013979323232663,final_approach,-0.5422983613151438,-0.8224247216422622,-7.366748151957685,
65.642,63.95820938,-22.60525357,421.675,328.715,-0.962,-3.3706,353.7809,-0.0016,-0.0409,-0.0072,67.398,67.65,-7.3401,114.1808,0.0454,0.0,0.0,0.0,-0.03,1505.8,0.0,10.0,270.0,0,65.642,-0.02422113105826562,0.09760351380656636,-0.03,0.08907494697190343,0.559281282206155,1.0,0.0,-699.380594340224,9.648477210526151,275.175,325.215,4.572413988030864,0.029129191319523212,0.1472847720403395,3.089941064081075,0.002781660776690842,-6.239100000000008,0.0,-0.02926172033338303,final_approach,-0.5429086611499834,-0.8229677375685327,-7.375220357793454,
65.733,63.958238,-22.60525354,421.001,327.966,-0.9621,-3.3743,353.7803,-0.0016,-0.0409,-0.0073,67.394,67.646,-7.3482,114.1736,0.0448,0.0,0.0,0.0,-0.03,1505.1,0.0,10.0,270.0,0,65.733,-0.024238172032771788,0.09761304931798351,-0.03,0.08908052918704479,0.5589291178939036,1.0,0.0,-696.1901295696762,9.648833340162257,274.501,324.466,4.575121105817878,0.029232417284609437,0.14741551458319577,3.0939830546804337,0.002481999257724965,-6.239699999999971,0.0,-0.03059756793543344,final_approach,-0.5435369776670953,-0.8234625214242843,-7.384511391865926,
65.85,63.95827702,-22.60525351,420.082,326.964,-0.9623,-3.3794,353.7794,-0.0014,-0.0409,-0.0073,67.39,67.64,-7.3593,114.1638,0.0441,0.0,0.0,0.0,-0.03,1504.2,0.0,10.0,270.0,0,65.85,-0.024260002854052,0.09763077541810095,-0.03,0.08908890118777801,0.5584448487804234,1.0,0.0,-691.8403067189282,9.648784777467743,273.582,323.464,4.578837296827198,0.029654067123670972,0.147585955944239,3.0991840776126556,0.0021326177899538834,-6.240599999999972,0.0,-0.030923973958401203,final_approach,-0.5443483675562248,-0.8241580636774337,-7.39728341005131,
65.942,63.95830303,-22.60525349,419.469,326.267,-0.9624,-3.3827,353.7787,-0.0014,-0.0409,-0.0074,67.387,67.636,-7.3667,114.1572,0.0436,0.0,0.0,0.0,-0.03,1503.7,0.0,10.0,270.0,0,65.942,-0.024279232058274813,0.09764247019277175,-0.03,0.08909541164713841,0.5581201533431585,1.0,0.0,-688.9407964065325,9.648752532162833,272.969,322.767,4.581324830603405,0.029218124371549595,0.1476997909263346,3.1032682938731995,0.0018829461943994374,-6.24129999999991,0.0,-0.031077130476017057,final_approach,-0.5449591972586063,-0.8247017761196709,-7.405844106022416,
66.033,63.95833164,-22.60525346,418.793,325.504,-0.9625,-3.3865,353.7781,-0.0015,-0.041,-0.0074,67.384,67.632,-7.3749,114.1499,0.043,0.0,0.0,0.0,-0.03,1503.0,0.0,10.0,270.0,0,66.033,-0.02429630089115986,0.09765453361451341,-0.03,0.08910099127705051,0.5577641839318642,1.0,0.0,-685.7514464042547,9.649109050926487,272.293,322.004,4.5840482047793625,0.029336301767421576,0.14783121439938635,3.107307687225462,0.0015831849395340214,-6.241899999999987,0.0,-0.031248939793381985,final_approach,-0.5455881129178337,-0.825197306321126,-7.415226830693971,
66.15,63.95837065,-22.60525343,417.87,324.479,-0.9627,-3.3916,353.7771,-0.0015,-0.0411,-0.0075,67.38,67.626,-7.3861,114.1398,0.0422,0.0,0.0,0.0,-0.03,1502.1,0.0,10.0,270.0,0,66.15,-0.024315556591753107,0.09767152473302743,-0.03,0.08911028909339513,0.5572772397390897,1.0,0.0,-681.4027383201923,9.649060877358972,271.37,320.979,4.587767330617263,0.029744818193506883,0.14800257793370322,3.112505488863526,0.0011835116697511694,-6.242899999999963,0.0,-0.031516130192899505,final_approach,-0.5464003478699588,-0.8258184009784877,-7.428057592619343,
66.242,63.95839926,-22.6052534,417.193,323.766,-0.9629,-3.3953,353.7765,-0.0016,-0.0412,-0.0075,67.376,67.622,-7.3943,114.1324,0.0416,0.0,0.0,0.0,-0.03,1501.4,0.0,10.0,270.0,0,66.242,-0.02432908862521499,0.09768265278136125,-0.03,0.08911586684308859,0.5569170489275276,1.0,0.0,-678.2133883171223,9.649417396296412,270.693,320.266,4.590513742219921,0.029762731832737456,0.14813452559118548,3.1165888483854003,0.0008836782735954785,-6.24350000000004,0.0,-0.032603596618041776,final_approach,-0.5470349134939596,-0.8263223247727058,-7.437545349082042,
66.333,63.95842786,-22.60525338,416.515,322.981,-0.963,-3.3991,353.7758,-0.0015,-0.0413,-0.0076,67.373,67.617,-7.4025,114.1249,0.0411,0.0,0.0,0.0,-0.03,1500.8,0.0,10.0,270.0,0,66.333,-0.02434883723808484,0.09769638021848073,-0.03,0.08912237332656947,0.5565569847454952,1.0,0.0,-675.0251532525505,9.649284366862194,270.015,319.481,4.5932553175012485,0.029823476676233543,0.14825913285131656,3.1206267766347673,0.0006340284739110302,-6.244199999999978,0.0,-0.0326366362861322,final_approach,-0.5476546897787813,-0.8268795310770223,-7.447027153148511,
66.433,63.95845646,-22.60525336,415.836,322.236,-0.9632,-3.4028,353.7751,-0.0014,-0.0415,-0.0076,67.37,67.613,-7.4108,114.1174,0.0405,0.0,0.0,0.0,-0.03,1500.1,0.0,10.0,270.0,0,66.433,-0.024364435155346476,0.09770858305576303,-0.03,0.08912887885033072,0.556196402991769,1.0,0.0,-671.8369181879784,9.649151337602042,269.336,318.736,4.595996998756063,0.029422365988218672,0.148383953368019,3.1250630827161205,0.0003341381143968647,-6.244899999999916,0.0,-0.03239694207830187,final_approach,-0.5483197135054496,-0.8274292185463548,-7.456519988753568,
66.558,63.95849546,-22.60525333,414.909,321.237,-0.9633,-3.408,353.7741,-0.0012,-0.0417,-0.0077,67.365,67.607,-7.4221,114.107,0.0397,0.0,0.0,0.0,-0.03,1499.2,0.0,10.0,270.0,0,66.558,-0.024389933738934444,0.0977238764540232,-0.03,0.08913817079086683,0.5557027011106797,1.0,0.0,-667.4893248713938,9.6491035531618,268.409,317.737,4.599744712459036,0.02951558992747941,0.14855656500544623,3.1306115571638173,-6.570714427311941e-05,-6.245900000000006,0.0,-0.03308812916209964,final_approach,-0.5491731673886768,-0.8281120977673257,-7.469513230977089,
66.65,63.95852406,-22.6052533,414.228,320.485,-0.9634,-3.4118,353.7734,-0.0011,-0.0417,-0.0077,67.362,67.602,-7.4304,114.0994,0.0391,0.0,0.0,0.0,-0.03,1498.6,0.0,10.0,270.0,0,66.65,-0.02440765787260396,0.09773687102690408,-0.03,0.0891446739838404,0.5553400822203463,1.0,0.0,-664.3010896358015,9.64946046105245,267.728,316.985,4.602492901946327,0.029574929083209658,0.1486894429827219,3.134690443809592,-0.00036567334035453314,-6.246599999999944,0.0,-0.03304454429756109,final_approach,-0.549808447202075,-0.8286168893759225,-7.479053591919737,
66.742,63.95855266,-22.60525328,413.546,319.704,-0.9635,-3.4156,353.7727,-0.0011,-0.0417,-0.0078,67.358,67.597,-7.4388,114.0917,0.0386,0.0,0.0,0.0,-0.03,1497.9,0.0,10.0,270.0,0,66.742,-0.02442773178835539,0.09774561417072124,-0.03,0.08915117621706259,0.5549769498435774,1.0,0.0,-661.1128545712297,9.649327431792294,267.046,316.204,4.605241240017438,0.02962464755323833,0.14881499308556548,3.138768372479115,-0.0006154435000667036,-6.247299999999996,0.0,-0.03399306398591594,final_approach,-0.5504339742767179,-0.8291825636412753,-7.4886049095841365,
66.858,63.95858905,-22.60525325,412.678,318.771,-0.9637,-3.4204,353.7718,-0.0014,-0.0419,-0.0079,67.354,67.592,-7.4494,114.0818,0.0378,0.0,0.0,0.0,-0.03,1497.0,0.0,10.0,270.0,0,66.858,-0.024445709584838604,0.09776269927266303,-0.03,0.08915953482094119,0.5545114146938076,1.0,0.0,-657.0562155425687,9.649381209562119,266.178,315.271,4.608759194783641,0.029741739004426407,0.1489784956499892,3.143913306934261,-0.0010155486121732338,-6.248199999999997,0.0,-0.034037581679990124,final_approach,-0.55122988515188,-0.829778417737117,-7.500845986279959,
66.95,63.95861764,-22.60525323,411.994,318.019,-0.9638,-3.4242,353.7711,-0.0014,-0.042,-0.0079,67.351,67.587,-7.4578,114.074,0.0373,0.0,0.0,0.0,-0.03,1496.4,0.0,10.0,270.0,0,66.95,-0.02446580252020858,0.0977745508286884,-0.03,0.08916603486040797,0.5541471672913648,1.0,0.0,-653.8690952454746,9.649248569429236,265.494,314.519,4.611507552889887,0.02976369211645397,0.14910450079313872,3.1479895868659646,-0.0012653847531112206,-6.248900000000049,0.0,-0.033907682950188804,final_approach,-0.5518558222983287,-0.8303446057675661,-7.510420872008607,
67.042,63.95864623,-22.60525321,411.31,317.279,-0.964,-3.4281,353.7703,-0.0015,-0.042,-0.0079,67.347,67.582,-7.4662,114.0661,0.0367,0.0,0.0,0.0,-0.03,1495.7,0.0,10.0,270.0,0,67.042,-0.024479425224411377,0.09778487566579698,-0.03,0.08917346230169443,0.5537801146521486,1.0,0.0,-650.6819749483803,9.649115929122294,264.81,313.779,4.6142734070792635,0.02981368217924839,0.149230722735402,3.152064978624566,-0.001565469183475443,-6.249699999999962,0.0,-0.03477773548831882,final_approach,-0.5524819433247679,-0.8308354244208207,-7.520066979647378,
67.133,63.95867482,-22.60525319,410.626,316.496,-0.9641,-3.4319,353.7696,-0.0015,-0.042,-0.008,67.344,67.578,-7.4747,114.0582,0.0361,0.0,0.0,0.0,-0.03,1495.0,0.0,10.0,270.0,0,67.133,-0.024496325961302634,0.09779744651505257,-0.03,0.0891799602844695,0.5534102290469373,1.0,0.0,-647.4948546512863,9.648983288989411,264.126,312.996,4.617056924942676,0.029942753214232197,0.149357162042178,3.1560952166019094,-0.001865595184256108,-6.2503999999999,0.0,-0.03461312616820224,final_approach,-0.5531032524487145,-0.8313189350888699,-7.529785005024715,
67.25,63.9587112,-22.60525317,409.753,315.578,-0.9643,-3.4368,353.7687,-0.0014,-0.0422,-0.008,67.339,67.572,-7.4855,114.0481,0.0354,0.0,0.0,0.0,-0.03,1494.2,0.0,10.0,270.0,0,67.25,-0.024516975859502188,0.09780951537782637,-0.03,0.08918831342342748,0.5529415378360456,1.0,0.0,-643.4393305603315,9.648547518561363,263.253,312.078,4.620578746139091,0.029969133656325753,0.1495142305244493,3.1612796102285228,-0.0022156569936271353,-6.251299999999901,0.0,-0.03535148221972951,final_approach,-0.5538951438623414,-0.8319840651017731,-7.5420953442933705,
67.342,63.95873978,-22.60525315,409.066,314.806,-0.9644,-3.4406,353.7679,-0.0014,-0.0423,-0.0081,67.336,67.567,-7.4939,114.04,0.0348,0.0,0.0,0.0,-0.03,1493.5,0.0,10.0,270.0,0,67.342,-0.024534482470495556,0.09782314304645004,-0.03,0.0891957371038461,0.5525728433952085,1.0,0.0,-640.253325030715,9.648415267555755,262.566,311.306,4.623345109882947,0.029985806568416002,0.14964112318336845,3.1653520027566917,-0.0025158447460000843,-6.252099999999928,0.0,-0.035102137986315514,final_approach,-0.5545218051721221,-0.8324755363566076,-7.55177642783484,
67.433,63.95876836,-22.60525313,408.379,314.07,-0.9645,-3.4445,353.7672,-0.0013,-0.0424,-0.0081,67.332,67.562,-7.5025,114.032,0.0342,0.0,0.0,0.0,-0.03,1492.8,0.0,10.0,270.0,0,67.433,-0.02455140704841996,0.09783184073106178,-0.03,0.08920223179582754,0.5522012938126395,1.0,0.0,-637.0673195010986,9.648283016376086,261.879,310.57,4.626129321236461,0.030087460333595963,0.14976823489708957,3.1693793443906317,-0.002816090215077338,-6.252799999999979,0.0,-0.03590703852902263,final_approach,-0.5551436684402553,-0.8329596962560135,-7.561530009708891,
67.55,63.95880734,-22.6052531,407.44,313.06,-0.9647,-3.4497,353.7662,-0.0012,-0.0424,-0.0081,67.327,67.556,-7.5141,114.0209,0.0334,0.0,0.0,0.0,-0.03,1491.9,0.0,10.0,270.0,0,67.55,-0.024570855018926474,0.09784703799392364,-0.03,0.08921150826220514,0.5516946294731445,1.0,0.0,-632.7219557194693,9.64823601036445,260.94,309.56,4.629920310679543,0.030473153473270093,0.14994402826420294,3.1745622162544196,-0.0032164192617187837,-6.253799999999956,0.0,-0.03652776618411215,final_approach,-0.5559600245790612,-0.833585976617707,-7.574826549900303,
67.642,63.95883591,-22.60525308,406.751,312.274,-0.9648,-3.4536,353.7654,-0.0011,-0.0425,-0.0082,67.323,67.551,-7.5227,114.0127,0.0328,0.0,0.0,0.0,-0.03,1491.2,0.0,10.0,270.0,0,67.642,-0.0245883985571011,0.09785623016454753,-0.03,0.08921892802491826,0.5513216896289534,1.0,0.0,-629.5370649573305,9.648104148312054,260.251,308.774,4.632706590141114,0.030441902281296916,0.15007162249541264,3.178633481394151,-0.0035167352743883384,-6.254599999999982,0.0,-0.037159629337340044,final_approach,-0.5565874779919113,-0.8340784421114069,-7.584610840359568,
67.733,63.95886449,-22.60525306,406.061,311.554,-0.9649,-3.4575,353.7647,-0.0012,-0.0427,-0.0082,67.32,67.546,-7.5312,114.0045,0.0322,0.0,0.0,0.0,-0.03,1490.5,0.0,10.0,270.0,0,67.733,-0.024605364787150086,0.09787038125813227,-0.03,0.08922541928887184,0.5509475254496398,1.0,0.0,-626.3510594269219,9.647971897306169,259.561,308.054,4.635498528565122,0.030481692238089747,0.15019947699885794,3.182659778907485,-0.0038170944895909997,-6.255300000000034,0.0,-0.03677848421276652,final_approach,-0.5572101970249825,-0.8345637140001951,-7.594424828125707,
67.858,63.95890085,-22.60525304,405.182,310.571,-0.965,-3.4624,353.7637,-0.0012,-0.0428,-0.0082,67.315,67.54,-7.5422,113.9939,0.0314,0.0,0.0,0.0,-0.03,1489.7,0.0,10.0,270.0,0,67.858,-0.024629658525944786,0.09788250312830059,-0.03,0.08923469085800884,0.5504700920792509,1.0,0.0,-622.2977648717148,9.647536905132945,258.682,307.071,4.6390560352724695,0.030144752474871975,0.15035829897734374,3.188193483867538,-0.004217686812978627,-6.25630000000001,0.0,-0.03707134928432989,final_approach,-0.5580438144698014,-0.8352155760884674,-7.606943989497221,
67.95,63.95892942,-22.60525302,404.49,309.833,-0.9652,-3.4663,353.763,-0.0012,-0.0428,-0.0083,67.311,67.535,-7.5508,113.9856,0.0309,0.0,0.0,0.0,-0.03,1489.0,0.0,10.0,270.0,0,67.95,-0.024645985767466627,0.0978925726971835,-0.03,0.08924117979083568,0.5500948047842025,1.0,0.0,-619.1128741095761,9.64740504325461,257.99,306.333,4.64184853221136,0.030179498328499157,0.1504866145219955,3.192261125719701,-0.004467866611349791,-6.257000000000062,0.0,-0.0376537957920694,final_approach,-0.5586718041815999,-0.8357843167270786,-7.616781987783529,
68.042,63.95895799,-22.605253,403.797,309.068,-0.9653,-3.4702,353.7622,-0.0011,-0.0427,-0.0084,67.307,67.53,-7.5595,113.9772,0.0303,0.0,0.0,0.0,-0.03,1488.3,0.0,10.0,270.0,0,68.042,-0.024663561960220792,0.09790111145210444,-0.03,0.08924859453868716,0.5497190049215406,1.0,0.0,-615.9279833466453,9.647273181201937,257.297,305.568,4.644641460939582,0.030209235433571447,0.15061515277580273,3.1963281189895345,-0.0047683389454391545,-6.257799999999975,0.0,-0.038183292617301176,final_approach,-0.5593000125682259,-0.8362776763839328,-7.626631061994448,
68.133,63.95898655,-22.60525299,403.104,308.308,-0.9654,-3.4741,353.7614,-0.0011,-0.0428,-0.0084,67.304,67.525,-7.5681,113.9688,0.0297,0.0,0.0,0.0,-0.03,1487.6,0.0,10.0,270.0,0,68.133,-0.024680265016232994,0.09791506809684684,-0.03,0.08925600803278999,0.5493409878441382,1.0,0.0,-612.7442075230045,9.646651771126008,256.604,304.808,4.647447495979304,0.030313621175820437,0.15073621896333755,3.2003495862875964,-0.005068855572602615,-6.258600000000001,0.0,-0.03770908719454983,final_approach,-0.5599132481974323,-0.8367484285494466,-7.63653588898066,
68.258,63.9590255,-22.60525297,402.157,307.291,-0.9655,-3.4794,353.7604,-0.0011,-0.043,-0.0084,67.298,67.518,-7.58,113.9572,0.0289,0.0,0.0,0.0,-0.03,1486.7,0.0,10.0,270.0,0,68.258,-0.02470539460502552,0.09792587324338108,-0.03,0.0892652731373118,0.5488252907160722,1.0,0.0,-608.4021882140369,9.646115995171046,255.65699999999998,303.791,4.651270158254269,0.03035823401313596,0.1509065440745194,3.2058781143540465,-0.00546956232312823,-6.259599999999978,0.0,-0.038644624722318194,final_approach,-0.5607614120235276,-0.8374220064342506,-7.650044454130892,
68.35,63.95905406,-22.60525295,401.462,306.537,-0.9656,-3.4833,353.7596,-0.0012,-0.0431,-0.0084,67.295,67.513,-7.5887,113.9487,0.0283,0.0,0.0,0.0,-0.03,1486.0,0.0,10.0,270.0,0,68.35,-0.024722994524529918,0.09793895379404619,-0.03,0.08927268381042797,0.54844515734406,1.0,0.0,-605.2184122193759,9.645984522245923,254.962,303.037,4.654084022648795,0.03039610876914662,0.15103578413700688,3.2099420469439655,-0.005770170902508198,-6.260400000000004,0.0,-0.03809590389775978,final_approach,-0.5613901945056625,-0.8379160199519635,-7.6599992140182795,
68.442,63.95908262,-22.60525293,400.766,305.776,-0.9657,-3.4872,353.7588,-0.0011,-0.0431,-0.0085,67.291,67.508,-7.5974,113.9401,0.0277,0.0,0.0,0.0,-0.03,1485.3,0.0,10.0,270.0,0,68.442,-0.02474060554349361,0.09794943767396522,-0.03,0.08928009322974917,0.5480645027716962,1.0,0.0,-602.0346362247149,9.645853049494862,254.26600000000002,302.276,4.656898462150717,0.030428712927045874,0.15116524929231706,3.2140054276015637,-0.0060708121087600375,-6.261199999999917,0.0,-0.0385852090770197,final_approach,-0.5620192096979153,-0.838410333073309,-7.669965319444788,
68.533,63.95911118,-22.60525292,400.069,304.995,-0.9658,-3.4912,353.7581,-0.0012,-0.0432,-0.0085,67.287,67.503,-7.6062,113.9315,0.0271,0.0,0.0,0.0,-0.03,1484.6,0.0,10.0,270.0,0,68.533,-0.024757046580526354,0.09795839389274688,-0.03,0.08928657544314267,0.5476833302147771,1.0,0.0,-598.8508604002822,9.645231639244594,253.56900000000002,301.495,4.659713481919042,0.030512974633940065,0.15128725539398724,3.218023418045359,-0.006371498702975487,-6.261899999999969,0.0,-0.03907346679328496,final_approach,-0.562633284694769,-0.8388820863753814,-7.679942704152785,
68.65,63.95914752,-22.6052529,399.181,304.041,-0.966,-3.4962,353.7571,-0.0012,-0.0433,-0.0086,67.282,67.496,-7.6173,113.9204,0.0263,0.0,0.0,0.0,-0.03,1483.7,0.0,10.0,270.0,0,68.65,-0.02477523549628796,0.09797230753503285,-0.03,0.08929583408275854,0.5471967939325406,1.0,0.0,-594.7997953792383,9.6447974254997,252.68099999999998,300.541,4.66330197204442,0.030539288157025814,0.15144840241406973,3.2231925897974283,-0.006772527357497893,-6.262899999999945,0.0,-0.03940633733345212,final_approach,-0.563428802282079,-0.8394759207642686,-7.692674763070164,
68.742,63.95917607,-22.60525288,398.482,303.288,-0.9661,-3.5001,353.7563,-0.0012,-0.0433,-0.0086,67.278,67.491,-7.6261,113.9117,0.0257,0.0,0.0,0.0,-0.03,1483.0,0.0,10.0,270.0,0,68.742,-0.02479287220790527,0.09798164000751211,-0.03,0.08930323958388675,0.5468145173247243,1.0,0.0,-591.6171341520549,9.644666341875913,251.98200000000003,299.788,4.666117874104101,0.030550678644770107,0.15157855766814063,3.2272533598275186,-0.007073307583851829,-6.263699999999972,0.0,-0.03977651220036233,final_approach,-0.5640584270274687,-0.8399709371628674,-7.702675931896163,
68.833,63.95920462,-22.60525287,397.783,302.512,-0.9662,-3.504,353.7555,-0.0012,-0.0434,-0.0086,67.274,67.486,-7.6349,113.9029,0.0251,0.0,0.0,0.0,-0.03,1482.3,0.0,10.0,270.0,0,68.833,-0.024809637342444957,0.09799227082610797,-0.03,0.08931064383116505,0.5464292189265785,1.0,0.0,-588.4344730951,9.64404532075292,251.28300000000002,299.012,4.668952865088521,0.030651190050898256,0.15170123366466787,3.231268836899526,-0.007374122673780903,-6.264499999999998,0.0,-0.040156469632702176,final_approach,-0.5646730960541575,-0.8404433864394587,-7.7127539240762,
68.95,63.95924354,-22.60525285,396.828,301.484,-0.9663,-3.5094,353.7544,-0.001,-0.0434,-0.0087,67.268,67.479,-7.647,113.8909,0.0243,0.0,0.0,0.0,-0.03,1481.3,0.0,10.0,270.0,0,68.95,-0.024832831638211206,0.0980031939818085,-0.03,0.08932082262384544,0.5459043820000562,1.0,0.0,-584.0957980885653,9.643510712179777,250.32799999999997,297.984,4.672809524285131,0.03103647489513587,0.15187372738241886,3.2364361145393614,-0.007775253149816308,-6.265599999999949,0.0,-0.041167886146279364,final_approach,-0.5654833263520267,-0.8410592086600541,-7.72647817594868,
69.042,63.95926949,-22.60525284,396.19,300.789,-0.9664,-3.513,353.7537,-0.001,-0.0434,-0.0088,67.265,67.474,-7.655,113.8828,0.0237,0.0,0.0,0.0,-0.03,1480.7,0.0,10.0,270.0,0,69.042,-0.024848797632433806,0.09801437524657472,-0.03,0.0893272988030821,0.5455544713439976,1.0,0.0,-581.2029765528486,9.642990864313914,249.69,297.289,4.675377588100433,0.0305160185997555,0.15198639142137937,3.2404937917988743,-0.008076250716896993,-6.266300000000001,0.0,-0.04038977791954266,final_approach,-0.566089580894559,-0.8415187135490534,-7.735625936637788,
69.133,63.95929803,-22.60525282,395.488,300.027,-0.9665,-3.517,353.7529,-0.001,-0.0434,-0.0088,67.261,67.468,-7.6639,113.8739,0.0231,0.0,0.0,0.0,-0.03,1480.0,0.0,10.0,270.0,0,69.133,-0.024866179597619498,0.0980238606047289,-0.03,0.08933469897525537,0.5451675441481152,1.0,0.0,-578.021430092351,9.642860169643061,248.988,296.527,4.678214401014689,0.030625643547883233,0.15211746479283764,3.244506983259899,-0.008377209451879253,-6.267100000000028,0.0,-0.040713983922866105,final_approach,-0.5667150384340012,-0.8420071817484303,-7.745739361968958,
69.25,63.95933695,-22.60525281,394.529,298.965,-0.9666,-3.5224,353.7518,-0.0011,-0.0435,-0.0089,67.255,67.461,-7.676,113.8617,0.0223,0.0,0.0,0.0,-0.03,1479.0,0.0,10.0,270.0,0,69.25,-0.02488882020353106,0.09803609962093933,-0.03,0.08934487216459497,0.5446392449275788,1.0,0.0,-573.6827552568368,9.641835623745052,248.029,295.465,4.682082820584193,0.031031938810563785,0.15228321340124482,3.2496705419931313,-0.008778528102027394,-6.268199999999979,0.0,-0.04167471731915567,final_approach,-0.5675159678733408,-0.8426087139086746,-7.759544491006615,
69.342,63.95936549,-22.60525279,393.825,298.231,-0.9667,-3.5263,353.751,-0.0011,-0.0437,-0.0089,67.251,67.456,-7.6849,113.8527,0.0217,0.0,0.0,0.0,-0.03,1478.3,0.0,10.0,270.0,0,69.342,-0.02490651969139851,0.09804642465518197,-0.03,0.08935226935871743,0.54425016870285,1.0,0.0,-570.5012087963393,9.641704929074201,247.325,294.731,4.684928244461293,0.031014702409347235,0.15241481927095163,3.25372704903728,-0.009079587920382437,-6.2690000000000055,0.0,-0.041838675823729195,final_approach,-0.5681470124654453,-0.8431054365843238,-7.769709037755824,
69.433,63.95939143,-22.60525278,393.184,297.528,-0.9668,-3.53,353.7502,-0.0012,-0.0438,-0.009,67.247,67.451,-7.693,113.8445,0.0211,0.0,0.0,0.0,-0.03,1477.7,0.0,10.0,270.0,0,69.433,-0.024922523273798458,0.09805444458078778,-0.03,0.08935966529890127,0.5438967816215312,1.0,0.0,-567.6095020281001,9.64118547033561,246.68400000000003,294.028,4.687510094381828,0.030574248199244994,0.15252829762915593,3.2577374854061207,-0.009380769963570401,-6.269800000000032,0.0,-0.04203116383576233,final_approach,-0.5687490015191976,-0.8435582368662526,-7.7789393950064785,
69.558,63.95943033,-22.60525277,392.222,296.485,-0.967,-3.5354,353.7491,-0.001,-0.0439,-0.009,67.242,67.444,-7.7051,113.832,0.0203,0.0,0.0,0.0,-0.03,1476.7,0.0,10.0,270.0,0,69.558,-0.024943649797049383,0.09807129654647932,-0.03,0.08936983266918241,0.5433639656292683,1.0,0.0,-563.2730567267492,9.640161702691874,245.72199999999998,292.985,4.691398301079675,0.03066281576316706,0.15269493430020084,3.2632504460044536,-0.00978227289527922,-6.270899999999983,0.0,-0.04184651257796245,final_approach,-0.5695905316710288,-0.8442206008216342,-7.792853156866087,
69.65,63.95945886,-22.60525276,391.515,295.71,-0.9671,-3.5394,353.7482,-0.0009,-0.0439,-0.0091,67.237,67.438,-7.7141,113.8229,0.0197,0.0,0.0,0.0,-0.03,1476.0,0.0,10.0,270.0,0,69.65,-0.024961067306789264,0.09807763868295782,-0.03,0.08937814966329183,0.5429732851023904,1.0,0.0,-560.0926252055418,9.639541459997762,245.015,292.21,4.694245853996139,0.03071095682521858,0.15281947356649922,3.2673025362048245,-0.010083481925533988,-6.271799999999985,0.0,-0.042982995624244257,final_approach,-0.570211774686264,-0.8447023396125992,-7.803052821435404,
69.742,63.95948739,-22.60525275,390.807,294.936,-0.9671,-3.5434,353.7474,-0.0009,-0.044,-0.0091,67.233,67.433,-7.7231,113.8137,0.0191,0.0,0.0,0.0,-0.03,1475.3,0.0,10.0,270.0,0,69.742,-0.024982054496174744,0.09808698599210755,-0.03,0.08938554121458664,0.5425820998320168,1.0,0.0,-556.9121936835422,9.638921217303375,244.30700000000002,291.436,4.69709422890168,0.030752563487574564,0.15294423221561596,3.2713536777909664,-0.01038473067455925,-6.272600000000011,0.0,-0.0430280197374461,final_approach,-0.570833198128188,-0.8451842886838001,-7.813263641464594,
69.833,63.95951851,-22.60525273,390.035,294.072,-0.9672,-3.5478,353.7465,-0.001,-0.0442,-0.0091,67.229,67.427,-7.7329,113.8036,0.0184,0.0,0.0,0.0,-0.03,1474.5,0.0,10.0,270.0,0,69.833,-0.02499769731826701,0.09810037044098847,-0.03,0.08939385521087317,0.5421510937082615,1.0,0.0,-553.443037237554,9.63869012780428,243.53500000000003,290.572,4.700229294483887,0.031369014595337336,0.15308764254285637,3.2753615471064004,-0.01073630066312603,-6.273500000000013,0.0,-0.0431123855755056,final_approach,-0.5714742800929997,-0.8456200808023393,-7.824511567748479,
69.958,63.95955481,-22.60525272,389.132,293.112,-0.9674,-3.5529,353.7454,-0.001,-0.0443,-0.0092,67.223,67.42,-7.7443,113.7918,0.0176,0.0,0.0,0.0,-0.03,1473.6,0.0,10.0,270.0,0,69.958,-0.025018051217798598,0.09811182941187283,-0.03,0.08940401460655312,0.5416501957060647,1.0,0.0,-549.3964314574414,9.637767533243608,242.632,289.612,4.70386851700486,0.03099314219074502,0.1532448891851075,3.2808698184749288,-0.011138151330868595,-6.274599999999964,0.0,-0.04355671415955071,final_approach,-0.5723029175367493,-0.8462625055372985,-7.83758046547684,
70.05,63.95958332,-22.60525271,388.421,292.336,-0.9674,-3.5569,353.7446,-0.001,-0.0443,-0.0092,67.219,67.414,-7.7534,113.7824,0.017,0.0,0.0,0.0,-0.03,1472.8,0.0,10.0,270.0,0,70.05,-0.025039062451385707,0.09811978146256314,-0.03,0.08941140176879803,0.5412579481882304,1.0,0.0,-546.2182294703973,9.63714806880377,241.921,288.836,4.706715232410841,0.030984711619064003,0.15337031170482102,3.2849185530417824,-0.011439552650728047,-6.2753999999999905,0.0,-0.043549582042284186,final_approach,-0.572924938867974,-0.846745119985103,-7.847812363508057,
70.133,63.95961184,-22.6052527,387.71,291.568,-0.9675,-3.5609,353.7437,-0.001,-0.0443,-0.0093,67.215,67.409,-7.7624,113.773,0.0164,0.0,0.0,0.0,-0.03,1472.1,0.0,10.0,270.0,0,70.133,-0.025053925385860876,0.0981311669517183,-0.03,0.08941971082734856,0.540861726191541,1.0,0.0,-543.0389127158755,9.636528215062595,241.20999999999998,288.068,4.709588056892547,0.03158931687473418,0.1534959972289097,3.2885704461483662,-0.011741003775000536,-6.276299999999992,0.0,-0.043971690137006164,final_approach,-0.5735025140031489,-0.8471607554372742,-7.858146001560234,
70.258,63.95964813,-22.60525269,386.804,290.577,-0.9677,-3.5661,353.7427,-0.001,-0.0444,-0.0093,67.209,67.402,-7.774,113.761,0.0156,0.0,0.0,0.0,-0.03,1471.2,0.0,10.0,270.0,0,70.258,-0.02507400871557708,0.09814096978608235,-0.03,0.08942894125313328,0.540356407880652,1.0,0.0,-538.9934217032406,9.635606009629198,240.30399999999997,287.077,4.713247965522906,0.03120430890275749,0.15365411764141176,3.2940748339945913,-0.012143052937290122,-6.277299999999968,0.0,-0.04433790012455122,final_approach,-0.5743318576970751,-0.847803937957007,-7.871322142891733,
70.35,63.95967664,-22.60525268,386.091,289.808,-0.9677,-3.5701,353.7418,-0.0009,-0.0445,-0.0093,67.205,67.396,-7.7831,113.7516,0.015,0.0,0.0,0.0,-0.03,1470.5,0.0,10.0,270.0,0,70.35,-0.025095343170215056,0.09815102302860843,-0.03,0.08943724696097544,0.5399590998379425,1.0,0.0,-535.8152197161966,9.63498654518936,239.591,286.308,4.716122542759921,0.0312111582106583,0.15378026592690966,3.29812078896895,-0.012444618908972416,-6.27819999999997,0.0,-0.04425975110137556,final_approach,-0.5749545164110792,-0.8482872590804362,-7.881679776661551,
70.442,63.95970515,-22.60525267,385.377,289.038,-0.9678,-3.5742,353.7409,-0.0009,-0.0445,-0.0094,67.2,67.39,-7.7922,113.742,0.0144,0.0,0.0,0.0,-0.03,1469.8,0.0,10.0,270.0,0,70.442,-0.025112826663535315,0.09815839105473663,-0.03,0.08944555108161123,0.5395612859627263,1.0,0.0,-532.6370177291525,9.63436708074952,238.877,285.538,4.71899814628164,0.031218725178663198,0.15390663777673752,3.3021659625582385,-0.012746221970957095,-6.279099999999971,0.0,-0.04517684882733304,final_approach,-0.5755773799109676,-0.848770831085222,-7.892048736564782,
70.558,63.95974143,-22.60525266,384.467,288.048,-0.9679,-3.5793,353.7399,-0.001,-0.0446,-0.0094,67.195,67.383,-7.8038,113.7299,0.0136,0.0,0.0,0.0,-0.03,1468.8,0.0,10.0,270.0,0,70.558,-0.025134191916286353,0.09817163097803473,-0.03,0.08945477602075702,0.5390542262472182,1.0,0.0,-528.5926414832031,9.63344526426906,237.96699999999998,284.548,4.722659680077176,0.03127642873442547,0.15406563925854613,3.307269201657005,-0.013148480763078396,-6.280099999999948,0.0,-0.04498835786811551,final_approach,-0.5763626007977223,-0.8493472764823355,-7.905262522037797,
70.65,63.95976993,-22.60525266,383.751,287.27,-0.968,-3.5834,353.739,-0.001,-0.0447,-0.0094,67.19,67.377,-7.813,113.7203,0.013,0.0,0.0,0.0,-0.03,1468.1,0.0,10.0,270.0,0,70.65,-0.025151086897962194,0.09817764734529291,-0.03,0.08946307679056398,0.5386553546664031,1.0,0.0,-525.4155544346572,9.632336251631624,237.25099999999998,283.77,4.725537069253426,0.03127635216319907,0.15418463530544232,3.311311895886691,-0.013450200795944056,-6.280999999999949,0.0,-0.04583921861527845,final_approach,-0.5769754760319934,-0.8498156344947336,-7.915654915220511,
70.742,63.95979843,-22.60525265,383.035,286.475,-0.9681,-3.5875,353.7381,-0.0011,-0.0448,-0.0095,67.186,67.372,-7.8222,113.7106,0.0123,0.0,0.0,0.0,-0.03,1467.4,0.0,10.0,270.0,0,70.742,-0.025165662564972158,0.09818794125710702,-0.03,0.08947137597310761,0.5382532256652246,1.0,0.0,-522.2384672150909,9.631717176319059,236.53500000000003,282.975,4.728435411540582,0.03131424688809354,0.15431169213486645,3.315353881749046,-0.013802353648088683,-6.2818999999999505,0.0,-0.04562458609293172,final_approach,-0.5775988771665688,-0.8502239225074906,-7.926130384968015,
70.833,63.95982693,-22.60525264,382.317,285.689,-0.9682,-3.5915,353.7373,-0.0012,-0.0449,-0.0095,67.181,67.366,-7.8313,113.701,0.0117,0.0,0.0,0.0,-0.03,1466.7,0.0,10.0,270.0,0,70.833,-0.025182589104103204,0.0981960130098588,-0.03,0.08947875169172614,0.5378533540137491,1.0,0.0,-519.0613799955246,9.631098101006492,235.817,282.189,4.731314990859408,0.03136916053646269,0.15443897491501876,3.319351255025007,-0.014104180104510533,-6.282699999999977,0.0,-0.046471901443134726,final_approach,-0.5782175391073423,-0.8507008278392867,-7.936545295457378,
70.95,63.9598632,-22.60525263,381.403,284.7,-0.9684,-3.5968,353.7361,-0.0011,-0.045,-0.0095,67.176,67.359,-7.8431,113.6886,0.0109,0.0,0.0,0.0,-0.03,1465.7,0.0,10.0,270.0,0,70.95,-0.025201016762362305,0.0982082047593896,-0.03,0.08948981291809688,0.5373404205483685,1.0,0.0,-515.0181185170529,9.630176673827366,234.90300000000002,281.2,4.7350051829048185,0.031397650939089694,0.15459914239113068,3.324493884790172,-0.01450671399965131,-6.283899999999903,0.0,-0.046132187015122686,final_approach,-0.5790087337273242,-0.8512858435042325,-7.94990245901154,
71.042,63.95989169,-22.60525263,380.683,283.935,-0.9685,-3.6009,353.7353,-0.001,-0.0451,-0.0096,67.171,67.353,-7.8523,113.6789,0.0103,0.0,0.0,0.0,-0.03,1465.0,0.0,10.0,270.0,0,71.042,-0.0252176426768832,0.09821491963565093,-0.03,0.08949718550128927,0.5369395104505835,1.0,0.0,-511.8421462359848,9.629068050317205,234.183,280.435,4.737886699858829,0.03138484852534768,0.15471902465232554,3.328532920478163,-0.014808653783859427,-6.28469999999993,0.0,-0.04687906329437588,final_approach,-0.5796223571055705,-0.8517549908552589,-7.960340523471423,
71.133,63.95992018,-22.60525262,379.963,283.145,-0.9686,-3.605,353.7344,-0.001,-0.045,-0.0096,67.167,67.347,-7.8616,113.6691,0.0097,0.0,0.0,0.0,-0.03,1464.3,0.0,10.0,270.0,0,71.133,-0.025234889119490955,0.09822423917185918,-0.03,0.08950547815822774,0.5365353025604802,1.0,0.0,-508.66617378389617,9.628449363957852,233.46300000000002,279.645,4.740789524679857,0.031470569414032035,0.15484699990670528,3.332527447610889,-0.015110640799235853,-6.285599999999931,0.0,-0.04661333426362358,final_approach,-0.5802416050955728,-0.852232531805523,-7.970862770128699,
71.258,63.95995903,-22.60525261,378.98,282.082,-0.9687,-3.6105,353.7332,-0.0008,-0.045,-0.0096,67.161,67.339,-7.8742,113.6556,0.0088,0.0,0.0,0.0,-0.03,1463.3,0.0,10.0,270.0,0,71.258,-0.02525742989192309,0.0982376000554525,-0.03,0.08951653256492342,0.5359820798316451,1.0,0.0,-504.33530231993393,9.62742754195048,232.48000000000002,278.582,4.744758678618833,0.03151767976366123,0.1550190111057387,3.3380192929673944,-0.015563765809105234,-6.286799999999971,0.0,-0.04673939478511251,final_approach,-0.581087794117316,-0.8528241693292902,-7.985261461396178,
71.35,63.95998751,-22.60525261,378.257,281.292,-0.9687,-3.6146,353.7323,-0.0008,-0.0451,-0.0096,67.156,67.333,-7.8835,113.6458,0.0081,0.0,0.0,0.0,-0.03,1462.5,0.0,10.0,270.0,0,71.35,-0.02527530594880667,0.09824325391995706,-0.03,0.0895248215180049,0.535579353656948,1.0,0.0,-501.16044480634343,9.626319307567591,231.757,277.792,4.747645354588104,0.03149421858796223,0.15513958630522842,3.342055542409042,-0.015916295954014004,-6.2876999999999725,0.0,-0.047431070358002994,final_approach,-0.5817020108282307,-0.8532180570469752,-7.99574128585129,
71.442,63.960016,-22.60525261,377.534,280.493,-0.9688,-3.6187,353.7314,-0.0009,-0.0452,-0.0097,67.151,67.327,-7.8928,113.6358,0.0075,0.0,0.0,0.0,-0.03,1461.8,0.0,10.0,270.0,0,71.442,-0.025292259041790555,0.09825072816867907,-0.03,0.08953310888368926,0.5351724262556774,1.0,0.0,-497.9844725244831,9.625210684057153,231.034,276.993,4.75055985835239,0.03152508028034165,0.15526041950030373,3.3460905306730155,-0.01621845980119474,-6.288599999999974,0.0,-0.048059866333372024,final_approach,-0.5823164234939071,-0.853688049160942,-8.006328842520999,
71.533,63.96004448,-22.6052526,376.81,279.728,-0.9689,-3.6229,353.7305,-0.0009,-0.0452,-0.0097,67.147,67.322,-7.9021,113.6259,0.0069,0.0,0.0,0.0,-0.03,1461.1,0.0,10.0,270.0,0,71.533,-0.025309535234211478,0.09826090588848369,-0.03,0.08954139466195865,0.5347658665877102,1.0,0.0,-494.8096148398722,9.624592386999133,230.31,276.228,4.7534694745758,0.03159986767576024,0.1553893364662686,3.350081152348405,-0.01652067989644479,-6.289499999999975,0.0,-0.047686791571787075,final_approach,-0.5829364646029944,-0.8541664269532347,-8.016905264165707,
71.658,63.96008331,-22.6052526,375.822,278.669,-0.969,-3.6285,353.7293,-0.0008,-0.0453,-0.0098,67.141,67.313,-7.9148,113.6123,0.006,0.0,0.0,0.0,-0.03,1460.0,0.0,10.0,270.0,0,71.658,-0.025331501850486826,0.09827405834326829,-0.03,0.08955243989697603,0.5342086757884457,1.0,0.0,-490.48097308188585,9.62308140592144,229.322,275.169,4.757453524208467,0.031645289240022675,0.15555467781534466,3.3555668156072045,-0.016974142088855615,-6.290700000000015,0.0,-0.047715265065261143,final_approach,-0.5837731721444079,-0.8547432781182689,-8.031397783730188,
71.742,63.96011178,-22.60525259,375.096,277.872,-0.9691,-3.6326,353.7284,-0.0008,-0.0454,-0.0098,67.136,67.307,-7.9241,113.6022,0.0054,0.0,0.0,0.0,-0.03,1459.3,0.0,10.0,270.0,0,71.742,-0.025346782411932833,0.09828181378829304,-0.03,0.08956072197120879,0.5338007718873071,1.0,0.0,-487.30723016475264,9.622463497990694,228.596,274.372,4.760367562351374,0.03215289607880268,0.15568408903069014,3.3592486920020823,-0.017276485762266702,-6.291600000000017,0.0,-0.04878876910695761,final_approach,-0.5843590141870152,-0.8551699912412261,-8.042005574442943,
71.833,63.96014025,-22.60525259,374.369,277.077,-0.9692,-3.6367,353.7275,-0.0009,-0.0455,-0.0099,67.131,67.302,-7.9335,113.5922,0.0047,0.0,0.0,0.0,-0.03,1458.6,0.0,10.0,270.0,0,71.833,-0.025360551058066894,0.09828802881161847,-0.03,0.08956900245796795,0.5333923791913087,1.0,0.0,-484.13348741784773,9.621355652734803,227.86900000000003,273.577,4.763282958436782,0.03213363333564692,0.1558057985214493,3.3632372986351275,-0.017629325221633962,-6.292500000000018,0.0,-0.04934843145587134,final_approach,-0.5849693399140001,-0.855557550691822,-8.052624605197677,
71.958,63.96017648,-22.60525259,373.443,276.073,-0.9693,-3.642,353.7264,-0.0007,-0.0456,-0.0099,67.125,67.294,-7.9454,113.5793,0.0039,0.0,0.0,0.0,-0.03,1457.6,0.0,10.0,270.0,0,71.958,-0.025384331009844774,0.098299097662036,-0.03,0.08957912089704145,0.5328702013142382,1.0,0.0,-480.0946851803075,9.619945844739902,226.94299999999998,272.573,4.767007587616021,0.03174420001869168,0.15596099816934142,3.3687189346619824,-0.01803262090879798,-6.293599999999969,0.0,-0.04922584677806502,final_approach,-0.5857922426244819,-0.8561891265740158,-8.066200185874868,
72.05,63.96020495,-22.60525259,372.714,275.281,-0.9693,-3.6462,353.7255,-0.0006,-0.0457,-0.01,67.121,67.288,-7.9548,113.5692,0.0033,0.0,0.0,0.0,-0.03,1456.9,0.0,10.0,270.0,0,72.05,-0.02540518360729932,0.09830900004777814,-0.03,0.08958739785601866,0.5324598954125355,1.0,0.0,-476.9209424341948,9.618837999484287,226.214,271.781,4.769931900199052,0.03175116773845821,0.15608320516829088,3.372747851471168,-0.018335146568432492,-6.294499999999971,0.0,-0.048703338968206285,final_approach,-0.5864077698071881,-0.8566602423495091,-8.076865710949885,
72.142,63.96023341,-22.60525258,371.984,274.473,-0.9694,-3.6503,353.7245,-0.0005,-0.0457,-0.01,67.116,67.282,-7.9642,113.559,0.0026,0.0,0.0,0.0,-0.03,1456.1,0.0,10.0,270.0,0,72.142,-0.025420156849364606,0.09831573671702554,-0.03,0.08959659261518549,0.5320500045735811,1.0,0.0,-473.7483142837472,9.61822048068054,225.48399999999998,270.973,4.772851235709649,0.03174795773602941,0.15621354625788797,3.3767764043157156,-0.018688179477550193,-6.295499999999947,0.0,-0.04921647416081552,final_approach,-0.5870339578802373,-0.8570713819754658,-8.087519069449236,
72.233,63.96026187,-22.60525258,371.254,273.676,-0.9694,-3.6545,353.7236,-0.0007,-0.0459,-0.01,67.111,67.276,-7.9736,113.5488,0.002,0.0,0.0,0.0,-0.03,1455.4,0.0,10.0,270.0,0,72.233,-0.025440735895903344,0.0983239622796094,-0.03,0.08960486622269015,0.5316366642945906,1.0,0.0,-470.5756863051122,9.617113024552198,224.75400000000002,270.176,4.775793136389858,0.03184472793058904,0.15633615758955097,3.380760106229941,-0.01899081664436153,-6.296399999999949,0.0,-0.04973725423210502,final_approach,-0.5876449115409521,-0.8575354433420035,-8.09826072021881,
72.35,63.96029809,-22.60525258,370.323,272.664,-0.9695,-3.6598,353.7224,-0.0008,-0.0459,-0.0101,67.105,67.268,-7.9857,113.5357,0.0011,0.0,0.0,0.0,-0.03,1454.4,0.0,10.0,270.0,0,72.35,-0.02545960649032175,0.09833274038847285,-0.03,0.08961589522981228,0.5311114197326464,1.0,0.0,-466.53799883425756,9.615703605684294,223.82299999999998,269.164,4.779528665692821,0.031858540088829004,0.15649252012739354,3.3858847666705487,-0.019444885111369103,-6.2975999999999885,0.0,-0.04987769032755524,final_approach,-0.5884290478592753,-0.8580322420891946,-8.111908555609626,
72.442,63.96032655,-22.60525258,369.59,271.873,-0.9696,-3.664,353.7215,-0.0008,-0.0459,-0.0101,67.1,67.262,-7.9951,113.5254,0.0005,0.0,0.0,0.0,-0.03,1453.7,0.0,10.0,270.0,0,72.442,-0.02547662730482131,0.09834039766248681,-0.03,0.08962416513296811,0.530699134094415,1.0,0.0,-463.36537085562253,9.614596149555952,223.08999999999997,268.373,4.782458659216984,0.03185674269026218,0.15661563443073573,3.3899100250870533,-0.019747652157519724,-6.29849999999999,0.0,-0.050284066305692245,final_approach,-0.5890453508444544,-0.8585041564492748,-8.122619827610357,
72.533,63.960355,-22.60525258,368.857,271.078,-0.9697,-3.6682,353.7206,-0.0009,-0.0459,-0.0102,67.096,67.256,-8.0046,113.5151,-0.0002,0.0,0.0,0.0,-0.03,1452.9,0.0,10.0,270.0,0,72.533,-0.025490432082283188,0.09835040656606932,-0.03,0.0896324334485169,0.5302842781999461,1.0,0.0,-460.1938576436731,9.613489082554608,222.35700000000003,267.578,4.785405033151986,0.031943574833462954,0.15673892765294242,3.393890540427374,-0.02010094829589093,-6.2993999999999915,0.0,-0.04970879154662364,final_approach,-0.5896568381975982,-0.8588927683342646,-8.13339661176519,
72.65,63.96039379,-22.60525258,367.855,269.995,-0.9698,-3.6739,353.7193,-0.0008,-0.0461,-0.0102,67.089,67.248,-8.0176,113.501,-0.0011,0.0,0.0,0.0,-0.03,1451.9,0.0,10.0,270.0,0,72.65,-0.0255104874774445,0.09835762116594152,-0.03,0.08964437376812984,0.5297208387076939,1.0,0.0,-455.8696749555976,9.611979657986009,221.35500000000002,266.495,4.7894037157972855,0.032315774818910604,0.1569073901361762,3.39901253196564,-0.02055528460067535,-6.300700000000006,0.0,-0.0506288159359397,final_approach,-0.5904565896993255,-0.8594126622587979,-8.148031208090687,
72.742,63.96041965,-22.60525258,367.187,269.289,-0.9699,-3.6777,353.7185,-0.0007,-0.0462,-0.0103,67.085,67.242,-8.0262,113.4916,-0.0016,0.0,0.0,0.0,-0.03,1451.2,0.0,10.0,270.0,0,72.742,-0.025529303656000313,0.09836712560519109,-0.03,0.08965172001067556,0.529341578461858,1.0,0.0,-452.9868864966166,9.610973374940183,220.687,265.789,4.792093422311622,0.03180246907796196,0.1570199292540548,3.4030347270256516,-0.02080775358894016,-6.301500000000033,0.0,-0.04997876547536509,final_approach,-0.5910586278723962,-0.8599388066276479,-8.157880752021828,
72.833,63.96044809,-22.60525258,366.451,268.499,-0.9699,-3.6819,353.7175,-0.0007,-0.0463,-0.0103,67.08,67.236,-8.0357,113.4812,-0.0023,0.0,0.0,0.0,-0.03,1450.5,0.0,10.0,270.0,0,72.833,-0.025547283263446574,0.09837470021381285,-0.03,0.08966090104978486,0.5289252317877987,1.0,0.0,-449.8164880521449,9.609866697066114,219.95100000000002,264.999,4.795044453456577,0.03190687651177348,0.15714390999065556,3.407012284162823,-0.021161252197373415,-6.302500000000009,0.0,-0.050430246336241775,final_approach,-0.5916706820684823,-0.8603279632138428,-8.168692332132805,
72.958,63.96048688,-22.60525259,365.445,267.375,-0.97,-3.6877,353.7162,-0.0008,-0.0463,-0.0104,67.073,67.227,-8.0488,113.4669,-0.0032,0.0,0.0,0.0,-0.03,1449.5,0.0,10.0,270.0,0,72.958,-0.025569046837278064,0.09838158901657534,-0.03,0.08967283347027055,0.5283582502709713,1.0,0.0,-445.49230553508977,9.607867335172644,218.945,263.875,4.799060395877457,0.03194365365431774,0.15730535095133288,3.4124795685143945,-0.021615858848633707,-6.30379999999991,0.0,-0.05093658757840525,final_approach,-0.5925001598805721,-0.8608921866279715,-8.183413742934253,
73.05,63.9605179,-22.60525259,364.64,266.503,-0.9701,-3.6923,353.7152,-0.0008,-0.0463,-0.0104,67.068,67.221,-8.0592,113.4555,-0.0039,0.0,0.0,0.0,-0.03,1448.6,0.0,10.0,270.0,0,73.05,-0.025584335160331984,0.09839154904686506,-0.03,0.08968201000111176,0.5279016484728822,1.0,0.0,-442.0342971051274,9.606660262470326,218.14,263.003,4.802292251711841,0.03247452267277254,0.1574411622170779,3.4164992180949216,-0.02196952584944256,-6.3048,0.0,-0.051246700170087305,final_approach,-0.593132528680222,-0.8613116629165436,-8.195267726734713,
73.142,63.96054633,-22.60525259,363.901,265.723,-0.9702,-3.6965,353.7142,-0.0007,-0.0463,-0.0104,67.063,67.214,-8.0688,113.445,-0.0046,0.0,0.0,0.0,-0.03,1447.9,0.0,10.0,270.0,0,73.142,-0.025598765212830277,0.09839821300390078,-0.03,0.08969118457179681,0.5274831825430425,1.0,0.0,-438.8650134281334,9.605553973723529,217.401,262.223,4.805252453997714,0.03242478752780552,0.1575658701551037,3.4205180138803666,-0.022323245498824917,-6.3057999999999765,0.0,-0.05152862070798008,final_approach,-0.5937501899339495,-0.8617089224338059,-8.20613054328218,
73.233,63.96057476,-22.60525259,363.16,264.938,-0.9702,-3.7007,353.7133,-0.0006,-0.0465,-0.0105,67.058,67.208,-8.0784,113.4344,-0.0053,0.0,0.0,0.0,-0.03,1447.1,0.0,10.0,270.0,0,73.233,-0.025616480435004196,0.09840366115485404,-0.03,0.08969944000946206,0.5270673613982656,1.0,0.0,-435.6957297511394,9.60444768497673,216.66000000000003,261.438,4.808192353739999,0.032405088035596975,0.1576908046069868,3.424492305790832,-0.022677032991737178,-6.306699999999978,0.0,-0.05183920563861826,final_approach,-0.5943631252357626,-0.8620989657633924,-8.216923688073388,
73.358,63.96061095,-22.6052526,362.217,263.916,-0.9703,-3.7061,353.712,-0.0007,-0.0465,-0.0105,67.052,67.2,-8.0906,113.421,-0.0061,0.0,0.0,0.0,-0.03,1446.2,0.0,10.0,270.0,0,73.358,-0.025640341585092485,0.09841465397988783,-0.03,0.08971136172744543,0.5265320367663893,1.0,0.0,-431.66138675373844,9.602549496165778,215.71699999999998,260.416,4.811974880882305,0.03204760955273878,0.15784211540129706,3.429953852275199,-0.023081477457367328,-6.307999999999993,0.0,-0.05149018694419859,final_approach,-0.5951786189506798,-0.8627176338389546,-8.230817253573868,
73.45,63.96063937,-22.6052526,361.475,263.091,-0.9704,-3.7103,353.7111,-0.0006,-0.0464,-0.0105,67.047,67.194,-8.1002,113.4103,-0.0068,0.0,0.0,0.0,-0.03,1445.4,0.0,10.0,270.0,0,73.45,-0.02565448567565476,0.0984218339555981,-0.03,0.08971961328388767,0.52611212493615,1.0,0.0,-428.4932178442222,9.601443596546254,214.97500000000002,259.591,4.814940175619962,0.03207825205057416,0.15796751551629515,3.433968338555721,-0.023435413716583753,-6.308899999999994,0.0,-0.05174997232082256,final_approach,-0.5957967005329436,-0.8631151962295966,-8.241714358983502,
73.55,63.96067038,-22.60525261,360.665,262.209,-0.9704,-3.7149,353.71,-0.0005,-0.0465,-0.0105,67.041,67.187,-8.1107,113.3987,-0.0075,0.0,0.0,0.0,-0.03,1444.6,0.0,10.0,270.0,0,73.55,-0.02567563630953934,0.09842886618961925,-0.03,0.08972969636326333,0.5256509902426462,1.0,0.0,-425.03632435275796,9.599746975646342,214.16500000000002,258.709,4.818194861810571,0.032156353693160965,0.15809653562021517,3.4383314309892232,-0.023789446843068163,-6.309999999999945,0.0,-0.05249997483711193,final_approach,-0.5964588880305719,-0.8635789948434525,-8.253680176774651,
73.642,63.9606988,-22.60525261,359.921,261.391,-0.9705,-3.7192,353.7091,-0.0004,-0.0466,-0.0105,67.036,67.181,-8.1204,113.3881,-0.0082,0.0,0.0,0.0,-0.03,1443.8,0.0,10.0,270.0,0,73.642,-0.025689792450634352,0.09843482295189418,-0.03,0.08973794439123495,0.5252297915926348,1.0,0.0,-421.8681554432417,9.598641076026817,213.421,257.891,4.821166156909528,0.0321797423873379,0.15822240664464352,3.4423436760121633,-0.02414351586443786,-6.310899999999947,0.0,-0.05266796131436611,final_approach,-0.5970773337324502,-0.8639769031485756,-8.264608776892306,
73.733,63.9607298,-22.60525262,359.108,260.525,-0.9705,-3.7238,353.708,-0.0006,-0.0466,-0.0106,67.031,67.174,-8.1309,113.3764,-0.0089,0.0,0.0,0.0,-0.03,1443.0,0.0,10.0,270.0,0,73.733,-0.025708378738788507,0.09844381789212046,-0.03,0.08974802315798569,0.5247708394942077,1.0,0.0,-418.4123767192552,9.59694484425418,212.608,257.025,4.824402172705189,0.03274322084596973,0.15835188224104468,3.446311921478862,-0.02449769472852381,-6.311999999999898,0.0,-0.05287496982624192,final_approach,-0.5976955552766263,-0.8643743076953463,-8.276515973378595,
73.833,63.96075821,-22.60525262,358.362,259.727,-0.9706,-3.728,353.707,-0.0006,-0.0467,-0.0106,67.026,67.167,-8.1406,113.3657,-0.0096,0.0,0.0,0.0,-0.03,1442.2,0.0,10.0,270.0,0,73.833,-0.02572513386337999,0.09844982286382693,-0.03,0.08975718361488072,0.5243493641497785,1.0,0.0,-415.2453225772167,9.595839333761928,211.86200000000002,256.227,4.827372511861656,0.03223658263241977,0.15847818228204535,3.4506720333021366,-0.024851903900469097,-6.312999999999988,0.0,-0.052613608932956246,final_approach,-0.5983538232786252,-0.8648319383125269,-8.28745000688946,
73.958,63.96079696,-22.60525263,357.344,258.623,-0.9707,-3.7338,353.7057,-0.0007,-0.0468,-0.0106,67.019,67.159,-8.1538,113.351,-0.0105,0.0,0.0,0.0,-0.03,1441.2,0.0,10.0,270.0,0,73.958,-0.02574697092102124,0.09845987626625095,-0.03,0.08976908927812965,0.5237701097404265,1.0,0.0,-410.92559912928033,9.593841528551337,210.844,255.123,4.831452633234005,0.03230398069014926,0.15864272073356409,3.456124573255073,-0.025307458100655822,-6.314300000000003,0.0,-0.052921462666317164,final_approach,-0.5991856948251097,-0.8653983212949843,-8.30247592063914,
74.05,63.96082536,-22.60525264,356.596,257.801,-0.9707,-3.7381,353.7048,-0.0007,-0.0469,-0.0106,67.014,67.152,-8.1635,113.3402,-0.0112,0.0,0.0,0.0,-0.03,1440.4,0.0,10.0,270.0,0,74.05,-0.025764384285412,0.0984663650816461,-0.03,0.08977732971961505,0.5233473549795019,1.0,0.0,-407.7596599257399,9.592246469861491,210.096,254.301,4.834428883742079,0.03231174207525718,0.15876140638755662,3.460131840618079,-0.025661828093291206,-6.315200000000004,0.0,-0.05305113206820308,final_approach,-0.5997941188733016,-0.8657806885608998,-8.31344133789962,
74.142,63.96085377,-22.60525264,355.847,256.981,-0.9708,-3.7424,353.7038,-0.0006,-0.0471,-0.0106,67.009,67.146,-8.1732,113.3294,-0.0119,0.0,0.0,0.0,-0.03,1439.7,0.0,10.0,270.0,0,74.142,-0.02577886449106581,0.09847347231967991,-0.03,0.08978648390333799,0.5229231315101595,1.0,0.0,-404.5926057837014,9.591140959369241,209.34699999999998,253.481,4.8374142241203675,0.0323346770523682,0.158888470440577,3.464138508920717,-0.026016265626566337,-6.316199999999981,0.0,-0.053169013342630786,final_approach,-0.6004134982786731,-0.8661794416251567,-8.324444142882943,
74.233,63.96088475,-22.60525265,355.029,256.097,-0.9708,-3.7471,353.7027,-0.0005,-0.0471,-0.0106,67.004,67.139,-8.1838,113.3176,-0.0126,0.0,0.0,0.0,-0.03,1438.8,0.0,10.0,270.0,0,74.233,-0.02579748195063064,0.09848226126810913,-0.03,0.0897965512411556,0.5224603459514163,1.0,0.0,-401.13905659467036,9.589445505851149,208.529,252.59699999999998,4.840669552240598,0.03290770362464837,0.15901916988301554,3.468101366569679,-0.026370826940308234,-6.317299999999932,0.0,-0.0533304716701189,final_approach,-0.6010327153864914,-0.866577763056986,-8.336446340415623,
74.358,63.9609209,-22.60525266,354.074,255.084,-0.9709,-3.7525,353.7015,-0.0005,-0.0472,-0.0106,66.997,67.131,-8.1962,113.3038,-0.0135,0.0,0.0,0.0,-0.03,1437.9,0.0,10.0,270.0,0,74.358,-0.025818168511926365,0.09849017080635915,-0.03,0.08980753108609896,0.5219162899170766,1.0,0.0,-397.1091726671802,9.58754887354929,207.574,251.584,4.844494779204491,0.032523388972397614,0.15917336880467647,3.4735476153095566,-0.026826717371932318,-6.318499999999972,0.0,-0.053573156063748094,final_approach,-0.6018502651467905,-0.867122078381783,-8.350555299034779,
74.458,63.96095188,-22.60525267,353.253,254.188,-0.971,-3.7572,353.7004,-0.0005,-0.0473,-0.0107,66.992,67.124,-8.2069,113.2919,-0.0142,0.0,0.0,0.0,-0.03,1437.0,0.0,10.0,270.0,0,74.458,-0.025835508711811173,0.09849707389607534,-0.03,0.089817593463979,0.5214537066626163,1.0,0.0,-393.655623477357,9.585853420204982,206.753,250.688,4.8477457269519935,0.032521070389502034,0.15930463732617775,3.477899586991142,-0.027181449554859682,-6.319600000000037,0.0,-0.05324832369431257,final_approach,-0.6025141429873813,-0.8675873564308141,-8.36255066504036,
74.55,63.96098285,-22.60525268,352.432,253.291,-0.971,-3.7619,353.6994,-0.0005,-0.0474,-0.0107,66.986,67.117,-8.2175,113.28,-0.015,0.0,0.0,0.0,-0.03,1436.2,0.0,10.0,270.0,0,74.55,-0.025851196550220945,0.09850412865251779,-0.03,0.08982673902172156,0.5209876595073921,1.0,0.0,-390.20318905580365,9.584158355814164,205.93200000000002,249.791,4.851019727070255,0.0330320516257829,0.15943612396223933,3.481902151662229,-0.027586835166601986,-6.320600000000013,0.0,-0.05433642074977063,final_approach,-0.6031388728947853,-0.867917478526568,-8.374635191501122,
74.65,63.96101124,-22.60525269,351.678,252.47,-0.9711,-3.7662,353.6984,-0.0004,-0.0474,-0.0107,66.981,67.11,-8.2273,113.2691,-0.0157,0.0,0.0,0.0,-0.03,1435.4,0.0,10.0,270.0,0,74.65,-0.025867363025417867,0.09851036728631984,-0.03,0.08983588261895492,0.5205611208042914,1.0,0.0,-387.038364619741,9.58256368625159,205.178,248.97,4.854015087294778,0.032518976729024325,0.15955620911153387,3.4862514320678417,-0.027941651629561193,-6.3215999999999894,0.0,-0.05394220068161806,final_approach,-0.603787729465747,-0.8683600197083603,-8.385694726840331,
74.742,63.96103963,-22.6052527,350.924,251.676,-0.9711,-3.7706,353.6974,-0.0003,-0.0474,-0.0108,66.976,67.104,-8.2372,113.2581,-0.0164,0.0,0.0,0.0,-0.03,1434.6,0.0,10.0,270.0,0,74.742,-0.02588510496385693,0.0985165596411292,-0.03,0.08984502425565755,0.5201307593819673,1.0,0.0,-383.87354018288625,9.580969016688742,204.42399999999998,248.176,4.857036277254087,0.032572317490326706,0.15967651535450716,3.490250500422115,-0.02829654371251422,-6.322599999999966,0.0,-0.05397907571846259,final_approach,-0.6043973513905527,-0.8687433964251525,-8.396852890925285,
74.833,63.96107059,-22.60525271,350.099,250.791,-0.9711,-3.7753,353.6963,-0.0003,-0.0476,-0.0108,66.97,67.097,-8.2479,113.2462,-0.0171,0.0,0.0,0.0,-0.03,1433.8,0.0,10.0,270.0,0,74.833,-0.025903755035742715,0.09852106778377122,-0.03,0.08985507779159074,0.5196663202521541,1.0,0.0,-380.42222052881056,9.579274341599257,203.599,247.291,4.8602955998331945,0.03311305318169633,0.15980870494392405,3.494205999387398,-0.028651573494101967,-6.323699999999917,0.0,-0.05506589301079079,final_approach,-0.6050176906511808,-0.8691426947862038,-8.408894093537972,
74.933,63.96109898,-22.60525272,349.343,249.961,-0.9711,-3.7796,353.6953,-0.0003,-0.0476,-0.0108,66.965,67.09,-8.2577,113.2352,-0.0178,0.0,0.0,0.0,-0.03,1433.0,0.0,10.0,270.0,0,74.933,-0.025923794417538337,0.09852948548571878,-0.03,0.08986421531110877,0.5192346653448953,1.0,0.0,-377.2573960919558,9.577679672036407,202.84300000000002,246.461,4.863323873275698,0.03264133338891948,0.15992947604803934,3.498551593660911,-0.029006606310872485,-6.324700000000007,0.0,-0.05460535728253256,final_approach,-0.6056670297805589,-0.8695856329523544,-8.420084887445626,
75.058,63.96113767,-22.60525273,348.31,248.855,-0.9712,-3.7855,353.694,-0.0001,-0.0476,-0.0109,66.958,67.081,-8.2712,113.2201,-0.0187,0.0,0.0,0.0,-0.03,1432.0,0.0,10.0,270.0,0,75.058,-0.025945697357855124,0.09853651070741268,-0.03,0.08987609115538409,0.518649424477527,1.0,0.0,-372.94436124888597,9.575684201415399,201.81,245.355,4.867428199738405,0.03267354644104161,0.160097394345058,3.503986469647123,-0.029463258442206097,-6.326000000000022,0.0,-0.05473214298412415,final_approach,-0.606501335049181,-0.8701540081772414,-8.435256847094127,
75.15,63.96116863,-22.60525274,347.482,247.938,-0.9712,-3.7903,353.6929,-0.0002,-0.0477,-0.011,66.953,67.074,-8.2819,113.2081,-0.0195,0.0,0.0,0.0,-0.03,1431.1,0.0,10.0,270.0,0,75.15,-0.0259617175943907,0.09854592125561651,-0.03,0.08988613735866946,0.5181806655193433,1.0,0.0,-369.49304159401817,9.573989526151575,200.98200000000003,244.438,4.870714508205474,0.033181412735413196,0.1602304302288977,3.5079821107212634,-0.029869149729165656,-6.327099999999973,0.0,-0.05469720508437721,final_approach,-0.6071273138594364,-0.8704852431197274,-8.44740865279696,
75.25,63.961197,-22.60525275,346.722,247.114,-0.9712,-3.7946,353.6919,-0.0003,-0.0479,-0.011,66.947,67.067,-8.2918,113.197,-0.0202,0.0,0.0,0.0,-0.03,1430.4,0.0,10.0,270.0,0,75.25,-0.025981767947203638,0.09854834628846246,-0.03,0.08989526821206628,0.517751417159294,1.0,0.0,-366.330446692911,9.572395635017608,200.22199999999998,243.614,4.873722992774929,0.03266531822860316,0.16035188597208744,3.5123240256160675,-0.030224429391950025,-6.328099999999949,0.0,-0.05517927734943435,final_approach,-0.6077771340668257,-0.87092852978755,-8.458535910136614,
75.342,63.96122537,-22.60525277,345.962,246.293,-0.9712,-3.799,353.6908,-0.0001,-0.0479,-0.011,66.942,67.061,-8.3017,113.1859,-0.0209,0.0,0.0,0.0,-0.03,1429.6,0.0,10.0,270.0,0,75.342,-0.025999200571608483,0.09855559011307656,-0.03,0.08990530988622758,0.5173182538883444,1.0,0.0,-363.167851962032,9.570311806384439,199.462,242.793,4.876758154671863,0.03271958022117981,0.16046535178515167,3.5163157109684122,-0.030579778737575225,-6.329199999999901,0.0,-0.05510369087103689,final_approach,-0.6083769144978532,-0.8712964001741863,-8.469764398724179,
75.433,63.96125632,-22.60525278,345.131,245.385,-0.9713,-3.8037,353.6897,-0.0003,-0.048,-0.0111,66.937,67.054,-8.3125,113.1738,-0.0216,0.0,0.0,0.0,-0.03,1428.8,0.0,10.0,270.0,0,75.433,-0.026014028549107004,0.09856397110039856,-0.03,0.08991534918795063,0.5168477553717478,1.0,0.0,-359.7176470754342,9.568617520248164,198.63099999999997,241.885,4.880054104647671,0.03330285526821474,0.16059909476174813,3.5202640709351276,-0.030935294409630387,-6.330299999999966,0.0,-0.05508926942321536,final_approach,-0.6089984838382705,-0.8716968116487891,-8.481960448878455,
75.533,63.96128468,-22.60525279,344.369,244.598,-0.9713,-3.8081,353.6887,-0.0003,-0.048,-0.0111,66.931,67.047,-8.3224,113.1627,-0.0223,0.0,0.0,0.0,-0.03,1428.0,0.0,10.0,270.0,0,75.533,-0.026034086803861267,0.0985681270349121,-0.03,0.08992447376712887,0.5164143908045356,1.0,0.0,-356.5561669410126,9.567024018067135,197.86900000000003,241.098,4.8830892121811065,0.032810891945904516,0.16072119448189243,3.524601976813533,-0.03129078633332938,-6.331300000000056,0.0,-0.055535699475650846,final_approach,-0.6096486949102129,-0.8721403634788558,-8.493193743673494,
75.658,63.96132335,-22.60525281,343.327,243.439,-0.9713,-3.8141,353.6873,-0.0002,-0.048,-0.0112,66.924,67.038,-8.336,113.1475,-0.0233,0.0,0.0,0.0,-0.03,1426.9,0.0,10.0,270.0,0,75.658,-0.026056608865218434,0.0985738820383496,-0.03,0.08993724488393218,0.5158275719555104,1.0,0.0,-352.24536180312634,9.564539388549587,196.827,239.939,4.887198038803905,0.032820845451984715,0.1608828024662881,3.5300264855517622,-0.031798684405629274,-6.332699999999932,0.0,-0.05557790861422134,final_approach,-0.6104735165065414,-0.8726173313702237,-8.508404529439545,
75.758,63.96135429,-22.60525283,342.493,242.561,-0.9713,-3.8188,353.6862,-0.0003,-0.048,-0.0112,66.919,67.031,-8.3469,113.1353,-0.024,0.0,0.0,0.0,-0.03,1426.1,0.0,10.0,270.0,0,75.758,-0.02607723852207461,0.09858192668440469,-0.03,0.08994727663679869,0.5153537670272322,1.0,0.0,-348.7962718542345,9.562355554215445,195.993,239.061,4.890514770281108,0.032878590338659454,0.16100910236767782,3.5343606408366908,-0.03215446184955795,-6.3337999999999965,0.0,-0.055070826012937536,final_approach,-0.6111288274768896,-0.8730681260079471,-8.52068578565215,
75.85,63.96138264,-22.60525284,341.728,241.721,-0.9714,-3.8232,353.6852,-0.0005,-0.048,-0.0112,66.914,67.024,-8.3568,113.1241,-0.0247,0.0,0.0,0.0,-0.03,1425.3,0.0,10.0,270.0,0,75.85,-0.026091164302475434,0.09859004611597472,-0.03,0.0899563943533026,0.5149183206733059,1.0,0.0,-345.63590648808264,9.560762441336026,195.228,238.221,4.893562412983648,0.03291991713464481,0.16113192934015233,3.5383460723707523,-0.03251020544237804,-6.334799999999973,0.0,-0.055005098746934836,final_approach,-0.6117402123102096,-0.8734528621516002,-8.531972716567157,
75.942,63.96141357,-22.60525286,340.891,240.803,-0.9714,-3.828,353.6841,-0.0006,-0.0481,-0.0112,66.908,67.017,-8.3677,113.1119,-0.0255,0.0,0.0,0.0,-0.03,1424.5,0.0,10.0,270.0,0,75.942,-0.026106585684643968,0.09859371935890972,-0.03,0.08996642157672075,0.5144471584744366,1.0,0.0,-342.18793130666853,9.558578996129157,194.39100000000002,237.303,4.896859459845601,0.03340617526066863,0.1612586816766672,3.5423309431297354,-0.03291678729499381,-6.335900000000038,0.0,-0.05593348897942723,final_approach,-0.6123566973508012,-0.8737687624771926,-8.544185404125805,
76.042,63.96144192,-22.60525287,340.124,239.994,-0.9715,-3.8323,353.683,-0.0006,-0.0481,-0.0112,66.903,67.01,-8.3777,113.1007,-0.0262,0.0,0.0,0.0,-0.03,1423.7,0.0,10.0,270.0,0,76.042,-0.026123092153364003,0.098600641196942,-0.03,0.08997644642752967,0.5140104310596294,1.0,0.0,-339.02756593972464,9.5569858830754,193.62400000000002,236.494,4.899915060118292,0.03293114650504162,0.1613819803294084,3.5466613713522444,-0.03327267997804029,-6.336999999999989,0.0,-0.05539408089038387,final_approach,-0.613007634785717,-0.8742127980997907,-8.555505560336153,
76.142,63.96147284,-22.60525289,339.285,239.078,-0.9716,-3.8371,353.6819,-0.0005,-0.0482,-0.0112,66.897,67.003,-8.3885,113.0884,-0.027,0.0,0.0,0.0,-0.03,1422.9,0.0,10.0,270.0,0,76.142,-0.026136930311387585,0.09860636432290874,-0.03,0.08998646890570294,0.5135383888608007,1.0,0.0,-335.5807055257882,9.554802827169864,192.78500000000003,235.578,4.90321726970549,0.032946304732864924,0.16150918760213973,3.550990085541284,-0.03367944030915737,-6.33809999999994,0.0,-0.0558128008094404,final_approach,-0.6136635200566793,-0.8745877244098708,-8.567741168297342,
76.242,63.96150376,-22.6052529,338.446,238.176,-0.9716,-3.8419,353.6808,-0.0004,-0.0484,-0.0112,66.891,66.996,-8.3994,113.0762,-0.0278,0.0,0.0,0.0,-0.03,1422.0,0.0,10.0,270.0,0,76.242,-0.026155270591218804,0.09861249090751938,-0.03,0.0899964890112146,0.5130615123341427,1.0,0.0,-332.1338449408314,9.553109708415134,191.94600000000003,234.676,4.906552850069382,0.033014554550540164,0.16164494387574815,3.5553179463103883,-0.0340862766733494,-6.339200000000005,0.0,-0.056193455281309194,final_approach,-0.6143305557159628,-0.874979316305895,-8.580102214836188,
76.342,63.96153467,-22.60525292,337.606,237.255,-0.9716,-3.8467,353.6797,-0.0004,-0.0484,-0.0113,66.885,66.989,-8.4104,113.0639,-0.0285,0.0,0.0,0.0,-0.03,1421.2,0.0,10.0,270.0,0,76.342,-0.026175920120615703,0.09861691142179028,-0.03,0.09000650674403532,0.5125845392658297,1.0,0.0,-328.68809929437276,9.550927041462812,191.106,233.755,4.909888708166661,0.03307189228758265,0.16177263161450922,3.5596441496508042,-0.034442538082771534,-6.3402999999999565,0.0,-0.056539504801190694,final_approach,-0.6149867869039767,-0.8754307602566254,-8.592465944008582,
76.433,63.96156301,-22.60525294,336.834,236.437,-0.9717,-3.8511,353.6786,-0.0004,-0.0485,-0.0113,66.88,66.982,-8.4204,113.0526,-0.0292,0.0,0.0,0.0,-0.03,1420.4,0.0,10.0,270.0,0,76.433,-0.02618924329223138,0.09862290916843619,-0.03,0.09001652210414035,0.5121496684297541,1.0,0.0,-325.52884886592693,9.548844380385521,190.334,232.937,4.912929809759286,0.033129693376328435,0.1618885503760307,3.5635784204810825,-0.034798746110908496,-6.3414000000000215,0.0,-0.05639455481427847,final_approach,-0.6155833009700551,-0.8757924113792939,-8.603738530540355,
76.558,63.96160165,-22.60525296,335.781,235.3,-0.9717,-3.8572,353.6772,-0.0003,-0.0485,-0.0113,66.873,66.973,-8.4341,113.0372,-0.0302,0.0,0.0,0.0,-0.03,1419.3,0.0,10.0,270.0,0,76.558,-0.026211807048465763,0.09863161687552412,-0.03,0.09002926549443269,0.5115516521348612,1.0,0.0,-321.221388030474,9.546360918075733,189.281,231.8,4.917111412368877,0.033183547959727916,0.16205299413773497,3.568986801329628,-0.03530763766374889,-6.342799999999897,0.0,-0.05635868619479191,final_approach,-0.6164100173146814,-0.8762707238065186,-8.619240504087072,
76.658,63.96163255,-22.60525298,334.937,234.381,-0.9718,-3.862,353.6761,-0.0002,-0.0485,-0.0113,66.867,66.965,-8.445,113.0248,-0.031,0.0,0.0,0.0,-0.03,1418.5,0.0,10.0,270.0,0,76.658,-0.026225662508876035,0.09863752894500749,-0.03,0.09003927546189983,0.5110749965912252,1.0,0.0,-317.776757151493,9.544178640424743,188.437,230.881,4.9204441414071916,0.03320750503029774,0.16218146511912193,3.573308325170441,-0.03571486187425421,-6.343899999999962,0.0,-0.056689714722538614,final_approach,-0.617066746381326,-0.8766462166239357,-8.631596899700991,
76.75,63.96166088,-22.605253,334.162,233.547,-0.9718,-3.8664,353.675,-0.0002,-0.0486,-0.0114,66.862,66.959,-8.4551,113.0135,-0.0317,0.0,0.0,0.0,-0.03,1417.7,0.0,10.0,270.0,0,76.75,-0.026243137760771196,0.09864264739108895,-0.03,0.09004928305656279,0.510638090079225,1.0,0.0,-314.6186214905249,9.542096368300665,187.66199999999998,230.047,4.923498792375357,0.03320670884438816,0.16229809568076803,3.577281604442549,-0.036071320354921,-6.345000000000027,0.0,-0.05647681575567713,final_approach,-0.6176685950470251,-0.877015516122416,-8.64292321489897,
76.842,63.9616892,-22.60525302,333.386,232.708,-0.9718,-3.8708,353.674,-0.0001,-0.0487,-0.0114,66.857,66.952,-8.4651,113.0022,-0.0325,0.0,0.0,0.0,-0.03,1416.9,0.0,10.0,270.0,0,76.842,-0.026257373687030072,0.0986491349496681,-0.03,0.09005837881082457,0.5102019309909449,1.0,0.0,-311.4616005962425,9.540014485477647,186.88600000000002,229.208,4.926548109735901,0.03319638302348282,0.16241489796248507,3.5812534448014737,-0.03647855336296857,-6.346000000000004,0.0,-0.05628327124033447,final_approach,-0.6182705060499458,-0.8773084957444439,-8.654230515815433,
76.942,63.96172009,-22.60525304,332.539,231.786,-0.9718,-3.8757,353.6729,-0.0001,-0.0488,-0.0114,66.851,66.945,-8.4761,112.9898,-0.0332,0.0,0.0,0.0,-0.03,1416.1,0.0,10.0,270.0,0,76.942,-0.026278039532783792,0.09865400876775174,-0.03,0.09006838187551403,0.5097235923143955,1.0,0.0,-308.01808448473935,9.537832596779868,186.039,228.286,4.929892240778433,0.0332372042571237,0.16254406541458175,3.58557033986026,-0.03683532341051432,-6.347099999999955,0.0,-0.05662115567303185,final_approach,-0.618927625012212,-0.8777605031125066,-8.666631771326946,
77.033,63.96174841,-22.60525306,331.762,230.952,-0.9718,-3.8801,353.6718,-0.0001,-0.0488,-0.0114,66.846,66.938,-8.4862,112.9785,-0.034,0.0,0.0,0.0,-0.03,1415.3,0.0,10.0,270.0,0,77.033,-0.026292291336162343,0.09866098259209329,-0.03,0.09007838256732248,0.5092824046322294,1.0,0.0,-304.861063591249,9.535750713957125,185.262,227.452,4.932976617683478,0.033346712164899955,0.16266132841189115,3.589496290714833,-0.03724271825731762,-6.348199999999906,0.0,-0.056468782879574415,final_approach,-0.6195249609106703,-0.8780463524518805,-8.678070331195508,
77.158,63.96178702,-22.60525308,330.7,229.802,-0.9718,-3.8862,353.6704,0.0,-0.0489,-0.0115,66.838,66.929,-8.5,112.963,-0.035,0.0,0.0,0.0,-0.03,1414.2,0.0,10.0,270.0,0,77.158,-0.026314876871475934,0.09866465393724941,-0.03,0.09009110728864089,0.5086842396135063,1.0,0.0,-300.5569470574371,9.53326841902888,184.2,226.302,4.937158470522582,0.03336473058955559,0.16282763522343288,3.594893510573117,-0.03775229250982193,-6.3496000000000095,0.0,-0.0571534389814384,final_approach,-0.6203528580285997,-0.8785254070984561,-8.69357959303068,
77.258,63.96181791,-22.60525311,329.85,228.88,-0.9718,-3.891,353.6692,0.0001,-0.0489,-0.0115,66.833,66.921,-8.511,112.9505,-0.0358,0.0,0.0,0.0,-0.03,1413.4,0.0,10.0,270.0,0,77.258,-0.02633226109685166,0.09867473699308289,-0.03,0.09010201113330085,0.5082012837695316,1.0,0.0,-297.11343111695425,9.530596593180297,183.35000000000002,225.38,4.940534973886799,0.033431447764992045,0.16294927044590096,3.59920545924913,-0.038160068683907866,-6.350799999999936,0.0,-0.0565031263467583,final_approach,-0.620999504077492,-0.8788848892733885,-8.706102428520236,
77.35,63.96184621,-22.60525313,329.069,228.041,-0.9718,-3.8955,353.6682,0.0001,-0.0489,-0.0115,66.827,66.915,-8.5211,112.9391,-0.0365,0.0,0.0,0.0,-0.03,1412.6,0.0,10.0,270.0,0,77.35,-0.026349451744149543,0.09867711010929243,-0.03,0.09011109551327523,0.5077630499312057,1.0,0.0,-293.9586397584194,9.528515488438037,182.56900000000002,224.541,4.943598932448909,0.03341018937319947,0.1630672021960968,3.6031700784428065,-0.03851702270884516,-6.351799999999912,0.0,-0.05729533225199402,final_approach,-0.6216020794711312,-0.8792545310463407,-8.717466248813835,
77.442,63.96187709,-22.60525315,328.216,227.129,-0.9718,-3.9004,353.667,0.0,-0.049,-0.0116,66.822,66.907,-8.5322,112.9267,-0.0373,0.0,0.0,0.0,-0.03,1411.8,0.0,10.0,270.0,0,77.442,-0.026365222117103293,0.0986841214008866,-0.03,0.09012199418052591,0.5072830615670971,1.0,0.0,-290.51623841360174,9.52633398904132,181.716,223.629,4.946955004276468,0.03392166474498361,0.1631976695028526,3.6071345424631778,-0.03892495307238164,-6.3530000000000655,0.0,-0.05702737714607709,final_approach,-0.6222211290340347,-0.8795722488913249,-8.729913513391498,
77.542,63.96190539,-22.60525317,327.434,226.267,-0.9718,-3.9048,353.666,-0.0001,-0.0491,-0.0116,66.816,66.9,-8.5423,112.9153,-0.038,0.0,0.0,0.0,-0.03,1411.0,0.0,10.0,270.0,0,77.542,-0.026384687489440728,0.0986887451565859,-0.03,0.09013107424594424,0.5068396946420028,1.0,0.0,-287.3614470550669,9.524252884299063,180.93400000000003,222.767,4.950055233190428,0.03343510214408534,0.16331606862418874,3.6114423675173866,-0.039282059555290516,-6.354000000000042,0.0,-0.05729761558734255,final_approach,-0.6228630479684192,-0.880000868210681,-8.741411796730228,
77.633,63.96193369,-22.60525319,326.65,225.432,-0.9718,-3.9093,353.6649,-0.0001,-0.0492,-0.0116,66.811,66.894,-8.5525,112.9039,-0.0387,0.0,0.0,0.0,-0.03,1410.2,0.0,10.0,270.0,0,77.633,-0.026401900800301692,0.09869333461422788,-0.03,0.09014106005272593,0.5063997766400795,1.0,0.0,-284.2066556957399,9.52217177973059,180.14999999999998,221.932,4.953131590731393,0.033496939590703205,0.16343469153468593,3.61536021593224,-0.039639238151352174,-6.355099999999993,0.0,-0.05708374643803947,final_approach,-0.6234612508136586,-0.8803635889050625,-8.752821341962274,
77.733,63.96196456,-22.60525322,325.794,224.519,-0.9718,-3.9142,353.6637,-0.0,-0.0492,-0.0116,66.805,66.886,-8.5635,112.8914,-0.0395,0.0,0.0,0.0,-0.03,1409.3,0.0,10.0,270.0,0,77.733,-0.026419292783210147,0.09869953534327673,-0.03,0.09015195095364836,0.5059180952180317,1.0,0.0,-280.7653692902125,9.51950073196249,179.29399999999998,221.019,4.956500329269587,0.033528680555909185,0.1635574539976315,3.6196647606122294,-0.040047436726013075,-6.356299999999919,0.0,-0.05734886039821744,final_approach,-0.6241085376382642,-0.8807233951985864,-8.765314900332475,
77.858,63.96200314,-22.60525325,324.723,223.38,-0.9718,-3.9203,353.6623,-0.0001,-0.0493,-0.0117,66.798,66.877,-8.5774,112.8758,-0.0405,0.0,0.0,0.0,-0.03,1408.3,0.0,10.0,270.0,0,77.858,-0.026441253293294553,0.09870740760893824,-0.03,0.0901646534352738,0.5053135350057915,1.0,0.0,-276.4645972298542,9.516529667265257,178.223,219.88,4.960729011633565,0.03357881028189513,0.16371754920554382,3.6250475177603714,-0.040557807525630096,-6.3577000000000226,0.0,-0.057226236725655855,final_approach,-0.6249266173901304,-0.8811864681680941,-8.780996951861741,
77.958,63.962034,-22.60525327,323.865,222.439,-0.9718,-3.9252,353.6611,-0.0001,-0.0495,-0.0117,66.792,66.87,-8.5885,112.8633,-0.0413,0.0,0.0,0.0,-0.03,1407.4,0.0,10.0,270.0,0,77.958,-0.026459295853234366,0.09871302026696041,-0.03,0.09017553821709756,0.5048292348269571,1.0,0.0,-273.0244254199919,9.514348946123084,177.365,218.939,4.964117038228973,0.03362905289392597,0.1638492790263562,3.629348953937139,-0.04096620946108942,-6.358899999999949,0.0,-0.057478397023324024,final_approach,-0.6255853483404294,-0.8815631886572923,-8.793560643556948,
78.05,63.96206486,-22.6052533,323.005,221.5,-0.9718,-3.9301,353.6599,-0.0002,-0.0495,-0.0117,66.786,66.862,-8.5996,112.8509,-0.0422,0.0,0.0,0.0,-0.03,1406.6,0.0,10.0,270.0,0,78.05,-0.026471492075832825,0.09871741006730812,-0.03,0.09018642017467116,0.5043476360851383,1.0,0.0,-269.5842537819423,9.51167828748226,176.505,218.0,4.967486683269764,0.034128640166662345,0.16397283549983724,3.633304451344383,-0.04142545414126175,-6.3600999999999885,0.0,-0.058181941957962856,final_approach,-0.6261942853080811,-0.8817884603284671,-8.80605531382937,
78.15,63.96209314,-22.60525332,322.216,220.659,-0.9719,-3.9346,353.6589,-0.0001,-0.0496,-0.0117,66.781,66.856,-8.6098,112.8394,-0.0429,0.0,0.0,0.0,-0.03,1405.8,0.0,10.0,270.0,0,78.15,-0.026487105366853003,0.09872303306191967,-0.03,0.09019548631521157,0.503905267496598,1.0,0.0,-266.43169195757076,9.509597961168332,175.716,217.159,4.970582343144541,0.03359996659684522,0.16409262074821057,3.63760269858139,-0.04178307242580104,-6.361099999999965,0.0,-0.05743812905268898,final_approach,-0.6268369384550923,-0.8822174078513108,-8.817533165529758,
78.242,63.96212142,-22.60525335,321.427,219.794,-0.9719,-3.9392,353.6578,-0.0001,-0.0497,-0.0116,66.776,66.849,-8.6201,112.8279,-0.0436,0.0,0.0,0.0,-0.03,1405.0,0.0,10.0,270.0,0,78.242,-0.026503962543646953,0.09872892576296141,-0.03,0.090205456804474,0.503458426390516,1.0,0.0,-263.27913030421973,9.507027697355477,174.92700000000002,216.294,4.973709830619602,0.033665710343496656,0.1642041715697174,3.6415541674234877,-0.042140763609239684,-6.36220000000003,0.0,-0.05715719241945019,final_approach,-0.627429622784863,-0.8825710469001802,-8.829128051469631,
78.333,63.96215227,-22.60525338,320.564,218.859,-0.9719,-3.9441,353.6566,0.0,-0.0497,-0.0116,66.77,66.841,-8.6312,112.8154,-0.0445,0.0,0.0,0.0,-0.03,1404.2,0.0,10.0,270.0,0,78.333,-0.026515878477672228,0.09873403361537066,-0.03,0.09021633099519022,0.5029751423349462,1.0,0.0,-259.8400734336478,9.504357428015984,174.06400000000002,215.359,4.977093033864795,0.034251101559495754,0.16432841126563327,3.6454620052074755,-0.04260030151999672,-6.363399999999956,0.0,-0.05795509001168861,final_approach,-0.6280340764947496,-0.8827891289409511,-8.841669745219416,
78.433,63.96218054,-22.6052534,319.772,218.006,-0.9719,-3.9486,353.6556,0.0001,-0.0497,-0.0116,66.765,66.835,-8.6415,112.804,-0.0452,0.0,0.0,0.0,-0.03,1403.4,0.0,10.0,270.0,0,78.433,-0.026535353255500937,0.09873810294260517,-0.03,0.09022539066328306,0.5025323470494485,1.0,0.0,-256.688626376754,9.502277490829334,173.272,214.506,4.980193433312871,0.03370991704637166,0.1644488390220681,3.6497553490923247,-0.042958131762958374,-6.364399999999932,0.0,-0.057231900010621485,final_approach,-0.6286770176123824,-0.8832181879101206,-8.85316182190235,
78.558,63.96221909,-22.60525344,318.691,216.856,-0.9719,-3.9548,353.6541,0.0001,-0.0498,-0.0116,66.757,66.825,-8.6555,112.7883,-0.0462,0.0,0.0,0.0,-0.03,1402.3,0.0,10.0,270.0,0,78.558,-0.026556969475567516,0.09874195465383918,-0.03,0.0902389764878162,0.5019253338300762,1.0,0.0,-252.39119878984917,9.498817656189052,172.19099999999997,213.356,4.984444732250561,0.033759996122230525,0.16460262324544153,3.6551233630434536,-0.04346932142303217,-6.3659000000000106,0.0,-0.057847181827834486,final_approach,-0.629485117846702,-0.8836650027228661,-8.868917718042365,
78.65,63.96224993,-22.60525347,317.825,217.581,-0.9719,-3.9598,353.653,0.0001,-0.0498,-0.0116,66.752,66.818,-8.6667,112.7758,-0.047,0.0,0.0,0.0,-0.03,1401.4,0.0,10.0,270.0,0,78.65,-0.026571832287859753,0.09875017683999004,-0.03,0.09024893662098665,0.5014385504019708,1.0,0.0,-248.95325668596286,9.496147775802498,171.325,214.081,4.987854940546201,0.03431124368091679,0.1647276385045443,3.6590692608058717,-0.043878362921901726,-6.366999999999962,0.0,-0.05752905857867338,final_approach,-0.6300948827004902,-0.8839670665274895,-8.881554438694492,
78.75,63.96227819,-22.60525349,317.03,217.813,-0.9719,-3.9643,353.6519,0.0002,-0.0499,-0.0116,66.746,66.811,-8.6769,112.7643,-0.0478,0.0,0.0,0.0,-0.03,1400.7,0.0,10.0,270.0,0,78.75,-0.02658864871369887,0.09875356188926886,-0.03,0.09025889438082113,0.5009936868034447,1.0,0.0,-245.8029243965468,9.494068227743119,170.52999999999997,214.313,4.990972269303729,0.03378825099664339,0.164848795920109,3.6633572428618626,-0.04428727972140223,-6.368099999999913,0.0,-0.05775368961697632,final_approach,-0.6307381742106308,-0.8843197706642041,-8.893104199238563,
78.842,63.96230646,-22.60525352,316.234,216.848,-0.9718,-3.9689,353.6508,0.0004,-0.0499,-0.0116,66.741,66.804,-8.6872,112.7529,-0.0486,0.0,0.0,0.0,-0.03,1399.9,0.0,10.0,270.0,0,78.842,-0.02660642441010408,0.09875932451397268,-0.03,0.09026884976729654,0.5005470508147826,1.0,0.0,-242.65147751067346,9.491498353057537,169.73399999999998,213.348,4.994102824076563,0.033828170708859455,0.1649617188673692,3.6672994254528843,-0.044696258028750435,-6.369199999999978,0.0,-0.05744406565969737,final_approach,-0.6313316079716245,-0.8845973520657839,-8.904701231016908,
78.933,63.96233728,-22.60525355,315.365,215.771,-0.9718,-3.9738,353.6497,0.0002,-0.05,-0.0117,66.735,66.797,-8.6984,112.7403,-0.0494,0.0,0.0,0.0,-0.03,1399.0,0.0,10.0,270.0,0,78.933,-0.02662100843660542,0.09876439954187136,-0.03,0.09027880278038791,0.5000598606537575,1.0,0.0,-239.21576494174258,9.488829251099588,168.865,212.271,4.99751860148006,0.03444614482788897,0.16508738051123642,3.6711982354888666,-0.04510558626154193,-6.370300000000043,0.0,-0.05821588386645784,final_approach,-0.6319369056654374,-0.8848922599666462,-8.91735274596224,
79.033,63.96236554,-22.60525358,314.567,214.819,-0.9718,-3.9784,353.6486,0.0003,-0.0501,-0.0117,66.73,66.79,-8.7087,112.7289,-0.0501,0.0,0.0,0.0,-0.03,1398.2,0.0,10.0,270.0,0,79.033,-0.026640127908114375,0.09877015030491734,-0.03,0.09028875342007048,0.4996132399994547,1.0,0.0,-236.0654328233469,9.48625976571534,168.067,211.319,5.000650874490221,0.03392557570684287,0.16520070888064864,3.6754809789253016,-0.04546390823128377,-6.371399999999994,0.0,-0.05746898533313961,final_approach,-0.632569301730161,-0.8853047039212338,-8.928952141407146,
79.158,63.96240406,-22.60525362,313.477,213.504,-0.9717,-3.9846,353.6471,0.0003,-0.0502,-0.0117,66.723,66.781,-8.7227,112.7132,-0.0512,0.0,0.0,0.0,-0.03,1397.2,0.0,10.0,270.0,0,79.158,-0.026662655273605396,0.09877710334499541,-0.03,0.09030231864922722,0.4990065907775689,1.0,0.0,-231.77134953887528,9.48280109845688,166.97699999999998,210.004,5.004906983283761,0.03394612481375601,0.16535629374136807,3.680836011564117,-0.046026620744498814,-6.372899999999959,0.0,-0.057335441211948744,final_approach,-0.6333782953112035,-0.885675322180516,-8.944709938485111,
79.25,63.96243231,-22.60525365,312.677,212.523,-0.9717,-3.9892,353.6461,0.0004,-0.0503,-0.0117,66.717,66.774,-8.733,112.7017,-0.0519,0.0,0.0,0.0,-0.03,1396.4,0.0,10.0,270.0,0,79.25,-0.02667922857046434,0.09878006241198742,-0.03,0.09031135968341109,0.49855873353830077,1.0,0.0,-228.6221321879574,9.480232002025843,166.17700000000002,209.023,5.008050218221607,0.03398270353654628,0.16547008778892566,3.684771362538568,-0.04638514544612349,-6.373900000000049,0.0,-0.05805198212943988,final_approach,-0.6339720988366082,-0.8860293827319978,-8.95634479002845,
79.35,63.96246312,-22.60525368,311.803,211.48,-0.9717,-3.9942,353.6449,0.0003,-0.0504,-0.0118,66.711,66.767,-8.7443,112.6892,-0.0527,0.0,0.0,0.0,-0.03,1395.5,0.0,10.0,270.0,0,79.35,-0.026696636155210063,0.09878348523342917,-0.03,0.0903222063351723,0.4980713345692122,1.0,0.0,-225.18753438571213,9.477563289194894,165.303,207.98,5.011472160738963,0.034022157142715656,0.16559677018392213,3.6890484683484983,-0.046794824705614246,-6.375099999999975,0.0,-0.058229074663127676,final_approach,-0.6346214233165135,-0.8863900131908071,-8.969008586014843,
79.442,63.96249137,-22.60525371,311.001,210.496,-0.9717,-3.9988,353.6438,0.0002,-0.0504,-0.0118,66.706,66.76,-8.7546,112.6777,-0.0535,0.0,0.0,0.0,-0.03,1394.8,0.0,10.0,270.0,0,79.442,-0.026710551377505665,0.09879038915320164,-0.03,0.09033214661789035,0.49762213262262495,1.0,0.0,-222.03831703479418,9.474994192937919,164.50099999999998,206.996,5.0146270718244415,0.03406721625204301,0.16571102408948685,3.692980800595129,-0.047204353422188206,-6.376199999999926,0.0,-0.05787623388347133,final_approach,-0.6352154886594299,-0.8866677127912101,-8.980681538286905,
79.542,63.96252217,-22.60525375,310.125,209.418,-0.9716,-4.0038,353.6426,0.0002,-0.0504,-0.0118,66.7,66.752,-8.7659,112.6652,-0.0543,0.0,0.0,0.0,-0.03,1393.9,0.0,10.0,270.0,0,79.542,-0.026731158696376656,0.09879419208922498,-0.03,0.09034298785566841,0.49713387853086916,1.0,0.0,-218.60483417183914,9.471835931909649,163.625,205.918,5.018057556028343,0.03410682054987149,0.16582958691390967,3.6972538232845364,-0.04761421083588857,-6.377399999999966,0.0,-0.058069303530428225,final_approach,-0.6358536672624453,-0.8870113007747911,-8.993371096518288,
79.642,63.96255297,-22.60525378,309.248,208.388,-0.9716,-4.0088,353.6414,0.0002,-0.0504,-0.0119,66.695,66.745,-8.7772,112.6527,-0.0551,0.0,0.0,0.0,-0.03,1393.0,0.0,10.0,270.0,0,79.642,-0.026748565395650292,0.09880197487547834,-0.03,0.09035382626871535,0.49664426016982904,1.0,0.0,-215.17135113786375,9.469167608032189,162.748,204.888,5.02149903506084,0.03415814884572125,0.1659569853981812,3.701525342413406,-0.048024159202753935,-6.378600000000006,0.0,-0.05733573048221652,final_approach,-0.6365032992142723,-0.8873719865264746,-9.00609804430977,
79.733,63.96258377,-22.60525382,308.37,207.329,-0.9716,-4.0138,353.6403,0.0002,-0.0506,-0.0119,66.689,66.738,-8.7884,112.6402,-0.056,0.0,0.0,0.0,-0.03,1392.2,0.0,10.0,270.0,0,79.733,-0.026759551273885906,0.09880873894196386,-0.03,0.09036375899920102,0.49615325891281975,1.0,0.0,-211.73786827411664,9.466009347003641,161.87,203.829,5.024951708002385,0.034788700854117664,0.16607605612045803,3.7054103033150474,-0.048485064731636385,-6.379699999999957,0.0,-0.058117397341475245,final_approach,-0.6370983521831377,-0.887573856739678,-9.01886293615317,
79.833,63.962612,-22.60525385,307.564,206.334,-0.9716,-4.0184,353.6392,0.0002,-0.0508,-0.0119,66.684,66.731,-8.7987,112.6288,-0.0567,0.0,0.0,0.0,-0.03,1391.4,0.0,10.0,270.0,0,79.833,-0.026778660086201778,0.09881582495824692,-0.03,0.09037368935607992,0.4957036880709655,1.0,0.0,-208.59088045815412,9.463441029001213,161.06400000000002,202.834,5.028114388687094,0.03426171851961213,0.1661911437497941,3.7096780500123097,-0.048844047205960806,-6.380799999999908,0.0,-0.05737945212860998,final_approach,-0.6377313592399751,-0.8879862185688232,-9.030552534027855,
79.958,63.96265049,-22.60525389,306.463,205.007,-0.9716,-4.0248,353.6377,0.0003,-0.0512,-0.0119,66.676,66.721,-8.8128,112.6131,-0.0578,0.0,0.0,0.0,-0.03,1390.3,0.0,10.0,270.0,0,79.958,-0.02679732843851207,0.09881994587502231,-0.03,0.09038722692655032,0.4950919877076389,1.0,0.0,-204.30014147532358,9.459983529124296,159.96300000000002,201.507,5.032419773661917,0.03429194539944095,0.16634919558942254,3.715014707585936,-0.04940773111695762,-6.3822999999999865,0.0,-0.05798132011691494,final_approach,-0.638541510521307,-0.8883571103337573,-9.046460613426504,
80.05,63.96268128,-22.60525393,305.581,203.935,-0.9715,-4.0299,353.6365,0.0003,-0.0513,-0.012,66.671,66.714,-8.824,112.6007,-0.0586,0.0,0.0,0.0,-0.03,1389.5,0.0,10.0,270.0,0,80.05,-0.02681570290260904,0.09882979645259907,-0.03,0.09039805380496979,0.49460168539086774,1.0,0.0,-200.86777337984628,9.456825657223302,159.08100000000002,200.435,5.0358725610281745,0.03483167074275479,0.1664690275705634,3.7189371463524976,-0.049818041773704635,-6.383499999999913,0.0,-0.057651002477823385,final_approach,-0.6391417900027037,-0.8886429806818885,-9.059214004561921,
80.15,63.9627095,-22.60525396,304.772,202.974,-0.9715,-4.0346,353.6354,0.0002,-0.0515,-0.0119,66.665,66.707,-8.8343,112.5892,-0.0594,0.0,0.0,0.0,-0.03,1388.7,0.0,10.0,270.0,0,80.15,-0.026831853220164792,0.098834494357439,-0.03,0.09040797596194339,0.49414990932095637,1.0,0.0,-197.7219003305694,9.454257728347871,158.272,199.474,5.039055549740281,0.034331373472472955,0.16658482998076352,3.723199172196066,-0.05022820117125093,-6.384599999999978,0.0,-0.05786454770711191,final_approach,-0.6397750873967745,-0.8889787641977573,-9.07096724260863,
80.25,63.96274029,-22.605254,303.888,201.907,-0.9715,-4.0397,353.6342,0.0002,-0.0515,-0.0119,66.66,66.7,-8.8456,112.5768,-0.0602,0.0,0.0,0.0,-0.03,1387.8,0.0,10.0,270.0,0,80.25,-0.026848604644711394,0.09884369368454708,-0.03,0.09041879742598335,0.49365726367857843,1.0,0.0,-194.28953223509208,9.451099856446874,157.38799999999998,198.407,5.042528188448601,0.03439720907426027,0.1667051536232145,3.727459023651067,-0.0506386893029287,-6.3858000000000175,0.0,-0.05714958882465624,final_approach,-0.6404140862036698,-0.8893226318448075,-9.08378592627141,
80.342,63.9627685,-22.60525403,303.076,200.924,-0.9715,-4.0444,353.6331,0.0003,-0.0516,-0.0119,66.654,66.693,-8.856,112.5653,-0.061,0.0,0.0,0.0,-0.03,1387.1,0.0,10.0,270.0,0,80.342,-0.026862511386172516,0.09884461395442502,-0.03,0.09042871461972501,0.4932100656718244,1.0,0.0,-191.14477395329303,9.448532316524656,156.57600000000002,197.424,5.045682054266996,0.03437786592854113,0.16682136923820878,3.7313757152817857,-0.05104901961951214,-6.386899999999969,0.0,-0.05788302541371942,final_approach,-0.6410089555533958,-0.8896003294481503,-9.095424088788057,
80.442,63.96279928,-22.60525407,302.19,199.839,-0.9714,-4.0495,353.6319,0.0004,-0.0516,-0.0119,66.649,66.686,-8.8673,112.5529,-0.0619,0.0,0.0,0.0,-0.03,1386.2,0.0,10.0,270.0,0,80.442,-0.026880163885506292,0.09885424003470522,-0.03,0.09043953066927823,0.492716527359504,1.0,0.0,-187.71352062529343,9.445374833750932,155.69,196.339,5.049164540255464,0.03445236492123147,0.16694213692336166,3.735632009923182,-0.05151059096914423,-6.3881000000000085,0.0,-0.05716638673974105,final_approach,-0.6416481344456919,-0.8898675959185596,-9.108270534527756,
80.542,63.96283005,-22.60525411,301.303,198.753,-0.9714,-4.0546,353.6307,0.0004,-0.0517,-0.0119,66.643,66.678,-8.8787,112.5405,-0.0627,0.0,0.0,0.0,-0.03,1385.3,0.0,10.0,270.0,0,80.542,-0.026896908689719334,0.09885872321052804,-0.03,0.09045034389384032,0.4922230140119082,1.0,0.0,-184.2833820639795,9.442217740104207,154.803,195.253,5.052648799965412,0.03451740361760579,0.16706310990996162,3.739886214214435,-0.0519213527909983,-6.389300000000048,0.0,-0.05742398794521888,final_approach,-0.642287346131269,-0.8902113699432714,-9.121118790781406,
80.633,63.96285825,-22.60525415,300.488,197.795,-0.9714,-4.0593,353.6296,0.0004,-0.0518,-0.0119,66.638,66.672,-8.8891,112.5291,-0.0635,0.0,0.0,0.0,-0.03,1384.6,0.0,10.0,270.0,0,80.633,-0.02690986863363326,0.0988634459998504,-0.03,0.09046025353465437,0.49177501183380024,1.0,0.0,-181.13973872147054,9.439160652158732,153.988,194.295,5.055813482818396,0.03456062545603429,0.16717130526941062,3.7437544814775006,-0.05233191781414348,-6.3904,0.0,-0.057198630399745216,final_approach,-0.6428661958293738,-0.8904646061659633,-9.13278437413243,
80.733,63.96288902,-22.60525419,299.599,196.691,-0.9713,-4.0645,353.6284,0.0005,-0.0519,-0.0119,66.632,66.664,-8.9005,112.5166,-0.0643,0.0,0.0,0.0,-0.03,1383.7,0.0,10.0,270.0,0,80.733,-0.02693046906490093,0.0988690310974723,-0.03,0.09047106134456995,0.4912790911204998,1.0,0.0,-177.70960016015658,9.436003558512006,153.099,193.191,5.059318643797323,0.034642456178240764,0.16729276756979256,3.748004576629555,-0.05274288613091471,-6.391599999999926,0.0,-0.057453300363404486,final_approach,-0.6435055848577242,-0.8908083349026263,-9.145700181576688,
80.833,63.96291978,-22.60525423,298.708,195.651,-0.9713,-4.0697,353.6273,0.0005,-0.0519,-0.0119,66.626,66.657,-8.9119,112.5042,-0.0652,0.0,0.0,0.0,-0.03,1382.8,0.0,10.0,270.0,0,80.833,-0.02694396099307328,0.09887251701692941,-0.03,0.09048096602191247,0.4907878576335189,1.0,0.0,-174.28057636632036,9.432846853992553,152.20800000000003,192.151,5.062792784990667,0.034658948804107435,0.16741443707907058,3.7522526717486966,-0.053204843961651704,-6.392699999999991,0.0,-0.05768481851218641,final_approach,-0.6441450193751486,-0.8910754022273544,-9.158496524040146,
80.958,63.96295823,-22.60525428,297.593,194.274,-0.9712,-4.0761,353.6258,0.0007,-0.0519,-0.0119,66.619,66.648,-8.9262,112.4887,-0.0663,0.0,0.0,0.0,-0.03,1381.8,0.0,10.0,270.0,0,80.958,-0.026965813510251013,0.09887900353820692,-0.03,0.09049446857444665,0.4901710314109947,1.0,0.0,-169.9942966244211,9.42890097329986,151.09300000000002,190.774,5.067158215208093,0.03470303095999097,0.16756688792011815,3.757564146606425,-0.05376970079527155,-6.394199999999955,0.0,-0.05753165319290037,final_approach,-0.6449449423404836,-0.8914291295206898,-9.174568245560788,
81.058,63.96298898,-22.60525432,296.7,193.229,-0.9711,-4.0813,353.6246,0.0007,-0.052,-0.0119,66.614,66.64,-8.9376,112.4764,-0.0671,0.0,0.0,0.0,-0.03,1380.9,0.0,10.0,270.0,0,81.058,-0.026986410510528136,0.09888730486464813,-0.03,0.09050526743820186,0.4896768403878811,1.0,0.0,-166.56638759806262,9.425744657907684,150.2,189.729,5.070658257139714,0.03475259568602644,0.16768908964443285,3.761807841748847,-0.0541809157231512,-6.395399999999995,0.0,-0.056846957448086724,final_approach,-0.6455845773179405,-0.8917728549656481,-9.187447734577969,
81.158,63.96301974,-22.60525436,295.806,192.116,-0.9711,-4.0864,353.6234,0.0005,-0.0521,-0.0119,66.608,66.633,-8.9491,112.464,-0.068,0.0,0.0,0.0,-0.03,1380.1,0.0,10.0,270.0,0,81.158,-0.02700019276969079,0.0988918165037494,-0.03,0.09051606347679575,0.48917959748753187,1.0,0.0,-163.1373638042264,9.42258795338823,149.30599999999998,188.616,5.074182250594579,0.03483381882979808,0.16781160300051562,3.7660496425764025,-0.0546431972195478,-6.396600000000035,0.0,-0.057133597680079355,final_approach,-0.6462244070846133,-0.8920400282245389,-9.200409596467113,
81.258,63.96305048,-22.60525441,294.91,191.063,-0.971,-4.0916,353.6222,0.0005,-0.0522,-0.0118,66.602,66.626,-8.9606,112.4517,-0.0688,0.0,0.0,0.0,-0.03,1379.2,0.0,10.0,270.0,0,81.258,-0.027020114856022126,0.09889347318416922,-0.03,0.09052685669020022,0.4886887208074212,1.0,0.0,-159.71056971636602,9.418942089798456,148.41000000000003,187.563,5.077663484175139,0.03483023832576552,0.16792554036539983,3.770288697804354,-0.055054598006506694,-6.397799999999961,0.0,-0.057394179709163565,final_approach,-0.646852643213375,-0.8923663196925968,-9.213208352440137,
81.358,63.96308123,-22.60525445,294.013,189.974,-0.971,-4.0968,353.621,0.0006,-0.0521,-0.0118,66.597,66.618,-8.9721,112.4393,-0.0697,0.0,0.0,0.0,-0.03,1378.4,0.0,10.0,270.0,0,81.358,-0.02703388872206447,0.09889999089946423,-0.03,0.09053764707838996,0.4881947982643424,1.0,0.0,-156.2826606900075,9.415785774406277,147.51299999999998,186.474,5.081168742094783,0.03486729513754329,0.16804851650832542,3.774525920462506,-0.05551707739678591,-6.399000000000001,0.0,-0.05672198155379345,final_approach,-0.647492562364782,-0.8926333285693957,-9.226089432919593,
81.458,63.96311197,-22.60525449,293.115,188.908,-0.9709,-4.102,353.6198,0.0007,-0.0521,-0.0118,66.591,66.611,-8.9836,112.427,-0.0705,0.0,0.0,0.0,-0.03,1377.5,0.0,10.0,270.0,0,81.458,-0.02705448058885057,0.09890303031476357,-0.03,0.09054843464133677,0.48770093284317517,1.0,0.0,-152.85586643112674,9.412629848141371,146.615,185.408,5.084676084226305,0.03490164950048999,0.168171704048717,3.778761337799169,-0.05592866416625952,-6.400200000000041,0.0,-0.05701998323072184,final_approach,-0.648132554475211,-0.8929770290116803,-9.2389719967852,
81.55,63.96314015,-22.60525453,292.291,187.911,-0.9708,-4.1067,353.6188,0.0008,-0.0521,-0.0118,66.586,66.605,-8.9942,112.4157,-0.0713,0.0,0.0,0.0,-0.03,1376.7,0.0,10.0,270.0,0,81.55,-0.0270712789024678,0.09890738954143262,-0.03,0.09055742211893425,0.4872463954094743,1.0,0.0,-149.71445262278118,9.409573538450166,145.791,184.411,5.087906377162198,0.03493668787340246,0.16828194537787092,3.7826550753380155,-0.056340017733191416,-6.401200000000017,0.0,-0.05677705985401148,final_approach,-0.6487169580565393,-0.893237431161598,-9.250831358613611,
81.65,63.96317088,-22.60525458,291.391,186.798,-0.9708,-4.1119,353.6176,0.0007,-0.0522,-0.0118,66.58,66.597,-9.0057,112.4035,-0.0722,0.0,0.0,0.0,-0.03,1375.9,0.0,10.0,270.0,0,81.65,-0.02708437511506684,0.09891089132036067,-0.03,0.09056820450219849,0.4867515838260268,1.0,0.0,-146.28877330239854,9.405928063987666,144.89100000000002,183.298,5.0914253978720785,0.03497894107763613,0.1683968125631865,3.786885906343208,-0.05680272155157695,-6.402399999999943,0.0,-0.05707005441273745,final_approach,-0.6493454839091619,-0.8934869563520955,-9.26374448312606,
81.75,63.96320161,-22.60525462,290.49,185.723,-0.9707,-4.1171,353.6164,0.0008,-0.0522,-0.0118,66.575,66.59,-9.0172,112.3912,-0.073,0.0,0.0,0.0,-0.03,1375.0,0.0,10.0,270.0,0,81.75,-0.0271049606252875,0.09891861167992398,-0.03,0.0905789840601452,0.48625521734636074,1.0,0.0,-142.86309381099542,9.402772526850034,143.99,182.223,5.094958162843894,0.03503705918438968,0.16852070675967684,3.791115023998031,-0.057214580111974556,-6.403599999999983,0.0,-0.05642732219339381,final_approach,-0.6499856906482329,-0.8938305687418904,-9.276701348922769,
81.85,63.96323234,-22.60525467,289.588,184.648,-0.9706,-4.1223,353.6152,0.0008,-0.0523,-0.0118,66.569,66.583,-9.0288,112.379,-0.0739,0.0,0.0,0.0,-0.03,1374.2,0.0,10.0,270.0,0,81.85,-0.02712191285036003,0.09892184547323027,-0.03,0.09058976079274683,0.4857572679744366,1.0,0.0,-139.4374144906128,9.399127052387533,143.08800000000002,181.148,5.098504957819855,0.035108874280259515,0.1686360765091544,3.795341581568953,-0.0576774797398798,-6.404800000000023,0.0,-0.05675211108490398,final_approach,-0.6506143926355961,-0.894080063298679,-9.289702773910772,
81.942,63.9632605,-22.60525471,288.76,183.661,-0.9705,-4.1271,353.6142,0.0009,-0.0523,-0.0118,66.564,66.576,-9.0393,112.3677,-0.0747,0.0,0.0,0.0,-0.03,1373.4,0.0,10.0,270.0,0,81.942,-0.027138696717059707,0.09892820132061933,-0.03,0.09059873924497919,0.4853023375167457,1.0,0.0,-136.29823021722268,9.396071520950873,142.26,180.161,5.1017478097954765,0.035132127073444236,0.16874713481641876,3.799227270455252,-0.05808918487372239,-6.405799999999999,0.0,-0.05653353972146383,final_approach,-0.6511989576897719,-0.8943401774068711,-9.301583863561092,
82.042,63.96329123,-22.60525476,287.855,182.583,-0.9705,-4.1323,353.613,0.0007,-0.0524,-0.0118,66.558,66.569,-9.0509,112.3555,-0.0755,0.0,0.0,0.0,-0.03,1372.5,0.0,10.0,270.0,0,82.042,-0.027154746132475815,0.09893041447207415,-0.03,0.09060951079771262,0.48480674391477774,1.0,0.0,-132.87255089604793,9.392426046488096,141.35500000000002,179.083,5.105283261583874,0.0351691922085317,0.16886298561685675,3.8034494781154207,-0.05850128122014553,-6.406999999999925,0.0,-0.05684867247404485,final_approach,-0.6518277989964254,-0.8946663276624136,-9.31453011185323,
82.142,63.96332194,-22.60525481,286.949,181.504,-0.9704,-4.1375,353.6118,0.0007,-0.0525,-0.0118,66.553,66.562,-9.0625,112.3433,-0.0764,0.0,0.0,0.0,-0.03,1371.7,0.0,10.0,270.0,0,82.142,-0.02717168158598876,0.09893539822368395,-0.03,0.09062027952502794,0.4843128607345622,1.0,0.0,-129.44910111062077,9.388781350280142,140.449,178.004,5.1088094163609785,0.0351845848022848,0.16897898141070147,3.807669211329439,-0.05896446766277563,-6.408199999999965,0.0,-0.05622606588550436,final_approach,-0.6524565504392825,-0.8949154636012651,-9.327435042014676,
82.242,63.96335266,-22.60525485,286.043,180.424,-0.9703,-4.1427,353.6106,0.0008,-0.0525,-0.0118,66.547,66.554,-9.074,112.3312,-0.0773,0.0,0.0,0.0,-0.03,1370.8,0.0,10.0,270.0,0,82.242,-0.027189299373317544,0.0989423975423204,-0.03,0.09063104542689848,0.4838106249777771,1.0,0.0,-126.02453638669542,9.385626202269783,139.543,176.924,5.11239824179238,0.03530186305423875,0.16910410654851077,3.811887391279859,-0.059427719611846896,-6.409400000000005,0.0,-0.05656915080500371,final_approach,-0.6530971353206354,-0.8951823069996596,-9.340561721509266,
82.333,63.96338081,-22.6052549,285.21,179.433,-0.9702,-4.1475,353.6095,0.0007,-0.0526,-0.0118,66.542,66.548,-9.0846,112.32,-0.078,0.0,0.0,0.0,-0.03,1370.1,0.0,10.0,270.0,0,82.333,-0.027208372573362782,0.0989457498575642,-0.03,0.09064091168818245,0.4833587378828841,1.0,0.0,-122.88646705180336,9.38208112280959,138.70999999999998,175.933,5.115629959870361,0.03533711679058672,0.16920720781113655,3.81572252210379,-0.059788729376890615,-6.410499999999956,0.0,-0.056421505726822335,final_approach,-0.653665522470213,-0.8954943594419955,-9.352375529095314,
82.433,63.96341152,-22.60525495,284.301,178.351,-0.9702,-4.1527,353.6084,0.0006,-0.0527,-0.0118,66.537,66.541,-9.0962,112.3079,-0.0789,0.0,0.0,0.0,-0.03,1369.2,0.0,10.0,270.0,0,82.433,-0.027221157025132003,0.09895277911124871,-0.03,0.09065077557526668,0.48286054940063505,1.0,0.0,-119.46301726558407,9.378436426601361,137.801,174.851,5.11919579509134,0.0353906560271195,0.1693239399482407,3.819935841024935,-0.06025216623103802,-6.411599999999908,0.0,-0.05583773247892487,final_approach,-0.6542945147401937,-0.8957434795237642,-9.365403225085208,
82.533,63.96344223,-22.605255,283.391,177.267,-0.9701,-4.158,353.6072,0.0006,-0.0527,-0.0118,66.531,66.533,-9.1078,112.2958,-0.0798,0.0,0.0,0.0,-0.03,1368.4,0.0,10.0,270.0,0,82.533,-0.027238085893671382,0.09895706036001335,-0.03,0.09066153347157246,0.4823606867250317,1.0,0.0,-116.03956748015686,9.374791730393406,136.89100000000002,173.767,5.122776823976853,0.035460594831788504,0.16944092421110335,3.824146813975962,-0.06071570295159745,-6.412800000000061,0.0,-0.05621612043538676,final_approach,-0.654923572575207,-0.8959925475586008,-9.378478361111934,
82.633,63.96347293,-22.60525505,282.48,176.183,-0.9701,-4.1632,353.606,0.0007,-0.0528,-0.0118,66.526,66.526,-9.1194,112.2837,-0.0806,0.0,0.0,0.0,-0.03,1367.5,0.0,10.0,270.0,0,82.633,-0.02725411198572647,0.09896491797696468,-0.03,0.09067228854233389,0.48186083117513334,1.0,0.0,-112.6172324614153,9.371147423312449,135.98000000000002,172.683,5.126361081051989,0.035524257485051294,0.16955810876774957,3.82835546880615,-0.061128311906117005,-6.413999999999987,0.0,-0.055651018577633375,final_approach,-0.655552630928991,-0.8963182493207391,-9.39155703483695,
82.733,63.96350363,-22.6052551,281.567,175.097,-0.97,-4.1685,353.6048,0.0008,-0.0528,-0.0118,66.52,66.519,-9.131,112.2716,-0.0815,0.0,0.0,0.0,-0.03,1366.6,0.0,10.0,270.0,0,82.733,-0.027271031813471958,0.09896765425730271,-0.03,0.0906830407875282,0.4813645187482458,1.0,0.0,-109.19489744346582,9.367503116231768,135.067,171.597,5.129923239232426,0.035540478204936186,0.16967554689239564,3.8325618385993696,-0.06159204295732934,-6.415199999999913,0.0,-0.056046380525120995,final_approach,-0.6561817636174112,-0.8965671365761185,-9.40454674538087,
82.858,63.963542,-22.60525516,280.425,173.738,-0.9699,-4.175,353.6034,0.0009,-0.0529,-0.0118,66.514,66.51,-9.1455,112.2566,-0.0826,0.0,0.0,0.0,-0.03,1365.6,0.0,10.0,270.0,0,82.858,-0.02729186543993045,0.09897872163557868,-0.03,0.09069558150235357,0.48073914584873084,1.0,0.0,-104.91753601161665,9.36307041140618,133.925,170.238,5.134416486328446,0.03560806129880705,0.16982489752815813,3.8378209431295587,-0.062159040391946974,-6.416600000000017,0.0,-0.055314891386473795,final_approach,-0.6569716649191761,-0.8969025493309566,-9.42091968275587,
82.958,63.96357269,-22.60525521,279.509,172.65,-0.9698,-4.1803,353.6022,0.0009,-0.053,-0.0118,66.508,66.503,-9.1571,112.2446,-0.0834,0.0,0.0,0.0,-0.03,1364.7,0.0,10.0,270.0,0,82.958,-0.02731174461702912,0.09898067163554673,-0.03,0.09070632762540032,0.48024473716132143,1.0,0.0,-101.4963157603528,9.359426493452496,133.00900000000001,169.15,5.137972624493437,0.035600281357324744,0.16994285858744906,3.8420224925112048,-0.06257191109440896,-6.417799999999943,0.0,-0.055740810351340334,final_approach,-0.657600938447704,-0.8972281789477972,-9.433868166441304,
83.058,63.96360338,-22.60525526,278.593,171.561,-0.9697,-4.1856,353.601,0.0009,-0.0531,-0.0118,66.503,66.496,-9.1687,112.2325,-0.0843,0.0,0.0,0.0,-0.03,1363.9,0.0,10.0,270.0,0,83.058,-0.027328656033901,0.09898943297610299,-0.03,0.09071707092280268,0.47974326712721965,1.0,0.0,-98.07509550908897,9.355782575498813,132.09300000000002,168.061,5.141583101787608,0.03568436328805579,0.17006107571201431,3.8462218584407024,-0.06303595932209305,-6.418999999999983,0.0,-0.055218918501213965,final_approach,-0.6582303010527184,-0.897476933321979,-9.447005555613906,
83.158,63.96363406,-22.60525532,277.676,170.47,-0.9696,-4.1909,353.5998,0.0008,-0.0532,-0.0117,66.497,66.489,-9.1804,112.2206,-0.0851,0.0,0.0,0.0,-0.03,1363.1,0.0,10.0,270.0,0,83.158,-0.027347844361946427,0.09899293226151364,-0.03,0.09072781139453501,0.47924178433838527,1.0,0.0,-94.65499019711532,9.351649109347811,131.176,166.97,5.145197310263138,0.03576065019926343,0.17017058129224696,3.8504181770417913,-0.06344897373497815,-6.4202000000000226,0.0,-0.05565356227383139,final_approach,-0.658847858162531,-0.8977847153349554,-9.460147336259121,
83.25,63.96366219,-22.60525537,276.834,169.47,-0.9696,-4.1957,353.5987,0.0007,-0.0532,-0.0117,66.493,66.482,-9.191,112.2096,-0.0859,0.0,0.0,0.0,-0.03,1362.3,0.0,10.0,270.0,0,83.25,-0.02736034210360022,0.09900365019818605,-0.03,0.09073765434466252,0.4787822388515722,1.0,0.0,-91.51915039638666,9.348104808141885,130.334,165.97,5.148512526444745,0.035806368248673545,0.1702756681847146,3.8542755894385237,-0.06386172394107348,-6.421299999999974,0.0,-0.05454671669163026,final_approach,-0.6594213600142673,-0.898026603072676,-9.472193727758063,
83.35,63.96369286,-22.60525542,275.914,168.377,-0.9695,-4.201,353.5976,0.0007,-0.0533,-0.0117,66.487,66.475,-9.2027,112.1976,-0.0868,0.0,0.0,0.0,-0.03,1361.5,0.0,10.0,270.0,0,83.35,-0.027376947664273177,0.09900529313563981,-0.03,0.09074749492040357,0.47828501242953975,1.0,0.0,-88.10015968007826,9.344461668442749,129.414,164.877,5.1521031406184425,0.03582299716339106,0.17039451634176098,3.858467455774571,-0.06432601650612924,-6.422399999999925,0.0,-0.055042469719664394,final_approach,-0.6600507024406035,-0.8982749580373177,-9.48523182313712,
83.45,63.96372354,-22.60525547,274.993,167.283,-0.9694,-4.2063,353.5964,0.0007,-0.0534,-0.0117,66.482,66.468,-9.2143,112.1857,-0.0877,0.0,0.0,0.0,-0.03,1360.7,0.0,10.0,270.0,0,83.45,-0.027393846543147693,0.09901393808004344,-0.03,0.09075822738594053,0.4777841887873792,1.0,0.0,-84.68005419708423,9.340818139616617,128.493,163.783,5.155723538966713,0.03588649488327628,0.17051367687955846,3.8626572652766122,-0.06479036846684494,-6.423599999999965,0.0,-0.05458406338150856,final_approach,-0.6606802223079562,-0.8985234901969967,-9.498368447778155,
83.542,63.96375166,-22.60525552,274.148,166.279,-0.9694,-4.2112,353.5953,0.0008,-0.0535,-0.0116,66.477,66.462,-9.225,112.1748,-0.0885,0.0,0.0,0.0,-0.03,1360.0,0.0,10.0,270.0,0,83.542,-0.02740633753533539,0.09902003208223654,-0.03,0.09076806299699713,0.47732337960122284,1.0,0.0,-81.54532916383333,9.337274227363906,127.64800000000002,162.779,5.159058109669686,0.03594630135739084,0.1706193876514043,3.8665087666603597,-0.06520333831528546,-6.42470000000003,0.0,-0.05456258726381759,final_approach,-0.6612538741511997,-0.8987652718823718,-9.51045926971095,
83.642,63.96378232,-22.60525558,273.225,165.183,-0.9693,-4.2165,353.5942,0.0009,-0.0536,-0.0116,66.472,66.455,-9.2367,112.163,-0.0893,0.0,0.0,0.0,-0.03,1359.2,0.0,10.0,270.0,0,83.642,-0.027425215882342202,0.09902676999942889,-0.03,0.09077789623360988,0.4768231456610943,1.0,0.0,-78.12745338602308,9.333141539467173,126.72500000000002,161.683,5.162681757022087,0.03599466338516133,0.1707299734922283,3.870693401454048,-0.06561675445058768,-6.425799999999981,0.0,-0.05414780660347958,final_approach,-0.6618715273319253,-0.899072591208558,-9.523588682071138,
83.742,63.96381299,-22.60525564,272.3,164.086,-0.9692,-4.2218,353.593,0.0009,-0.0538,-0.0116,66.466,66.448,-9.2484,112.1512,-0.0902,0.0,0.0,0.0,-0.03,1358.4,0.0,10.0,270.0,0,83.742,-0.02744141256086874,0.0990290765765503,-0.03,0.09078862069275984,0.47632481696093254,1.0,0.0,-74.70846284073501,9.32900846261723,125.80000000000001,160.586,5.166295586050563,0.036018601201760155,0.17084085469279675,3.8748751755851476,-0.06608134552061529,-6.426999999999907,0.0,-0.05467982418498118,final_approach,-0.6624892449092918,-0.8993030031133635,-9.536672445850751,
83.833,63.9638411,-22.60525569,271.452,163.08,-0.9691,-4.2267,353.5919,0.001,-0.0539,-0.0116,66.462,66.441,-9.2591,112.1404,-0.091,0.0,0.0,0.0,-0.03,1357.7,0.0,10.0,270.0,0,83.833,-0.027457472450108267,0.09903952794793557,-0.03,0.0907984489645709,0.47586266265584104,1.0,0.0,-71.57485257496185,9.325464939491793,124.952,159.58,5.169650692857476,0.0361603852632136,0.1709471770117938,3.878677580660612,-0.06649452642605524,-6.428099999999972,0.0,-0.05370493507325056,final_approach,-0.6630581577373924,-0.8995373350477678,-9.548810378704026,
83.933,63.96387176,-22.60525574,270.526,161.982,-0.969,-4.2321,353.5908,0.001,-0.054,-0.0116,66.456,66.434,-9.2708,112.1287,-0.0919,0.0,0.0,0.0,-0.03,1356.9,0.0,10.0,270.0,0,83.933,-0.027474064364022333,0.0990450933854388,-0.03,0.09080827486188381,0.47535737208715106,1.0,0.0,-68.15697662613118,9.32182218891993,124.02600000000001,158.482,5.173322997051484,0.03625416137602357,0.1710674657744103,3.8828554019691848,-0.06695926161859234,-6.429200000000037,0.0,-0.054277213702954796,final_approach,-0.6636878023149002,-0.8997854760156603,-9.56208562797649,
84.058,63.96391008,-22.60525582,269.366,160.608,-0.9689,-4.2388,353.5893,0.0012,-0.0543,-0.0116,66.45,66.426,-9.2855,112.1141,-0.093,0.0,0.0,0.0,-0.03,1355.9,0.0,10.0,270.0,0,84.058,-0.027493750484637758,0.09905423473799298,-0.03,0.0908216699860609,0.4747302097830093,1.0,0.0,-63.885189373711434,9.316411555080968,122.86599999999999,157.108,5.177887001758205,0.03629714075564827,0.17120241485953377,3.888077139651755,-0.06752753019068791,-6.430700000000002,0.0,-0.05370655791177725,final_approach,-0.6644545209685617,-0.9000840854683769,-9.578569226594414,
84.158,63.96394073,-22.60525588,268.437,159.507,-0.9687,-4.2442,353.5882,0.0014,-0.0543,-0.0116,66.445,66.419,-9.2972,112.1024,-0.0938,0.0,0.0,0.0,-0.03,1355.1,0.0,10.0,270.0,0,84.158,-0.02751646219664916,0.09906273443956513,-0.03,0.0908314902708528,0.4742267061226671,1.0,0.0,-60.46842836337889,9.31227925631151,121.93700000000001,156.007,5.181555985392135,0.036362590019590725,0.171314213419981,3.8922483038615803,-0.06794137203209516,-6.431800000000067,0.0,-0.05336959810162473,final_approach,-0.6650722424330908,-0.9003908641469884,-9.591807989281637,
84.258,63.96397138,-22.60525593,267.506,158.405,-0.9686,-4.2496,353.587,0.0013,-0.0544,-0.0116,66.44,66.412,-9.309,112.0909,-0.0947,0.0,0.0,0.0,-0.03,1354.3,0.0,10.0,270.0,0,84.258,-0.027533328707906035,0.099067808108087,-0.03,0.09084220060063275,0.47372703831618546,1.0,0.0,-57.0516671820259,9.308636895040982,121.00599999999997,154.905,5.185201380943594,0.03637781760209065,0.1714352805834176,3.89641767090705,-0.06840632940708247,-6.432999999999993,0.0,-0.05306327100147315,final_approach,-0.6657019524997096,-0.9006387678569912,-9.604950593628873,
84.358,63.96400203,-22.60525599,266.575,157.308,-0.9685,-4.2551,353.5859,0.0012,-0.0546,-0.0116,66.434,66.405,-9.3207,112.0793,-0.0956,0.0,0.0,0.0,-0.03,1353.6,0.0,10.0,270.0,0,84.358,-0.02754921226639251,0.09907460402895377,-0.03,0.09085201592042003,0.47321952400043593,1.0,0.0,-53.63490617090126,9.304504596271245,120.07499999999999,153.808,5.188908541995119,0.03649344975428245,0.17154758100980072,3.900584370105007,-0.06887142579464012,-6.434099999999944,0.0,-0.0536938827286117,final_approach,-0.6663198275827895,-0.9008686538863664,-9.618304435439256,
84.458,63.96403267,-22.60525605,265.642,156.21,-0.9684,-4.2605,353.5847,0.0013,-0.0547,-0.0116,66.429,66.398,-9.3325,112.0679,-0.0965,0.0,0.0,0.0,-0.03,1352.8,0.0,10.0,270.0,0,84.458,-0.027565378351709247,0.09908072807076108,-0.03,0.09086272083379243,0.47271779970896577,1.0,0.0,-50.21925992804645,9.300372686629062,119.142,152.71,5.192577957476905,0.03652690059821278,0.17166007418631007,3.9047484296232877,-0.06933653041127741,-6.435299999999984,0.0,-0.05335807520782494,final_approach,-0.6669376570042047,-0.9010984584566195,-9.631510797281521,
84.558,63.96406331,-22.60525611,264.708,155.111,-0.9682,-4.2659,353.5835,0.0012,-0.0548,-0.0116,66.424,66.392,-9.3443,112.0564,-0.0973,0.0,0.0,0.0,-0.03,1352.0,0.0,10.0,270.0,0,84.558,-0.02758836504208373,0.0990878420333312,-0.03,0.09087342292118006,0.47221403971931586,1.0,0.0,-46.80361368519157,9.296240777160936,118.20800000000003,151.611,5.1962668813895,0.03658729035283477,0.17177281519523396,3.908909883044067,-0.0697506429399084,-6.436500000000024,0.0,-0.0530527956434727,final_approach,-0.6675555170118912,-0.9014050361209645,-9.644775674030965,
84.65,63.96409139,-22.60525617,263.851,154.103,-0.9681,-4.2709,353.5825,0.0012,-0.0549,-0.0116,66.42,66.385,-9.3552,112.046,-0.0982,0.0,0.0,0.0,-0.03,1351.3,0.0,10.0,270.0,0,84.65,-0.027600718324673146,0.09909546283303783,-0.03,0.0908823391685818,0.47175148884611284,1.0,0.0,-43.67334789287198,9.292208484092452,117.351,150.603,5.199658177780339,0.03663306150931814,0.17187181209113073,3.912734766115116,-0.07021548388684096,-6.4375,0.0,-0.052182383391304175,final_approach,-0.6681173192833718,-0.9015509330392799,-9.656959847105297,
84.75,63.96412203,-22.60525623,262.915,153.002,-0.968,-4.2764,353.5813,0.0012,-0.0552,-0.0116,66.415,66.379,-9.367,112.0347,-0.099,0.0,0.0,0.0,-0.03,1350.5,0.0,10.0,270.0,0,84.75,-0.027619839928942014,0.09910431609499427,-0.03,0.09089303607493926,0.4712441932963107,1.0,0.0,-40.257701650017104,9.288076574624325,116.41500000000002,149.502,5.203382152194787,0.036734175281845,0.17198502533180698,3.916890819427913,-0.07062967719289759,-6.438699999999926,0.0,-0.05198398490118174,final_approach,-0.6687351885561448,-0.9018574021281598,-9.670327557176789,
84.842,63.96415266,-22.60525629,261.977,151.899,-0.9679,-4.2819,353.5802,0.0013,-0.0553,-0.0115,66.41,66.372,-9.3788,112.0234,-0.0999,0.0,0.0,0.0,-0.03,1349.8,0.0,10.0,270.0,0,84.842,-0.02763352096459948,0.09911051578105418,-0.03,0.09090283908983177,0.47074284168728775,1.0,0.0,-36.84317017384792,9.28394505410914,115.47699999999998,148.399,5.207067313777316,0.03728783009452424,0.17209843393196747,3.920712076836742,-0.0710951002739364,-6.439799999999991,0.0,-0.052198879554443606,final_approach,-0.6693155375463782,-0.90203032964674,-9.683543740858012,
84.942,63.96418073,-22.60525635,261.117,150.888,-0.9678,-4.2869,353.5791,0.0014,-0.0554,-0.0115,66.405,66.366,-9.3897,112.0131,-0.1007,0.0,0.0,0.0,-0.03,1349.0,0.0,10.0,270.0,0,84.942,-0.027651295796036812,0.0991154221902626,-0.03,0.0909126397300436,0.47027857736411843,1.0,0.0,-33.714019149006056,9.279913150167925,114.61700000000002,147.388,5.210484202875289,0.03676800690872644,0.17219802532977865,3.924862839113597,-0.07150900602346155,-6.440900000000056,0.0,-0.05199898141312668,final_approach,-0.6699148880099592,-0.9023093654504386,-9.695786838665231,
85.042,63.96421136,-22.60525641,260.178,149.783,-0.9676,-4.2924,353.578,0.0015,-0.0556,-0.0115,66.4,66.359,-9.4016,112.0019,-0.1016,0.0,0.0,0.0,-0.03,1348.3,0.0,10.0,270.0,0,85.042,-0.02767100532409128,0.09912449460741304,-0.03,0.0909224379955571,0.46976742856163134,1.0,0.0,-30.299487673628906,9.275781629827074,113.678,146.283,5.214251044001203,0.0369180743004607,0.17231191034511087,3.9290111540177297,-0.07197456116190892,-6.442000000000007,0.0,-0.05181725583011064,final_approach,-0.6705327638153555,-0.9025385596025188,-9.709271473935415,
85.133,63.96423943,-22.60525647,259.315,148.77,-0.9675,-4.2975,353.5769,0.0015,-0.0556,-0.0115,66.396,66.353,-9.4125,111.9917,-0.1024,0.0,0.0,0.0,-0.03,1347.6,0.0,10.0,270.0,0,85.133,-0.02768631948173972,0.0991314730443637,-0.03,0.09093223388635674,0.46930694800054223,1.0,0.0,-27.17033664878704,9.271749725885861,112.815,145.27,5.217648943673823,0.03698832139071491,0.1724119300501472,3.9327826391517724,-0.07238858046707719,-6.4430999999999585,0.0,-0.05110260020520063,final_approach,-0.6710898805066314,-0.9027538753151472,-9.721424100441414,
85.233,63.96427005,-22.60525654,258.373,147.664,-0.9673,-4.303,353.5758,0.0014,-0.0557,-0.0114,66.391,66.347,-9.4244,111.9807,-0.1033,0.0,0.0,0.0,-0.03,1346.8,0.0,10.0,270.0,0,85.233,-0.027705319511496074,0.09913862548284007,-0.03,0.09094202740242652,0.4688002865475641,1.0,0.0,-23.756920111115924,9.26712865734714,111.87299999999999,144.164,5.2213925579623135,0.03706295830641247,0.17251711862112187,3.936925075550046,-0.07285421813614334,-6.44419999999991,0.0,-0.05100236382290514,final_approach,-0.6716956505550904,-0.902964729327584,-9.734800670528356,
85.358,63.96430832,-22.60525662,257.194,146.281,-0.9672,-4.31,353.5743,0.0013,-0.0559,-0.0114,66.385,66.339,-9.4393,111.9669,-0.1044,0.0,0.0,0.0,-0.03,1345.8,0.0,10.0,270.0,0,85.358,-0.027724917692532047,0.09914888071922343,-0.03,0.0909553783699949,0.4681653812662476,1.0,0.0,-19.49070669529271,9.26171996914427,110.69400000000002,142.781,5.226091164190468,0.03715060689288267,0.1726557551871289,3.9421031904669785,-0.07342362472897435,-6.445699999999988,0.0,-0.050729421657186656,final_approach,-0.6724622757182424,-0.9032614791080658,-9.751570805471701,
85.458,63.96433893,-22.60525668,256.25,145.174,-0.967,-4.3155,353.5732,0.0015,-0.056,-0.0113,66.38,66.332,-9.4512,111.956,-0.1053,0.0,0.0,0.0,-0.03,1345.1,0.0,10.0,270.0,0,85.458,-0.027744603785371802,0.09915834851676719,-0.03,0.09096516627300255,0.4676540244167299,1.0,0.0,-16.07840475487108,9.257589226883907,109.75,141.674,5.229881551386604,0.03727615107096259,0.1727705659524034,3.9462399030939954,-0.07388941909022151,-6.446799999999939,0.0,-0.05066311059745146,final_approach,-0.6730800544877376,-0.9034901657705134,-9.765083926349774,
85.558,63.96436954,-22.60525675,255.304,144.065,-0.9669,-4.3211,353.5721,0.0016,-0.0562,-0.0112,66.376,66.326,-9.4632,111.9451,-0.1062,0.0,0.0,0.0,-0.03,1344.3,0.0,10.0,270.0,0,85.558,-0.02775972416067568,0.09916802788671507,-0.03,0.09097495180122728,0.46714667860748804,1.0,0.0,-12.666102984677686,9.252968547472456,108.804,140.565,5.2336476684917095,0.03734032106764457,0.17287647859502567,3.950373417943185,-0.07435530415233416,-6.447900000000004,0.0,-0.04969373690676527,final_approach,-0.6736857660042475,-0.9037005583776327,-9.778496715412944,
85.65,63.96439759,-22.60525681,254.436,143.048,-0.9667,-4.3263,353.5711,0.0017,-0.0564,-0.0112,66.371,66.32,-9.4741,111.9351,-0.107,0.0,0.0,0.0,-0.03,1343.6,0.0,10.0,270.0,0,85.65,-0.02777885013424347,0.0991739369319225,-0.03,0.09098384567520013,0.4666812101949106,1.0,0.0,-9.53918149479127,9.24893742178579,107.936,139.548,5.237107773298069,0.03738524003165971,0.17297753932554658,3.9541728730794428,-0.07476965259846224,-6.4488999999999805,0.0,-0.05011683592315591,final_approach,-0.6742474015901259,-0.9039221765146017,-9.790807401483727,
85.75,63.9644282,-22.60525688,253.488,141.937,-0.9666,-4.3319,353.5699,0.0016,-0.0565,-0.0111,66.367,66.313,-9.4861,111.9244,-0.1079,0.0,0.0,0.0,-0.03,1342.8,0.0,10.0,270.0,0,85.75,-0.027794247448996334,0.09918565100833106,-0.03,0.09099451573326112,0.4661697744552572,1.0,0.0,-6.126879724597878,9.24431674237434,106.988,138.437,5.24091500653017,0.03749975541321896,0.17308390908481033,3.9583006877443254,-0.0752356116651356,-6.45010000000002,0.0,-0.04919712356649711,final_approach,-0.6748530686858878,-0.9041323902930909,-9.804339425200197,
85.842,63.9644588,-22.60525694,252.539,140.824,-0.9664,-4.3375,353.5688,0.0018,-0.0567,-0.0111,66.362,66.307,-9.4981,111.9136,-0.1088,0.0,0.0,0.0,-0.03,1342.0,0.0,10.0,270.0,0,85.842,-0.027811747744308835,0.0991938660027561,-0.03,0.09100429413703892,0.4656580313581824,1.0,0.0,-2.715692550861879,9.240186389240973,106.03899999999999,137.324,5.2447302916549114,0.038161544592068525,0.1731996438829509,3.9620962662058075,-0.07570170959661482,-6.451199999999972,0.0,-0.04966536925018485,final_approach,-0.6754335673840579,-0.9043045248889676,-9.817885509420439,
85.942,63.96448685,-22.60525701,251.667,139.805,-0.9662,-4.3427,353.5678,0.0018,-0.0569,-0.011,66.358,66.301,-9.5091,111.9039,-0.1096,0.0,0.0,0.0,-0.03,1341.3,0.0,10.0,270.0,0,85.942,-0.027832328886095048,0.09920099411363056,-0.03,0.09101318153420235,0.46519469404933905,1.0,0.0,0.41122876800419994,9.235665326403499,105.167,136.305,5.248189729515223,0.03756701692724391,0.17329217202833685,3.9662184958546214,-0.07611614453770699,-6.452199999999948,0.0,-0.0487866993183416,final_approach,-0.6760203938724949,-0.904563915671039,-9.830155439272536,
86.042,63.96451744,-22.60525707,250.716,138.696,-0.9661,-4.3483,353.5667,0.0018,-0.057,-0.011,66.354,66.295,-9.521,111.8933,-0.1105,0.0,0.0,0.0,-0.03,1340.6,0.0,10.0,270.0,0,86.042,-0.027848122943773812,0.09921579797819333,-0.03,0.09102295540416938,0.46468086358988536,1.0,0.0,3.8213011742624743,9.231535362397404,104.21600000000001,135.196,5.252031844120093,0.037709371780818166,0.17340833174898537,3.9703386007100048,-0.07658231170259455,-6.453299999999899,0.0,-0.04798790847122377,final_approach,-0.6766380652347479,-0.9047918776885293,-9.843768317175025,
86.142,63.96454803,-22.60525714,249.763,137.587,-0.9659,-4.354,353.5656,0.0018,-0.0573,-0.011,66.349,66.289,-9.533,111.8827,-0.1114,0.0,0.0,0.0,-0.03,1339.8,0.0,10.0,270.0,0,86.142,-0.02786706616472112,0.09922332747137215,-0.03,0.091032726899262,0.46417113476305855,1.0,0.0,7.231373409500413,9.226915461240504,103.263,134.087,5.255849267264847,0.037786848391939715,0.17351553808827652,3.9744556925164654,-0.07704856719129793,-6.454399999999964,0.0,-0.04817082588292682,final_approach,-0.6772436176477044,-0.9050014716112802,-9.857278628335962,
86.242,63.96457862,-22.60525721,248.809,136.476,-0.9657,-4.3597,353.5645,0.0018,-0.0576,-0.0109,66.345,66.283,-9.545,111.8723,-0.1122,0.0,0.0,0.0,-0.03,1339.0,0.0,10.0,270.0,0,86.242,-0.027888981734886742,0.09923589132261745,-0.03,0.09104249601946413,0.4636587878637416,1.0,0.0,10.6414456439462,9.222295559909815,102.309,132.976,5.259692379724839,0.0378942277599363,0.1736229846716612,3.9785698053419103,-0.077463592917411,-6.455500000000029,0.0,-0.04742802352993761,final_approach,-0.6778491486254303,-0.9052881159397934,-9.870864517285169,
86.342,63.96460921,-22.60525728,247.854,135.364,-0.9655,-4.3655,353.5634,0.0017,-0.0578,-0.0109,66.34,66.276,-9.5571,111.8618,-0.1131,0.0,0.0,0.0,-0.03,1338.2,0.0,10.0,270.0,0,86.342,-0.027907914020614932,0.09924430457438357,-0.03,0.09105226276475953,0.463143742157788,1.0,0.0,14.05151787918414,9.217675658752913,101.35400000000001,131.864,5.263561965679013,0.0380278330569039,0.1737306723142598,3.9826809732221964,-0.07792996764575832,-6.45659999999998,0.0,-0.047661839572666675,final_approach,-0.6784546630793145,-0.9054974726020308,-9.884528288317007,
86.442,63.96463979,-22.60525735,246.898,134.251,-0.9654,-4.3712,353.5624,0.0017,-0.0579,-0.0108,66.336,66.27,-9.5691,111.8515,-0.114,0.0,0.0,0.0,-0.03,1337.5,0.0,10.0,270.0,0,86.442,-0.02792269758434618,0.09925850344036359,-0.03,0.09106113956323825,0.4626282493157244,1.0,0.0,17.460475346944353,9.213056146723284,100.398,130.751,5.26744125016025,0.03815533501614747,0.17383854534832793,3.986789224512955,-0.07839632551022646,-6.457599999999957,0.0,-0.046965308702428904,final_approach,-0.67906009098078,-0.905706724099197,-9.898210331843448,
86.533,63.96467037,-22.60525742,245.94,133.136,-0.9652,-4.377,353.5613,0.0018,-0.0581,-0.0108,66.332,66.264,-9.5812,111.8412,-0.1149,0.0,0.0,0.0,-0.03,1336.7,0.0,10.0,270.0,0,86.533,-0.02793919822069496,0.09926914311172572,-0.03,0.09107090177458199,0.46211691733661525,1.0,0.0,20.869432814704506,9.208436634519593,99.44,129.636,5.271295572295133,0.038855310562693104,0.17394666085644403,3.9905251100032024,-0.07886276926527103,-6.458699999999908,0.0,-0.046691739180034796,final_approach,-0.6796238230728591,-0.905853108648623,-9.911788341617974,
86.633,63.9646984,-22.60525749,245.061,132.114,-0.965,-4.3823,353.5603,0.0019,-0.0583,-0.0107,66.328,66.259,-9.5923,111.8318,-0.1157,0.0,0.0,0.0,-0.03,1336.0,0.0,10.0,270.0,0,86.633,-0.02795972563436211,0.0992786766435748,-0.03,0.09107977445126281,0.46164582319524433,1.0,0.0,23.994124599407222,9.20391634993639,98.561,128.614,5.2748522593038505,0.03830723715010649,0.17404056678632007,3.994627416315157,-0.07927758763113957,-6.459699999999998,0.0,-0.04608339925456882,final_approach,-0.6802102049928003,-0.9061112507709801,-9.924303568954365,
86.733,63.96472898,-22.60525756,244.101,130.997,-0.9648,-4.3881,353.5592,0.0019,-0.0585,-0.0106,66.323,66.253,-9.6045,111.8216,-0.1166,0.0,0.0,0.0,-0.03,1335.2,0.0,10.0,270.0,0,86.733,-0.027978635176270694,0.09928623024688792,-0.03,0.09108953212860216,0.46112965102986225,1.0,0.0,27.403082066375344,9.199296837907037,97.601,127.49700000000001,5.27875560222829,0.03842826916582032,0.17414914323262684,3.9987269059173696,-0.07974414129242291,-6.460800000000063,0.0,-0.046439453867798235,final_approach,-0.6808155657024173,-0.9063201056605763,-9.938022693122367,
86.858,63.9647672,-22.60525765,242.9,129.6,-0.9646,-4.3954,353.5579,0.002,-0.0587,-0.0106,66.318,66.245,-9.6197,111.809,-0.1176,0.0,0.0,0.0,-0.03,1334.2,0.0,10.0,270.0,0,86.858,-0.02800368907282852,0.09930410409305497,-0.03,0.09110106086713854,0.46047855958063805,1.0,0.0,31.663721474581614,9.19340015801539,96.4,126.1,5.283688781491072,0.038601129988559336,0.17428285779742356,4.003850901034059,-0.08026331678186693,-6.462099999999964,0.0,-0.04585404897072236,final_approach,-0.6815695845835492,-0.9066734601488662,-9.955337340096703,
86.95,63.96479522,-22.60525772,242.017,128.574,-0.9644,-4.4008,353.5569,0.002,-0.0587,-0.0105,66.314,66.24,-9.6309,111.7998,-0.1184,0.0,0.0,0.0,-0.03,1333.5,0.0,10.0,270.0,0,86.95,-0.028022039475924743,0.09931137644221844,-0.03,0.09110992687032793,0.46000920943129825,1.0,0.0,34.78729849180654,9.1888802623854,95.517,125.07400000000001,5.287251656362664,0.03862209178682955,0.17437739039602504,4.007615144853989,-0.08067826380909082,-6.46309999999994,0.0,-0.04563806823425841,final_approach,-0.6821186439432978,-0.9068752503786026,-9.967825579056857,
87.05,63.96482578,-22.6052578,241.054,127.453,-0.9642,-4.4066,353.5559,0.002,-0.0588,-0.0105,66.31,66.234,-9.6431,111.7898,-0.1193,0.0,0.0,0.0,-0.03,1332.8,0.0,10.0,270.0,0,87.05,-0.028039923170845804,0.09932574496592406,-0.03,0.0911187909107023,0.4594871402511278,1.0,0.0,38.19402625359091,9.18377159128545,94.554,123.953,5.291221422065964,0.038801352661190905,0.17447731394808175,4.011704159099283,-0.0811449694070916,-6.464099999999917,0.0,-0.04512551657659029,final_approach,-0.6827114363960831,-0.9070649649247304,-9.981723192097988,
87.142,63.9648538,-22.60525786,240.169,126.425,-0.964,-4.412,353.5549,0.0021,-0.0589,-0.0104,66.306,66.228,-9.6544,111.7807,-0.1201,0.0,0.0,0.0,-0.03,1332.1,0.0,10.0,270.0,0,87.142,-0.02805897473564345,0.09933311377995385,-0.03,0.09112765298825232,0.4590142105927798,1.0,0.0,41.3176034418363,9.179741633154388,93.66900000000001,122.925,5.294823698572466,0.038860323787409216,0.17458157071798086,4.015463104184099,-0.08156000518562223,-6.465100000000007,0.0,-0.04497576605777471,final_approach,-0.6832726868325487,-0.9072849641265552,-9.994318803869977,
87.233,63.96488436,-22.60525794,239.203,125.3,-0.9638,-4.4178,353.5539,0.002,-0.0591,-0.0104,66.302,66.222,-9.6666,111.7709,-0.121,0.0,0.0,0.0,-0.03,1331.3,0.0,10.0,270.0,0,87.233,-0.028074443556059148,0.09934680531281524,-0.03,0.09113651310296511,0.45849404442222175,1.0,0.0,44.7243312036206,9.174632961880375,92.703,121.8,5.298792624519717,0.03965269829766038,0.17468194225209455,4.019178922846348,-0.08202675842071017,-6.466099999999983,0.0,-0.04488306404851679,final_approach,-0.683823959644613,-0.9074121348013744,-10.008179240966829,
87.333,63.96491238,-22.60525801,238.316,124.269,-0.9636,-4.4232,353.5529,0.0021,-0.0593,-0.0103,66.299,66.217,-9.6779,111.7619,-0.1218,0.0,0.0,0.0,-0.03,1330.6,0.0,10.0,270.0,0,87.333,-0.02809491504985967,0.09935990675594479,-0.03,0.09114537125483146,0.45801732785360527,1.0,0.0,47.84790822084559,9.170113066424445,91.816,120.769,5.302436405882849,0.03911688418660369,0.17477730023216304,4.0232593897934095,-0.08244188029959787,-6.467099999999959,0.0,-0.04353005822592461,final_approach,-0.6844097784429977,-0.9076689701267213,-10.020888197170313,
87.458,63.96495057,-22.6052581,237.106,122.861,-0.9633,-4.4306,353.5516,0.0022,-0.0596,-0.0102,66.294,66.21,-9.6933,111.7498,-0.1228,0.0,0.0,0.0,-0.03,1329.6,0.0,10.0,270.0,0,87.458,-0.028123774028790127,0.09937760223342867,-0.03,0.09115688391778543,0.457360855216187,1.0,0.0,52.105203326618685,9.16421755391462,90.606,119.361,5.307464277504312,0.0393012323174539,0.17491264444370608,4.028359889558067,-0.08296135556525996,-6.468399999999974,0.0,-0.04320914384175667,final_approach,-0.6851632800485312,-0.9080210919003857,-10.038399275442748,
87.558,63.96498112,-22.60525818,236.136,121.734,-0.9631,-4.4366,353.5506,0.0022,-0.0598,-0.0102,66.29,66.204,-9.7057,111.7401,-0.1237,0.0,0.0,0.0,-0.03,1328.8,0.0,10.0,270.0,0,87.558,-0.02814162377128182,0.09938895216860111,-0.03,0.09116573755506552,0.4568390067585007,1.0,0.0,55.51081632092533,9.159109271941942,89.636,118.234,5.311469557301752,0.03942649326027718,0.17501369560102367,4.032433392819643,-0.0834283039882564,-6.4693999999999505,0.0,-0.04291740349249728,final_approach,-0.6857557990249852,-0.9082100280758194,-10.052327624357684,
87.65,63.96500913,-22.60525825,235.245,120.699,-0.9629,-4.442,353.5497,0.0021,-0.06,-0.0101,66.286,66.199,-9.717,111.7313,-0.1245,0.0,0.0,0.0,-0.03,1328.1,0.0,10.0,270.0,0,87.65,-0.028159645817744328,0.09939803857992174,-0.03,0.0911737041503552,0.4563634608120706,1.0,0.0,58.63327857067259,9.154589765613286,88.745,117.199,5.315126090240808,0.039479564925332306,0.17510968519486683,4.036177354786257,-0.08384353889275076,-6.470299999999952,0.0,-0.042968390526781065,final_approach,-0.686304478081901,-0.9084108107627227,-10.065026611174337,
87.75,63.96503968,-22.60525833,234.273,119.57,-0.9627,-4.448,353.5487,0.002,-0.0602,-0.01,66.282,66.193,-9.7294,111.7218,-0.1253,0.0,0.0,0.0,-0.03,1327.4,0.0,10.0,270.0,0,87.75,-0.02818046185974188,0.09941240802026835,-0.03,0.09118255405815368,0.4558355765082179,1.0,0.0,62.03889156497917,9.149481483466547,87.773,116.07,5.319192559630396,0.039677086420424695,0.17521118110988493,4.040244548381291,-0.08425924182125755,-6.471299999999928,0.0,-0.04269853684253289,final_approach,-0.6868968676860838,-0.9086766565596989,-10.079130537306964,
87.85,63.96507022,-22.60525841,233.299,118.444,-0.9625,-4.454,353.5477,0.002,-0.0603,-0.01,66.278,66.188,-9.7418,111.7124,-0.1261,0.0,0.0,0.0,-0.03,1326.6,0.0,10.0,270.0,0,87.85,-0.028201267347250814,0.09942369522264025,-0.03,0.09119140200305265,0.45531458177359485,1.0,0.0,65.44338979260016,9.144373590620868,86.799,114.944,5.3232137900365615,0.03976628936062944,0.17531285041358893,4.044308351594712,-0.08467495755149912,-6.472299999999905,0.0,-0.042453215311385274,final_approach,-0.6874891015382651,-0.9089422482495095,-10.093057985613008,
87.942,63.96509822,-22.60525848,232.406,117.412,-0.9624,-4.4595,353.5468,0.002,-0.0604,-0.01,66.275,66.183,-9.7532,111.7038,-0.1269,0.0,0.0,0.0,-0.03,1325.9,0.0,10.0,270.0,0,87.942,-0.028215409548612125,0.0994408516516375,-0.03,0.09119936347517454,0.45482680657666147,1.0,0.0,68.5647372748697,9.139854473419483,85.906,113.912,5.326985761380502,0.03997185588737391,0.1754094142186387,4.048043472091269,-0.08509027707501104,-6.473199999999906,0.0,-0.04155825897872985,final_approach,-0.6880375348288474,-0.9091425327969436,-10.10610429992714,
88.033,63.96512876,-22.60525856,231.43,116.284,-0.9622,-4.4655,353.5458,0.0019,-0.0605,-0.0099,66.271,66.177,-9.7657,111.6945,-0.1278,0.0,0.0,0.0,-0.03,1325.1,0.0,10.0,270.0,0,88.033,-0.028230832724131183,0.09945362790324584,-0.03,0.09120820769053783,0.45429937005256615,1.0,0.0,71.9692355016986,9.13474658057408,84.93,112.784,5.331072302314063,0.040794387110468594,0.17551153232920827,4.05173595633455,-0.0855573678769872,-6.474199999999996,0.0,-0.04177623943121747,final_approach,-0.688588462602322,-0.9092686747498249,-10.12021900251936,
88.133,63.96515675,-22.60525863,230.534,115.249,-0.962,-4.471,353.5449,0.002,-0.0607,-0.0099,66.268,66.172,-9.7772,111.686,-0.1285,0.0,0.0,0.0,-0.03,1324.4,0.0,10.0,270.0,0,88.133,-0.028253929512872422,0.09946648688658351,-0.03,0.09121616580606051,0.45381757725140426,1.0,0.0,75.08946821649037,9.130227852325907,84.03399999999999,111.749,5.334812429777286,0.04022886836409538,0.17560845762005597,4.055791015575441,-0.08592146212333773,-6.475099999999998,0.0,-0.04070567221019796,final_approach,-0.6891734660245277,-0.9096010563853909,-10.13311918453991,
88.258,63.96519492,-22.60525873,229.311,113.835,-0.9617,-4.4786,353.5436,0.0022,-0.061,-0.0098,66.263,66.165,-9.7928,111.6745,-0.1296,0.0,0.0,0.0,-0.03,1323.4,0.0,10.0,270.0,0,88.258,-0.028279022133121057,0.09948549266179538,-0.03,0.09122765805481381,0.45315337847563925,1.0,0.0,79.34453361707976,9.123843180919545,82.811,110.335,5.339980034649206,0.04041419679930589,0.17573667734346696,4.060858971011809,-0.0864926164105384,-6.476400000000012,0.0,-0.04064152019108575,final_approach,-0.6899139111330079,-0.909855772121368,-10.150914341479492,
88.35,63.96522291,-22.60525881,228.413,112.797,-0.9615,-4.4842,353.5427,0.0022,-0.0613,-0.0098,66.26,66.16,-9.8043,111.6662,-0.1303,0.0,0.0,0.0,-0.03,1322.7,0.0,10.0,270.0,0,88.35,-0.028299253331599605,0.09950224173030986,-0.03,0.0912356122837088,0.45266378498244686,1.0,0.0,82.46476616085118,9.118834515520566,81.91300000000001,109.297,5.343797798408528,0.040594736027179265,0.17582463294565132,4.064581536398373,-0.08685672730140936,-6.477300000000014,0.0,-0.039911263414821194,final_approach,-0.6904495999700693,-0.9101139286077675,-10.164039721676964,
88.45,63.96525344,-22.60525889,227.432,111.663,-0.9613,-4.4903,353.5418,0.0021,-0.0616,-0.0097,66.257,66.155,-9.8169,111.6572,-0.1312,0.0,0.0,0.0,-0.03,1321.9,0.0,10.0,270.0,0,88.45,-0.0283167544288756,0.09952043104967227,-0.03,0.09124356492260743,0.4521303491196428,1.0,0.0,85.8681496202023,9.113727011628374,80.93199999999999,108.163,5.347965880744966,0.0407757505833789,0.17592764697716817,4.068625695974762,-0.08732394160421109,-6.478200000000015,0.0,-0.03901023946801914,final_approach,-0.6910413785212555,-0.9103013479045998,-10.178348493123426,
88.542,63.96528143,-22.60525896,226.531,110.629,-0.9611,-4.4959,353.5409,0.0021,-0.0617,-0.0097,66.253,66.15,-9.8284,111.649,-0.1319,0.0,0.0,0.0,-0.03,1321.2,0.0,10.0,270.0,0,88.542,-0.028337699027305263,0.09953216333156137,-0.03,0.09125151597150294,0.4516437929986467,1.0,0.0,88.98838233499411,9.109208283554263,80.031,107.129,5.351775431483601,0.04088115218657427,0.17602546451675882,4.072342919909315,-0.08768811007678323,-6.479100000000017,0.0,-0.03941642323180094,final_approach,-0.691589434508515,-0.9105780244997845,-10.191407142118603,
88.633,63.96531195,-22.60525905,225.548,109.501,-0.9609,-4.5021,353.5399,0.002,-0.062,-0.0096,66.25,66.145,-9.841,111.6401,-0.1327,0.0,0.0,0.0,-0.03,1320.5,0.0,10.0,270.0,0,88.633,-0.028355339834556514,0.09955277575291781,-0.03,0.09126034860544874,0.45110572659704884,1.0,0.0,92.39065085663925,9.103611231638261,79.048,106.001,5.355997026489755,0.04179948580777565,0.1761193991545332,4.076017011708652,-0.0881040805287796,-6.480099999999993,0.0,-0.038830115025913256,final_approach,-0.6921275156459679,-0.9107617515663744,-10.205856533683944,
88.733,63.96533993,-22.60525912,224.645,108.465,-0.9607,-4.5077,353.539,0.0019,-0.0622,-0.0096,66.247,66.14,-9.8526,111.632,-0.1335,0.0,0.0,0.0,-0.03,1319.7,0.0,10.0,270.0,0,88.733,-0.028375409304448262,0.09956808465658856,-0.03,0.09126829629764843,0.45061652728667234,1.0,0.0,95.50976880395336,9.099092892691424,78.14500000000001,104.965,5.359843276987365,0.041243322335829904,0.17621757572036073,4.080052045908326,-0.08851962625922738,-6.4809999999999945,0.0,-0.03802737729628465,final_approach,-0.6927118979215514,-0.9110157817112423,-10.219001230604267,
88.833,63.96537045,-22.6052592,223.659,107.334,-0.9606,-4.5139,353.5381,0.0019,-0.0626,-0.0095,66.243,66.135,-9.8653,111.6232,-0.1343,0.0,0.0,0.0,-0.03,1319.0,0.0,10.0,270.0,0,88.833,-0.028392004993525177,0.09958304117055343,-0.03,0.09127624239982368,0.4500791951231958,1.0,0.0,98.9120374966189,9.093985778100292,77.15899999999999,103.834,5.364076919507037,0.041425506145977654,0.17632143808206757,4.084084016230172,-0.08893566458988289,-6.481899999999996,0.0,-0.038206706632990695,final_approach,-0.6933034120916091,-0.9112798008021663,-10.233447661453505,
88.958,63.9654086,-22.60525931,222.425,105.919,-0.9603,-4.5217,353.5369,0.0021,-0.0628,-0.0095,66.239,66.129,-9.8812,111.6124,-0.1353,0.0,0.0,0.0,-0.03,1318.0,0.0,10.0,270.0,0,88.958,-0.028419003435191603,0.0996080490572951,-0.03,0.09128683472934052,0.4494017621156527,1.0,0.0,103.16487319123239,9.087111947449543,75.92500000000001,102.419,5.369427955801428,0.041655970180836846,0.1764420898969284,4.089122260732996,-0.08945568029059814,-6.483099999999922,0.0,-0.0376424605754393,final_approach,-0.6940305392231352,-0.911591417833975,-10.251673443605965,
89.058,63.96543912,-22.60525939,221.436,104.785,-0.9601,-4.528,353.5359,0.0022,-0.0631,-0.0094,66.236,66.123,-9.894,111.6038,-0.1362,0.0,0.0,0.0,-0.03,1317.2,0.0,10.0,270.0,0,89.058,-0.02843674721358419,0.09962734076785965,-0.03,0.09129565951129182,0.4488603774179183,1.0,0.0,106.56714188310585,9.082004832858686,74.936,101.285,5.37371535234246,0.04185896938574963,0.1765464811688085,4.0931465013141,-0.08992307874419225,-6.4840999999998985,0.0,-0.03694769143221742,final_approach,-0.6946218740810153,-0.9117778905272136,-10.266249220304596,
89.158,63.96546963,-22.60525948,220.446,103.65,-0.9599,-4.5343,353.535,0.0021,-0.0635,-0.0093,66.233,66.118,-9.9068,111.5953,-0.137,0.0,0.0,0.0,-0.03,1316.4,0.0,10.0,270.0,0,89.158,-0.028456447480889935,0.09964764840407872,-0.03,0.09130360013666516,0.4483171453561297,1.0,0.0,109.96829563727327,9.076408170069957,73.946,100.15,5.378027339505329,0.04206911975957373,0.17664151948379822,4.097166831591433,-0.09033914376226448,-6.4849999999999,0.0,-0.03631608312019791,final_approach,-0.6952004640698952,-0.9120224225751041,-10.280883989177605,
89.25,63.9654976,-22.60525956,219.537,102.608,-0.9597,-4.5401,353.5341,0.0022,-0.0638,-0.0093,66.23,66.114,-9.9185,111.5875,-0.1377,0.0,0.0,0.0,-0.03,1315.7,0.0,10.0,270.0,0,89.25,-0.02847661004756391,0.0996658090777744,-0.03,0.09131153917198465,0.4478196166317421,1.0,0.0,113.08629864608923,9.071400282925525,73.037,99.108,5.38198541062302,0.04222801849111443,0.17673123215623773,4.100861459999593,-0.09070348232765468,-6.485899999999901,0.0,-0.03597904789583225,final_approach,-0.6957353015443211,-0.9122789516066288,-10.294295707845032,
89.35,63.96552811,-22.60525964,218.545,101.471,-0.9595,-4.5465,353.5332,0.0021,-0.0642,-0.0093,66.227,66.109,-9.9314,111.5792,-0.1385,0.0,0.0,0.0,-0.03,1314.9,0.0,10.0,270.0,0,89.35,-0.028497030605990514,0.09968897423816009,-0.03,0.09131947661724349,0.44726721080881154,1.0,0.0,116.48745257127706,9.066293557461666,72.04499999999999,97.971,5.386390101874252,0.04253116749464818,0.17683625137647715,4.104875546937242,-0.0911195400848328,-6.486799999999903,0.0,-0.03543549808712049,final_approach,-0.6963263130274946,-0.9125421827760078,-10.309196003131508,
89.45,63.96555861,-22.60525973,217.551,100.332,-0.9593,-4.5529,353.5323,0.0022,-0.0646,-0.0092,66.224,66.104,-9.9443,111.5709,-0.1393,0.0,0.0,0.0,-0.03,1314.2,0.0,10.0,270.0,0,89.45,-0.02851670533722772,0.09970895439401081,-0.03,0.09132741247243559,0.4467219398809131,1.0,0.0,119.88749155796677,9.060697283800211,71.05099999999999,96.832,5.3907483980842885,0.04270646659560087,0.1769318872871693,4.108885817176168,-0.09153565973741706,-6.487699999999904,0.0,-0.03494136189738213,final_approach,-0.6969045503582905,-0.9127861006979199,-10.323913499041334,
89.542,63.96558912,-22.60525982,216.556,99.192,-0.959,-4.5593,353.5314,0.0022,-0.0649,-0.0092,66.22,66.099,-9.9573,111.5626,-0.1402,0.0,0.0,0.0,-0.03,1313.4,0.0,10.0,270.0,0,89.542,-0.028535150235390272,0.09972760258765406,-0.03,0.09133534673755439,0.4461679005347029,1.0,0.0,123.2886453113421,9.055100621011757,70.05600000000001,95.692,5.395187595835493,0.04363074707460298,0.1770278048280385,4.1125717920476745,-0.09200319873349372,-6.488599999999906,0.0,-0.03571744362213093,final_approach,-0.6974465695857752,-0.912898161520241,-10.338877577072497,
89.642,63.96561708,-22.6052599,215.642,98.146,-0.9588,-4.5653,353.5305,0.0022,-0.0652,-0.0091,66.218,66.095,-9.9692,111.5552,-0.1409,0.0,0.0,0.0,-0.03,1312.7,0.0,10.0,270.0,0,89.642,-0.028557391570040835,0.09974809336027067,-0.03,0.09134327941259346,0.4456674557035133,1.0,0.0,126.40553355347242,9.050093122994323,69.142,94.646,5.399206858377372,0.0430577267986351,0.17711827726543333,4.1165750471340585,-0.09236750093637625,-6.489499999999907,0.0,-0.034288585111023985,final_approach,-0.6980172213293727,-0.913208628661943,-10.352402781334618,
89.742,63.96564758,-22.60525999,214.645,97.004,-0.9586,-4.5718,353.5296,0.0022,-0.0655,-0.009,66.215,66.09,-9.9823,111.5471,-0.1417,0.0,0.0,0.0,-0.03,1311.9,0.0,10.0,270.0,0,89.742,-0.028577040717727265,0.09977248932695568,-0.03,0.09135121049754669,0.44510639496985627,1.0,0.0,129.80557254016213,9.044496849332866,68.14500000000001,93.504,5.403723789277474,0.043409657165698,0.17721456546351866,4.12057458685663,-0.09278367245670438,-6.490399999999909,0.0,-0.0338987137372944,final_approach,-0.698595102321125,-0.9134519312569314,-10.367576076046449,
89.833,63.96567554,-22.60526007,213.729,95.956,-0.9584,-4.5777,353.5288,0.0023,-0.0658,-0.009,66.212,66.086,-9.9943,111.5398,-0.1424,0.0,0.0,0.0,-0.03,1311.1,0.0,10.0,270.0,0,89.833,-0.028596619288564495,0.09979141208784849,-0.03,0.09135825901594652,0.44459797630972103,1.0,0.0,132.92246078150035,9.03948935131571,67.22900000000001,92.456,5.407826929176351,0.04368962254445051,0.1773054390230424,4.124210305560928,-0.09314801147155549,-6.491199999999935,0.0,-0.033814015485452764,final_approach,-0.6991248136891635,-0.9137007444651974,-10.381334802433813,
89.958,63.96571366,-22.60526018,212.479,94.526,-0.9581,-4.586,353.5277,0.0023,-0.0661,-0.0089,66.209,66.08,-10.0108,111.5299,-0.1434,0.0,0.0,0.0,-0.03,1310.2,0.0,10.0,270.0,0,89.958,-0.028623229813982798,0.0998241784403821,-0.03,0.09136794867732334,0.4438943287986427,1.0,0.0,137.17195217368072,9.032616688220843,65.97900000000001,91.026,5.413521563498773,0.04400086455027173,0.17742875184777607,4.1292046899353965,-0.09366822936809172,-6.4923,0.0,-0.0329218322595026,final_approach,-0.6998504766571649,-0.9140098490108812,-10.400391152754887,
90.058,63.96574415,-22.60526027,211.477,93.38,-0.9579,-4.5925,353.5268,0.0024,-0.0664,-0.0089,66.206,66.075,-10.024,111.5221,-0.1442,0.0,0.0,0.0,-0.03,1309.4,0.0,10.0,270.0,0,90.058,-0.028642855648454535,0.09984654452047967,-0.03,0.09137587481530263,0.4433350670615144,1.0,0.0,140.5708763928927,9.02702080368666,64.977,89.88,5.418061042742311,0.04423318586445512,0.17752569792784015,4.133193244095063,-0.09408439046043782,-6.493200000000002,0.0,-0.03265621114500223,final_approach,-0.7004279795783113,-0.9142525970826441,-10.415549233165216,
90.15,63.9657721,-22.60526035,210.557,92.328,-0.9577,-4.5986,353.526,0.0025,-0.0669,-0.0088,66.203,66.071,-10.0361,111.515,-0.1449,0.0,0.0,0.0,-0.03,1308.6,0.0,10.0,270.0,0,90.15,-0.028662672869100403,0.09986608196473049,-0.03,0.09138291893637529,0.4428227282030005,1.0,0.0,143.6866498675453,9.022013694796497,64.05699999999999,88.828,5.422230179752145,0.04441377265848406,0.1776171804709272,4.136858898749829,-0.0944487627588444,-6.4939999999999145,0.0,-0.032651891554745266,final_approach,-0.700961865630596,-0.9145076398352305,-10.429444959819262,
90.25,63.96580259,-22.60526044,209.553,91.18,-0.9574,-4.6053,353.5251,0.0026,-0.0673,-0.0087,66.201,66.066,-10.0494,111.5073,-0.1457,0.0,0.0,0.0,-0.03,1307.9,0.0,10.0,270.0,0,90.25,-0.028686143365368344,0.09989659984567793,-0.03,0.09139084207080583,0.4422514543965951,1.0,0.0,147.08557408675728,9.016417810262316,63.053,87.68,5.426890914558933,0.04477936856005081,0.1777145641363669,4.140840825500966,-0.09486496690519175,-6.494899999999916,0.0,-0.03150171959523176,final_approach,-0.7015391939817128,-0.9147500596218983,-10.444949854487762,
90.342,63.96583054,-22.60526052,208.631,90.126,-0.9572,-4.6114,353.5243,0.0027,-0.0676,-0.0087,66.198,66.062,-10.0617,111.5004,-0.1464,0.0,0.0,0.0,-0.03,1307.1,0.0,10.0,270.0,0,90.342,-0.028705953102597104,0.09991752778427773,-0.03,0.0913978835220488,0.4417294837019379,1.0,0.0,150.20134756061776,9.011410701198372,62.131,86.626,5.431160622239494,0.04505111814888506,0.17780645456926372,4.144500440789802,-0.09522930232040494,-6.4956999999999425,0.0,-0.03160235378222665,final_approach,-0.7020729329301112,-0.9150049356403454,-10.459126588012603,
90.433,63.96586102,-22.60526062,207.624,88.974,-0.9569,-4.6182,353.5234,0.0024,-0.0682,-0.0086,66.196,66.058,-10.0751,111.4929,-0.1472,0.0,0.0,0.0,-0.03,1306.3,0.0,10.0,270.0,0,90.433,-0.028726322134608684,0.09994606210815828,-0.03,0.09140580365290918,0.44115951121745706,1.0,0.0,153.59915684133165,9.005325268640654,61.123999999999995,85.474,5.435835365740848,0.046104399741935184,0.17789453973784283,4.148117192568884,-0.09564547916454558,-6.496599999999944,0.0,-0.030727414527294116,final_approach,-0.7025968298880514,-0.9151670056544585,-10.474618019541351,
90.533,63.96588896,-22.6052607,206.7,87.918,-0.9567,-4.6244,353.5227,0.0023,-0.0687,-0.0085,66.193,66.054,-10.0874,111.4861,-0.1479,0.0,0.0,0.0,-0.03,1305.6,0.0,10.0,270.0,0,90.533,-0.02874791629021528,0.09997048431511342,-0.03,0.09141196265533835,0.4406308492155025,1.0,0.0,156.71381554850652,9.000318548877768,60.19999999999999,84.418,5.440182989645082,0.04566637295866999,0.17798676951828418,4.152088812212149,-0.09600984175384042,-6.497299999999996,0.0,-0.030661285933904,final_approach,-0.7031662128757254,-0.9154754680398653,-10.488996984323398,
90.658,63.96592707,-22.60526082,205.438,86.476,-0.9564,-4.633,353.5216,0.0024,-0.0692,-0.0084,66.19,66.048,-10.1043,111.4769,-0.1489,0.0,0.0,0.0,-0.03,1304.6,0.0,10.0,270.0,0,90.658,-0.028773718431826245,0.10000960495499432,-0.03,0.09142163914422219,0.4399025092299168,1.0,0.0,160.96219200218871,8.992956337411245,58.93799999999999,82.976,5.446191421887973,0.04606655378941276,0.1781023332896071,4.157051233822466,-0.09653008377438255,-6.498399999999947,0.0,-0.030055714485367355,final_approach,-0.7038780663663751,-0.9157637554792792,-10.508823370917773,
90.758,63.96595755,-22.60526091,204.427,85.32,-0.9562,-4.6399,353.5208,0.0025,-0.0696,-0.0084,66.188,66.044,-10.1179,111.4697,-0.1496,0.0,0.0,0.0,-0.03,1303.8,0.0,10.0,270.0,0,90.758,-0.02879599325412785,0.100042767277334,-0.03,0.09142867509869568,0.43931673678077726,1.0,0.0,164.360001453923,8.987360842178395,57.92699999999999,81.82,5.451039678873613,0.04646922313391083,0.17820080878429412,4.16101447725482,-0.09689482854096809,-6.499199999999973,0.0,-0.029141558623057097,final_approach,-0.704454716585019,-0.9160825753712487,-10.524782817448362,
90.85,63.96598548,-22.60526099,203.499,84.26,-0.956,-4.6463,353.52,0.0025,-0.0701,-0.0083,66.186,66.04,-10.1304,111.4631,-0.1503,0.0,0.0,0.0,-0.03,1303.1,0.0,10.0,270.0,0,90.85,-0.028815758644218148,0.10007179495225699,-0.03,0.09143570979675397,0.4387804724624852,1.0,0.0,167.47354539362013,8.98235451136872,56.998999999999995,80.76,5.455490800934121,0.04678797953280244,0.1782936517294404,4.164657048817014,-0.09725920453922754,-6.5,0.0,-0.028468610605936657,final_approach,-0.7049877796140223,-0.9163363709710275,-10.539404406400797,
90.95,63.96601596,-22.60526109,202.485,83.102,-0.9557,-4.6533,353.5192,0.0024,-0.0707,-0.0082,66.183,66.036,-10.1442,111.4561,-0.1511,0.0,0.0,0.0,-0.03,1302.3,0.0,10.0,270.0,0,90.95,-0.028838153180108128,0.1000999895260627,-0.03,0.09144274323839274,0.4381904916890625,1.0,0.0,170.87135467433401,8.976269078811004,55.985000000000014,79.602,5.460401907434584,0.047175160444773746,0.17838283876141478,4.1686131425304325,-0.09767530875953412,-6.500800000000027,0.0,-0.02860782782357865,final_approach,-0.705551403703911,-0.916558319452756,-10.555502858762395,
91.042,63.96604389,-22.60526117,201.554,82.039,-0.9555,-4.6598,353.5184,0.0025,-0.0711,-0.0081,66.181,66.032,-10.1568,111.4497,-0.1518,0.0,0.0,0.0,-0.03,1301.5,0.0,10.0,270.0,0,91.042,-0.02885790864364829,0.10012819181182689,-0.03,0.0914497754236081,0.4376530966025522,1.0,0.0,173.98489861403118,8.971262748175388,55.054,78.539,5.464888320981492,0.04744019447736196,0.17847608840449802,4.17224919569322,-0.09803963538368521,-6.501600000000053,0.0,-0.027983400788243018,final_approach,-0.7060842640405021,-0.9168118835208023,-10.570177699660732,
91.133,63.96607436,-22.60526127,200.538,80.879,-0.9552,-4.6669,353.5176,0.0025,-0.0717,-0.0081,66.179,66.028,-10.1707,111.4428,-0.1526,0.0,0.0,0.0,-0.03,1300.7,0.0,10.0,270.0,0,91.133,-0.028877953826252745,0.10016496294778564,-0.03,0.09145680635239517,0.43705046168025685,1.0,0.0,177.3815931272673,8.965177704570886,54.03800000000001,77.379,5.469934364657303,0.04877533363188765,0.17856563135294257,4.175842845586068,-0.09845576824227464,-6.502399999999966,0.0,-0.02743745726003658,final_approach,-0.7066074641051685,-0.9169729691328907,-10.586646950475417,
91.258,63.96610991,-22.60526138,199.35,79.523,-0.9549,-4.6752,353.5167,0.0026,-0.0724,-0.008,66.176,66.023,-10.187,111.4349,-0.1534,0.0,0.0,0.0,-0.03,1299.8,0.0,10.0,270.0,0,91.258,-0.02890868059230789,0.10020235150617637,-0.03,0.09146471464545336,0.4363510902713627,1.0,0.0,181.34458930143464,8.95840504700293,52.849999999999994,76.023,5.475810539309429,0.04848101089607479,0.17867689057422337,4.180778111717904,-0.09887266040976783,-6.503299999999967,0.0,-0.027124961145487885,final_approach,-0.7073105829356585,-0.9174036042608282,-10.605777117733515,
91.35,63.96614038,-22.60526148,198.331,78.359,-0.9547,-4.6825,353.5159,0.0026,-0.0729,-0.0079,66.174,66.019,-10.201,111.4282,-0.1542,0.0,0.0,0.0,-0.03,1299.0,0.0,10.0,270.0,0,91.35,-0.028925112471277548,0.10024353542898444,-0.03,0.09147174290432025,0.43573656084606405,1.0,0.0,184.74128381467082,8.952320003572487,51.83099999999999,74.859,5.480991968480739,0.04978748946286948,0.17876690091738245,4.184403613726369,-0.09928875779306168,-6.504099999999994,0.0,-0.026635340171782828,final_approach,-0.707837988742714,-0.9175710701936595,-10.622601993972328,
91.442,63.96616831,-22.60526156,197.395,77.291,-0.9544,-4.6891,353.5152,0.0026,-0.0736,-0.0078,66.173,66.016,-10.214,111.4222,-0.1549,0.0,0.0,0.0,-0.03,1298.2,0.0,10.0,270.0,0,91.442,-0.02894842937551878,0.10028005395268975,-0.03,0.09147789160015507,0.4351770426542546,1.0,0.0,187.854827754368,8.947313672936874,50.89500000000001,73.791,5.485724503611569,0.050063007760416806,0.17886101902626989,4.188026656394691,-0.09965298234106967,-6.504799999999932,0.0,-0.02520208790320651,final_approach,-0.7083705188988922,-0.9178242892443276,-10.637933410389966,
91.542,63.96619623,-22.60526165,196.458,76.222,-0.9542,-4.6959,353.5144,0.0026,-0.0744,-0.0077,66.171,66.012,-10.227,111.4162,-0.1555,0.0,0.0,0.0,-0.03,1297.5,0.0,10.0,270.0,0,91.542,-0.028972453657486186,0.10031421433618781,-0.03,0.09148491750319476,0.4346147126404631,1.0,0.0,190.96725675556704,8.941817794103663,49.958,72.722,5.490495351314012,0.04967058597108511,0.17894547527720112,4.1919611150677625,-0.09996582121263486,-6.5055999999999585,0.0,-0.024729170821092435,final_approach,-0.7089254726190788,-0.9181885549260844,-10.65335413854512,
91.633,63.96622416,-22.60526174,195.52,75.152,-0.954,-4.7027,353.5137,0.0028,-0.075,-0.0077,66.169,66.009,-10.2401,111.4103,-0.1562,0.0,0.0,0.0,-0.03,1296.7,0.0,10.0,270.0,0,91.633,-0.02899088478145828,0.1003526636071644,-0.03,0.09149106413767605,0.4340401603472419,1.0,0.0,194.08080052424376,8.936321526143182,49.02000000000001,71.652,5.495385129044885,0.050347791845635544,0.17903017734145873,4.195537245823463,-0.10033004933973189,-6.50630000000001,0.0,-0.024479066380822975,final_approach,-0.7094403234548778,-0.9184151687348798,-10.669122841284208,
91.75,63.96626223,-22.60526186,194.239,73.691,-0.9536,-4.7121,353.5128,0.003,-0.0759,-0.0076,66.167,66.004,-10.2581,111.4024,-0.1571,0.0,0.0,0.0,-0.03,1295.7,0.0,10.0,270.0,0,91.75,-0.029020799684273846,0.1004067418263858,-0.03,0.09149896553993042,0.4332549488343411,1.0,0.0,198.3247179080151,8.928960871359813,47.739000000000004,70.191,5.502093002660683,0.051511868725775616,0.17914855704673027,4.200135031739219,-0.10079862727124578,-6.507200000000012,0.0,-0.02380769826383694,final_approach,-0.7101147270556005,-0.9187248355174074,-10.69069425256894,
91.842,63.96629015,-22.60526195,193.298,72.623,-0.9533,-4.719,353.5121,0.003,-0.0767,-0.0075,66.165,66.001,-10.2714,111.3967,-0.1578,0.0,0.0,0.0,-0.03,1294.9,0.0,10.0,270.0,0,91.842,-0.02904333605165199,0.10044544336601394,-0.03,0.09150510997562056,0.4326736795548312,1.0,0.0,201.43714690921414,8.923464992526602,46.798,69.123,5.507077713208596,0.05195683000320675,0.1792336370110816,4.203744112246905,-0.10116279889481916,-6.507900000000063,0.0,-0.02361964664300924,final_approach,-0.7106337898119328,-0.9189578703278087,-10.706678803627929,
91.942,63.96631807,-22.60526204,192.356,71.558,-0.9531,-4.7261,353.5114,0.003,-0.0777,-0.0074,66.164,65.997,-10.2848,111.3911,-0.1584,0.0,0.0,0.0,-0.03,1294.2,0.0,10.0,270.0,0,91.942,-0.029067048000041673,0.10049086660345942,-0.03,0.0915112534493343,0.43208333344050126,1.0,0.0,204.54957591041315,8.917969113693392,45.855999999999995,68.058,5.512157108948008,0.05176301790169308,0.1793189028387955,4.207663522156627,-0.10147549810974965,-6.508600000000001,0.0,-0.02238149694819461,final_approach,-0.7111881057901854,-0.9193213836915728,-10.722926903785714,
92.033,63.96634599,-22.60526213,191.412,70.492,-0.9528,-4.7332,353.5107,0.003,-0.0785,-0.0074,66.162,65.994,-10.2983,111.3856,-0.1591,0.0,0.0,0.0,-0.03,1293.4,0.0,10.0,270.0,0,92.033,-0.029089311496166614,0.10052877738681248,-0.03,0.09151739596107067,0.4314974235731037,1.0,0.0,207.66200491161217,8.912473234860183,44.912000000000006,66.992,5.517215341648402,0.052400010706344265,0.17940435513958564,4.211226072457122,-0.10183959435582324,-6.509299999999939,0.0,-0.022344817405446808,final_approach,-0.7117024068306002,-0.9195473669152499,-10.73906691314589,
92.158,63.96638406,-22.60526226,190.124,69.036,-0.9524,-4.743,353.5098,0.003,-0.0794,-0.0073,66.16,65.99,-10.3169,111.3782,-0.16,0.0,0.0,0.0,-0.03,1292.3,0.0,10.0,270.0,0,92.158,-0.02912049455270077,0.10059343997946057,-0.03,0.0915252920626386,0.43067111356259996,1.0,0.0,211.90592212515523,8.90462264275167,43.623999999999995,65.536,5.524378207713524,0.05321716367544949,0.17951398235795624,4.216118544949961,-0.10230801374055432,-6.510199999999941,0.0,-0.021768015823140408,final_approach,-0.7123985376514526,-0.919889958242516,-10.761853148876812,
92.25,63.96641197,-22.60526235,189.177,67.967,-0.9521,-4.7503,353.5092,0.0031,-0.0802,-0.0072,66.159,65.987,-10.3307,111.3728,-0.1606,0.0,0.0,0.0,-0.03,1291.6,0.0,10.0,270.0,0,92.25,-0.0291456943763857,0.10063534487797988,-0.03,0.09153055524689768,0.43007532507008495,1.0,0.0,215.01723635887654,8.899127153045734,42.67699999999999,64.467,5.529564340690785,0.05374280483327407,0.17959980728076694,4.2197122970152785,-0.10262067409527731,-6.5108000000000175,0.0,-0.020777247586244815,final_approach,-0.7129168463885058,-0.9201993550355088,-10.778300097792972,
92.342,63.96643988,-22.60526244,188.23,66.897,-0.9518,-4.7577,353.5085,0.0032,-0.0809,-0.0071,66.157,65.984,-10.3446,111.3676,-0.1613,0.0,0.0,0.0,-0.03,1290.8,0.0,10.0,270.0,0,92.342,-0.029168189387764554,0.10068429697312131,-0.03,0.0915366947352596,0.4294535473433161,1.0,0.0,218.1285505925978,8.893631663339798,41.72999999999999,63.397000000000006,5.534996244675399,0.05462607646362349,0.1796858205246367,4.223302941459365,-0.1029846631621183,-6.511499999999955,0.0,-0.020864691481575895,final_approach,-0.713435051195983,-0.9204313712695971,-10.795480320084996,
92.433,63.9664678,-22.60526253,187.281,65.826,-0.9516,-4.7651,353.5079,0.003,-0.0819,-0.007,66.156,65.981,-10.3586,111.3625,-0.1619,0.0,0.0,0.0,-0.03,1290.0,0.0,10.0,270.0,0,92.433,-0.02918927718355646,0.10073684412593148,-0.03,0.09154195638819218,0.4288293447706977,1.0,0.0,221.24097959300474,8.888135784506867,40.781000000000006,62.32599999999999,5.54046968786439,0.05554635161161129,0.17977208558427116,4.22685151565844,-0.10329716168277514,-6.5120999999999185,0.0,-0.01996690234587866,final_approach,-0.7139488400657541,-0.9207342102614238,-10.812743946831192,
92.558,63.96650586,-22.60526266,185.985,64.361,-0.9512,-4.7754,353.507,0.0031,-0.0833,-0.0069,66.155,65.976,-10.3779,111.3556,-0.1628,0.0,0.0,0.0,-0.03,1288.9,0.0,10.0,270.0,0,92.558,-0.029220421257067752,0.10081107022776678,-0.03,0.09154984754240114,0.42796911284698486,1.0,0.0,225.48378203907006,8.880285581525625,39.485000000000014,60.861000000000004,5.54804675208985,0.05639137864362275,0.1798827278225786,4.231724975321019,-0.10376539894753023,-6.51299999999992,0.0,-0.018879002132620438,final_approach,-0.7146441549505838,-0.9210758451150927,-10.836562655606478,
92.658,63.9665363,-22.60526276,184.946,63.188,-0.9509,-4.7837,353.5063,0.0033,-0.0845,-0.0068,66.153,65.973,-10.3935,111.3503,-0.1634,0.0,0.0,0.0,-0.03,1288.1,0.0,10.0,270.0,0,92.658,-0.029248371712213395,0.10086330906398178,-0.03,0.09155598400736631,0.427281093489834,1.0,0.0,228.87713225066514,8.874201705476725,38.446,59.688,5.554135725165158,0.05714110399519876,0.17997540488745553,4.235616765892028,-0.10407811790682331,-6.513699999999972,0.0,-0.01898091102965081,final_approach,-0.7152050941295869,-0.9214492877351805,-10.855635936697023,
92.75,63.96656421,-22.60526286,183.992,62.11,-0.9506,-4.7915,353.5057,0.0032,-0.0856,-0.0067,66.152,65.97,-10.4079,111.3454,-0.164,0.0,0.0,0.0,-0.03,1287.3,0.0,10.0,270.0,0,92.75,-0.02927278162907293,0.10091774369370972,-0.03,0.0915612430688102,0.42664053613279374,1.0,0.0,231.98844631336607,8.868216278445919,37.49199999999999,58.61,5.559828036272587,0.05792974446597991,0.18005230747840614,4.239192353431306,-0.10439056346442044,-6.514300000000048,0.0,-0.018243515955813767,final_approach,-0.7157096130031313,-0.9217382577164344,-10.873411967495423,
92.842,63.96659212,-22.60526295,183.038,61.031,-0.9503,-4.7993,353.5051,0.0033,-0.0867,-0.0066,66.151,65.968,-10.4225,111.3407,-0.1647,0.0,0.0,0.0,-0.03,1286.5,0.0,10.0,270.0,0,92.842,-0.029294965145969742,0.10098442106079339,-0.03,0.09156650142347866,0.42596788520796014,1.0,0.0,235.09976054708736,8.862720788739983,36.53800000000001,57.531,5.565830177503896,0.05914823131460104,0.18013933800090662,4.242764982643533,-0.10475434412455797,-6.514899999999898,0.0,-0.01757315679778009,final_approach,-0.7162271178312594,-0.9219695318366945,-10.892097992500972,
92.933,63.96662002,-22.60526304,182.081,59.951,-0.95,-4.8073,353.5045,0.0034,-0.088,-0.0066,66.15,65.965,-10.4372,111.3361,-0.1653,0.0,0.0,0.0,-0.03,1285.7,0.0,10.0,270.0,0,92.933,-0.02931987468122854,0.10103834672613915,-0.03,0.09157175907137438,0.4253188568394921,1.0,0.0,238.20996001333094,8.857225688161321,35.58099999999999,56.451,5.571645805789053,0.05994152661776614,0.1802264974187488,4.246295873461287,-0.1050666171574619,-6.5154999999999745,0.0,-0.016974598087882476,final_approach,-0.7167400825353063,-0.9222714667999927,-10.91014676833688,
93.058,63.96665807,-22.60526317,180.775,58.476,-0.9495,-4.8183,353.5036,0.0036,-0.0896,-0.0065,66.149,65.961,-10.4575,111.33,-0.1661,0.0,0.0,0.0,-0.03,1284.6,0.0,10.0,270.0,0,93.058,-0.02935782512375079,0.10112911593571708,-0.03,0.09157964421801101,0.42439280359385645,1.0,0.0,242.4516476919185,8.849375874307354,34.275000000000006,54.976,5.579985698187639,0.061071128712919205,0.18033842959127042,4.25114527768744,-0.10548299574071507,-6.516399999999976,0.0,-0.016158725534442087,final_approach,-0.7174343727202377,-0.9226895758935907,-10.935931904483757,
93.15,63.96668598,-22.60526327,179.816,57.393,-0.9492,-4.8266,353.5031,0.0035,-0.0908,-0.0064,66.149,65.959,-10.4726,111.3256,-0.1667,0.0,0.0,0.0,-0.03,1283.7,0.0,10.0,270.0,0,93.15,-0.029381934499551177,0.10120741884089479,-0.03,0.09158402416788591,0.42368838098380024,1.0,0.0,245.56296175461947,8.84339044745061,33.316,53.893,5.5863632466115405,0.062446137014210874,0.18041610606482264,4.254706713927162,-0.10579517475008515,-6.516899999999964,0.0,-0.014689750485856442,final_approach,-0.7179383086299644,-0.9229780672707246,-10.955571863795434,
93.242,63.96671388,-22.60526336,178.855,56.308,-0.9489,-4.8349,353.5025,0.0035,-0.0925,-0.0063,66.148,65.956,-10.4879,111.3214,-0.1673,0.0,0.0,0.0,-0.03,1282.9,0.0,10.0,270.0,0,93.242,-0.029407085356496,0.1012765993618051,-0.03,0.09158927945985429,0.4229884220993037,1.0,0.0,248.67316122086305,8.837895346871946,32.35499999999999,52.808,5.592729673324762,0.06357182923869233,0.18050389741007458,4.258265305232846,-0.10610722373201043,-6.517499999999927,0.0,-0.014342460916000705,final_approach,-0.7184552259964647,-0.9232862837458562,-10.975109797568058,
93.333,63.96674178,-22.60526346,177.893,55.222,-0.9485,-4.8434,353.5019,0.0035,-0.0943,-0.0062,66.147,65.954,-10.5034,111.3172,-0.1679,0.0,0.0,0.0,-0.03,1282.1,0.0,10.0,270.0,0,93.333,-0.029435065333080546,0.1013531442428848,-0.03,0.0915945340450427,0.42226677090872644,1.0,0.0,251.78336051608622,8.831910308968416,31.393,51.722,5.5993244654764105,0.06505489826969667,0.18058186617495614,4.261781516962227,-0.10641929625606394,-6.518100000000004,0.0,-0.014037601831719553,final_approach,-0.7189544424881156,-0.9235678339328572,-10.995276856192321,
93.458,63.96677982,-22.60526359,176.579,53.739,-0.9481,-4.8553,353.5011,0.0036,-0.0964,-0.0061,66.147,65.95,-10.5248,111.3117,-0.1686,0.0,0.0,0.0,-0.03,1280.9,0.0,10.0,270.0,0,93.458,-0.029471827891764002,0.10147014969616279,-0.03,0.09160153905918711,0.42125932638789754,1.0,0.0,256.0239334271961,8.824060884241723,30.079000000000008,50.239,5.608584700798696,0.0665593956544612,0.18069481605311746,4.266610945981524,-0.10678387841082326,-6.518900000000031,0.0,-0.012761456210654139,final_approach,-0.7196478117782021,-0.9240624788991791,-11.023471166990394,
93.55,63.96680772,-22.60526369,175.613,52.649,-0.9478,-4.8642,353.5006,0.0037,-0.0981,-0.006,66.146,65.948,-10.5408,111.3078,-0.1692,0.0,0.0,0.0,-0.03,1280.1,0.0,10.0,270.0,0,93.55,-0.02949591128976975,0.10155143687560227,-0.03,0.09160591655495731,0.4205119127414852,1.0,0.0,259.1341327224193,8.81807584633819,29.113,49.149,5.615496004995372,0.0679866416625519,0.18077320234109664,4.2701578070292285,-0.10709576890869243,-6.519399999999905,0.0,-0.01258946612036225,final_approach,-0.7201510326680669,-0.9243503257740713,-11.044419130504924,
93.642,63.96683562,-22.60526378,174.646,51.558,-0.9474,-4.8732,353.5,0.0039,-0.0998,-0.0059,66.146,65.946,-10.557,111.3041,-0.1698,0.0,0.0,0.0,-0.03,1279.2,0.0,10.0,270.0,0,93.642,-0.029524904083363,0.10164697896841503,-0.03,0.09161116890199683,0.41973671862620787,1.0,0.0,262.24433218866284,8.81258074575953,28.145999999999987,48.058,5.62270201198213,0.06970989520205047,0.18086181827938635,4.273701943702709,-0.10740752419744126,-6.519999999999982,0.0,-0.011444969200329318,final_approach,-0.720667399462041,-0.924658152751876,-11.066173792565658,
93.733,63.96686351,-22.60526388,173.678,50.47,-0.9471,-4.8824,353.4995,0.0039,-0.1021,-0.0058,66.146,65.944,-10.5734,111.3004,-0.1703,0.0,0.0,0.0,-0.03,1278.3,0.0,10.0,270.0,0,93.733,-0.02955171060472689,0.10175055303116216,-0.03,0.09161554531795602,0.4189386924648019,1.0,0.0,265.35341671720045,8.806596097157055,27.177999999999997,46.97,5.630161205593644,0.07175310609605433,0.18094050134231449,4.277203966762295,-0.10766782182636803,-6.52049999999997,0.0,-0.010404517454844834,final_approach,-0.7211659504743828,-0.9250165912634838,-11.088599381456177,
93.85,63.96690155,-22.60526401,172.354,48.985,-0.9466,-4.8953,353.4988,0.0042,-0.1053,-0.0057,66.146,65.941,-10.5963,111.2956,-0.1711,0.0,0.0,0.0,-0.03,1277.1,0.0,10.0,270.0,0,93.85,-0.029587027543066136,0.10188666180183541,-0.03,0.09162167147571243,0.41784357551971735,1.0,0.0,269.59398962831034,8.798746672430362,25.854000000000013,45.485,5.640466336768792,0.07447392911871993,0.18105454787887065,4.281706253393749,-0.10808344760738464,-6.521199999999908,0.0,-0.009458652231677122,final_approach,-0.7218238510961328,-0.9253810788791785,-11.11942403004943,
93.942,63.96692945,-22.60526411,171.382,47.894,-0.9462,-4.905,353.4983,0.0042,-0.1079,-0.0055,66.146,65.939,-10.6134,111.2923,-0.1716,0.0,0.0,0.0,-0.03,1276.2,0.0,10.0,270.0,0,93.942,-0.02961795245171095,0.10200542967651834,-0.03,0.09162604671369168,0.4169916279539997,1.0,0.0,272.70418892353354,8.79276163452683,24.882000000000005,44.394,5.648539623796695,0.07668712757701741,0.18113371888571098,4.2852399896874935,-0.1083434700596797,-6.52170000000001,0.0,-0.008598774756070111,final_approach,-0.7223266191776467,-0.9257462738090023,-11.143444921653234,
94.033,63.96695734,-22.60526421,170.408,46.801,-0.9458,-4.915,353.4978,0.0043,-0.1109,-0.0054,66.146,65.937,-10.6308,111.2891,-0.1722,0.0,0.0,0.0,-0.03,1275.3,0.0,10.0,270.0,0,94.033,-0.029645626534054836,0.05761400630013799,-0.03,0.09163042146084299,0.3276630445475738,1.0,0.0,275.813273451279,8.786776985750572,23.907999999999987,43.301,5.656739964351259,0.07892487839213685,0.18121300246940825,4.288731811610158,-0.10865491192004129,-6.522199999999998,0.0,-0.007817067960063737,flare,-0.7228248059785471,-0.9260272187107059,-6.8341146472861265,
94.133,63.96698523,-22.60526431,169.433,45.706,-0.9452,-4.9107,353.497,0.0124,0.4392,-0.0131,66.146,65.934,-10.6674,111.2841,-0.1722,0.0,0.0,0.0,-0.03,1274.1,0.0,10.0,270.0,0,94.133,-0.02970195440779022,0.057014154590805194,-0.03,0.09163742003536302,0.32716451537493085,1.0,0.0,278.9223579790244,8.780792337148375,22.932999999999993,42.206,5.665418285794469,0.08023460106546415,0.18129246370823116,4.2925652852756135,-0.10865889518316862,-6.522999999999911,0.0,-0.007106425418239761,flare,-0.7233617670664145,-0.9268290440164986,-6.74076345246411,
94.258,63.96702326,-22.60526444,168.098,44.208,-0.9429,-4.8062,353.4952,0.0227,1.202,-0.0131,66.143,65.93,-10.6834,111.2763,-0.1723,0.0,0.0,0.0,-0.03,1270.6,0.0,10.0,270.0,0,94.258,-0.029832538052668556,0.05635715775656422,-0.03,0.09165316223387332,0.3263892361993564,1.0,0.0,283.1618161226566,8.772943301548956,21.598000000000013,40.708,5.677123484948365,0.08246909975974828,0.18140754244899668,4.29735553939309,-0.10871659931694921,-6.524799999999914,0.0,-0.008642204925672593,flare,-0.7240535050092873,-0.9277828944666808,-6.6049511328979404,
94.35,63.96705115,-22.60526454,167.121,43.112,-0.9408,-4.6825,353.4943,0.0227,1.4948,-0.0048,66.138,65.925,-10.6442,111.2685,-0.1727,0.0,0.0,0.0,-0.03,1266.9,0.0,10.0,270.0,0,94.35,-0.029932900447572575,0.05606751003599633,-0.03,0.09166103094768985,0.32574540307643657,1.0,0.0,286.27090065119415,8.76695865277242,20.62100000000001,39.612,5.687267667800748,0.08710139264831111,0.1814874331919015,4.300873826259273,-0.10892879095331409,-6.525699999999915,0.0,-0.012797261394875796,flare,-0.7245554724619794,-0.9282188355855983,-6.499344763288361,
94.442,63.96708156,-22.60526464,166.063,41.922,-0.9387,-4.5249,353.4944,0.0183,1.6436,0.0076,66.126,65.917,-10.5511,111.2556,-0.1731,0.0,0.0,0.0,-0.03,1262.0,0.0,10.0,270.0,0,94.442,-0.030031478313180482,0.05588965062823578,-0.03,0.09166015672468808,0.3249640027650386,1.0,0.0,289.66090655956395,8.760875943931557,19.562999999999988,38.422,5.687267667800748,0.07258449387359259,0.18158392255056488,4.304390200733396,-0.10914509859100008,-6.52559999999994,0.0,-0.023491581505223666,flare,-0.7250790536294573,-0.9286810989107366,-6.3784079216304495,
94.533,63.96710944,-22.60526474,165.102,40.847,-0.9372,-4.3723,353.4956,0.0137,1.6765,0.0192,66.11,65.907,-10.4246,111.2384,-0.1731,0.0,0.0,0.0,-0.03,1256.9,0.0,10.0,270.0,0,94.533,-0.030114067433143432,0.05583548838768812,-0.03,0.09164966451726864,0.3241764893431745,1.0,0.0,292.76887632062375,8.754891684456357,18.602000000000004,37.347,5.687267667800748,0.06048707822799382,0.18166413466715703,4.307864986712549,-0.10915888243920335,-6.524400000000014,0.0,-0.03733999917058685,flare,-0.725576534454909,-0.9294087711347139,-6.263307587745645,
94.658,63.96714491,-22.60526486,163.899,39.497,-0.9358,-4.1782,353.4985,0.0106,1.6369,0.0318,66.082,65.888,-10.2181,111.2071,-0.1723,0.0,0.0,0.0,-0.03,1249.8,0.0,10.0,270.0,0,94.658,-0.030222047256605822,0.05587212735351524,-0.03,0.09162429667739991,0.3230652432773491,1.0,0.0,296.722954184741,8.747632202755504,17.399,35.997,5.687267667800748,0.05040589852332818,0.18177379932221335,4.31263727418319,-0.10877180423509003,-6.52150000000006,0.0,-0.05430909015508317,flare,-0.7262591190463255,-0.9310179549223196,-6.1105672456310804,
94.75,63.96717277,-22.60526496,162.972,38.456,-0.9348,-4.0306,353.5018,0.0109,1.5752,0.0387,66.054,65.869,-10.029,111.1742,-0.1708,0.0,0.0,0.0,-0.03,1244.0,0.0,10.0,270.0,0,94.75,-0.03032382335198036,0.05596163963415199,-0.03,0.09159540974052549,0.3221054512508631,1.0,0.0,299.8286944100533,8.741648721361068,16.47200000000001,34.956,5.687267667800748,0.042004915436106814,0.18185430035379752,4.316142448841578,-0.10802502236529676,-6.518199999999979,0.0,-0.07703988433070008,flare,-0.7267604056315129,-0.9328955056741073,-5.98632954232526,
94.842,63.96720063,-22.60526505,162.064,37.432,-0.9338,-3.889,353.5055,0.0128,1.5064,0.0427,66.021,65.845,-9.8227,111.1333,-0.1684,0.0,0.0,0.0,-0.03,1237.9,0.0,10.0,270.0,0,94.842,-0.030451840925620033,0.056090606660176484,-0.03,0.09156299593223005,0.32106494522294415,1.0,0.0,302.93443480717815,8.736155177291222,15.563999999999993,33.932,5.687267667800748,0.03500409619675568,0.18194518685859262,4.319645235856121,-0.10682007899706036,-6.514499999999998,0.0,-0.1026449541346302,flare,-0.7272750807006574,-0.9354823979299578,-5.85845988739181,
94.933,63.96722847,-22.60526515,161.174,36.428,-0.9325,-3.7537,353.5095,0.0159,1.4407,0.0437,65.982,65.816,-9.605,111.0842,-0.1649,0.0,0.0,0.0,-0.03,1231.7,0.0,10.0,270.0,0,94.933,-0.030622153391234086,0.05623839979255227,-0.03,0.09152792374311358,0.31994362792332426,1.0,0.0,306.037945498327,8.730172474151054,14.674000000000007,32.928,5.687267667800748,0.029170080163963066,0.18202593209733944,4.323106671794882,-0.10505320380150351,-6.510499999999979,0.0,-0.1322746336288826,flare,-0.7277717523954657,-0.9388874697787681,-5.727503176223073,
95.058,63.96726642,-22.60526527,159.994,35.091,-0.9302,-3.5781,353.5148,0.0207,1.3656,0.0405,65.921,65.768,-9.2982,111.0038,-0.1584,0.0,0.0,0.0,-0.03,1223.1,0.0,10.0,270.0,0,95.058,-0.03092799893958198,0.05645455528556928,-0.03,0.09148140470873145,0.31827999913292526,1.0,0.0,310.2684856739498,8.722816488894415,13.494,31.591,5.687267667800748,0.024308400136635887,0.18215298541047484,4.3278628505053796,-0.10175977141980752,-6.505200000000059,0.0,-0.16461330329897897,flare,-0.7284753830954145,-0.944900077213692,-5.544339121669891,
95.142,63.96729422,-22.60526536,159.153,34.136,-0.9281,-3.4548,353.5183,0.0228,1.323,0.0354,65.871,65.727,-9.0708,110.9351,-0.1522,0.0,0.0,0.0,-0.03,1216.9,0.0,10.0,270.0,0,95.142,-0.031209943085344805,0.05660884171828581,-0.03,0.09145065435841737,0.316961718866471,1.0,0.0,313.3675374662082,8.717325279588207,12.652999999999992,30.636000000000003,5.687267667800748,0.02025700011386324,0.182244160639791,4.331053344017707,-0.09860823283509035,-6.501700000000028,0.0,-0.20376101165709987,flare,-0.728955205476467,-0.9503623447934224,-5.407274882484947,
95.233,63.96732201,-22.60526544,158.333,33.201,-0.9261,-3.3349,353.5213,0.0216,1.2894,0.0285,65.816,65.682,-8.8441,110.8584,-0.1449,0.0,0.0,0.0,-0.03,1210.7,0.0,10.0,270.0,0,95.233,-0.03152485599518845,0.05674167101460001,-0.03,0.09142427777438589,0.31555717257309907,1.0,0.0,316.4654746620093,8.712324396734145,11.832999999999998,29.701,5.687267667800748,0.016880833428219364,0.18234573034396442,4.334509277002154,-0.09488971267435886,-6.498699999999985,0.0,-0.24018233826967886,flare,-0.729478640894996,-0.956742785294681,-5.268000452024052,
95.358,63.96735735,-22.60526554,157.319,32.042,-0.9237,-3.1862,353.5241,0.0177,1.2591,0.0176,65.741,65.617,-8.5586,110.7493,-0.1339,0.0,0.0,0.0,-0.03,1203.0,0.0,10.0,270.0,0,95.358,-0.0319766486889444,0.05688302780303481,-0.03,0.09139964368854803,0.31364770104917095,1.0,0.0,320.4050608925411,8.706049848162973,10.818999999999988,28.542,5.687267667800748,0.014067361190182804,0.1824770081568626,4.33925844770092,-0.08927268288482537,-6.495900000000006,0.0,-0.2728930347906192,flare,-0.730187032239396,-0.9662564599453152,-5.088364422680709,
95.45,63.96738509,-22.60526561,156.546,31.154,-0.9223,-3.0715,353.5253,0.0117,1.2434,0.008,65.676,65.561,-8.3369,110.655,-0.1241,0.0,0.0,0.0,-0.03,1197.1,0.0,10.0,270.0,0,95.45,-0.03234970488446548,0.05695404260319073,-0.03,0.09138908151168401,0.3120495218982282,1.0,0.0,323.49742442276596,8.701540848269868,10.045999999999992,27.654,5.687267667800748,0.011722800991819004,0.18258905250611873,4.342749581291867,-0.08425740595987463,-6.494699999999966,0.0,-0.31231382609423747,flare,-0.7307282118697138,-0.9746130218743385,-4.945513437730322,
95.542,63.96741281,-22.60526568,155.793,30.287,-0.9216,-2.9579,353.5256,0.0015,1.2332,-0.002,65.608,65.501,-8.1172,110.5533,-0.1134,0.0,0.0,0.0,-0.03,1191.3,0.0,10.0,270.0,0,95.542,-0.03272558981814344,0.05700691442609404,-0.03,0.09138644052576761,0.3103685048373671,1.0,0.0,326.5875584180355,8.697032626631312,9.293000000000006,26.787,5.687267667800748,0.009769000826515837,0.18270121792779467,4.346240327958595,-0.07877110061872372,-6.4944000000000415,0.0,-0.3511153359749973,flare,-0.7312695059240362,-0.9836775546357828,-4.80172146870633,
95.633,63.9674405,-22.60526574,155.059,29.439,-0.9219,-2.8451,353.525,-0.011,1.2273,-0.0121,65.536,65.437,-7.8998,110.4444,-0.1018,0.0,0.0,0.0,-0.03,1185.7,0.0,10.0,270.0,0,95.633,-0.033093403599001536,0.057030536595682496,-0.03,0.09139172232092108,0.308602655333662,1.0,0.0,329.67434828268415,8.693015509525106,8.558999999999997,25.939,5.687267667800748,0.00814083402209653,0.18282374179959252,4.349693692800884,-0.07281126705049701,-6.4950000000000045,0.0,-0.39112383190534966,flare,-0.7318202049621654,-0.9934676346198756,-4.657022318373983,
95.758,63.96747822,-22.60526581,154.092,28.316,-0.9243,-2.6919,353.5227,-0.0297,1.224,-0.0256,65.431,65.342,-7.6075,110.2846,-0.0847,0.0,0.0,0.0,-0.03,1178.4,0.0,10.0,270.0,0,95.758,-0.03356293651948,0.057012460196816966,-0.03,0.09141196265533835,0.30606858418140587,1.0,0.0,333.8792496630054,8.688118160645486,7.592000000000013,24.816,5.687267667800748,0.006784028351747109,0.18300320295641923,4.354445369450432,-0.06400389148254249,-6.497299999999996,0.0,-0.4319307562775935,flare,-0.7325922411089181,-1.007871130580531,-4.45938890548338,
95.85,63.96750835,-22.60526586,153.343,27.445,-0.928,-2.5695,353.5196,-0.0461,1.2237,-0.0358,65.343,65.261,-7.3775,110.1482,-0.0704,0.0,0.0,0.0,-0.03,1172.9,0.0,10.0,270.0,0,95.85,-0.03389145147716249,0.05696413489340915,-0.03,0.09143922667462501,0.303941829001428,1.0,0.0,337.23804294106117,8.684496033817178,6.842999999999989,23.945,5.687267667800748,0.005653356959789258,0.18315306344754761,4.357941818821292,-0.05661995682615384,-6.5003999999999,0.0,-0.4796208456278469,flare,-0.7331837492923547,-1.0198616776640748,-4.301563221011544,
95.95,63.96753593,-22.6052659,152.677,26.666,-0.9329,-2.4573,353.516,-0.0632,1.2239,-0.0445,65.259,65.183,-7.1698,110.0168,-0.0568,0.0,0.0,0.0,-0.03,1167.9,0.0,10.0,270.0,0,95.95,-0.034156529120317414,0.0568883492955051,-0.03,0.09147086444067254,0.30191495756077635,1.0,0.0,340.3125707054957,8.681463071760717,6.1769999999999925,23.166,5.687267667800748,0.004711130799824381,0.18329653287803357,4.361744999379692,-0.049580936613210724,-6.503999999999905,0.0,-0.5123825869344026,flare,-0.7338014516818383,-1.031371977476537,-4.157205064342362,
96.042,63.96756349,-22.60526592,152.031,25.906,-0.9392,-2.3451,353.5116,-0.0775,1.2234,-0.0526,65.171,65.102,-6.9649,109.8796,-0.043,0.0,0.0,0.0,-0.03,1163.2,0.0,10.0,270.0,0,96.042,-0.03437636076465589,0.056779221921179485,-0.03,0.09150949826929056,0.2998201061361809,1.0,0.0,343.38486927859964,8.679410762433927,5.531000000000006,22.406,5.687267667800748,0.003925942333186984,0.18346090529880457,4.365247384669084,-0.042421981817312826,-6.508399999999938,0.0,-0.5527588734976734,flare,-0.7344127119565798,-1.0430518032774767,-4.013603620433444,
96.133,63.967591,-22.60526594,151.402,25.165,-0.947,-2.2329,353.5064,-0.0936,1.2233,-0.0599,65.081,65.017,-6.7628,109.7367,-0.029,0.0,0.0,0.0,-0.03,1158.7,0.0,10.0,270.0,0,96.133,-0.03454733251355152,0.05665153216052063,-0.03,0.09155510742841211,0.2976628402394838,1.0,0.0,346.451594013523,8.677360398917841,4.901999999999987,21.665,5.687267667800748,0.0032716186109891534,0.183625313910664,4.368716037834791,-0.03514149384116649,-6.513599999999997,0.0,-0.5924181567261659,flare,-0.7350202132093564,-1.0549075296655612,-3.871119955274371,
96.25,63.96762847,-22.60526596,150.575,24.185,-0.9598,-2.08,353.4984,-0.1126,1.2222,-0.0687,64.953,64.897,-6.4907,109.533,-0.0099,0.0,0.0,0.0,-0.03,1152.7,0.0,10.0,270.0,0,96.25,-0.034700394948959046,0.05644419920122015,-0.03,0.09162517170536222,0.29463133433938204,1.0,0.0,350.62862706517126,8.674922464495172,4.074999999999989,20.685,5.687267667800748,0.002726348842490961,0.18385736557510596,4.373189357059523,-0.02517860567715502,-6.521600000000035,0.0,-0.6380180601162466,flare,-0.73583000359287,-1.0710971071575948,-3.6792252384477306,
96.342,63.9676559,-22.60526596,149.99,23.488,-0.9707,-1.968,353.4919,-0.1251,1.2217,-0.0744,64.856,64.805,-6.2926,109.3779,0.0039,0.0,0.0,0.0,-0.03,1148.5,0.0,10.0,270.0,0,96.342,-0.03475379548729862,0.056285043551514785,-0.03,0.09168200640973212,0.29234924733368356,1.0,0.0,353.6864340031056,8.673855088472674,3.490000000000009,19.988,5.687267667800748,0.0022719573687424673,0.1840429147491987,4.376710191188134,-0.017957050373013317,-6.528099999999995,0.0,-0.675866220659048,flare,-0.7364711903639147,-1.0829121482838353,-3.5405730019615547,
96.433,63.96768329,-22.60526595,149.423,22.808,-0.9826,-1.856,353.4848,-0.1358,1.2213,-0.0796,64.757,64.71,-6.0956,109.2182,0.0174,0.0,0.0,0.0,-0.03,1144.4,0.0,10.0,270.0,0,96.433,-0.03476291497835604,0.056126774563105636,-0.03,0.09174399260417343,0.2900206085713736,1.0,0.0,356.7397820429415,8.673279206283862,2.923000000000002,19.308,5.687267667800748,0.0018932978072853895,0.18423902038252638,4.380199921129673,-0.010871974129827322,-6.535200000000032,0.0,-0.7133249358638505,flare,-0.7371227499889699,-1.0945365465477064,-3.4037537323343754,
96.558,63.96771809,-22.60526594,148.728,21.97,-0.9991,-1.7135,353.4752,-0.1464,1.2203,-0.0855,64.627,64.586,-5.847,109.0083,0.0342,0.0,0.0,0.0,-0.03,1139.3,0.0,10.0,270.0,0,96.558,-0.03471611920328965,0.055924010007153496,-0.03,0.09182764753830486,0.2870112614516111,1.0,0.0,360.61917271565284,8.672414980809227,2.2280000000000086,18.47,5.687267667800748,0.0015777481727378246,0.1844860015127628,4.385009838314062,-0.0020241615083023135,-6.544800000000009,0.0,-0.7430226689671439,flare,-0.7379901370529751,-1.109132131919555,-3.2333062585941947,
96.65,63.96774538,-22.60526591,148.202,21.332,-1.0128,-1.6017,353.4672,-0.1525,1.2189,-0.0897,64.522,64.485,-5.6535,108.8381,0.0469,0.0,0.0,0.0,-0.03,1135.4,0.0,10.0,270.0,0,96.65,-0.03463860452299944,0.05576603897351298,-0.03,0.0918972217581987,0.28461680823109115,1.0,0.0,363.6613734235443,8.67282286436855,1.7019999999999982,17.832,5.687267667800748,0.001314790143948187,0.18470330104393873,4.388555178505941,0.004689625166548694,-6.552799999999934,0.0,-0.7792300943179482,flare,-0.7386758383521297,-1.1202474863065106,-3.102383144639089,
96.742,63.96777264,-22.60526588,147.693,20.712,-1.0269,-1.49,353.4588,-0.1567,1.2174,-0.0936,64.415,64.381,-5.4615,108.6636,0.0592,0.0,0.0,0.0,-0.03,1131.6,0.0,10.0,270.0,0,96.742,-0.03453584342194499,0.05561819742570942,-0.03,0.09197013944581023,0.28220489009497335,1.0,0.0,366.7002298297947,8.673231915309419,1.193000000000012,17.212,5.687267667800748,0.0010956584532901558,0.18492088732489295,4.392109664259079,0.011214774879476863,-6.561199999999985,0.0,-0.8141222201309418,flare,-0.739362946523606,-1.1310805510824284,-2.974371976047995,
96.833,63.96779984,-22.60526585,147.202,20.105,-1.0414,-1.3785,353.4501,-0.1592,1.2151,-0.0973,64.305,64.276,-5.2709,108.4849,0.0711,0.0,0.0,0.0,-0.03,1127.9,0.0,10.0,270.0,0,96.833,-0.03440727859257742,0.0554656221218002,-0.03,0.09204551528224236,0.27976330494956003,1.0,0.0,369.73239763117874,8.673643301187985,0.7019999999999982,16.605,5.687267667800748,0.0009130487110751298,0.18513855477650398,4.395634540095489,0.017551118543764233,-6.569899999999961,0.0,-0.8500012191000638,flare,-0.7400468194915675,-1.141624171005331,-2.848454338975535,
96.958,63.96783687,-22.60526579,146.561,19.311,-1.0614,-1.2268,353.4376,-0.1605,1.2107,-0.1023,64.153,64.127,-5.0136,108.2347,0.0865,0.0,0.0,0.0,-0.03,1123.0,0.0,10.0,270.0,0,96.958,-0.034203511407453424,0.05530475379662156,-0.03,0.09215355373156064,0.27645202327834206,1.0,0.0,373.86038228593054,8.67514198661479,0.06100000000000705,15.811,5.687267667800748,0.0007608739258959415,0.18545574393551184,4.400501364170363,0.02579015669397222,-6.582400000000007,0.0,-0.8832738355455133,flare,-0.7410129471185769,-1.1554478542070008,-2.683125440534506,
97.05,63.96786397,-22.60526574,146.11,18.75,-1.0762,-1.116,353.4281,-0.1598,1.2063,-0.106,64.039,64.016,-4.8271,108.0465,0.0972,0.0,0.0,0.0,-0.03,1119.4,0.0,10.0,270.0,0,97.05,-0.03403369847013632,0.05520674776758869,-0.03,0.09223545776313291,0.2740342270934872,1.0,0.0,376.88140275616234,8.676537138241216,-0.38999999999998636,15.25,5.687267667800748,0.0006340616049132846,0.18569488057294017,4.404090422332952,0.03154399509745076,-6.59190000000001,0.0,-0.9156244354761641,flare,-0.7417322897463698,-1.1651678029784502,-2.566068812834236,
97.133,63.96789102,-22.60526568,145.677,18.206,-1.0908,-1.0057,353.4182,-0.1584,1.2006,-0.1099,63.923,63.902,-4.6426,107.8542,0.1075,0.0,0.0,0.0,-0.03,1115.9,0.0,10.0,270.0,0,97.133,-0.033860184742957544,0.055126216572816605,-0.03,0.09232062182546219,0.2716298632588719,1.0,0.0,379.89684956002577,8.678424172828878,-0.8230000000000075,14.706,5.687267667800748,0.0005283846707610705,0.18594470903800758,4.407339183014652,0.03710759764589966,-6.601799999999912,0.0,-0.9594395196552225,flare,-0.7424273052552159,-1.1745647551239173,-2.452507533895827,
97.258,63.96792538,-22.6052656,145.15,17.538,-1.109,-0.866,353.4051,-0.1539,1.1921,-0.1149,63.772,63.753,-4.411,107.6037,0.1199,0.0,0.0,0.0,-0.03,1111.5,0.0,10.0,270.0,0,97.258,-0.03364075778589215,0.055044855538088105,-0.03,0.09243301785543911,0.2685999437619455,1.0,0.0,383.7271916640282,8.681006629879127,-1.3499999999999943,14.038,5.687267667800748,0.0004403205589675588,0.18626684434945479,4.412258625295773,0.04384316822228129,-6.614900000000034,0.0,-0.9820359269592955,flare,-0.7434058637010317,-1.186145960809755,-2.313171424626277,
97.35,63.96795232,-22.60526553,144.755,17.04,-1.123,-0.757,353.3944,-0.1507,1.1839,-0.1191,63.651,63.634,-4.231,107.4028,0.1291,0.0,0.0,0.0,-0.03,1108.0,0.0,10.0,270.0,0,97.35,-0.03346464190829318,0.05503255460090958,-0.03,0.0925245722269411,0.26628800105907596,1.0,0.0,386.73037619824123,8.683387882017051,-1.7450000000000045,13.54,5.687267667800748,0.0003669337991396323,0.18652771936702667,4.415888249026632,0.04887047239634512,-6.625599999999963,0.0,-1.0123251509906608,flare,-0.7441583632849493,-1.1948223568955072,-2.209500245643558,
97.442,63.96798165,-22.60526544,144.343,16.518,-1.138,-0.6391,353.3823,-0.1465,1.1738,-0.124,63.517,63.502,-4.0366,107.1796,0.1387,0.0,0.0,0.0,-0.03,1104.3,0.0,10.0,270.0,0,97.442,-0.03327105711656658,0.055063727884743924,-0.03,0.09262783482436043,0.2638184833142247,1.0,0.0,389.999990478701,8.686656007394385,-2.1570000000000107,13.018,5.687267667800748,0.0003057781659496936,0.18682693752614962,4.419534269982023,0.05414582795901879,-6.637699999999995,0.0,-1.0527066590033696,flare,-0.7449631349640384,-1.2039488297544807,-2.1011354466343564,
97.542,63.96800849,-22.60526536,143.982,16.057,-1.1512,-0.5319,353.3707,-0.1424,1.1628,-0.1288,63.393,63.379,-3.8605,106.9714,0.1469,0.0,0.0,0.0,-0.03,1100.9,0.0,10.0,270.0,0,97.542,-0.03310273954358167,0.05513226315832895,-0.03,0.09272656046734229,0.26160037949033826,1.0,0.0,392.99202750994925,8.689531088129634,-2.5180000000000007,12.556999999999999,5.687267667800748,0.00025481513829141134,0.1870989086701267,4.423512379949096,0.05868219654556128,-6.649300000000039,0.0,-1.0697333263666922,flare,-0.7457695313068697,-1.2119678528301723,-2.0057769232688347,
97.633,63.96803527,-22.60526528,143.636,15.613,-1.1642,-0.4259,353.3587,-0.1387,1.1447,-0.1337,63.267,63.254,-3.6869,106.7599,0.1548,0.0,0.0,0.0,-0.03,1097.6,0.0,10.0,270.0,0,97.633,-0.03293272936129776,0.05522702996135123,-0.03,0.09282841241386208,0.2594330800539662,1.0,0.0,395.9773759363311,8.692408503628524,-2.8640000000000043,12.113,5.687267667800748,0.00021234594857617612,0.18737107093467814,4.427145159851639,0.06307782653243521,-6.661299999999983,0.0,-1.0983589680256702,flare,-0.7465372234065235,-1.219716971146683,-1.9143116037050723,
97.758,63.9680717,-22.60526515,143.191,15.032,-1.1812,-0.2852,353.3416,-0.1339,1.0987,-0.1407,63.092,63.079,-3.4553,106.466,0.1649,0.0,0.0,0.0,-0.03,1093.0,0.0,10.0,270.0,0,97.758,-0.03271386985435587,0.05537464795193489,-0.03,0.09297306292680618,0.25655439662522334,1.0,0.0,400.0384757451067,8.697360097789822,-3.3089999999999975,11.532,5.687267667800748,0.0001769549571468134,0.18776468236248764,4.432169306980901,0.06874257027217823,-6.6784000000000106,0.0,-1.1257808800233398,flare,-0.7476215728973052,-1.2298451553915957,-1.795293243136415,
97.842,63.96809835,-22.60526506,142.883,14.624,-1.1934,-0.1863,353.3285,-0.1304,1.0553,-0.1461,62.962,62.95,-3.2904,106.2468,0.1719,0.0,0.0,0.0,-0.03,1089.6,0.0,10.0,270.0,0,97.842,-0.032551321917156095,0.055483573597532226,-0.03,0.09308348869023353,0.2545062760514371,1.0,0.0,403.00933236609063,8.700732509267858,-3.6169999999999902,11.124,5.687267667800748,0.00014746246428901116,0.18804798807997983,4.435555263920073,0.07270054160949257,-6.691499999999905,0.0,-1.164129804350212,flare,-0.7483760724824862,-1.2369164526619123,-1.7122392305613054,
97.933,63.96812495,-22.60526496,142.589,14.232,-1.2052,-0.0915,353.3148,-0.126,1.0069,-0.1518,62.83,62.818,-3.1308,106.0245,0.1785,0.0,0.0,0.0,-0.03,1086.3,0.0,10.0,270.0,0,97.933,-0.03239706647678314,0.05556977961911677,-0.03,0.09319861170446508,0.2525196189567067,1.0,0.0,405.9746153222905,8.704596803706579,-3.9110000000000014,10.732,5.687267667800748,0.0001228853869075093,0.1883421759144926,4.439239884294402,0.07646154407979111,-6.705199999999991,0.0,-1.1901679540046812,flare,-0.7491785691491302,-1.2437637511378465,-1.632903119858332,
98.058,63.96815872,-22.60526483,142.236,13.753,-1.2196,0.0226,353.2967,-0.1213,0.9428,-0.1595,62.661,62.648,-2.936,105.7376,0.1865,0.0,0.0,0.0,-0.03,1082.1,0.0,10.0,270.0,0,98.058,-0.03221804727836469,0.055637197270726885,-0.03,0.09335014355327487,0.2500693196484435,1.0,0.0,409.7391870057536,8.709651905714308,-4.26400000000001,10.253,5.687267667800748,0.00010240448908959108,0.18871984492823213,4.4443330320592045,0.08105820255244112,-6.723299999999995,0.0,-1.2048799581860716,flare,-0.750249724839378,-1.2522673853444122,-1.5366360543697972,
98.15,63.96818519,-22.60526472,141.975,13.393,-1.2306,0.107,353.2818,-0.1188,0.8936,-0.166,62.527,62.513,-2.7885,105.5099,0.1923,0.0,0.0,0.0,-0.03,1078.8,0.0,10.0,270.0,0,98.15,-0.032076130830956284,0.055667568126015005,-0.03,0.09347440262707563,0.24821301567737625,1.0,0.0,412.68997815655547,8.714011195958113,-4.525000000000006,9.893,5.687267667800748,8.53370742413259e-05,0.18902523695824552,4.448094065894382,0.08442589937615708,-6.738200000000006,0.0,-1.2277564837264705,flare,-0.7510755688083819,-1.2585586580344312,-1.4648183903553145,
98.242,63.9682116,-22.60526461,141.726,13.046,-1.2415,0.1869,353.2663,-0.1171,0.8466,-0.1728,62.392,62.377,-2.6469,105.2804,0.1976,0.0,0.0,0.0,-0.03,1075.6,0.0,10.0,270.0,0,98.242,-0.03192485019116831,0.055653074397718966,-0.03,0.09360320296441471,0.24641315362755806,1.0,0.0,415.63408070249096,8.718372821139623,-4.774000000000001,9.546,5.687267667800748,7.111422853443825e-05,0.18933088281955252,4.451871685311704,0.0875378962984712,-6.753699999999981,0.0,-1.2495414674193208,flare,-0.7519036146059044,-1.2644692718548018,-1.3960605052361554,
98.333,63.96823796,-22.6052645,141.49,12.713,-1.2521,0.2627,353.2502,-0.1143,0.8022,-0.1797,62.256,62.24,-2.512,105.0492,0.2026,0.0,0.0,0.0,-0.03,1072.3,0.0,10.0,270.0,0,98.333,-0.031777853737867234,0.055578933187824336,-0.03,0.09373648984154859,0.2446772844599893,1.0,0.0,418.57260941262206,8.722736391782881,-5.009999999999991,9.213,5.687267667800748,5.9261857112031876e-05,0.18963685278290032,4.455624628136169,0.09050165576653058,-6.769800000000032,0.0,-1.2718109244271665,flare,-0.7527293003922857,-1.2701536437303194,-1.3305332948383413,
98.45,63.9682738,-22.60526434,141.188,12.277,-1.2662,0.3597,353.2272,-0.1114,0.7463,-0.1892,62.07,62.052,-2.3396,104.7316,0.2086,0.0,0.0,0.0,-0.03,1068.0,0.0,10.0,270.0,0,98.45,-0.031568192621726665,0.05535430419184226,-0.03,0.09392601721885296,0.24239359884225226,1.0,0.0,422.5679384580255,8.729180756252193,-5.312000000000012,8.777,5.687267667800748,4.938488092669323e-05,0.19006509371002928,4.460485308050512,0.09411917512645118,-6.792799999999943,0.0,-1.3007138940013812,flare,-0.7538407235289846,-1.2772468632681182,-1.2454542918024014,
98.55,63.96830002,-22.60526422,140.98,11.971,-1.2764,0.4265,353.2096,-0.1092,0.7093,-0.1961,61.933,61.913,-2.2221,104.4971,0.2126,0.0,0.0,0.0,-0.03,1064.8,0.0,10.0,270.0,0,98.55,-0.031413966336724886,0.055083953511371714,-0.03,0.09407034578211426,0.240784695688189,1.0,0.0,425.4908605952809,8.734039712175935,-5.52000000000001,8.471,5.687267667800748,4.115406743891103e-05,0.19038235948258111,4.464655259638601,0.09656845900809685,-6.810399999999959,0.0,-1.307012630910354,flare,-0.754728293935969,-1.282251706441503,-1.1862535315737706,
98.642,63.96832618,-22.6052641,140.781,11.675,-1.2863,0.4901,353.1913,-0.108,0.6744,-0.2028,61.795,61.773,-2.1121,104.2615,0.2161,0.0,0.0,0.0,-0.03,1061.6,0.0,10.0,270.0,0,98.642,-0.03125570853220361,0.05470905378978422,-0.03,0.09421977019956362,0.23922451643500214,1.0,0.0,428.40709412766984,8.738901002689257,-5.718999999999994,8.175,5.687267667800748,3.429505619909252e-05,0.19069989677901183,4.468508040679378,0.09875524735838326,-6.828700000000026,0.0,-1.324556937191231,flare,-0.7555804429168127,-1.2868094955267573,-1.1294069250555605,
98.733,63.96835228,-22.60526397,140.593,11.389,-1.2962,0.5506,353.1724,-0.1058,0.6444,-0.2092,61.657,61.633,-2.0097,104.0249,0.2192,0.0,0.0,0.0,-0.03,1058.5,0.0,10.0,270.0,0,98.733,-0.03108738162278224,0.054232841369333956,-0.03,0.09437340415826123,0.23771422047530005,1.0,0.0,431.316639227005,8.74425456529081,-5.907000000000011,7.888999999999999,5.687267667800748,2.8579213499243768e-05,0.1910284072630913,4.472337151350259,0.10073278879039549,-6.847600000000057,0.0,-1.342004808035977,flare,-0.7564443491153803,-1.2910709016810031,-1.0748871307647327,
98.858,63.96838777,-22.6052638,140.351,11.014,-1.3093,0.629,353.1458,-0.1038,0.6075,-0.2174,61.469,61.441,-1.8818,103.701,0.2227,0.0,0.0,0.0,-0.03,1054.3,0.0,10.0,270.0,0,98.858,-0.03085268734969676,0.053419802073354755,-0.03,0.09458844281942713,0.23573098457955696,1.0,0.0,435.2729515856689,8.75120248653818,-6.149000000000001,7.513999999999999,5.687267667800748,2.3816011249369807e-05,0.1914690200247654,4.477636040722729,0.10304365900293533,-6.874199999999973,0.0,-1.3567316436690666,flare,-0.7576214520951581,-1.2963016721328398,-1.0040288868770375,
98.95,63.96841373,-22.60526368,140.182,10.748,-1.3188,0.6836,353.1256,-0.1026,0.5836,-0.223,61.33,61.3,-1.7964,103.4627,0.2248,0.0,0.0,0.0,-0.03,1051.2,0.0,10.0,270.0,0,98.95,-0.030671666409980702,0.05268190243286494,-0.03,0.09475081595639934,0.23432301923134702,1.0,0.0,438.16688977087966,8.756071559596139,-6.318000000000012,7.247999999999999,5.687267667800748,1.9846676041141504e-05,0.19178749201951786,4.481549072796975,0.10448999461686981,-6.894399999999905,0.0,-1.3707441819916464,flare,-0.7584816160614913,-1.2997604832347758,-0.954212820343816,
99.05,63.96844198,-22.60526354,140.008,10.468,-1.329,0.741,353.1031,-0.1008,0.5625,-0.2286,61.179,61.146,-1.7109,103.2021,0.2265,0.0,0.0,0.0,-0.03,1047.9,0.0,10.0,270.0,0,99.05,-0.0304637360567368,0.05176674417746488,-0.03,0.09493073535760754,0.23284063532127985,1.0,0.0,441.316110029144,8.761831397165691,-6.49199999999999,6.968,5.687267667800748,1.6538896700951254e-05,0.19214497392286645,4.485825073279938,0.10574815069725219,-6.916899999999941,0.0,-1.383403801810592,flare,-0.7594340160073578,-1.3030753042818866,-0.9021871457978907,
99.15,63.96847016,-22.6052634,139.841,10.196,-1.339,0.7963,353.08,-0.0995,0.5441,-0.2337,61.028,60.991,-1.6319,102.9415,0.2275,0.0,0.0,0.0,-0.03,1044.7,0.0,10.0,270.0,0,99.15,-0.030242754181226073,0.05074568380883224,-0.03,0.09511442031289075,0.23140095238278333,1.0,0.0,444.4575269158565,8.767593958625877,-6.658999999999992,6.696,5.687267667800748,1.3782413917459377e-05,0.1925028028020265,4.490122603315874,0.10662306862002424,-6.940000000000055,0.0,-1.3949125471005297,flare,-0.7603892968792358,-1.3058196793289945,-0.8520631775571754,
99.242,63.96849593,-22.60526327,139.695,9.953,-1.3482,0.8454,353.0583,-0.0999,0.5261,-0.2382,60.889,60.85,-1.5639,102.703,0.2278,0.0,0.0,0.0,-0.03,1041.8,0.0,10.0,270.0,0,99.242,-0.030020636111678878,0.04973101987729581,-0.03,0.09528602037829925,0.23011558583803907,1.0,0.0,447.330284691595,8.772960362426348,-6.805000000000007,6.452999999999999,5.687267667800748,1.1485344931216147e-05,0.1928329092816715,4.494093521652952,0.10708447824384848,-6.961700000000064,0.0,-1.4054540942020604,flare,-0.7612712795913659,-1.3078340414461334,-0.8076374926600156,
99.333,63.96852397,-22.60526313,139.542,9.695,-1.3581,0.8975,353.0343,-0.0981,0.5164,-0.2426,60.739,60.696,-1.4948,102.4433,0.2274,0.0,0.0,0.0,-0.03,1038.6,0.0,10.0,270.0,0,99.333,-0.029758069941609844,0.04855583187149201,-0.03,0.09547473419552022,0.22875225574138935,1.0,0.0,450.4560948344113,8.778728371494028,-6.957999999999998,6.195,5.687267667800748,9.571120776013455e-06,0.19319135659762887,4.498041851420989,0.10718292813427865,-6.985699999999952,0.0,-1.4275356900338567,flare,-0.7621879794821531,-1.309356189774876,-0.7608430858488457,
99.433,63.96854962,-22.605263,139.408,9.465,-1.367,0.9446,353.0119,-0.0961,0.5105,-0.2463,60.601,60.555,-1.4357,102.2057,0.2265,0.0,0.0,0.0,-0.03,1035.8,0.0,10.0,270.0,0,99.433,-0.02951253736376186,0.04740094929789526,-0.03,0.0956498493873783,0.22753851759169752,1.0,0.0,453.31547540120926,8.784099444821502,-7.092000000000013,5.965,5.687267667800748,7.975933980011212e-06,0.19352209249937688,4.502400587832857,0.10697406127860631,-7.008100000000013,0.0,-1.42321426366713,flare,-0.7631145259523819,-1.3104322874703875,-0.7194576915561743,
99.558,63.96858449,-22.60526283,139.234,9.161,-1.3789,1.0079,352.9809,-0.0941,0.5013,-0.2508,60.414,60.364,-1.3606,101.8824,0.2241,0.0,0.0,0.0,-0.03,1032.0,0.0,10.0,270.0,0,99.558,-0.02914570314844278,0.0457456062264083,-0.03,0.09589057599101358,0.22593731313610135,1.0,0.0,457.2026721817986,8.791071491957887,-7.265999999999991,5.661,5.687267667800748,6.646611650009343e-06,0.19396560690441275,4.507886286246605,0.10602729697569657,-7.039099999999962,0.0,-1.4298311487882984,flare,-0.7643164826155981,-1.310814923202667,-0.6652442745578959,
99.65,63.96860999,-22.6052627,139.112,8.943,-1.3875,1.0534,352.9578,-0.0922,0.4951,-0.2538,60.278,60.224,-1.3093,101.646,0.2217,0.0,0.0,0.0,-0.03,1029.2,0.0,10.0,270.0,0,99.65,-0.028861671645362352,0.04447185950066182,-0.03,0.09606873338585253,0.2247916603801271,1.0,0.0,460.04533123801485,8.796448402193912,-7.388000000000005,5.443,5.687267667800748,5.5388430416744525e-06,0.19429693289192365,4.511937419461506,0.10496757546189883,-7.062199999999962,0.0,-1.4342338506771137,flare,-0.7652091021381047,-1.3105643704448244,-0.6267149704285178,
99.742,63.96863775,-22.60526257,138.984,8.711,-1.3966,1.1027,352.9322,-0.0887,0.4929,-0.2569,60.129,60.071,-1.2569,101.3887,0.2183,0.0,0.0,0.0,-0.03,1026.3,0.0,10.0,270.0,0,99.742,-0.02853421928749328,0.04300926594978735,-0.03,0.09626495257479284,0.2235752082940511,1.0,0.0,463.13992772360285,8.801737369673331,-7.515999999999991,5.211,5.687267667800748,4.615702534728711e-06,0.19464596679645907,4.516008240320431,0.10336334660482294,-7.087800000000016,0.0,-1.451082156742043,flare,-0.7661272244601349,-1.3095356154519102,-0.5860351722612354,
99.842,63.96866313,-22.60526244,138.871,8.504,-1.4046,1.1479,352.9086,-0.0846,0.4929,-0.2595,59.994,59.932,-1.2116,101.1534,0.2147,0.0,0.0,0.0,-0.03,1023.6,0.0,10.0,270.0,0,99.842,-0.028236513521786688,0.04163850458720661,-0.03,0.0964447070088369,0.22249256110260132,1.0,0.0,465.96920957167055,8.80711894943608,-7.628999999999991,5.004,5.687267667800748,3.846418778940592e-06,0.1949778957281778,4.5204526690921805,0.1016111904152126,-7.111400000000003,0.0,-1.441892869765499,flare,-0.7670649898395467,-1.3083144957110857,-0.5500245798314349,
99.933,63.96868845,-22.60526232,138.763,8.3,-1.4123,1.1929,352.8847,-0.081,0.4915,-0.2619,59.858,59.793,-1.1685,100.9187,0.2105,0.0,0.0,0.0,-0.03,1021.0,0.0,10.0,270.0,0,99.933,-0.027927292624737587,0.04020916056846463,-0.03,0.09662563709395433,0.22142838950545718,1.0,0.0,468.7918026438514,8.812012926637603,-7.736999999999995,4.800000000000001,5.687267667800748,3.2053489824504933e-06,0.1952992392800727,4.524512860103754,0.09950950712365625,-7.135299999999916,0.0,-1.4466758356509437,flare,-0.7679454942200792,-1.306483398323964,-0.5148025899321418,
100.058,63.96872288,-22.60526216,138.621,8.029,-1.4221,1.2542,352.8518,-0.0763,0.4881,-0.2651,59.674,59.604,-1.1129,100.5996,0.2038,0.0,0.0,0.0,-0.03,1017.6,0.0,10.0,270.0,0,100.058,-0.02750009871447401,0.038218265417652914,-0.03,0.09687287464576555,0.220019426878417,1.0,0.0,472.62994948836104,8.81851215822183,-7.878999999999991,4.529,5.687267667800748,2.6711241520420777e-06,0.1957338749639185,4.530127457557145,0.09607266719271479,-7.168199999999956,0.0,-1.448978032409947,flare,-0.7691502899773361,-1.3031364702397354,-0.4684270119688634,
100.15,63.96875035,-22.60526204,138.512,7.817,-1.4296,1.3027,352.8251,-0.0721,0.4849,-0.2676,59.528,59.453,-1.0708,100.3451,0.1978,0.0,0.0,0.0,-0.03,1014.8,0.0,10.0,270.0,0,100.15,-0.027146979592723552,0.03659229769640279,-0.03,0.09707196689660824,0.21892131236625972,1.0,0.0,475.69221754845074,8.823322473066481,-7.9879999999999995,4.317,5.687267667800748,2.225936793368398e-06,0.19607324190864656,4.534273804942899,0.09294114519803998,-7.194899999999961,0.0,-1.4615215314398755,flare,-0.7700642041343642,-1.299811076592439,-0.432481370499433,
100.25,63.96877547,-22.60526193,138.416,7.627,-1.436,1.3472,352.8005,-0.0668,0.4874,-0.27,59.394,59.315,-1.0342,100.1124,0.1918,0.0,0.0,0.0,-0.03,1012.4,0.0,10.0,270.0,0,100.25,-0.026828897128322593,0.035061865396186526,-0.03,0.09725416898286632,0.21794046197732542,1.0,0.0,478.49251510164095,8.827734295488051,-8.084000000000003,4.127,5.687267667800748,1.8549473278069984e-06,0.196384572769502,4.538798016203373,0.08976978940978597,-7.219499999999925,0.0,-1.450474119490803,flare,-0.7709838671790266,-1.296434456582757,-0.4005172313928984,
100.342,63.96880053,-22.60526182,138.323,7.44,-1.4421,1.3916,352.7757,-0.0638,0.4816,-0.2723,59.261,59.178,-0.9987,99.8803,0.1853,0.0,0.0,0.0,-0.03,1010.0,0.0,10.0,270.0,0,100.342,-0.026502818000087358,0.03352141379907311,-0.03,0.09743665776753219,0.21697835213924352,1.0,0.0,481.286124051549,8.832148452846766,-8.176999999999992,3.9400000000000004,5.687267667800748,1.5457894398391653e-06,0.19669612199047345,4.542975078843472,0.08629619417661161,-7.244300000000067,0.0,-1.4500357608019132,flare,-0.7718646598129411,-1.2925461683049217,-0.36929171487266466,
100.433,63.96882553,-22.60526172,138.233,7.257,-1.4477,1.4357,352.7506,-0.0582,0.4838,-0.2747,59.128,59.04,-0.9649,99.6489,0.1784,0.0,0.0,0.0,-0.03,1007.7,0.0,10.0,270.0,0,100.433,-0.02618109066307006,0.03194918285154402,-0.03,0.09762013343749987,0.2160401262301482,1.0,0.0,484.0730442247782,8.836075007470473,-8.266999999999996,3.7569999999999997,5.687267667800748,1.2881578665326377e-06,0.1969969649479897,4.547121444914581,0.08257570474631848,-7.269399999999905,0.0,-1.451081460868863,flare,-0.7727279089120032,-1.2882611403955124,-0.3389605079007687,
100.558,63.96885954,-22.60526159,138.116,7.012,-1.4546,1.4963,352.7161,-0.052,0.4834,-0.2781,58.947,58.854,-0.9206,99.3343,0.1683,0.0,0.0,0.0,-0.03,1004.5,0.0,10.0,270.0,0,100.558,-0.025746118484082425,0.029773537793457955,-0.03,0.0978703184893015,0.2147894481058491,1.0,0.0,487.86437032612247,8.841120770424194,-8.383999999999986,3.5119999999999996,5.687267667800748,1.0734648887771981e-06,0.19740067366700897,4.5528501897691465,0.07707493247730213,-7.303899999999999,0.0,-1.4508013280626006,flare,-0.773904887935501,-1.2817763600141951,-0.29870649099654223,
100.658,63.96888666,-22.60526149,138.026,6.821,-1.4597,1.5443,352.6881,-0.0476,0.4819,-0.281,58.803,58.705,-0.8865,99.0835,0.1596,0.0,0.0,0.0,-0.03,1002.1,0.0,10.0,270.0,0,100.658,-0.025392334772283698,0.028021811452633882,-0.03,0.09807166401062728,0.2138189667201952,1.0,0.0,490.88762118641165,8.844964830246356,-8.47399999999999,3.3209999999999997,5.687267667800748,8.945540739809984e-07,0.19771943956062127,4.557445966425978,0.07228982122896355,-7.331899999999905,0.0,-1.4498193891478313,flare,-0.774842384337763,-1.2760053937073739,-0.2676074537880666,
100.75,63.96891146,-22.6052614,137.946,6.648,-1.4639,1.5885,352.6622,-0.043,0.4868,-0.2839,58.672,58.57,-0.8559,98.8548,0.1512,0.0,0.0,0.0,-0.03,999.9,0.0,10.0,270.0,0,100.75,-0.025071020134229294,0.026415062619355445,-0.03,0.0982565509170531,0.2129435469703063,1.0,0.0,493.65224584144215,8.848409230263892,-8.554000000000002,3.1479999999999997,5.687267667800748,7.454617283174986e-07,0.1980100106041187,4.561686719771184,0.0676347441583971,-7.3577999999999975,0.0,-1.447464266814236,flare,-0.7757027613928535,-1.270313468938415,-0.2396543967723943,
100.85,63.96893846,-22.60526131,137.863,6.464,-1.468,1.6376,352.6337,-0.0384,0.4964,-0.2873,58.529,58.423,-0.8227,98.6066,0.1415,0.0,0.0,0.0,-0.03,997.5,0.0,10.0,270.0,0,100.85,-0.0247190463542854,0.024668898547212603,-0.03,0.0984584911063967,0.21201638076706394,1.0,0.0,496.66211932097815,8.851768022288464,-8.637,2.9640000000000004,5.687267667800748,6.212181069312489e-07,0.19831830878963666,4.56631292825091,0.06221911348927733,-7.386300000000006,0.0,-1.4458766061947614,flare,-0.776629918773935,-1.2635804931778445,-0.210149693278737,
100.95,63.96896538,-22.60526123,137.782,6.283,-1.4717,1.6875,352.6048,-0.0344,0.5067,-0.2908,58.388,58.277,-0.7893,98.3597,0.1313,0.0,0.0,0.0,-0.03,995.2,0.0,10.0,270.0,0,100.95,-0.024363744659431086,0.02295967459320697,-0.03,0.09866165452844888,0.21110842296077592,1.0,0.0,499.66307449125605,8.854639990005804,-8.71799999999999,2.7830000000000004,5.687267667800748,5.176817557760407e-07,0.1986157203163183,4.570953457188373,0.05648387888106754,-7.415199999999913,0.0,-1.442615096540686,flare,-0.7775443726327822,-1.256348539377841,-0.18135421102188864,
101.042,63.96899,-22.60526115,137.712,6.12,-1.4748,1.734,352.578,-0.0329,0.5088,-0.2941,58.259,58.143,-0.7582,98.1345,0.1215,0.0,0.0,0.0,-0.03,993.1,0.0,10.0,270.0,0,101.042,-0.024033637728603008,0.02141546107455719,-0.03,0.0988486066177563,0.21029435691331105,1.0,0.0,502.4076331622514,8.85760145698884,-8.788000000000011,2.62,5.687267667800748,4.3140146314670057e-07,0.19889585347863856,4.575234285106363,0.050937678938794306,-7.442000000000007,0.0,-1.4389386253136667,flare,-0.7783955348141838,-1.2493047282406309,-0.15561691823671708,
101.133,63.96901457,-22.60526109,137.644,5.96,-1.4777,1.7811,352.5509,-0.0286,0.5221,-0.2976,58.13,58.01,-0.7272,97.9103,0.1113,0.0,0.0,0.0,-0.03,991.1,0.0,10.0,270.0,0,101.133,-0.023694597226397163,0.019878005907772278,-0.03,0.09903623508714254,0.20949869719741632,1.0,0.0,505.1466176546094,8.85958499513229,-8.855999999999995,2.46,5.687267667800748,3.5950121928891715e-07,0.19915417169757021,4.579479104066019,0.04513122228192401,-7.469100000000026,0.0,-1.4369971518835594,flare,-0.7792139481032976,-1.2418208012896645,-0.13053336190312415,
101.258,63.96904798,-22.60526101,137.556,5.754,-1.481,1.8472,352.5134,-0.0242,0.5347,-0.3023,57.956,57.83,-0.684,97.6061,0.0968,0.0,0.0,0.0,-0.03,988.4,0.0,10.0,270.0,0,101.258,-0.023235755884386255,0.017872224814367482,-0.03,0.09929352167230832,0.20847944120781575,1.0,0.0,508.87105685773287,8.862204419270196,-8.943999999999988,2.2539999999999996,5.687267667800748,2.9958434940743093e-07,0.19950457113340403,4.5853360125240865,0.03682257193489136,-7.506599999999935,0.0,-1.4329065017123264,flare,-0.7803352533853456,-1.2310361486055825,-0.09850198229423235,
101.35,63.96907463,-22.60526095,137.49,5.597,-1.4834,1.9007,352.483,-0.0214,0.5404,-0.3061,57.818,57.686,-0.6489,97.3638,0.0848,0.0,0.0,0.0,-0.03,986.2,0.0,10.0,270.0,0,101.35,-0.02285975431085463,0.01632500491586472,-0.03,0.09950009748838007,0.20770664477968456,1.0,0.0,511.8419129664477,8.86410701877335,-9.009999999999991,2.0970000000000004,5.687267667800748,2.4965362450619243e-07,0.1997805980944644,4.589654130443703,0.02990233407237497,-7.537000000000035,0.0,-1.4390059106475765,flare,-0.7811852119966254,-1.2219267902364894,-0.07428975308582864,
101.45,63.969099,-22.60526091,137.432,5.456,-1.4852,1.9505,352.4548,-0.0175,0.5486,-0.3096,57.691,57.555,-0.6165,97.1425,0.0735,0.0,0.0,0.0,-0.03,984.3,0.0,10.0,270.0,0,101.45,-0.022522356778830466,0.014916924739671655,-0.03,0.0996901259009485,0.2070156468540215,1.0,0.0,514.5586017687946,8.865118464986038,-9.068000000000012,1.9560000000000004,5.687267667800748,2.0804468708849367e-07,0.20001714153314096,4.594356997495539,0.02335114898838242,-7.565200000000004,0.0,-1.4236417369523282,flare,-0.7820266440626291,-1.2133577341183681,-0.05269295372722205,
101.542,63.96912332,-22.60526087,137.378,5.318,-1.4868,2.0007,352.4263,-0.0162,0.5454,-0.3129,57.565,57.425,-0.5833,96.9219,0.0619,0.0,0.0,0.0,-0.03,982.4,0.0,10.0,270.0,0,101.542,-0.022178500303013493,0.013553744916635718,-0.03,0.0998806148646606,0.20634220208349618,1.0,0.0,517.2697167345449,8.866131856660756,-9.122000000000014,1.8179999999999996,5.687267667800748,1.7337057257374474e-07,0.20025379554945608,4.598690985227103,0.016592434420459767,-7.593699999999899,0.0,-1.4187256897195142,flare,-0.7828266154851775,-1.204414259729191,-0.03169155478338226,
101.633,63.96914758,-22.60526084,137.326,5.184,-1.4881,2.0507,352.3975,-0.0128,0.5485,-0.3163,57.439,57.294,-0.5501,96.7019,0.05,0.0,0.0,0.0,-0.03,980.6,0.0,10.0,270.0,0,101.633,-0.02183323452503505,0.012207150107883397,-0.03,0.10007151631506361,0.20569103214827325,1.0,0.0,519.9741429244084,8.866657645774247,-9.174000000000007,1.6840000000000002,5.687267667800748,1.4447547714478727e-07,0.2004794018977631,4.60298524814461,0.009624947600400446,-7.622499999999945,0.0,-1.415624752891872,flare,-0.7836075775775484,-1.1951281141744268,-0.011427808303119846,
101.758,63.96918058,-22.60526081,137.261,5.006,-1.4895,2.1193,352.3577,-0.0097,0.5462,-0.3209,57.269,57.117,-0.5036,96.4033,0.0334,0.0,0.0,0.0,-0.03,978.1,0.0,10.0,270.0,0,101.758,-0.021360872298568034,0.010446336549464225,-0.03,0.10033269937806655,0.20483033301972767,1.0,0.0,523.6528758098037,8.866843337678697,-9.239000000000004,1.5060000000000002,5.687267667800748,1.203962309539894e-07,0.20077507017207283,4.608903026715517,-0.00014923805338185048,-7.662299999999959,0.0,-1.4105679571744303,flare,-0.7846637623337287,-1.182040791349646,0.015292868052684483,
101.85,63.96920471,-22.60526079,137.217,4.879,-1.4904,2.169,352.3281,-0.0086,0.542,-0.3243,57.144,56.988,-0.466,96.1855,0.0208,0.0,0.0,0.0,-0.03,976.4,0.0,10.0,270.0,0,101.85,-0.02100272121937241,0.009253679102500079,-0.03,0.10052496793089749,0.20421928949630963,1.0,0.0,526.3428098530206,8.86688424829538,-9.282999999999987,1.3789999999999996,5.687267667800748,1.0033019246165782e-07,0.20098966068182925,4.613260106216317,-0.0076098560043362795,-7.691900000000032,0.0,-1.4058522930834758,flare,-0.7854373184383086,-1.1720012120932992,0.0342200827561836,
101.942,63.96922879,-22.60526079,137.176,4.756,-1.4912,2.2186,352.2983,-0.0068,0.5412,-0.3278,57.021,56.86,-0.4261,95.9689,0.0078,0.0,0.0,0.0,-0.03,974.6,0.0,10.0,270.0,0,101.942,-0.0206309883813921,0.00816320846165422,-0.03,0.10071683305316459,0.20362995884043508,1.0,0.0,529.0271697176003,8.865947229898415,-9.324000000000012,1.2560000000000002,5.687267667800748,8.360849371804818e-08,0.20118207368597088,4.617621526003029,-0.01534320931867228,-7.721700000000055,0.0,-1.39958904114308,flare,-0.7861822010188462,-1.1615081315328624,0.05244180939706666,
102.033,63.969255,-22.60526079,137.136,4.626,-1.4918,2.2725,352.2653,-0.0051,0.538,-0.3316,56.887,56.721,-0.3805,95.7338,-0.0068,0.0,0.0,0.0,-0.03,972.8,0.0,10.0,270.0,0,102.033,-0.020216832850020294,0.0070483182174397585,-0.03,0.10092731010688782,0.2030097703702937,1.0,0.0,531.9489750343413,8.864927327399403,-9.364000000000004,1.1260000000000003,5.687267667800748,6.967374476504015e-08,0.2013919721458903,4.621941410172763,-0.02406973608103158,-7.754699999999957,0.0,-1.4062198076325585,flare,-0.7869453878213797,-1.1495500865581612,0.07158343756045937,
102.133,63.96927896,-22.6052608,137.104,4.51,-1.4922,2.3216,352.2348,-0.0029,0.534,-0.3349,56.764,56.594,-0.3375,95.5193,-0.0205,0.0,0.0,0.0,-0.03,971.1,0.0,10.0,270.0,0,102.133,-0.019834127649023314,0.006071260098804876,-0.03,0.10111998338878325,0.202458732604193,1.0,0.0,534.6199575189598,8.863505041204577,-9.395999999999987,1.0099999999999998,5.687267667800748,5.806145397086679e-08,0.20157313576447358,4.626692252381967,-0.032296608768945134,-7.785200000000032,0.0,-1.3901998251205119,flare,-0.787719393294342,-1.1383574266085752,0.08856195074843498,
102.258,63.96931155,-22.60526082,137.066,4.36,-1.4925,2.3878,352.1927,-0.0008,0.5224,-0.3393,56.599,56.421,-0.2777,95.2281,-0.0396,0.0,0.0,0.0,-0.03,968.9,0.0,10.0,270.0,0,102.258,-0.019300013031203822,0.004843222787856483,-0.03,0.10138300662628397,0.20174953626866282,1.0,0.0,538.252984086627,8.861257000875574,-9.433999999999997,0.8600000000000003,5.687267667800748,4.8384544975722325e-08,0.20181302986883284,4.632640996730647,-0.043826084295858436,-7.827299999999923,0.0,-1.3838180228368335,flare,-0.7887057170219336,-1.1225219068591787,0.11037457869811185,
102.358,63.96933756,-22.60526085,137.041,4.246,-1.4925,2.4393,352.1586,0.0013,0.5101,-0.3428,56.467,56.284,-0.2299,94.9962,-0.0551,0.0,0.0,0.0,-0.03,967.1,0.0,10.0,270.0,0,102.358,-0.0188703442559795,0.003889707493114708,-0.03,0.10159356258134755,0.2012131118672022,1.0,0.0,541.1524935431285,8.858775069120654,-9.459000000000003,0.7460000000000004,5.687267667800748,4.0320454146435267e-08,0.20198930459000056,4.637397790533878,-0.05323287770602292,-7.861400000000003,0.0,-1.3780163843971092,flare,-0.7894739597326357,-1.1095454102155973,0.12684472633887722,
102.45,63.9693635,-22.60526089,137.02,4.136,-1.4923,2.4898,352.1241,0.0048,0.4984,-0.346,56.335,56.147,-0.183,94.7653,-0.071,0.0,0.0,0.0,-0.03,965.4,0.0,10.0,270.0,0,102.45,-0.018428652299517012,0.002935384989102896,-0.03,0.10180432691266972,0.20069763761724438,1.0,0.0,544.0441994570576,8.855805923931506,-9.47999999999999,0.6360000000000001,5.687267667800748,3.360037845536272e-08,0.20215423635852614,4.641774627054559,-0.06292710078759,-7.895899999999983,0.0,-1.383176950242431,flare,-0.7901844346017626,-1.0960488289170165,0.1426489516779501,
102.55,63.96938722,-22.60526094,137.006,4.04,-1.4917,2.535,352.0923,0.0088,0.4882,-0.3489,56.215,56.022,-0.1412,94.5544,-0.0856,0.0,0.0,0.0,-0.03,963.9,0.0,10.0,270.0,0,102.55,-0.018039982575665137,0.0020675697177723884,-0.03,0.1019965848259119,0.20024949635896924,1.0,0.0,546.6884268405055,8.852433227664996,-9.494,0.54,5.687267667800748,2.800031537946893e-08,0.2022903576431673,4.6465310807286935,-0.0718697954453944,-7.927699999999959,0.0,-1.3665245002203956,flare,-0.790899838715923,-1.083687335389138,0.15637105612370839,
102.642,63.96941304,-22.605261,136.994,3.94,-1.4907,2.5832,352.0573,0.0125,0.4748,-0.3518,56.085,55.886,-0.0971,94.3252,-0.1018,0.0,0.0,0.0,-0.03,962.3,0.0,10.0,270.0,0,102.642,-0.017611323423162295,0.0011188058987863514,-0.03,0.10220596167755058,0.19978441203793948,1.0,0.0,549.5667552034535,8.84848887752717,-9.506,0.43999999999999995,5.687267667800748,2.3333596149557444e-08,0.20243260996079304,4.650905518864185,-0.08183615926438392,-7.962700000000041,0.0,-1.3707534982240794,flare,-0.7915802189800445,-1.0697336097100827,0.170594850663921,
102.758,63.96944094,-22.60526107,136.986,3.836,-1.4892,2.6339,352.019,0.0167,0.4605,-0.3548,55.944,55.74,-0.0517,94.0778,-0.1195,0.0,0.0,0.0,-0.03,960.5,0.0,10.0,270.0,0,102.758,-0.017159138489782566,5.220922035450992e-05,-0.03,0.10243240880969295,0.19930261480189954,1.0,0.0,552.6769550117378,8.843973651424186,-9.51400000000001,0.33599999999999985,5.687267667800748,1.9444663457964537e-08,0.20258089166819687,4.656421400958088,-0.09277850852612346,-8.000999999999976,0.0,-1.3566411112381902,flare,-0.7923972543199262,-1.0545168051026952,0.18531174265803507,
102.842,63.96946449,-22.60526114,136.984,3.752,-1.4876,2.6755,351.9864,0.0195,0.447,-0.357,55.826,55.616,-0.0154,93.8693,-0.1345,0.0,0.0,0.0,-0.03,959.1,0.0,10.0,270.0,0,102.842,-0.01678025260220095,-0.0008661568857893931,-0.03,0.10262295935115551,0.19891489089724063,1.0,0.0,555.3022310076079,8.839627695845095,-9.515999999999991,0.2519999999999998,5.687267667800748,1.6203886214970448e-08,0.20269408043457313,4.6604097237919095,-0.10209581908833343,-8.033599999999979,0.0,-1.3610157288312525,flare,-0.792995871554254,-1.041412413827814,0.19714199653683728,
102.95,63.96948799,-22.60526123,136.984,3.672,-1.4856,2.716,351.9536,0.0234,0.4366,-0.3591,55.708,55.493,0.0186,93.6616,-0.1496,1.0,0.0,0.0,-0.03,957.7,0.0,10.0,270.0,1,102.95,-0.01641627596369183,-0.0017271828825957403,-0.03,0.10281264441553395,0.19867020444060232,1.0,0.0,557.9219328240484,8.834303811252633,-9.515999999999991,0.17200000000000015,5.687267667800748,1.3503238512475373e-08,0.2027846069777376,4.665532986339855,-0.11151500002225134,-8.06639999999993,-0.8711712000000255,-1.3366136255368268,flare,-0.793692685543931,-1.028301108953146,0.204601966796762,
103.033,63.96951354,-22.60526148,137.029,3.627,-1.2694,3.0931,351.761,2.4173,4.8813,-2.5982,55.576,55.316,0.5765,93.3613,-0.5336,1.0,0.0,0.0,-0.03,956.1,0.0,10.0,270.0,1,103.033,-0.011477329447495077,0.010731290240934832,-0.03,0.10388545947144301,0.19867020444060232,1.0,0.0,560.7701592188788,8.821061159073823,-9.471000000000004,0.12699999999999978,5.687267667800748,1.1252698760396144e-08,0.20271194342856888,4.669450103048886,-0.34746646687369775,-8.259000000000015,-1.5494374790400136,-1.3596816091955823,flare,-0.7940389062283586,-0.673680532810975,0.204601966796762,
103.15,63.96954326,-22.60526186,137.109,3.602,-1.0812,3.5761,351.4642,0.801,3.1783,-2.4333,55.41,55.143,0.7536,93.07,-0.5366,1.0,0.0,0.0,-0.03,954.4,0.0,10.0,270.0,1,103.15,-0.019009126651677144,0.01300310247125816,-0.03,0.105402690407425,0.19867020444060232,1.0,0.0,564.0832413898436,8.801287056134438,-9.390999999999991,0.10199999999999987,5.687267667800748,9.377248966996786e-09,0.2025266509914595,4.674934865812997,-0.35033818226565927,-8.555799999999977,-2.53233766053528,-1.3650563191599292,flare,-0.7944138334804798,-0.6699183613661539,0.204601966796762,
103.242,63.96956443,-22.60526214,137.18,3.599,-1.0458,3.7978,351.2678,-0.0125,2.0628,-2.2582,55.287,55.016,0.9228,92.855,-0.5324,1.0,0.0,0.0,-0.03,953.2,0.0,10.0,270.0,1,103.242,-0.020778508661315143,0.015558395360084049,-0.03,0.10631713142499821,0.19867020444060232,1.0,0.0,566.4431991559732,8.786745029712954,-9.319999999999993,0.0990000000000002,5.687267667800748,7.814374139163988e-09,0.20238384582193514,4.679217712706788,-0.34851153673537283,-8.752199999999903,-3.314242554058336,-1.362501792121674,flare,-0.7947090753127561,-0.6731156353677488,0.204601966796762,
103.358,63.969594,-22.60526254,137.303,3.625,-1.093,3.9686,351.0189,-0.7835,0.8372,-1.9845,55.11,54.833,1.1591,92.5455,-0.53,0.0,0.0,0.0,-0.03,951.5,0.0,10.0,270.0,0,103.358,-0.01935330842268096,0.018914808933958804,-0.03,0.10737508641651006,0.19867020444060232,1.0,0.0,569.7395594743155,8.765996889206441,-9.197000000000003,0.125,5.687267667800748,6.511978449303323e-09,0.20217386722208128,4.68457690614875,-0.34812434060577857,-9.001099999999951,0.0,-1.3773527263802052,flare,-0.7950373824323229,-0.674193748400203,0.204601966796762,
103.442,63.96961716,-22.60526286,137.417,3.664,-1.1805,4.0142,350.8465,-1.122,0.1159,-1.7527,54.969,54.686,1.3131,92.2976,-0.5338,0.0,0.0,0.0,-0.03,950.2,0.0,10.0,270.0,0,103.442,-0.016052654403050648,0.020679148523146285,-0.03,0.10804263577975481,0.19867020444060232,1.0,0.0,572.321355266213,8.74941767733849,-9.082999999999998,0.16400000000000015,5.687267667800748,5.426648707752769e-09,0.2020014275958571,4.688428210729585,-0.351364478701953,-9.17349999999999,0.0,-1.4047362447612437,flare,-0.795244991879521,-0.6696243234004857,0.204601966796762,
103.558,63.96964445,-22.60526324,137.566,3.726,-1.3123,3.9933,350.6708,-1.2861,-0.5114,-1.469,54.801,54.511,1.4382,92.0025,-0.5467,0.0,0.0,0.0,-0.03,948.7,0.0,10.0,270.0,0,103.558,-0.010735367282012132,0.021475011779500508,-0.03,0.10866879488295156,0.19879513999082254,1.0,0.0,575.3635489622689,8.729738132318802,-8.933999999999997,0.22599999999999998,5.687267667800748,4.522207256460641e-09,0.20179445150376696,4.693707778022535,-0.36046068300115053,-9.349199999999996,0.0,-1.408694391789202,flare,-0.7955682660540866,-0.6564046326067245,0.20079351529500045,
103.642,63.96966748,-22.60526357,137.701,3.787,-1.4313,3.9306,350.5462,-1.2811,-0.8676,-1.2287,54.66,54.363,1.4885,91.753,-0.5648,0.0,0.0,0.0,-0.03,947.5,0.0,10.0,270.0,0,103.642,-0.005671806024851789,0.02103141905992545,-0.03,0.10908009239182448,0.19907628757910462,1.0,0.0,577.9308526075197,8.712674041779987,-8.799000000000007,0.2869999999999999,5.687267667800748,3.768506047050534e-09,0.20160882466034658,4.69750053751554,-0.3726887136158439,-9.473799999999983,0.0,-1.4332286678603394,flare,-0.7957519338124861,-0.6382538620437934,0.1922188564227536,
103.758,63.96969462,-22.60526398,137.862,3.862,-1.5641,3.8224,350.427,-1.1404,-1.1233,-0.9531,54.495,54.19,1.4826,91.4604,-0.5944,0.0,0.0,0.0,-0.03,946.0,0.0,10.0,270.0,0,103.758,0.00031432335814440826,0.01910873927430526,-0.03,0.1094484026085557,0.19942288237820988,1.0,0.0,580.9563242799327,8.691530521868303,-8.638000000000005,0.3620000000000001,5.687267667800748,3.1404217058754448e-09,0.2013656171838891,4.702695280363812,-0.392359314780208,-9.592999999999961,0.0,-1.4322454974278944,flare,-0.7960180036724935,-0.6090079570413085,0.1816397709330051,
103.842,63.96971544,-22.60526431,137.983,3.917,-1.6541,3.7245,350.3552,-0.9826,-1.2191,-0.7513,54.37,54.058,1.4335,91.2383,-0.6222,0.0,0.0,0.0,-0.03,945.0,0.0,10.0,270.0,0,103.842,0.004644801770020579,0.016665195492446022,-0.03,0.1096584796631912,0.19967769406902958,1.0,0.0,583.2772643332003,8.674552428623784,-8.516999999999996,0.4169999999999998,5.687267667800748,2.617018088229537e-09,0.201161058658173,4.706425262506079,-0.41072277097651977,-9.664800000000014,0.0,-1.437322746579466,flare,-0.7961696997207675,-0.5815560793492072,0.17385620912874344,
103.958,63.9697445,-22.60526479,138.143,3.985,-1.754,3.5803,350.282,-0.704,-1.2361,-0.4897,54.198,53.878,1.3094,90.933,-0.6669,0.0,0.0,0.0,-0.03,943.6,0.0,10.0,270.0,0,103.958,0.00993968782967336,0.011982175298928366,-0.03,0.10986360573364407,0.19999348050298696,1.0,0.0,586.5167701459761,8.649904635181942,-8.357,0.4849999999999999,5.687267667800748,2.1808484068579475e-09,0.20085283363264128,4.711526013525775,-0.4401980612169609,-9.738000000000056,0.0,-1.4414532805894813,flare,-0.7963396833821612,-0.5373750431535083,0.16420299145352857,
104.042,63.96976726,-22.60526519,138.256,4.026,-1.8096,3.4686,350.245,-0.4742,-1.1777,-0.3035,54.067,53.739,1.1757,90.6986,-0.7056,0.0,0.0,0.0,-0.03,942.5,0.0,10.0,270.0,0,104.042,0.01338318578052744,0.007423471707545148,-0.03,0.10996383174069946,0.20018427792784008,1.0,0.0,589.0539738745617,8.629421490152719,-8.244,0.5259999999999998,5.687267667800748,1.8173736723816229e-09,0.20058346344777522,4.715182751617516,-0.4657299942498412,-9.774999999999977,0.0,-1.4521869650380514,flare,-0.7963979040754374,-0.4989639309953038,0.15836669165177852,
104.133,63.96978791,-22.60526557,138.348,4.052,-1.8409,3.374,350.2256,-0.2518,-1.0689,-0.1517,53.95,53.616,1.0334,90.4901,-0.7423,0.0,0.0,0.0,-0.03,941.5,0.0,10.0,270.0,0,104.133,0.015859764734135806,0.0027095583015032954,-0.03,0.11001545812773406,0.20030542540063953,1.0,0.0,591.3559620271903,8.610000325621012,-8.151999999999987,0.5519999999999996,5.687267667800748,1.514478060318019e-09,0.20031911336717614,4.719109069920689,-0.48999288535091523,-9.794399999999996,0.0,-1.4370530850995324,flare,-0.7964931273277642,-0.4625168826986119,0.15465939607049073,
104.25,63.96981673,-22.60526613,138.455,4.067,-1.8547,3.2591,350.2182,0.0319,-0.8812,0.0336,53.791,53.448,0.814,90.2059,-0.7947,0.0,0.0,0.0,-0.03,940.2,0.0,10.0,270.0,0,104.25,0.01827956503681888,-0.004515569400530106,-0.03,0.1100349833933224,0.20037537238932618,1.0,0.0,594.568712054714,8.581442372982075,-8.044999999999987,0.5670000000000002,5.687267667800748,1.2620650502650159e-09,0.1999154996562404,4.724094658007779,-0.5247538802360907,-9.801799999999957,0.0,-1.4299550190881531,flare,-0.7965247052958269,-0.4101335062978517,0.15251837328466777,
104.333,63.96983932,-22.6052666,138.521,4.061,-1.844,3.1835,350.2267,0.22,-0.7427,0.1576,53.671,53.319,0.6347,89.9888,-0.8356,0.0,0.0,0.0,-0.03,939.3,0.0,10.0,270.0,0,104.333,0.01940266301939747,-0.010451694047647897,-0.03,0.11001254784120296,0.20034738883895764,1.0,0.0,597.0869635406199,8.557536282189988,-7.979000000000013,0.5609999999999999,5.687267667800748,1.0517208752208465e-09,0.1995629157351556,4.727588384793308,-0.5520103993846135,-9.793300000000045,0.0,-1.431393938491968,flare,-0.7964551320453239,-0.36891058727983506,0.1533749754250433,
104.45,63.96986594,-22.60526717,138.578,4.032,-1.809,3.1151,350.2499,0.4385,-0.4997,0.2755,53.532,53.172,0.4206,89.7396,-0.8822,0.0,0.0,0.0,-0.03,938.2,0.0,10.0,270.0,0,104.45,0.019866819302820138,-0.01761834750224467,-0.03,0.10995069156562887,0.2002122244459655,1.0,0.0,600.0544645726176,8.528574000219145,-7.921999999999997,0.532,5.687267667800748,8.764340626840387e-10,0.19912802505205207,4.732448769023705,-0.5832375058657533,-9.770099999999957,0.0,-1.4092703248139862,flare,-0.7964314668043571,-0.3217611477890916,0.15751159087202993,
104.533,63.96988841,-22.60526768,138.608,3.991,-1.7624,3.0758,350.2786,0.5887,-0.334,0.3554,53.418,53.051,0.2478,89.5346,-0.9194,0.0,0.0,0.0,-0.03,937.3,0.0,10.0,270.0,0,104.533,0.019581860376639615,-0.02348212035988176,-0.03,0.10987291236667351,0.20002138347725654,1.0,0.0,602.5593381662935,8.50271282982837,-7.891999999999996,0.4910000000000001,5.687267667800748,7.303617189033656e-10,0.1987270642850734,4.7358500070984,-0.6083299669796816,-9.741399999999999,0.0,-1.4060179294584971,flare,-0.7962878566642644,-0.28368227195644913,0.1633496495515505,
104.65,63.96991489,-22.60526831,138.624,3.922,-1.6909,3.052,350.3208,0.736,-0.0879,0.4239,53.287,52.911,0.0565,89.2993,-0.9597,0.0,0.0,0.0,-0.03,936.3,0.0,10.0,270.0,0,104.65,0.018526715775537772,-0.030049700541425278,-0.03,0.10975601205294638,0.19970088559837149,1.0,0.0,605.5112314282728,8.470816372037987,-7.876000000000005,0.42200000000000015,5.687267667800748,6.086347657528046e-10,0.19822026429310538,4.74057196299301,-0.6357343091130474,-9.699200000000019,0.0,-1.3799852194766409,flare,-0.7961540328879835,-0.24212612755794893,0.1731475399458322,
104.733,63.96993522,-22.60526881,138.623,3.856,-1.6259,3.0497,350.3576,0.8275,0.0479,0.4612,53.19,52.807,-0.0743,89.123,-0.9875,0.0,0.0,0.0,-0.03,935.6,0.0,10.0,270.0,0,104.733,0.01724525674750116,-0.03461758912250021,-0.03,0.10965159985879502,0.19939511754032138,1.0,0.0,607.7775449725381,8.44552841220168,-7.8770000000000095,0.35599999999999987,5.687267667800748,5.071956381273371e-10,0.19781161365422953,4.743874744495364,-0.6548222905651073,-9.662399999999934,0.0,-1.360775172141966,flare,-0.7959892083087539,-0.21307095000508447,0.18248757810164484,
104.842,63.96996361,-22.60526952,138.605,3.746,-1.5246,3.0676,350.4132,0.9098,0.2672,0.4899,53.056,52.665,-0.2336,88.8825,-1.0208,0.0,0.0,0.0,-0.03,934.6,0.0,10.0,270.0,0,104.842,0.014879067229503884,-0.0403344692531859,-0.03,0.10948946425401607,0.1988872451811302,1.0,0.0,610.9423574371739,8.40963813268327,-7.89500000000001,0.246,5.687267667800748,4.2266303177278094e-10,0.19722615657337117,4.748136317323528,-0.6780030985281371,-9.606800000000021,0.0,-1.3488281381440783,flare,-0.7957000447909195,-0.1776496133730152,0.19798508379237134,
104.933,63.96998384,-22.60527005,138.581,3.658,-1.4472,3.0945,350.4543,0.9417,0.3982,0.4965,52.962,52.566,-0.3271,88.7149,-1.0404,0.0,0.0,0.0,-0.03,933.8,0.0,10.0,270.0,0,104.933,0.012850245609862587,-0.043718316480624214,-0.03,0.10936620949924059,0.19867020444060232,1.0,0.0,613.1975227936007,8.38288425214509,-7.919000000000011,0.15799999999999992,5.687267667800748,3.522191931439841e-10,0.1967803637514106,4.751640650262359,-0.691902875637993,-9.565699999999993,0.0,-1.320113492218878,flare,-0.7955091149884552,-0.15638279318453563,0.204601966796762,
105.042,63.97001206,-22.60527103,138.595,3.578,-1.0213,3.6224,350.2832,4.5908,7.0251,-2.8319,52.827,52.362,0.3164,88.3629,-1.6071,1.0,0.0,0.0,-0.03,932.9,0.0,10.0,270.0,1,105.042,0.01760281476798281,-0.029674838151408617,-0.03,0.10986031636329951,0.19867020444060232,1.0,0.0,616.3433795959412,8.333772281236467,-7.905000000000001,0.07799999999999985,5.687267667800748,2.9351599428665343e-10,0.19587997540829916,4.755727273219243,-1.0619519545970206,-9.736799999999903,-1.0613111999999374,-1.3126970029346028,flare,-0.7947861434175998,0.4031869523033631,0.204601966796762,
105.133,63.97003216,-22.60527185,138.628,3.544,-0.6974,4.1766,350.041,3.0027,5.9357,-2.915,52.719,52.247,0.4237,88.1686,-1.6345,1.0,0.0,0.0,-0.03,932.2,0.0,10.0,270.0,1,105.133,0.006589077151759659,-0.028237922906035384,-0.03,0.11047510520293069,0.19867020444060232,1.0,0.0,618.5840480171506,8.292815278149522,-7.872000000000014,0.04400000000000004,5.687267667800748,2.445966619055445e-10,0.1950966441571602,4.759055361775446,-1.0820473228695278,-9.979000000000042,-1.9597422680798822,-1.3012530196508418,flare,-0.7941315338360049,0.4344865718139257,0.204601966796762,
105.242,63.97006022,-22.60527302,138.696,3.519,-0.4126,4.7365,349.7219,2.3837,3.5054,-2.4436,52.558,52.076,0.7251,87.8785,-1.6668,1.0,1.0,0.0,-0.03,931.2,0.0,10.0,270.0,1,105.242,-0.002845973215644282,-0.022610453367515354,-0.03,0.1111368326560267,0.19867020444060232,1.0,0.0,621.7120652912524,8.234400724974796,-7.804000000000002,0.019000000000000128,5.687267667800748,2.0383055158795375e-10,0.19397152745490454,4.762907023786913,-1.1066042959934919,-10.298099999999977,-3.0608739773578986,-1.3172358560628907,flare,-0.7930865806469001,0.47310038031095303,0.204601966796762,
105.333,63.97008021,-22.60527387,138.765,3.523,-0.2727,4.9799,349.5261,0.8967,2.2311,-2.2325,52.437,51.954,0.9117,87.6731,-1.6317,0.0,0.0,0.0,-0.03,930.4,0.0,10.0,270.0,0,105.333,-0.009352515880102441,-0.01943825738634855,-0.03,0.11146132138859044,0.19867020444060232,1.0,0.0,623.9404707579379,8.191978190312975,-7.735000000000014,0.02300000000000013,5.687267667800748,1.6985879298996146e-10,0.19314917701536108,4.76603611425649,-1.086219073989895,-10.49389999999994,0.0,-1.3183662627544863,flare,-0.7923582200449033,0.4434536111322007,0.204601966796762,
105.442,63.97010812,-22.60527504,138.888,3.556,-0.2483,5.1583,349.283,-0.4661,0.7906,-1.9053,52.263,51.778,1.1666,87.3772,-1.5794,0.0,0.0,0.0,-0.03,929.4,0.0,10.0,270.0,0,105.442,-0.012071985400340879,-0.015348368441678,-0.03,0.11177995931999452,0.19867020444060232,1.0,0.0,627.0517665214579,8.133569474046796,-7.611999999999995,0.05600000000000005,5.687267667800748,1.4154899415830122e-10,0.19201788159715014,4.769649465468781,-1.055545892171665,-10.736999999999966,0.0,-1.3436357184340268,flare,-0.7912782586237554,0.3988150427315382,0.204601966796762,
105.533,63.970128,-22.60527586,138.992,3.598,-0.3112,5.1934,349.1335,-1.0659,-0.0055,-1.654,52.137,51.65,1.3163,87.1617,-1.5452,0.0,0.0,0.0,-0.03,928.7,0.0,10.0,270.0,0,105.533,-0.010833885325134074,-0.013314040221261342,-0.03,0.11193046981620447,0.19867020444060232,1.0,0.0,629.2679100605336,8.092621031759037,-7.50800000000001,0.09799999999999986,5.687267667800748,1.1795749513191769e-10,0.19122578969339113,4.772583075618958,-1.0356314695791013,-10.886499999999955,0.0,-1.3473611426323184,flare,-0.7905676316081198,0.3698445976724525,0.204601966796762,
105.65,63.97015576,-22.60527699,139.155,3.677,-0.4641,5.1449,348.9603,-1.5244,-0.8325,-1.2887,51.959,51.469,1.4553,86.8574,-1.5067,0.0,0.0,0.0,-0.03,927.7,0.0,10.0,270.0,0,105.65,-0.006280689225599656,-0.012185442270412405,-0.03,0.11206239626249515,0.19867020444060232,1.0,0.0,632.3624849967614,8.036177901353037,-7.344999999999999,0.17700000000000005,5.687267667800748,9.82979126099314e-11,0.19013472666620324,4.7762157646439904,-1.0138001085497592,-11.05970000000002,0.0,-1.3631799043355113,flare,-0.7895427423151631,0.33845367892206646,0.204601966796762,
105.733,63.9701775,-22.60527786,139.29,3.748,-0.6112,5.0493,348.8542,-1.66,-1.2674,-1.0001,51.82,51.328,1.4987,86.6187,-1.4859,0.0,0.0,0.0,-0.03,926.9,0.0,10.0,270.0,0,105.733,-0.001340728247252343,-0.012628370026088104,-0.03,0.11212104461128347,0.1988964596942122,1.0,0.0,634.7859744141664,7.992707394948219,-7.210000000000008,0.24800000000000022,5.687267667800748,8.191492717494283e-11,0.18929566774693937,4.778713108118138,-1.0027837302191926,-11.16579999999999,0.0,-1.391499803503264,flare,-0.7887211534059162,0.3230717461467716,0.19770408331265266,
105.85,63.97020509,-22.60527896,139.464,3.839,-0.802,4.8807,348.7569,-1.5737,-1.6125,-0.6466,51.646,51.15,1.4709,86.3183,-1.4719,0.0,0.0,0.0,-0.03,925.9,0.0,10.0,270.0,0,105.85,0.005507782268642014,-0.014889907384386974,-0.03,0.11216022172154505,0.1993164856271033,1.0,0.0,637.8615988187103,7.937740691679644,-7.036000000000001,0.33899999999999997,5.687267667800748,6.826243931245235e-11,0.18823317573412424,4.78209940855737,-0.9969131849000803,-11.263100000000009,0.0,-1.4001979565647498,flare,-0.7877060351932386,0.3157456512941792,0.18488830033354198,
105.942,63.97022474,-22.60527973,139.583,3.9,-0.928,4.7411,348.7121,-1.4106,-1.7323,-0.4093,51.524,51.025,1.3982,86.1075,-1.4696,0.0,0.0,0.0,-0.03,925.2,0.0,10.0,270.0,0,105.942,0.010266167378566171,-0.017647475324030243,-0.03,0.11217360362076112,0.19959887627727882,1.0,0.0,640.0521035624844,7.899250885768905,-6.917000000000002,0.3999999999999999,5.687267667800748,5.6885366093710294e-11,0.18749042689007833,4.784683422978348,-0.9977743338670564,-11.307900000000018,0.0,-1.3934605929244777,flare,-0.7870208491879147,0.3180788480131138,0.17626434712355632,
106.05,63.97025217,-22.60528082,139.736,3.973,-1.0766,4.5358,348.6811,-1.1038,-1.7656,-0.1056,51.359,50.854,1.2334,85.8195,-1.4756,0.0,0.0,0.0,-0.03,924.2,0.0,10.0,270.0,0,106.05,0.016198147542423658,-0.02290430276425784,-0.03,0.1121811555065354,0.1999376937190656,1.0,0.0,643.1098918599891,7.844780345686956,-6.76400000000001,0.47299999999999986,5.687267667800748,4.740447174475858e-11,0.186433723044632,4.787593404744446,-1.0050595959409918,-11.338899999999967,0.0,-1.4056712460929535,flare,-0.7859596147159884,0.33067227476908023,0.16590890303079497,
106.142,63.97027365,-22.60528167,139.84,4.014,-1.1669,4.3759,348.6805,-0.8276,-1.7003,0.1065,51.233,50.724,1.0621,85.6001,-1.4861,0.0,0.0,0.0,-0.03,923.5,0.0,10.0,270.0,0,106.142,0.020066748868173223,-0.02803791406505393,-0.03,0.11218128793002158,0.20012840397926374,1.0,0.0,645.5043976673901,7.802299831240158,-6.659999999999997,0.5140000000000002,5.687267667800748,3.950372645396548e-11,0.18560851288899807,4.789987434822351,-1.0146098770406127,-11.339500000000044,0.0,-1.4023888798473554,flare,-0.7851445708202185,0.3463111986637042,0.16007612104467306,
106.258,63.97029898,-22.60528269,139.942,4.04,-1.2398,4.1987,348.7033,-0.4915,-1.5463,0.3246,51.09,50.576,0.8254,85.3494,-1.5032,0.0,0.0,0.0,-0.03,922.6,0.0,10.0,270.0,0,106.258,0.023554801661541003,-0.034973134766413755,-0.03,0.11217588909615073,0.20024949635896924,1.0,0.0,648.3280860107253,7.751340568979014,-6.557999999999993,0.54,5.687267667800748,3.2919772044971237e-11,0.184612689972597,4.792881222111192,-1.0290066488625769,-11.316699999999969,0.0,-1.3869679471966507,flare,-0.7841615524931242,0.3695145944418936,0.15637105612370839,
106.367,63.97031452,-22.60528332,139.991,4.044,-1.2671,4.0985,348.7284,-0.2988,-1.4327,0.4416,51.005,50.488,0.6675,85.2,-1.5154,0.0,0.0,0.0,-0.03,922.1,0.0,10.0,270.0,0,106.367,0.02511369164517324,-0.039561619416117466,-0.03,0.11216907299689693,0.20026813655102504,1.0,0.0,650.0604237534595,7.719869816216294,-6.508999999999986,0.5439999999999996,5.687267667800748,2.7433143370809363e-11,0.1839956556093639,4.795522613465609,-1.0389773479869575,-11.291600000000017,0.0,-1.3317723623389017,flare,-0.7836481269600135,0.385331051544723,0.15580061716237203,
106.6,63.97033198,-22.60528403,140.034,4.034,-1.2824,3.9961,348.7655,-0.0911,-1.2899,0.5572,50.913,50.391,0.4836,85.0365,-1.5298,0.0,0.0,0.0,-0.03,921.5,0.0,10.0,270.0,0,106.6,0.02631800319433142,-0.04488096214173215,-0.03,0.11215731804939388,0.200221541364978,1.0,0.0,652.0067954655361,7.68440485294667,-6.466000000000008,0.5339999999999998,5.687267667800748,2.2860952809007803e-11,0.1832987967065827,4.800986007466993,-1.0506354284928818,-11.254500000000007,0.0,-1.2465975826178894,flare,-0.783348011600598,0.4033703935813229,0.15722650008205896,
106.667,63.97038609,-22.60528628,140.078,3.917,-1.2413,3.7393,348.9275,0.4237,-0.9645,0.8164,50.645,50.109,-0.0883,84.5594,-1.5738,0.0,0.0,0.0,-0.03,919.8,0.0,10.0,270.0,0,106.667,0.026946933172415977,-0.06109524984791195,-0.03,0.11208231234585164,0.19967769406902958,1.0,0.0,658.0387633089103,7.572063396400111,-6.421999999999997,0.4169999999999998,5.687267667800748,1.9050794007506503e-11,0.18107381029121136,4.802395750673162,-1.0862526951656548,-11.092499999999973,0.0,-1.4969068932889422,flare,-0.780581391544608,0.46126668137215887,0.17385620912874344,
106.775,63.97041303,-22.60528742,140.05,3.81,-1.18,3.6355,349.027,0.6408,-0.7406,0.8874,50.522,49.979,-0.3636,84.3393,-1.5919,0.0,0.0,0.0,-0.03,919.0,0.0,10.0,270.0,0,106.775,0.025649702695662746,-0.06847605918962527,-0.03,0.11201693733316354,0.1991824688747457,1.0,0.0,661.0419271496572,7.51516223727668,-6.449999999999989,0.31000000000000005,5.687267667800748,1.5875661672922085e-11,0.17993865744119414,4.804540500974388,-1.1013265253349118,-10.992999999999938,0.0,-1.4643598019798465,flare,-0.7793306693061837,0.48588625423683496,0.18897888006856434,
106.867,63.97043799,-22.60528849,139.997,3.682,-1.1018,3.5701,349.125,0.8055,-0.4403,0.9211,50.414,49.864,-0.6047,84.1461,-1.6046,0.0,0.0,0.0,-0.03,918.2,0.0,10.0,270.0,0,106.867,0.02352551168289152,-0.07453804215698082,-0.03,0.11193800156076905,0.19867020444060232,1.0,0.0,663.8243682443829,7.461767686273262,-6.502999999999986,0.18199999999999994,5.687267667800748,1.3229718060768405e-11,0.1788681976217917,4.806262450952604,-1.1124530836953,-10.894999999999982,0.0,-1.4379555512069735,flare,-0.7781173208092085,0.5044949481903611,0.204601966796762,
106.967,63.97046096,-22.60528957,139.948,3.564,-0.8969,3.6892,349.1442,6.19,7.1391,-2.5815,50.317,49.693,-0.0427,83.844,-2.2053,1.0,0.0,0.0,-0.03,917.6,0.0,10.0,270.0,1,106.967,0.0385033299395639,-0.06374167620544371,-0.03,0.11192083252552343,0.19867020444060232,1.0,0.0,666.3849704582389,7.407960634266027,-6.5519999999999925,0.06400000000000006,5.687267667800748,1.1024765050640337e-11,0.17776882450684822,4.808018458566781,-1.5266702042207498,-10.875800000000027,-1.087579999999941,-1.3954141374608913,flare,-0.7768697886549951,1.1299130598996499,0.204601966796762,
107.067,63.97048192,-22.60529085,139.958,3.507,-0.3272,4.459,348.8338,6.2861,8.4709,-3.7737,50.217,49.56,0.1929,83.6122,-2.4508,1.0,1.0,1.0,-0.03,917.0,0.0,10.0,270.0,1,107.067,0.027482571067127093,-0.05935160769957554,-0.03,0.11213041108081212,0.19867020444060232,1.0,0.0,668.7215010076743,7.34443305120704,-6.542000000000002,0.007000000000000117,5.687267667800748,9.187304208866947e-12,0.1764170041779565,4.809633430789353,-1.6989452061920645,-11.186199999999985,-2.195324199999877,-1.3594673976917258,flare,-0.7752743934694166,1.3907400606495948,0.204601966796762,
107.158,63.97050469,-22.60529267,140.048,3.527,0.1491,5.0507,348.5768,2.9043,4.3849,-2.0484,50.09,49.345,1.0252,83.2269,-3.1134,0.0,0.0,1.0,-0.03,916.4,0.0,10.0,270.0,1,107.158,0.03523577548626711,-0.041365770834008525,-0.03,0.11219637496934554,0.19867020444060232,1.0,0.0,671.2597952188436,7.25437842266319,-6.451999999999998,0.027000000000000135,5.687267667800748,7.656086840722456e-12,0.1744394884240161,4.810918202829211,-2.1623546848875606,-11.443199999999933,-3.216677949779964,-1.3627525793201343,flare,-0.7728189938755996,2.085594846580552,0.204601966796762,
107.233,63.97052363,-22.60529425,140.134,3.555,0.3469,5.3681,348.4104,1.8369,3.0717,-1.937,49.974,49.234,0.9961,83.0413,-3.0431,0.0,0.0,1.0,-0.03,915.8,0.0,10.0,270.0,1,107.233,0.025995365867459486,-0.043121081047277326,-0.03,0.11218849681786303,0.19867020444060232,1.0,0.0,673.371137626177,7.17623132477916,-6.366000000000014,0.05500000000000016,5.687267667800748,6.380072367268713e-12,0.17271340729724763,4.811844412869432,-2.118700302907456,-11.6096,-4.063272865156646,-1.3794720418061854,flare,-0.770653752577342,2.023993255825541,0.204601966796762,
107.35,63.97055006,-22.60529642,140.252,3.594,0.505,5.6316,348.1934,0.844,1.4042,-1.7642,49.809,49.075,1.0255,82.777,-2.9363,0.0,0.0,0.0,-0.03,915.0,0.0,10.0,270.0,0,107.35,0.016817838429084186,-0.043996151145667406,-0.03,0.1121199118566395,0.19867020444060232,1.0,0.0,676.3174307144209,7.06888647086127,-6.2479999999999905,0.09399999999999986,5.687267667800748,5.316726972723928e-12,0.17034072276255044,4.813008084222459,-2.0515677856754166,-11.826599999999985,0.0,-1.3822706207562159,flare,-0.7676650122235742,1.9286364916158227,0.204601966796762,
107.45,63.97057266,-22.60529821,140.357,3.631,0.5592,5.7198,348.0247,0.1962,0.318,-1.591,49.667,48.938,1.0588,82.5488,-2.8421,0.0,0.0,0.0,-0.03,914.4,0.0,10.0,270.0,0,107.45,0.011727556391230076,-0.04455790267526896,-0.03,0.11202195181428676,0.19867020444060232,1.0,0.0,678.8367743931142,6.98030826928106,-6.143000000000001,0.13099999999999978,5.687267667800748,4.430605810603273e-12,0.16838465996455035,4.813803189938173,-1.9918764922117305,-11.995300000000043,0.0,-1.3857005643238178,flare,-0.7651825152228575,1.843472753594746,0.204601966796762,
107.55,63.9705952,-22.60529996,140.464,3.671,0.5551,5.7122,347.8744,-0.3032,-0.4974,-1.3958,49.525,48.801,1.0694,82.3211,-2.7498,0.0,0.0,0.0,-0.03,913.7,0.0,10.0,270.0,0,107.55,0.008816311008201405,-0.04561414682604417,-0.03,0.11190247105931406,0.19867020444060232,1.0,0.0,681.3494301510228,6.893692151763965,-6.036000000000001,0.17099999999999982,5.687267667800748,3.692171508836061e-12,0.16647135449889922,4.814404314754936,-1.9331592721725883,-12.145600000000059,0.0,-1.3888186948398444,flare,-0.7627343389995396,1.759605499426499,0.204601966796762,
107.658,63.97061955,-22.60530179,140.578,3.713,0.5021,5.6247,347.7346,-0.6814,-1.1252,-1.1647,49.373,48.655,1.0375,82.0776,-2.6557,0.0,0.0,0.0,-0.03,913.0,0.0,10.0,270.0,0,107.658,0.007652151219570913,-0.04764122685609015,-0.03,0.1117645937053715,0.19873531060015717,1.0,0.0,684.063857438395,6.803086103965085,-5.921999999999997,0.21300000000000008,5.687267667800748,3.0768095906967173e-12,0.1644715415661155,4.814835385710959,-1.873213734835815,-12.285399999999981,0.0,-1.390508577800528,flare,-0.7601531989306096,1.6740057300759368,0.2026174618185923,
107.75,63.97064197,-22.60530343,140.678,3.746,0.4232,5.4931,347.6284,-0.8998,-1.5082,-0.9391,49.236,48.523,0.961,81.8575,-2.5763,0.0,0.0,0.0,-0.03,912.3,0.0,10.0,270.0,0,107.75,0.007948234196055726,-0.050444401264849587,-0.03,0.11164290311603009,0.1988872451811302,1.0,0.0,686.5631378693791,6.721863966026091,-5.822000000000003,0.246,5.687267667800748,2.5640079922472644e-12,0.16267948131728133,4.815036402809302,-1.8226742452455653,-12.391599999999926,0.0,-1.3994742011625376,flare,-0.7578192825016572,1.6019983289749717,0.19798508379237134,
107.867,63.97066433,-22.60530503,140.767,3.77,0.3272,5.3308,347.5451,-1.0141,-1.7334,-0.708,49.104,48.395,0.8392,81.6436,-2.5051,0.0,0.0,0.0,-0.03,911.7,0.0,10.0,270.0,0,107.867,0.009164857696725981,-0.05422308860231176,-0.03,0.11153734900841594,0.19899786720303733,1.0,0.0,689.0557303795784,6.642603911976153,-5.733000000000004,0.27,5.687267667800748,2.1366733268727203e-12,0.16093071332127654,4.815086654296935,-1.7774756523361646,-12.474899999999934,0.0,-1.3748133763482222,flare,-0.7555252689635346,1.5378545430570902,0.19461119007174155,
107.933,63.97068106,-22.6053062,140.825,3.783,0.2497,5.1971,347.4978,-1.0446,-1.8267,-0.5344,49.008,48.302,0.7206,81.4878,-2.4573,0.0,0.0,0.0,-0.03,911.2,0.0,10.0,270.0,0,107.933,0.010475278523188247,-0.057644988483884,-0.03,0.11147349741955692,0.19905783102282393,1.0,0.0,690.9207162059721,6.584630239791647,-5.675000000000011,0.2829999999999999,5.687267667800748,1.780561105727267e-12,0.15965208978004564,4.815030501582965,-1.7472556821594196,-12.522199999999998,0.0,-1.3820617470934153,flare,-0.7538374937224255,1.4951704306777671,0.19278194439464613,
108.033,63.97070332,-22.60530772,140.887,3.786,0.1459,5.0126,347.4548,-1.019,-1.8478,-0.3073,48.886,48.182,0.5304,81.2872,-2.4009,0.0,0.0,0.0,-0.03,910.5,0.0,10.0,270.0,0,108.033,0.012491562120681143,-0.06289380484265616,-0.03,0.11141300749077365,0.19907167316883503,1.0,0.0,693.4021624111416,6.509293575438777,-5.6129999999999995,0.28600000000000003,5.687267667800748,1.483800921439389e-12,0.15799137755410012,4.814779537666431,-1.711797185568571,-12.565200000000004,0.0,-1.3673288609940202,flare,-0.7516252650406656,1.445407258260282,0.19235963914285747,
108.142,63.97072922,-22.60530946,140.933,3.764,0.0314,4.7996,347.4328,-0.9267,-1.7811,-0.0542,48.75,48.049,0.273,81.0642,-2.3451,0.0,0.0,0.0,-0.03,909.8,0.0,10.0,270.0,0,108.142,0.014942254721979742,-0.0697425184894539,-0.03,0.11138116368526685,0.19897020191175543,1.0,0.0,696.289380182487,6.423036648319131,-5.567000000000007,0.2639999999999998,5.687267667800748,1.2365007678661576e-12,0.15608869812000994,4.814299506774658,-1.6770430468181132,-12.587199999999939,0.0,-1.3564540938144216,flare,-0.7490689744744117,1.3971867038934676,0.19545504967697092,
108.258,63.97075321,-22.60531104,140.948,3.714,-0.0628,4.6128,347.4381,-0.7943,-1.6428,0.1642,48.633,47.933,0.0103,80.8685,-2.3019,0.0,0.0,0.0,-0.03,909.2,0.0,10.0,270.0,0,108.258,0.017063739524699584,-0.07643663152461533,-0.03,0.11138889043288669,0.1987399117694956,1.0,0.0,698.9636801185468,6.344693041178616,-5.5519999999999925,0.21399999999999997,5.687267667800748,1.0304173065551313e-12,0.1543599353420198,4.813589967848137,-1.6504686189060749,-12.581899999999905,0.0,-1.324832875254488,flare,-0.7467154839952705,1.36089586904545,0.20247720114736723,
108.333,63.97076978,-22.60531211,140.941,3.663,-0.1191,4.493,347.4551,-0.6887,-1.5241,0.3042,48.556,47.856,-0.1787,80.7396,-2.2762,0.0,0.0,0.0,-0.03,908.7,0.0,10.0,270.0,0,108.333,0.018346099621251666,-0.08094690087012474,-0.03,0.11141343754274868,0.19867020444060232,1.0,0.0,700.810831377085,6.291624967930496,-5.5589999999999975,0.1629999999999998,5.687267667800748,8.586810887959428e-13,0.15318900103121919,4.813045168005858,-1.6348472235181646,-12.564899999999966,0.0,-1.2977268562919617,flare,-0.7451141502136167,1.339882846339794,0.204601966796762,
108.45,63.97079735,-22.60531388,140.898,3.547,-0.1939,4.3163,347.5057,-0.4949,-1.2899,0.5143,48.437,47.735,-0.4968,80.5372,-2.2397,1.0,0.0,0.0,-0.03,908.0,0.0,10.0,270.0,1,108.45,0.019999967757626913,-0.08792520942398042,-0.03,0.11148435810712609,0.19867020444060232,1.0,0.0,703.8842147883079,6.2038332447611735,-5.602000000000004,0.04700000000000015,5.687267667800748,7.15567573996619e-13,0.15124898879630008,4.811970423539802,-1.6129569413232048,-12.514300000000048,-1.464173100000061,-1.2722147800012358,flare,-0.7424416114413397,1.31107214507389,0.204601966796762,
108.55,63.97081746,-22.6053155,140.918,3.512,0.0449,4.6079,347.3637,1.5743,3.2868,-1.4149,48.339,47.496,0.6523,80.0952,-3.3406,1.0,0.0,1.0,-0.03,907.5,0.0,10.0,270.0,1,108.55,0.053361362013284064,-0.06482412542594998,-0.03,0.11127722555818076,0.19867020444060232,1.0,0.0,706.1259842953644,6.123680869864612,-5.581999999999994,0.01200000000000001,5.687267667800748,5.963063116638491e-13,0.149437436163264,4.810874265744329,-2.4083005768567034,-12.656299999999987,-2.715161368999988,-1.2456498000011276,flare,-0.7399355681731983,2.497888740761045,0.204601966796762,
108.65,63.97083932,-22.60531765,140.986,3.52,0.1246,4.8566,347.2592,0.3491,1.6268,-0.7191,48.226,47.353,0.6437,79.8444,-3.54,0.0,0.0,1.0,-0.03,907.0,0.0,10.0,270.0,1,108.65,0.058301756073560196,-0.06588618251538247,-0.03,0.11110883773854718,0.19867020444060232,1.0,0.0,708.5628290311012,6.017493721571419,-5.51400000000001,0.020000000000000018,5.687267667800748,4.96921926386541e-13,0.14699870935677214,4.809537889127525,-2.5586165697189642,-12.760800000000017,-3.9640897553100967,-1.2351361818191977,flare,-0.7365775840267226,2.723726061910561,0.204601966796762,
108.742,63.9708593,-22.6053197,141.043,3.524,0.1456,4.9542,347.2121,0.1443,0.4393,-0.2725,48.12,47.227,0.6004,79.6266,-3.666,0.0,0.0,1.0,-0.03,906.5,0.0,10.0,270.0,1,108.742,0.06248996589001604,-0.06764067947487254,-0.03,0.11102857474021832,0.19867020444060232,1.0,0.0,710.790099207863,5.916279102100387,-5.456999999999994,0.02400000000000002,5.687267667800748,4.1410160532211746e-13,0.1446635670755862,4.808097687771821,-2.656030000198058,-12.807900000000018,-5.10594692956123,-1.2275941573850444,flare,-0.733344072506366,2.871044149561584,0.204601966796762,
108.833,63.97088104,-22.60532203,141.102,3.525,0.1589,4.9489,347.2061,0.1534,-0.5892,0.1894,48.006,47.089,0.5677,79.3864,-3.8144,0.0,0.0,1.0,-0.03,905.9,0.0,10.0,270.0,1,108.833,-0.07808346777134284,0.03456293861778201,-0.03,0.2407461460390795,0.0,1.0,0.0,713.2135636562921,5.801277752182804,-5.397999999999996,0.02499999999999991,5.687267667800748,3.4508467110176455e-13,0.14199845201280675,4.806434983918745,-2.770862474268853,-12.81389999999999,-6.225547712502148,-1.2298808024179773,landing,,,,-2.9015800456159866
108.933,63.97090091,-22.60532424,141.151,3.522,0.1466,4.8459,347.2454,-0.8597,-1.9886,0.7602,47.902,46.967,0.5062,79.1741,-3.9272,0.0,0.0,1.0,-0.03,905.0,0.0,10.0,270.0,1,108.933,-0.08017237134627225,0.034197539438837715,-0.03,0.25178277014933625,0.0,1.0,0.0,715.428568655265,5.6922284164357855,-5.3489999999999895,0.021999999999999797,5.687267667800748,2.8757055925147047e-13,0.1394612180010334,4.804359655772452,-2.8596624646516773,-12.774599999999964,-7.440752235377226,-1.2126189112890615,landing,,,,-2.802610190802234
109.05,63.97092433,-22.60532698,141.208,3.518,0.0833,4.6684,347.304,-0.1321,-0.866,0.14,47.787,46.813,0.5683,78.8997,-4.1913,1.0,0.0,1.0,-0.03,901.9,0.0,10.0,270.0,1,109.05,-0.08069914132552844,0.03373133118601088,-0.03,0.26416054888227636,0.0,1.0,0.0004692915010988674,718.0393070130668,5.557074264562512,-5.292000000000002,0.017999999999999794,5.687267667800748,2.396421327095587e-13,0.13630207996457633,4.801569996470795,-3.0608010729865214,-12.716000000000008,-8.841467434223196,-1.1917359177996998,landing,,,,-2.682333485151723
109.15,63.97094766,-22.60532989,141.269,3.518,0.0676,4.598,347.3019,-0.1911,-0.4499,-0.1775,47.673,46.664,0.5566,78.6351,-4.4247,1.0,0.0,1.0,-0.03,896.9,0.0,10.0,270.0,1,109.15,-0.08233515730298152,0.0332750335200199,-0.03,0.27429567236357477,0.0,1.0,0.001024550399813473,720.6400095562227,5.413594681008172,-5.2309999999999945,0.017999999999999794,5.687267667800748,1.997017772579656e-13,0.1329308687686453,4.79885785002609,-3.2405666870260177,-12.71810000000005,-10.024862759881069,-1.1870326525451702,landing,,,,-2.557585618986927
109.242,63.97096734,-22.60533247,141.319,3.516,0.046,4.567,347.2772,-0.2954,-0.2137,-0.3696,47.577,46.537,0.5456,78.4086,-4.6324,1.0,0.0,1.0,-0.03,891.5,0.0,10.0,270.0,1,109.242,-0.08346788894367657,0.03288209335392753,-0.03,0.2832642789411415,0.0,1.0,0.0015060619010669463,722.8338276477407,5.286425059224924,-5.181000000000012,0.016000000000000014,5.687267667800748,1.6641814771497132e-13,0.12993038805724544,4.796094948320611,-3.4011189536578286,-12.742799999999988,-11.104971622490147,-1.1739822533019382,landing,,,,-2.449674765659587
109.342,63.97098697,-22.60533518,141.369,3.514,0.0148,4.5555,347.2365,-0.3959,-0.0284,-0.5255,47.481,46.409,0.5362,78.1794,-4.8473,1.0,0.0,1.0,-0.03,885.1,0.0,10.0,270.0,1,109.342,-0.08431100568892852,0.03248236008397362,-0.03,0.2926330976983045,0.0,1.0,0.001999152810094551,725.0220696786054,5.152888198376931,-5.131,0.01399999999999979,5.687267667800748,1.386817897624761e-13,0.12676730873068315,4.79278469603261,-3.5679264379253937,-12.783500000000004,-12.27227190626518,-1.1545293211835819,landing,,,,-2.3390824764727185
109.458,63.97101363,-22.60533908,141.435,3.511,-0.0416,4.5634,347.1604,-0.5115,0.1559,-0.693,47.35,46.233,0.5257,77.8624,-5.1478,1.0,0.0,1.0,-0.03,875.4,0.0,10.0,270.0,1,109.458,-0.08446047172062929,0.031926738707135666,-0.03,0.3030194496537588,0.0,1.0,0.0026901272271837584,727.9939728307268,4.960775244292446,-5.064999999999998,0.01100000000000012,5.687267667800748,1.1556815813539675e-13,0.12219704091074801,4.788427451953598,-3.802552199362907,-12.8596,-13.6216271521525,-1.152236686969401,landing,,,,-2.1849944579539127
109.55,63.97103312,-22.60534208,141.484,3.508,-0.0912,4.5819,347.0926,-0.5776,0.2514,-0.7875,47.253,46.103,0.5196,77.6267,-5.3715,1.0,0.0,1.0,-0.03,867.6,0.0,10.0,270.0,1,109.55,-0.08431325795444883,0.03151194511849073,-0.03,0.3108585728016384,0.0,1.0,0.0032103102017334018,730.1666031588964,4.813035650022959,-5.015999999999991,0.008000000000000007,5.687267667800748,9.630679844616395e-14,0.11866867712993168,4.7846604593968936,-3.978360687007182,-12.927400000000034,-14.685628982352686,-1.1433376996164542,landing,,,,-2.0706098075912394
109.658,63.97105607,-22.6053458,141.54,3.504,-0.1538,4.6129,347.0032,-0.1351,0.2208,-0.793,47.137,45.945,0.5356,77.3393,-5.6556,1.0,1.0,1.0,-0.03,858.0,0.0,10.0,270.0,1,109.658,-0.0838945473709774,0.03100286788662751,-0.03,0.3196398104049383,0.0,1.0,0.0038539427080784283,732.7249306892081,4.629885933296416,-4.960000000000008,0.0040000000000000036,5.687267667800748,8.025566537180329e-14,0.11427881828510775,4.779777794117856,-4.202430457206049,-13.01679999999999,-15.932838589343323,-1.1370410063853247,landing,,,,-1.933802853859234
109.733,63.97107015,-22.60534819,141.576,3.504,-0.154,4.6194,346.9543,0.0254,-0.0013,-0.684,47.065,45.846,0.5434,77.1588,-5.8337,1.0,1.0,1.0,-0.03,851.9,0.0,10.0,270.0,1,109.733,-0.08496908680122528,0.03068116480167768,-0.03,0.32543560627880597,0.0,1.0,0.0042637033689961745,734.2944822940726,4.5122430310705095,-4.924000000000007,0.0040000000000000036,5.687267667800748,6.68797211431694e-14,0.1114504206561392,4.776187131181771,-4.343702247367986,-13.065699999999993,-16.79326979992328,-1.1209463694412043,landing,,,,-1.8488569311137368
109.858,63.97109821,-22.60535317,141.649,3.504,-0.1497,4.615,346.8679,0.0418,-0.04,-0.6151,46.92,45.649,0.5385,76.7989,-6.1756,1.0,1.0,1.0,-0.03,839.6,0.0,10.0,270.0,1,109.858,-0.08677808921782473,0.030034878625617684,-0.03,0.3346115755676953,0.0,1.0,0.005094169154585604,737.4224344094089,4.267162372438143,-4.850999999999999,0.0040000000000000036,5.687267667800748,5.573310095264117e-14,0.10553936183735477,4.769478771698183,-4.617410965061168,-13.152100000000019,-18.22736642742424,-1.124496699492001,landing,,,,-1.6792993857789043
109.967,63.97111917,-22.6053571,141.702,3.503,-0.1454,4.6115,346.8084,0.0398,-0.0304,-0.5619,46.811,45.5,0.5352,76.5254,-6.4345,1.0,1.0,1.0,-0.03,830.4,0.0,10.0,270.0,1,109.967,-0.08823232939144326,0.029540749722925946,-0.03,0.34206125211883776,0.0,1.0,0.005735843217232306,739.7589196384432,4.07380140908071,-4.798000000000002,0.0030000000000001137,5.687267667800748,4.644425079386764e-14,0.1008587170124173,4.7631432656487,-4.826306543923636,-13.211599999999976,-19.46875253336525,-1.1131788177200068,landing,,,,-1.5525459849911982
110.033,63.97113484,-22.60536015,141.742,3.503,-0.1422,4.6095,346.7678,0.0425,-0.0157,-0.5137,46.729,45.388,0.5326,76.3184,-6.6294,1.0,1.0,1.0,-0.03,823.5,0.0,10.0,270.0,1,110.033,-0.08907098827534096,0.029166376517904075,-0.03,0.346317931229738,0.0,1.0,0.006225991266285591,741.5057079698713,3.9237607749672185,-4.75800000000001,0.0030000000000001137,5.687267667800748,3.870354232822303e-14,0.0972174146554118,4.75908069983153,-4.984537858147519,-13.252199999999903,-20.21490396664506,-1.1249284017840249,landing,,,,-1.4584276524906201
110.133,63.97115567,-22.60536436,141.795,3.502,-0.1376,4.6088,346.7202,0.0496,-0.0006,-0.4291,46.618,45.237,0.5289,76.0401,-6.8893,1.0,1.0,1.0,-0.03,814.6,0.0,10.0,270.0,1,110.133,-0.09025562884158908,0.028657721922079465,-0.03,0.35243752375438153,0.0,1.0,0.00689759470268575,743.8276964347087,3.7166866262118283,-4.7050000000000125,0.0019999999999997797,5.687267667800748,3.225295194018586e-14,0.09217938999447269,4.7524350364982055,-5.1969140031394545,-13.299800000000005,-21.342734926978547,-1.1235712743491166,landing,,,,-1.3345323932664357
110.25,63.9711816,-22.60536984,141.861,3.502,-0.1303,4.609,346.6735,0.067,0.0015,-0.3053,46.479,45.048,0.5247,75.6887,-7.2137,1.0,1.0,1.0,-0.03,803.7,0.0,10.0,270.0,1,110.25,-0.09158806997863303,0.02801487959821433,-0.03,0.359082168347157,0.0,1.0,0.007755940968227737,746.7181945460725,3.4471919873530186,-4.63900000000001,0.0019999999999997797,5.687267667800748,2.687745995015488e-14,0.08560263623665737,4.743916048295551,-5.464272278825689,-13.346499999999992,-22.654565428332948,-1.1294315392295757,landing,,,,-1.1835060241192679
110.35,63.97119882,-22.60537364,141.905,3.501,-0.1247,4.6092,346.6513,0.0669,0.005,-0.2143,46.386,44.921,0.5216,75.4527,-7.4283,1.0,1.0,1.0,-0.03,796.7,0.0,10.0,270.0,1,110.35,-0.09261148235415242,0.027579164958432018,-0.03,0.3643128467051622,0.0,1.0,0.008343974733368231,748.637758995762,3.260345742285065,-4.594999999999999,0.0009999999999998899,5.687267667800748,2.2397883291795733e-14,0.08103018385678284,4.736206013186911,-5.642636769651716,-13.36869999999999,-23.764889774049553,-1.111301399299616,landing,,,,-1.0853889952943376
110.442,63.97122112,-22.60537874,141.961,3.501,-0.1172,4.61,346.6344,0.0696,0.0084,-0.0846,46.264,44.755,0.5176,75.1441,-7.7043,1.0,1.0,1.0,-0.03,788.0,0.0,10.0,270.0,1,110.442,-0.09355677351320271,0.027005245574406728,-0.03,0.3687744632382177,0.0,1.0,0.009126473065252383,751.1236030455456,3.0096099735671404,-4.538999999999987,0.0009999999999998899,5.687267667800748,1.8664902743163112e-14,0.07487933417586674,4.728570546823985,-5.873910535112515,-13.385599999999954,-24.77772798812828,-1.1308273590470832,landing,,,,-0.9619069489443035
110.558,63.97124333,-22.60538403,142.017,3.5,-0.1096,4.611,346.6321,0.0717,0.011,0.0554,46.141,44.589,0.5136,74.8339,-7.9757,1.0,1.0,1.0,-0.03,779.7,0.0,10.0,270.0,1,110.558,-0.0945999611914031,0.0264265025214174,-0.03,0.37394160476207694,0.0,1.0,0.00992496860475195,753.5994109386423,2.7495688985184152,-4.483000000000004,0.0,5.687267667800748,1.5554085619302594e-14,0.0684831238058198,4.718230783071072,-6.103544857579834,-13.387899999999945,-26.043302743466135,-1.1244198561869956,landing,,,,-0.8433198006821812
110.65,63.97126206,-22.60538864,142.064,3.5,-0.1031,4.6121,346.6421,0.0701,0.0128,0.1789,46.037,44.448,0.5103,74.5706,-8.2006,1.0,1.0,1.0,-0.03,773.0,0.0,10.0,270.0,1,110.65,-0.09537489699500265,0.0259312713995635,-0.03,0.37767861162611327,0.0,1.0,0.010615987967538432,755.687291411352,2.5229789750556026,-4.436000000000007,0.0,5.687267667800748,1.2961738016085494e-14,0.06289657123875685,4.709548026556953,-6.295654150461701,-13.377899999999954,-27.03447115822623,-1.124966667679878,landing,,,,-0.7474330876224329
110.733,63.97128071,-22.60539338,142.11,3.5,-0.0965,4.6133,346.6638,0.0694,0.0135,0.3056,45.932,44.307,0.5069,74.307,-8.4203,1.0,1.0,1.0,-0.03,766.6,0.0,10.0,270.0,1,110.733,-0.09604988538590023,0.02543281781063997,-0.03,0.3807877524509651,0.0,1.0,0.01131893488880581,757.766251521767,2.2900229800836507,-4.389999999999986,0.0,5.687267667800748,1.0801448346737912e-14,0.05714078905677634,4.701260962508525,-6.4850490009377495,-13.356199999999944,-27.91864964761293,-1.1377024470693293,landing,,,,-0.6556258853281207
110.858,63.97130436,-22.60539959,142.169,3.499,-0.0885,4.615,346.7088,0.0684,0.0151,0.4794,45.797,44.128,0.5028,73.9712,-8.6905,1.0,1.0,1.0,-0.03,759.0,0.0,10.0,270.0,1,110.858,-0.09692841828700535,0.02479558750607655,-0.03,0.38502995607158597,0.0,1.0,0.012228795156072447,760.4025701843157,1.9848516404796057,-4.330999999999989,-0.0009999999999998899,5.687267667800748,9.001206955614926e-15,0.049583066361903974,4.687870258459977,-6.720673196375515,-13.311199999999985,-29.233566527017768,-1.1324567700630304,landing,,,,-0.5449386674055461
110.942,63.97132287,-22.6054046,142.215,3.499,-0.0824,4.6164,346.7584,0.064,0.0159,0.6187,45.691,43.987,0.4996,73.7077,-8.8942,1.0,1.0,1.0,-0.03,753.3,0.0,10.0,270.0,1,110.942,-0.09749215952878879,0.024290301867601033,-0.03,0.38758800202459964,0.0,1.0,0.012959486302150991,762.4659189340764,1.7386727865618379,-4.284999999999997,-0.0009999999999998899,5.687267667800748,7.50100579634577e-15,0.04347244683425315,4.678395907270367,-6.900530768318902,-13.261600000000044,-30.101978968190707,-1.1442247693213787,landing,,,,-0.4628157634111574
111.042,63.97134298,-22.6054102,142.265,3.498,-0.0761,4.6181,346.8275,0.0612,0.0168,0.7784,45.573,43.834,0.4961,73.421,-9.1064,1.0,1.0,1.0,-0.03,747.6,0.0,10.0,270.0,1,111.042,-0.09808640018434225,0.023738867439113992,-0.03,0.3903477397830153,0.0,1.0,0.013766542180009111,764.7076203750211,1.4635253723811112,-4.235000000000014,-0.0019999999999997797,5.687267667800748,6.250838163621475e-15,0.036628705171323626,4.666464124763264,-7.090282859525331,-13.192499999999995,-31.120209178508887,-1.147477063019428,landing,,,,-0.37770128454376106
111.15,63.97136469,-22.60541641,142.319,3.498,-0.0698,4.6199,346.9206,0.0565,0.0171,0.9551,45.446,43.668,0.4924,73.1118,-9.3229,1.0,1.0,1.0,-0.03,741.8,0.0,10.0,270.0,1,111.15,-0.09865974225473959,0.023137088587604965,-0.03,0.39299720468116695,0.0,1.0,0.01465913615264941,767.1276741651089,1.1584295236358106,-4.181000000000012,-0.0019999999999997797,5.687267667800748,5.209031803017896e-15,0.029023534082233373,4.652799395594997,-7.286891783476193,-13.09940000000006,-32.19884611938104,-1.150063323283653,landing,,,,-0.2903676841268208
111.233,63.97138132,-22.60542128,142.359,3.497,-0.0652,4.6213,347.0052,0.0513,0.0172,1.0903,45.346,43.541,0.4897,72.8754,-9.4789,1.0,1.0,1.0,-0.03,737.7,0.0,10.0,270.0,1,111.233,-0.09905867190673809,0.022674389853581806,-0.03,0.3948133488747907,0.0,1.0,0.015354134679120612,768.9814490399763,0.9191829474915573,-4.140999999999991,-0.0030000000000001137,5.687267667800748,4.3408598358482465e-15,0.023048084501904424,4.641839641614175,-7.430853608975411,-13.014799999999923,-33.01182409659015,-1.1550411372677276,landing,,,,-0.22614943265082843
111.342,63.97140286,-22.60542773,142.412,3.497,-0.0599,4.6233,347.1325,0.0453,0.018,1.275,45.216,43.376,0.4862,72.5702,-9.6662,1.0,1.0,1.0,-0.03,732.8,0.0,10.0,270.0,1,111.342,-0.09951829822415112,0.022070475334342893,-0.03,0.39692650819698017,0.0,1.0,0.016273021219824713,771.382547680038,0.6023352191568667,-4.087999999999994,-0.0030000000000001137,5.687267667800748,3.617383196540205e-15,0.015119162903826953,4.626622279672828,-7.607020379922773,-12.887500000000045,-34.05673271393727,-1.1584610839214553,landing,,,,-0.14550702512242708
111.442,63.97142266,-22.60543378,142.461,3.496,-0.0558,4.6251,347.2678,0.0381,0.0186,1.4475,45.094,43.225,0.4831,72.2912,-9.822,1.0,1.0,1.0,-0.03,728.7,0.0,10.0,270.0,1,111.442,-0.09987877848360444,0.021515267465467586,-0.03,0.39861243776180566,0.0,1.0,0.01712997248718795,773.5896836364242,0.30515269021608565,-4.038999999999987,-0.0040000000000000036,5.687267667800748,3.0144859971168374e-15,0.007667024230958141,4.6119669078303485,-7.757237433482203,-12.752199999999903,-34.99138538679784,-1.1640555308376928,landing,,,,-0.07297570853044277
111.55,63.97144403,-22.60544045,142.513,3.496,-0.0521,4.6272,347.4341,0.0299,0.0191,1.6368,44.96,43.061,0.4799,71.9924,-9.9708,1.0,1.0,1.0,-0.03,724.8,0.0,10.0,270.0,1,111.55,-0.10020899108054274,0.020909771557383466,-0.03,0.4001820237975555,0.0,1.0,0.018078353391110746,775.9718274685002,-0.022467043406378673,-3.9869999999999948,-0.0040000000000000036,5.687267667800748,2.512071664264031e-15,-0.000565079387868363,4.595302798388269,-7.905186434147623,-12.585900000000038,-35.97275562462046,-1.1710269135561477,landing,,,,0.005357861854498935
111.633,63.97145877,-22.60544512,142.549,3.496,-0.05,4.6286,347.5611,0.0236,0.0191,1.7662,44.867,42.949,0.4778,71.7879,-10.0605,1.0,1.0,1.0,-0.03,722.4,0.0,10.0,270.0,1,111.633,-0.10041678304167559,0.0204949141553685,-0.03,0.40122783485084557,0.0,1.0,0.018736751317157685,777.614914727911,-0.25184132870090836,-3.9509999999999934,-0.0040000000000000036,5.687267667800748,2.093393053553359e-15,-0.006338754051770926,4.582063010726431,-7.997589931729834,-12.458899999999971,-36.7082704529361,-1.166431914842944,landing,,,,0.0602594293529819
111.733,63.97147999,-22.60545193,142.6,3.495,-0.0479,4.6307,347.762,0.0142,0.0201,1.9573,44.729,42.787,0.4749,71.4961,-10.1696,1.0,1.0,1.0,-0.03,719.2,0.0,10.0,270.0,1,111.733,-0.10062900132066671,0.019893132541684316,-0.03,0.40231164118166785,0.0,1.0,0.01970471516084943,779.9803346551198,-0.5863143474408044,-3.9000000000000057,-0.004999999999999893,5.687267667800748,1.7444942112944658e-15,-0.01477266768791706,4.56531220058855,-8.115442741874062,-12.258000000000038,-37.56698774840682,-1.1858471953117549,landing,,,,0.14207705136780646
111.833,63.9714995,-22.60545828,142.648,3.494,-0.0469,4.6328,347.9658,0.0053,0.0208,2.1331,44.6,42.638,0.4723,71.2309,-10.2474,1.0,1.0,1.0,-0.03,716.5,0.0,10.0,270.0,1,111.833,-0.1007831812805843,0.01933807166244625,-0.03,0.4032226446293403,0.0,1.0,0.020611575173029972,782.155137226417,-0.8981837102191226,-3.852000000000004,-0.005999999999999783,5.687267667800748,1.4537451760787214e-15,-0.02265213350830033,4.547829279902426,-8.20650143840723,-12.054200000000037,-38.396737870922706,-1.1953156321016,landing,,,,0.222010149062001
111.933,63.97151894,-22.60546466,142.695,3.494,-0.0468,4.6349,348.187,-0.0038,0.0214,2.3059,44.469,42.489,0.4699,70.9699,-10.3022,1.0,1.0,1.0,-0.03,714.1,0.0,10.0,270.0,1,111.933,-0.10088809578622995,0.018781748731867304,-0.03,0.4039775266370136,0.0,1.0,0.021534576371157688,784.3221359131009,-1.2115201609073487,-3.805000000000007,-0.005999999999999783,5.687267667800748,1.2114543133989344e-15,-0.03058362885792381,4.529611486083624,-8.279531074207625,-11.83299999999997,-39.19607049221354,-1.2057414837287175,landing,,,,0.30772999032926407
112.042,63.97153831,-22.60547107,142.742,3.493,-0.0476,4.6371,348.4254,-0.0131,0.0222,2.475,44.335,42.341,0.4677,70.7132,-10.3327,1.0,1.0,1.0,-0.03,711.8,0.0,10.0,270.0,1,112.042,-0.10095291047305266,0.018228151275833077,-0.03,0.404642605373279,0.0,1.0,0.022467618101445652,786.4813307143796,-1.526323699679267,-3.7580000000000098,-0.007000000000000117,5.687267667800748,1.0095452611657787e-15,-0.03856722069763334,4.508950070628146,-8.333296253495291,-11.5945999999999,-40.032644723848364,-1.2078884214047614,landing,,,,0.401131664622568
112.133,63.971556,-22.60547696,142.785,3.493,-0.0492,4.6392,348.6585,-0.0215,0.0228,2.6255,44.21,42.206,0.4659,70.4818,-10.3386,1.0,1.0,1.0,-0.03,709.9,0.0,10.0,270.0,1,112.133,-0.10096310236006734,0.01772251393413113,-0.03,0.40508555803848245,0.0,1.0,0.02333303437983031,788.4532534883022,-1.8155851262703369,-3.7150000000000034,-0.007000000000000117,5.687267667800748,8.412877176381489e-16,-0.04591621999103161,4.491094546061391,-8.36490171366853,-11.361499999999978,-40.7022441568613,-1.2229555079703707,landing,,,,0.4949201013044586
112.233,63.97157684,-22.60548391,142.835,3.492,-0.052,4.6417,348.9516,-0.0311,0.0234,2.7967,44.059,42.047,0.4639,70.2132,-10.3175,1.0,1.0,1.0,-0.03,707.8,0.0,10.0,270.0,1,112.233,-0.10092792083364366,0.01712644067293831,-0.03,0.40546599579742737,0.0,1.0,0.024370118163959897,790.7763098602403,-2.1569024800268686,-3.664999999999992,-0.008000000000000007,5.687267667800748,7.010730980317908e-16,-0.0546041348236776,4.470663817425484,-8.37951949902208,-11.068399999999997,-41.402061715292746,-1.2490504617912375,landing,,,,0.617278610890537
112.333,63.971596,-22.60549031,142.881,3.492,-0.0555,4.6441,349.2382,-0.04,0.0245,2.9467,43.916,41.9,0.4622,69.9699,-10.2703,1.0,1.0,1.0,-0.03,705.9,0.0,10.0,270.0,1,112.333,-0.10085842634173522,0.016575097983783843,-0.03,0.40575113745605385,0.0,1.0,0.0253463505845975,792.9120947178835,-2.4712079098020054,-3.6189999999999998,-0.008000000000000007,5.687267667800748,5.84227581693159e-16,-0.06262017802327079,4.449499586898407,-8.370342911366635,-10.781799999999976,-42.06622109813978,-1.265500419810224,landing,,,,0.7428665574639837
112.442,63.97161669,-22.60549719,142.931,3.491,-0.0603,4.6468,349.5651,-0.049,0.0254,3.099,43.758,41.741,0.4607,69.711,-10.1888,1.0,1.0,1.0,-0.03,704.0,0.0,10.0,270.0,1,112.442,-0.10073993247568228,0.015978786012226548,-0.03,0.4059688393652563,0.0,1.0,0.02642143820467535,795.2184307763828,-2.8090898657240295,-3.5689999999999884,-0.008999999999999897,5.687267667800748,4.868563180776324e-16,-0.0712547476022083,4.425566304244036,-8.33534241069816,-10.454899999999952,-42.74728338817002,-1.2822314075005388,landing,,,,0.8935165738675934
112.542,63.97163572,-22.60550349,142.977,3.491,-0.0656,4.6494,349.881,-0.0567,0.0263,3.2291,43.608,41.595,0.4594,69.4763,-10.0854,1.0,1.0,1.0,-0.03,702.3,0.0,10.0,270.0,1,112.542,-0.10059414121040836,0.015431553143010007,-0.03,0.4060972527176874,0.0,1.0,0.027426457270290527,797.3397253686035,-3.1184908639445994,-3.522999999999996,-0.008999999999999897,5.687267667800748,4.05713598398027e-16,-0.07917729275678033,4.402896687287543,-8.279543496987344,-10.13900000000001,-43.333710554288366,-1.3020285522732107,landing,,,,1.047183131302198
112.65,63.97165468,-22.60550972,143.023,3.49,-0.0715,4.6521,350.2095,-0.0636,0.027,3.3483,43.454,41.449,0.4583,69.2455,-9.955,1.0,1.0,1.0,-0.03,700.8,0.0,10.0,270.0,1,112.65,-0.10042285678427926,0.014884914488090345,-0.03,0.40617282213882033,0.0,1.0,0.02844883508990248,799.4532177856228,-3.4244595773482964,-3.477000000000004,-0.009999999999999787,5.687267667800748,3.3809466533168918e-16,-0.08702721609227958,4.37764731987534,-8.201007624946044,-9.810500000000047,-43.92524048030208,-1.313291949877995,landing,,,,1.2152138746275156
112.75,63.97167515,-22.60551636,143.073,3.489,-0.0788,4.655,350.5781,-0.0703,0.0276,3.4642,43.284,41.29,0.4574,68.9995,-9.7836,1.0,1.0,1.0,-0.03,699.4,0.0,10.0,270.0,1,112.75,-0.10020145876400446,0.014290610648383745,-0.03,0.40619543174093087,0.0,1.0,0.029582327874978442,801.7350330664776,-3.750574477544589,-3.4269999999999925,-0.01100000000000012,5.687267667800748,2.817455544430743e-16,-0.09541146038899963,4.3535140161035235,-8.090304467219084,-9.441900000000032,-44.430178075499036,-1.348447227161824,landing,,,,1.4131801044856402
112.85,63.97169399,-22.60552237,143.119,3.489,-0.0861,4.6578,350.929,-0.0755,0.0285,3.5591,43.123,41.143,0.4566,68.7758,-9.5981,1.0,1.0,1.0,-0.03,698.1,0.0,10.0,270.0,1,112.85,-0.09997536311191438,0.013742412088378203,-0.03,0.4061828613790879,0.0,1.0,0.03064922084430105,803.8351520370047,-4.045759901144473,-3.3810000000000002,-0.01100000000000012,5.687267667800748,2.3478796203589527e-16,-0.1030167712735973,4.328700625589153,-7.964678558434343,-9.091000000000008,-44.89497629474402,-1.3722247519653041,landing,,,,1.6101725087842809
112.95,63.97171276,-22.60552827,143.164,3.488,-0.0939,4.6607,351.2888,-0.0798,0.0293,3.6426,42.958,40.997,0.4561,68.5548,-9.3872,1.0,1.0,1.0,-0.03,697.0,0.0,10.0,270.0,1,112.95,-0.0997303776915743,0.01319944288932648,-0.03,0.40614399666703993,0.0,1.0,0.031727187637392074,805.927469517996,-4.335553290802622,-3.3360000000000127,-0.01200000000000001,5.687267667800748,1.9565663502991272e-16,-0.11049847995352667,4.303221775508502,-7.817014258002899,-8.731199999999944,-45.31914653179661,-1.397477047241172,landing,,,,1.8208258031013358
113.05,63.97173147,-22.60553402,143.21,3.488,-0.102,4.6637,351.6564,-0.0832,0.0299,3.7149,42.789,40.849,0.4558,68.3361,-9.1517,1.0,1.0,1.0,-0.03,695.9,0.0,10.0,270.0,1,113.05,-0.09947371218938555,0.012650876227184277,-0.03,0.4060868100094175,0.0,1.0,0.03283888719364464,808.0131009594265,-4.617995286346282,-3.289999999999992,-0.01200000000000001,5.687267667800748,1.630471958582606e-16,-0.11780623785986809,4.277097079137488,-7.647773870238325,-8.363599999999906,-45.70231506647861,-1.4240700429465258,landing,,,,2.0432525763221676
113.15,63.97175013,-22.60553963,143.256,3.487,-0.1104,4.6667,352.0308,-0.0852,0.0304,3.7766,42.616,40.702,0.4556,68.1193,-8.8926,1.0,1.0,1.0,-0.03,694.9,0.0,10.0,270.0,1,113.15,-0.0992063126258137,0.012108171260220651,-0.03,0.4060183716696255,0.0,1.0,0.033962305779270174,810.093160957754,-4.893576214227596,-3.2439999999999998,-0.0129999999999999,5.687267667800748,1.3587266321521716e-16,-0.12495207663022909,4.250344881210672,-7.45758909978403,-7.9891999999999825,-46.044211915813854,-1.4518818572241026,landing,,,,2.277076804059867
113.25,63.97176872,-22.60554507,143.299,3.487,-0.1111,4.6404,352.404,-0.0352,-0.2593,3.7366,42.444,40.556,0.4151,67.9055,-8.6239,1.0,1.0,1.0,-0.03,694.0,0.0,10.0,270.0,1,113.25,-0.09917481832572786,0.011571607844928139,-0.03,0.40594468025186914,0.0,1.0,0.035097386439080724,812.165420492668,-5.160825484566083,-3.2009999999999934,-0.0129999999999999,5.687267667800748,1.132272193460143e-16,-0.13189777668504793,4.222987287271466,-7.257735257837538,-7.6159999999999854,-46.345369796655696,-1.4762562338400995,landing,,,,2.5201000174627453
113.358,63.97178726,-22.60555032,143.339,3.486,-0.1212,4.6306,352.782,-0.1029,-0.0003,3.8215,42.265,40.41,0.4037,67.6949,-8.3151,1.0,1.0,1.0,-0.03,693.1,0.0,10.0,270.0,1,113.358,-0.09885359790298404,0.01103781379892163,-0.03,0.4058646887989208,0.0,1.0,0.03625204785729219,814.2321094395808,-5.41876400061788,-3.1610000000000014,-0.01399999999999979,5.687267667800748,9.435601612167858e-17,-0.1386178018578501,4.19281381043664,-7.022677711700709,-7.238000000000056,-46.62654380285183,-1.4927245223462144,landing,,,,2.7701789698458796
113.433,63.97180266,-22.60555455,143.373,3.485,-0.1293,4.6321,353.102,-0.0925,0.0282,3.8609,42.114,40.287,0.4042,67.5188,-8.0481,1.0,1.0,1.0,-0.03,692.4,0.0,10.0,270.0,1,113.433,-0.098597472986204,0.010590505362299635,-0.03,0.4058114159154522,0.0,1.0,0.03724026649018847,815.9487788718734,-5.626606727930964,-3.1270000000000095,-0.015000000000000124,5.687267667800748,7.863001343473215e-17,-0.14404502285037457,4.171528399196769,-6.817465257846351,-6.918000000000006,-46.795694724330446,-1.5400525960723133,landing,,,,2.982951189189059
113.558,63.97182416,-22.60556024,143.42,3.484,-0.1399,4.6357,353.5548,-0.0887,0.0327,3.9026,41.899,40.115,0.4051,67.2722,-7.6541,1.0,1.0,1.0,-0.03,691.4,0.0,10.0,270.0,1,113.558,-0.09826143632245715,0.00996908118962156,-0.03,0.40573525339162253,0.0,1.0,0.03864630488634996,818.3454314395732,-5.906217666199631,-3.0800000000000125,-0.016000000000000014,5.687267667800748,6.552501119561012e-17,-0.15136531495390002,4.1352263664975455,-6.511088325236301,-6.465199999999982,-47.01889854027631,-1.5564114509748275,landing,,,,3.285269017875258
113.658,63.97184252,-22.60556488,143.461,3.484,-0.1486,4.639,353.9465,-0.0856,0.0325,3.9326,41.712,39.967,0.4059,67.0606,-7.2982,1.0,1.0,1.0,-0.03,690.6,0.0,10.0,270.0,1,113.658,-0.09798734474539872,0.009438565476930422,-0.03,0.4056851645524613,0.0,1.0,0.03987910751357565,820.3920650065063,-6.1342630037552555,-3.0389999999999873,-0.016000000000000014,5.687267667800748,5.4604175996341766e-17,-0.15735371073745158,4.105706907535477,-6.23105116778126,-6.073499999999967,-47.156059554873536,-1.5849195008862142,landing,,,,3.545653142037466
113.758,63.97186083,-22.60556929,143.502,3.483,-0.1571,4.6423,354.341,-0.0827,0.032,3.9596,41.521,39.819,0.4068,66.8483,-6.9268,1.0,1.0,1.0,-0.03,689.9,0.0,10.0,270.0,1,113.758,-0.09772125456581876,0.00891232055830457,-0.03,0.40564849709985196,0.0,1.0,0.04113357435786441,822.4331286687276,-6.35103783807256,-2.9979999999999905,-0.016999999999999904,5.687267667800748,4.5503479996951474e-17,-0.1630633102988102,4.075714886813812,-5.935858155212657,-5.678999999999974,-47.25239895932479,-1.6144722735329342,landing,,,,3.804813875383779
113.842,63.97187604,-22.60557278,143.536,3.482,-0.1638,4.6449,354.6718,-0.0796,0.0317,3.9809,41.361,39.695,0.4076,66.6707,-6.6063,1.0,1.0,1.0,-0.03,689.2,0.0,10.0,270.0,1,113.842,-0.09751269429794629,0.008474973069708874,-0.03,0.4056280686295577,0.0,1.0,0.042201602230011126,824.128630176036,-6.522617812886748,-2.9639999999999986,-0.017999999999999794,5.687267667800748,3.7919566664126226e-17,-0.16759594801744437,4.050224825497267,-5.678880753746512,-5.348199999999906,-47.30472760806646,-1.6408622400082926,landing,,,,4.018073109716347
113.95,63.97189726,-22.6055774,143.583,3.481,-0.1729,4.6486,355.1378,-0.0754,0.0312,4.0106,41.133,39.521,0.4088,66.4204,-6.1423,1.0,1.0,1.0,-0.03,688.4,0.0,10.0,270.0,1,113.95,-0.09723238368739395,0.007867201079124836,-0.03,0.4056215976152604,0.0,1.0,0.0437269272468781,826.4940875567085,-6.749794566357491,-2.9170000000000016,-0.019000000000000128,5.687267667800748,3.1599638886771855e-17,-0.17361729789179853,4.016893347953161,-5.303463720469097,-4.882200000000012,-47.321114149899344,-1.6836121373812643,landing,,,,4.311570411703144
114.058,63.97191539,-22.60558108,143.624,3.481,-0.1803,4.6517,355.54,-0.0712,0.0306,4.037,40.935,39.372,0.4098,66.2043,-5.7317,1.0,1.0,1.0,-0.03,687.6,0.0,10.0,270.0,1,114.058,-0.09700667826072149,0.007352678717962607,-0.03,0.40563233054977443,0.0,1.0,0.0450583306541103,828.5150978911947,-6.930796974628318,-2.8760000000000048,-0.019000000000000128,5.687267667800748,2.633303240564321e-17,-0.178434880024086,3.983161564857927,-4.968098361687481,-4.480000000000018,-47.29388611708043,-1.6972231551950827,landing,,,,4.554672543757135
114.158,63.97193346,-22.6055845,143.665,3.48,-0.1872,4.6548,355.945,-0.067,0.03,4.0662,40.735,39.222,0.4109,65.9861,-5.3103,1.0,1.0,1.0,-0.03,686.9,0.0,10.0,270.0,1,114.158,-0.09679838172683805,0.006840652139878917,-0.03,0.4056577274764601,0.0,1.0,0.04642270715962998,830.5294240681366,-7.0990586787335594,-2.835000000000008,-0.020000000000000018,5.687267667800748,2.1944193671369342e-17,-0.1829323594896547,3.9515911236927703,-4.621021844916783,-4.0750000000000455,-47.228447255909636,-1.7247483229046336,landing,,,,4.78817387869902
114.242,63.97194997,-22.6055874,143.703,3.479,-0.1932,4.6576,356.319,-0.0629,0.0295,4.096,40.55,39.085,0.4119,65.7841,-4.9153,1.0,1.0,1.0,-0.03,686.2,0.0,10.0,270.0,1,114.242,-0.09661872009961539,0.006378565628434946,-0.03,0.40569018532163414,0.0,1.0,0.04769035081997958,832.3698554250786,-7.241782940358464,-2.796999999999997,-0.020999999999999908,5.687267667800748,1.828682805947445e-17,-0.18676471872292405,3.9248384321737038,-4.293123735918556,-3.701000000000022,-47.142612298959996,-1.7681694710388394,landing,,,,4.99206856395525
114.35,63.97196942,-22.60559054,143.748,3.478,-0.1998,4.6607,356.7647,-0.0584,0.0289,4.1362,40.329,38.922,0.4132,65.5426,-4.4388,1.0,1.0,1.0,-0.03,685.4,0.0,10.0,270.0,1,114.35,-0.09642408281457635,0.00583615762030551,-0.03,0.4057472324230431,0.0,1.0,0.049225914325796205,834.538024289844,-7.396380100145113,-2.7520000000000095,-0.021999999999999797,5.687267667800748,1.5239023382895374e-17,-0.19093807385549552,3.8900877018414883,-3.894377132738981,-3.255300000000034,-46.985044486131244,-1.7934537278804408,landing,,,,5.219186358527722
114.433,63.97198433,-22.60559273,143.782,3.478,-0.2045,4.6632,357.1106,-0.0546,0.0287,4.1711,40.157,38.797,0.4141,65.3549,-4.0657,1.0,1.0,1.0,-0.03,684.7,0.0,10.0,270.0,1,114.433,-0.09628690719097341,0.005425947594067532,-0.03,0.4057979730435137,0.0,1.0,0.05042405304325481,836.2001050078464,-7.504256554130817,-2.7179999999999893,-0.021999999999999797,5.687267667800748,1.2699186152412811e-17,-0.1938680712477331,3.8632340759528274,-3.579758213480801,-2.909400000000005,-46.83654881689633,-1.818802403220968,landing,,,,5.381761245375216
114.533,63.97200068,-22.60559491,143.82,3.477,-0.2094,4.6658,357.4948,-0.0509,0.0277,4.2145,39.967,38.658,0.4153,65.1459,-3.6492,1.0,1.0,1.0,-0.03,684.0,0.0,10.0,270.0,1,114.533,-0.09614608157222856,0.004975981335495899,-0.03,0.40586645937057786,0.0,1.0,0.051777797465814124,838.0227124009888,-7.611699105114599,-2.680000000000007,-0.02300000000000013,5.687267667800748,1.0582655127010675e-17,-0.19680550017186313,3.8306760790158,-3.226118631919576,-2.5252000000000407,-46.62070332872739,-1.8261840029281604,landing,,,,5.547298589672501
114.65,63.9720229,-22.60559751,143.872,3.476,-0.2154,4.6692,358.0254,-0.0459,0.0272,4.2823,39.705,38.47,0.4168,64.8567,-3.0717,1.0,1.0,1.0,-0.03,683.0,0.0,10.0,270.0,1,114.65,-0.09597424526552081,0.004378348066663568,-0.03,0.4059543425150365,0.0,1.0,0.053645486210628035,840.4996810660459,-7.739947439692678,-2.627999999999986,-0.02400000000000002,5.687267667800748,8.818879272508896e-18,-0.20034535832647732,3.792296035383439,-2.7315784672716745,-1.9945999999999913,-46.30860929978127,-1.863741478963433,landing,,,,5.750132007782014
114.742,63.97203765,-22.60559899,143.907,3.475,-0.2191,4.6715,358.3841,-0.043,0.0268,4.3329,39.529,38.344,0.4179,64.6613,-2.681,1.0,1.0,1.0,-0.03,682.3,0.0,10.0,270.0,1,114.742,-0.09587001347610508,0.0039852387897326425,-0.03,0.4060208575916622,0.0,1.0,0.05492144402974586,842.1439376484362,-7.813032120535913,-2.5929999999999893,-0.02499999999999991,5.687267667800748,7.34906606042408e-18,-0.2023874480273249,3.762046682323083,-2.3942493760780508,-1.6358999999999924,-46.03307289422328,-1.8682234788995609,landing,,,,5.868785562736733
114.833,63.97205529,-22.60560049,143.949,3.474,-0.2233,4.6742,358.8205,-0.0395,0.0256,4.4004,39.315,38.192,0.4191,64.4231,-2.2065,1.0,1.0,1.0,-0.03,681.5,0.0,10.0,270.0,1,114.833,-0.09574987937043028,0.003519372300089779,-0.03,0.40608307498572604,0.0,1.0,0.05648721254583661,844.1103616637095,-7.887209133627717,-2.5509999999999877,-0.0259999999999998,5.687267667800748,6.124221717020067e-18,-0.20449069893204208,3.7320264871172224,-1.9816214957771194,-1.1994999999999436,-45.72332643088586,-1.9121711946040163,landing,,,,5.99223337364576
114.958,63.9720758,-22.60560187,143.998,3.474,-0.2277,4.6771,359.3385,-0.0362,0.0248,4.488,39.065,38.015,0.4206,64.1405,-1.6452,1.0,1.0,1.0,-0.03,680.5,0.0,10.0,270.0,1,114.958,-0.0956247864130782,0.0029889764099081118,-0.03,0.4061535447013782,0.0,1.0,0.05834799069773766,846.3967259704038,-7.9556185788613485,-2.5020000000000095,-0.0259999999999998,5.687267667800748,5.103518097516722e-18,-0.206477948332724,3.6906666332126434,-1.4893111547498563,-0.6814999999999145,-45.23697235049978,-1.9201556314581967,landing,,,,6.110017399001038
115.058,63.9720933,-22.60560272,144.04,3.473,-0.2312,4.6796,359.791,-0.0339,0.0243,4.5705,38.847,37.862,0.422,63.894,-1.1576,1.0,1.0,1.0,-0.03,679.7,0.0,10.0,270.0,1,115.058,-0.09519908978329775,0.0025415108233742545,-0.03,0.40387169250883237,0.0,1.0,0.05998986337310214,848.3475543581061,-7.997944220666047,-2.460000000000008,-0.027000000000000135,5.687267667800748,4.2529317479306016e-18,-0.20776003993306222,3.6575884071086255,-1.0579431370555596,-0.22900000000004184,-44.80750262699475,-1.9437778467801585,landing,,,,6.186591648410257
115.15,63.97210928,-22.60560324,144.079,3.472,-0.2342,4.6819,0.2133,-0.0307,0.0244,4.6478,38.647,37.722,0.4232,63.6643,-0.7059,1.0,1.0,1.0,-0.03,678.9,0.0,10.0,270.0,1,115.15,-0.09375104597100692,0.0021414301674130554,-0.03,0.3943815945564957,0.0,1.0,0.06152012390970901,850.1289437471239,-8.02404278480198,-2.4209999999999923,-0.028000000000000025,5.687267667800748,3.544109789942168e-18,-0.20860646699416918,3.627180007696696,-0.6552607887947488,0.1932999999999936,-44.3774900028264,-1.9646992282981732,landing,,,,6.237394927972929
115.25,63.97212809,-22.60560351,144.125,3.471,-0.2372,4.6846,0.7211,-0.0186,0.0247,4.7255,38.408,37.557,0.4247,63.3888,-0.1673,1.0,1.0,1.0,-0.03,678.0,0.0,10.0,270.0,1,115.25,-0.09180934002122171,0.0016818961559859902,-0.03,0.38198319644880807,0.0,1.0,0.06335881820207023,852.2258165817091,-8.03800303986981,-2.375,-0.028999999999999915,5.687267667800748,2.953424824951807e-18,-0.20916840946159806,3.594172566724882,-0.1712185379082598,0.7010999999999967,-43.86360510279816,-2.003362934816531,landing,,,,6.271232286293753
115.35,63.97214539,-22.60560344,144.167,3.47,-0.2388,4.6871,1.1958,-0.0076,0.0255,4.7608,38.187,37.404,0.426,63.1305,0.3327,1.0,1.0,1.0,-0.03,677.1,0.0,10.0,270.0,1,115.35,-0.08979756561923927,0.0012678574933460973,-0.03,0.3694371424577947,0.0,1.0,0.06509876388620672,854.1543653561082,-8.035246668897223,-2.3329999999999984,-0.029999999999999805,5.687267667800748,2.4611873541265057e-18,-0.20927999073405715,3.561263992429062,0.2819480183540861,1.1758000000000095,-43.30738905177021,-2.0221481225604974,landing,,,,6.27796148132667
115.433,63.97215831,-22.60560319,144.199,3.47,-0.2394,4.689,1.5532,-0.0015,0.0259,4.7632,38.021,37.29,0.427,62.9344,0.709,1.0,1.0,1.0,-0.03,676.5,0.0,10.0,270.0,1,115.433,-0.08813794509069922,0.0009671964927281118,-0.03,0.3593757024697444,0.0,1.0,0.06641767493894235,855.5946490932344,-8.023500989215371,-2.3009999999999877,-0.029999999999999805,5.687267667800748,2.050989461772088e-18,-0.20911098231513972,3.5340549505178473,0.6254496944251287,1.5331999999999937,-42.82068212264044,-2.0201346568731484,landing,,,,6.2677703276921335
115.55,63.97217833,-22.60560244,144.249,3.469,-0.239,4.6921,2.1061,0.0035,0.0262,4.7038,37.762,37.112,0.4285,62.6251,1.2936,1.0,1.0,1.0,-0.03,675.5,0.0,10.0,270.0,1,115.55,-0.0852951659678732,0.0005116265244249074,-0.03,0.3426919142696323,0.0,1.0,0.06851652956155763,857.8264262256141,-7.9875347255462,-2.2510000000000048,-0.03100000000000014,5.687267667800748,1.7091578848100734e-18,-0.20838517321123137,3.4958910709451168,1.1633479152058044,2.0860999999999876,-42.07560644180561,-2.0377292529460806,landing,,,,6.2240935894222815
115.633,63.972194,-22.60560155,144.289,3.468,-0.2384,4.6945,2.5346,0.0151,0.0259,4.6242,37.558,36.973,0.4297,62.3786,1.7519,1.0,1.0,1.0,-0.03,674.7,0.0,10.0,270.0,1,115.633,-0.08280837698954346,0.0001680489171685673,-0.03,0.3288168001194296,0.0,1.0,0.07018997312025277,859.5732819398646,-7.944540069675278,-2.2110000000000127,-0.03200000000000003,5.687267667800748,1.4242982373417279e-18,-0.20742849316941395,3.4690025407157745,1.5887263496894946,2.5146000000000015,-41.517667108338635,-2.075920350432915,landing,,,,6.1667459303073
115.75,63.97221384,-22.60560005,144.339,3.467,-0.2362,4.6975,3.0658,0.0191,0.0254,4.4621,37.298,36.796,0.4311,62.0608,2.3297,1.0,1.0,1.0,-0.03,673.8,0.0,10.0,270.0,1,115.75,-0.0793624676884637,-0.0002534123797765242,-0.03,0.3103810961648461,0.0,1.0,0.07236611085217132,861.785006085758,-7.8718215054836795,-2.1610000000000014,-0.03299999999999992,5.687267667800748,1.1869151977847733e-18,-0.2057372165293649,3.431402176473046,2.129816480319761,3.0457999999999856,-40.67555180317105,-2.0892205205955703,landing,,,,6.065985029663153
115.842,63.97222795,-22.60559872,144.375,3.467,-0.2341,4.6996,3.4326,0.0344,0.0247,4.3131,37.114,36.67,0.4321,61.8313,2.7365,1.0,1.0,1.0,-0.03,673.1,0.0,10.0,270.0,1,115.842,-0.07669152250025435,-0.0005421288615644893,-0.03,0.2967542110935282,0.0,1.0,0.07394703418158055,863.3579656118458,-7.807208905209188,-2.125,-0.03299999999999992,5.687267667800748,9.890959981539777e-19,-0.20419503469137357,3.4020932666069226,2.5141154267212755,3.4125999999999976,-39.98737752658188,-2.0811095641777984,landing,,,,5.974804154664838
115.958,63.97224762,-22.60559652,144.425,3.466,-0.2297,4.7024,3.9224,0.0397,0.0235,4.0566,36.857,36.494,0.4335,61.5069,3.294,1.0,1.0,1.0,-0.03,672.1,0.0,10.0,270.0,1,115.958,-0.07273633121157366,-0.0009291435541292359,-0.03,0.27738306774670674,0.0,1.0,0.07620110815353792,865.5507506836287,-7.700188115898655,-2.0749999999999886,-0.03399999999999981,5.687267667800748,8.242466651283147e-19,-0.20159775693868606,3.365553166171155,3.045545021023628,3.9024,-39.070845547273535,-2.0933284439233892,landing,,,,5.822759970301888
116.042,63.972263,-22.6055945,144.465,3.465,-0.2255,4.7046,4.2852,0.0586,0.022,3.8235,36.657,36.356,0.4344,61.25,3.7192,1.0,1.0,1.0,-0.03,671.4,0.0,10.0,270.0,1,116.042,-0.06945494561268431,-0.0012189408829700599,-0.03,0.2620364218102972,0.0,1.0,0.07800704422234278,867.2652974687047,-7.601819262153047,-2.0349999999999966,-0.03500000000000014,5.687267667800748,6.868722209402622e-19,-0.1991784395780191,3.339398628381321,3.4548267699174176,4.265199999999993,-38.384373644676415,-2.1194760745623835,landing,,,,5.682866804254118
116.133,63.97227693,-22.60559246,144.501,3.464,-0.2202,4.7064,4.5948,0.0723,0.0204,3.5707,36.478,36.232,0.4352,61.0154,4.0919,1.0,1.0,1.0,-0.03,670.7,0.0,10.0,270.0,1,116.133,-0.06637999456570509,-0.0014688106165235137,-0.03,0.24803521802162976,0.0,1.0,0.07965960282401824,868.8182033250166,-7.502414110481817,-1.9989999999999952,-0.03600000000000003,5.687267667800748,5.723935174502185e-19,-0.1967135990045692,3.3113681816991503,3.8167046376591145,4.57480000000001,-37.61876904450991,-2.1056176102415343,landing,,,,5.542081170663643
116.25,63.97229772,-22.60558905,144.556,3.464,-0.2105,4.7088,5.0174,0.1057,-0.0345,3.1436,36.213,36.046,0.4278,60.6631,4.6216,1.0,1.0,1.0,-0.03,669.7,0.0,10.0,270.0,1,116.25,-0.061720236787989824,-0.0018244162421198473,-0.03,0.22752997486250803,0.0,1.0,0.08219319324681784,871.1358630374739,-7.336154491986897,-1.9439999999999884,-0.03600000000000003,5.687267667800748,4.76994597875182e-19,-0.19255852922996428,3.2759244978706166,4.336645894422844,4.997399999999999,-36.59393364668911,-2.1201030333975024,landing,,,,5.308783680665236
116.342,63.97231289,-22.6055863,144.595,3.463,-0.2015,4.6923,5.2895,0.0592,-0.1964,2.7662,36.024,35.911,0.4104,60.406,4.9823,1.0,1.0,1.0,-0.03,669.0,0.0,10.0,270.0,1,116.342,-0.05833002708512075,-0.0020677114390234286,-0.03,0.2129765125291836,0.0,1.0,0.08407465725399471,872.8270121915897,-7.202012044812716,-1.9050000000000011,-0.03699999999999992,5.687267667800748,3.9749549822931834e-19,-0.18918416689614603,3.248473386056035,4.695095423927398,5.269499999999994,-35.77247545713958,-2.1141252872783642,landing,,,,5.12309675650917
116.433,63.97232662,-22.60558363,144.629,3.462,-0.1941,4.6846,5.509,0.1108,-0.0194,2.4558,35.855,35.789,0.4078,60.173,5.2953,1.0,1.0,1.0,-0.03,668.4,0.0,10.0,270.0,1,116.433,-0.05520144827341111,-0.002276600358798536,-0.03,0.2000942476841091,0.0,1.0,0.08580681579151689,874.3576334742153,-7.071733061740751,-1.8710000000000093,-0.03799999999999981,5.687267667800748,3.3124624852443194e-19,-0.1858924394252875,3.2217034714639614,5.009145391680391,5.489000000000004,-34.947446930479536,-2.0907632481751253,landing,,,,4.9452652537274915
116.55,63.97234577,-22.60557962,144.677,3.462,-0.18,4.6847,5.7696,0.1293,0.0097,1.9696,35.625,35.619,0.4087,59.8477,5.6933,1.0,1.0,1.0,-0.03,667.5,0.0,10.0,270.0,1,116.55,-0.051056552212669415,-0.0025498996326909495,-0.03,0.1830011084056662,0.0,1.0,0.08827266973424086,876.4924815965982,-6.876013389322973,-1.8230000000000075,-0.03799999999999981,5.687267667800748,2.760385404370266e-19,-0.18092485757315904,3.187970619589195,5.41418313690059,5.749599999999987,-33.865858601393015,-2.079404040687578,landing,,,,4.683171755896076
116.65,63.97236345,-22.60557566,144.721,3.461,-0.1654,4.6858,5.961,0.1548,0.0082,1.5167,35.418,35.461,0.4091,59.5484,6.0211,1.0,1.0,1.0,-0.03,666.8,0.0,10.0,270.0,1,116.65,-0.047464059367850586,-0.0027849263952101355,-0.03,0.1683390149561974,0.0,1.0,0.09062095339381887,878.4634580589109,-6.682686201651261,-1.7789999999999964,-0.039000000000000146,5.687267667800748,2.300321170308555e-19,-0.17599727861422285,3.1597443229958064,5.753708426379859,5.9410000000000025,-32.933100015379004,-2.078549127897783,landing,,,,4.430754317628285
116.733,63.97237699,-22.60557248,144.755,3.46,-0.1524,4.6864,6.0739,0.1732,0.0044,1.1474,35.264,35.34,0.4093,59.3204,6.2415,1.0,1.0,1.0,-0.03,666.2,0.0,10.0,270.0,1,116.733,-0.044886493559943064,-0.0029522835803247605,-0.03,0.15773573580126232,0.0,1.0,0.09245749002913434,879.9729074830834,-6.527413023508019,-1.7450000000000045,-0.040000000000000036,5.687267667800748,1.9169343085904624e-19,-0.1720273380512558,3.136724094643931,5.986376397494979,6.053899999999999,-32.157281585251376,-2.0582648150658915,landing,,,,4.232948274035941
116.833,63.97239317,-22.60556852,144.796,3.46,-0.1342,4.6866,6.1667,0.1866,-0.0012,0.6661,35.085,35.195,0.4094,59.0495,6.4661,1.0,1.0,1.0,-0.03,665.5,0.0,10.0,270.0,1,116.833,-0.0421153272684443,-0.0031381248708706455,-0.03,0.14601122948598366,0.0,1.0,0.09470346076690161,881.7766688364107,-6.33402746674972,-1.7040000000000077,-0.040000000000000036,5.687267667800748,1.5974452571587187e-19,-0.16706938342722238,3.1095614093190638,6.229163904207496,6.14670000000001,-31.221038769398913,-2.033877104605367,landing,,,,3.9929585049223064
116.95,63.97241195,-22.60556374,144.843,3.459,-0.1116,4.6862,6.214,0.1965,-0.0059,0.1028,34.884,35.025,0.409,58.7381,6.675,1.0,1.0,1.0,-0.03,664.8,0.0,10.0,270.0,1,116.95,-0.039316615539902344,-0.0033351998897618584,-0.03,0.13385572626940323,0.0,1.0,0.09740170929401581,883.8702837346474,-6.100568225916469,-1.6570000000000107,-0.040999999999999925,5.687267667800748,1.3312043809655988e-19,-0.16106681946845502,3.078589301944909,6.463281615281744,6.193999999999988,-30.131054615796906,-2.0051563421820298,landing,,,,3.712987397827874
117.058,63.97242798,-22.60555954,144.884,3.459,-0.0917,4.6855,6.2032,0.2123,-0.01,-0.3643,34.719,34.88,0.4085,58.4755,6.8075,1.0,1.0,1.0,-0.03,664.2,0.0,10.0,270.0,1,117.058,-0.037238424865503106,-0.0034852135672961693,-0.03,0.1245766606428218,0.0,1.0,0.09976084621229353,885.6573276818821,-5.895418337497135,-1.6160000000000139,-0.040999999999999925,5.687267667800748,1.109336984137999e-19,-0.1557787711325745,3.0506822731755885,6.620271008277001,6.183199999999999,-29.13785362594626,-1.9617582908725464,landing,,,,3.4760352702559416
117.142,63.97244261,-22.60555563,144.922,3.458,-0.0719,4.6844,6.1517,0.2225,-0.0156,-0.8028,34.575,34.746,0.4077,58.2381,6.8873,1.0,1.0,1.0,-0.03,663.6,0.0,10.0,270.0,1,117.142,-0.035851745354235964,-0.003608794787926889,-0.03,0.11764389360163907,0.0,1.0,0.10199009509402318,887.2882992361097,-5.704422152466993,-1.578000000000003,-0.041999999999999815,5.687267667800748,9.244474867816658e-20,-0.1508454302589934,3.029469346668944,6.7245342837028375,6.131699999999995,-28.37803285548841,-1.9392607839101257,landing,,,,3.263217974574694
117.258,63.97245982,-22.60555097,144.966,3.458,-0.0476,4.6825,6.0391,0.225,-0.0205,-1.3131,34.411,34.586,0.4065,57.9613,6.9317,1.0,1.0,1.0,-0.03,663.0,0.0,10.0,270.0,1,117.258,-0.03453842235332244,-0.0037371192364682726,-0.03,0.11044977890081698,0.0,1.0,0.10471605078719082,889.2068936015643,-5.476781065858698,-1.5339999999999918,-0.041999999999999815,5.687267667800748,7.703729056513882e-20,-0.14495416212061152,3.0009407157225,6.799719877525547,6.019100000000009,-27.350632074364746,-1.8914909947772318,landing,,,,3.0195398324644103
117.358,63.97247563,-22.60554666,145.006,3.457,-0.0249,4.6803,5.8872,0.2304,-0.025,-1.7625,34.266,34.437,0.4052,57.7097,6.9253,1.0,1.0,1.0,-0.03,662.5,0.0,10.0,270.0,1,117.358,-0.033847369706853425,-0.003837517614207281,-0.03,0.10547725598023427,0.0,1.0,0.10731990316533713,890.9694145478894,-5.266233306588806,-1.4939999999999998,-0.04300000000000015,5.687267667800748,6.419774213761568e-20,-0.13949518247763018,2.9769880617556597,6.822906520387107,5.867199999999997,-26.490405753621026,-1.8513554497974751,landing,,,,2.80392108832023
117.433,63.97248876,-22.60554308,145.04,3.457,-0.0057,4.6782,5.7268,0.232,-0.0293,-2.1218,34.15,34.312,0.4038,57.5022,6.8851,1.0,1.0,1.0,-0.03,662.1,0.0,10.0,270.0,1,117.433,-0.033705543920013514,-0.003907342665780106,-0.03,0.10268915049390759,0.0,1.0,0.10955483746705241,892.4331653502509,-5.091346682800534,-1.460000000000008,-0.04300000000000015,5.687267667800748,5.3498118448013065e-20,-0.13495402169601806,2.9594240399740683,6.807877872855869,5.706799999999987,-25.863717710468844,-1.8236564695128505,landing,,,,2.632004366164452
117.533,63.97250314,-22.60553918,145.077,3.456,0.0154,4.6753,5.5165,0.2293,-0.0339,-2.4974,34.028,34.174,0.4021,57.2757,6.8051,1.0,1.0,1.0,-0.03,661.6,0.0,10.0,270.0,1,117.533,-0.033725202546257826,-0.0039689887954595104,-0.03,0.10018548922603698,0.0,1.0,0.11207773073335636,894.0362675488913,-4.900830706914254,-1.4230000000000018,-0.04400000000000004,5.687267667800748,4.458176537334422e-20,-0.13000053174079146,2.936559240000077,6.755721605565583,5.4964999999999975,-25.055430533364202,-1.7687786086480521,landing,,,,2.4521640116620986
117.633,63.97252007,-22.60553465,145.12,3.456,0.04,4.6715,5.2253,0.2247,-0.0377,-2.905,33.889,34.008,0.3998,57.0103,6.6645,1.0,1.0,1.0,-0.03,661.1,0.0,10.0,270.0,1,117.633,-0.03441795551519944,-0.004021432302965838,-0.03,0.09938421546855358,0.0,1.0,0.11519278341505029,895.923646204873,-4.679547909444521,-1.3799999999999955,-0.04400000000000004,5.687267667800748,3.7151471144453515e-20,-0.12423931365888335,2.9143467778341896,6.647610147904942,5.205299999999994,-24.284346228030603,-1.7343441896800507,landing,,,,2.253020159456028
117.75,63.97253821,-22.60552989,145.167,3.455,0.0658,4.6669,4.8647,0.2162,-0.0423,-3.2952,33.747,33.826,0.397,56.7256,6.4599,1.0,1.0,1.0,-0.03,660.6,0.0,10.0,270.0,1,117.75,-0.03561654007131909,-0.004051367884245899,-0.03,0.10003592620020774,0.0,1.0,0.11871340204059849,897.9459156480391,-4.447043638943383,-1.3329999999999984,-0.04499999999999993,5.687267667800748,3.0959559287044597e-20,-0.11817721658681249,2.8891540910599782,6.476843393999474,4.844699999999989,-23.433389477162613,-1.687010646406882,landing,,,,2.0549914329360206
117.842,63.9725524,-22.60552627,145.203,3.455,0.0852,4.6629,4.5513,0.207,-0.0475,-3.5615,33.639,33.681,0.3945,56.5018,6.263,1.0,1.0,1.0,-0.03,660.2,0.0,10.0,270.0,1,117.842,-0.03692475176578347,-0.004054368107356071,-0.03,0.10181882834618061,0.0,1.0,0.1216007920242066,899.527832476824,-4.270238513517085,-1.296999999999997,-0.04499999999999993,5.687267667800748,2.579963273920383e-20,-0.11356207225129905,2.8698463078669416,6.305188282479719,4.5312999999999874,-22.800922693972726,-1.6403654097770057,landing,,,,1.9120408143207968
117.933,63.97256526,-22.60552309,145.235,3.455,0.1021,4.6588,4.2464,0.1967,-0.0516,-3.77,33.544,33.548,0.3921,56.2975,6.0587,1.0,1.0,1.0,-0.03,659.9,0.0,10.0,270.0,1,117.933,-0.038302729056018114,-0.004040722402289726,-0.03,0.10413771171148478,0.0,1.0,0.12431635441385658,900.9614777196399,-4.114938874721738,-1.2649999999999864,-0.04499999999999993,5.687267667800748,2.1499693949336525e-20,-0.10950493498681037,2.8511761583159436,6.122493025158747,4.226400000000012,-22.20883189745752,-1.5861463765205521,landing,,,,1.791867942972452
118.042,63.97258317,-22.60551882,145.281,3.454,0.1243,4.6527,3.793,0.1836,-0.0539,-4.0097,33.415,33.358,0.3884,56.0096,5.7355,1.0,1.0,1.0,-0.03,659.5,0.0,10.0,270.0,1,118.042,-0.04079846913490709,-0.003993807961560819,-0.03,0.10940202716601422,0.0,1.0,0.12831211281382093,902.9580991324038,-3.9064325812977647,-1.218999999999994,-0.04599999999999982,5.687267667800748,1.7916411624447103e-20,-0.10405276331851974,2.8294751337390114,5.826827328218201,3.772999999999996,-21.55549862977527,-1.549540909430697,landing,,,,1.6383304010731976
118.133,63.97259591,-22.60551592,145.313,3.454,0.139,4.6481,3.4536,0.1659,-0.059,-4.1372,33.325,33.221,0.3856,55.8016,5.4814,1.0,1.0,1.0,-0.03,659.2,0.0,10.0,270.0,1,118.133,-0.04268595794951713,-0.0039398393215242244,-0.03,0.11367662027682002,0.0,1.0,0.1312819501977599,904.3783623777084,-3.7648465168533134,-1.1870000000000118,-0.04599999999999982,5.687267667800748,1.4930343020372586e-20,-0.10034770380013737,2.811760751454192,5.590175187195712,3.4336000000000126,-21.046885992244345,-1.4985836439379987,landing,,,,1.5391027011271277
118.25,63.97261367,-22.6055121,145.358,3.454,0.1576,4.6409,2.9639,0.1537,-0.0642,-4.2559,33.201,33.025,0.3812,55.5061,5.0977,1.0,1.0,1.0,-0.03,658.9,0.0,10.0,270.0,1,118.25,-0.04569083734789481,-0.0038331194024814608,-0.03,0.12115339716360118,0.0,1.0,0.13566645673280697,906.3582545839735,-3.578381564225216,-1.141999999999996,-0.04599999999999982,5.687267667800748,1.2441952516977154e-20,-0.09546562960267381,2.789625405860007,5.227344668013018,2.9439000000000135,-20.456201126135063,-1.458696863564457,landing,,,,1.4145236238535333
118.342,63.97262755,-22.60550929,145.392,3.453,0.1708,4.635,2.5713,0.1288,-0.0671,-4.3007,33.106,32.869,0.3777,55.27,4.7772,1.0,1.0,1.0,-0.03,658.6,0.0,10.0,270.0,1,118.342,-0.04821231082977123,-0.003723254757106359,-0.03,0.1278125452369665,0.0,1.0,0.13927567956952208,907.9055997714663,-3.44124929603582,-1.108000000000004,-0.04700000000000015,5.687267667800748,1.0368293764147627e-20,-0.09187335464270902,2.7726182059882407,4.920018390033306,2.5512999999999977,-20.033284475774625,-1.4199615755724315,landing,,,,1.3272387732164646
118.45,63.97264389,-22.60550622,145.433,3.453,0.1838,4.6277,2.1052,0.1092,-0.0695,-4.2901,32.993,32.681,0.3735,54.985,4.3821,1.0,1.0,1.0,-0.03,658.3,0.0,10.0,270.0,1,118.45,-0.0512890609900829,-0.003561417206345091,-0.03,0.13645168994981716,0.0,1.0,0.14377331436490404,909.727182182831,-3.29147438357166,-1.0670000000000073,-0.04700000000000015,5.687267667800748,8.640244803456356e-21,-0.0879493695333966,2.7531382485370757,4.536629678312352,2.085199999999986,-19.591723403436244,-1.3859920047291425,landing,,,,1.236032434773989
118.533,63.97265639,-22.60550404,145.464,3.453,0.1927,4.6221,1.7487,0.0912,-0.0683,-4.2543,32.908,32.535,0.3702,54.7623,4.0679,1.0,1.0,1.0,-0.03,658.1,0.0,10.0,270.0,1,118.533,-0.05369740864388589,-0.0034135139724727204,-0.03,0.14348261333068246,0.0,1.0,0.1473830316227565,911.120678696787,-3.1851544646787753,-1.0360000000000014,-0.04700000000000015,5.687267667800748,7.200204002880296e-21,-0.0851638128707597,2.7384526362478505,4.2282916134319635,1.7287000000000035,-19.28562999918773,-1.353092402984875,landing,,,,1.1738489934771081
118.65,63.97267505,-22.60550108,145.51,3.452,0.2022,4.6129,1.225,0.0665,-0.0754,-4.1034,32.777,32.312,0.3651,54.4182,3.5911,1.0,1.0,1.0,-0.03,657.8,0.0,10.0,270.0,1,118.65,-0.05727999582301396,-0.003150125227926265,-0.03,0.15462343594631878,0.0,1.0,0.15310423846286197,913.2008852603735,-3.040859139960016,-0.9900000000000091,-0.04800000000000004,5.687267667800748,6.000170002400246e-21,-0.08138469249081338,2.718250661945058,3.7555195703311313,1.2050000000000125,-18.919003128197218,-1.3318711045006209,landing,,,,1.092799775123936
118.742,63.97268866,-22.60549915,145.543,3.452,0.2072,4.6059,0.855,0.0397,-0.0813,-3.9392,32.679,32.146,0.3613,54.1591,3.2402,1.0,1.0,1.0,-0.03,657.6,0.0,10.0,270.0,1,118.742,-0.05977041102316866,-0.002924706703563401,-0.03,0.16273855991571362,0.0,1.0,0.15753438214328752,914.7181166793425,-2.946830846268517,-0.9569999999999936,-0.04800000000000004,5.687267667800748,5.000141668666872e-21,-0.0789240842717265,2.702653677495428,3.403778444325127,0.835000000000008,-18.668128299417805,-1.3076298578464145,landing,,,,1.042030388291181
118.858,63.97270466,-22.60549712,145.582,3.452,0.2104,4.597,0.4404,0.0204,-0.0834,-3.6857,32.56,31.946,0.3567,53.845,2.8297,1.0,1.0,1.0,-0.03,657.4,0.0,10.0,270.0,1,118.858,-0.06248853786015324,-0.0026199811990351984,-0.03,0.17206835254891018,0.0,1.0,0.16307689812202403,916.5017792127212,-2.8479961810867795,-0.9180000000000064,-0.04800000000000004,5.687267667800748,4.16678472388906e-21,-0.07634067860100849,2.6833478978913954,2.9882803998302165,0.4204000000000008,-18.40281161114456,-1.2820146043117875,landing,,,,0.9903843804426344
118.942,63.97271812,-22.60549561,145.614,3.452,0.2114,4.5894,0.1124,-0.003,-0.0864,-3.4348,32.458,31.775,0.3528,53.5731,2.4892,1.0,1.0,1.0,-0.03,657.2,0.0,10.0,270.0,1,118.942,-0.06464594055862183,-0.002330881838048221,-0.03,0.17982625657876183,0.0,1.0,0.16800231071827704,918.0022819382524,-2.7745394163906103,-0.8859999999999957,-0.04800000000000004,5.687267667800748,3.472320603240883e-21,-0.0744239134248762,2.6695829150496118,2.6402558758110786,0.09239999999999782,-18.24046639361097,-1.2758574324912542,landing,,,,0.9531393983632981
119.058,63.97273395,-22.60549408,145.652,3.451,0.2099,4.5799,359.7573,-0.0237,-0.0891,-3.0844,32.331,31.57,0.3483,53.2434,2.1015,1.0,1.0,1.0,-0.03,657.0,0.0,10.0,270.0,1,119.058,-0.06685543279253514,-0.0019498759399018406,-0.03,0.1882684631038697,0.0,1.0,0.1741457516372275,919.7669848750746,-2.7001950003745465,-0.8480000000000132,-0.04899999999999993,5.687267667800748,2.8936005027007357e-21,-0.07248959871772401,2.6508517343268285,2.2402728865252186,-0.26269999999999527,-18.05935018344506,-1.259400173738115,landing,,,,0.9164619344576579
119.133,63.97274605,-22.60549308,145.681,3.451,0.2073,4.5726,359.5109,-0.0461,-0.0922,-2.7908,32.231,31.411,0.3448,52.9846,1.8162,1.0,1.0,1.0,-0.03,656.8,0.0,10.0,270.0,1,119.133,-0.06836069102349701,-0.001628752292316099,-0.03,0.19433824139703648,0.0,1.0,0.17909857910639077,921.115870513477,-2.6516721158529166,-0.8189999999999884,-0.04899999999999993,5.687267667800748,2.411333752250613e-21,-0.07123197201151364,2.6388822070901496,1.9432094479817863,-0.5090999999999894,-17.962087557069236,-1.2661213700649732,landing,,,,0.8930967665340361
119.233,63.9727605,-22.60549206,145.715,3.451,0.2018,4.5632,359.2494,-0.0649,-0.0958,-2.3995,32.104,31.217,0.3407,52.6667,1.4941,1.0,1.0,1.0,-0.03,656.6,0.0,10.0,270.0,1,119.233,-0.06983816260284048,-0.0012069824467402512,-0.03,0.2007996842544606,0.0,1.0,0.18537503316605108,922.7267268297993,-2.602260801757397,-0.7849999999999966,-0.04899999999999993,5.687267667800748,2.0094447935421774e-21,-0.069957470455486,2.6230901860209657,1.6049863796860677,-0.7706000000000586,-17.85952668149854,-1.2664739727863317,landing,,,,0.8697990560778877
119.333,63.97277485,-22.60549123,145.749,3.45,0.1943,4.5535,359.0281,-0.0854,-0.0982,-1.9854,31.971,31.02,0.3366,52.342,1.1963,1.0,1.0,1.0,-0.03,656.4,0.0,10.0,270.0,1,119.333,-0.07097920730099144,-0.0007454403970528489,-0.03,0.20632300434792838,0.0,1.0,0.19202359447401662,924.3264322227491,-2.562154404691622,-0.7510000000000048,-0.04999999999999982,5.687267667800748,1.6745373279518145e-21,-0.0689310161168081,2.6074534504558824,1.2892929159808943,-0.9918999999999869,-17.780121414683556,-1.2722490661693986,landing,,,,0.8513108960353577
119.433,63.97278912,-22.60549058,145.783,3.45,0.1849,4.5437,358.8492,-0.1051,-0.1011,-1.552,31.831,30.82,0.3327,52.0103,0.9267,1.0,1.0,1.0,-0.03,656.2,0.0,10.0,270.0,1,119.433,-0.0717741902347111,-0.00024315811208455718,-0.03,0.21081459904267852,0.0,1.0,0.19907110247220078,925.9172163983022,-2.5308637659333915,-0.717000000000013,-0.04999999999999982,5.687267667800748,1.3954477732931786e-21,-0.06814008602649668,2.591947930351712,1.0007666786983123,-1.1707999999999856,-17.719400200536715,-1.2838627874267157,landing,,,,0.8372305677625818
119.533,63.9728033,-22.60549009,145.816,3.449,0.1735,4.5335,358.7142,-0.1234,-0.1046,-1.1075,31.683,30.617,0.3289,51.6716,0.6882,1.0,1.0,1.0,-0.03,656.0,0.0,10.0,270.0,1,119.533,-0.07220896112733435,0.0003007306532779308,-0.03,0.21419626090066668,0.0,1.0,0.2065461007728847,927.497964931022,-2.507408621357572,-0.6839999999999975,-0.051000000000000156,5.687267667800748,1.1628731444109823e-21,-0.06755877143268163,2.5765522267739387,0.7430618013771948,-1.3057999999999765,-17.672786198531348,-1.3016934431152034,landing,,,,0.8269729674571806
119.65,63.97281855,-22.60548971,145.851,3.449,0.1592,4.5221,358.6184,-0.1414,-0.1069,-0.622,31.513,30.394,0.3249,51.297,0.4678,1.0,1.0,1.0,-0.03,655.7,0.0,10.0,270.0,1,119.65,-0.07227053632680272,0.0009368772203575959,-0.03,0.21651845749296506,0.0,1.0,0.21514955062695335,929.1979916923372,-2.489384423621848,-0.6490000000000009,-0.051000000000000156,5.687267667800748,9.690609536758186e-22,-0.06712679828169231,2.5586498376905618,0.5024910360725414,-1.4015999999999167,-17.63000180000852,-1.3154478076494014,landing,,,,0.8194002214737495
119.742,63.97283136,-22.60548949,145.881,3.449,0.1457,4.5124,358.5782,-0.1559,-0.1115,-0.2169,31.361,30.202,0.3217,50.9739,0.3135,1.0,1.0,1.0,-0.03,655.4,0.0,10.0,270.0,1,119.742,-0.07200007111053022,0.0015162166566535518,-0.03,0.21739183951818541,0.0,1.0,0.22290092750161128,930.6260124757315,-2.4791042753410863,-0.6189999999999998,-0.051000000000000156,5.687267667800748,8.075507947298488e-22,-0.06689455001517727,2.5446490129202477,0.33237642025670766,-1.4418000000000575,-17.600451383448448,-1.3460592717761386,landing,,,,0.8153461844710677
119.858,63.97284756,-22.60548932,145.918,3.448,0.1269,4.4973,358.5803,-0.1581,-0.254,0.2867,31.155,29.952,0.313,50.5525,0.1598,1.0,1.0,1.0,-0.03,655.1,0.0,10.0,270.0,1,119.858,-0.07122847524239029,0.0023131033577484528,-0.03,0.21701779916159136,0.0,1.0,0.23349299703042564,932.4319385472894,-2.4714057276452355,-0.5819999999999936,-0.052000000000000046,5.687267667800748,6.729589956082073e-22,-0.06674358281560691,2.5270674477970125,0.1611153764922335,-1.4396999999999025,-17.563291347400433,-1.3851322533388095,landing,,,,0.812717468387298
119.958,63.97286019,-22.60548925,145.946,3.448,0.1113,4.4688,358.6224,-0.196,-0.2784,0.6604,30.984,29.753,0.2989,50.2171,0.0775,1.0,1.0,1.0,-0.03,654.8,0.0,10.0,270.0,1,119.958,-0.07029535563251635,0.002980711828146937,-0.03,0.21553703213409925,0.0,1.0,0.2423445806000845,933.8398909523631,-2.468467634424954,-0.554000000000002,-0.052000000000000046,5.687267667800748,5.607991630068394e-22,-0.06670850602602733,2.5119730390350874,0.06842444878159881,-1.3976000000000113,-17.52741843392643,-1.4146656848534716,landing,,,,0.8121074269459427
120.042,63.97287387,-22.60548922,145.975,3.447,0.0923,4.4505,358.7061,-0.1852,-0.1374,1.045,30.787,29.532,0.2891,49.8447,0.0241,1.0,1.0,1.0,-0.03,654.4,0.0,10.0,270.0,1,120.042,-0.06893354518188866,0.003755416322426791,-0.03,0.2128542477759615,0.0,1.0,0.2526284707999081,935.3648932490115,-2.4675301485164156,-0.5250000000000057,-0.052999999999999936,5.687267667800748,4.673326358390328e-22,-0.06673116996645118,2.4993340962486066,0.007702607873341094,-1.3138999999999896,-17.490555719081446,-1.499263176706614,landing,,,,0.8125015575155174
120.142,63.97288632,-22.60548921,146.001,3.447,0.0753,4.4383,358.816,-0.1871,-0.1348,1.3774,30.595,29.323,0.2867,49.4917,0.0038,1.0,1.0,1.0,-0.03,654.0,0.0,10.0,270.0,1,120.142,-0.06741253550490439,0.004519043211877211,-0.03,0.2092910255138919,0.0,1.0,0.262807535496266,936.752778814948,-2.467524674780917,-0.4989999999999952,-0.052999999999999936,5.687267667800748,3.8944386319919397e-22,-0.06677476502767915,2.4843255060916776,-0.01560079848295004,-1.2039999999999509,-17.43605016189063,-1.5375119788242047,landing,,,,0.8132600088913762
120.25,63.97289979,-22.6054892,146.03,3.446,0.0565,4.425,358.9691,-0.1888,-0.138,1.7072,30.375,29.089,0.2842,49.0975,0.0144,1.0,1.0,1.0,-0.03,653.6,0.0,10.0,270.0,1,120.25,-0.06544875813303191,0.005408160787132993,-0.03,0.20431177761418162,0.0,1.0,0.27474263580188474,938.2543706541076,-2.467558891849928,-0.46999999999999886,-0.053999999999999826,5.687267667800748,3.24536552665995e-22,-0.0668230831434747,2.4681650412902516,-0.0031954946518624183,-1.050899999999956,-17.361238020142203,-1.5829233477526359,landing,,,,0.8141011291541602
120.35,63.97291427,-22.60548917,146.06,3.445,0.036,4.4102,359.1703,-0.1871,-0.1437,2.0219,30.123,28.83,0.2818,48.6591,0.0624,1.0,1.0,1.0,-0.03,653.2,0.0,10.0,270.0,1,120.35,-0.06299507168113794,0.006432150816479271,-0.03,0.19778465577047377,0.0,1.0,0.2886321975737811,939.868554341053,-2.466652536120499,-0.4399999999999977,-0.05500000000000016,5.687267667800748,2.7044712722166247e-22,-0.06684954050760697,2.453252870435191,0.05347556123621189,-0.8496999999999844,-17.272595639940786,-1.66811213432059,landing,,,,0.8145619204604486
120.442,63.97292642,-22.60548911,146.086,3.445,0.0188,4.3976,359.3657,-0.1798,-0.1455,2.2537,29.9,28.605,0.2797,48.2794,0.1306,1.0,1.0,1.0,-0.03,652.7,0.0,10.0,270.0,1,120.442,-0.06064385701322661,0.007353747530364635,-0.03,0.19131227100256487,0.0,1.0,0.30128774024838134,941.2229977409281,-2.464185702117621,-0.41399999999998727,-0.05500000000000016,5.687267667800748,2.2537260601805206e-22,-0.06682549861963827,2.4395816157595167,0.1349897172008525,-0.6542999999999211,-17.173883360053324,-1.7368213078803838,landing,,,,0.8141431914589532
120.558,63.97294174,-22.60548897,146.118,3.444,-0.0017,4.3792,359.6418,-0.1743,-0.1666,2.4874,29.599,28.306,0.2772,47.7752,0.2478,1.0,1.0,1.0,-0.03,652.1,0.0,10.0,270.0,1,120.558,-0.05735775789547065,0.00862129520645813,-0.03,0.1819809454758482,0.0,1.0,0.31896027822323536,942.9308237700982,-2.4579227230252956,-0.382000000000005,-0.05600000000000005,5.687267667800748,1.8781050501504338e-22,-0.06670957842057182,2.422410255748458,0.27717859568005565,-0.37819999999999254,-17.018537513076687,-1.81482187863731,landing,,,,0.8121260735077769
120.658,63.97295474,-22.60548877,146.146,3.443,-0.0185,4.3623,359.8981,-0.1595,-0.1829,2.639,29.328,28.041,0.2751,47.3272,0.3725,1.0,1.0,1.0,-0.03,651.6,0.0,10.0,270.0,1,120.658,-0.054284708741240584,0.009782370157620152,-0.03,0.17313966854855856,0.0,1.0,0.3354347919019618,944.3800247911521,-2.448629842811637,-0.3540000000000134,-0.05699999999999994,5.687267667800748,1.565087541792028e-22,-0.06650301676532555,2.4076852532194315,0.4309507676185831,-0.12189999999998236,-16.860542137945927,-1.8962017078521147,landing,,,,0.8085391849482662
120.75,63.97296655,-22.60548851,146.171,3.442,-0.0327,4.3454,0.1445,-0.1457,-0.1984,2.7354,29.067,27.79,0.2731,46.9008,0.5025,1.0,1.0,1.0,-0.03,651.1,0.0,10.0,270.0,1,120.75,-0.05130354154030359,0.010911793946567355,-0.03,0.16446535895768644,0.0,1.0,0.35172798618965556,945.6965695203604,-2.436351032681437,-0.32900000000000773,-0.05799999999999983,5.687267667800748,1.3042396181600234e-22,-0.06621085344230622,2.3942102865928665,0.5938493931320181,0.12450000000001182,-16.693971150276827,-1.9817248727509371,landing,,,,0.8034821553042946
120.85,63.97297931,-22.60548814,146.198,3.442,-0.0468,4.3252,0.4213,-0.133,-0.2118,2.7959,28.77,27.504,0.271,46.4176,0.6579,1.0,1.0,1.0,-0.03,650.6,0.0,10.0,270.0,1,120.85,-0.04790336703972076,0.01223040197472966,-0.03,0.1545045783370601,0.0,1.0,0.3710782841025454,947.1190190316719,-2.4187198794134597,-0.3019999999999925,-0.05799999999999983,5.687267667800748,1.086866348466686e-22,-0.06577608383490853,2.379651977254067,0.7920275389695064,0.401299999999992,-16.486901438774073,-2.0715680661372313,landing,,,,0.7959920107032659
120.933,63.97298984,-22.60548775,146.221,3.441,-0.0579,4.3085,0.6556,-0.118,-0.2074,2.8233,28.515,27.261,0.2692,46.0045,0.7971,1.0,1.0,1.0,-0.03,650.2,0.0,10.0,270.0,1,120.933,-0.04495945391170586,0.013374392131966867,-0.03,0.145904574234911,0.0,1.0,0.3881372735996773,948.2928757580854,-2.4000220764690834,-0.27899999999999636,-0.05900000000000016,5.687267667800748,9.057219570555717e-23,-0.06530398961519981,2.3676480423122674,0.9726397728733218,0.6356000000000108,-16.29730535683222,-2.162542710727122,landing,,,,0.7879063587828341
121.067,63.97300545,-22.60548704,146.254,3.44,-0.0711,4.2796,1.0075,-0.1019,-0.2385,2.8006,28.112,26.876,0.2664,45.35,1.0097,1.0,1.0,1.0,-0.03,649.6,0.0,10.0,270.0,1,121.067,-0.040419910921650704,0.015224917100762209,-0.03,0.1324287370296524,0.0,1.0,0.4162059009905106,950.0330397898949,-2.36584395681213,-0.24600000000000932,-0.06000000000000005,5.687267667800748,7.547682975463098e-23,-0.06442725534342804,2.3484392955072555,1.2554573796156774,0.9875000000000114,-15.946596465050701,-2.239353617621701,landing,,,,0.773020660633982
121.133,63.97301368,-22.60548659,146.272,3.44,-0.0779,4.2644,1.1939,-0.0783,-0.2449,2.7807,27.891,26.664,0.2649,44.99,1.1254,1.0,1.0,1.0,-0.03,649.3,0.0,10.0,270.0,1,121.133,-0.03797141422413214,0.016260724156563294,-0.03,0.12525219224524253,0.0,1.0,0.43213140181612775,950.9505010439401,-2.3441170308271824,-0.22800000000000864,-0.06000000000000005,5.687267667800748,6.289735812885915e-23,-0.06386343117299842,2.339057742599721,1.4129234564779267,1.1739000000000033,-15.76387152838136,-2.340183729518339,landing,,,,0.7635365289307714
121.258,63.97302994,-22.60548555,146.306,3.438,-0.087,4.2281,1.5592,-0.0671,-0.274,2.6921,27.428,26.217,0.2614,44.2291,1.3501,1.0,1.0,1.0,-0.03,648.7,0.0,10.0,270.0,1,121.258,-0.03315740393578809,0.01847498156795299,-0.03,0.11085940553057161,0.0,1.0,0.46652862312796184,952.7631305991378,-2.2937962741126072,-0.1939999999999884,-0.06199999999999983,5.687267667800748,5.2414465107382623e-23,-0.06254639601937995,2.3214933691698,1.7284194627585805,1.539199999999994,-15.374423134276594,-2.464167026834852,landing,,,,0.7416503010790478
121.35,63.97304195,-22.60548465,146.332,3.438,-0.0925,4.2001,1.8249,-0.0393,-0.3133,2.6045,27.065,25.865,0.2587,43.6289,1.5125,1.0,1.0,1.0,-0.03,648.3,0.0,10.0,270.0,1,121.35,-0.029557184023741134,0.020239483889910787,-0.03,0.10013004808935466,0.0,1.0,0.494090393720969,954.1019816208287,-2.2501692603463592,-0.16800000000000637,-0.06199999999999983,5.687267667800748,4.367872092281885e-23,-0.061395911293648596,2.3087256989986638,1.9654998586049146,1.8049000000000035,-15.066927641441254,-2.5988474947510554,landing,,,,0.722834648732551
121.442,63.97305282,-22.60548374,146.356,3.437,-0.0955,4.1703,2.0596,-0.0252,-0.3446,2.5011,26.718,25.525,0.256,43.0493,1.6523,1.0,1.0,1.0,-0.03,647.9,0.0,10.0,270.0,1,121.442,-0.026261878381772463,0.02195385814808179,-0.03,0.0901933055375036,0.0,1.0,0.5207799332895325,955.3137493313765,-2.2060079487496678,-0.14400000000000546,-0.06300000000000017,5.687267667800748,3.639893410234904e-23,-0.060225723804397266,2.2961048402650635,2.178023430516646,2.039600000000007,-14.740668707139998,-2.7054740070859458,landing,,,,0.7039819177648212
121.542,63.97306353,-22.60548275,146.379,3.436,-0.0973,4.1383,2.2842,-0.0138,-0.3639,2.3846,26.359,25.17,0.253,42.4444,1.7831,1.0,1.0,1.0,-0.03,647.5,0.0,10.0,270.0,1,121.542,-0.022946711218613858,0.02374750839152126,-0.03,0.08016342268455035,0.0,1.0,0.5483671417865569,956.507682132028,-2.157920912866326,-0.12100000000000932,-0.06400000000000006,5.687267667800748,3.033244508529087e-23,-0.05894644578903583,2.282556512885275,2.385595701308887,2.264199999999988,-14.366842020068567,-2.785885460987194,landing,,,,0.683695387883688
121.642,63.97307504,-22.60548159,146.404,3.435,-0.0982,4.102,2.5167,-0.0024,-0.3745,2.2484,25.954,24.767,0.2496,41.758,1.9146,1.0,1.0,1.0,-0.03,647.1,0.0,10.0,270.0,1,121.642,-0.019476508947375848,0.025779680788937304,-0.03,0.06965431899000507,0.0,1.0,0.5788620262135282,957.790799231115,-2.101536073335844,-0.09600000000000364,-0.06499999999999995,5.687267667800748,2.5277037571075722e-23,-0.057441359913823264,2.269203855184276,2.6051670672892726,2.496700000000004,-13.973503599867904,-2.900804964533835,landing,,,,0.6602531352291479
121.742,63.97308636,-22.60548035,146.428,3.434,-0.098,4.0645,2.7351,0.0094,-0.3911,2.1027,25.537,24.346,0.2459,41.0413,2.0318,1.0,1.0,1.0,-0.03,646.7,0.0,10.0,270.0,1,121.742,-0.016097754592005797,0.02788831262525912,-0.03,0.059385949652581704,0.0,1.0,0.6092055438705389,959.0527371186647,-2.041224342137168,-0.07200000000000273,-0.06599999999999984,5.687267667800748,2.1064197975896435e-23,-0.05582646632941252,2.2560571957007194,2.8141840953663007,2.7151000000000067,-13.56225856386919,-3.0161863313943647,landing,,,,0.6356010000623016
121.842,63.97309748,-22.60547904,146.452,3.433,-0.0967,4.0255,2.9385,0.0193,-0.4053,1.9492,25.105,23.907,0.2419,40.2938,2.1331,1.0,1.0,1.0,-0.03,646.3,0.0,10.0,270.0,1,121.842,-0.012830284839963901,0.03006098745736438,-0.03,0.04939823572137214,0.0,1.0,0.6385591370020842,960.2923808545946,-1.9774752672932796,-0.04800000000000182,-0.06700000000000017,5.687267667800748,1.755349831324703e-23,-0.05411498347775933,2.2431255067006086,3.0103333800340124,2.9184999999999945,-13.134785978230523,-3.134714846722171,landing,,,,0.6100263768904384
121.942,63.9731084,-22.60547768,146.476,3.432,-0.0945,3.9852,3.1263,0.0272,-0.4138,1.7898,24.661,23.45,0.2377,39.5163,2.2176,1.0,1.0,1.0,-0.03,645.9,0.0,10.0,270.0,1,121.942,-0.009684330901415739,0.03228360317902709,-0.03,0.039726782725930665,0.0,1.0,0.6659884475995078,961.5097300984482,-1.9112687236285306,-0.02400000000000091,-0.06800000000000006,5.687267667800748,1.462791526103919e-23,-0.052333624916096076,2.2304150591866643,3.1919907414734894,3.1063000000000045,-12.692808118448243,-3.2533771333838137,landing,,,,0.5839951334526248
122.05,63.97311997,-22.60547615,146.501,3.431,-0.0913,3.9409,3.3115,0.0307,-0.4106,1.6125,24.168,22.935,0.2329,38.6423,2.29,1.0,1.0,1.0,-0.03,645.4,0.0,10.0,270.0,1,122.05,-0.00642199205471744,0.034727889774040704,-0.03,0.029636217283268596,0.0,1.0,0.692363991510769,962.7995421293638,-1.8367585394078163,0.0010000000000047748,-0.06899999999999995,5.687267667800748,1.2189929384199325e-23,-0.0503244367770733,2.2169505258016677,3.3714663781860565,3.2915000000000134,-12.200243790768981,-3.3725987407866183,landing,,,,0.5553326454763692
122.15,63.97313043,-22.6054747,146.524,3.43,-0.0879,3.9003,3.4653,0.0433,-0.4125,1.4425,23.701,22.444,0.2275,37.8085,2.339,1.0,1.0,1.0,-0.03,644.9,0.0,10.0,270.0,1,122.15,-0.0035431679234542712,0.036987572690241416,-0.03,0.02069367377499276,0.0,1.0,0.7124559469911564,963.9656136123858,-1.7661246601401148,0.02400000000000091,-0.06999999999999984,5.687267667800748,1.015827448683277e-23,-0.04841617233353379,2.2047190734823077,3.5200571953359088,3.445300000000003,-11.73371135286125,-3.4905443098059794,landing,,,,0.5287733205047473
122.242,63.97314065,-22.60547323,146.546,3.429,-0.0835,3.8603,3.6017,0.046,-0.395,1.2674,23.227,21.938,0.2227,36.9512,2.3709,1.0,1.0,1.0,-0.03,644.5,0.0,10.0,270.0,1,122.242,-0.0009395754093017294,0.03923431779992223,-0.03,0.012467911337809334,0.0,1.0,0.7275243645039231,965.1049310203593,-1.6945015675170652,0.04599999999999227,-0.07100000000000017,5.687267667800748,8.465228739027308e-24,-0.04647804877468464,2.1936819545030244,3.6512368319284576,3.581700000000012,-11.296244808414933,-3.6416015464639404,landing,,,,0.5024373297525884
122.333,63.97314981,-22.60547187,146.566,3.428,-0.0794,3.8253,3.7111,0.0399,-0.3688,1.1015,22.787,21.464,0.2177,36.1479,2.385,1.0,1.0,1.0,-0.03,644.1,0.0,10.0,270.0,1,122.333,0.0014073466170177462,0.04125645727478164,-0.03,0.005044644161629863,0.0,1.0,0.7361097023362714,966.1260812047672,-1.6282265372839408,0.0660000000000025,-0.07200000000000006,5.687267667800748,7.054357282522757e-24,-0.04468205140443269,2.182961719229896,3.754843369855365,3.691100000000006,-10.857558880658386,-3.750107299982234,landing,,,,0.4785874570539974
122.433,63.97315877,-22.6054705,146.586,3.427,-0.0759,3.7932,3.8049,0.0373,-0.3326,0.9277,22.345,20.982,0.213,35.3323,2.3862,1.0,1.0,1.0,-0.03,643.6,0.0,10.0,270.0,1,122.433,0.0037750789206668633,0.0432255139007541,-0.03,-0.0023690849286220894,0.0,1.0,0.73906939265534,967.1249362114326,-1.5614537873548167,0.08600000000001273,-0.07299999999999995,5.687267667800748,5.878631068768963e-24,-0.04287017310100695,2.1713981628556946,3.8436571254129888,3.7848999999999933,-10.370493291851762,-3.8110066363474515,landing,,,,0.45504817101707573
122.55,63.97317065,-22.60546865,146.612,3.426,-0.0715,3.7553,3.9068,0.0278,-0.2706,0.6848,21.741,20.317,0.2064,34.2086,2.3699,1.0,1.0,1.0,-0.03,643.0,0.0,10.0,270.0,1,122.55,0.0065261671910339936,0.04579093187799596,-0.03,-0.011026571383100925,0.0,1.0,0.7331565545189086,968.4493115044337,-1.4712776729013748,0.11199999999999477,-0.07399999999999984,5.687267667800748,4.898859223974136e-24,-0.04042001358667157,2.158200568430918,3.9429993850177993,3.886799999999994,-9.794402920337145,-3.9338599568971,landing,,,,0.42401535347256925
122.642,63.97317836,-22.60546742,146.629,3.425,-0.069,3.7347,3.9576,0.0355,-0.2184,0.5094,21.343,19.872,0.202,33.4575,2.3465,1.0,1.0,1.0,-0.03,642.5,0.0,10.0,270.0,1,122.642,0.008419859026105314,0.04740702190465548,-0.03,-0.016931374767040208,0.0,1.0,0.7225344414489308,969.3088181939795,-1.4113154040932012,0.12899999999999068,-0.07500000000000018,5.687267667800748,4.082382686645113e-24,-0.038788672666992756,2.1480135288023665,3.9917989141842156,3.9376000000000033,-9.34203521347005,-3.9695169568629813,landing,,,,0.40384119286326836
122.733,63.97318665,-22.60546609,146.647,3.424,-0.0661,3.717,3.9961,0.0306,-0.1576,0.3061,20.91,19.384,0.1972,32.634,2.3107,1.0,1.0,1.0,-0.03,641.8,0.0,10.0,270.0,1,122.733,0.010187993863125577,0.04908545022750718,-0.03,-0.022518126798364624,0.0,1.0,0.704751196874154,970.2329831026847,-1.3464763317646609,0.14699999999999136,-0.07600000000000007,5.687267667800748,3.401985572204261e-24,-0.03702304512039114,2.1381287906590427,4.030155259729582,3.9761000000000024,-8.895197593027431,-4.04121921153374,landing,,,,0.3824263115674711
122.858,63.97319761,-22.60546432,146.671,3.423,-0.0627,3.7022,4.0177,0.0197,-0.0787,0.0183,20.334,18.724,0.1906,31.5227,2.2477,1.0,1.0,1.0,-0.03,640.7,0.0,10.0,270.0,1,122.858,0.012339832538125262,0.05119975235683069,-0.03,-0.029315522497367907,0.0,1.0,0.6711437892431535,971.4547984274926,-1.2601839158556578,0.17099999999999227,-0.07699999999999996,5.687267667800748,2.8349879768368846e-24,-0.034670657290642566,2.124886088536633,4.058525294547792,3.997700000000009,-8.284295123114587,-4.092744737757946,landing,,,,0.354541741224196
122.95,63.97320541,-22.60546305,146.688,3.422,-0.0608,3.6976,4.0107,0.0247,0.0125,-0.2032,19.926,18.25,0.186,30.725,2.1912,1.0,1.0,1.0,-0.03,639.8,0.0,10.0,270.0,1,122.95,0.013717752607566858,0.052609309378150865,-0.03,-0.03364521430046563,0.0,1.0,0.6413123394110103,972.3243387076275,-1.1982654000672543,0.18799999999998818,-0.07799999999999985,5.687267667800748,2.3624899806974037e-24,-0.032980902767006715,2.1153355281438895,4.059229101536914,3.990700000000004,-7.840935207981938,-4.123839089661381,landing,,,,0.3349455105552721
123.042,63.97321301,-22.60546182,146.705,3.422,-0.0591,3.6999,3.9831,0.0215,0.0707,-0.4245,19.53,17.785,0.1813,29.9422,2.1271,1.0,1.0,1.0,-0.03,638.8,0.0,10.0,270.0,1,123.042,0.014892485294449587,0.05390575302193476,-0.03,-0.03735245083681826,0.0,1.0,0.6088298812929902,973.1715829565023,-1.1382988506855654,0.2050000000000125,-0.07799999999999985,5.687267667800748,1.9687416505811697e-24,-0.03134314820430367,2.105964929556119,4.043477316067737,3.963099999999997,-7.4041934040685105,-4.140248974790981,landing,,,,0.3162805921866578
123.133,63.97322042,-22.60546063,146.721,3.421,-0.0573,3.7103,3.9344,0.0188,0.1711,-0.664,19.156,17.338,0.1769,29.1912,2.0554,1.0,1.0,1.0,-0.03,637.8,0.0,10.0,270.0,1,123.133,0.015827425017119923,0.05507365985609089,-0.03,-0.04036007284414689,0.0,1.0,0.5760733628299988,973.9976459400112,-1.080284657185433,0.22100000000000364,-0.07900000000000018,5.687267667800748,1.6406180421509748e-24,-0.029757536496701986,2.096868900115266,4.0076419782938615,3.9144000000000005,-6.980604844091515,-4.137489077981838,landing,,,,0.2985032678462787
123.233,63.97322829,-22.60545938,146.739,3.42,-0.0556,3.7298,3.8563,0.0148,0.2347,-0.9219,18.767,16.867,0.1722,28.4001,1.9702,1.0,1.0,1.0,-0.03,636.6,0.0,10.0,270.0,1,123.233,0.016597962752724904,0.056224005585484876,-0.03,-0.04286775069742865,0.0,1.0,0.5415939183407122,974.8749892504494,-1.0193487397636203,0.23900000000000432,-0.08000000000000007,5.687267667800748,1.3671817017924789e-24,-0.028090843820777242,2.0870702527328033,3.948421825954938,3.8362999999999943,-6.527168795650562,-4.114990070892549,landing,,,,0.2801125467974259
123.35,63.97323783,-22.60545789,146.76,3.419,-0.0539,3.7618,3.7231,0.0111,0.2756,-1.226,18.31,16.302,0.1665,27.4513,1.8539,1.0,1.0,1.0,-0.03,635.0,0.0,10.0,270.0,1,123.35,0.017065152456381794,0.05749990096433674,-0.03,-0.0444682997761634,0.0,1.0,0.5024568590889816,975.938502818315,-0.9467193118384527,0.2599999999999909,-0.08099999999999996,5.687267667800748,1.1393180848270658e-24,-0.026102700652844337,2.0758766627707637,3.8435547412644837,3.7031000000000063,-6.017538220741493,-4.095989419537157,landing,,,,0.2585488134888507
123.45,63.97324463,-22.60545687,146.776,3.419,-0.053,3.7885,3.6022,0.0101,0.3304,-1.4328,17.997,15.906,0.1625,26.7886,1.7625,1.0,1.0,1.0,-0.03,633.8,0.0,10.0,270.0,1,123.45,0.017334580802332022,0.05832966785782609,-0.03,-0.045382560222447466,0.0,1.0,0.47751466376859075,976.6965620846726,-0.8970103154033793,0.27600000000001046,-0.08099999999999996,5.687267667800748,9.49431737355888e-25,-0.02474116256672489,2.066482957638188,3.744231011731273,3.5822000000000003,-5.599142838534042,-4.008172199579208,landing,,,,0.24400252317885673
123.55,63.97325186,-22.60545581,146.792,3.418,-0.052,3.8215,3.4496,0.008,0.3402,-1.6352,17.674,15.49,0.1581,26.0917,1.6575,1.0,1.0,1.0,-0.03,632.5,0.0,10.0,270.0,1,123.55,0.017245871717820382,0.05914692918049899,-0.03,-0.045233423293461805,0.0,1.0,0.45407199632985473,977.5025570319016,-0.8453583021399289,0.2920000000000016,-0.08199999999999985,5.687267667800748,7.9119311446324e-25,-0.02332555735964941,2.057262125376763,3.6148844290110276,3.4295999999999935,-5.200191410148725,-3.937429272344752,landing,,,,0.2290580984341517
123.65,63.9732589,-22.60545482,146.808,3.417,-0.0515,3.8547,3.278,0.0038,0.3364,-1.807,17.368,15.088,0.1539,25.4185,1.548,1.0,1.0,1.0,-0.03,631.2,0.0,10.0,270.0,1,123.65,0.016916752321364525,0.05988622272187735,-0.03,-0.044304171717179264,0.0,1.0,0.4343055012661955,978.2873702022873,-0.7971284565591334,0.3079999999999927,-0.08300000000000018,5.687267667800748,6.593275953860333e-25,-0.02200309107811483,2.048204275851028,3.4650387943390797,3.2580000000000098,-4.8223894960472045,-3.8576629748588425,landing,,,,0.215253379571422
123.742,63.97326519,-22.60545397,146.822,3.417,-0.0512,3.8832,3.107,-0.0011,0.3063,-1.9319,17.098,14.727,0.1501,24.8143,1.4444,1.0,1.0,1.0,-0.03,630.0,0.0,10.0,270.0,1,123.742,0.0164200061337913,0.060509916665836355,-0.03,-0.04284940450665842,0.0,1.0,0.41897724178652673,978.988573424687,-0.7557285484613003,0.32200000000000273,-0.08300000000000018,5.687267667800748,5.494396628216944e-25,-0.020867381169719035,2.0400033170041376,3.31133500316119,3.086999999999989,-4.494019512683575,-3.773764759753101,landing,,,,0.203512253378058
123.833,63.97327189,-22.60545311,146.837,3.416,-0.0516,3.9139,2.9087,-0.0069,0.3064,-2.0372,16.82,14.348,0.146,24.1798,1.3306,1.0,1.0,1.0,-0.03,628.8,0.0,10.0,270.0,1,123.833,0.015602234546695681,0.06112583234739519,-0.03,-0.04035260107370087,0.0,1.0,0.40524084400082594,979.7354822807334,-0.713854657255426,0.3369999999999891,-0.08400000000000007,5.687267667800748,4.578663856847453e-25,-0.019718245711847025,2.0320209465827808,3.1297757815722775,2.8887,-4.190252235118175,-3.7084175138614777,landing,,,,0.19173393367231029
123.958,63.97327949,-22.60545221,146.854,3.416,-0.0529,3.9479,2.6665,-0.0138,0.2696,-2.1101,16.509,13.917,0.1413,23.4581,1.1979,1.0,1.0,1.0,-0.03,627.3,0.0,10.0,270.0,1,123.958,0.014638614061402155,0.06178047715093635,-0.03,-0.0373179692444926,0.0,1.0,0.3923185302486343,980.5827208859358,-0.6700560383759797,0.3540000000000134,-0.08400000000000007,5.687267667800748,3.8155532140395444e-25,-0.01851599390361362,2.021239693400734,2.903299340160032,2.646500000000003,-3.8070615821791973,-3.5974704671467976,landing,,,,0.17951460395413932
124.042,63.97328478,-22.60545162,146.866,3.416,-0.0543,3.9689,2.4896,-0.022,0.2469,-2.1324,16.295,13.614,0.1379,22.9514,1.1042,1.0,1.0,1.0,-0.03,626.3,0.0,10.0,270.0,1,124.042,0.013803524775108378,0.062213111309740915,-0.03,-0.034659869320746606,0.0,1.0,0.38478244203788375,981.172442922746,-0.641355586956069,0.36600000000001387,-0.08400000000000007,5.687267667800748,3.179627678366287e-25,-0.017727942202232172,2.0140910751142242,2.73439648366832,2.469600000000014,-3.567635864888882,-3.502029429007901,landing,,,,0.17155946512482956
124.158,63.97329199,-22.60545087,146.882,3.415,-0.0572,3.9958,2.2409,-0.0275,0.2085,-2.1234,16.004,13.198,0.1333,22.2548,0.9763,1.0,1.0,1.0,-0.03,624.9,0.0,10.0,270.0,1,124.158,0.01251928139250219,0.06277213274092705,-0.03,-0.03049123047522473,0.0,1.0,0.376265721910073,981.9762030341797,-0.6048908512908535,0.382000000000005,-0.08499999999999996,5.687267667800748,2.649689731971906e-25,-0.016726493156705498,2.0043629830842713,2.4919087418902564,2.2209000000000003,-3.268626888856172,-3.4117195436121994,landing,,,,0.16150901454389555
124.242,63.9732975,-22.60545035,146.894,3.415,-0.0601,4.0134,2.0475,-0.0375,0.1834,-2.0862,15.781,12.876,0.1296,21.7141,0.8799,1.0,1.0,1.0,-0.03,623.9,0.0,10.0,270.0,1,124.242,0.011413179815459196,0.0631785787514357,-0.03,-0.026859610236327325,0.0,1.0,0.3709473372837381,982.5904487567728,-0.5796285217704252,0.39400000000000546,-0.08499999999999996,5.687267667800748,2.208074776643255e-25,-0.016032689960380046,1.9974040207749633,2.3004733033962452,2.0275000000000034,-3.0708604229897722,-3.3429052128076187,landing,,,,0.15458291999303952
124.333,63.97330287,-22.60544988,146.906,3.414,-0.0638,4.0292,1.8588,-0.0431,0.1601,-2.0209,15.563,12.557,0.1261,21.1799,0.7886,1.0,1.0,1.0,-0.03,622.8,0.0,10.0,270.0,1,124.333,0.010360891653083015,0.06355993905159138,-0.03,-0.02329953269104834,0.0,1.0,0.36662521619416266,983.1890868803682,-0.5568104305706071,0.4060000000000059,-0.08599999999999985,5.687267667800748,1.840062313869379e-25,-0.015405987427237032,1.9899432837227344,2.1123325130063506,1.838799999999992,-2.875584793140579,-3.256786956698249,landing,,,,0.14835142893050346
124.45,63.97330905,-22.6054494,146.919,3.414,-0.0688,4.0449,1.6448,-0.0473,0.1292,-1.9177,15.309,12.184,0.1219,20.5531,0.687,1.0,1.0,1.0,-0.03,621.7,0.0,10.0,270.0,1,124.45,0.009188928269908414,0.06398049638251288,-0.03,-0.01923694635068196,0.0,1.0,0.3625999432901574,983.8780213335507,-0.5335339217006997,0.41900000000001114,-0.08599999999999985,5.687267667800748,1.533385261557816e-25,-0.014766879236435559,1.9804547800455525,1.8944338771466107,1.6247999999999934,-2.6518388510608264,-3.1580736125384172,landing,,,,0.14201980779171208
124.542,63.97331414,-22.60544903,146.93,3.414,-0.0735,4.0557,1.473,-0.0548,0.1078,-1.8148,15.097,11.87,0.1184,20.0255,0.6072,1.0,1.0,1.0,-0.03,620.7,0.0,10.0,270.0,1,124.542,0.00819557410929117,0.0643145677037423,-0.03,-0.01574321006342505,0.0,1.0,0.359945672019385,984.4454442607343,-0.5156043078388977,0.4300000000000068,-0.08599999999999985,5.687267667800748,1.2778210512981798e-25,-0.014274545237180618,1.9730681272249257,1.7167527109249079,1.453000000000003,-2.4937659336310687,-3.080462177406469,landing,,,,0.13715766210201252
124.633,63.97331954,-22.60544869,146.942,3.413,-0.0791,4.0654,1.2973,-0.0583,0.0871,-1.6865,14.868,11.53,0.1147,19.4527,0.5274,1.0,1.0,1.0,-0.03,619.7,0.0,10.0,270.0,1,124.633,0.007125379532900267,0.06465697674950208,-0.03,-0.011919902677928196,0.0,1.0,0.3577109515389222,985.0474244634978,-0.4991565688960716,0.4420000000000073,-0.08700000000000019,5.687267667800748,1.0648508760818165e-25,-0.013823209143237617,1.9658252418736426,1.533018010582765,1.2772999999999968,-2.3548383636350354,-3.029191390049851,landing,,,,0.13271175117899503
124.75,63.97332564,-22.60544834,146.955,3.413,-0.0862,4.0744,1.1093,-0.0604,0.0657,-1.5218,14.604,11.134,0.1103,18.7865,0.444,1.0,1.0,1.0,-0.03,618.7,0.0,10.0,270.0,1,124.75,0.006036516371177525,0.06503207342771952,-0.03,-0.007869781316627189,0.0,1.0,0.3558083703445155,985.7274385543858,-0.48224613153530393,0.4550000000000125,-0.08700000000000019,5.687267667800748,8.873757300681804e-26,-0.013359297047123507,1.9565954856758216,1.333875984336629,1.0893000000000086,-2.1998386547804984,-2.958938559718972,landing,,,,0.12815290798153
124.85,63.97333028,-22.60544811,146.965,3.413,-0.092,4.0798,0.9753,-0.0649,0.0525,-1.3859,14.398,10.824,0.1069,18.2642,0.3859,1.0,1.0,1.0,-0.03,617.9,0.0,10.0,270.0,1,124.85,0.005306585681594145,0.06530907285303197,-0.03,-0.005035261173532812,0.0,1.0,0.3547550456799754,986.2446945547467,-0.47115812914762123,0.4650000000000034,-0.08700000000000019,5.687267667800748,7.39479775056817e-26,-0.013055399613846079,1.9487679607621848,1.1904089956940709,0.955299999999994,-2.0823102682327006,-2.877216872471803,landing,,,,0.12517236292654843
124.942,63.97333479,-22.60544791,146.975,3.412,-0.0978,4.084,0.8537,-0.0661,0.0393,-1.2533,14.194,10.514,0.1036,17.7419,0.3335,1.0,1.0,1.0,-0.03,617.2,0.0,10.0,270.0,1,124.942,0.00462679979591385,0.06557241807816058,-0.03,-0.002349967655898011,0.0,1.0,0.35401858285858945,986.7474580664202,-0.461534879732422,0.4749999999999943,-0.08800000000000008,5.687267667800748,6.162331458806808e-26,-0.012791857661785384,1.9416148881109634,1.0568797251004867,0.8336999999999932,-1.9864526137649616,-2.8172327299150797,landing,,,,0.12259126220423866
125.033,63.97333917,-22.60544774,146.984,3.412,-0.1039,4.0872,0.7445,-0.0662,0.0301,-1.1165,13.991,10.204,0.1003,17.2201,0.2879,1.0,1.0,1.0,-0.03,616.6,0.0,10.0,270.0,1,125.033,0.004041794277554467,0.06582294859990809,-0.03,8.908229504589471e-05,0.0,1.0,0.3535469512935303,987.2357290886142,-0.453376383637551,0.48400000000000887,-0.08800000000000008,5.687267667800748,5.13527621567234e-26,-0.01256870619560645,1.9345815706865592,0.937829411337816,0.7245000000000061,-1.9024463949796924,-2.763917866356349,landing,,,,0.1204083381746841
125.158,63.97334494,-22.60544755,146.997,3.412,-0.112,4.0902,0.6155,-0.0626,0.018,-0.9372,13.716,9.782,0.0959,16.5083,0.2344,1.0,1.0,1.0,-0.03,615.9,0.0,10.0,270.0,1,125.158,0.003379527956721029,0.06614484330930534,-0.03,0.0029884145422414132,0.0,1.0,0.3532506454637916,987.8789531187873,-0.44429210175330747,0.4970000000000141,-0.08800000000000008,5.687267667800748,4.2793968463936165e-26,-0.012320702094157187,1.9249807263802623,0.7934834162644506,0.595499999999987,-1.8042283150424478,-2.712652605778499,landing,,,,0.11798504018214118
125.25,63.97334937,-22.60544742,147.006,3.411,-0.1183,4.0917,0.5279,-0.063,0.0105,-0.8026,13.498,9.444,0.0923,15.9382,0.1988,1.0,1.0,1.0,-0.03,615.4,0.0,10.0,270.0,1,125.25,0.002949496357211423,0.06638791627018267,-0.03,0.004991567257990881,0.0,1.0,0.3532431448011557,988.3727972942884,-0.4380953004202176,0.5060000000000002,-0.08899999999999997,5.687267667800748,3.566164038661347e-26,-0.012151762587825798,1.9179594899946162,0.6946233775163932,0.5079000000000065,-1.7409026145440576,-2.6814628431978482,landing,,,,0.11633592260488257
125.342,63.9733533,-22.60544731,147.014,3.411,-0.124,4.0924,0.4593,-0.0602,0.0047,-0.6845,13.301,9.134,0.0892,15.4152,0.1712,1.0,1.0,1.0,-0.03,615.0,0.0,10.0,270.0,1,125.342,0.0026659461312936172,0.06660019575842088,-0.03,0.006491613029268262,0.0,1.0,0.3533780973469631,988.810902757823,-0.43285891720051634,0.51400000000001,-0.08899999999999997,5.687267667800748,2.9718033655511225e-26,-0.01200906432739362,1.9109729136405125,0.6162962657235482,0.4393000000000029,-1.6844707104902528,-2.632357525436781,landing,,,,0.11494397133942869
125.433,63.9733571,-22.60544723,147.022,3.411,-0.1294,4.0926,0.4011,-0.0569,-0.0003,-0.5756,13.105,8.823,0.086,14.8914,0.1478,1.0,1.0,1.0,-0.03,614.6,0.0,10.0,270.0,1,125.433,0.002452430270959538,0.06680363014655274,-0.03,0.007749601554175922,0.0,1.0,0.3536225745482259,989.23451573267,-0.42908728730141976,0.5219999999999914,-0.08899999999999997,5.687267667800748,2.4765028046259352e-26,-0.011906868086716052,1.9040927708065778,0.548652924426051,0.38110000000000355,-1.6344619270247867,-2.5888564916557972,landing,,,,0.11394765941683715
125.55,63.97336175,-22.60544713,147.032,3.411,-0.1358,4.0923,0.3408,-0.0524,-0.0049,-0.4527,12.859,8.428,0.082,14.2236,0.1231,1.0,1.0,1.0,-0.03,614.2,0.0,10.0,270.0,1,125.55,0.0022807375121599027,0.06704929013815772,-0.03,0.008999744954462319,0.0,1.0,0.35405576769411884,989.7528842772438,-0.4243688587421218,0.5320000000000107,-0.08899999999999997,5.687267667800748,2.0637523371882793e-26,-0.011778892185423212,1.8952886786147383,0.4758614111154884,0.3207999999999913,-1.5778051224786025,-2.5446480926474777,landing,,,,0.11270067615432566
125.642,63.97336525,-22.60544707,147.04,3.41,-0.1405,4.0917,0.3028,-0.0497,-0.0083,-0.3684,12.67,8.116,0.0789,13.6979,0.1075,1.0,1.0,1.0,-0.03,613.9,0.0,10.0,270.0,1,125.642,0.002213945325458655,0.06723404861026858,-0.03,0.009742316749009605,0.0,1.0,0.3544719549720656,990.1430538880945,-0.42156542950132897,0.539999999999992,-0.08999999999999986,5.687267667800748,1.7197936143235662e-26,-0.011703291552560608,1.8883997571774842,0.429643365212371,0.2828000000000088,-1.5372717153517992,-2.5000753411419785,landing,,,,0.11196437100435475
125.742,63.97336831,-22.60544702,147.046,3.41,-0.1446,4.091,0.2747,-0.0467,-0.0106,-0.3005,12.5,7.832,0.076,13.2191,0.0956,1.0,1.0,1.0,-0.03,613.7,0.0,10.0,270.0,1,125.742,0.0022253321311112018,0.0673956561090859,-0.03,0.010183924374724707,0.0,1.0,0.3548932734934064,990.4841735628654,-0.41923481598675716,0.5459999999999923,-0.08999999999999986,5.687267667800748,1.4331613452696383e-26,-0.01164051418591195,1.8809410399016342,0.39435355141455375,0.2547000000000139,-1.4964289981982763,-2.4273412192199673,landing,,,,0.11135314685495956
125.833,63.97337185,-22.60544696,147.053,3.41,-0.149,4.0898,0.2479,-0.0425,-0.0123,-0.2313,12.3,7.491,0.0726,12.6437,0.0837,1.0,1.0,1.0,-0.03,613.5,0.0,10.0,270.0,1,125.833,0.0022418656095626877,0.06758204720988611,-0.03,0.010645060126050154,0.0,1.0,0.355438584259255,990.8788022436271,-0.416432943255058,0.5529999999999973,-0.08999999999999986,5.687267667800748,1.1943011210580318e-26,-0.011564928808177482,1.8741831102257223,0.3592866560943264,0.22790000000000532,-1.4620725943146737,-2.406474035454728,landing,,,,0.11061744645501648
125.958,63.97337605,-22.6054469,147.062,3.41,-0.1541,4.088,0.2233,-0.0373,-0.0313,-0.1607,12.056,7.064,0.0675,11.9228,0.072,1.0,1.0,1.0,-0.03,613.2,0.0,10.0,270.0,1,125.958,0.002338970535390006,0.06780468208939214,-0.03,0.01094883910587885,0.0,1.0,0.35616224268466956,991.3470055715819,-0.41365675309525296,0.5620000000000118,-0.08999999999999986,5.687267667800748,9.952509342150265e-27,-0.011490437735152206,1.8649377092162212,0.32599640850639844,0.20330000000001291,-1.4183841868857388,-2.3651582140497536,landing,,,,0.10989263891632817
126.058,63.97337923,-22.60544686,147.069,3.409,-0.1576,4.0836,0.2093,-0.0339,-0.0527,-0.1159,11.867,6.722,0.0642,11.3447,0.0646,1.0,1.0,1.0,-0.03,613.0,0.0,10.0,270.0,1,126.058,0.0024453692916375225,0.06797516794556743,-0.03,0.011039620531890781,0.0,1.0,0.356761005298264,991.7015022842731,-0.41182074643255434,0.5689999999999884,-0.09100000000000019,5.687267667800748,8.29375778512522e-27,-0.011441404044571639,1.8575771097810425,0.30625519867868434,0.1893000000000029,-1.3852703450168782,-2.321962012772487,landing,,,,0.1094156650653133
126.15,63.973382,-22.60544683,147.074,3.409,-0.1606,4.0787,0.2001,-0.0306,-0.0535,-0.0829,11.699,6.407,0.0612,10.8142,0.059,1.0,1.0,1.0,-0.03,612.9,0.0,10.0,270.0,1,126.15,0.00256787920119278,0.06812660877868879,-0.03,0.011024749173689785,0.0,1.0,0.3573192539056389,992.0102933633176,-0.4104587228778969,0.5740000000000123,-0.09100000000000019,5.687267667800748,6.911464820937684e-27,-0.011405271374010675,1.850831255011305,0.29259061709987577,0.18010000000001014,-1.3559566578427225,-2.2768824622042407,landing,,,,0.10906425134292874
126.242,63.97338465,-22.60544679,147.08,3.409,-0.1633,4.0739,0.1937,-0.0275,-0.0521,-0.0566,11.537,6.092,0.0581,10.2827,0.0541,1.0,1.0,1.0,-0.03,612.7,0.0,10.0,270.0,1,126.242,0.0027060606992073133,0.06827315673163933,-0.03,0.010928715390979948,0.0,1.0,0.35787831228389655,992.3057074044419,-0.4086020922973056,0.5800000000000125,-0.09100000000000019,5.687267667800748,5.75955401744807e-27,-0.011355308673266081,1.8441106840979966,0.2814454444153114,0.17369999999999663,-1.32750145659057,-2.229972198841801,landing,,,,0.10857842322496936
126.35,63.9733876,-22.60544676,147.086,3.409,-0.1661,4.0683,0.1888,-0.0239,-0.0497,-0.033,11.351,5.72,0.0545,9.6535,0.0493,1.0,1.0,1.0,-0.03,612.5,0.0,10.0,270.0,1,126.35,0.002875701781861917,0.0684404971519966,-0.03,0.010751158739913946,0.0,1.0,0.3585336099457399,992.6345642965011,-0.40724707303301655,0.5860000000000127,-0.09100000000000019,5.687267667800748,4.799628347873391e-27,-0.011319457383018608,1.8362493842378786,0.2726044826784175,0.1688000000000045,-1.2949340408593946,-2.1838131100582174,landing,,,,0.10822987718119492
126.45,63.97339037,-22.60544673,147.092,3.409,-0.1685,4.0632,0.1861,-0.0207,-0.035,-0.0164,11.175,5.347,0.0497,9.0239,0.0451,1.0,1.0,1.0,-0.03,612.4,0.0,10.0,270.0,1,126.45,0.0030425136594017244,0.06860267875412526,-0.03,0.01053561649095891,0.0,1.0,0.35917996995782614,992.9433553747534,-0.4058850494780826,0.592000000000013,-0.09100000000000019,5.687267667800748,3.9996902898944925e-27,-0.011283290084515033,1.8290002239486336,0.2663527013051805,0.16610000000000014,-1.265374700450798,-2.145284645507457,landing,,,,0.1078783140062356
126.55,63.97339276,-22.6054467,147.096,3.408,-0.1704,4.061,0.185,-0.0179,-0.0155,-0.0058,11.02,5.002,0.0457,8.4421,0.0416,1.0,1.0,1.0,-0.03,612.3,0.0,10.0,270.0,1,126.55,0.0032049744360584387,0.06874821201933776,-0.03,0.010275007342891107,0.0,1.0,0.3597645426403876,993.2097852936048,-0.40450823908841793,0.5960000000000036,-0.09200000000000008,5.687267667800748,3.3330752415787436e-27,-0.011246469638191836,1.8217789095716528,0.26233320333639654,0.16499999999999204,-1.2362209534462925,-2.0911678595522427,landing,,,,0.10752045859503312
126.65,63.97339481,-22.60544668,147.1,3.408,-0.1719,4.0597,0.1848,-0.0154,-0.0141,0.0009,10.885,4.685,0.0428,7.9076,0.0386,1.0,1.0,1.0,-0.03,612.1,0.0,10.0,270.0,1,126.65,0.003358726564511416,0.06887853602116331,-0.03,0.009993819881041643,0.0,1.0,0.3602882044164505,993.4383129495692,-0.4036081355230946,0.5999999999999943,-0.09200000000000008,5.687267667800748,2.7775627013156195e-27,-0.01122268874171863,1.8145840443322414,0.2596802472829438,0.16480000000001382,-1.2073787439118258,-2.023788963229301,landing,,,,0.10728936398339073
126.758,63.97339689,-22.60544666,147.105,3.408,-0.1734,4.0583,0.1851,-0.0128,-0.0139,0.0053,10.746,4.339,0.0395,7.3237,0.0355,1.0,1.0,1.0,-0.03,612.0,0.0,10.0,270.0,1,126.758,0.003524296966097906,0.06901745521690303,-0.03,0.009677663449513818,0.0,1.0,0.3608433342895717,993.6701849071749,-0.40270919933931504,0.6049999999999898,-0.09200000000000008,5.687267667800748,2.3146355844296826e-27,-0.0111989532114602,1.8068420548258084,0.2577263190174506,0.16509999999999536,-1.1765082534775815,-1.956811515393651,landing,,,,0.10705873388034348
126.858,63.97339896,-22.60544663,147.109,3.408,-0.1783,4.0546,0.1861,-0.0498,-0.0404,0.0093,10.606,3.963,0.0378,6.6895,0.03,1.0,1.0,1.0,-0.03,611.8,0.0,10.0,270.0,1,126.858,0.003823403179592233,0.0691649188417803,-0.03,0.009360342330763771,0.0,1.0,0.36142569769092725,993.9009422691151,-0.40131993687773054,0.6090000000000089,-0.09200000000000008,5.687267667800748,1.9288629870247354e-27,-0.011161569265513135,1.799703091049837,0.2369492282242618,0.16610000000000014,-1.1481331709428033,-1.9061922867214904,landing,,,,0.10669553455127812
126.958,63.97340071,-22.60544662,147.112,3.408,-0.1828,4.0508,0.1869,-0.0389,-0.0345,0.0064,10.486,3.617,0.0341,6.1043,0.0275,1.0,1.0,1.0,-0.03,611.7,0.0,10.0,270.0,1,126.958,0.00410144881130009,0.06929777693281011,-0.03,0.009058987144193287,0.0,1.0,0.3619414897181302,994.0960267328959,-0.4008980968201794,0.6119999999999948,-0.09200000000000008,5.687267667800748,1.6073858225206128e-27,-0.011150892940016319,1.7925889914523363,0.23811694665451455,0.16689999999999827,-1.119961839233377,-1.8419929879286332,landing,,,,0.10659182067906414
127.033,63.97340179,-22.60544661,147.115,3.408,-0.1852,4.0487,0.1873,-0.0314,-0.0302,0.0052,10.411,3.385,0.0317,5.7138,0.0259,1.0,1.0,1.0,-0.03,611.7,0.0,10.0,270.0,1,127.033,0.004269533362227795,0.06938550592973755,-0.03,0.008839689968779152,0.0,1.0,0.3622763067950865,994.2164217812134,-0.4004501854113058,0.6150000000000091,-0.09200000000000008,5.687267667800748,1.339488185433844e-27,-0.011139085427639809,1.7872720875666324,0.23971341766304022,0.16730000000001155,-1.099014625439125,-1.7654481708442098,landing,,,,0.10647712356137617
127.158,63.97340373,-22.60544659,147.118,3.408,-0.1886,4.0451,0.1879,-0.019,-0.0225,0.0041,10.275,2.922,0.027,4.9318,0.0228,1.0,1.0,1.0,-0.03,611.7,0.0,10.0,270.0,1,127.158,0.004525320685168144,0.06948617833549084,-0.03,0.008476738800360262,0.0,1.0,0.3626539885596647,994.4326869965071,-0.39954580144652785,0.617999999999995,-0.09200000000000008,5.687267667800748,1.1162401545282032e-27,-0.011115095735568497,1.7784357335681586,0.16790000000000305,0.16790000000000305,-1.0642894426211356,-1.7038619734947356,landing,,,,0.10624410771321635
127.267,63.973405,-22.60544657,147.121,3.408,-0.1901,4.0431,0.1883,-0.0119,-0.0178,0.0039,10.186,2.574,0.0236,4.3449,0.0203,1.0,1.0,1.0,-0.03,611.9,0.0,10.0,270.0,1,127.267,0.004689072505936309,0.06948617833549084,-0.03,0.008165985543093668,0.0,1.0,0.3626539885596647,994.5742627963377,-0.3986153461304274,0.6210000000000093,-0.09200000000000008,5.687267667800748,9.302001287735026e-28,-0.011089973425415706,1.7707652766328243,0.1682999999999879,0.1682999999999879,-1.0343439876965679,-1.6231939542195717,landing,,,,0.10600011618881666
127.358,63.97340611,-22.60544656,147.123,3.408,-0.191,4.0415,0.1887,-0.0063,-0.013,0.0036,10.107,2.226,0.0202,3.7578,0.0177,1.0,1.0,1.0,-0.03,612.2,0.0,10.0,270.0,1,127.358,0.004810978726606963,0.06948617833549084,-0.03,0.007909539423302636,0.0,1.0,0.3626539885596647,994.6980021470885,-0.3981686019293132,0.6229999999999905,-0.09200000000000008,5.687267667800748,7.751667739779188e-28,-0.011078210075389424,1.7643858381768438,0.16870000000000118,0.16870000000000118,-1.0095797574085268,-1.5545519463934103,landing,,,,0.105885877822395
127.45,63.97340698,-22.60544655,147.125,3.408,-0.1914,4.0405,0.189,-0.0019,-0.0093,0.0032,10.045,1.908,0.0171,3.2197,0.0153,1.0,1.0,1.0,-0.03,612.4,0.0,10.0,270.0,1,127.45,0.004912559601362998,0.06948617833549084,-0.03,0.0076553069430761456,0.0,1.0,0.3626539885596647,994.7949870807503,-0.39771251867446666,0.625,-0.09200000000000008,5.687267667800748,6.459723116482657e-28,-0.011066041677860416,1.757956979105405,0.16900000000001114,0.16900000000001114,-0.9847436236403676,-1.4744938643102152,landing,,,,0.10576771191527712
127.55,63.97340778,-22.60544654,147.126,3.407,-0.1914,4.0397,0.1894,0.0022,-0.0061,0.0029,9.987,1.56,0.0137,2.6324,0.0127,1.0,1.0,1.0,-0.03,612.8,0.0,10.0,270.0,1,127.55,0.005005938920998432,0.06948617833549084,-0.03,0.007378999423260368,0.0,1.0,0.3626539885596647,994.88416864286,-0.39725371152898264,0.6260000000000048,-0.09299999999999997,5.687267667800748,5.38310259706888e-28,-0.0110537544500983,1.7509917470633776,0.169399999999996,0.169399999999996,-0.9579561874039658,-1.3931762402820167,landing,,,,0.10564839827654993
127.65,63.97340842,-22.60544654,147.128,3.407,-0.1911,4.0393,0.1896,0.0078,-0.0032,0.003,9.942,1.212,0.0102,2.0448,0.0097,1.0,1.0,1.0,-0.03,613.3,0.0,10.0,270.0,1,127.65,0.0050833650076467785,0.06948617833549084,-0.03,0.007115139082996991,0.0,1.0,0.3626539885596647,994.9555137550977,-0.3972786156722692,0.6279999999999859,-0.09299999999999997,5.687267667800748,4.485918830890734e-28,-0.011054830450931072,1.744049624861406,0.16960000000000264,0.16960000000000264,-0.9314166255299237,-1.3074329457109206,landing,,,,0.10565884640314493
127.742,63.97340886,-22.60544653,147.128,3.407,-0.1905,4.0391,0.1901,0.0068,-0.0004,0.0039,9.91,0.892,0.0069,1.5053,0.0079,1.0,1.0,1.0,-0.03,613.8,0.0,10.0,270.0,1,127.742,0.005145909743906774,0.06948617833549084,-0.03,0.006860552992788094,0.0,1.0,0.3626539885596647,995.0045636911776,-0.39680579994604825,0.6279999999999859,-0.09299999999999997,5.687267667800748,3.7382656924089448e-28,-0.011041936733241931,1.7376853478323728,0.17009999999999081,0.17009999999999081,-0.9071983925750495,-1.2201959585514304,landing,,,,0.10553364965216616
127.842,63.9734092,-22.60544653,147.129,3.407,-0.1895,4.0392,0.1904,0.0072,0.0037,0.0067,9.887,0.542,0.0025,0.9144,0.0053,1.0,1.0,1.0,-0.03,614.3,0.0,10.0,270.0,1,127.842,0.005195612298061758,0.06948617833549084,-0.03,0.006597619317060044,0.0,1.0,0.3626539885596647,995.042465782252,-0.39681903027223836,0.6289999999999907,-0.09299999999999997,5.687267667800748,3.1152214103407874e-28,-0.011042508165282613,1.7307888125230704,0.17040000000000077,0.17040000000000077,-0.8810864086493004,-1.1301781441376648,landing,,,,0.10553919805659717
127.942,63.97340936,-22.60544653,147.129,3.407,-0.1884,4.04,0.191,0.0091,0.0178,0.0044,9.876,0.188,-0.0061,0.3169,0.0024,1.0,1.0,1.0,-0.03,615.0,0.0,10.0,270.0,1,127.942,0.0052438643839056165,0.06948617833549084,-0.03,0.006327388412965429,0.0,1.0,0.3626539885596647,995.0603020603113,-0.39682525630806004,0.6289999999999907,-0.09299999999999997,5.687267667800748,2.596017841950656e-28,-0.011042777081756569,1.7239152387731516,0.17099999999999227,0.17099999999999227,-0.8551755445628096,-1.0374346764887876,landing,,,,0.10554180914577671
128.042,63.97340938,-22.60544652,147.128,3.406,-0.1874,4.0945,0.1908,0.0076,2.0677,-0.0123,9.875,0.072,-0.0115,-0.121,0.0001,1.0,1.0,1.0,-0.03,615.6,0.0,10.0,270.0,1,128.042,0.00528826277249389,0.06948617833549084,-0.03,0.006080144766806961,0.0,1.0,0.3626539885596647,995.0625317662872,-0.39633609741179887,0.6279999999999859,-0.09399999999999986,5.687267667800748,2.1633482016255463e-28,-0.01102917680612225,1.717065936963295,0.17080000000001405,0.17080000000001405,-0.829543789117178,-0.9440315240807154,landing,,,,0.10540975875043301
128.142,63.97340932,-22.60544652,147.129,3.405,-0.1868,4.3754,0.1891,0.0032,3.2065,-0.02,9.876,0.113,-0.0118,-0.1901,-0.0004,1.0,1.0,1.0,-0.03,616.2,0.0,10.0,270.0,1,128.142,0.005330119220080087,0.06948617833549084,-0.03,0.005886769075532539,0.0,1.0,0.3626539885596647,995.0558431622129,-0.39633376264843484,0.6289999999999907,-0.0950000000000002,5.687267667800748,1.8027901680212885e-28,-0.011029076005973606,1.710239476239487,0.16909999999998604,0.16909999999998604,-0.804338351226009,-0.8573013855279236,landing,,,,0.10540878007084586
128.242,63.97340926,-22.60544653,147.13,3.404,-0.1866,4.6839,0.1871,0.0017,2.8187,-0.0177,9.876,0.099,-0.0102,-0.1673,-0.0004,1.0,1.0,1.0,-0.03,616.8,0.0,10.0,270.0,1,128.242,0.005381701727226795,0.06948617833549084,-0.03,0.00571096189036413,0.0,1.0,0.3626539885596647,995.0491543863262,-0.3968213650356024,0.6299999999999955,-0.09600000000000009,5.687267667800748,1.5023251400177404e-28,-0.01104260900841137,1.7034344170845146,0.1671000000000049,0.1671000000000049,-0.7795849677137499,-0.779364895934476,landing,,,,0.10554017720936315
128.342,63.97340921,-22.60544653,147.13,3.403,-0.1865,4.9343,0.1856,0.0008,2.1265,-0.0134,9.876,0.075,-0.008,-0.1262,-0.0003,1.0,1.0,1.0,-0.03,617.3,0.0,10.0,270.0,1,128.342,0.005442412211419889,0.06948617833549084,-0.03,0.005519731795411431,0.0,1.0,0.3626539885596647,995.0435805497297,-0.3968194193995118,0.6299999999999955,-0.09699999999999998,5.687267667800748,1.2519376166814503e-28,-0.01104252497242723,1.6966520498636553,0.16560000000001196,0.16560000000001196,-0.7552291180366056,-0.7085135417586146,landing,,,,0.10553936124827601
128.442,63.97340917,-22.60544653,147.131,3.402,-0.1864,5.117,0.1844,0.0006,1.4949,-0.0094,9.876,0.053,-0.0057,-0.0887,-0.0002,1.0,1.0,1.0,-0.03,617.8,0.0,10.0,270.0,1,128.442,0.005505020986736164,0.06948617833549084,-0.03,0.00532288413564197,0.0,1.0,0.3626539885596647,995.0391214798187,-0.39681786289041815,0.6310000000000002,-0.09799999999999986,5.687267667800748,1.043281347234542e-28,-0.011042457743957958,1.689892297256381,0.16440000000000055,0.16440000000000055,-0.7312368268562409,-0.6441032197805587,landing,,,,0.10553870848271174
128.55,63.97340914,-22.60544653,147.131,3.402,-0.1863,5.251,0.1836,0.0008,0.9668,-0.0061,9.875,0.034,-0.0037,-0.0574,-0.0001,1.0,1.0,1.0,-0.03,618.2,0.0,10.0,270.0,1,128.55,0.005576928712690887,0.06948617833549084,-0.03,0.005098520011419527,0.0,1.0,0.3626539885596647,995.0357771781777,-0.3968166955088744,0.6310000000000002,-0.09799999999999986,5.687267667800748,8.694011226954516e-29,-0.011042407322809042,1.6826161049953945,0.1636000000000024,0.1636000000000024,-0.7056706691261923,-0.5863901324604401,landing,,,,0.10553821891061688
128.65,63.97340913,-22.60544653,147.131,3.401,-0.1863,5.3306,0.1831,0.0007,0.615,-0.0038,9.875,0.022,-0.0023,-0.0365,-0.0001,1.0,1.0,1.0,-0.03,618.6,0.0,10.0,270.0,1,128.65,0.005648612047676249,0.06948617833549084,-0.03,0.00488640656175976,0.0,1.0,0.3626539885596647,995.0346624106999,-0.396816306381601,0.6310000000000002,-0.0990000000000002,5.687267667800748,7.24500935579543e-29,-0.01104239051579182,1.6759031455938311,0.1630999999999858,0.1630999999999858,-0.6823039624349331,-0.5330819386004001,landing,,,,0.10553805572025965
128.75,63.97340912,-22.60544653,147.131,3.401,-0.1862,5.38,0.1828,0.0006,0.3676,-0.0023,9.875,0.013,-0.0013,-0.0218,-0.0,1.0,1.0,1.0,-0.03,619.0,0.0,10.0,270.0,1,128.75,0.00571757640026932,0.06948617833549084,-0.03,0.004670750186528183,0.0,1.0,0.3626539885596647,995.0335476432223,-0.3968159172543276,0.6310000000000002,-0.0990000000000002,5.687267667800748,6.037507796496192e-29,-0.0110423737087928,1.669212564404306,0.16280000000000427,0.16280000000000427,-0.6592009228105846,-0.4846199441821819,landing,,,,0.10553789253009427
128.85,63.97340911,-22.60544653,147.131,3.401,-0.1861,5.4085,0.1826,0.0006,0.2006,-0.0012,9.875,0.007,-0.0006,-0.0119,0.0,1.0,1.0,1.0,-0.03,619.3,0.0,10.0,270.0,1,128.85,0.005786748542612352,0.06948617833549084,-0.03,0.00445447785355102,0.0,1.0,0.3626539885596647,995.0324328757445,-0.3968155281270542,0.6310000000000002,-0.0990000000000002,5.687267667800748,5.03125649708016e-29,-0.011042356901811975,1.6625442868327776,0.16259999999999764,0.16259999999999764,-0.6363489135824804,-0.44056358562016534,landing,,,,0.10553772934010652
128.95,63.97340911,-22.60544653,147.132,3.401,-0.1861,5.4233,0.1825,0.0006,0.0946,-0.0005,9.875,0.003,-0.0002,-0.0056,0.0,1.0,1.0,1.0,-0.03,619.5,0.0,10.0,270.0,1,128.95,0.005860083729691157,0.06948617833549084,-0.03,0.004237473404757663,0.0,1.0,0.3626539885596647,995.0324328757445,-0.3968155281270542,0.632000000000005,-0.0990000000000002,5.687267667800748,4.1927137475668e-29,-0.011042356901811975,1.655898236853154,0.16249999999999432,0.16249999999999432,-0.6137354244466574,-0.40051235056378665,landing,,,,0.10553772934010652
129.042,63.97340911,-22.60544653,147.132,3.401,-0.186,5.4293,0.1825,0.0005,0.0368,-0.0002,9.875,0.001,0.0,-0.0022,0.0,1.0,1.0,1.0,-0.03,619.7,0.0,10.0,270.0,1,129.042,0.00592390202522014,0.06948617833549084,-0.03,0.004037041122756491,0.0,1.0,0.3626539885596647,995.0324328757445,-0.3968155281270542,0.632000000000005,-0.0990000000000002,5.687267667800748,3.4939281229723333e-29,-0.011042356901811975,1.6498042520918368,0.16249999999999432,0.16249999999999432,-0.5931390585417458,-0.36410213687616966,landing,,,,0.10553772934010652
129.142,63.97340911,-22.60544653,147.132,3.401,-0.186,5.4313,0.1825,0.0005,0.0036,0.0,9.875,0.0,0.0001,-0.0002,0.0,1.0,1.0,1.0,-0.03,619.9,0.0,10.0,270.0,1,129.142,0.005996851058326147,0.06948617833549084,-0.03,0.0038211767386189255,0.0,1.0,0.3626539885596647,995.0324328757445,-0.3968155281270542,0.632000000000005,-0.0990000000000002,5.687267667800748,2.9116067691436113e-29,-0.011042356901811975,1.6432006688946832,0.16249999999999432,0.16249999999999432,-0.5709576679563302,-0.3310019426146997,landing,,,,0.10553772934010652
129.233,63.97340911,-22.60544653,147.132,3.401,-0.1859,5.431,0.1825,0.0004,-0.0092,0.0001,9.875,0.0,0.0001,0.0005,0.0,1.0,1.0,1.0,-0.03,620.1,0.0,10.0,270.0,1,129.233,0.006058656503961479,0.06948617833549084,-0.03,0.003626698065510081,0.0,1.0,0.3626539885596647,995.0324328757445,-0.3968155281270542,0.632000000000005,-0.0990000000000002,5.687267667800748,2.4263389742863427e-29,-0.011042356901811975,1.637211439054304,0.16249999999999432,0.16249999999999432,-0.5509744531779263,-0.30091085692245423,landing,,,,0.10553772934010652
129.333,63.97340911,-22.60544653,147.132,3.401,-0.1859,5.4298,0.1825,0.0004,-0.0124,0.0001,9.875,0.0,0.0001,0.0007,0.0,1.0,1.0,1.0,-0.03,620.2,0.0,10.0,270.0,1,129.333,0.0061302224868186594,0.06948617833549084,-0.03,0.0034149233332898543,0.0,1.0,0.3626539885596647,995.0324328757445,-0.3968155281270542,0.632000000000005,-0.0990000000000002,5.687267667800748,2.0219491452386188e-29,-0.011042356901811975,1.6306498319006089,0.16249999999999432,0.16249999999999432,-0.5292147086461488,-0.2735553244749584,landing,,,,0.10553772934010652
129.433,63.97340911,-22.60544653,147.132,3.401,-0.1858,5.4287,0.1825,0.0003,-0.0104,0.0001,9.875,0.0,0.0001,0.0006,0.0,1.0,1.0,1.0,-0.03,620.3,0.0,10.0,270.0,1,129.433,0.006197158376597678,0.06948617833549084,-0.03,0.0032052597421563522,0.0,1.0,0.3626539885596647,995.0324328757445,-0.3968155281270542,0.632000000000005,-0.0990000000000002,5.687267667800748,1.6849576210321822e-29,-0.011042356901811975,1.6241100967707593,0.16249999999999432,0.16249999999999432,-0.5076725615596891,-0.24868665861359854,landing,,,,0.10553772934010652
129.533,63.97340911,-22.60544653,147.132,3.401,-0.1858,5.4278,0.1825,0.0003,-0.0069,0.0001,9.875,0.0,0.0001,0.0004,0.0,1.0,1.0,1.0,-0.03,620.4,0.0,10.0,270.0,1,129.533,0.006267303346306929,0.06948617833549084,-0.03,0.0029976865780377837,0.0,1.0,0.3626539885596647,995.0324328757445,-0.3968155281270542,0.632000000000005,-0.0990000000000002,5.687267667800748,1.404131350860152e-29,-0.011042356901811975,1.6175921607580093,0.16249999999999432,0.16249999999999432,-0.486345835944094,-0.22607878055781686,landing,,,,0.10553772934010652
129.658,63.97340911,-22.60544653,147.132,3.401,-0.1858,5.4272,0.1825,0.0003,-0.0032,0.0,9.875,0.0,0.0,0.0002,0.0,1.0,1.0,1.0,-0.03,620.4,0.0,10.0,270.0,1,129.658,0.006354109629960247,0.06948617833549084,-0.03,0.0027408066272434084,0.0,1.0,0.3626539885596647,995.0324328757445,-0.3968155281270542,0.632000000000005,-0.0990000000000002,5.687267667800748,1.1701094590501266e-29,-0.011042356901811975,1.609471898808791,0.16249999999999432,0.16249999999999432,-0.4599540129947935,-0.20552616414346986,landing,,,,0.10553772934010652
129.742,63.97340911,-22.60544653,147.132,3.401,-0.1858,5.427,0.1825,0.0002,-0.0013,0.0,9.875,0.0,0.0,0.0001,0.0,1.0,1.0,1.0,-0.03,620.5,0.0,10.0,270.0,1,129.742,0.0064117153197409404,0.06948617833549084,-0.03,0.002570336335253165,0.0,1.0,0.3626539885596647,995.0324328757445,-0.3968155281270542,0.632000000000005,-0.0990000000000002,5.687267667800748,9.750912158751054e-30,-0.011042356901811975,1.6040378195123741,0.16249999999999432,0.16249999999999432,-0.44244039928563705,-0.18684196740315442,landing,,,,0.10553772934010652
129.842,63.97340911,-22.60544653,147.132,3.401,-0.1857,5.4269,0.1825,0.0002,-0.0002,0.0,9.875,0.0,0.0,0.0,0.0,1.0,1.0,1.0,-0.03,620.5,0.0,10.0,270.0,1,129.842,0.006475802286964039,0.06948617833549084,-0.03,0.0023690955599711128,0.0,1.0,0.3626539885596647,995.0324328757445,-0.3968155281270542,0.632000000000005,-0.0990000000000002,5.687267667800748,8.125760132292545e-30,-0.011042356901811975,1.5975867910904835,0.16249999999999432,0.16249999999999432,-0.42176599529277653,-0.16985633400286765,landing,,,,0.10553772934010652
129.933,63.97340911,-22.60544653,147.132,3.401,-0.1857,5.4269,0.1825,0.0002,0.0003,0.0,9.875,0.0,0.0,-0.0,0.0,1.0,1.0,1.0,-0.03,620.5,0.0,10.0,270.0,1,129.933,0.00653706707071805,0.06948617833549084,-0.03,0.0021877936174712342,0.0,1.0,0.3626539885596647,995.0324328757445,-0.3968155281270542,0.632000000000005,-0.0990000000000002,5.687267667800748,6.771466776910454e-30,-0.011042356901811975,1.5917359233461121,0.16249999999999432,0.16249999999999432,-0.4031404247356169,-0.15441484909351605,landing,,,,0.10553772934010652
130.033,63.97340911,-22.60544653,147.132,3.401,-0.1857,5.4269,0.1825,0.0002,0.0005,0.0,9.875,0.0,0.0,-0.0,0.0,1.0,1.0,1.0,-0.03,620.4,0.0,10.0,270.0,1,130.033,0.00660377911517962,0.06948617833549084,-0.03,0.001990369494614952,0.0,1.0,0.3626539885596647,995.0324328757445,-0.3968155281270542,0.632000000000005,-0.0990000000000002,5.687267667800748,5.642888980758711e-30,-0.011042356901811975,1.5853259012447776,0.16249999999999432,0.16249999999999432,-0.3828590204882624,-0.14037713553956005,landing,,,,0.10553772934010652
130.133,63.97340911,-22.60544653,147.132,3.401,-0.1857,5.427,0.1825,0.0002,0.0005,0.0,9.875,0.0,0.0,-0.0,0.0,1.0,1.0,1.0,-0.03,620.4,0.0,10.0,270.0,1,130.133,0.006669824708648131,0.06948617833549084,-0.03,0.0017949154754329788,0.0,1.0,0.3626539885596647,995.0324328757445,-0.3968155281270542,0.632000000000005,-0.0990000000000002,5.687267667800748,4.7024074839655925e-30,-0.011042356901811975,1.578937245883779,0.16249999999999432,0.16249999999999432,-0.3627804302833758,-0.1276155777632364,landing,,,,0.10553772934010652
130.233,63.97340911,-22.60544653,147.132,3.401,-0.1857,5.427,0.1825,0.0002,0.0005,0.0,9.875,0.0,0.0,-0.0,0.0,1.0,1.0,1.0,-0.03,620.4,0.0,10.0,270.0,1,130.233,0.006735210397214475,0.06948617833549084,-0.03,0.0016014121566385597,0.0,1.0,0.3626539885596647,995.0324328757445,-0.3968155281270542,0.632000000000005,-0.0990000000000002,5.687267667800748,3.918672903304661e-30,-0.011042356901811975,1.572569886040652,0.16249999999999432,0.16249999999999432,-0.3429026259805438,-0.11601416160294217,landing,,,,0.10553772934010652
130.342,63.97340911,-22.60544653,147.132,3.401,-0.1856,5.4271,0.1825,0.0002,0.0004,0.0,9.875,0.0,0.0,-0.0,0.0,1.0,1.0,1.0,-0.03,620.3,0.0,10.0,270.0,1,130.342,0.006801852432058886,0.06948617833549084,-0.03,0.001392598684675117,0.0,1.0,0.3626539885596647,995.0324328757445,-0.3968155281270542,0.632000000000005,-0.0990000000000002,5.687267667800748,3.265560752753884e-30,-0.011042356901811975,1.5656525985524063,0.16249999999999432,0.16249999999999432,-0.3214524873573547,-0.10546741963903834,landing,,,,0.10553772934010652
130.45,63.97340911,-22.60544653,147.132,3.401,-0.1856,5.4271,0.1825,0.0001,0.0003,0.0,9.875,0.0,0.0,-0.0,0.0,1.0,1.0,1.0,-0.03,620.3,0.0,10.0,270.0,1,130.45,0.0068710016470331925,0.06948617833549084,-0.03,0.0011879522992609415,0.0,1.0,0.3626539885596647,995.0324328757445,-0.3968155281270542,0.632000000000005,-0.0990000000000002,5.687267667800748,2.721300627294903e-30,-0.011042356901811975,1.5588236746522235,0.16249999999999432,0.16249999999999432,-0.30043080049390064,-0.09587947239912577,landing,,,,0.10553772934010652
