sim_time,lat,lon,alt_ft,agl_ft,roll,pitch,heading,roll_rate,pitch_rate,yaw_rate,ias,gs_kt,vs_fps,vn_fps,ve_fps,wow0,wow1,wow2,elevator_trim,rpm,crashed,wind_kt,wind_from,wow,t,cmd_aileron,cmd_elevator,cmd_elevator_trim,cmd_rudder,cmd_throttle,cmd_flaps,cmd_brake,x,y,h,agl,gs_angle,gs_rate,loc_angle,loc_int,track_err,hdg_err,hdg_int,ias_rate,phase,track_des,roll_des,vs_des,hdg_des
0.2,63.92411714,-22.60547724,1000.811,889.159,-0.0,0.424,360.0,0.0,0.0,0.0,81.591,82.933,1.0359,139.9753,0.0,0.0,0.0,0.0,-0.03,0.0,0.0,10.0,270.0,0,0.2,0.001057318624213155,0.12936351844288407,-0.03,0.0003431838668317422,0.6376692866928411,0.3333333333333333,0.0,-4499.876144582747,0.016671901682728585,854.311,885.659,3.073698519852416,0.0,0.00012645555534570075,1.2645555534570076e-05,-0.020000000000010232,-0.01999999999998181,0.0,0.0,final_approach,-0.00016797915084865167,0.029935274021921643,-5.1937399087667515,
0.467,63.92419349,-22.60547674,1000.8,889.459,1.001,0.7924,359.5356,7.7979,2.8162,-4.8424,81.725,82.526,-0.8306,139.286,0.7686,0.0,0.0,0.0,-0.03,0.0,0.0,10.0,270.0,0,0.467,-0.05863941094771313,0.11723119468001691,-0.03,0.008302163761233605,0.6377905846330004,0.3333333333333333,0.0,-4491.364887043456,0.03819777935071955,854.3,885.959,3.0790528981967107,0.0033423085794598265,0.00029005509691222645,8.997772096587685e-05,0.2961630685240664,-0.48440000000005057,0.0,0.045624787197821016,final_approach,-0.00039218707334498504,-0.4475175308211412,-5.190103499355033,
1.467,63.92429474,-22.60547451,1000.484,889.428,2.8476,0.5522,357.6177,5.211,-3.7645,-9.0662,81.161,82.017,-1.5198,138.4175,1.8189,0.0,0.0,0.0,-0.03,0.0,0.0,10.0,270.0,0,1.467,-0.15139909921599606,0.11197423177731383,-0.03,0.04005741769154769,0.6379247990548788,0.3333333333333333,0.0,-4480.077829127807,0.14351388042795188,853.984,885.928,3.0850957643515806,0.004799545867839833,0.001091406252439015,0.0006341812185026197,0.732862141230811,-2.4022999999999683,0.0,-0.06106837527470688,final_approach,-0.0015090995427939902,-1.1067364149973216,-5.186078559459656,
1.592,63.92467011,-22.60545854,995.864,885.835,-0.9909,-3.2469,351.6705,-7.2394,-3.3197,0.581,79.926,80.662,-7.8621,136.1166,2.6479,0.0,0.0,0.0,-0.03,323.9,0.0,10.0,270.0,0,1.592,-0.06006262311238747,0.048151103848697585,-0.03,0.10436548516348276,0.6381429329997156,0.3333333333333333,0.0,-4438.232532659073,0.9113370542391065,849.364,882.335,3.0952047757308483,0.01747830339555676,0.006969320084053892,0.0015027038072655953,1.0944442446611333,-8.349500000000035,0.0,-0.953698522977006,final_approach,-0.00934882865195874,-1.6601675777372336,-5.179534035784041,
1.667,63.92471659,-22.60545666,994.834,884.855,-2.1004,-3.6436,351.8508,-10.3524,-3.0227,2.3913,79.808,80.498,-8.5727,135.8437,2.431,0.0,0.0,0.0,-0.03,358.9,0.0,10.0,270.0,0,1.667,-0.012218630779280482,0.04033685511556992,-0.03,0.10339395888307001,0.6381343846507759,0.3333333333333333,0.0,-4433.05106169929,1.001636600238507,848.334,881.355,3.094801488667923,0.013669059356463164,0.007665174043048665,0.002073835100976081,1.005231011869995,-8.169200000000046,0.0,-1.0100289602821206,final_approach,-0.010329835883016614,-1.528297689942839,-5.179790574489864,
1.742,63.92476606,-22.60545485,993.639,883.739,-3.2943,-3.9022,352.2942,-6.7865,-0.7085,4.2878,79.695,80.328,-9.3202,135.5613,2.1263,0.0,0.0,0.0,-0.03,395.3,0.0,10.0,270.0,0,1.742,0.03977060540162752,0.032853591717680146,-0.03,0.10074309702277029,0.6381175994364557,0.3333333333333333,0.0,-4427.536276488532,1.0883902362668743,847.139,880.239,3.0940113620509093,0.009635045870355727,0.008335208740134215,0.0026937911687337063,0.8786194922720938,-7.725799999999936,0.0,-1.0551778426807326,final_approach,-0.011282353047992189,-1.3401358264655858,-5.180294287923498,
1.833,63.92480309,-22.60545363,992.686,882.872,-3.8014,-3.9094,352.7709,-2.9991,0.5959,5.2588,79.617,80.209,-9.7277,135.3644,1.878,0.0,0.0,0.0,-0.03,422.0,0.0,10.0,270.0,0,1.833,0.0636180374598676,0.02920346331185409,-0.03,0.09747183968938955,0.6381004248941301,0.3333333333333333,0.0,-4423.408271996209,1.14672164685315,846.186,879.372,3.093205293536341,0.0065528889312156625,0.008786775810003783,0.0034852166008988916,0.7748513129417915,-7.2490999999999985,0.0,-1.0371746621772782,final_approach,-0.011966504295756408,-1.185498611686052,-5.180809662546309,
1.933,63.92483699,-22.60545261,991.784,882.076,-3.9472,-3.8192,353.2781,-0.0243,1.3799,5.8054,79.544,80.108,-9.9531,135.1967,1.6537,0.0,0.0,0.0,-0.03,446.1,0.0,10.0,270.0,0,1.933,0.0743766213144274,0.02736329503287529,-0.03,0.09350519136266533,0.638082321702043,0.3333333333333333,0.0,-4419.629193114721,1.1953761084643655,845.284,878.576,3.092358226096179,0.004048961709076114,0.009164223109279527,0.004390021523157182,0.6807959927739375,-6.741899999999987,0.0,-1.0092496928884414,final_approach,-0.012565843172758662,-1.0451126712177743,-5.1813528797383555,
2.267,63.92487085,-22.60545169,990.868,881.355,-3.8537,-3.6726,353.8229,2.216,1.8168,6.0513,79.467,80.012,-10.0338,135.0372,1.4476,0.0,0.0,0.0,-0.03,469.9,0.0,10.0,270.0,0,2.267,0.07721885913560778,0.026811451560730573,-0.03,0.08868244022642868,0.638062972614406,0.3333333333333333,0.0,-4415.854575014139,1.2391327538584465,844.368,877.855,3.0914557670913925,0.0029238059128595447,0.009504479061582452,0.007515641956767903,0.5941877458482452,-6.197099999999978,0.0,-0.9384578046400088,final_approach,-0.01336708263234243,-0.916074963072111,-5.181933454468467,
2.333,63.92498442,-22.60544917,987.842,878.62,-2.4448,-3.0721,355.6127,6.5175,1.8559,5.1311,79.107,79.642,-9.4204,134.4163,1.0374,0.0,0.0,0.0,-0.03,547.8,0.0,10.0,270.0,0,2.333,0.04471886756820015,0.032997328743811914,-0.03,0.06881538421982969,0.6380010661932762,0.3333333333333333,0.0,-4403.19411871961,1.3581776313771385,841.342,875.12,3.0885881999635396,-0.004804826203558569,0.010435271498592413,0.008187835463370116,0.4221893889483397,-4.407299999999964,0.0,-1.349011227358683,final_approach,-0.014668936364625296,-0.659042850368774,-5.183790781674567,
2.442,63.92502419,-22.60544839,986.845,877.703,-1.7255,-2.8838,356.126,6.5899,1.5813,4.2282,78.94,79.491,-8.972,134.1613,1.0339,0.0,0.0,0.0,-0.03,574.7,0.0,10.0,270.0,0,2.442,0.020359903998763307,0.03787627130770067,-0.03,0.062042544128187216,0.6379841582008584,0.3333333333333333,0.0,-4398.760675487841,1.3948451805454531,840.345,874.203,3.0878101592161444,-0.005193686587667587,0.01072337412485747,0.00932693410746267,0.42153518035675575,-3.8940000000000055,0.0,-1.3656565786663604,final_approach,-0.01517707017865888,-0.6588227296221714,-5.184298007334117,
2.542,63.92506083,-22.60544765,985.971,876.812,-1.0851,-2.7385,356.5048,6.1002,1.3066,3.2488,78.772,79.342,-8.5091,133.9092,1.0969,0.0,0.0,0.0,-0.03,599.4,0.0,10.0,270.0,0,2.542,-0.004116106614712345,0.043338551358952586,-0.03,0.05676606053921185,0.6379720762070861,0.3333333333333333,0.0,-4394.676155132165,1.4296747774149785,839.471,873.312,3.0872555252064067,-0.005252462172619266,0.010997166222597027,0.010395560949364158,0.4493205167386236,-3.51520000000005,0.0,-1.3942332533330484,final_approach,-0.015658394888639293,-0.7014131764646123,-5.184660443697794,
2.642,63.9250974,-22.60544687,985.142,876.131,-0.5098,-2.6198,356.7825,5.2821,1.0479,2.2154,78.594,79.186,-8.0686,133.6447,1.2149,0.0,0.0,0.0,-0.03,624.0,0.0,10.0,270.0,0,2.642,-0.028237100363951995,0.048946868564502026,-0.03,0.05275723102144958,0.6379634493708656,0.3333333333333333,0.0,-4390.599437463961,1.4664668471264948,838.642,872.631,3.0868601783993457,-0.005035963155617708,0.011286350696937264,0.011489544149226672,0.5008341609926958,-3.2374999999999545,0.0,-1.4293029575755087,final_approach,-0.016162856865413744,-0.7797645854315931,-5.1849192252252045,
2.742,63.9251339,-22.60544602,984.356,875.453,-0.0276,-2.5259,356.9568,4.2298,0.8135,1.1909,78.409,79.024,-7.6645,133.3702,1.3758,0.0,0.0,0.0,-0.03,648.6,0.0,10.0,270.0,0,2.742,-0.050155520688419886,0.05441827446908082,-0.03,0.05018360866802596,0.6379581408264018,0.3333333333333333,0.0,-4386.530521970166,1.5066912020027294,837.856,871.953,3.086617179140472,-0.0046016347278039224,0.011602270223794954,0.012611472691108745,0.5710221140254532,-3.0632000000000517,0.0,-1.4675481432504516,final_approach,-0.01670568764748026,-0.8862413385833765,-5.185078464239957,
2.833,63.92517032,-22.60544507,983.608,874.831,0.3425,-2.4539,357.0312,3.0458,0.6128,0.2291,78.22,78.858,-7.304,133.0884,1.5662,0.0,0.0,0.0,-0.03,672.9,0.0,10.0,270.0,0,2.833,-0.06857756172567217,0.0595431429729914,-0.03,0.04907209234496135,0.637955749753123,0.3333333333333333,0.0,-4382.470522905197,1.5518180426233799,837.108,871.331,3.0865077965482106,-0.004035030024564741,0.011956293358538265,0.013661240586239366,0.6542323727425128,-2.9887999999999693,0.0,-1.5229458644934242,final_approach,-0.017290551472513016,-1.0122831997560482,-5.185150187935189,
2.933,63.92520365,-22.60544411,982.951,874.183,0.5725,-2.4048,357.0186,1.8807,0.4503,-0.5593,78.045,78.704,-7.0163,132.8255,1.7551,0.0,0.0,0.0,-0.03,694.9,0.0,10.0,270.0,0,2.933,-0.08174215162404588,0.06379589547728252,-0.03,0.04926086823162856,0.6379557748891569,0.3333333333333333,0.0,-4378.754986791309,1.59755506071237,836.451,870.683,3.0865089462042192,-0.0033606089271229268,0.012314836325391347,0.014847186750157698,0.7370381493081481,-3.0013999999999896,0.0,-1.5435871495394744,final_approach,-0.017896752154438644,-1.1376246886575796,-5.185149433945828,
3.033,63.92523992,-22.60544294,982.263,873.572,0.7079,-2.3657,356.928,0.7402,0.3247,-1.2886,77.854,78.534,-6.7529,132.5358,1.965,0.0,0.0,0.0,-0.03,718.6,0.0,10.0,270.0,0,3.033,-0.09206893676783137,0.0678336889535803,-0.03,0.05061181478320664,0.6379579741036866,0.3333333333333333,0.0,-4374.711705474473,1.6534663585183769,835.763,870.072,3.086609550814462,-0.0026328330888641532,0.012752768730506507,0.016072973000707824,0.8294154668088538,-3.0919999999999845,0.0,-1.5768974086722516,final_approach,-0.018612014714772585,-1.2773482311715192,-5.185083465342661,
3.133,63.92527612,-22.60544166,981.599,873.09,0.734,-2.3375,356.7715,-0.2973,0.2327,-1.8612,77.665,78.364,-6.5406,132.246,2.1684,0.0,0.0,0.0,-0.03,741.7,0.0,10.0,270.0,0,3.133,-0.0985136460664447,0.07121883429149949,-0.03,0.05291819367126305,0.6379619992067976,0.3333333333333333,0.0,-4370.676225648758,1.7147696902666716,835.099,869.59,3.086793775949393,-0.0018869856825023611,0.013232774245824868,0.017342673848621287,0.9193784009204933,-3.248499999999922,0.0,-1.6053612806111313,final_approach,-0.019387651324329624,-1.4133519959963188,-5.184962725629504,
3.242,63.92531224,-22.60544027,980.954,872.537,0.662,-2.3174,356.5654,-1.2044,0.1641,-2.2671,77.48,78.195,-6.3758,131.9581,2.3563,0.0,0.0,0.0,-0.03,764.2,0.0,10.0,270.0,0,3.242,-0.10134809760142882,0.07397078753195382,-0.03,0.05590111422660282,0.6379674324914274,0.3333333333333333,0.0,-4366.6496620808475,1.7814654452583116,834.454,869.037,3.087042645363106,-0.0011919537970194773,0.013754920936693194,0.018778948515737522,1.002989108145016,-3.4546000000000276,0.0,-1.6137145920484866,final_approach,-0.020237608338714352,-1.5397634281154176,-5.18479974319154,
3.333,63.92534828,-22.60543878,980.324,872.033,0.5068,-2.303,356.3262,-1.9497,0.1169,-2.5077,77.301,78.029,-6.2535,131.6744,2.5222,0.0,0.0,0.0,-0.03,785.9,0.0,10.0,270.0,0,3.333,-0.1009164571371724,0.07613841766719841,-0.03,0.059282222921186234,0.6379739515368145,0.3333333333333333,0.0,-4362.63201494097,1.853063685994091,833.824,868.533,3.0873415412953285,-0.00044586638355553136,0.014315490636883178,0.02002469535319616,1.0773563948669391,-3.69380000000001,0.0,-1.6458344443198045,final_approach,-0.02111664714381689,-1.6522225944301852,-5.184604188175971,
3.433,63.92538424,-22.6054372,979.703,871.511,0.2838,-2.2933,356.0705,-2.5353,0.0743,-2.5884,77.127,77.866,-6.1671,131.3957,2.6611,0.0,0.0,0.0,-0.03,806.7,0.0,10.0,270.0,0,3.433,-0.09752882524609696,0.07780635726262783,-0.03,0.06279623661237943,0.6379810724123803,0.3333333333333333,0.0,-4358.623284401733,1.9290744753237548,833.203,868.011,3.087668398256987,0.00017320628313431013,0.014910756835552649,0.021449022052240765,1.1402279069607175,-3.9494999999999436,0.0,-1.654394949381647,final_approach,-0.02206155749244232,-1.7474716961994243,-5.184390576058526,
3.533,63.92542013,-22.60543555,979.09,870.924,0.0104,-2.2874,355.8133,-2.9396,0.0407,-2.527,76.959,77.705,-6.1107,131.1228,2.7704,0.0,0.0,0.0,-0.03,826.4,0.0,10.0,270.0,0,3.533,-0.09157832543924924,0.07904641263564313,-0.03,0.06622195014178978,0.637988729862317,0.3333333333333333,0.0,-4354.622356036903,2.008517549644076,832.59,867.424,3.0880203142362688,0.0007308652014152068,0.015533195015590556,0.022930844813625686,1.1903815224793846,-4.206699999999955,0.0,-1.6567226812560354,final_approach,-0.023048750323219735,-1.8237126018778405,-5.1841608634584055,
3.633,63.92545594,-22.60543384,978.482,870.493,-0.2951,-2.2846,355.5681,-3.1613,0.015,-2.3451,76.797,77.548,-6.0786,130.8556,2.8488,0.0,0.0,0.0,-0.03,844.9,0.0,10.0,270.0,0,3.633,-0.08353350055841105,0.07993200728582804,-0.03,0.06938245409462618,0.6379966659104458,0.3333333333333333,0.0,-4350.630344784982,2.090903360583399,831.982,866.993,3.088385505526166,0.0012177064843413457,0.016179056775109873,0.024472314341757923,1.2271643315220615,-4.451900000000023,0.0,-1.6533842556873104,final_approach,-0.024073531685953498,-1.8800230898653716,-5.18392278858688,
3.742,63.92549466,-22.60543195,977.825,869.872,-0.6414,-2.2839,355.3283,-3.2114,-0.0029,-2.0414,76.627,77.381,-6.065,130.5721,2.8998,0.0,0.0,0.0,-0.03,863.7,0.0,10.0,270.0,0,3.742,-0.07311231839084703,0.0805763331715051,-0.03,0.07237084768752322,0.6380052830132331,0.3333333333333333,0.0,-4346.313933145606,2.1819948066469537,831.325,866.372,3.0887825827790203,0.0016219071663919724,0.016893754892942033,0.026224817549646885,1.252239584799696,-4.691699999999969,0.0,-1.6448614167632778,final_approach,-0.025212815246813847,-1.9190395602678176,-5.183664277196129,
3.833,63.92552735,-22.60543033,977.269,869.407,-0.9323,-2.2845,355.1541,-3.0865,-0.0107,-1.7221,76.488,77.242,-6.0667,130.3364,2.917,0.0,0.0,0.0,-0.03,878.4,0.0,10.0,270.0,0,3.833,-0.06344494500005693,0.0809168850534233,-0.03,0.0744766939683652,0.6380124549826807,0.3333333333333333,0.0,-4342.669730856611,2.2600925897096547,830.769,865.907,3.0891135034137505,0.001957671053916697,0.017507035920358075,0.027738409205165543,1.2620968847012648,-4.8659000000000106,0.0,-1.6341896995550234,final_approach,-0.026191536006518135,-1.9351607060610032,-5.183449115199757,
3.942,63.92556591,-22.6054284,976.612,868.828,-1.2531,-2.2857,354.9883,-2.8035,-0.0094,-1.3012,76.329,77.079,-6.0801,130.0625,2.91,0.0,0.0,0.0,-0.03,894.6,0.0,10.0,270.0,0,3.942,-0.05188495944490118,0.08113472837586479,-0.03,0.07642925905462239,0.6380208247311998,0.3333333333333333,0.0,-4338.371154811214,2.3531500109344448,830.112,865.328,3.08950019280313,0.0022226607244100606,0.018238472718738782,0.029625619844729303,1.2617138338693508,-5.031700000000001,0.0,-1.6182375083527785,final_approach,-0.027368082960997242,-1.9363410645563626,-5.183198014379556,
4.042,63.92560144,-22.60542663,976.003,868.273,-1.5173,-2.2862,354.8767,-2.4214,0.0013,-0.8976,76.185,76.931,-6.1002,129.8136,2.8813,0.0,0.0,0.0,-0.03,908.3,0.0,10.0,270.0,0,4.042,-0.04160999816721295,0.0812075067376985,-0.03,0.07771477492653067,0.6380282487444267,0.3333333333333333,0.0,-4334.41035602017,2.4384863412117457,829.503,864.773,3.0898436430088654,0.00242463427990062,0.018910017709688066,0.031417869549549005,1.2515095160636065,-5.143299999999954,0.0,-1.6020340985025183,final_approach,-0.028455020630978822,-1.9227773082230861,-5.182975282087249,
4.142,63.9256369,-22.60542488,975.393,867.766,-1.7389,-2.2853,354.8052,-1.9571,0.0194,-0.5025,76.045,76.785,-6.1252,129.5682,2.8359,0.0,0.0,0.0,-0.03,920.9,0.0,10.0,270.0,0,4.142,-0.0323498235483215,0.08118811406713147,-0.03,0.07852611758695072,0.6380354847927917,0.3333333333333333,0.0,-4330.45736094272,2.5228455207299465,828.893,864.266,3.0901788105459507,0.002579141128392664,0.019574680712757964,0.03327061138899298,1.2338505757365965,-5.214799999999968,0.0,-1.5836673622750166,final_approach,-0.02953972783853942,-1.898113026591492,-5.182758184992036,
4.233,63.92566934,-22.60542329,974.83,867.321,-1.8996,-2.2826,354.7734,-1.4896,0.0412,-0.1643,75.919,76.653,-6.1506,129.3461,2.7834,0.0,0.0,0.0,-0.03,931.4,0.0,10.0,270.0,0,4.233,-0.025082499155132387,0.0811177478294995,-0.03,0.07888387475481917,0.6380417101468151,0.3333333333333333,0.0,-4326.841028352144,2.5994832201733846,828.33,863.821,3.0904674910654752,0.002678003173888718,0.020179192411912402,0.035005997043930384,1.21275818368116,-5.246599999999944,0.0,-1.5655717279423285,final_approach,-0.030531954062553268,-1.8681896119830945,-5.1825714077125085,
4.333,63.92570467,-22.60542159,974.214,866.741,-2.0252,-2.2772,354.7725,-0.9782,0.0683,0.1643,75.784,76.51,-6.1793,129.1065,2.7189,0.0,0.0,0.0,-0.03,941.8,0.0,10.0,270.0,0,4.333,-0.018765259531579592,0.0810081997850127,-0.03,0.07889397219728633,0.6380482654206516,0.3333333333333333,0.0,-4322.902526105422,2.681397772069365,827.714,863.241,3.09077179912152,0.0027388494049814843,0.020826189342424174,0.03697192932135971,1.1864340023573163,-5.247499999999945,0.0,-1.5459742981293807,final_approach,-0.031606180568552134,-1.830581042508376,-5.1823747287566135,
4.433,63.925737,-22.60542007,973.647,866.312,-2.0963,-2.2699,354.7985,-0.5259,0.0936,0.4194,75.661,76.381,-6.205,128.8889,2.6568,0.0,0.0,0.0,-0.03,950.6,0.0,10.0,270.0,0,4.433,-0.014502440203843281,0.08090303666676751,-0.03,0.0786016526405916,0.6380540020790596,0.3333333333333333,0.0,-4319.298457153453,2.754610190812514,827.147,862.812,3.0910383830028993,0.002726680973117184,0.021405281735397748,0.03898921773049495,1.160876495926317,-5.221499999999992,0.0,-1.5172493619358052,final_approach,-0.03259677388414417,-1.793970323327569,-5.182202608160882,
4.542,63.92577514,-22.6054183,972.973,865.769,-2.1293,-2.2583,354.8565,-0.0502,0.1208,0.6568,75.517,76.229,-6.2334,128.6342,2.5839,0.0,0.0,0.0,-0.03,959.9,0.0,10.0,270.0,0,4.542,-0.011341632606382768,0.08079014114471572,-0.03,0.07794496697323194,0.6380603644226114,0.3333333333333333,0.0,-4315.046704074485,2.8398449588797483,826.473,862.269,3.0913343465678627,0.0027247778215782475,0.02208034893718352,0.04125431494022715,1.1307566220415026,-5.163499999999999,0.0,-1.499417685162663,final_approach,-0.03374176673848339,-1.750766439365302,-5.182011711797635,
4.633,63.92581028,-22.60541671,972.348,865.231,-2.1167,-2.2452,354.9298,0.3367,0.1418,0.8107,75.385,76.09,-6.2566,128.4005,2.5209,0.0,0.0,0.0,-0.03,967.9,0.0,10.0,270.0,0,4.633,-0.010112073599133964,0.0807146438366621,-0.03,0.07710601957164043,0.6380659084635084,0.3333333333333333,0.0,-4311.129384289479,2.9163775939679355,825.848,861.731,3.0915925057976428,0.0027434672868099294,0.02268746550795752,0.04319373621279927,1.1047493328310622,-5.090199999999982,0.0,-1.4949751183796343,final_approach,-0.0347604727307278,-1.713485847593292,-5.181845365344216,
4.733,63.92584535,-22.60541516,971.722,864.624,-2.0675,-2.2302,355.0155,0.6652,0.1579,0.9013,75.253,75.951,-6.276,128.1678,2.4648,0.0,0.0,0.0,-0.03,975.4,0.0,10.0,270.0,0,4.733,-0.010416583161404813,0.08068244267477442,-0.03,0.07611242433689713,0.6380712654793042,0.3333333333333333,0.0,-4307.219868560107,2.9909532038213467,825.222,861.124,3.09184218822381,0.002702360115953771,0.023279971109354317,0.04537775420302536,1.0817215838516177,-5.004500000000007,0.0,-1.479068289436036,final_approach,-0.03578756680548878,-1.680647500701241,-5.181684628264275,
4.842,63.92588327,-22.6054135,971.041,864.056,-1.9815,-2.2125,355.1153,0.9315,0.1679,0.9327,75.11,75.802,-6.2924,127.9171,2.4142,0.0,0.0,0.0,-0.03,983.1,0.0,10.0,270.0,0,4.842,-0.012235671048731633,0.0807022619228309,-0.03,0.07493817641854561,0.6380767314558057,0.3333333333333333,0.0,-4302.992642245289,3.0708072224626086,824.541,860.556,3.092097184926361,0.0026418699782048026,0.023915245248074538,0.04781964342812783,1.061224097310145,-4.904700000000048,0.0,-1.4638735908968141,final_approach,-0.03690012100656759,-1.6517016293847036,-5.18152061956221,
4.933,63.92591531,-22.60541213,970.464,863.637,-1.8894,-2.197,355.2002,1.079,0.1702,0.9103,74.989,75.677,-6.3025,127.706,2.3808,0.0,0.0,0.0,-0.03,989.3,0.0,10.0,270.0,0,4.933,-0.014758416594498003,0.08076458598987968,-0.03,0.07392479361683901,0.6380812254509503,0.3333333333333333,0.0,-4299.420904112312,3.1366818667187926,823.964,860.137,3.0923070160145043,0.0025858643374107736,0.024440138009441587,0.049898643068588364,1.0480311956309265,-4.8197999999999865,0.0,-1.4516732944216741,final_approach,-0.03782630045763469,-1.6333791671824738,-5.181385773820214,
5.042,63.92594729,-22.60541076,969.886,863.05,-1.7866,-2.1814,355.2814,1.1594,0.1673,0.8492,74.868,75.552,-6.3092,127.496,2.3567,0.0,0.0,0.0,-0.03,995.1,0.0,10.0,270.0,0,5.042,-0.01795217546188832,0.08086844431309252,-0.03,0.07294323971478345,0.6380855476184967,0.3333333333333333,0.0,-4295.855854583408,3.2025588457383405,823.386,859.55,3.092508976924142,0.00246369567817527,0.02496553640244783,0.05243858813330597,1.0389633241510126,-4.738599999999906,0.0,-1.420620426121463,final_approach,-0.03880521820801519,-1.621294570897124,-5.181256082440221,
5.142,63.92598791,-22.60540905,969.15,862.535,-1.6437,-2.1624,355.3743,1.2769,0.1594,0.7276,74.713,75.394,-6.3083,127.2287,2.3393,0.0,0.0,0.0,-0.03,990.6,0.0,10.0,270.0,0,5.142,-0.022864678851347853,0.08113019434558572,-0.03,0.07180557693114831,0.6380908946732037,0.3333333333333333,0.0,-4291.327640219058,3.2847574866486955,822.65,859.035,3.092759035222674,0.0024698435626995317,0.025622101202531278,0.05482600295978143,1.0333544411188598,-4.6457000000000335,0.0,-1.4323822055649666,final_approach,-0.03993965893915785,-1.6146091237261118,-5.181095636221016,
5.233,63.92601977,-22.6054077,968.571,861.97,-1.5269,-2.1481,355.4361,1.2453,0.1513,0.605,74.591,75.27,-6.3104,127.0193,2.3362,0.0,0.0,0.0,-0.03,986.3,0.0,10.0,270.0,0,5.233,-0.027222171137774143,0.08128562078088776,-0.03,0.07104015603040492,0.638094954203018,0.3333333333333333,0.0,-4287.775968241135,3.3496592605455104,822.071,858.47,3.092949035441506,0.002406188717692792,0.02614099448819264,0.0570385279158956,1.0336927033144718,-4.583899999999971,0.0,-1.4240437633008196,final_approach,-0.04087302032490214,-1.6165091660290152,-5.1809738226156306,
5.342,63.92605736,-22.60540611,967.887,861.487,-1.3975,-2.1323,355.4936,1.1298,0.1387,0.4421,74.445,75.123,-6.3105,126.772,2.3433,0.0,0.0,0.0,-0.03,981.2,0.0,10.0,270.0,0,5.342,-0.03237835496949304,0.08149726975218428,-0.03,0.07032185685575532,0.6380996786155934,0.3333333333333333,0.0,-4283.585530447057,3.42609655945973,821.387,857.987,3.093170322095924,0.002343516063547946,0.026752786455581167,0.05974734165479286,1.0389555436495073,-4.526399999999967,0.0,-1.416353379481146,final_approach,-0.04198480002686367,-1.6260333457312797,-5.180832056403112,
5.45,63.92609199,-22.60540464,967.256,860.879,-1.2914,-2.1189,355.5306,0.9665,0.1261,0.2845,74.311,74.988,-6.3094,126.5441,2.3587,0.0,0.0,0.0,-0.03,976.4,0.0,10.0,270.0,0,5.45,-0.03691347436993009,0.08169961631838851,-0.03,0.06985653637912115,0.638103966080004,0.3333333333333333,0.0,-4279.725065850907,3.4967697926609604,820.756,857.379,3.0933712989619293,0.0022630795375328514,0.027319013743558815,0.06248270470913997,1.047832539246457,-4.489399999999932,0.0,-1.400388594141097,final_approach,-0.04303956720494995,-1.6408698726040374,-5.18070340028839,
5.533,63.92612367,-22.60540328,966.678,860.327,-1.2076,-2.1077,355.5507,0.8248,0.1162,0.1414,74.188,74.865,-6.3083,126.3357,2.3787,0.0,0.0,0.0,-0.03,972.1,0.0,10.0,270.0,0,5.533,-0.04075210360197251,0.08187857140302585,-0.03,0.06960273730461697,0.6381078314196602,0.3333333333333333,0.0,-4276.19345951498,3.562168508173012,820.178,856.827,3.0935526164146157,0.0022499908850652207,0.027843358636268068,0.06462083465958827,1.0586608130167576,-4.469299999999976,0.0,-1.407801241114036,final_approach,-0.04397170371817438,-1.658434461755407,-5.180587409880552,
5.633,63.92615818,-22.60540179,966.047,859.891,-1.1361,-2.0966,355.558,0.5867,0.1041,-0.0062,74.053,74.731,-6.3075,126.1089,2.4054,0.0,0.0,0.0,-0.03,967.2,0.0,10.0,270.0,0,5.633,-0.044353514129367444,0.08205988428029597,-0.03,0.0695103847181977,0.6381119361612105,0.3333333333333333,0.0,-4272.34637178573,3.6338262855509846,819.547,856.391,3.093745296918949,0.002196126578110218,0.02841837964066504,0.06724726984145614,1.072726667334905,-4.461999999999989,0.0,-1.402546582830947,final_approach,-0.04502574681267646,-1.6810106757650907,-5.180464234294032,
5.733,63.92619263,-22.60540028,965.416,859.267,-1.0878,-2.0867,355.5511,0.3601,0.0935,-0.139,73.919,74.598,-6.3081,125.8829,2.4351,0.0,0.0,0.0,-0.03,962.4,0.0,10.0,270.0,0,5.733,-0.04719298580639536,0.08220933725699815,-0.03,0.069597679326728,0.6381159496348096,0.3333333333333333,0.0,-4268.505972318513,3.7064662719939365,818.916,855.767,3.0939338260305274,0.002144320667722156,0.029001663769042212,0.06992327865222217,1.0882009854529713,-4.468899999999962,0.0,-1.3968605298463161,final_approach,-0.04609627294395224,-1.7057068570590435,-5.1803437962420915,
5.833,63.92622702,-22.60539876,964.786,858.807,-1.0615,-2.0777,355.5318,0.1482,0.0852,-0.2524,73.785,74.464,-6.3106,125.6576,2.466,0.0,0.0,0.0,-0.03,957.6,0.0,10.0,270.0,0,5.833,-0.04926611470048492,0.0823203342607986,-0.03,0.06984140426225205,0.6381199520409221,0.3333333333333333,0.0,-4264.672261285143,3.7795985306994586,818.286,855.307,3.094121966329222,0.002100501054259323,0.02958938685594235,0.07264913974230901,1.104271495702477,-4.488200000000006,0.0,-1.391691390769378,final_approach,-0.04717827691473886,-1.7313014962624234,-5.180223689081831,
5.942,63.92626134,-22.60539722,964.154,858.238,-1.0555,-2.0694,355.5022,-0.0424,0.0794,-0.3439,73.652,74.332,-6.3152,125.4331,2.4964,0.0,0.0,0.0,-0.03,952.7,0.0,10.0,270.0,0,5.942,-0.05059032850678602,0.08238859501251206,-0.03,0.07021391806001664,0.6381236866863575,0.3333333333333333,0.0,-4260.846353280492,3.853713387771018,817.654,854.738,3.0942976383632192,0.002019029217994965,0.030185390298070283,0.07567538874373494,1.1201639866224298,-4.517799999999966,0.0,-1.376099763084752,final_approach,-0.04830512074525117,-1.7566886297679378,-5.180111615977378,
6.042,63.92629561,-22.60539566,963.523,857.692,-1.0672,-2.0616,355.4645,-0.2036,0.0762,-0.4121,73.52,74.2,-6.3222,125.2095,2.5248,0.0,0.0,0.0,-0.03,947.8,0.0,10.0,270.0,0,6.042,-0.05121585715434124,0.08240924967528104,-0.03,0.07068611562860205,0.6381274260164043,0.3333333333333333,0.0,-4257.02601877198,3.9288100651289586,817.023,854.192,3.094473645427676,0.0019758694557570574,0.030789688477920758,0.07850210629571457,1.1351901576930459,-4.555499999999938,0.0,-1.3709997846225068,final_approach,-0.0494203481036557,-1.780757984422685,-5.179999401223959,
6.142,63.92632981,-22.60539409,962.89,857.155,-1.0938,-2.054,355.421,-0.338,0.0753,-0.4568,73.388,74.068,-6.3314,124.9867,2.5501,0.0,0.0,0.0,-0.03,942.9,0.0,10.0,270.0,0,6.142,-0.05121384743009816,0.08238620369301194,-0.03,0.07122780864508782,0.6381308973626844,0.3333333333333333,0.0,-4253.213487463208,4.004399403528068,816.39,853.655,3.0946371416408334,0.001919051568393156,0.03139844794916724,0.08138027740297893,1.148841949744849,-4.598999999999933,0.0,-1.3663634405659062,final_approach,-0.0505472635523212,-1.8027882667685375,-5.179895227524412,
6.25,63.9263668,-22.60539237,962.204,856.589,-1.1363,-2.0458,355.3702,-0.4495,0.0765,-0.48,73.246,73.926,-6.3435,124.7462,2.5729,0.0,0.0,0.0,-0.03,937.6,0.0,10.0,270.0,0,6.25,-0.05058238632106932,0.08231602839820026,-0.03,0.07185611460350083,0.6381345467244814,0.3333333333333333,0.0,-4249.089933488983,4.087229234777869,815.704,853.089,3.0948091292298208,0.0018646225862958392,0.03206601078970932,0.0845504375696168,1.1615623491075553,-4.649799999999914,0.0,-1.3616772018612704,final_approach,-0.05178461173731108,-1.8235884667267577,-5.179785710657708,
6.342,63.92639803,-22.60539091,961.622,855.993,-1.1807,-2.0387,355.326,-0.5183,0.0787,-0.4816,73.127,73.806,-6.3552,124.5435,2.5881,0.0,0.0,0.0,-0.03,933.1,0.0,10.0,270.0,0,6.342,-0.0496218530037808,0.08222385385753109,-0.03,0.07239901095113621,0.6381374043424602,0.3333333333333333,0.0,-4245.6084899745965,4.1575448339161305,815.122,852.493,3.094943880165862,0.0017979661698143377,0.032633222273348535,0.08729340601021804,1.1704745504970617,-4.69399999999996,0.0,-1.355477298134752,final_approach,-0.05284153167797001,-1.8384409285991872,-5.179699953207798,
6.442,63.92643489,-22.60538917,960.933,855.483,-1.2392,-2.0299,355.2745,-0.5598,0.0838,-0.4634,72.987,73.665,-6.3705,124.3046,2.6006,0.0,0.0,0.0,-0.03,927.8,0.0,10.0,270.0,0,6.442,-0.04810627443675458,0.08208057673566271,-0.03,0.07302711430359154,0.6381406137073178,0.3333333333333333,0.0,-4241.4994276339585,4.2413595984696695,814.433,851.983,3.0950952982372,0.0017506685937415856,0.033309847999004424,0.09033341279008444,1.1785209759267445,-4.745499999999993,0.0,-1.359524816486138,final_approach,-0.05407611216672592,-1.852265345515466,-5.179603639048487,
6.55,63.92646884,-22.60538756,960.295,854.826,-1.2957,-2.0212,355.2295,-0.5662,0.0899,-0.4315,72.858,73.534,-6.3854,124.0848,2.6069,0.0,0.0,0.0,-0.03,922.8,0.0,10.0,270.0,0,6.55,-0.046464372146987176,0.08192548458127925,-0.03,0.0735719983523987,0.6381433002624589,0.3333333333333333,0.0,-4237.714764826464,4.318918414175475,813.795,851.326,3.09522211571475,0.0016545964786580276,0.03393656721864147,0.0936733617636534,1.1835511037890853,-4.7905000000000655,0.0,-1.3445175099368856,final_approach,-0.05527884649740855,-1.8615478771184897,-5.179523013985602,
6.633,63.92649992,-22.60538608,959.709,854.453,-1.3478,-2.0127,355.1915,-0.5594,0.0955,-0.3932,72.741,73.415,-6.3993,123.8837,2.6085,0.0,0.0,0.0,-0.03,918.4,0.0,10.0,270.0,0,6.633,-0.04481929710028004,0.0817699169286902,-0.03,0.07402924637402752,0.6381456069395351,0.3333333333333333,0.0,-4234.25004248141,4.3902197248723,813.209,850.953,3.095331049019896,0.001597571975480189,0.03451322738384289,0.09627879666896626,1.1862439149323905,-4.828499999999963,0.0,-1.350437604871434,final_approach,-0.056332672859060295,-1.8671270969911085,-5.179453788841258,
6.742,63.92653376,-22.60538447,959.069,853.867,-1.4019,-2.0028,355.1544,-0.5157,0.1036,-0.3437,72.613,73.286,-6.4147,123.6646,2.606,0.0,0.0,0.0,-0.03,913.6,0.0,10.0,270.0,0,6.742,-0.043002145763674504,0.08158701196382954,-0.03,0.07447311502418619,0.6381479635487183,0.3333333333333333,0.0,-4230.477642114587,4.467782820977561,812.569,850.367,3.095442386030626,0.0015015500571355727,0.03514117001951058,0.09975937123986234,1.187222642406084,-4.865599999999972,0.0,-1.3344261795745314,final_approach,-0.0575529039287801,-1.8704014136950686,-5.17938306477598,
6.842,63.92657035,-22.60538272,958.373,853.225,-1.4551,-1.9911,355.1201,-0.4588,0.1121,-0.2859,72.475,73.145,-6.4309,123.4274,2.5988,0.0,0.0,0.0,-0.03,908.6,0.0,10.0,270.0,0,6.842,-0.04109407880776761,0.0813848954183814,-0.03,0.07488123594356977,0.6381501937122527,0.3333333333333333,0.0,-4226.398678322451,4.55209802911746,811.873,849.725,3.0955477917181193,0.0014269678601019752,0.03582440777409944,0.10300928077980606,1.1862011668004584,-4.899900000000002,0.0,-1.33856925415867,final_approach,-0.05881990344525434,-1.8707669965657736,-5.179316135072806,
6.933,63.92659845,-22.60538138,957.837,852.713,-1.4914,-1.9815,355.0979,-0.399,0.1191,-0.2405,72.37,73.037,-6.4429,123.2451,2.5906,0.0,0.0,0.0,-0.03,904.8,0.0,10.0,270.0,0,6.933,-0.03971902900921609,0.08122839075664098,-0.03,0.07514422973183166,0.6381517882563671,0.3333333333333333,0.0,-4223.266159052321,4.616656177706105,811.337,849.213,3.0956231811032904,0.0013272156804348745,0.03634811111468226,0.10600449740621007,1.1841743772911002,-4.9221,0.0,-1.32177624503934,final_approach,-0.0598480145603979,-1.8692799612795614,-5.1792682807864665,
7.042,63.92663772,-22.60537952,957.084,852.064,-1.5334,-1.967,355.0732,-0.3156,0.1278,-0.1794,72.222,72.886,-6.4586,122.9901,2.5761,0.0,0.0,0.0,-0.03,899.6,0.0,10.0,270.0,0,7.042,-0.03802336986675853,0.08101563809648407,-0.03,0.07543577137874402,0.6381537024548354,0.3333333333333333,0.0,-4218.888435719485,4.706256409970735,810.584,848.564,3.095713711613564,0.0012444389237165762,0.037075859796838716,0.10966061645015626,1.1799183546025631,-4.946799999999939,0.0,-1.3250509650482827,final_approach,-0.06121952526621044,-1.8649847317383497,-5.179210833011702,
7.142,63.92667132,-22.60537792,956.438,851.622,-1.5615,-1.9539,355.0575,-0.2371,0.1347,-0.1313,72.096,72.756,-6.4709,122.7716,2.5615,0.0,0.0,0.0,-0.03,895.3,0.0,10.0,270.0,0,7.142,-0.0367964571315294,0.08084093035317517,-0.03,0.0756204972266954,0.6381552038430809,0.3333333333333333,0.0,-4215.142789941562,4.783338907979197,809.938,848.122,3.095784739987703,0.0011554130599958005,0.03770253244023483,0.11306533430601258,1.1752426232495168,-4.962499999999977,0.0,-1.3191372409529751,final_approach,-0.06242951237333827,-1.859823651751558,-5.179165774053313,
7.233,63.92670206,-22.60537647,955.844,851.016,-1.5802,-1.9413,355.0472,-0.1648,0.1405,-0.0925,71.98,72.637,-6.4811,122.5714,2.547,0.0,0.0,0.0,-0.03,891.4,0.0,10.0,270.0,0,7.233,-0.03589757106302638,0.08068957427971957,-0.03,0.075741439029548,0.6381563382910131,0.3333333333333333,0.0,-4211.715970200646,4.853183637027606,809.344,847.516,3.0958384214669,0.0010611619441300763,0.03827109391413214,0.11620503900480368,1.1704192289340938,-4.9728000000000065,0.0,-1.31509978947773,final_approach,-0.06353302539416106,-1.8542836861186043,-5.179131727420799,
7.333,63.92673554,-22.60537489,955.196,850.441,-1.5933,-1.927,355.0396,-0.0918,0.1458,-0.057,71.854,72.508,-6.4911,122.3529,2.5306,0.0,0.0,0.0,-0.03,887.2,0.0,10.0,270.0,0,7.333,-0.03516921546745355,0.08053322843886795,-0.03,0.07583055166843133,0.6381574904606732,0.3333333333333333,0.0,-4207.98370197212,4.929290929912781,808.696,846.941,3.095892952539731,0.0009751867414934686,0.0388912361265646,0.11970681248744415,1.164867951996058,-4.980399999999918,0.0,-1.3100907177070311,final_approach,-0.06474537481624054,-1.8478212197112942,-5.179097148829587,
7.433,63.92676618,-22.60537346,954.601,849.921,-1.5992,-1.9134,355.0355,-0.0315,0.1498,-0.0313,71.738,72.389,-6.4992,122.1525,2.5155,0.0,0.0,0.0,-0.03,883.5,0.0,10.0,270.0,0,7.433,-0.03472594979819288,0.08039864198014009,-0.03,0.07587858114664559,0.638158387411964,0.3333333333333333,0.0,-4204.568030247229,4.998159675757972,808.101,846.421,3.0959354120607334,0.0008834214862482842,0.039453154988487685,0.12325310527800143,1.1597316048455752,-4.9845000000000255,0.0,-1.296446107006392,final_approach,-0.06588606976304945,-1.841869497302815,-5.179070229709872,
7.542,63.92680233,-22.60537177,953.896,849.298,-1.5996,-1.897,355.0333,0.0283,0.1528,-0.0097,71.601,72.248,-6.5074,121.9156,2.498,0.0,0.0,0.0,-0.03,879.1,0.0,10.0,270.0,0,7.542,-0.03445290800153328,0.08025136584272301,-0.03,0.07590434021556525,0.6381592046534837,0.3333333333333333,0.0,-4200.538117246274,5.079552381721367,807.396,845.798,3.0959741041741045,0.0007953468247344901,0.040117904272168776,0.12717813722782442,1.1538024766973365,-4.986699999999928,0.0,-1.292849254909898,final_approach,-0.06720498269717012,-1.8350017168146433,-5.179045702770029,
7.65,63.9268384,-22.60537009,953.191,848.814,-1.594,-1.8803,355.0329,0.0773,0.1545,0.0025,71.464,72.108,-6.5143,121.6787,2.4814,0.0,0.0,0.0,-0.03,874.8,0.0,10.0,270.0,0,7.65,-0.034428312309022935,0.08011385690471347,-0.03,0.07590902271854827,0.638159895211252,0.3333333333333333,0.0,-4196.517122555369,5.160458263551865,806.691,845.314,3.096006802832756,0.000713249913592644,0.04077949530096043,0.131124481426308,1.1482738498271772,-4.987100000000055,0.0,-1.2906373697834088,final_approach,-0.06852214301671111,-1.8287273537552977,-5.17902497780565,
7.733,63.9268661,-22.60536881,952.648,848.296,-1.5865,-1.8674,355.0333,0.1066,0.1545,0.0059,71.358,72.0,-6.5189,121.4964,2.4695,0.0,0.0,0.0,-0.03,871.6,0.0,10.0,270.0,0,7.733,-0.03455297580646127,0.08001173806026932,-0.03,0.07590434021556525,0.6381602972485618,0.3333333333333333,0.0,-4193.429195007303,5.2220923534551895,806.148,844.796,3.0960258415744857,0.0006326053330738211,0.04128412879232531,0.13418828638412486,1.1444167833819563,-4.986699999999928,0.0,-1.2894074665062703,final_approach,-0.06953288298912241,-1.8244864954064148,-5.17901291187734,
7.842,63.92690482,-22.60536703,951.887,847.645,-1.5723,-1.8493,355.0339,0.1362,0.1549,0.0028,71.21,71.848,-6.5245,121.2412,2.4542,0.0,0.0,0.0,-0.03,867.2,0.0,10.0,270.0,0,7.842,-0.03490487427223149,0.07987123336624072,-0.03,0.07589731590486215,0.6381607000089453,0.3333333333333333,0.0,-4189.112785249152,5.307794489467369,805.387,844.145,3.096044915915579,0.0005563367700588762,0.04198666752114616,0.13827728237006748,1.1396396363040253,-4.986099999999965,0.0,-1.295624802745492,final_approach,-0.07092008741572897,-1.8194353452957213,-5.179000824235775,
7.95,63.92693794,-22.6053655,951.235,846.995,-1.558,-1.8338,355.0338,0.1493,0.1545,-0.0061,71.083,71.719,-6.5287,121.0225,2.4426,0.0,0.0,0.0,-0.03,863.4,0.0,10.0,270.0,0,7.95,-0.03533561610374952,0.07974993726212645,-0.03,0.07589848666966537,0.638160959009544,0.3333333333333333,0.0,-4185.420649501759,5.381466104483,804.735,843.495,3.096057182650789,0.000482544121978484,0.042591148313466595,0.14237932817138965,1.1362450990988577,-4.9862000000000535,0.0,-1.2847430866709815,final_approach,-0.07217961814682994,-1.8162539133441786,-5.178993051105227,
8.033,63.92696824,-22.60536411,950.636,846.578,-1.5439,-1.8197,355.0328,0.1558,0.1529,-0.0184,70.967,71.6,-6.532,120.8222,2.4332,0.0,0.0,0.0,-0.03,860.1,0.0,10.0,270.0,0,8.033,-0.03580114094500303,0.07963935038870926,-0.03,0.07591019329793935,0.6381609923117815,0.3333333333333333,0.0,-4182.042880552023,5.448388331528966,804.136,843.078,3.096058759945571,0.0004052873602469213,0.043140926982422716,0.14556610896965652,1.133705596616636,-4.98720000000003,0.0,-1.2950019298323279,final_approach,-0.07326370742639199,-1.8140850793884642,-5.178992051637515,
8.142,63.92700399,-22.60536248,949.929,845.98,-1.5274,-1.8032,355.0299,0.1485,0.1517,-0.0366,70.83,71.459,-6.5358,120.5855,2.4236,0.0,0.0,0.0,-0.03,856.1,0.0,10.0,270.0,0,8.142,-0.036394827421219744,0.07949957983569547,-0.03,0.07594413203400618,0.6381610106274195,0.3333333333333333,0.0,-4178.057559272338,5.526856978980824,803.429,842.48,3.0960596274335965,0.0003390659011620573,0.04378636572312589,0.14980993263755416,1.1314100601384496,-4.990099999999984,0.0,-1.2915363665698398,final_approach,-0.07459319691982458,-1.8126454543482566,-5.178991501948023,
8.25,63.92703693,-22.60536097,949.275,845.269,-1.5131,-1.788,355.0254,0.1352,0.1502,-0.0558,70.703,71.33,-6.5391,120.3672,2.4159,0.0,0.0,0.0,-0.03,852.6,0.0,10.0,270.0,0,8.25,-0.036947276261468986,0.07936320186942834,-0.03,0.0759967647096692,0.638160818572072,0.3333333333333333,0.0,-4174.385489680793,5.599555723811422,802.775,841.769,3.0960505312092033,0.0002685175343121034,0.04438485556750493,0.15406418128134952,1.129833930479748,-4.994599999999991,0.0,-1.2810263265112978,final_approach,-0.07586202945033094,-1.812187507048428,-5.178997265917761,
8.333,63.92706433,-22.60535972,948.73,844.883,-1.5021,-1.7756,355.0201,0.123,0.1483,-0.0728,70.597,71.222,-6.5419,120.1855,2.4103,0.0,0.0,0.0,-0.03,849.6,0.0,10.0,270.0,0,8.333,-0.037398168400420706,0.07924075396178076,-0.03,0.07605870612403087,0.6381605778360385,0.3333333333333333,0.0,-4171.331005666952,5.659731675731297,802.23,841.383,3.096039129781609,0.00020087017900610667,0.04488080499248871,0.15736304386084768,1.128903215355308,-4.999900000000025,0.0,-1.280670154440729,final_approach,-0.07688788308070116,-1.8123292868302503,-5.179004490889437,
8.458,63.92710263,-22.60535798,947.967,844.212,-1.4892,-1.7583,355.0103,0.0967,0.1464,-0.0967,70.449,71.072,-6.546,119.9313,2.4034,0.0,0.0,0.0,-0.03,845.6,0.0,10.0,270.0,0,8.458,-0.037969513137596445,0.07905442554515707,-0.03,0.07617310196554272,0.6381601436074436,0.3333333333333333,0.0,-4167.061416822986,5.743490405788104,801.467,840.712,3.0960185656382384,0.0001399729580112598,0.04557192793902818,0.162403855503806,1.1280426472440297,-5.009700000000066,0.0,-1.271881958582478,final_approach,-0.07836757259619276,-1.813251923072075,-5.179017522950147,
8.533,63.92713266,-22.60535661,947.366,843.737,-1.481,-1.745,355.0006,0.078,0.1442,-0.1151,70.333,70.953,-6.5494,119.7319,2.3986,0.0,0.0,0.0,-0.03,842.4,0.0,10.0,270.0,0,8.533,-0.038361954911986906,0.07889521977087874,-0.03,0.07628615484335932,0.6381595782917213,0.3333333333333333,0.0,-4163.713746934814,5.809443264619885,800.866,840.237,3.0959917958537506,5.715572170318237e-05,0.046116612569348896,0.16545659180774763,1.1276580303685648,-5.019399999999905,0.0,-1.2968623865901325,final_approach,-0.07942980737319161,-1.8142617189537287,-5.179034489173727,
8.633,63.92716264,-22.60535525,946.766,843.096,-1.475,-1.7318,354.9894,0.0511,0.1439,-0.132,70.217,70.835,-6.5532,119.5327,2.3942,0.0,0.0,0.0,-0.03,839.3,0.0,10.0,270.0,0,8.633,-0.038692338591140074,0.07872021820203214,-0.03,0.0764164725733758,0.6381590129673035,0.3333333333333333,0.0,-4160.371651054258,5.874908131936948,800.266,839.596,3.0959650283337443,3.0172347421536413e-06,0.04665789106276167,0.16957085894133128,1.1274618667907816,-5.0306000000000495,0.0,-1.2844203514455752,final_approach,-0.08060747404954327,-1.8157243431713006,-5.179051455633836,
8.75,63.92720073,-22.60535351,946.001,842.536,-1.4707,-1.715,354.9729,0.0212,0.143,-0.1511,70.07,70.685,-6.5584,119.2795,2.3887,0.0,0.0,0.0,-0.03,835.5,0.0,10.0,270.0,0,8.75,-0.0389925889034875,0.0784787000900607,-0.03,0.0766080333434419,0.638158073669786,0.3333333333333333,0.0,-4156.1254723249485,5.958675033665667,799.501,839.036,3.0959205594937176,-6.083156367888085e-05,0.047351028009672745,0.17444960286859185,1.127256125235732,-5.0471,0.0,-1.2818739791696405,final_approach,-0.08207150536428642,-1.81759938701021,-5.179079645683306,
8.842,63.92723331,-22.60535203,945.345,841.856,-1.4695,-1.7007,354.9571,-0.0011,0.1418,-0.1651,69.944,70.557,-6.5632,119.0629,2.3841,0.0,0.0,0.0,-0.03,832.2,0.0,10.0,270.0,0,8.842,-0.039160480024990896,0.07825376365861231,-0.03,0.0767909920417934,0.6381571328247432,0.3333333333333333,0.0,-4152.493534872494,6.029917975276457,798.845,838.356,3.0958760247899284,-0.00013137178094468026,0.0479413141069643,0.17832522498430223,1.1271299258226577,-5.0628999999999,0.0,-1.2898459099170545,final_approach,-0.08328675673437047,-1.8192222002304668,-5.179107882109221,
8.933,63.92726313,-22.60535068,944.744,841.476,-1.4705,-1.6877,354.9416,-0.0219,0.1428,-0.1754,69.829,70.439,-6.5681,118.8646,2.3796,0.0,0.0,0.0,-0.03,829.2,0.0,10.0,270.0,0,8.933,-0.03923073858253712,0.07802965984233833,-0.03,0.07697002452412727,0.6381562233658844,0.3333333333333333,0.0,-4149.169275441017,6.094899131130412,798.244,837.976,3.0958329827807014,-0.0001883080028513389,0.04848031471679395,0.18219601377441139,1.1268749079879115,-5.078399999999988,0.0,-1.2874723057188107,final_approach,-0.08443391625057473,-1.8205515663978726,-5.179135176515818,
9.042,63.9272983,-22.60534908,944.032,840.735,-1.4739,-1.6721,354.9221,-0.0421,0.1438,-0.1845,69.693,70.301,-6.5742,118.6307,2.3739,0.0,0.0,0.0,-0.03,825.7,0.0,10.0,270.0,0,9.042,-0.03922224579313077,0.077746833197638,-0.03,0.07719462185350368,0.6381548888712381,0.3333333333333333,0.0,-4145.24861118335,6.171920536161925,797.532,837.235,3.0957698375928917,-0.00025347561064782665,0.04911969716242117,0.18688808191506825,1.1263836968172996,-5.0978999999999814,0.0,-1.2838572253824014,final_approach,-0.08580605987500434,-1.8218642051141192,-5.179175226854515,
9.142,63.92733071,-22.60534761,943.374,840.218,-1.4788,-1.6577,354.9033,-0.0564,0.1449,-0.1903,69.568,70.173,-6.5801,118.4151,2.3681,0.0,0.0,0.0,-0.03,822.5,0.0,10.0,270.0,0,9.142,-0.03913376253008838,0.07746947994282088,-0.03,0.07741048373598824,0.638153503075017,0.3333333333333333,0.0,-4141.635624946661,6.242680155610664,796.874,836.718,3.0957042806757356,-0.0003204912041334409,0.049707788814177464,0.19123590052343575,1.1256651384711915,-5.116700000000037,0.0,-1.2807792958021835,final_approach,-0.0870717616667207,-1.8226794671122697,-5.17921681669214,
9.242,63.92736305,-22.60534614,942.716,839.567,-1.485,-1.6431,354.8841,-0.0667,0.1464,-0.1935,69.443,70.045,-6.5862,118.1999,2.3618,0.0,0.0,0.0,-0.03,819.3,0.0,10.0,270.0,0,9.242,-0.038982304494448394,0.07717648489185601,-0.03,0.07763025559959902,0.6381520010923922,0.3333333333333333,0.0,-4138.030442082317,6.313442498776257,796.216,836.067,3.0956332455055318,-0.0003854679537841867,0.05029643845004658,0.19562809136669568,1.12469781345132,-5.135899999999992,0.0,-1.2779811780019834,final_approach,-0.08834321019170943,-1.8231326171787163,-5.179261893293351,
9.333,63.92738996,-22.60534492,942.167,839.211,-1.4908,-1.6308,354.868,-0.0722,0.148,-0.1944,69.339,69.939,-6.5915,118.0208,2.3559,0.0,0.0,0.0,-0.03,816.7,0.0,10.0,270.0,0,9.333,-0.038815636458293445,0.07691935105179912,-0.03,0.07781401091191287,0.6381506275540414,0.3333333333333333,0.0,-4135.030582183192,6.372167706130325,795.667,835.711,3.095568301480132,-0.0004401683962847967,0.05078545933599531,0.19965616295579225,1.1235713221008155,-5.152000000000044,0.0,-1.2656971748069978,final_approach,-0.08944230948042176,-1.8230918025825957,-5.179303114951068,
9.433,63.92742488,-22.60534334,941.453,838.582,-1.4988,-1.6147,354.8469,-0.0764,0.1496,-0.1937,69.204,69.802,-6.5984,117.7884,2.3477,0.0,0.0,0.0,-0.03,813.4,0.0,10.0,270.0,0,9.433,-0.03856111245725563,0.07657194703177853,-0.03,0.07805409664915663,0.6381487115700473,0.3333333333333333,0.0,-4131.137787452132,6.448218964693106,794.953,835.082,3.095477735641004,-0.0005177500621175691,0.05141942211774347,0.2041325846243806,1.1218398869325767,-5.173099999999977,0.0,-1.2733610680063667,final_approach,-0.09078295102667155,-1.822509511442325,-5.17936061586127,
9.533,63.92745706,-22.60534188,940.793,837.918,-1.5065,-1.5996,354.8276,-0.0764,0.1518,-0.1914,69.08,69.675,-6.6048,117.5742,2.3393,0.0,0.0,0.0,-0.03,810.3,0.0,10.0,270.0,0,9.533,-0.038291858544245716,0.07623827162141651,-0.03,0.07827296865882516,0.6381467757704299,0.3333333333333333,0.0,-4127.550441036075,6.518497596743436,794.293,834.418,3.0953862641734977,-0.0005839108309416582,0.05200580314225006,0.20865272298985765,1.119827742756911,-5.192399999999907,0.0,-1.2703282436421477,final_approach,-0.09206586324533461,-1.8214229267383715,-5.179418711176286,
9.65,63.92749185,-22.60534031,940.077,837.336,-1.5147,-1.583,354.8071,-0.0732,0.1541,-0.1875,68.946,69.537,-6.6118,117.3427,2.3295,0.0,0.0,0.0,-0.03,807.0,0.0,10.0,270.0,0,9.65,-0.037986038559356894,0.07586131925802157,-0.03,0.0785046818048728,0.6381444751371991,0.3333333333333333,0.0,-4123.672138451662,6.59406397680941,793.577,833.836,3.0952775938987878,-0.0006413933202433386,0.05263711160561443,0.21399751942805414,1.1172926365883313,-5.2128999999999905,0.0,-1.2589619619746015,final_approach,-0.09350110469576478,-1.819784052535768,-5.179487755146365,
9.742,63.92752123,-22.60533899,939.471,836.765,-1.5213,-1.5689,354.7901,-0.0699,0.1546,-0.1835,68.832,69.421,-6.6176,117.1471,2.3207,0.0,0.0,0.0,-0.03,804.2,0.0,10.0,270.0,0,9.742,-0.03772189166378992,0.07553073055128194,-0.03,0.07869623376741552,0.6381424177493284,0.3333333333333333,0.0,-4120.396929298307,6.657592442461468,792.971,833.265,3.0951804505279026,-0.0007104788010817262,0.053168488297824,0.2182327612918746,1.114888749079796,-5.229900000000043,0.0,-1.2571590958662422,final_approach,-0.09467938865399717,-1.8179577736532337,-5.179549498772417,
9.833,63.92755323,-22.60533755,938.809,836.246,-1.528,-1.5533,354.7719,-0.062,0.1575,-0.1786,68.709,69.295,-6.624,116.9341,2.3105,0.0,0.0,0.0,-0.03,801.1,0.0,10.0,270.0,0,9.833,-0.03743141790557564,0.07515836784540432,-0.03,0.07890070297606999,0.6381400107429941,0.6666666666666666,0.0,-4116.829649038097,6.726898204152705,792.309,832.746,3.09506684383049,-0.0008001365419500856,0.05374869884188707,0.2224619201772343,1.111959578233325,-5.248100000000022,0.0,-1.2657490282100616,final_approach,-0.0959213006420363,-1.8154435017599013,-5.179621734278335,
9.942,63.92758783,-22.605336,938.092,835.612,-1.5343,-1.5363,354.7529,-0.0575,0.1521,-0.1722,68.574,69.157,-6.6105,116.7014,2.2984,0.0,0.0,0.0,-0.03,797.9,0.0,10.0,270.0,0,9.942,-0.03712490560678111,0.07508799184694306,-0.03,0.07911349264032796,0.6381373023749768,0.6666666666666666,0.0,-4112.972527376218,6.801492102986583,791.592,832.112,3.094939070729405,-0.0008621521658221905,0.05437395963440391,0.22758040346740704,1.1082777847294096,-5.267100000000028,0.0,-1.2632747629265824,final_approach,-0.09732300845720232,-1.8120456848999336,-5.179703013274647,
10.033,63.92761705,-22.6053347,937.488,835.013,-1.5397,-1.5228,354.7374,-0.0597,0.1401,-0.1658,68.455,69.037,-6.5611,116.4992,2.2871,0.0,0.0,0.0,-0.03,795.1,0.0,10.0,270.0,0,10.033,-0.03683235879125918,0.07566366748118747,-0.03,0.07928657887392077,0.638135135769662,0.6666666666666666,0.0,-4109.715154842963,6.864046920198787,790.988,831.513,3.0948369001270293,-0.0009055857835621353,0.05489900003714957,0.23188588524693649,1.1046802235580913,-5.282600000000002,0.0,-1.267312721541649,final_approach,-0.09850087972574073,-1.8084396483755576,-5.1797680333940015,
10.142,63.92765152,-22.60533317,936.782,834.405,-1.604,-1.5089,354.7199,-1.0667,0.1071,-0.1537,68.317,68.899,-6.4682,116.2659,2.2703,0.0,0.0,0.0,-0.03,931.0,0.0,10.0,270.0,0,10.142,-0.03414204102802387,0.07694251352169608,-0.03,0.0794814525111236,0.6381331155806396,0.6666666666666666,0.0,-4105.872525499542,6.937666003037206,790.282,830.905,3.0947416690070457,-0.0009002681529432963,0.05551758859208639,0.2370947836870767,1.098660580702898,-5.300099999999929,0.0,-1.2671983873898272,final_approach,-0.09990401194326992,-1.8015592034729124,-5.1798286592172005,
10.242,63.92768328,-22.60533178,936.141,833.966,-1.7302,-1.5006,354.7053,-1.4229,0.0522,-0.1371,68.198,68.78,-6.3585,116.0652,2.2467,0.0,0.0,0.0,-0.03,1054.2,0.0,10.0,270.0,0,10.242,-0.028822887446507572,0.07855910314354045,-0.03,0.07964358904116786,0.638132038689408,0.6666666666666666,0.0,-4102.332000511524,7.0045314175059525,789.641,830.466,3.094690918429096,-0.0008348077573692432,0.05608039977739118,0.24191250771919232,1.08894870663201,-5.3146999999999025,0.0,-1.2601803521725683,final_approach,-0.10118949301215352,-1.7889987893279589,-5.179860976569241,
10.333,63.92771235,-22.60533052,935.563,833.347,-1.8637,-1.4983,354.6933,-1.4519,-0.013,-0.1245,68.101,68.682,-6.2445,115.9014,2.2157,0.0,0.0,0.0,-0.03,1152.6,0.0,10.0,270.0,0,10.333,-0.022969611651280253,0.08030761473397172,-0.03,0.07977654944014312,0.6381317748171285,0.6666666666666666,0.0,-4099.091350172931,7.06513232250129,789.063,829.847,3.0946784843972654,-0.0007184460832113242,0.05659121522823249,0.24632850703154655,1.075196406682835,-5.32669999999996,0.0,-1.242521598878154,final_approach,-0.10236111186890895,-1.770241863308529,-5.179868895325139,
10.442,63.92774665,-22.60532906,934.895,832.892,-2.0136,-1.5039,354.6802,-1.281,-0.0964,-0.1184,68.003,68.584,-6.0992,115.736,2.1672,0.0,0.0,0.0,-0.03,1252.6,0.0,10.0,270.0,0,10.442,-0.016001011535859422,0.08260369924124478,-0.03,0.079921386027343,0.6381326259246847,0.6666666666666666,0.0,-4095.2676730713983,7.135328459576569,788.395,829.392,3.0947185918392717,-0.000537378705418885,0.057184048650106525,0.25166657475886023,1.0527595845047415,-5.339799999999968,0.0,-1.2112998688717154,final_approach,-0.10374491259997853,-1.7388423666470736,-5.17984335373346,
10.542,63.92777828,-22.60532774,934.292,832.345,-2.1302,-1.5171,354.6682,-1.0114,-0.1757,-0.1237,67.929,68.509,-5.9592,115.6109,2.1121,0.0,0.0,0.0,-0.03,1333.3,0.0,10.0,270.0,0,10.542,-0.01010816588293878,0.08486849962471699,-0.03,0.08005377489912613,0.6381344933572451,0.6666666666666666,0.0,-4091.741641256941,7.198769371599573,787.792,828.845,3.0948066133402006,-0.0003011130863008984,0.05772094540403121,0.2565997807167338,1.0266223810876056,-5.351799999999912,0.0,-1.1684544262470125,final_approach,-0.10500930641484985,-1.701728556308538,-5.179787312208774,
10.642,63.92780724,-22.60532656,933.752,831.833,-2.2113,-1.5362,354.6563,-0.7226,-0.2488,-0.1383,67.875,68.454,-5.8286,115.5188,2.0543,0.0,0.0,0.0,-0.03,1398.1,0.0,10.0,270.0,0,10.642,-0.005496292705286843,0.08701668920654952,-0.03,0.08018479041272109,0.6381372117856507,0.6666666666666666,0.0,-4088.513254727975,7.255455058569752,787.252,828.333,3.094934798031483,-3.728641978008811e-05,0.05820175552938521,0.26156462366728317,0.9987979325586025,-5.363699999999994,0.0,-1.1113222056791043,final_approach,-0.1062034055652532,-1.661971897291858,-5.179705731879803,
10.733,63.92783882,-22.60532531,933.176,831.335,-2.27,-1.5642,354.6414,-0.4209,-0.3192,-0.1636,67.83,68.407,-5.686,115.4409,1.9852,0.0,0.0,0.0,-0.03,1459.6,0.0,10.0,270.0,0,10.733,-0.0014364899952369892,0.08939028821400516,-0.03,0.08034845552050529,0.6381412486523342,0.6666666666666666,0.0,-4084.9927979472573,7.3154683553028885,786.676,827.835,3.0951252650963306,0.00031776876162574523,0.05871210786666493,0.266114012791359,0.9651999696542646,-5.378600000000006,0.0,-1.0552479592087773,final_approach,-0.10738947967631063,-1.6135562247534363,-5.179584584033648,
10.833,63.92787037,-22.6053241,932.614,830.815,-2.2989,-1.5991,354.6236,-0.136,-0.3856,-0.1964,67.797,68.373,-5.5446,115.3841,1.9118,0.0,0.0,0.0,-0.03,1512.8,0.0,10.0,270.0,0,10.833,0.0015938322209559375,0.09176069499673671,-0.03,0.08054342124898195,0.638146404434335,0.6666666666666666,0.0,-4081.4756861522615,7.373523070292154,786.114,827.315,3.0953687211585046,0.000670567404978154,0.05920720920026872,0.2711476870020813,0.9292473314939684,-5.396399999999971,0.0,-0.9893163265534352,final_approach,-0.10861017466071488,-1.561642106021834,-5.179429855317341,
10.933,63.92790192,-22.60532294,932.066,830.396,-2.301,-1.6401,354.6023,0.1116,-0.4357,-0.2347,67.777,68.351,-5.4219,115.3482,1.8364,0.0,0.0,0.0,-0.03,1558.0,0.0,10.0,270.0,0,10.933,0.003651110935877666,0.09382472844953983,-0.03,0.08077592996488236,0.6381527280819774,0.6666666666666666,0.0,-4077.95857521316,7.429128098831413,785.566,826.896,3.0956676255965956,0.0010569802343001246,0.059683118890833976,0.27621217326782443,0.8920998963351394,-5.417699999999968,0.0,-0.9175602968667557,final_approach,-0.10980907359808256,-1.5078748766259729,-5.17924007533972,
11.042,63.92793608,-22.60532173,931.483,829.951,-2.2774,-1.689,354.5746,0.3337,-0.4683,-0.2797,67.771,68.341,-5.338,115.3337,1.7553,0.0,0.0,0.0,-0.03,1599.1,0.0,10.0,270.0,0,11.042,0.004870300988003784,0.09524414794564488,-0.03,0.08107700658591954,0.6381604372163946,0.6666666666666666,0.0,-4074.150509130241,7.487081251610612,784.983,826.451,3.0960324701611937,0.0014386831686416417,0.060180827871643285,0.28176831260962715,0.8519352438272279,-5.445400000000063,0.0,-0.8391498945661083,final_approach,-0.11109222178808409,-1.4496825628685492,-5.179008711165217,
11.133,63.92796499,-22.60532075,930.995,829.421,-2.2406,-1.7325,354.5474,0.4791,-0.4811,-0.3177,67.776,68.343,-5.2992,115.3371,1.6881,0.0,0.0,0.0,-0.03,1628.2,0.0,10.0,270.0,0,11.133,0.005215594489951181,0.0959146327213902,-0.03,0.08137122323936696,0.6381674122854841,0.6666666666666666,0.0,-4070.9276998590713,7.533970138590088,784.495,825.921,3.0963630031529368,0.0018042744202840222,0.06058511036451863,0.28642686043788246,0.8185341731890503,-5.472600000000057,0.0,-0.7578685355196435,final_approach,-0.11215092718751052,-1.4012478183952393,-5.178799373616908,
11.242,63.92799916,-22.60531964,930.422,828.945,-2.1822,-1.7846,354.5108,0.5996,-0.4782,-0.3594,67.79,68.353,-5.283,115.3559,1.6112,0.0,0.0,0.0,-0.03,1657.1,0.0,10.0,270.0,0,11.242,0.004976503265602672,0.09621939513328472,-0.03,0.08176488538538129,0.6381759729439603,0.6666666666666666,0.0,-4067.1185207196695,7.5870235293417245,783.922,825.445,3.096769233208131,0.002124708890289208,0.06104437969269806,0.29204001356479564,0.7802101117460438,-5.509199999999964,0.0,-0.6772949989294426,final_approach,-0.11338988827084151,-1.345678992272365,-5.178542443869802,
11.333,63.92802807,-22.60531873,929.937,828.645,-2.1244,-1.8278,354.4766,0.6601,-0.463,-0.3897,67.81,68.369,-5.2887,115.383,1.5485,0.0,0.0,0.0,-0.03,1677.3,0.0,10.0,270.0,0,11.333,0.004382556648279579,0.09616616453523032,-0.03,0.08213041512022767,0.6381832000939043,0.6666666666666666,0.0,-4063.895712644851,7.6304828553949635,783.437,825.145,3.0971126662098176,0.0023995889134946534,0.06142184620770512,0.29674354686188353,0.7488930651482235,-5.54340000000002,0.0,-0.5957427063194771,final_approach,-0.11441835676825818,-1.300270051621954,-5.178325532148019,
11.442,63.92806226,-22.60531771,929.362,828.116,-2.051,-1.8766,354.4329,0.6923,-0.4348,-0.4171,67.839,68.394,-5.3121,115.4264,1.4773,0.0,0.0,0.0,-0.03,1696.8,0.0,10.0,270.0,0,11.442,0.0033984931482919922,0.09583215365426505,-0.03,0.08259421541865564,0.638191630861669,0.6666666666666666,0.0,-4060.0843055104697,7.679126032316633,782.862,824.616,3.0975138552831383,0.0026130963779437883,0.061846517727818344,0.3024066490739509,0.713267552982785,-5.587099999999964,0.0,-0.517397456120295,final_approach,-0.1156173926113837,-1.24863218092438,-5.1780724906499955,
11.533,63.92809119,-22.60531688,928.874,827.74,-1.9874,-1.9151,354.394,0.6916,-0.404,-0.4321,67.869,68.42,-5.342,115.4714,1.4195,0.0,0.0,0.0,-0.03,1710.0,0.0,10.0,270.0,0,11.533,0.0024370831729476072,0.09538975304873643,-0.03,0.08300398438705725,0.6381986448872773,0.6666666666666666,0.0,-4056.859269268858,7.718665081864497,782.374,824.24,3.0978480886699966,0.002789729375133272,0.06219315306711683,0.30714892583420084,0.6843065422150403,-5.625999999999976,0.0,-0.44039129377569136,final_approach,-0.1166096310820528,-1.2066613622244144,-5.17786196717951,
11.642,63.9281254,-22.60531595,928.292,827.132,-1.9135,-1.9569,354.3467,0.6691,-0.3636,-0.439,67.909,68.456,-5.3847,115.5328,1.354,0.0,0.0,0.0,-0.03,1722.2,0.0,10.0,270.0,0,11.642,0.0012681490256603034,0.0947507662924008,-0.03,0.08349831291221088,0.6382065320711038,0.6666666666666666,0.0,-4053.045634138705,7.762898044955922,781.792,823.632,3.0982244332185838,0.0029002248593804005,0.06258312395567014,0.31285451191483793,0.6514537686919368,-5.6732999999999265,0.0,-0.3669945873356942,final_approach,-0.11776776308974135,-1.1590793982825254,-5.177625231680462,
11.733,63.92815437,-22.60531519,927.797,826.753,-1.8534,-1.9887,354.3065,0.6362,-0.3271,-0.4355,67.946,68.49,-5.4243,115.5905,1.3007,0.0,0.0,0.0,-0.03,1730.1,0.0,10.0,270.0,0,11.733,0.0003136471559260223,0.09415672148625609,-0.03,0.08391504768460001,0.6382130354059216,0.6666666666666666,0.0,-4049.816140025118,7.799005977069009,781.297,823.253,3.09853514850432,0.0029859296643851793,0.0629028030210889,0.31762967497028205,0.6247024207018228,-5.713499999999954,0.0,-0.2966684060694208,final_approach,-0.1187282133149381,-1.1203453792810993,-5.177430029122412,
11.833,63.92818598,-22.60531439,927.252,826.344,-1.7917,-2.0195,354.2635,0.5931,-0.2872,-0.422,67.989,68.53,-5.4686,115.6581,1.2447,0.0,0.0,0.0,-0.03,1736.4,0.0,10.0,270.0,0,11.833,-0.0006365075829045663,0.09349436905527922,-0.03,0.08435735273319844,0.6382197287476986,0.6666666666666666,0.0,-4046.2923466378834,7.836970928541841,780.752,822.844,3.0988553232772413,0.003021899341856559,0.0632403785796261,0.3228949472450104,0.596587197229411,-5.75649999999996,0.0,-0.23060764188128569,final_approach,-0.11976759814522353,-1.0796675005072327,-5.1772291199801685,
11.942,63.92822025,-22.60531357,926.656,825.891,-1.7298,-2.0485,354.219,0.5456,-0.2462,-0.3972,68.038,68.575,-5.5157,115.7358,1.1864,0.0,0.0,0.0,-0.03,1741.1,0.0,10.0,270.0,0,11.942,-0.0015353333272819514,0.09279573278022056,-0.03,0.0848113196924617,0.6382265632232001,0.6666666666666666,0.0,-4042.4720247840883,7.875812246818251,780.156,822.391,3.099182649882499,0.003018748847965285,0.06358802164447751,0.32865285662926824,0.5673146594627383,-5.800999999999931,0.0,-0.16877592130993244,final_approach,-0.12087589207664706,-1.037339689110853,-5.177023970991694,
12.042,63.92825191,-22.60531285,926.102,825.282,-1.6772,-2.0715,354.1806,0.5031,-0.2105,-0.3659,68.085,68.619,-5.5567,115.8104,1.1344,0.0,0.0,0.0,-0.03,1743.7,0.0,10.0,270.0,0,12.042,-0.0022326213250704607,0.09219560883861061,-0.03,0.08519997295396009,0.6382325997206275,0.6666666666666666,0.0,-4038.9426589284203,7.909855754404163,779.602,821.782,3.09947209659765,0.0029980352318895328,0.06389466053919106,0.33394681316108976,0.5412125822606697,-5.839399999999955,0.0,-0.11070538300903202,final_approach,-0.12187777170924363,-0.9996046033090664,-5.176842771766449,
12.133,63.92828094,-22.60531222,925.591,824.848,-1.6325,-2.0895,354.1485,0.4679,-0.18,-0.3313,68.128,68.66,-5.5915,115.8805,1.0884,0.0,0.0,0.0,-0.03,1744.8,0.0,10.0,270.0,0,12.133,-0.0027734141714191862,0.09169175326077675,-0.03,0.08552266722853052,0.6382378876736303,0.6666666666666666,0.0,-4035.7064784340237,7.939592167052775,779.091,821.348,3.0997259124771794,0.0029632269414639014,0.06416414183609374,0.3387727780682523,0.5181310293208412,-5.871499999999969,0.0,-0.05768421432388855,final_approach,-0.1227778469998313,-0.966248228586478,-5.176684039515525,
12.242,63.92831528,-22.6053115,924.983,824.395,-1.5836,-2.1073,354.1148,0.4345,-0.1481,-0.285,68.18,68.71,-5.6281,115.9645,1.036,0.0,0.0,0.0,-0.03,1744.9,0.0,10.0,270.0,0,12.242,-0.00330457200845663,0.0911751700154393,-0.03,0.0858592922821878,0.6382438544594722,0.6666666666666666,0.0,-4031.87835491888,7.973531388537983,778.483,820.895,3.1000126057725836,0.002907724737770684,0.06447323545077381,0.3445694863054054,0.4918536144700454,-5.9051999999999225,0.0,-0.009070720277758682,final_approach,-0.12383975148689075,-0.9283191560234361,-5.176504927685084,
12.342,63.92834435,-22.60531092,924.466,823.956,-1.5447,-2.1199,354.0905,0.4127,-0.1246,-0.2428,68.224,68.752,-5.6551,116.036,0.9932,0.0,0.0,0.0,-0.03,1744.2,0.0,10.0,270.0,0,12.342,-0.0036917584020559335,0.09080502128504297,-0.03,0.08610065183758553,0.638248717917286,0.6666666666666666,0.0,-4028.6377162096737,8.000816558053158,777.966,820.456,3.1002465176220877,0.0028129570306489942,0.06472346106239092,0.3498932674572931,0.47040624080136695,-5.929499999999962,0.0,0.031753890656580366,final_approach,-0.1247707012631345,-0.8974507514509948,-5.176358933696612,
12.433,63.92837609,-22.60531031,923.899,823.403,-1.5042,-2.1313,354.0683,0.3966,-0.1029,-0.1952,68.272,68.798,-5.6803,116.114,0.9484,0.0,0.0,0.0,-0.03,1742.6,0.0,10.0,270.0,0,12.433,-0.00407388172651546,0.0904730849606759,-0.03,0.08632014889123074,0.6382538234821614,0.6666666666666666,0.0,-4025.099434096201,8.029467642569784,777.399,819.903,3.1004922981753458,0.002794278392313871,0.06498770283550222,0.3547458055040366,0.44797207011521323,-5.95169999999996,0.0,0.0768192212762141,final_approach,-0.12566687611946392,-0.8650381732213379,-5.176205670054671,
12.542,63.92841049,-22.60530969,923.282,822.926,-1.4618,-2.1414,354.0498,0.3861,-0.0827,-0.1435,68.323,68.847,-5.7025,116.1979,0.9022,0.0,0.0,0.0,-0.03,1740.2,0.0,10.0,270.0,0,12.542,-0.004483642262650522,0.0901975064137529,-0.03,0.08650233016296172,0.6382591557218609,0.6666666666666666,0.0,-4021.264623687187,8.058505156565124,776.782,819.426,3.1007492368859255,0.0027214379730746267,0.06525807295677681,0.3605700256963273,0.4248549720682604,-5.970199999999977,0.0,0.11237110191080993,final_approach,-0.1266808871438947,-0.831767848429946,-5.176045599743887,
12.65,63.92843433,-22.60530927,922.854,822.62,-1.433,-2.1472,354.0402,0.382,-0.071,-0.1087,68.357,68.881,-5.7149,116.2553,0.8716,0.0,0.0,0.0,-0.03,1738.3,0.0,10.0,270.0,0,12.65,-0.004787156131630499,0.09005404385883439,-0.03,0.08659660476354791,0.6382628200664577,0.6666666666666666,0.0,-4018.6070110568407,8.078154843125771,776.354,819.12,3.100925952756186,0.0025405746538902426,0.06544177794283558,0.36633968562164676,0.40955517533208763,-5.979799999999955,0.0,0.13077507581117895,final_approach,-0.12757459522806158,-0.8100794416844863,-5.175935597279146,
12.733,63.92846877,-22.6053087,922.234,822.019,-1.3916,-2.1541,354.0308,0.3828,-0.0579,-0.0611,68.406,68.93,-5.729,116.3371,0.8298,0.0,0.0,0.0,-0.03,1735.1,0.0,10.0,270.0,0,12.733,-0.005246743184508296,0.08991074473429285,-0.03,0.0866887413225026,0.6382679768853319,0.6666666666666666,0.0,-4014.7677424330172,8.104741114161733,775.734,818.519,3.101174846613126,0.0026169324062339295,0.0656928156821042,0.37077864952637485,0.38866784186504333,-5.9891999999999825,0.0,0.17255565489954547,final_approach,-0.12840665937883955,-0.7798812667066315,-5.1757807894671295,
12.833,63.92850059,-22.60530819,921.66,821.613,-1.3532,-2.1594,354.0266,0.3842,-0.048,-0.0211,68.451,68.973,-5.7382,116.4112,0.7938,0.0,0.0,0.0,-0.03,1732.0,0.0,10.0,270.0,0,12.833,-0.005746447574382307,0.08984201741827216,-0.03,0.08672985306541536,0.6382726487504068,0.6666666666666666,0.0,-4011.2205438907185,8.128489712759885,775.16,818.113,3.1014005388800023,0.0025569307833219214,0.06591838796522989,0.3761345594911432,0.3706899410757103,-5.993400000000065,0.0,0.19777786809048467,final_approach,-0.1293087670074229,-0.7541650693474136,-5.175640538219966,
12.95,63.92853774,-22.60530762,920.99,821.003,-1.3082,-2.1645,354.0264,0.3879,-0.0392,0.0198,68.501,69.023,-5.7449,116.4957,0.7551,0.0,0.0,0.0,-0.03,1728.1,0.0,10.0,270.0,0,12.95,-0.006417201219283797,0.08982410849545103,-0.03,0.08673180990991702,0.638278119876644,0.6666666666666666,0.0,-4007.079173304987,8.154970530139263,774.49,817.503,3.1016650906462733,0.0025076300206755887,0.0661719227641814,0.38240974967253694,0.35137368361156973,-5.993600000000015,0.0,0.2186481007504886,final_approach,-0.13035154670547655,-0.7266408690945312,-5.175476290709579,
13.042,63.9285696,-22.60530716,920.415,820.476,-1.2691,-2.1681,354.0298,0.3925,-0.0339,0.0491,68.542,69.065,-5.7476,116.5662,0.725,0.0,0.0,0.0,-0.03,1724.6,0.0,10.0,270.0,0,13.042,-0.007086176578642245,0.08985568868528028,-0.03,0.08669853295096264,0.6382827823249527,0.6666666666666666,0.0,-4003.5275165478783,8.176267885952097,773.915,816.976,3.10189075134839,0.0024984973036733804,0.06637812340787957,0.3873438137937328,0.3363546252942058,-5.990199999999959,0.0,0.23928483467435385,final_approach,-0.1311804870574811,-0.7052642228846686,-5.175336318536672,
13.133,63.92859882,-22.60530675,919.889,820.017,-1.2332,-2.1711,354.0352,0.3892,-0.0306,0.0711,68.579,69.102,-5.748,116.6293,0.6999,0.0,0.0,0.0,-0.03,1721.5,0.0,10.0,270.0,0,13.133,-0.007768469673677447,0.08991770570296005,-0.03,0.08664563500599343,0.6382871734217207,0.6666666666666666,0.0,-4000.2701592362296,8.195218284732475,773.389,816.517,3.1021034575398745,0.0024716528656697242,0.06656269154190542,0.39222607582220514,0.3238315646667047,-5.98479999999995,0.0,0.25449470484880543,final_approach,-0.13197508499688482,-0.6875940357564687,-5.1752044911328845,
13.233,63.92863072,-22.60530632,919.314,819.467,-1.1945,-2.174,354.0432,0.3847,-0.0284,0.0897,68.619,69.142,-5.7466,116.6965,0.6754,0.0,0.0,0.0,-0.03,1718.1,0.0,10.0,270.0,0,13.233,-0.008571292386888973,0.0900146922903923,-0.03,0.08656716323746194,0.6382919081912436,0.6666666666666666,0.0,-3996.7140439222717,8.21504427206161,772.814,815.967,3.1023330062201766,0.002442291855228292,0.06675737370392575,0.3975943929398571,0.31160495308020586,-5.976799999999912,0.0,0.26772245895346464,final_approach,-0.13283790945889962,-0.6704716816436047,-5.1750623444951245,
13.333,63.92866263,-22.6053059,918.739,818.992,-1.1563,-2.1767,354.0529,0.3778,-0.0272,0.1027,68.656,69.181,-5.7437,116.7619,0.6539,0.0,0.0,0.0,-0.03,1714.7,0.0,10.0,270.0,0,13.333,-0.009435852423368751,0.09013027458562185,-0.03,0.08647184897724003,0.6382966628979846,0.6666666666666666,0.0,-3993.1568140126487,8.234379932938879,772.239,815.492,3.1025637255324057,0.002419775399738688,0.06694827641833903,0.40296390593855813,0.30086938076078695,-5.967099999999959,0.0,0.2770204172304281,final_approach,-0.13369589092794243,-0.655587408901944,-5.174919597576338,
13.45,63.92869723,-22.60530547,918.117,818.486,-1.1159,-2.1796,354.0645,0.3669,-0.0267,0.1109,68.696,69.221,-5.7391,116.8308,0.634,0.0,0.0,0.0,-0.03,1711.2,0.0,10.0,270.0,0,13.45,-0.010431391614429408,0.09027862796524966,-0.03,0.08635762429733784,0.6383019440394931,0.6666666666666666,0.0,-3989.299711505051,8.25410085591304,771.617,814.986,3.1028202301711416,0.002381870723052818,0.06714536447264621,0.40924835434869733,0.29092115811644703,-5.955500000000029,0.0,0.28291677401677795,final_approach,-0.13466537264050515,-0.6420566100573488,-5.174761043879247,
13.542,63.92872918,-22.60530507,917.543,817.999,-1.0794,-2.1822,354.0757,0.3574,-0.0262,0.1134,68.731,69.258,-5.734,116.8926,0.6185,0.0,0.0,0.0,-0.03,1708.1,0.0,10.0,270.0,0,13.542,-0.011395649316884637,0.09042527146099284,-0.03,0.08624708979124185,0.6383068542338807,0.6666666666666666,0.0,-3985.7380228675584,8.27245508580554,771.043,814.499,3.1030589455854827,0.0024173477299734725,0.06732871918250846,0.4141875682268188,0.28315955779117985,-5.944299999999998,0.0,0.29178204752513054,final_approach,-0.13546480399877936,-0.6315641195529196,-5.174613625068844,
13.642,63.92875848,-22.60530472,917.018,817.525,-1.0475,-2.1846,354.0861,0.3359,-0.0274,0.1121,68.762,69.291,-5.7287,116.9478,0.6068,0.0,0.0,0.0,-0.03,1705.4,0.0,10.0,270.0,0,13.642,-0.012296512253200664,0.09056727074036193,-0.03,0.08614423197169452,0.638311475153647,0.6666666666666666,0.0,-3982.47174844221,8.288462747966639,770.518,814.025,3.1032837984950645,0.0023892112909476484,0.06749031779658493,0.41955597477905454,0.27728448943904027,-5.933899999999994,0.0,0.29343822502285144,final_approach,-0.13628406527944392,-0.6239443152024435,-5.174474889465497,
13.733,63.92879047,-22.60530435,916.445,817.036,-1.0149,-2.1874,354.0971,0.3126,-0.0285,0.1072,68.795,69.325,-5.7226,117.0066,0.5966,0.0,0.0,0.0,-0.03,1702.5,0.0,10.0,270.0,0,13.733,-0.01326285293074464,0.09072502835081234,-0.03,0.08603521100776113,0.6383165401668122,0.6666666666666666,0.0,-3978.905601247867,8.305345609375436,769.945,813.536,3.1035304853880215,0.0024428169053811425,0.06766208116320865,0.42444057104141014,0.27214049319604783,-5.922900000000027,0.0,0.2997290557150806,final_approach,-0.13706206006594712,-0.6173639175507706,-5.174322818800004,
13.842,63.92882513,-22.60530394,915.825,816.489,-0.9825,-2.1905,354.1083,0.2835,-0.0299,0.0989,68.83,69.362,-5.7158,117.0686,0.5882,0.0,0.0,0.0,-0.03,1699.6,0.0,10.0,270.0,0,13.842,-0.01428005113593267,0.09089659739390334,-0.03,0.08592396599622198,0.638322099960863,0.6666666666666666,0.0,-3975.041810478236,8.324084323110558,769.325,812.989,3.103801541282485,0.0024501393087096863,0.06785201879988643,0.43029430701581395,0.2678747496838412,-5.911699999999996,0.0,0.30167195223472426,final_approach,-0.13797346744894057,-0.6123081516710958,-5.174155890695552,
13.933,63.92885448,-22.60530361,915.302,816.194,-0.9576,-2.1933,354.117,0.2558,-0.0311,0.0899,68.858,69.392,-5.7101,117.1198,0.5831,0.0,0.0,0.0,-0.03,1697.4,0.0,10.0,270.0,0,13.933,-0.01510316705466247,0.09103710204854873,-0.03,0.08583738410885566,0.6383269774401567,0.6666666666666666,0.0,-3971.769962558332,8.33911016498583,768.802,812.694,3.104039566777914,0.0024777268880809395,0.06800615384800791,0.435177640951368,0.26525401340813914,-5.90300000000002,0.0,0.30221925727632876,final_approach,-0.1387281021718465,-0.6094954493261806,-5.1740094465624935,
14.042,63.92888918,-22.60530321,914.683,815.598,-0.9316,-2.1967,354.1262,0.2226,-0.0323,0.0779,68.891,69.427,-5.7036,117.1789,0.5791,0.0,0.0,0.0,-0.03,1694.8,0.0,10.0,270.0,0,14.042,-0.01600649027806411,0.0911979712854149,-0.03,0.0857456661609155,0.6383326927552362,0.6666666666666666,0.0,-3967.901712889811,8.357357384886987,768.183,812.098,3.104318759101137,0.00249167198352776,0.06819250674765671,0.44102947875807264,0.26315435454628755,-5.893800000000056,0.0,0.3022677151219346,final_approach,-0.13963457290098802,-0.6076969836095678,-5.173837844464643,
14.15,63.92892122,-22.60530285,914.113,815.065,-0.9107,-2.1999,354.1334,0.1908,-0.0331,0.0662,68.92,69.459,-5.6978,117.2322,0.5772,0.0,0.0,0.0,-0.03,1692.7,0.0,10.0,270.0,0,14.15,-0.01677876454729499,0.09133968993447465,-0.03,0.08567377213653526,0.6383381013596346,0.6666666666666666,0.0,-3964.3299920298923,8.373748363334826,767.613,811.565,3.1045832474808583,0.002484554399423055,0.06836102218122304,0.4468247630301157,0.2620970408133303,-5.886600000000044,0.0,0.2991996063398027,final_approach,-0.1405111626258133,-0.6074245810337935,-5.173675449036239,
14.242,63.92895328,-22.60530249,913.544,814.56,-0.8928,-2.2031,354.1395,0.163,-0.033,0.0545,68.948,69.49,-5.6925,117.2844,0.5767,0.0,0.0,0.0,-0.03,1690.7,0.0,10.0,270.0,0,14.242,-0.017473422481587342,0.09147048384477051,-0.03,0.08561278308950859,0.6383436285693709,0.6666666666666666,0.0,-3960.7560416350175,8.39013856370218,767.044,811.06,3.1048538169002815,0.0025606239912278348,0.06852972464624872,0.4517592350909449,0.2617272352446207,-5.880499999999984,0.0,0.2996676263168082,final_approach,-0.1412907578815954,-0.6080422503550071,-5.173509490120036,
14.342,63.92898536,-22.60530213,912.975,814.148,-0.878,-2.2064,354.1444,0.1293,-0.0337,0.0433,68.976,69.52,-5.6875,117.3355,0.5773,0.0,0.0,0.0,-0.03,1688.9,0.0,10.0,270.0,0,14.342,-0.018086763605583034,0.0915954119425267,-0.03,0.08556373952406837,0.638349191844263,0.6666666666666666,0.0,-3957.179861705979,8.406527985815263,766.475,810.648,3.1051264396597293,0.002588224591769594,0.06869861458825936,0.457123232432801,0.2618975213607655,-5.875599999999963,0.0,0.2978796602880128,final_approach,-0.14211912015307604,-0.6095474892646244,-5.17334244595337,
14.433,63.92901477,-22.6053018,912.453,813.762,-0.8674,-2.2095,354.148,0.1001,-0.0342,0.0339,69.001,69.547,-5.6833,117.3815,0.5787,0.0,0.0,0.0,-0.03,1687.4,0.0,10.0,270.0,0,14.433,-0.018561493963909437,0.09170179554820947,-0.03,0.08552767779333947,0.638354265534502,0.6666666666666666,0.0,-3953.9013251812084,8.421551492926895,765.953,810.262,3.1053753234386985,0.0026126849234877503,0.06885358438033075,0.46200230147303156,0.26247039757703305,-5.871999999999957,0.0,0.2957747161459516,final_approach,-0.1428743700782249,-0.6115493255345967,-5.173190100098722,
14.533,63.9290442,-22.60530147,911.933,813.185,-0.8593,-2.2126,354.1508,0.0732,-0.0344,0.0256,69.025,69.574,-5.6794,117.4268,0.5807,0.0,0.0,0.0,-0.03,1686.0,0.0,10.0,270.0,0,14.533,-0.018962665589651262,0.09180092598194202,-0.03,0.08549961237585846,0.6383595395973608,0.6666666666666666,0.0,-3950.6205591222747,8.436574221784255,765.433,809.685,3.105634292551572,0.0026088526243624554,0.06900871483882666,0.46736316528533745,0.2633372615688643,-5.869199999999978,0.0,0.29070428740541143,final_approach,-0.14368425619919734,-0.6140766028871649,-5.173031735635838,
14.642,63.92908166,-22.60530105,911.27,812.744,-0.8524,-2.2166,354.1533,0.0446,-0.0339,0.017,69.056,69.608,-5.6751,117.4834,0.5837,0.0,0.0,0.0,-0.03,1684.3,0.0,10.0,270.0,0,14.642,-0.019351724756117017,0.09191586661233818,-0.03,0.08547454109957653,0.638366164521958,0.6666666666666666,0.0,-3946.4446333132073,8.455693917042476,764.77,809.244,3.105959963699748,0.0026720119701121874,0.06920636674753991,0.4732085730936159,0.26466380208179885,-5.866700000000037,0.0,0.29013150397989174,final_approach,-0.14460487785886755,-0.617463584631345,-5.172832805779617,
14.742,63.92911379,-22.60530068,910.703,812.262,-0.8489,-2.2199,354.1547,0.0221,-0.0336,0.0113,69.081,69.636,-5.6718,117.531,0.5867,0.0,0.0,0.0,-0.03,1683.1,0.0,10.0,270.0,0,14.742,-0.019609281648749033,0.09200485312495296,-0.03,0.08546049588270821,0.638371987513371,0.6666666666666666,0.0,-3942.8628793757603,8.47257133084406,764.203,808.762,3.1062465558674415,0.002704330254582742,0.06937999929130745,0.47856921111243467,0.2660109641338977,-5.865299999999934,0.0,0.28648318543627005,final_approach,-0.14543910449570063,-0.6207513782956617,-5.17265795318459,
14.833,63.92914325,-22.60530035,910.183,811.728,-0.8477,-2.223,354.1555,0.0038,-0.0332,0.0076,69.104,69.662,-5.6692,117.5741,0.5895,0.0,0.0,0.0,-0.03,1682.1,0.0,10.0,270.0,0,14.833,-0.019770324148189966,0.09207892389023671,-0.03,0.08545246833546294,0.6383773197151654,0.6666666666666666,0.0,-3939.578769014393,8.4875928923196,763.683,808.228,3.1065092750321646,0.0027347791768465943,0.06953564523402443,0.48344529488835647,0.2672705723384752,-5.864499999999907,0.0,0.28341628246453754,final_approach,-0.1461949057271532,-0.6237889614167944,-5.172497835723135,
14.942,63.92917808,-22.60529995,909.569,811.271,-0.8482,-2.2265,354.1562,-0.0137,-0.0325,0.0051,69.131,69.691,-5.6664,117.6243,0.5928,0.0,0.0,0.0,-0.03,1681.0,0.0,10.0,270.0,0,14.942,-0.019888003601795212,0.09216099743902274,-0.03,0.0854454432120596,0.6383836920441084,0.6666666666666666,0.0,-3935.6960273702452,8.505835053566758,763.069,807.771,3.106823596902736,0.00275959712836827,0.06972380591786484,0.4892886718286427,0.26875538929877507,-5.863799999999969,0.0,0.28016993151488484,final_approach,-0.14710279629793988,-0.6273951423745157,-5.172306482052491,
15.033,63.92920757,-22.60529961,909.05,810.725,-0.8499,-2.2294,354.1567,-0.0254,-0.0318,0.0045,69.154,69.716,-5.6644,117.6663,0.5954,0.0,0.0,0.0,-0.03,1680.2,0.0,10.0,270.0,0,15.033,-0.01993272985871125,0.09222394710542349,-0.03,0.08544042468417479,0.6383891613711585,0.6666666666666666,0.0,-3932.4085725354244,8.521345384985345,762.55,807.225,3.1070936868963757,0.0027943345916615547,0.06988381500326094,0.4941639233560592,0.2699183196203876,-5.863299999999981,0.0,0.2776769607178237,final_approach,-0.1478642487359103,-0.6302954394316398,-5.172142242000682,
15.133,63.92923975,-22.60529924,908.483,810.237,-0.8529,-2.2325,354.1571,-0.0349,-0.0308,0.0051,69.178,69.743,-5.6623,117.7114,0.5981,0.0,0.0,0.0,-0.03,1679.4,0.0,10.0,270.0,0,15.133,-0.01993419009589531,0.09228926348858628,-0.03,0.08543640951231479,0.6383950783892716,0.6666666666666666,0.0,-3928.8212447613814,8.53822085297678,761.983,806.737,3.107386208369284,0.0028161479478985793,0.07005818400247697,0.4995225286784533,0.27112142769433945,-5.862899999999968,0.0,0.2742517824707497,final_approach,-0.14869921350166493,-0.6333670374856926,-5.171964555516357,
15.233,63.92927194,-22.60529887,907.917,809.772,-0.8567,-2.2355,354.1577,-0.0412,-0.0299,0.007,69.202,69.769,-5.6605,117.7561,0.6006,0.0,0.0,0.0,-0.03,1678.7,0.0,10.0,270.0,0,15.233,-0.019898450099226528,0.09234903126229979,-0.03,0.08543038617194743,0.6384010970948151,0.6666666666666666,0.0,-3925.23280221986,8.555095932015,761.417,806.272,3.107684102961415,0.002843280943466825,0.0702327402767155,0.50488072761053,0.272227296810172,-5.862300000000005,0.0,0.27113798406431844,final_approach,-0.14953437843898243,-0.6362923444040369,-5.17178381262984,
15.333,63.92930414,-22.6052985,907.351,809.409,-0.861,-2.2384,354.1586,-0.0449,-0.029,0.0098,69.225,69.796,-5.6589,117.8003,0.6028,0.0,0.0,0.0,-0.03,1678.1,0.0,10.0,270.0,0,15.333,-0.019833961365867847,0.09240363779409826,-0.03,0.08542134985062155,0.6384071351581065,0.6666666666666666,0.0,-3921.643244910861,8.571970621751888,760.851,805.909,3.1079833075711707,0.0028680751358154464,0.07040748419581515,0.5102385402714098,0.27318766111952186,-5.861400000000003,0.0,0.26739816733119515,final_approach,-0.1503697463040794,-0.6389986311533189,-5.1716024856336915,
15.442,63.92933904,-22.60529809,906.738,808.744,-0.866,-2.2415,354.1598,-0.0461,-0.0279,0.0137,69.251,69.824,-5.6572,117.8476,0.6048,0.0,0.0,0.0,-0.03,1677.6,0.0,10.0,270.0,0,15.442,-0.019739902351730232,0.09246315078443532,-0.03,0.08540929897547622,0.6384137206969774,0.6666666666666666,0.0,-3917.752699723349,8.590699996258937,760.238,805.244,3.108310044705587,0.0028896606780364864,0.07060069754792166,0.5160801496078138,0.2740423328865518,-5.860199999999963,0.0,0.2647739803094355,final_approach,-0.15128408845033547,-0.6416646162175876,-5.171404714397827,
15.542,63.92937126,-22.60529772,906.173,808.413,-0.8706,-2.2442,354.1614,-0.0451,-0.0269,0.0178,69.274,69.849,-5.6557,117.8909,0.6064,0.0,0.0,0.0,-0.03,1677.1,0.0,10.0,270.0,0,15.542,-0.01964464262644816,0.09251510603929042,-0.03,0.08539322679240913,0.6384198798075599,0.6666666666666666,0.0,-3914.160912879395,8.607573907915338,759.673,804.913,3.10861600730132,0.0029179882245852413,0.07077583484231519,0.5214374659266859,0.2747119267110065,-5.858600000000024,0.0,0.26161270937221065,final_approach,-0.15211991712499184,-0.643933329073171,-5.171219746277593,
15.642,63.9294035,-22.60529734,905.607,807.841,-0.875,-2.2468,354.1633,-0.0422,-0.0261,0.022,69.297,69.875,-5.6543,117.9337,0.6078,0.0,0.0,0.0,-0.03,1676.8,0.0,10.0,270.0,0,15.642,-0.019550838820136474,0.09256499119088127,-0.03,0.08537413461898058,0.6384259923261102,0.6666666666666666,0.0,-3910.566896330257,8.624936978468277,759.107,804.341,3.1089200222550355,0.0029383484433468015,0.07095519967874597,0.5267948610081382,0.2752851175598039,-5.856700000000046,0.0,0.25873882670200626,final_approach,-0.15296132173110166,-0.6460651396563861,-5.171036174513702,
15.742,63.92943575,-22.60529696,905.042,807.372,-0.879,-2.2494,354.1657,-0.0383,-0.0253,0.0262,69.32,69.9,-5.6528,117.9762,0.6089,0.0,0.0,0.0,-0.03,1676.4,0.0,10.0,270.0,0,15.742,-0.019462401327695333,0.09261606290749179,-0.03,0.08535000817100824,0.6384322061947282,0.6666666666666666,0.0,-3906.9717650128487,8.642299659893665,758.542,803.872,3.1092294540880907,0.0029643434245476726,0.07113475791832108,0.5321523539299433,0.2757129520405215,-5.8542999999999665,0.0,0.2561262060927292,final_approach,-0.15380299151270904,-0.6479782768556568,-5.170849556055252,
15.833,63.92946532,-22.60529661,904.524,806.956,-0.8824,-2.2516,354.1683,-0.0339,-0.0247,0.0299,69.34,69.923,-5.6515,118.0148,0.6098,0.0,0.0,0.0,-0.03,1676.2,0.0,10.0,270.0,0,15.833,-0.019387117191181746,0.09265990460057949,-0.03,0.08532385856656344,0.6384379101383489,0.6666666666666666,0.0,-3903.67539186877,8.658296815619488,758.024,803.456,3.1095138282510444,0.0029911179874045337,0.07130019457498972,0.5370264761626798,0.2760531679244309,-5.851699999999937,0.0,0.25282202551887506,final_approach,-0.15457146024150603,-0.6496490445168615,-5.170678249347301,
15.933,63.9294976,-22.60529623,903.958,806.46,-0.8855,-2.254,354.1715,-0.0288,-0.0241,0.0336,69.363,69.948,-5.65,118.0566,0.6106,0.0,0.0,0.0,-0.03,1676.0,0.0,10.0,270.0,0,15.933,-0.019322436376006003,0.09271019547626518,-0.03,0.08529165642330994,0.6384440963267031,0.6666666666666666,0.0,-3900.076916249721,8.675658329663333,757.458,802.96,3.109822608987894,0.0030072328842534663,0.07148013386777129,0.5423844012955814,0.276336596354696,-5.848500000000058,0.0,0.2507472959262466,final_approach,-0.155413679556883,-0.651345360916638,-5.170492456545919,
16.042,63.92953257,-22.60529582,903.346,805.861,-0.8884,-2.2566,354.1753,-0.023,-0.0234,0.0371,69.387,69.974,-5.6483,118.1016,0.6115,0.0,0.0,0.0,-0.03,1675.8,0.0,10.0,270.0,0,16.042,-0.019270144528270472,0.09276428625997857,-0.03,0.08525339056230463,0.6384508969321881,0.6666666666666666,0.0,-3896.178567690657,8.694384980453808,756.846,802.361,3.1101624967667503,0.0030257334874223356,0.07167460521172028,0.5482262699389517,0.27666029994577457,-5.844699999999989,0.0,0.24796876777281845,final_approach,-0.15632970392207568,-0.6532135758419635,-5.170288207266285,
16.133,63.92956217,-22.60529548,902.829,805.539,-0.8903,-2.2587,354.1788,-0.0182,-0.0229,0.0394,69.407,69.997,-5.6469,118.1393,0.6121,0.0,0.0,0.0,-0.03,1675.7,0.0,10.0,270.0,0,16.133,-0.019241175282845635,0.09280864581761082,-0.03,0.08521812089623171,0.6384567394884586,0.6666666666666666,0.0,-3892.8788504151653,8.70989103147294,756.329,802.039,3.1104548705466555,0.0030569276862314637,0.07183653916746431,0.553100441984376,0.27685661609348244,-5.841199999999958,0.0,0.2454061725007606,final_approach,-0.1570935636574049,-0.6546605060648734,-5.1701127291863465,
16.233,63.92959448,-22.60529509,902.264,805.057,-0.8919,-2.2609,354.1828,-0.0132,-0.0226,0.0414,69.429,70.021,-5.6452,118.1803,0.6128,0.0,0.0,0.0,-0.03,1675.6,0.0,10.0,270.0,0,16.233,-0.019229391365735926,0.09285977439855814,-0.03,0.08517778359748407,0.6384630649203418,0.6666666666666666,0.0,-3889.277030322663,8.727741315459834,755.764,801.557,3.1107717938309105,0.0030756452122846006,0.07202110422745606,0.5584588842671738,0.27709299275684884,-5.837199999999939,0.0,0.2430965204552417,final_approach,-0.15794193163607773,-0.6562951414983633,-5.169922745238626,
16.342,63.92962949,-22.60529468,901.653,804.446,-0.8931,-2.2633,354.1874,-0.0086,-0.0223,0.0428,69.453,70.047,-5.6434,118.2243,0.6136,0.0,0.0,0.0,-0.03,1675.5,0.0,10.0,270.0,0,16.342,-0.01923743557054286,0.09291417780910849,-0.03,0.08513135732387667,0.6384700214750814,0.6666666666666666,0.0,-3885.3742226936884,8.746466409567153,755.153,800.946,3.1111208028224895,0.003096690569226426,0.07221621567955872,0.5643013844967416,0.277370123034018,-5.832599999999957,0.0,0.2410135173446328,final_approach,-0.15885886838694674,-0.658094502500024,-5.169713802008339,
16.442,63.92966182,-22.6052943,901.088,803.987,-0.8938,-2.2655,354.1917,-0.005,-0.022,0.0433,69.474,70.071,-5.6416,118.2647,0.6144,0.0,0.0,0.0,-0.03,1675.4,0.0,10.0,270.0,0,16.442,-0.01926201039197839,0.09296498939085558,-0.03,0.08508792172733604,0.638476385065599,0.6666666666666666,0.0,-3881.770173238043,8.763825977974909,754.588,800.487,3.111440490873936,0.003113388893433122,0.07239714712980072,0.5696600945947327,0.27765610736253166,-5.828299999999899,0.0,0.23819410667693935,final_approach,-0.1597024799538147,-0.6597966955788443,-5.169522665468833,
16.533,63.92969147,-22.60529395,900.571,803.645,-0.8941,-2.2675,354.1957,-0.0024,-0.0219,0.0433,69.494,70.093,-5.6399,118.3016,0.6152,0.0,0.0,0.0,-0.03,1675.4,0.0,10.0,270.0,0,16.533,-0.01929924297421337,0.09301287862009597,-0.03,0.08504748432045028,0.6384823187619727,0.6666666666666666,0.0,-3878.464881954142,8.779820020682545,754.071,800.145,3.1117389522374492,0.0031411232784343364,0.07256385307083243,0.5745354362705745,0.2779507109255519,-5.824299999999994,0.0,0.23652011695905154,final_approach,-0.1604727541980786,-0.6614013510996681,-5.169344438409983,
16.633,63.92972382,-22.60529357,900.007,803.074,-0.8943,-2.2696,354.2,-0.0004,-0.0218,0.0427,69.515,70.116,-5.6381,118.3415,0.6162,0.0,0.0,0.0,-0.03,1675.4,0.0,10.0,270.0,0,16.633,-0.01934882720943204,0.09306294021577202,-0.03,0.08500397949692118,0.6384888017322238,0.6666666666666666,0.0,-3874.8586029635408,8.797178810835751,753.507,799.574,3.1120654514927257,0.003161768157489462,0.0727451627357977,0.5798948344232522,0.278334398892099,-5.819999999999936,0.0,0.23410919723550253,final_approach,-0.16131694040949895,-0.6632516080910591,-5.1691497100332136,
16.733,63.92975618,-22.60529318,899.444,802.682,-0.8942,-2.2718,354.2042,0.0008,-0.0218,0.0416,69.537,70.14,-5.6362,118.3813,0.6172,0.0,0.0,0.0,-0.03,1675.4,0.0,10.0,270.0,0,16.733,-0.019410647990697805,0.09311534737677486,-0.03,0.08496145179738102,0.6384953852561789,0.6666666666666666,0.0,-3871.251209034442,8.815027149186555,752.944,799.182,3.1123974545682214,0.003188145257067269,0.07293072322200661,0.5852549239640421,0.27871808052151437,-5.815799999999967,0.0,0.2328265429413707,final_approach,-0.16216680232279046,-0.6651103903836351,-5.168951958030373,
16.85,63.92979125,-22.60529277,898.833,802.074,-0.8941,-2.2741,354.2086,0.0013,-0.022,0.04,69.559,70.165,-5.6341,118.4241,0.6185,0.0,0.0,0.0,-0.03,1675.5,0.0,10.0,270.0,0,16.85,-0.01948661055840839,0.09317042840612647,-0.03,0.08491686228337458,0.6385024532964828,0.6666666666666666,0.0,-3867.3417128013925,8.83374990870457,752.333,798.574,3.1127543868239433,0.003165238220949181,0.07312690706804438,0.5915282778875436,0.27923906893241224,-5.811400000000049,0.0,0.22875451067707453,final_approach,-0.16313381781681713,-0.6673525860883665,-5.16873964870565,
16.95,63.92982363,-22.60529238,898.27,801.592,-0.894,-2.2762,354.2125,0.0013,-0.0218,0.0382,69.58,70.189,-5.6322,118.4635,0.6198,0.0,0.0,0.0,-0.03,1675.5,0.0,10.0,270.0,0,16.95,-0.01955790233065363,0.09322098251828775,-0.03,0.08487730838118634,0.63850907439083,0.6666666666666666,0.0,-3863.732089337339,8.851597468626766,751.77,798.092,3.1130892158696506,0.00319574692696975,0.0733128854325431,0.5968878055045059,0.2797682840387381,-5.8075000000000045,0.0,0.22704955516097797,final_approach,-0.1639841652305698,-0.669431353853188,-5.16854076123229,
17.042,63.92985333,-22.60529203,897.754,801.179,-0.8939,-2.2782,354.216,0.0006,-0.0218,0.0364,69.599,70.21,-5.6305,118.4994,0.621,0.0,0.0,0.0,-0.03,1675.6,0.0,10.0,270.0,0,17.042,-0.01962395660827998,0.09326604833610087,-0.03,0.08484178618616911,0.6385151823804882,0.6666666666666666,0.0,-3860.421224216841,8.86758956569831,751.254,797.679,3.1133984997876576,0.003223419392052671,0.0734805071229176,0.601817556222934,0.2802576668186134,-5.803999999999974,0.0,0.22518339006729715,final_approach,-0.16476178870424718,-0.671340498556722,-5.168357283646515,
17.133,63.92988573,-22.60529164,897.191,800.761,-0.8939,-2.2804,354.2195,-0.0009,-0.0221,0.0342,69.62,70.233,-5.6286,118.5384,0.6225,0.0,0.0,0.0,-0.03,1675.6,0.0,10.0,270.0,0,17.133,-0.019695205065512145,0.09331591866202507,-0.03,0.08480624024767258,0.6385218404455205,0.6666666666666666,0.0,-3856.809371217831,8.88543634754002,750.691,797.261,3.1137360792956263,0.0033044603138328377,0.07366687372920686,0.6066957284784155,0.2808838897993269,-5.800500000000056,0.0,0.2256911937674743,final_approach,-0.16555827178495974,-0.6734842315148111,-5.168157279109508,
17.233,63.92991814,-22.60529126,896.628,800.294,-0.8941,-2.2825,354.2228,-0.003,-0.0224,0.0321,69.641,70.256,-5.6267,118.5772,0.6239,0.0,0.0,0.0,-0.03,1675.7,0.0,10.0,270.0,0,17.233,-0.0197594656909863,0.09336543214792946,-0.03,0.08477270376108681,0.6385285170379327,0.6666666666666666,0.0,-3853.196403623156,8.902792802929863,750.128,796.794,3.1140750631231993,0.00331868997414888,0.07384937986522064,0.6120583473700095,0.2814618912643425,-5.797199999999975,0.0,0.22426472160679525,final_approach,-0.16640439373577465,-0.6756300760879501,-5.167956714599718,
17.342,63.92995327,-22.60529083,896.018,799.773,-0.8945,-2.285,354.2262,-0.0051,-0.0226,0.0298,69.663,70.281,-5.6248,118.6191,0.6256,0.0,0.0,0.0,-0.03,1675.8,0.0,10.0,270.0,0,17.342,-0.01982856481849954,0.09341531355373825,-0.03,0.08473812894583732,0.6385357768734202,0.6666666666666666,0.0,-3849.280218443992,8.922493102160193,749.518,796.273,3.1144441901157895,0.003329989340216255,0.0740547821668865,0.6179065066307556,0.28217652409381344,-5.793799999999919,0.0,0.22222564349574525,final_approach,-0.16733551563611115,-0.6781098408227031,-5.16773862560872,
17.433,63.9299803,-22.60529051,895.55,799.359,-0.895,-2.2868,354.2286,-0.007,-0.0228,0.0281,69.68,70.3,-5.6233,118.6512,0.6269,0.0,0.0,0.0,-0.03,1675.8,0.0,10.0,270.0,0,17.433,-0.019876956820799596,0.09345407973539127,-0.03,0.08471370970823089,0.6385414746314647,0.6666666666666666,0.0,-3846.266996728554,8.937119284404623,749.05,795.859,3.114734282113617,0.0033062951421715205,0.07420856756955282,0.6227851698761384,0.28272251732266795,-5.791400000000067,0.0,0.2190063292518862,final_approach,-0.16808914394615826,-0.6800680415068445,-5.16756745934714,
17.533,63.93001545,-22.60529009,894.941,798.724,-0.8959,-2.2892,354.2315,-0.0093,-0.0227,0.0261,69.702,70.325,-5.6215,118.6927,0.6285,0.0,0.0,0.0,-0.03,1675.9,0.0,10.0,270.0,0,17.533,-0.019922127357921482,0.09350159424728685,-0.03,0.08468418824050417,0.6385488528419434,0.6666666666666666,0.0,-3842.348582185455,8.956328868055536,748.441,795.224,3.1151104421690423,0.003382179377518778,0.07441032735668679,0.6281502520455534,0.2833890109875199,-5.788499999999999,0.0,0.21909666295625205,final_approach,-0.16896089862832397,-0.6823857662302029,-5.167345806932094,
17.633,63.93004791,-22.6052897,894.378,798.304,-0.8969,-2.2915,354.2341,-0.0112,-0.0226,0.0245,69.722,70.347,-5.6199,118.7309,0.63,0.0,0.0,0.0,-0.03,1676.0,0.0,10.0,270.0,0,17.633,-0.019960983680978373,0.09354384112351385,-0.03,0.0846577068665273,0.6385556192439377,0.6666666666666666,0.0,-3838.7300405823707,8.97417331513388,747.878,794.804,3.1154559193989937,0.003394278197851284,0.07459772281977384,0.6335161901540455,0.2840152339140616,-5.78589999999997,0.0,0.21736060268749863,final_approach,-0.16981383198438493,-0.6846144283473574,-5.167142530475193,
17.742,63.93008308,-22.60528927,893.77,797.719,-0.8982,-2.2939,354.2367,-0.0131,-0.0224,0.0231,69.744,70.372,-5.6182,118.7721,0.6316,0.0,0.0,0.0,-0.03,1676.1,0.0,10.0,270.0,0,17.742,-0.019995226000695476,0.09358895006020852,-0.03,0.08463121239809968,0.6385631158607448,0.6666666666666666,0.0,-3834.809396333296,8.993872057855116,747.27,794.219,3.1158392508419834,0.003414698869753343,0.07480401735057457,0.6393680525543651,0.2846815980586257,-5.783300000000054,0.0,0.2159491717509414,final_approach,-0.17074654433327652,-0.68702374596465,-5.166917312772387,
17.842,63.93011556,-22.60528888,893.208,797.303,-0.8996,-2.2961,354.2389,-0.0148,-0.0224,0.0221,69.764,70.394,-5.6166,118.81,0.633,0.0,0.0,0.0,-0.03,1676.2,0.0,10.0,270.0,0,17.842,-0.02001718134894165,0.09363049967900872,-0.03,0.08460878377498782,0.6385700001935334,0.6666666666666666,0.0,-3831.188625196048,9.01171572667919,746.708,793.803,3.1161918050766997,0.003433172782654884,0.0749918427183382,0.644736009984351,0.28525953429709716,-5.781099999999924,0.0,0.21449924704630713,final_approach,-0.17160027055899008,-0.6891807957530514,-5.166710485854683,
17.933,63.93014534,-22.60528852,892.693,796.927,-0.901,-2.2981,354.2409,-0.016,-0.0223,0.0215,69.783,70.415,-5.6153,118.8446,0.6342,0.0,0.0,0.0,-0.03,1676.2,0.0,10.0,270.0,0,17.933,-0.02003036879108544,0.09366618873333535,-0.03,0.08458838598334062,0.6385763368646105,0.6666666666666666,0.0,-3827.868841764709,9.028194648057417,746.193,793.427,3.116516764606893,0.0034561412935924583,0.07516521530705794,0.6496203453470074,0.28574917540098,-5.779099999999971,0.0,0.21398033447766704,final_approach,-0.17238033222882976,-0.691093804133665,-5.1665201091891255,
18.042,63.93018055,-22.60528809,892.085,796.411,-0.9028,-2.3005,354.2432,-0.017,-0.0223,0.021,69.804,70.439,-5.6137,118.8853,0.6355,0.0,0.0,0.0,-0.03,1676.3,0.0,10.0,270.0,0,18.042,-0.020037938008930944,0.09370771498409022,-0.03,0.08456491894652707,0.6385839043529039,0.6666666666666666,0.0,-3823.943738446515,9.047891834269835,745.585,792.911,3.116905413261376,0.003474381742340229,0.07537219498599299,0.65547562734572,0.28627101144059,-5.77679999999998,0.0,0.2120421722941264,final_approach,-0.17331433094902238,-0.6932872256807716,-5.1662927502484415,
18.142,63.93021306,-22.6052877,891.524,795.935,-0.9045,-2.3027,354.2453,-0.0175,-0.0221,0.0208,69.824,70.461,-5.6122,118.9228,0.6367,0.0,0.0,0.0,-0.03,1676.4,0.0,10.0,270.0,0,18.142,-0.020043081864231815,0.09374665974909369,-0.03,0.08454348357524688,0.638590923983156,0.6666666666666666,0.0,-3820.3196230068343,9.065734335538028,745.024,792.435,3.117266482412877,0.0034971000377856166,0.07556064352132182,0.6608467729400329,0.2867525677454239,-5.774699999999939,0.0,0.2109474293582935,final_approach,-0.17416923595269296,-0.6953007714052291,-5.1660818473130945,
18.233,63.93024287,-22.60528733,891.009,795.431,-0.9061,-2.3047,354.2472,-0.0177,-0.022,0.0207,69.842,70.481,-5.611,118.957,0.6376,0.0,0.0,0.0,-0.03,1676.5,0.0,10.0,270.0,0,18.233,-0.020040840035791097,0.09377896804314885,-0.03,0.08452408230995834,0.6385973141621596,0.6666666666666666,0.0,-3816.9964951028333,9.08270202685958,744.509,791.931,3.1175956429604086,0.0035171081771501224,0.07573867778427887,0.6657344240738176,0.28709785204841864,-5.772799999999961,0.0,0.2097524083077398,final_approach,-0.17495580952928336,-0.6970060394256397,-5.165889852778783,
18.333,63.93027269,-22.60528697,890.495,794.985,-0.9078,-2.3066,354.2491,-0.0176,-0.0218,0.0209,69.86,70.501,-5.6097,118.991,0.6385,0.0,0.0,0.0,-0.03,1676.6,0.0,10.0,270.0,0,18.333,-0.020037636487012678,0.09381262357984983,-0.03,0.0845046740551082,0.6386038030003424,0.6666666666666666,0.0,-3813.6722526023755,9.09917939155493,743.995,791.485,3.1179303444585984,0.0034887593112748064,0.07591280595964704,0.6711065899228694,0.28744345458846965,-5.770899999999983,0.0,0.20704764391612807,final_approach,-0.17579196914159922,-0.6987864769189276,-5.165694890790601,
18.442,63.93030794,-22.60528654,889.887,794.528,-0.9097,-2.3089,354.2514,-0.0173,-0.0214,0.0212,69.882,70.525,-5.6082,119.0311,0.6395,0.0,0.0,0.0,-0.03,1676.7,0.0,10.0,270.0,0,18.442,-0.02003303170931464,0.09385212565927759,-0.03,0.08448117050085147,0.638611442410998,0.6666666666666666,0.0,-3809.742690215063,9.118875021258532,743.387,791.028,3.118324989305193,0.0035107319132103316,0.07612067771290844,0.6769653898501901,0.2878212204189481,-5.768599999999992,0.0,0.20657375468605904,final_approach,-0.17672753706226274,-0.7007651194141111,-5.165465354842052,
18.542,63.9303432,-22.60528611,889.28,794.04,-0.9115,-2.3112,354.2537,-0.0167,-0.021,0.0217,69.903,70.549,-5.6068,119.071,0.6404,0.0,0.0,0.0,-0.03,1676.8,0.0,10.0,270.0,0,18.542,-0.020026347295954428,0.09388876432508193,-0.03,0.08445765670578709,0.6386191807730134,0.6666666666666666,0.0,-3805.8120130594803,9.138570261834582,742.78,790.54,3.1187254057644536,0.003592970693109211,0.07632879677170681,0.6823417182278602,0.28815113182989194,-5.766300000000001,0.0,0.2068852315327814,final_approach,-0.17760892995507405,-0.702590027499566,-5.165232841194793,
18.633,63.93037033,-22.60528578,888.813,793.645,-0.9129,-2.3129,354.2556,-0.016,-0.0209,0.0221,69.92,70.567,-5.6056,119.1016,0.641,0.0,0.0,0.0,-0.03,1676.8,0.0,10.0,270.0,0,18.633,-0.02002254710071938,0.0939194261720646,-0.03,0.08443822454281447,0.6386251394830993,0.6666666666666666,0.0,-3802.787643499037,9.153682490131423,742.313,790.145,3.1190341900962264,0.003559681313438713,0.07648874216204486,0.6872324238859816,0.28836059358386024,-5.764400000000023,0.0,0.20506050019463282,final_approach,-0.1783720237615256,-0.7040552320578399,-5.165053797398571,
18.733,63.93040562,-22.60528535,888.205,793.019,-0.9146,-2.3151,354.258,-0.015,-0.0207,0.0228,69.941,70.59,-5.6041,119.1412,0.6418,0.0,0.0,0.0,-0.03,1676.9,0.0,10.0,270.0,0,18.733,-0.020016661853253015,0.09395712877997663,-0.03,0.084413668665143,0.6386328484100884,0.6666666666666666,0.0,-3798.853622041813,9.17337656332593,741.705,789.519,3.1194342618292135,0.0036331873161773542,0.07669731122418355,0.6926113802621134,0.2886428171250657,-5.761999999999944,0.0,0.20550954563148482,final_approach,-0.17925430475047222,-0.7058096020948597,-5.164822160066386,
18.85,63.93044091,-22.60528491,887.598,792.504,-0.9162,-2.3173,354.2605,-0.0139,-0.0206,0.0233,69.962,70.614,-5.6025,119.1807,0.6424,0.0,0.0,0.0,-0.03,1677.0,0.0,10.0,270.0,0,18.85,-0.020015081560257053,0.09399609860820556,-0.03,0.0843880777714231,0.6386406398308863,0.6666666666666666,0.0,-3794.9196004135697,9.193560573671245,741.098,789.004,3.119839294366097,0.0036046255225746005,0.07691021853405501,0.6989086914475757,0.28882896567370153,-5.759500000000003,0.0,0.203143875982003,final_approach,-0.1802460351553563,-0.7075841040532964,-5.164588039318808,
18.933,63.93047079,-22.60528455,887.085,792.099,-0.9174,-2.3192,354.2626,-0.0129,-0.0203,0.0238,69.98,70.633,-5.6012,119.2139,0.643,0.0,0.0,0.0,-0.03,1677.1,0.0,10.0,270.0,0,18.933,-0.020016294549388414,0.09402808469441316,-0.03,0.08436657207337062,0.6386473144090533,0.6666666666666666,0.0,-3791.5886693090374,9.21003560377729,740.585,788.599,3.1201868146008165,0.0037016863987708163,0.0770855329410449,0.7033731433020107,0.289031320813649,-5.757399999999961,0.0,0.20439147542723277,final_approach,-0.1809812178800776,-0.708996514229641,-5.164387474335907,
19.042,63.9305061,-22.60528411,886.478,791.576,-0.9187,-2.3213,354.2653,-0.0117,-0.0202,0.0244,70.0,70.657,-5.5997,119.253,0.6435,0.0,0.0,0.0,-0.03,1677.1,0.0,10.0,270.0,0,19.042,-0.020020106529098303,0.09406405292183358,-0.03,0.08433890935073951,0.6386551408238582,0.6666666666666666,0.0,-3787.652418145838,9.23021883604212,739.978,788.076,3.120594951875226,0.0037088017763600117,0.07729890823234886,0.7092431352120062,0.2891702201775672,-5.754699999999957,0.0,0.20249099934585438,final_approach,-0.18192529323005502,-0.7106280128092095,-5.16415229334557,
19.133,63.93053328,-22.60528378,886.011,791.279,-0.9197,-2.323,354.2673,-0.0107,-0.0201,0.0247,70.017,70.674,-5.5985,119.283,0.644,0.0,0.0,0.0,-0.03,1677.2,0.0,10.0,270.0,0,19.133,-0.020028786122975373,0.09409347609096803,-0.03,0.08431840935087653,0.6386611856151982,0.6666666666666666,0.0,-3784.6224747487977,9.24532911852881,739.511,787.779,3.1209106588005393,0.003668885958896113,0.07745975420246178,0.7141406020009536,0.2893326249524364,-5.752700000000004,0.0,0.20106574366106278,final_approach,-0.18269033357773523,-0.7120251947965066,-5.163970646281605,
19.233,63.93056861,-22.60528335,885.405,790.727,-0.9208,-2.3251,354.27,-0.0095,-0.0198,0.025,70.037,70.697,-5.5969,119.3218,0.6445,0.0,0.0,0.0,-0.03,1677.3,0.0,10.0,270.0,0,19.233,-0.020036892477536594,0.09413047834512882,-0.03,0.0842907220749658,0.6386691272414892,0.6666666666666666,0.0,-3780.6839942216634,9.265021635214223,738.905,787.227,3.1213260712196904,0.0037497589976652618,0.07766947412335615,0.7195270807399529,0.28947212319914684,-5.75,0.0,0.20096885787370247,final_approach,-0.18357497617893515,-0.7135680348899243,-5.163731994711739,
19.342,63.93060396,-22.60528291,884.799,790.16,-0.9218,-2.3272,354.2727,-0.0085,-0.0196,0.0251,70.058,70.72,-5.5953,119.3604,0.645,0.0,0.0,0.0,-0.03,1677.4,0.0,10.0,270.0,0,19.342,-0.02005243024165254,0.09416789765749677,-0.03,0.08426302069586222,0.6386771022045535,0.6666666666666666,0.0,-3776.7432839893454,9.285203310970235,738.299,786.66,3.1217439599623957,0.0037637727774203268,0.07788356432813728,0.7254021075250312,0.2896120495243508,-5.747299999999996,0.0,0.2002135571996137,final_approach,-0.1845205593466055,-0.7152033107705549,-5.163492336461587,
19.433,63.93063388,-22.60528255,884.286,789.786,-0.9225,-2.329,354.275,-0.0076,-0.0196,0.0252,70.075,70.739,-5.5939,119.3929,0.6455,0.0,0.0,0.0,-0.03,1677.4,0.0,10.0,270.0,0,19.433,-0.020072518622948343,0.09419951649726893,-0.03,0.08423941210189079,0.638683846164978,0.6666666666666666,0.0,-3773.407893814902,9.301676784567187,737.786,786.286,3.122097919959648,0.003784755697763097,0.07805985825049992,0.7303051682330008,0.28976771085120845,-5.7450000000000045,0.0,0.19899534170993424,final_approach,-0.18530657372386372,-0.7166218948777043,-5.16328966765699,
19.542,63.93066653,-22.60528214,883.727,789.239,-0.9232,-2.3309,354.2775,-0.0069,-0.0195,0.0251,70.094,70.76,-5.5924,119.4282,0.646,0.0,0.0,0.0,-0.03,1677.5,0.0,10.0,270.0,0,19.542,-0.020099699816121364,0.09423361354291049,-0.03,0.0842137389812726,0.6386912712975273,0.6666666666666666,0.0,-3769.768171289285,9.320493712703568,737.227,785.739,3.1224882451664775,0.0037507906148474585,0.07825949053527856,0.7361820105900997,0.2899160214263645,-5.742500000000064,0.0,0.19675139488225127,final_approach,-0.1862333200582924,-0.7182413969551398,-5.163066524287075,
19.65,63.93070191,-22.60528171,883.121,788.7,-0.924,-2.333,354.2802,-0.0065,-0.0192,0.0249,70.114,70.783,-5.5907,119.4664,0.6465,0.0,0.0,0.0,-0.03,1677.6,0.0,10.0,270.0,0,19.65,-0.02012240454003439,0.09427108455309903,-0.03,0.08418599843388685,0.6386992973586963,0.6666666666666666,0.0,-3765.8241169255534,9.34018428375289,736.621,785.2,3.122910887084442,0.0037778840277501897,0.07847017687878645,0.7420065344548841,0.2900567178084543,-5.739800000000059,0.0,0.19569992127343616,final_approach,-0.18716871326799023,-0.719862440056966,-5.162825316769073,
19.742,63.93073458,-22.60528131,882.562,788.301,-0.9246,-2.3348,354.2827,-0.0061,-0.0189,0.0247,70.133,70.804,-5.5892,119.5014,0.647,0.0,0.0,0.0,-0.03,1677.6,0.0,10.0,270.0,0,19.742,-0.020147179588132114,0.09430463316838045,-0.03,0.08416030017163756,0.6387067562136607,0.6666666666666666,0.0,-3762.182165036793,9.358510496484191,736.062,784.801,3.123304341465942,0.0038610163664219645,0.07866615123618673,0.7469683336629517,0.29020563051841464,-5.737300000000005,0.0,0.19668372289679056,final_approach,-0.1879872785682153,-0.7213198559441185,-5.162601151072597,
19.833,63.93076453,-22.60528094,882.05,787.765,-0.9252,-2.3365,354.285,-0.0061,-0.0188,0.0245,70.15,70.823,-5.5878,119.5334,0.6474,0.0,0.0,0.0,-0.03,1677.7,0.0,10.0,270.0,0,19.833,-0.020168800413658317,0.09433527100614189,-0.03,0.08413664709632585,0.6387136315267088,0.6666666666666666,0.0,-3758.843430389688,9.375472739850409,735.55,784.265,3.1236675980255186,0.0038828186928549662,0.07884735431325378,0.7518776389600134,0.29031431356170856,-5.7349999999999,0.0,0.19578640143465534,final_approach,-0.18878046064329013,-0.722678421385897,-5.16239451913566,
19.942,63.93079994,-22.6052805,881.444,787.312,-0.9258,-2.3385,354.2876,-0.006,-0.0189,0.0241,70.17,70.845,-5.5861,119.571,0.648,0.0,0.0,0.0,-0.03,1677.8,0.0,10.0,270.0,0,19.942,-0.02020319606809623,0.0943719132836769,-0.03,0.08410989652070922,0.6387217080149173,0.6666666666666666,0.0,-3754.8960315525037,9.39565208084278,734.944,783.812,3.1240950379862906,0.0038892601657155063,0.07906287095942233,0.7577636698063691,0.2905042330981189,-5.732399999999984,0.0,0.19466820480714764,final_approach,-0.18972916038180188,-0.7243936174041181,-5.162151782205807,
20.033,63.93082991,-22.60528013,880.932,786.918,-0.9264,-2.3402,354.2898,-0.006,-0.0188,0.0237,70.187,70.864,-5.5846,119.6027,0.6485,0.0,0.0,0.0,-0.03,1677.8,0.0,10.0,270.0,0,20.033,-0.020228024008140444,0.09440370219289293,-0.03,0.08408725121013017,0.6387286164224323,0.6666666666666666,0.0,-3751.555067370444,9.412613545954448,734.432,783.418,3.124461278422987,0.003911820168675769,0.07924448206708626,0.7626763678760614,0.29066145577496627,-5.730199999999968,0.0,0.19395411226223783,final_approach,-0.1905232616361623,-0.725826662333354,-5.161944147675303,
20.133,63.93086262,-22.60527973,880.374,786.398,-0.927,-2.3421,354.2922,-0.0063,-0.0187,0.0233,70.205,70.884,-5.5831,119.6371,0.649,0.0,0.0,0.0,-0.03,1677.9,0.0,10.0,270.0,0,20.133,-0.020256149948451596,0.09443556853960137,-0.03,0.08406253656376361,0.6387362216325536,0.6666666666666666,0.0,-3747.908656411772,9.430938202176657,733.874,782.898,3.124865123586669,0.003932925413366625,0.0794413210860656,0.768078245425081,0.2908115806331466,-5.727800000000002,0.0,0.19268555660203535,final_approach,-0.19139267330463383,-0.7273624477604113,-5.161715566253871,
20.233,63.93089533,-22.60527933,879.816,785.946,-0.9276,-2.3439,354.2945,-0.0065,-0.0187,0.0228,70.224,70.904,-5.5815,119.6714,0.6495,0.0,0.0,0.0,-0.03,1677.9,0.0,10.0,270.0,0,20.233,-0.020284644952388964,0.09446942976759191,-0.03,0.08403884124634842,0.6387438271974129,0.6666666666666666,0.0,-3744.2622454531,9.449262858398866,733.316,782.446,3.1252696878881476,0.003951711680269686,0.0796383712618216,0.7734818217331796,0.29096187902030124,-5.725500000000011,0.0,0.19244141509276413,final_approach,-0.192262554159484,-0.7288991880163707,-5.161486969713277,
20.333,63.93092533,-22.60527896,879.304,785.565,-0.9282,-2.3456,354.2965,-0.0067,-0.0187,0.0224,70.24,70.923,-5.5801,119.7027,0.65,0.0,0.0,0.0,-0.03,1678.0,0.0,10.0,270.0,0,20.333,-0.020313454844497036,0.09449832710677412,-0.03,0.08401822831120942,0.6387507845738001,0.6666666666666666,0.0,-3740.9179369686067,9.466223156128715,732.804,782.065,3.1256403896003926,0.003910929253966349,0.07982057898610743,0.7788856068926796,0.29111988823777324,-5.723500000000058,0.0,0.18949219553886873,final_approach,-0.1931129112695089,-0.7304181208361928,-5.1612778515352495,
20.442,63.93096079,-22.60527852,878.7,784.997,-0.929,-2.3476,354.2989,-0.007,-0.0185,0.0219,70.26,70.945,-5.5785,119.7395,0.6506,0.0,0.0,0.0,-0.03,1678.1,0.0,10.0,270.0,0,20.442,-0.020341008365758917,0.09453195731635673,-0.03,0.08399348258439043,0.6387591029626134,0.6666666666666666,0.0,-3736.9649642948257,9.486400551484994,732.2,781.497,3.126084386181766,0.003938001566949956,0.0800372794861105,0.784779719318289,0.2913113661279283,-5.7210999999999785,0.0,0.18894619944735347,final_approach,-0.19406407868909525,-0.7321393063529982,-5.161027820448204,
20.533,63.93099353,-22.60527812,878.142,784.491,-0.9297,-2.3494,354.3011,-0.0073,-0.0183,0.0215,70.278,70.965,-5.577,119.7734,0.6511,0.0,0.0,0.0,-0.03,1678.1,0.0,10.0,270.0,0,20.533,-0.020362886387360335,0.09456287064135832,-0.03,0.08397078922282297,0.6387667570698677,0.6666666666666666,0.0,-3733.3152090337217,9.50472404015132,731.642,780.991,3.126493678895539,0.004031288327353265,0.08023499722455985,0.789700605583792,0.29146243302724884,-5.718899999999962,0.0,0.18975129020688525,final_approach,-0.19488031263765393,-0.7335963544509507,-5.16079775138153,
20.65,63.93102901,-22.60527768,877.538,784.088,-0.9305,-2.3513,354.3034,-0.0076,-0.0181,0.0211,70.297,70.986,-5.5754,119.8099,0.6516,0.0,0.0,0.0,-0.03,1678.2,0.0,10.0,270.0,0,20.65,-0.020390942541348933,0.0945953916270304,-0.03,0.08394705434479277,0.6387751075248429,0.6666666666666666,0.0,-3729.360006824985,9.524900657253056,731.038,780.588,3.126941035197554,0.003996666628941569,0.08045220196554675,0.796033680851984,0.2916066522288361,-5.716599999999971,0.0,0.18726418767835853,final_approach,-0.19588172657543268,-0.7353220093612478,-5.160546746170056,
20.742,63.93105905,-22.60527731,877.027,783.568,-0.9312,-2.3529,354.3054,-0.0078,-0.0178,0.0209,70.314,71.005,-5.574,119.8407,0.6521,0.0,0.0,0.0,-0.03,1678.2,0.0,10.0,270.0,0,20.742,-0.02041319147169607,0.09462394549153576,-0.03,0.08392640701189602,0.6387822087513234,0.6666666666666666,0.0,-3726.0112392713722,9.541859398474088,730.527,780.068,3.1273221501192623,0.004020981106922512,0.08063525147713232,0.8010109540332675,0.2917656111341955,-5.7146000000000186,0.0,0.18703858958901712,final_approach,-0.19668501125305227,-0.7367714134171219,-5.16033328712151,
20.85,63.93109455,-22.60527687,876.423,783.004,-0.9321,-2.3548,354.3076,-0.0082,-0.0177,0.0206,70.333,71.026,-5.5723,119.8768,0.6526,0.0,0.0,0.0,-0.03,1678.3,0.0,10.0,270.0,0,20.85,-0.020434613416905445,0.09465758130284704,-0.03,0.08390368601960829,0.6387905908805709,0.6666666666666666,0.0,-3722.0538075284726,9.56203523732155,729.923,779.504,3.1277728224449457,0.0040462995731814265,0.08085294399270851,0.8068594325499603,0.2919106977973911,-5.712400000000002,0.0,0.18602834743783153,final_approach,-0.19763232680512033,-0.7384168576842978,-5.160081319821419,
20.933,63.93112459,-22.60527649,875.912,782.699,-0.9329,-2.3564,354.3095,-0.0084,-0.0175,0.0204,70.349,71.044,-5.571,119.9073,0.6531,0.0,0.0,0.0,-0.03,1678.3,0.0,10.0,270.0,0,20.933,-0.02045053407964187,0.09468357266243377,-0.03,0.08388405581966996,0.6387976918790014,0.6666666666666666,0.0,-3718.705039803048,9.579483915867176,729.412,779.199,3.128155306076088,0.0041399557309490945,0.08104053388544523,0.8113534857657306,0.29207027066865976,-5.710499999999911,0.0,0.18664132351961207,final_approach,-0.19838700606886306,-0.7397939492746044,-5.159867859150367,
21.033,63.93115738,-22.60527609,875.355,782.202,-0.9337,-2.3581,354.3115,-0.0086,-0.0174,0.0201,70.367,71.064,-5.5694,119.9404,0.6535,0.0,0.0,0.0,-0.03,1678.4,0.0,10.0,270.0,0,21.033,-0.02046988435608943,0.09471489589119099,-0.03,0.08386338491745837,0.6388055045611187,0.6666666666666666,0.0,-3715.0497107053466,9.597805459071473,728.855,778.702,3.12857686140649,0.004152555326460719,0.08123937633410205,0.8167729117799218,0.2921752253805039,-5.708499999999958,0.0,0.18603756683601136,final_approach,-0.19926103112916493,-0.7412685247444895,-5.159633000308105,
21.133,63.93119018,-22.60527568,874.798,781.767,-0.9346,-2.3598,354.3135,-0.0089,-0.0173,0.0199,70.384,71.083,-5.5679,119.9734,0.6539,0.0,0.0,0.0,-0.03,1678.5,0.0,10.0,270.0,0,21.133,-0.020485728824782556,0.09474387515711527,-0.03,0.08384270628879298,0.6388133327375627,0.6666666666666666,0.0,-3711.393266669147,9.616616550473365,728.298,778.267,3.129000032727089,0.004165748306382453,0.08144259302120345,0.8221945947094423,0.2922803824634457,-5.7065000000000055,0.0,0.18457960621455238,final_approach,-0.20014107084750066,-0.7427524519014348,-5.159397670965717,
21.242,63.93122572,-22.60527524,874.195,781.177,-0.9356,-2.3616,354.3157,-0.009,-0.0172,0.0198,70.403,71.104,-5.5663,120.009,0.6544,0.0,0.0,0.0,-0.03,1678.5,0.0,10.0,270.0,0,21.242,-0.020503835728304,0.09477490662284137,-0.03,0.08381995087391036,0.6388218563205557,0.6666666666666666,0.0,-3707.431375856336,9.636790832637674,727.695,777.677,3.1294616891725364,0.004177353627562397,0.08166126936700081,0.8281083660430012,0.2924264554834224,-5.704299999999989,0.0,0.18364618079555234,final_approach,-0.20109705379334386,-0.7444123801008704,-5.159141431051697,
21.333,63.93125307,-22.6052749,873.731,780.729,-0.9363,-2.363,354.3173,-0.009,-0.0171,0.0197,70.417,71.121,-5.565,120.0362,0.6547,0.0,0.0,0.0,-0.03,1678.6,0.0,10.0,270.0,0,21.333,-0.02052102048392057,0.09479941885456193,-0.03,0.08380339561006267,0.6388284185729083,0.6666666666666666,0.0,-3704.382481242739,9.652384437286138,727.231,777.229,3.1298177536338754,0.004133260736043694,0.08183030717809563,0.8330429952858773,0.29249885357310745,-5.70270000000005,0.0,0.1809370874365123,final_approach,-0.20187706470339606,-0.7456962765149058,-5.1589441497527275,
21.433,63.93128863,-22.60527446,873.129,780.222,-0.9373,-2.3649,354.3194,-0.009,-0.017,0.0196,70.436,71.141,-5.5634,120.0715,0.6551,0.0,0.0,0.0,-0.03,1678.6,0.0,10.0,270.0,0,21.433,-0.020533560422670405,0.09482996338148049,-0.03,0.08378165932365722,0.6388370515982412,0.6666666666666666,0.0,-3700.4183608949725,9.67255794136996,726.629,776.722,3.1302870277937305,0.004226507546461556,0.08204945839760135,0.8384711311413513,0.2925978499142161,-5.7006000000000085,0.0,0.18176098857865225,final_approach,-0.20277881535429287,-0.7472035870821543,-5.158684609648692,
21.533,63.93132146,-22.60527405,872.572,779.786,-0.9382,-2.3665,354.3214,-0.0089,-0.017,0.0196,70.453,71.161,-5.5619,120.1039,0.6555,0.0,0.0,0.0,-0.03,1678.7,0.0,10.0,270.0,0,21.533,-0.020549598805942926,0.09485810694469776,-0.03,0.08376095018128182,0.6388449249628111,0.6666666666666666,0.0,-3696.75857255634,9.691367865390033,726.072,776.286,3.130715855931128,0.004236803184380688,0.082253585129116,0.8439015858837918,0.2927043382142074,-5.698599999999942,0.0,0.18069180779877084,final_approach,-0.2036610409914914,-0.7486927606950466,-5.158447902693272,
21.642,63.93135704,-22.60527361,871.97,779.347,-0.9391,-2.3683,354.3235,-0.0088,-0.0169,0.0195,70.472,71.181,-5.5602,120.1388,0.6558,0.0,0.0,0.0,-0.03,1678.7,0.0,10.0,270.0,0,21.642,-0.020566572012731765,0.09488976818089104,-0.03,0.0837391972693633,0.6388535877127162,0.6666666666666666,0.0,-3692.7922226736187,9.71154059104525,725.47,775.847,3.1311886187614197,0.004253548265717296,0.08247325332870918,0.8498249947345766,0.2927565699423553,-5.6965000000000146,0.0,0.18011181859937594,final_approach,-0.20461941506720294,-0.7502148939116591,-5.158187457917425,
21.742,63.93138715,-22.60527324,871.46,778.845,-0.94,-2.3699,354.3253,-0.0088,-0.0168,0.0195,70.487,71.199,-5.5589,120.1682,0.6561,0.0,0.0,0.0,-0.03,1678.8,0.0,10.0,270.0,0,21.742,-0.020579511773310966,0.09491369809883102,-0.03,0.08372054513942673,0.6388608744184832,0.6666666666666666,0.0,-3689.4356517484543,9.728496608549705,724.96,775.345,3.1315870525668474,0.004208679897143904,0.08265837160193576,0.8552580819123217,0.2928230880489764,-5.694700000000012,0.0,0.17737438054488755,final_approach,-0.2054769036848505,-0.7516065833206031,-5.1579683792970386,
21.833,63.93142001,-22.60527283,870.904,778.375,-0.9408,-2.3715,354.3273,-0.0086,-0.0166,0.0195,70.504,71.218,-5.5574,120.2002,0.6564,0.0,0.0,0.0,-0.03,1678.9,0.0,10.0,270.0,0,21.833,-0.02059355359691628,0.09494118473199847,-0.03,0.08369981321439346,0.6388688713166647,0.6666666666666666,0.0,-3685.772519108181,9.747305365014173,724.404,774.875,3.1320251314906904,0.004309575598980666,0.08286319279853306,0.8602043496085207,0.292882805766169,-5.692700000000059,0.0,0.17823245384201625,final_approach,-0.20630534920684696,-0.7529442765413688,-5.157727943653654,
21.942,63.93145562,-22.60527239,870.302,777.817,-0.9418,-2.3732,354.3294,-0.0083,-0.0164,0.0195,70.523,71.238,-5.5558,120.2347,0.6567,0.0,0.0,0.0,-0.03,1678.9,0.0,10.0,270.0,0,21.942,-0.020606813275550195,0.09497055856593001,-0.03,0.08367803638258176,0.6388775779593855,0.6666666666666666,0.0,-3681.8028249230256,9.76747692346163,723.802,774.317,3.1325030633227886,0.004322095617037715,0.08308360955569649,0.8661350539131807,0.29293598491531725,-5.690599999999904,0.0,0.17787604227505308,final_approach,-0.20726553032104889,-0.7544705205323083,-5.157466163138004,
22.042,63.9314885,-22.60527198,869.747,777.5,-0.9426,-2.3748,354.3313,-0.0081,-0.0163,0.0195,70.539,71.257,-5.5543,120.2663,0.6569,0.0,0.0,0.0,-0.03,1679.0,0.0,10.0,270.0,0,22.042,-0.020621765954447757,0.09499717224565048,-0.03,0.08365832619967062,0.6388856824637476,0.6666666666666666,0.0,-3678.1374627477967,9.786284901671548,723.247,774.0,3.132948858861533,0.004344738912105156,0.08328891531483495,0.871576828598287,0.29294904122122034,-5.688699999999926,0.0,0.17625094752278017,final_approach,-0.20815058289553434,-0.7558231704982337,-5.157222481711514,
22.133,63.93151864,-22.60527161,869.238,776.944,-0.9433,-2.3763,354.3331,-0.0079,-0.0163,0.0194,70.555,71.274,-5.553,120.2952,0.6572,0.0,0.0,0.0,-0.03,1679.0,0.0,10.0,270.0,0,22.133,-0.02063939933567327,0.09502074897000651,-0.03,0.08363964696744319,0.638893090743214,0.6666666666666666,0.0,-3674.7775475201993,9.803239751794184,722.738,773.444,3.133357136073907,0.004368376222311333,0.08347487518457174,0.8765292591933348,0.29301674278866585,-5.686899999999923,0.0,0.1762121500956401,final_approach,-0.20895488335133194,-0.7571364904163698,-5.156999729525609,
22.242,63.93155154,-22.6052712,868.683,776.498,-0.9441,-2.3779,354.335,-0.0077,-0.0161,0.0194,70.571,71.293,-5.5515,120.3266,0.6574,0.0,0.0,0.0,-0.03,1679.1,0.0,10.0,270.0,0,22.242,-0.020657663401240534,0.09504699854264403,-0.03,0.08361992321614853,0.6389012238953553,0.6666666666666666,0.0,-3671.1099558100145,9.82204695174956,722.183,772.998,3.1338062228466232,0.004326990541094704,0.08368062977052138,0.8824657248632526,0.29303029161107474,-5.684999999999945,0.0,0.17353731743472775,final_approach,-0.20989640360402007,-0.7585749057654798,-5.156755176984429,
22.333,63.93158444,-22.60527079,868.127,776.045,-0.9449,-2.3795,354.337,-0.0076,-0.016,0.0193,70.588,71.311,-5.5501,120.3579,0.6576,0.0,0.0,0.0,-0.03,1679.1,0.0,10.0,270.0,0,22.333,-0.02066917720472483,0.09507188657131936,-0.03,0.0835991538462485,0.6389092772070615,0.6666666666666666,0.0,-3667.44236409983,9.840854151878993,721.627,772.545,3.1342517946634154,0.004421891049432729,0.08388660889801847,0.8874225935742203,0.29304409345292015,-5.682999999999993,0.0,0.17474421465094767,final_approach,-0.21072756734318077,-0.7598474857190975,-5.156513020100746,
22.433,63.93161735,-22.60527038,867.573,775.54,-0.9456,-2.381,354.3389,-0.0074,-0.0158,0.0192,70.604,71.33,-5.5486,120.389,0.6578,0.0,0.0,0.0,-0.03,1679.2,0.0,10.0,270.0,0,22.433,-0.020688190537340168,0.09509773266301057,-0.03,0.08357941579527617,0.6389175010796124,0.6666666666666666,0.0,-3663.773657622168,9.859660962707094,721.073,772.04,3.1347077267470675,0.004444796013947485,0.084092823567593,0.8928738006190656,0.29305840818494744,-5.681100000000015,0.0,0.17340383150086616,final_approach,-0.21161487883849261,-0.7612053902130373,-5.156265729414791,
22.533,63.93165027,-22.60526997,867.018,775.187,-0.9464,-2.3826,354.3408,-0.0073,-0.0157,0.0191,70.621,71.348,-5.5471,120.42,0.658,0.0,0.0,0.0,-0.03,1679.2,0.0,10.0,270.0,0,22.533,-0.020703384839335204,0.09512378533637514,-0.03,0.08355967077859017,0.6389256606141069,0.6666666666666666,0.0,-3660.10383637782,9.878467384582258,720.518,771.687,3.1351610201520717,0.004459485686629738,0.08429927427102785,0.898327482044105,0.2930729755018149,-5.679200000000037,0.0,0.17309439227351076,final_approach,-0.21250277976269416,-0.7625645519189597,-5.156020368202558,
22.633,63.9316832,-22.60526956,866.463,774.568,-0.9471,-2.3841,354.3427,-0.007,-0.0155,0.019,70.637,71.366,-5.5457,120.4509,0.6582,0.0,0.0,0.0,-0.03,1679.3,0.0,10.0,270.0,0,22.633,-0.020722491565865586,0.09514770282396427,-0.03,0.0835399187967133,0.6389338339736528,0.6666666666666666,0.0,-3656.432900365202,9.897273417155812,719.963,771.068,3.135616014569169,0.004474562100687314,0.08450596149549475,0.9037836532535073,0.29308779524481565,-5.677300000000059,0.0,0.17190399297592404,final_approach,-0.21339127249174794,-0.7639249741261338,-5.15577458610835,
22.75,63.93171888,-22.60526912,865.862,774.19,-0.9478,-2.3857,354.3448,-0.0069,-0.0153,0.0188,70.654,71.386,-5.5441,120.4841,0.6584,0.0,0.0,0.0,-0.03,1679.3,0.0,10.0,270.0,0,22.75,-0.020747908788094793,0.09517462370997472,-0.03,0.08351807955593271,0.6389427148916391,0.6666666666666666,0.0,-3652.455402809287,9.917442251712906,719.362,770.69,3.136111462973052,0.0044345687076707985,0.08472839022329746,0.9101721186619445,0.2930966304840865,-5.675199999999904,0.0,0.16948537045984996,final_approach,-0.21440580202169812,-0.7654661862984842,-5.155507521087461,
22.833,63.93174908,-22.60526875,865.354,773.709,-0.9485,-2.3871,354.3465,-0.0068,-0.015,0.0187,70.669,71.403,-5.5427,120.5121,0.6586,0.0,0.0,0.0,-0.03,1679.4,0.0,10.0,270.0,0,22.833,-0.02076055926203768,0.09519815509036413,-0.03,0.08350039393948372,0.6389502839707734,0.6666666666666666,0.0,-3649.088798976824,9.93439476689784,718.854,770.209,3.1365346083719587,0.004545163479096675,0.08491584886917632,0.9147019912564547,0.29311897083482563,-5.67349999999999,0.0,0.17050696328770681,final_approach,-0.2151643403049306,-0.766642198973635,-5.155279900587303,
22.933,63.93178204,-22.60526834,864.8,773.248,-0.9491,-2.3886,354.3484,-0.0069,-0.015,0.0185,70.685,71.421,-5.5412,120.5426,0.6588,0.0,0.0,0.0,-0.03,1679.4,0.0,10.0,270.0,0,22.933,-0.02078368517907403,0.09522308895322174,-0.03,0.08348062106518261,0.6389585758265465,0.6666666666666666,0.0,-3645.4145186625647,9.95319963226391,718.3,769.748,3.1369990978567897,0.004561785373965402,0.08512324627933002,0.9201653092468662,0.29313480652447765,-5.6715999999998985,0.0,0.16955178480701086,final_approach,-0.21605457280441698,-0.7680067383160658,-5.155030539365903,
23.033,63.931815,-22.60526793,864.246,772.723,-0.9498,-2.39,354.3502,-0.0069,-0.0149,0.0183,70.701,71.439,-5.5397,120.5729,0.6589,0.0,0.0,0.0,-0.03,1679.5,0.0,10.0,270.0,0,23.033,-0.02080057894731141,0.09524785085996267,-0.03,0.08346188244545572,0.6389668653343592,0.6666666666666666,0.0,-3641.740238348306,9.972004497455922,717.746,769.223,3.1374644421578934,0.004577061646810802,0.08533087130397518,0.9256311786797743,0.29310363543294216,-5.669800000000009,0.0,0.16868344073363797,final_approach,-0.21694539232188603,-0.7693013591981419,-5.1547812434438285,
23.133,63.93184522,-22.60526755,863.738,772.321,-0.9505,-2.3914,354.3519,-0.007,-0.0149,0.0181,70.716,71.455,-5.5383,120.6005,0.6591,0.0,0.0,0.0,-0.03,1679.5,0.0,10.0,270.0,0,23.133,-0.02081981403858918,0.09527089367193978,-0.03,0.08344417912228375,0.6389744593770241,0.6666666666666666,0.0,-3638.371404810658,9.989446171711453,717.238,768.821,3.1378916166936635,0.0045261755986257075,0.08552314951115107,0.9310980563686234,0.2931269962432168,-5.668099999999981,0.0,0.16698494612148987,final_approach,-0.2178161145836377,-0.7706478276500892,-5.154552858049957,
23.242,63.93188369,-22.60526707,863.092,771.827,-0.9513,-2.3931,354.354,-0.007,-0.0148,0.0179,70.734,71.476,-5.5366,120.6356,0.6592,0.0,0.0,0.0,-0.03,1679.6,0.0,10.0,270.0,0,23.242,-0.020837131991475077,0.09529837399451963,-0.03,0.0834223026163815,0.6389841764717513,0.6666666666666666,0.0,-3634.0828864697232,10.011466188893527,716.592,768.327,3.1384394390957113,0.004609461931649652,0.08576663008788828,0.9370636294433974,0.29308338447421534,-5.66599999999994,0.0,0.1668170068994365,final_approach,-0.21881059428073613,-0.7720798008798404,-5.154260616884979,
23.333,63.93191393,-22.6052667,862.585,771.415,-0.9519,-2.3944,354.3556,-0.0071,-0.0147,0.0177,70.749,71.492,-5.5352,120.663,0.6594,0.0,0.0,0.0,-0.03,1679.7,0.0,10.0,270.0,0,23.333,-0.020857105674002674,0.09532103416574848,-0.03,0.08340562909425864,0.6389918740617235,0.6666666666666666,0.0,-3630.711823568141,10.028417147569643,716.085,767.915,3.1388743892041546,0.004637830196600555,0.08595517082302076,0.9420431236456471,0.293107256744662,-5.6644000000000005,0.0,0.16663683943904914,final_approach,-0.21962134051328164,-0.7733366964870516,-5.154029107048878,
23.433,63.93194418,-22.60526632,862.077,771.006,-0.9526,-2.3957,354.3572,-0.0073,-0.0147,0.0176,70.763,71.508,-5.5339,120.6902,0.6595,0.0,0.0,0.0,-0.03,1679.7,0.0,10.0,270.0,0,23.433,-0.020874071262279414,0.0953417272900937,-0.03,0.08338895063574858,0.6389995074834579,0.6666666666666666,0.0,-3627.3396457280596,10.045857654617418,715.577,767.506,3.1393065764352754,0.0045851705490351485,0.0861481142964378,0.9475177913298055,0.29308416505213586,-5.662800000000061,0.0,0.16421530858096267,final_approach,-0.2204938160204577,-0.7746158182094796,-5.153799522588923,
23.533,63.93197993,-22.60526588,861.478,770.423,-0.9534,-2.3972,354.3591,-0.0072,-0.0145,0.0174,70.78,71.527,-5.5323,120.7223,0.6596,0.0,0.0,0.0,-0.03,1679.8,0.0,10.0,270.0,0,23.533,-0.020887855868109595,0.09536708783106859,-0.03,0.08336913855518735,0.6390086310090723,0.6666666666666666,0.0,-3623.3543448005935,10.066023765109815,714.978,766.923,3.139824264937506,0.004683789627913715,0.08637256786958054,0.9529966554789976,0.2930483771754666,-5.66089999999997,0.0,0.16474118961905304,final_approach,-0.22140826008002534,-0.7759390120297027,-5.15352511552873,
23.642,63.93201569,-22.60526543,860.879,769.96,-0.9542,-2.3988,354.361,-0.0072,-0.0144,0.0172,70.797,71.546,-5.5307,120.7543,0.6598,0.0,0.0,0.0,-0.03,1679.8,0.0,10.0,270.0,0,23.642,-0.02090803639765848,0.0953922493592119,-0.03,0.08334931951453362,0.6390177663859132,0.6666666666666666,0.0,-3619.3679289338365,10.08667942397359,714.379,766.46,3.1403438730685256,0.0046976658688569735,0.0866015071168847,0.9589736652398309,0.29306031434967394,-5.658999999999992,0.0,0.16394319990388992,final_approach,-0.2223848779863964,-0.7774276931754418,-5.153250345571589,
23.733,63.93204596,-22.60526506,860.372,769.569,-0.9548,-2.4,354.3626,-0.0072,-0.0143,0.0171,70.811,71.562,-5.5293,120.7812,0.6598,0.0,0.0,0.0,-0.03,1679.9,0.0,10.0,270.0,0,23.733,-0.020922683171985312,0.09541403064204282,-0.03,0.08333262439807165,0.639025499384701,0.6666666666666666,0.0,-3615.9935217298207,10.103629215267889,713.872,766.069,3.1407846981779297,0.004722093552626462,0.08679091923251937,0.9639627521054294,0.2929905919516216,-5.657400000000052,0.0,0.16302528662592375,final_approach,-0.2231978518001334,-0.7785469587408596,-5.1530177506977,
23.833,63.93207899,-22.60526465,859.819,769.0,-0.9556,-2.4014,354.3643,-0.0071,-0.0141,0.0169,70.826,71.579,-5.5279,120.8104,0.6599,0.0,0.0,0.0,-0.03,1679.9,0.0,10.0,270.0,0,23.833,-0.0209364888682268,0.09543555805381378,-0.03,0.0833148804295536,0.6390339518690964,0.6666666666666666,0.0,-3612.3114380440097,10.12243135674332,713.319,765.5,3.141267575704366,0.004739873837915863,0.08700045816939685,0.9694495887486841,0.2929623680859663,-5.655700000000024,0.0,0.16184116965991857,final_approach,-0.22409355248699825,-0.7798532863109653,-5.152763509683485,
23.942,63.93211477,-22.6052642,859.22,768.529,-0.9563,-2.4029,354.3661,-0.0071,-0.0141,0.0167,70.843,71.598,-5.5263,120.8419,0.66,0.0,0.0,0.0,-0.03,1680.0,0.0,10.0,270.0,0,23.942,-0.020958301303543647,0.0954601879911441,-0.03,0.0832960866262592,0.6390431074645325,0.6666666666666666,0.0,-3608.3227926430895,10.143086237178766,712.72,765.029,3.141791852346007,0.00475154110597134,0.08723017507578863,0.9754353443261583,0.2929282018612014,-5.6539000000000215,0.0,0.16130681812286995,final_approach,-0.2250721791915673,-0.781275531310035,-5.1524881136622795,
24.042,63.93214782,-22.60526379,858.668,768.069,-0.957,-2.4043,354.3678,-0.0072,-0.014,0.0166,70.858,71.615,-5.5248,120.8709,0.6601,0.0,0.0,0.0,-0.03,1680.0,0.0,10.0,270.0,0,24.042,-0.020976077492643685,0.09548293103455345,-0.03,0.08327833118895922,0.6390516602415149,0.6666666666666666,0.0,-3604.6384794223236,10.161887600399654,712.168,764.569,3.1422827753010787,0.004777822513428742,0.0874402208759823,0.9809279152660028,0.29290052497324837,-5.6521999999999935,0.0,0.16027892556624573,final_approach,-0.2259691930315313,-0.7825846383782249,-5.152230844279291,
24.142,63.93218087,-22.60526338,858.115,767.641,-0.9578,-2.4056,354.3694,-0.0073,-0.0138,0.0165,70.873,71.632,-5.5233,120.8997,0.6601,0.0,0.0,0.0,-0.03,1680.1,0.0,10.0,270.0,0,24.142,-0.020987632642164356,0.09550556180292678,-0.03,0.08326161510101049,0.6390601326943551,0.6666666666666666,0.0,-3600.9541662007646,10.180688963446201,711.615,764.141,3.1427702059818934,0.004793903229215125,0.08765049924328491,0.9864232054727778,0.29282598917200175,-5.65059999999994,0.0,0.15934447778749694,final_approach,-0.22686681930357722,-0.7838240947332835,-5.151975985483716,
24.233,63.93221117,-22.60526301,857.609,767.103,-0.9585,-2.4069,354.3709,-0.0073,-0.0138,0.0164,70.887,71.648,-5.522,120.926,0.6602,0.0,0.0,0.0,-0.03,1680.1,0.0,10.0,270.0,0,24.233,-0.02100176484132832,0.0955249999021821,-0.03,0.08324593928782309,0.6390679723449344,0.6666666666666666,0.0,-3597.5764146951083,10.197637587358955,711.109,763.603,3.143222229215395,0.004822800737718572,0.08784100197596109,0.9914245862626563,0.2928053339542487,-5.649099999999976,0.0,0.15884463015646139,final_approach,-0.2276826135415675,-0.7850214513284541,-5.151740156986271,
24.342,63.932247,-22.60526256,857.011,766.659,-0.9592,-2.4083,354.3727,-0.0071,-0.0136,0.0163,70.903,71.666,-5.5204,120.9569,0.6602,0.0,0.0,0.0,-0.03,1680.2,0.0,10.0,270.0,0,24.342,-0.02102106612885596,0.0955487036915886,-0.03,0.08322712258860165,0.6390772651474279,0.6666666666666666,0.0,-3593.5821954575913,10.218290522332373,710.511,763.159,3.1437592913255648,0.0048401965018754385,0.0880717894777573,0.9974222353189774,0.2927254253849014,-5.647299999999973,0.0,0.15774866294457757,final_approach,-0.2286639892034401,-0.7863789110127328,-5.151460609330165,
24.433,63.93227731,-22.60526219,856.505,766.3,-0.9599,-2.4095,354.3742,-0.0071,-0.0135,0.0162,70.917,71.682,-5.5191,120.983,0.6602,0.0,0.0,0.0,-0.03,1680.2,0.0,10.0,270.0,0,24.433,-0.021032536018927572,0.09556786032557583,-0.03,0.08321143723673419,0.6390851127402987,0.6666666666666666,0.0,-3590.2033291836647,10.235238757117575,710.005,762.8,3.1442138954975407,0.004866105458478531,0.08826272920220529,1.0024286295625773,0.2926579615961771,-5.645800000000008,0.0,0.15739388939017104,final_approach,-0.22948092338462445,-0.7875074803521755,-5.151224531509055,
24.542,63.93231315,-22.60526174,855.907,765.782,-0.9606,-2.411,354.3759,-0.0069,-0.0135,0.016,70.933,71.7,-5.5175,121.0137,0.6602,0.0,0.0,0.0,-0.03,1680.3,0.0,10.0,270.0,0,24.542,-0.021052287538573078,0.0955912426088507,-0.03,0.08319365526369216,0.6390944118600972,0.6666666666666666,0.0,-3586.2079951786704,10.255891302963716,709.407,762.282,3.1447538581454784,0.004880718842214746,0.08849403813441815,1.0084323223651517,0.29257864488292284,-5.64409999999998,0.0,0.156429807702495,final_approach,-0.23046366618144987,-0.7888678692733571,-5.150944781475619,
24.633,63.93234348,-22.60526137,855.401,765.319,-0.9613,-2.4122,354.3774,-0.0069,-0.0133,0.0159,70.946,71.715,-5.5162,121.0395,0.6602,0.0,0.0,0.0,-0.03,1680.3,0.0,10.0,270.0,0,24.633,-0.0210638706199609,0.09560996614973372,-0.03,0.08317796066343108,0.6391022822777502,0.6666666666666666,0.0,-3582.82689937058,10.272838759494649,708.901,761.819,3.145211948320925,0.0049062586971693346,0.08868542805230538,1.0134437849400704,0.2925120189543975,-5.642599999999902,0.0,0.15519592908018165,final_approach,-0.23128176386748578,-0.7899994350653525,-5.15070800656704,
24.742,63.93237934,-22.60526092,854.804,764.813,-0.962,-2.4136,354.3791,-0.0068,-0.0132,0.0158,70.962,71.733,-5.5146,121.0699,0.6602,0.0,0.0,0.0,-0.03,1680.4,0.0,10.0,270.0,0,24.742,-0.021083748899763388,0.09563299475500871,-0.03,0.08316016820957106,0.6391116783630423,0.6666666666666666,0.0,-3578.82933583063,10.293490527086245,708.304,761.313,3.1457601531688897,0.004926782626791839,0.08891727200117303,1.0194535885029161,0.2924335504248745,-5.640899999999988,0.0,0.15443166196614103,final_approach,-0.2322658992336386,-0.791363177290739,-5.150425326947872,
24.833,63.93240969,-22.60526055,854.298,764.334,-0.9627,-2.4147,354.3806,-0.0068,-0.0131,0.0157,70.976,71.748,-5.5133,121.0955,0.6602,0.0,0.0,0.0,-0.03,1680.4,0.0,10.0,270.0,0,24.833,-0.021095430538537185,0.09565158569445857,-0.03,0.08314446436214118,0.6391195709901036,0.6666666666666666,0.0,-3575.4460104875848,10.31043720536263,707.798,760.834,3.1462217541971147,0.00495107531761046,0.08910911403015587,1.024470175327868,0.2923675022200314,-5.639400000000023,0.0,0.15437843395522927,final_approach,-0.2330851692438003,-0.7924973609182278,-5.150187873329685,
24.933,63.9324428,-22.60526014,853.747,763.942,-0.9633,-2.416,354.3821,-0.0069,-0.013,0.0156,70.99,71.765,-5.5118,121.1233,0.6601,0.0,0.0,0.0,-0.03,1680.5,0.0,10.0,270.0,0,24.933,-0.02111274799152485,0.09567282469836198,-0.03,0.08312875618052107,0.6391282537239861,0.6666666666666666,0.0,-3571.755008662744,10.32923623382015,707.247,760.442,3.14673074855805,0.004974220032900908,0.08932131682764184,1.029987406426206,0.2922485073419807,-5.637899999999945,0.0,0.15307130359565896,final_approach,-0.23398780008514208,-0.793677333065121,-5.149926643381605,
25.042,63.93247868,-22.60525969,853.15,763.324,-0.9641,-2.4174,354.3838,-0.0068,-0.0128,0.0155,71.006,71.782,-5.5103,121.1533,0.6601,0.0,0.0,0.0,-0.03,1680.5,0.0,10.0,270.0,0,25.042,-0.021128943058183913,0.09569380652841492,-0.03,0.08311094833547394,0.6391376645981804,0.6666666666666666,0.0,-3567.755215587046,10.349887222982865,706.65,759.824,3.1472838390477453,0.004990887473434716,0.08955395572654286,1.0360065000237173,0.2921711898457602,-5.636199999999917,0.0,0.15250018425293857,final_approach,-0.2349740282740349,-0.7950459288520673,-5.149643499908358,
25.133,63.93250905,-22.60525932,852.645,762.989,-0.9647,-2.4185,354.3852,-0.0069,-0.0127,0.0154,71.019,71.797,-5.509,121.1785,0.66,0.0,0.0,0.0,-0.03,1680.6,0.0,10.0,270.0,0,25.133,-0.021142242723702076,0.09571184957124236,-0.03,0.08309627887177307,0.6391456497842065,0.6666666666666666,0.0,-3564.3696607098373,10.366833123179038,706.145,759.489,3.147754300274572,0.005020723493112249,0.08974646771751926,1.0410308755359394,0.2920589920027794,-5.634800000000041,0.0,0.15162354412605364,final_approach,-0.2357950574803347,-0.7961132463912328,-5.1494032455082746,
25.233,63.93254218,-22.60525891,852.094,762.531,-0.9654,-2.4198,354.3868,-0.0068,-0.0126,0.0153,71.033,71.814,-5.5075,121.206,0.6599,0.0,0.0,0.0,-0.03,1680.6,0.0,10.0,270.0,0,25.233,-0.021155514471247527,0.09573268286376378,-0.03,0.08307950914816153,0.6391543476707312,0.6666666666666666,0.0,-3560.6764293500414,10.385631373207953,705.594,759.031,3.1482679732306083,0.005040057837654258,0.08995940506675965,1.0465567131241624,0.29194092143924877,-5.633199999999988,0.0,0.1505668582964084,final_approach,-0.23669962464557415,-0.7972974995413722,-5.149141542101294,
25.333,63.93257533,-22.6052585,851.543,762.03,-0.9661,-2.421,354.3883,-0.0068,-0.0125,0.0152,71.048,71.83,-5.5061,121.2333,0.6599,0.0,0.0,0.0,-0.03,1680.7,0.0,10.0,270.0,0,25.333,-0.021171949088958197,0.09575188485630755,-0.03,0.08306378305476336,0.6391630705345458,0.6666666666666666,0.0,-3556.9809684552906,10.404428844982323,705.043,758.53,3.148784410504826,0.005060776988408412,0.0901726039942455,1.0520854511465063,0.29187067820635093,-5.63169999999991,0.0,0.15051532572400844,final_approach,-0.2376048628375429,-0.7985547687201677,-5.1488790812872445,
25.442,63.93261124,-22.60525805,850.947,761.593,-0.9668,-2.4223,354.3899,-0.0067,-0.0124,0.0151,71.063,71.847,-5.5045,121.2627,0.6598,0.0,0.0,0.0,-0.03,1680.8,0.0,10.0,270.0,0,25.442,-0.021189857943509582,0.09577371231174214,-0.03,0.08304700377944085,0.6391725791817828,0.6666666666666666,0.0,-3552.977831077952,10.42507866693755,704.447,758.093,3.1493488528935836,0.005080375913516803,0.09040631409138639,1.0581171622433019,0.29174781911444825,-5.63009999999997,0.0,0.14934253964901545,final_approach,-0.23859392226414755,-0.799859014119594,-5.1485929704490765,
25.533,63.93264163,-22.60525768,850.442,761.128,-0.9674,-2.4234,354.3913,-0.0067,-0.0123,0.015,71.076,71.862,-5.5032,121.2875,0.6597,0.0,0.0,0.0,-0.03,1680.8,0.0,10.0,270.0,0,25.533,-0.021203360276830674,0.09579126350017633,-0.03,0.08303231786984822,0.6391805747800177,0.6666666666666666,0.0,-3549.590046665787,10.44202378870512,703.942,757.628,3.149824685937575,0.005105135686156569,0.09059971769773126,1.0631521144949907,0.2916368381658856,-5.628699999999981,0.0,0.14875295812247244,final_approach,-0.23941731645723152,-0.8009316930381924,-5.148352381139379,
25.633,63.9326748,-22.60525727,849.892,760.564,-0.9681,-2.4246,354.3928,-0.0066,-0.0123,0.0149,71.09,71.878,-5.5017,121.3144,0.6596,0.0,0.0,0.0,-0.03,1680.9,0.0,10.0,270.0,0,25.633,-0.02121722141076643,0.0958115166868166,-0.03,0.0830165787788738,0.6391893858725778,0.6666666666666666,0.0,-3545.89235623608,10.460820482399,703.392,757.064,3.150350337656292,0.005130365936325293,0.09081365719714748,1.0686896398330554,0.2915205100612184,-5.6271999999999025,0.0,0.1479572346568025,final_approach,-0.240324519250251,-0.8021225027824137,-5.1480872476877835,
25.742,63.93271074,-22.60525682,849.296,760.082,-0.9688,-2.4259,354.3944,-0.0066,-0.0122,0.0148,71.105,71.895,-5.5002,121.3435,0.6594,0.0,0.0,0.0,-0.03,1680.9,0.0,10.0,270.0,0,25.742,-0.021232556655545243,0.09583134673900291,-0.03,0.08299978564037169,0.6391989207276915,0.6666666666666666,0.0,-3541.8858745571006,10.481469136798625,702.796,756.582,3.1509207002820325,0.005147419053574929,0.091048185271365,1.0747309863362409,0.29135137132965383,-5.625599999999963,0.0,0.14701700231519185,final_approach,-0.24131574069025774,-0.8033602926743466,-5.1478003288112895,
25.833,63.93274115,-22.60525645,848.792,759.714,-0.9694,-2.427,354.3958,-0.0065,-0.0122,0.0147,71.118,71.91,-5.4989,121.3679,0.6593,0.0,0.0,0.0,-0.03,1681.0,0.0,10.0,270.0,0,25.833,-0.02124622841403495,0.09584849881560274,-0.03,0.08298508760126244,0.6392070048614927,0.6666666666666666,0.0,-3538.495860609981,10.498413480485707,702.292,756.214,3.1514055408958312,0.00517750235013796,0.0912422682176115,1.0797740154188233,0.2912415710216294,-5.624199999999973,0.0,0.1466388332735424,final_approach,-0.2421409388554494,-0.8044374420089824,-5.147557058913893,
25.942,63.93277434,-22.60525604,848.242,759.185,-0.9701,-2.4282,354.3972,-0.0065,-0.0121,0.0146,71.132,71.925,-5.4974,121.3945,0.6592,0.0,0.0,0.0,-0.03,1681.0,0.0,10.0,270.0,0,25.942,-0.021263879084159054,0.09586836016450212,-0.03,0.08297038578899496,0.6392158275255584,0.6666666666666666,0.0,-3534.7959406453188,10.517209395750982,701.742,755.685,3.15193600292927,0.005125689318446053,0.09145695272280255,1.0858196443429204,0.2911261764036226,-5.622799999999984,0.0,0.144984427246181,final_approach,-0.24310651048998366,-0.8057175141468509,-5.147291559186012,
26.033,63.93280753,-22.60525563,847.693,758.818,-0.9707,-2.4293,354.3987,-0.0064,-0.0121,0.0144,71.145,71.941,-5.496,121.4209,0.659,0.0,0.0,0.0,-0.03,1681.1,0.0,10.0,270.0,0,26.033,-0.02127580009710356,0.09588647001828332,-0.03,0.08295462966048328,0.6392247181121061,0.6666666666666666,0.0,-3531.0960206814484,10.536005311190593,701.193,755.318,3.152471962779788,0.00525301921320751,0.09167187847336733,1.0908681323628233,0.2909641582674851,-5.621300000000019,0.0,0.14479103775625932,final_approach,-0.2439597702878018,-0.8067582771296973,-5.147024009367179,
26.133,63.93284073,-22.60525522,847.143,758.347,-0.9714,-2.4305,354.4001,-0.0065,-0.0121,0.0143,71.159,71.957,-5.4946,121.4473,0.6588,0.0,0.0,0.0,-0.03,1681.1,0.0,10.0,270.0,0,26.133,-0.02128753216187662,0.09590451525064317,-0.03,0.08293992003309791,0.6392335426914998,0.6666666666666666,0.0,-3527.3949859493077,10.554800837328594,700.643,754.847,3.1530053588341826,0.005266509434997124,0.09188705804947861,1.096420611059895,0.2908022105648058,-5.619899999999916,0.0,0.14435548886933602,final_approach,-0.24487028968359326,-0.8078853510033976,-5.1467584398805855,
26.242,63.93287671,-22.60525477,846.548,757.778,-0.9721,-2.4318,354.4016,-0.0064,-0.0118,0.0141,71.174,71.973,-5.4931,121.4756,0.6587,0.0,0.0,0.0,-0.03,1681.2,0.0,10.0,270.0,0,26.242,-0.02130629897330011,0.09592362377985092,-0.03,0.08292415553176258,0.6392431767740498,0.6666666666666666,0.0,-3523.3840452004174,10.575447935393184,700.048,754.278,3.1535893088148743,0.005281647741231025,0.0921229484016719,1.1024783508821598,0.29068263972476416,-5.618400000000065,0.0,0.14374268796294962,final_approach,-0.24586515076071436,-0.8092032063274956,-5.146468502072363,
26.333,63.93290439,-22.60525443,846.09,757.394,-0.9726,-2.4327,354.4028,-0.0064,-0.0116,0.014,71.185,71.986,-5.4919,121.4973,0.6585,0.0,0.0,0.0,-0.03,1681.2,0.0,10.0,270.0,0,26.333,-0.021321111487375533,0.09593895765219444,-0.03,0.08291154081281404,0.6392505638507858,0.6666666666666666,0.0,-3520.298363263223,10.591028698842733,699.59,753.894,3.1540382189144944,0.0052235527873264525,0.09230197454810694,1.1075336462350283,0.2905328380389278,-5.617199999999912,0.0,0.1416641818644157,final_approach,-0.24667190188788268,-0.8101923160049296,-5.146246183049886,
26.442,63.93294315,-22.60525396,845.45,756.892,-0.9734,-2.434,354.4044,-0.0063,-0.0115,0.0139,71.201,72.004,-5.4903,121.5275,0.6583,0.0,0.0,0.0,-0.03,1681.3,0.0,10.0,270.0,0,26.442,-0.02133364262767007,0.09595899034871669,-0.03,0.08289471687667582,0.6392609980362723,0.6666666666666666,0.0,-3515.977516838831,10.61254749400984,698.95,753.392,3.1546740279805334,0.005325145772372937,0.09255033991839978,1.11359759437148,0.2903613811448338,-5.615599999999972,0.0,0.14213007358816013,final_approach,-0.2476838895357254,-0.8114578185730164,-5.145932152036416,
26.533,63.93297084,-22.60525362,844.992,756.434,-0.9739,-2.435,354.4056,-0.0062,-0.0114,0.0137,71.212,72.017,-5.4891,121.549,0.6582,0.0,0.0,0.0,-0.03,1681.3,0.0,10.0,270.0,0,26.533,-0.02135129995805568,0.09597412889475085,-0.03,0.0828820956915981,0.6392683880519828,0.6666666666666666,0.0,-3512.890720133367,10.628127868331836,698.492,752.934,3.155125573433335,0.00526462780078984,0.09272978114779203,1.1186580917530022,0.29025934781572005,-5.614399999999932,0.0,0.14019816879643904,final_approach,-0.24849177287483926,-0.8125205381034508,-5.145709734346202,
26.633,63.93300685,-22.60525317,844.398,755.978,-0.9746,-2.4361,354.4071,-0.0062,-0.0111,0.0136,71.226,72.033,-5.4876,121.5767,0.6579,0.0,0.0,0.0,-0.03,1681.4,0.0,10.0,270.0,0,26.633,-0.02136153578978417,0.09599270643379385,-0.03,0.08286631531360245,0.6392781097752158,0.6666666666666666,0.0,-3508.8764350828355,10.648773798840823,697.898,752.478,3.15572116278336,0.00537983875069973,0.0929667450329022,1.124225905950449,0.29004728212970576,-5.612899999999968,0.0,0.14018015345130466,final_approach,-0.24943270551158747,-0.8136179041920641,-5.14541713267889,
26.733,63.93303732,-22.6052528,843.895,755.573,-0.9751,-2.4371,354.4083,-0.0062,-0.011,0.0135,71.238,72.047,-5.4863,121.6001,0.6578,0.0,0.0,0.0,-0.03,1681.5,0.0,10.0,270.0,0,26.733,-0.021383536881838416,0.09600881854857915,-0.03,0.08285368789405934,0.6392863004848068,0.6666666666666666,0.0,-3505.4797325316413,10.665715807764542,697.395,752.073,3.1562243540352766,0.00532185104544421,0.0931628707811728,1.1297947733420648,0.28994050281721684,-5.611699999999928,0.0,0.13834559404664087,final_approach,-0.2503199784155399,-0.8147929897813846,-5.145170605333465,
26.833,63.93307334,-22.60525235,843.3,755.011,-0.9758,-2.4383,354.4098,-0.0062,-0.0108,0.0134,71.252,72.063,-5.4847,121.6275,0.6575,0.0,0.0,0.0,-0.03,1681.6,0.0,10.0,270.0,0,26.833,-0.021393906507347515,0.09602875635629035,-0.03,0.08283789972343247,0.6392959468183506,0.6666666666666666,0.0,-3501.4643327128397,10.686361349145978,696.8,751.511,3.156818624471624,0.005425326598449399,0.09340038023665145,1.135368828787923,0.2897293627749491,-5.610199999999963,0.0,0.13849599458785178,final_approach,-0.25126233210823656,-0.8158938731781618,-5.1448802593432745,
26.933,63.9331066,-22.60525195,842.752,754.686,-0.9764,-2.4393,354.4111,-0.0062,-0.0108,0.0133,71.266,72.078,-5.4833,121.6526,0.6573,0.0,0.0,0.0,-0.03,1681.6,0.0,10.0,270.0,0,26.933,-0.0214100473375064,0.09604574562740854,-0.03,0.08282421314065336,0.6393049489363276,0.6666666666666666,0.0,-3497.756609547646,10.704664603369807,696.252,751.186,3.1573748353310633,0.005448123597773225,0.0936133000146923,1.1409455960267658,0.2895712660562708,-5.608899999999949,0.0,0.13863272235260143,final_approach,-0.2521726101780324,-0.8170263166180902,-5.1446092971492305,
27.033,63.93313986,-22.60525154,842.204,754.155,-0.9771,-2.4404,354.4124,-0.0063,-0.0108,0.0132,71.278,72.093,-5.4819,121.6777,0.6571,0.0,0.0,0.0,-0.03,1681.7,0.0,10.0,270.0,0,27.033,-0.02142269134450875,0.09606272840760868,-0.03,0.08281052330660976,0.6393139427811253,0.6666666666666666,0.0,-3494.0488862122234,10.72345779474472,695.704,750.655,3.1579321188755385,0.005468908905602927,0.09383074788200324,1.1465255188282104,0.2894132345581397,-5.607600000000048,0.0,0.1369388385023652,final_approach,-0.2530892063076884,-0.8181683621374702,-5.144338577694668,
27.142,63.93317591,-22.6052511,841.61,753.606,-0.9777,-2.4415,354.4139,-0.0062,-0.0106,0.013,71.292,72.109,-5.4804,121.7046,0.6569,0.0,0.0,0.0,-0.03,1681.8,0.0,10.0,270.0,0,27.142,-0.021442866242469105,0.096080697387866,-0.03,0.08279472330445314,0.6393236793194379,0.6666666666666666,0.0,-3490.030142262009,10.743612231593527,695.11,750.106,3.158537222920192,0.005482659630286133,0.09406483026022558,1.152612875941499,0.2892506944716047,-5.606099999999969,0.0,0.13616625018146297,final_approach,-0.25408502080761153,-0.8194228762875699,-5.144045495696126,
27.242,63.93320919,-22.60525069,841.062,753.122,-0.9784,-2.4425,354.4152,-0.0062,-0.0105,0.0129,71.305,72.124,-5.4789,121.7294,0.6566,0.0,0.0,0.0,-0.03,1681.9,0.0,10.0,270.0,0,27.242,-0.021452902033546994,0.09609895631430394,-0.03,0.08278102646830032,0.6393326849292255,0.6666666666666666,0.0,-3486.320189391631,10.762404644887955,694.562,749.622,3.159098583913212,0.005504484680272059,0.09428281630315426,1.1581991146520096,0.2890464915275288,-5.604799999999955,0.0,0.13560568198315273,final_approach,-0.2550030366017708,-0.8204975302913695,-5.143774409009321,
27.342,63.9332397,-22.60525031,840.56,752.827,-0.9789,-2.4434,354.4163,-0.0062,-0.0104,0.0128,71.317,72.137,-5.4776,121.752,0.6564,0.0,0.0,0.0,-0.03,1682.0,0.0,10.0,270.0,0,27.342,-0.021473197968543634,0.09611441055264366,-0.03,0.08276943429870132,0.6393409614972655,0.6666666666666666,0.0,-3482.919027599506,10.779835034453388,694.06,749.327,3.1596159392640764,0.005449329485000347,0.09448464771233414,1.1637869157077363,0.28889501033611964,-5.6037000000000035,0.0,0.13418698362103568,final_approach,-0.25589995471272076,-0.8216197868639838,-5.14352526236922,
27.442,63.93327576,-22.60524987,839.966,752.338,-0.9796,-2.4445,354.4177,-0.0063,-0.0103,0.0127,71.331,72.153,-5.4761,121.7785,0.6561,0.0,0.0,0.0,-0.03,1682.1,0.0,10.0,270.0,0,27.442,-0.021483985312409082,0.0961320314406818,-0.03,0.08275467726237629,0.6393506845132534,0.6666666666666666,0.0,-3478.8991688826063,10.799989082001138,693.466,748.838,3.16022548649575,0.005557019956956296,0.09471954387718241,1.1693795803764289,0.2886866501254133,-5.602300000000014,0.0,0.1347154396554959,final_approach,-0.2568409618241958,-0.8227227802101478,-5.143232567015552,
27.533,63.93330629,-22.6052495,839.464,751.823,-0.9802,-2.4454,354.4189,-0.0063,-0.0102,0.0126,71.342,72.166,-5.4748,121.8008,0.6559,0.0,0.0,0.0,-0.03,1682.1,0.0,10.0,270.0,0,27.533,-0.02149655678826623,0.09614737385256836,-0.03,0.08274202537377495,0.6393589738655241,0.6666666666666666,0.0,-3475.4957777273376,10.816928756161493,692.964,748.323,3.160746685085467,0.005585426135773292,0.09491755859230246,1.1744699601478532,0.28853605667575266,-5.601099999999974,0.0,0.13345759249400282,final_approach,-0.257676668401146,-0.8237542048528024,-5.142983023944208,
27.642,63.93333959,-22.60524909,838.917,751.385,-0.9808,-2.4464,354.4201,-0.0064,-0.0102,0.0125,71.355,72.18,-5.4734,121.8251,0.6556,0.0,0.0,0.0,-0.03,1682.2,0.0,10.0,270.0,0,27.642,-0.021514361860593023,0.09616362044643108,-0.03,0.08272937071579745,0.6393680458602907,0.6666666666666666,0.0,-3471.783595321213,10.835720391027037,692.417,747.885,3.16131872120054,0.005529194738637891,0.0951365405780747,1.1805726022156593,0.2883334258785908,-5.599899999999934,0.0,0.13216745272599542,final_approach,-0.2586543183504304,-0.8249209730825111,-5.142709914047188,
27.742,63.93337568,-22.60524865,838.324,750.923,-0.9815,-2.4475,354.4215,-0.0063,-0.01,0.0124,71.368,72.196,-5.4719,121.8512,0.6553,0.0,0.0,0.0,-0.03,1682.3,0.0,10.0,270.0,0,27.742,-0.021525344256065948,0.09618096857769771,-0.03,0.08271460344816739,0.639377854884478,0.6666666666666666,0.0,-3467.760392302672,10.855873271367305,691.824,747.423,3.1619391636047913,0.005641732955950761,0.09537227826479025,1.186174588034753,0.28812632423645823,-5.598500000000058,0.0,0.1319704115690784,final_approach,-0.25959748280180506,-0.8260290856241088,-5.1424146088890375,
27.833,63.93340622,-22.60524828,837.823,750.409,-0.9821,-2.4484,354.4226,-0.0064,-0.01,0.0123,71.379,72.209,-5.4706,121.8732,0.655,0.0,0.0,0.0,-0.03,1682.4,0.0,10.0,270.0,0,27.833,-0.021535682577795978,0.09619601701564097,-0.03,0.08270299795094549,0.6393862046147548,0.6666666666666666,0.0,-3464.355886379133,10.872812556226048,691.323,746.909,3.1624688997688657,0.005671656884673954,0.0955709850771886,1.1912734847597382,0.28792966996283553,-5.597399999999993,0.0,0.13096211241545608,final_approach,-0.2604350595075289,-0.8269939617920841,-5.142163230551144,
27.933,63.93343955,-22.60524787,837.276,749.927,-0.9827,-2.4493,354.4239,-0.0064,-0.01,0.0122,71.392,72.223,-5.4692,121.897,0.6547,0.0,0.0,0.0,-0.03,1682.5,0.0,10.0,270.0,0,27.933,-0.021550037039510916,0.09621194537135866,-0.03,0.082689279363654,0.639395290974089,0.6666666666666666,0.0,-3460.640359671367,10.891603023884107,690.776,746.427,3.1630470552683105,0.00568997323630302,0.09579075275384792,1.1968816484192573,0.28772854259412384,-5.5960999999999785,0.0,0.1308746476504063,final_approach,-0.2613578896677886,-0.8280804415300747,-5.141889668983598,
28.042,63.93347566,-22.60524743,836.683,749.509,-0.9834,-2.4504,354.4252,-0.0063,-0.0099,0.0121,71.405,72.238,-5.4676,121.9227,0.6544,0.0,0.0,0.0,-0.03,1682.6,0.0,10.0,270.0,0,28.042,-0.021564891387719387,0.09623053612549662,-0.03,0.0826755575268987,0.6394050969515817,0.6666666666666666,0.0,-3456.6149271178706,10.91175512596983,690.183,746.009,3.163672988593661,0.005698728958923233,0.09602732421031059,1.2029999567689247,0.2875227014343693,-5.594799999999964,0.0,0.12981932104999824,final_approach,-0.26236046625927045,-0.8292798695351546,-5.141594434788654,
28.133,63.93350622,-22.60524706,836.182,749.122,-0.984,-2.4512,354.4263,-0.0061,-0.0098,0.012,71.416,72.251,-5.4664,121.9444,0.6541,0.0,0.0,0.0,-0.03,1682.7,0.0,10.0,270.0,0,28.133,-0.021575394771262135,0.09624376509304633,-0.03,0.08266394420404533,0.639413447755456,0.6666666666666666,0.0,-3453.208191660169,10.928693632574303,689.682,745.622,3.1642076794211054,0.005728228028853953,0.09622674018802008,1.2081074902571687,0.2873270273928483,-5.593699999999899,0.0,0.12900657557991446,final_approach,-0.2631999490449388,-0.8302490706204058,-5.141343006449052,
28.233,63.93353956,-22.60524665,835.635,748.574,-0.9846,-2.4522,354.4275,-0.0062,-0.0097,0.0119,71.428,72.265,-5.465,121.9679,0.6538,0.0,0.0,0.0,-0.03,1682.7,0.0,10.0,270.0,0,28.233,-0.021590267943796815,0.0962595382309261,-0.03,0.08265127247144433,0.639422517877111,0.6666666666666666,0.0,-3449.4915501849255,10.94748371093103,689.135,745.074,3.164790156990013,0.005744319305557636,0.0964472723053673,1.2137251925201815,0.2871268904191311,-5.592499999999973,0.0,0.12818779598174068,final_approach,-0.26412485958383414,-0.8313401503328137,-5.141069914547209,
28.342,63.93357569,-22.60524621,835.043,748.201,-0.9853,-2.4532,354.4288,-0.0061,-0.0096,0.0118,71.441,72.28,-5.4635,121.9932,0.6534,0.0,0.0,0.0,-0.03,1682.8,0.0,10.0,270.0,0,28.342,-0.021602590136874655,0.09627623978217394,-0.03,0.08263754163713732,0.6394323902197021,0.6666666666666666,0.0,-3445.463888096473,10.967635034762203,688.543,744.701,3.1654262200172334,0.005759506190748219,0.09668468247329902,1.219853954710281,0.28687533692689726,-5.591199999999958,0.0,0.12737672862393895,final_approach,-0.26512971739600744,-0.8324741723166404,-5.140772661340726,
28.433,63.93360627,-22.60524584,834.543,747.74,-0.9859,-2.454,354.4298,-0.006,-0.0096,0.0117,71.452,72.293,-5.4622,122.0145,0.6531,0.0,0.0,0.0,-0.03,1682.9,0.0,10.0,270.0,0,28.433,-0.02161361804186296,0.09629073206451529,-0.03,0.08262697724619239,0.6394408114093678,0.6666666666666666,0.0,-3442.0549231038162,10.984572763286192,688.043,744.24,3.165970506939869,0.005796450987959637,0.09688481188652728,1.2249702489293337,0.28668089642289374,-5.590199999999982,0.0,0.12678603701076924,final_approach,-0.2659711258293065,-0.8334481091913233,-5.140519095914726,
28.533,63.93363685,-22.60524547,834.042,747.229,-0.9864,-2.4549,354.4309,-0.0058,-0.0096,0.0116,71.463,72.305,-5.461,122.0357,0.6527,0.0,0.0,0.0,-0.03,1683.0,0.0,10.0,270.0,0,28.533,-0.021628817625239882,0.09630363221825385,-0.03,0.08261535419594113,0.6394491522507414,0.6666666666666666,0.0,-3438.645958111159,11.001510491636116,687.542,743.729,3.166511176749503,0.005731492172689625,0.0970851514518245,1.2305955299114184,0.28643982625504805,-5.589099999999917,0.0,0.1252600336461498,final_approach,-0.26687029884620017,-0.8344388021255043,-5.140267944372546,
28.633,63.93367022,-22.60524506,833.496,746.772,-0.987,-2.4558,354.4321,-0.0059,-0.0094,0.0115,71.475,72.319,-5.4596,122.0587,0.6524,0.0,0.0,0.0,-0.03,1683.1,0.0,10.0,270.0,0,28.633,-0.021643929119001093,0.09631900637437976,-0.03,0.08260267185216874,0.6394582935014387,0.6666666666666666,0.0,-3434.925972333482,11.020299402611023,686.996,743.272,3.167105549271087,0.005766864346548425,0.09730670998056212,1.2362242158097698,0.28624126421715346,-5.5878999999999905,0.0,0.12478184876922772,final_approach,-0.2677977966766747,-0.8355361179229295,-5.139992685446359,
28.742,63.93370638,-22.60524462,832.905,746.361,-0.9876,-2.4568,354.4333,-0.0058,-0.0093,0.0114,71.487,72.334,-5.4582,122.0835,0.652,0.0,0.0,0.0,-0.03,1683.2,0.0,10.0,270.0,0,28.742,-0.021660716754366705,0.09633391522499286,-0.03,0.08258998674061746,0.6394682318482482,0.6666666666666666,0.0,-3430.8949659433893,11.040449559060653,686.405,742.861,3.167753929420238,0.0057971272446784225,0.0975452271506619,1.2423650309184167,0.2859913344846632,-5.586700000000064,0.0,0.12344638461923142,final_approach,-0.26880546822779294,-0.836676789074037,-5.139693417198561,
28.833,63.93373976,-22.60524422,832.359,745.922,-0.9882,-2.4577,354.4345,-0.0059,-0.0092,0.0113,71.499,72.347,-5.4568,122.1062,0.6516,0.0,0.0,0.0,-0.03,1683.3,0.0,10.0,270.0,0,28.833,-0.021669563697369332,0.09634910757567586,-0.03,0.08257729886143106,0.6394773631089535,0.6666666666666666,0.0,-3427.1738655692548,11.058748143757477,685.859,742.422,3.1683516777205276,0.005925716477323058,0.09776299688425671,1.2474929563744312,0.285746764347806,-5.585499999999911,0.0,0.12421199800549589,final_approach,-0.26967141484151114,-0.8376121755378101,-5.139418445540684,
28.942,63.93377593,-22.60524378,831.768,745.334,-0.9889,-2.4586,354.4357,-0.0059,-0.0091,0.0112,71.511,72.362,-5.4554,122.1307,0.6512,0.0,0.0,0.0,-0.03,1683.3,0.0,10.0,270.0,0,28.942,-0.021682639392576697,0.09636383625601956,-0.03,0.08256460821476119,0.6394872888431186,0.6666666666666666,0.0,-3423.141744410892,11.078897911079556,685.268,741.834,3.1690036546776117,0.005935003726643935,0.0980020969067244,1.2536426271957706,0.2854977826141578,-5.584299999999985,0.0,0.1229283384703843,final_approach,-0.2706808513743013,-0.8387569152218433,-5.139119542371375,
29.033,63.93380654,-22.60524341,831.268,744.888,-0.9894,-2.4594,354.4367,-0.0058,-0.009,0.011,71.522,72.374,-5.4541,122.1514,0.6508,0.0,0.0,0.0,-0.03,1683.4,0.0,10.0,270.0,0,29.033,-0.021695137087816563,0.09637783983736396,-0.03,0.08255403056192323,0.6394956883013778,0.6666666666666666,0.0,-3419.7294351165933,11.09583447204794,684.768,741.388,3.169557203459388,0.005959662046519185,0.09820365050005983,1.2587764434221156,0.28525839653138974,-5.583300000000008,0.0,0.12274204596209737,final_approach,-0.27152610745437045,-0.8396689467899439,-5.138866595426837,
29.133,63.93383994,-22.605243,830.722,744.43,-0.99,-2.4603,354.4378,-0.0059,-0.009,0.0109,71.533,72.387,-5.4528,122.1738,0.6504,0.0,0.0,0.0,-0.03,1683.5,0.0,10.0,270.0,0,29.133,-0.02170818859764395,0.09639142768835843,-0.03,0.08254239292426657,0.639504811688905,0.6666666666666666,0.0,-3416.0061050372756,11.114622215641303,684.222,740.93,3.170160377637874,0.005971675336242286,0.0984265404183707,1.2644231759858788,0.28501484741826744,-5.582200000000057,0.0,0.12158367814735753,final_approach,-0.2724573904781735,-0.8407042036215273,-5.138591841368605,
29.242,63.93387613,-22.60524256,830.132,743.915,-0.9906,-2.4612,354.439,-0.0059,-0.0089,0.0107,71.546,72.401,-5.4513,122.1979,0.6499,0.0,0.0,0.0,-0.03,1683.6,0.0,10.0,270.0,0,29.242,-0.021722610899801098,0.09640719493632001,-0.03,0.08252969466776494,0.6395147952541115,0.6666666666666666,0.0,-3411.971754343957,11.134771204708837,683.632,740.415,3.170822731368283,0.005989169401622571,0.09866649429944138,1.2705837529917694,0.2847202613589559,-5.580999999999904,0.0,0.12137298513813571,final_approach,-0.2734691790593722,-0.841783812568794,-5.138291175331155,
29.35,63.93390955,-22.60524216,829.587,743.46,-0.9912,-2.4621,354.44,-0.0058,-0.0089,0.0106,71.557,72.414,-5.45,122.2201,0.6495,0.0,0.0,0.0,-0.03,1683.7,0.0,10.0,270.0,0,29.35,-0.021738771851467997,0.09642057924915619,-0.03,0.08251911067371143,0.6395239900553414,0.6666666666666666,0.0,-3408.246194900704,11.153068232896842,683.087,739.96,3.1714349143572016,0.005935701336102939,0.09888560178850866,1.276689296474158,0.2844774017436009,-5.579999999999927,0.0,0.11959833665756077,final_approach,-0.274447299759494,-0.8428905972598901,-5.138014256925043,
29.433,63.93393739,-22.60524182,829.133,743.221,-0.9917,-2.4628,354.4409,-0.0057,-0.0088,0.0105,71.566,72.425,-5.4489,122.2384,0.6492,0.0,0.0,0.0,-0.03,1683.7,0.0,10.0,270.0,0,29.433,-0.02175057555291343,0.0964319750432383,-0.03,0.08250958343626591,0.6395316398676071,0.6666666666666666,0.0,-3405.14267668545,11.168642770310568,682.633,739.721,3.171945827441279,0.005972347667791563,0.09907126810893686,1.2813800380069547,0.28429120754935866,-5.579099999999926,0.0,0.1185833728650339,final_approach,-0.2752215871654293,-0.8437758451438739,-5.13778386369723,
29.533,63.93397082,-22.60524142,828.588,742.719,-0.9923,-2.4637,354.442,-0.0058,-0.0087,0.0104,71.578,72.438,-5.4476,122.2604,0.6487,0.0,0.0,0.0,-0.03,1683.8,0.0,10.0,270.0,0,29.533,-0.02176079279364429,0.0964449852500466,-0.03,0.08249793692149832,0.6395408245027308,0.6666666666666666,0.0,-3401.416002474719,11.186939409371304,682.088,739.219,3.1725611802178624,0.006002544350798473,0.09929085467890517,1.2870378566814888,0.28400214123377054,-5.5779999999999745,0.0,0.11871215715003107,final_approach,-0.27614976738757946,-0.8447378878898846,-5.137507239422018,
29.633,63.93400704,-22.60524098,827.998,742.215,-0.9929,-2.4646,354.4431,-0.0058,-0.0085,0.0103,71.59,72.452,-5.4462,122.284,0.6482,0.0,0.0,0.0,-0.03,1683.9,0.0,10.0,270.0,0,29.633,-0.02177246598290189,0.09645908322698142,-0.03,0.08248628808204694,0.6395507938920376,0.6666666666666666,0.0,-3397.3783074797598,11.207087230883232,681.498,738.715,3.173231521755101,0.006119356187729483,0.09953193293708774,1.2927009237862592,0.2837092051168213,-5.576900000000023,0.0,0.11882923377275616,final_approach,-0.27710683925507595,-0.8457375889797092,-5.137206972363913,
29.733,63.93404047,-22.60524058,827.453,741.672,-0.9935,-2.4654,354.4441,-0.0057,-0.0085,0.0103,71.601,72.465,-5.4449,122.3057,0.6478,0.0,0.0,0.0,-0.03,1684.0,0.0,10.0,270.0,0,29.733,-0.021785904627527497,0.09647217422002226,-0.03,0.08247569621080808,0.6395599502182149,0.6666666666666666,0.0,-3393.651633269028,11.225383869943967,680.953,738.172,3.173849429526174,0.006129309774896334,0.09975205019008979,1.2983671257259808,0.28346794052475843,-5.575900000000047,0.0,0.11802657615704698,final_approach,-0.2780366625136139,-0.8467740461269191,-5.136931187056113,
29.842,63.93407391,-22.60524018,826.909,741.199,-0.994,-2.4662,354.4451,-0.0058,-0.0084,0.0102,71.612,72.478,-5.4435,122.3273,0.6473,0.0,0.0,0.0,-0.03,1684.1,0.0,10.0,270.0,0,29.842,-0.021803899551854355,0.09648669859441261,-0.03,0.08246510241852167,0.6395691753182193,0.6666666666666666,0.0,-3389.923844290819,11.243680119877427,680.409,737.699,3.174474168633748,0.006063016720019117,0.09997243587298436,1.3045467206793315,0.28318017261059936,-5.574899999999957,0.0,0.1164711993420993,final_approach,-0.2790248234442707,-0.8478283097528383,-5.136653323701967,
29.942,63.93410736,-22.60523978,826.364,740.784,-0.9946,-2.467,354.4462,-0.0058,-0.0084,0.0101,71.623,72.491,-5.4422,122.3488,0.6468,0.0,0.0,0.0,-0.03,1684.1,0.0,10.0,270.0,0,29.942,-0.021814376339510444,0.09649963350990634,-0.03,0.08245344702830193,0.6395783315064113,0.6666666666666666,0.0,-3386.194940545925,11.261975980509831,679.864,737.284,3.1750964387886995,0.0060896308582686545,0.10019309056477124,1.3102175406668777,0.2828927538488699,-5.573800000000006,0.0,0.1158829084928264,final_approach,-0.27995587329750293,-0.8487971262773755,-5.136377529442193,
30.042,63.93414361,-22.60523934,825.775,740.242,-0.9953,-2.4679,354.4472,-0.0057,-0.0084,0.01,71.634,72.504,-5.4408,122.3719,0.6463,0.0,0.0,0.0,-0.03,1684.2,0.0,10.0,270.0,0,30.042,-0.021822795300029285,0.09651363278429288,-0.03,0.08244284920209743,0.6395883486901404,0.6666666666666666,0.0,-3382.1539012485323,11.282122634814,679.275,736.742,3.175779760681843,0.00621356220379667,0.10043534675322945,1.3158936835399777,0.2826014796073082,-5.572799999999916,0.0,0.11534809862983811,final_approach,-0.2809159676079567,-0.8498038515943858,-5.136075793587963,
30.133,63.93417428,-22.60523897,825.276,739.842,-0.9958,-2.4686,354.4482,-0.0056,-0.0083,0.0099,71.644,72.516,-5.4396,122.3914,0.6459,0.0,0.0,0.0,-0.03,1684.3,0.0,10.0,270.0,0,30.133,-0.021835932109205647,0.09652549068365679,-0.03,0.08243224945511385,0.6395967649354314,0.6666666666666666,0.0,-3378.734903349368,11.299056861192803,678.776,736.342,3.176355946962169,0.0062332547308671495,0.10063955915543495,1.3210603392497176,0.2823660194989941,-5.571799999999939,0.0,0.11485191783532274,final_approach,-0.2817684209060154,-0.8507325598159845,-5.135822274877782,
30.233,63.93420774,-22.60523857,824.732,739.4,-0.9963,-2.4694,354.4491,-0.0057,-0.0083,0.0098,71.655,72.528,-5.4383,122.4125,0.6454,0.0,0.0,0.0,-0.03,1684.4,0.0,10.0,270.0,0,30.233,-0.02185117556040178,0.0965381813724842,-0.03,0.08242270804063234,0.6396059593036819,0.6666666666666666,0.0,-3375.0048848369956,11.317352332697931,678.232,735.9,3.176987591937301,0.006247120567608936,0.1008609988229662,1.3267429046678485,0.28207988125814154,-5.570899999999938,0.0,0.11441083439574387,final_approach,-0.28270182711004566,-0.8517068319945498,-5.135545310817314,
30.333,63.93424122,-22.60523817,824.189,739.003,-0.9969,-2.4702,354.4501,-0.0057,-0.0083,0.0096,71.666,72.541,-5.4371,122.4335,0.6448,0.0,0.0,0.0,-0.03,1684.5,0.0,10.0,270.0,0,30.333,-0.02185954403770979,0.09654921696336058,-0.03,0.08241210464440363,0.6396152338097818,0.6666666666666666,0.0,-3371.272636789668,11.335647026122574,677.689,735.503,3.1776270821416186,0.006271750813536867,0.10108272372578646,1.3324287006915343,0.28174729194785186,-5.569899999999961,0.0,0.11400984945067254,final_approach,-0.28363597245484584,-0.852612292634273,-5.135265926072179,
30.433,63.9342719,-22.60523781,823.69,738.6,-0.9974,-2.4709,354.451,-0.0057,-0.0082,0.0095,71.675,72.552,-5.4359,122.4527,0.6444,0.0,0.0,0.0,-0.03,1684.5,0.0,10.0,270.0,0,30.433,-0.021876221112061722,0.0965611772362207,-0.03,0.08240255994574153,0.6396236233989829,0.6666666666666666,0.0,-3367.852524294046,11.352090926049236,677.19,735.1,3.178207603112114,0.006193993962106434,0.10128326970350394,1.3381155986595796,0.281512824944258,-5.56899999999996,0.0,0.11182713586424796,final_approach,-0.2845423529377733,-0.85362364870406,-5.135013192743525,
30.533,63.93430818,-22.60523737,823.101,738.145,-0.9981,-2.4718,354.452,-0.0058,-0.008,0.0094,71.687,72.566,-5.4345,122.4752,0.6438,0.0,0.0,0.0,-0.03,1684.6,0.0,10.0,270.0,0,30.533,-0.021882242904934956,0.09657452404708436,-0.03,0.08239195290057899,0.6396336005886903,0.6666666666666666,0.0,-3363.8081406942206,11.372236412797525,676.601,734.645,3.17890053938928,0.006316555430365235,0.10152694717960929,1.3438079080486753,0.2811767533943055,-5.567999999999984,0.0,0.11257012351295295,final_approach,-0.28550613795456314,-0.854568469320105,-5.134712626384527,
30.642,63.93434166,-22.60523697,822.558,737.686,-0.9986,-2.4725,354.453,-0.0056,-0.0078,0.0093,71.697,72.578,-5.4333,122.4959,0.6433,0.0,0.0,0.0,-0.03,1684.7,0.0,10.0,270.0,0,30.642,-0.021900756713641667,0.09658566592632067,-0.03,0.08238134393504992,0.6396428276411906,0.6666666666666666,0.0,-3360.075892646893,11.390531106222168,676.058,734.186,3.179543882164412,0.006247500741102552,0.1017494466324796,1.3500160956657052,0.28089199820610133,-5.567000000000007,0.0,0.11067675949051209,final_approach,-0.28650030035860397,-0.855636246451537,-5.1344346512669325,
30.75,63.93437795,-22.60523654,821.969,737.163,-0.9993,-2.4733,354.454,-0.0056,-0.0078,0.0092,71.708,72.591,-5.4319,122.5182,0.6427,0.0,0.0,0.0,-0.03,1684.8,0.0,10.0,270.0,0,30.75,-0.02190957064589022,0.09659916910709584,-0.03,0.08237073304924136,0.6396527822259779,0.6666666666666666,0.0,-3356.030394451402,11.410186266692653,675.469,733.663,3.1802406840972735,0.006281562242371689,0.10198934885139364,1.3561708873972593,0.28055664975107675,-5.566000000000031,0.0,0.10987449515972111,final_approach,-0.2875113459842922,-0.8566532772508761,-5.134134750994761,
30.842,63.93440866,-22.60523617,821.472,736.697,-0.9998,-2.474,354.4548,-0.0056,-0.0077,0.0091,71.718,72.602,-5.4308,122.5369,0.6421,0.0,0.0,0.0,-0.03,1684.8,0.0,10.0,270.0,0,30.842,-0.02191873088999302,0.0966089732955,-0.03,0.08236224295805084,0.6396612870635662,0.6666666666666666,0.0,-3352.606937482327,11.4271189363883,674.972,733.197,3.1808382803638153,0.006317237134117505,0.10219528045440361,1.3614139291443794,0.2802302433447039,-5.565200000000004,0.0,0.10976732761556193,final_approach,-0.28837468176919145,-0.8574614357317625,-5.133878520916902,
30.933,63.93443937,-22.60523581,820.974,736.258,-1.0003,-2.4747,354.4556,-0.0055,-0.0077,0.009,71.727,72.613,-5.4296,122.5556,0.6416,0.0,0.0,0.0,-0.03,1684.9,0.0,10.0,270.0,0,30.933,-0.021929940419678218,0.09662061479619494,-0.03,0.08235375163798098,0.6396697109039491,0.6666666666666666,0.0,-3349.183480685064,11.44356166893342,674.474,732.758,3.1814322748597186,0.00635226628558005,0.1023970483035661,1.366602438288266,0.2799506860921781,-5.564399999999978,0.0,0.10877948864152007,final_approach,-0.2892263745608936,-0.8583225799269005,-5.133624725527717,
31.033,63.93447288,-22.60523541,820.431,735.843,-1.0008,-2.4754,354.4565,-0.0055,-0.0076,0.0089,71.737,72.625,-5.4284,122.5759,0.641,0.0,0.0,0.0,-0.03,1685.0,0.0,10.0,270.0,0,31.033,-0.021942938316967475,0.09663151180309126,-0.03,0.0823441974340634,0.6396789135909323,0.6666666666666666,0.0,-3345.4478883353027,11.461855194976241,673.931,732.343,3.1820835925401307,0.006379084705336952,0.10262060685388454,1.3723091575126936,0.2796205607213551,-5.563499999999976,0.0,0.10798135331046439,final_approach,-0.29016528809680864,-0.8592388860324718,-5.133347458544694,
31.133,63.93450919,-22.60523498,819.843,735.394,-1.0014,-2.4762,354.4575,-0.0054,-0.0075,0.0088,71.748,72.638,-5.427,122.5977,0.6404,0.0,0.0,0.0,-0.03,1685.1,0.0,10.0,270.0,0,31.133,-0.021952888123751457,0.0966447212447503,-0.03,0.0823335798279583,0.6396888904493969,0.6666666666666666,0.0,-3341.4001606048564,11.481509577192176,673.343,731.894,3.1827925723475627,0.006497536933500833,0.10286163773152084,1.3780209574274698,0.2792868828626922,-5.5625,0.0,0.10816486664588593,final_approach,-0.2911277810541435,-0.8601853294180977,-5.133046859151566,
31.233,63.93453992,-22.60523461,819.345,734.964,-1.0019,-2.4768,354.4583,-0.0053,-0.0074,0.0087,71.758,72.649,-5.4259,122.616,0.6399,0.0,0.0,0.0,-0.03,1685.1,0.0,10.0,270.0,0,31.233,-0.021968014287039594,0.09665431799168689,-0.03,0.08232508436074926,0.6396972941519498,0.6666666666666666,0.0,-3337.9744741016175,11.498441468633557,672.845,731.464,3.183392105296968,0.00641383569359283,0.10306853682909528,1.3837344079189544,0.2790085834622005,-5.561699999999973,0.0,0.10742260604170609,final_approach,-0.2920455154604156,-0.8611477509204697,-5.132793652392731,
31.333,63.93457624,-22.60523418,818.758,734.343,-1.0025,-2.4776,354.4592,-0.0054,-0.0072,0.0087,71.769,72.662,-5.4245,122.6376,0.6392,0.0,0.0,0.0,-0.03,1685.2,0.0,10.0,270.0,0,31.333,-0.021975717799918026,0.09666736010881972,-0.03,0.08231552549147958,0.6397073122300964,0.6666666666666666,0.0,-3333.9256316036935,11.51809546172222,672.258,730.843,3.1841096481770896,0.006540767878196721,0.10331014805935713,1.3894529746984934,0.27862889221648857,-5.560799999999972,0.0,0.10765691458337838,final_approach,-0.2930095340216994,-0.8620272237413751,-5.132491796683265,
31.442,63.93460978,-22.60523379,818.215,733.92,-1.003,-2.4783,354.4601,-0.0054,-0.0072,0.0086,71.779,72.674,-5.4232,122.6574,0.6386,0.0,0.0,0.0,-0.03,1685.3,0.0,10.0,270.0,0,31.442,-0.021992040951388292,0.09667953780785947,-0.03,0.08230596506721943,0.6397164833783118,0.6666666666666666,0.0,-3330.18669512252,11.535897883058354,671.715,730.42,3.1847692698348444,0.006459235705461769,0.10353042193183289,1.395689444880992,0.2783004221851684,-5.5598999999999705,0.0,0.10621020591815945,final_approach,-0.2940039484979593,-0.8630295324363626,-5.132215453037986,
31.55,63.93464611,-22.60523336,817.628,733.392,-1.0036,-2.479,354.461,-0.0053,-0.0072,0.0086,71.789,72.686,-5.4218,122.6787,0.6379,0.0,0.0,0.0,-0.03,1685.3,0.0,10.0,270.0,0,31.55,-0.022002900093764544,0.09669280609154124,-0.03,0.08229640308803232,0.6397264734642772,0.6666666666666666,0.0,-3326.136737857118,11.555551487019745,671.128,729.892,3.1854908123297156,0.006496187925649028,0.1037726358225427,1.4018724075482552,0.2779217122354396,-5.558999999999969,0.0,0.10497224107038491,final_approach,-0.295021207811903,-0.8639906026463589,-5.131914425815847,
31.633,63.93467406,-22.60523303,817.176,733.154,-1.0041,-2.4796,354.4618,-0.0052,-0.0071,0.0085,71.797,72.696,-5.4208,122.695,0.6374,0.0,0.0,0.0,-0.03,1685.4,0.0,10.0,270.0,0,31.633,-0.022010406434367524,0.0967016939162784,-0.03,0.08228790224565763,0.6397341181657177,0.6666666666666666,0.0,-3323.020957371422,11.57063180670887,670.676,729.654,3.186045110439604,0.006526538351471593,0.10395883058104205,1.406622476825598,0.2776486517813055,-5.5581999999999425,0.0,0.10419163207931566,final_approach,-0.2958028671129256,-0.8647560820218683,-5.131684065856781,
31.733,63.93471041,-22.6052326,816.589,732.623,-1.0046,-2.4803,354.4627,-0.0051,-0.0069,0.0085,71.808,72.708,-5.4194,122.716,0.6367,0.0,0.0,0.0,-0.03,1685.5,0.0,10.0,270.0,0,31.733,-0.022022263012803633,0.09671447755893692,-0.03,0.08227833732955991,0.6397440957226117,0.6666666666666666,0.0,-3318.968770571065,11.590284632415713,670.089,729.123,3.1867714020034725,0.006649267899340288,0.10420161851579977,1.4123538970877594,0.2772708976653462,-5.557299999999941,0.0,0.10471966552665944,final_approach,-0.2967698810424828,-0.8656429572738329,-5.131383402439912,
31.833,63.93474396,-22.6052322,816.047,732.15,-1.0051,-2.481,354.4635,-0.005,-0.0068,0.0084,71.818,72.72,-5.4181,122.7353,0.6361,0.0,0.0,0.0,-0.03,1685.5,0.0,10.0,270.0,0,31.833,-0.02203614484428157,0.09672640108892114,-0.03,0.08226983387669884,0.6397532706594958,0.6666666666666666,0.0,-3315.228719152185,11.60857660194972,669.547,728.65,3.1874421467003455,0.006658964410905272,0.10442735506754713,1.4180887862708882,0.2769440661110991,-5.5564999999999145,0.0,0.10429060502422778,final_approach,-0.29771483280707045,-0.8665732636599301,-5.1311069182929145,
31.95,63.93478032,-22.60523177,815.46,731.687,-1.0057,-2.4817,354.4644,-0.0051,-0.0068,0.0083,71.828,72.732,-5.4166,122.756,0.6354,0.0,0.0,0.0,-0.03,1685.6,0.0,10.0,270.0,0,31.95,-0.02205070869603104,0.0967409670619845,-0.03,0.082260266023918,0.6397632177403337,0.6666666666666666,0.0,-3311.17541758435,11.628229038529287,668.96,728.187,3.1881724977454993,0.006589523113295315,0.10467075331562717,1.4248047181423602,0.27656728125271,-5.555599999999913,0.0,0.10257964870112785,final_approach,-0.2987938402657022,-0.8676301418989887,-5.130807158379572,
32.042,63.93481109,-22.60523141,814.964,731.26,-1.0062,-2.4822,354.4652,-0.005,-0.0067,0.0082,71.837,72.742,-5.4155,122.7735,0.6348,0.0,0.0,0.0,-0.03,1685.6,0.0,10.0,270.0,0,32.042,-0.022060229933276942,0.09675042394620564,-0.03,0.08225175996077416,0.6397716660776123,0.6666666666666666,0.0,-3307.7452721830123,11.644669436311041,668.464,727.76,3.188795419517486,0.00661975073206969,0.10487525653021423,1.4300838406075034,0.27624500989480794,-5.5548,0.0,0.10214750672434558,final_approach,-0.29965935478427497,-0.8684477433947109,-5.130552557733921,
32.133,63.93484186,-22.60523105,814.467,730.861,-1.0066,-2.4828,354.4659,-0.005,-0.0066,0.0081,71.845,72.753,-5.4143,122.7908,0.6343,0.0,0.0,0.0,-0.03,1685.7,0.0,10.0,270.0,0,32.133,-0.022076371627188507,0.09676179304590321,-0.03,0.08224431614793293,0.6397800331364607,0.6666666666666666,0.0,-3304.315126780884,11.661109833918456,667.967,727.361,3.189414745198343,0.00665075506217688,0.10507998038888243,1.4353081978397157,0.27596997241585086,-5.554100000000062,0.0,0.10085337774140854,final_approach,-0.3005189733350839,-0.8693275549716546,-5.130300401016424,
32.25,63.93488103,-22.60523059,813.836,730.311,-1.0072,-2.4836,354.4669,-0.0052,-0.0065,0.008,71.856,72.766,-5.4127,122.8127,0.6335,0.0,0.0,0.0,-0.03,1685.8,0.0,10.0,270.0,0,32.25,-0.022089199929038406,0.09677694640129747,-0.03,0.08223368049831159,0.6397907673921519,0.6666666666666666,0.0,-3299.9485750648855,11.682122737543867,667.336,726.811,3.190212829168087,0.006679167636919682,0.1053416732165414,1.442035471634476,0.2755439820287222,-5.553099999999972,0.0,0.10023189740283132,final_approach,-0.30162334614807307,-0.870348533770704,-5.129976896458551,
32.35,63.93491461,-22.6052302,813.295,729.789,-1.0077,-2.4842,354.4677,-0.0052,-0.0066,0.0079,71.868,72.777,-5.4113,122.8313,0.6329,0.0,0.0,0.0,-0.03,1685.8,0.0,10.0,270.0,0,32.35,-0.022103072289015202,0.09678927011567208,-0.03,0.08222517059688317,0.6397999439340605,0.6666666666666666,0.0,-3296.205179514593,11.699923602371184,666.795,726.289,3.190898295938044,0.00670841764736168,0.1055643818677919,1.4477851249158071,0.2752193613925158,-5.552300000000059,0.0,0.10202899763893783,final_approach,-0.3025659709938182,-0.8712786360400351,-5.129700330498476,
32.433,63.9349426,-22.60522987,812.844,729.406,-1.0082,-2.4847,354.4683,-0.0051,-0.0068,0.0078,71.877,72.786,-5.41,122.8468,0.6323,0.0,0.0,0.0,-0.03,1685.9,0.0,10.0,270.0,0,32.433,-0.022108985550378435,0.09680193148229407,-0.03,0.08221878736482902,0.6398075730405516,0.6666666666666666,0.0,-3293.0849399589856,11.715002365725278,666.344,725.906,3.191470447089495,0.006739245933947864,0.10575239447299768,1.4525570348114654,0.27490228048151266,-5.5516999999999825,0.0,0.1026112464844676,final_approach,-0.3033524810925705,-0.8719851275620414,-5.129470396702317,
32.533,63.93497899,-22.60522944,812.258,728.951,-1.0087,-2.4854,354.4691,-0.0052,-0.007,0.0077,71.889,72.798,-5.4083,122.8667,0.6316,0.0,0.0,0.0,-0.03,1685.9,0.0,10.0,270.0,0,32.533,-0.02212174516221327,0.0968183370355597,-0.03,0.08221027531415193,0.6398174917593801,0.6666666666666666,0.0,-3289.0282940895095,11.734653634923301,665.758,725.451,3.1922174380342483,0.006861023186212,0.10599753447662359,1.458314931476423,0.27452809906014863,-5.550899999999956,0.0,0.10419204225860716,final_approach,-0.30432557050857767,-0.8728864799431122,-5.129171449434011,
32.642,63.93501538,-22.60522902,811.672,728.404,-1.0093,-2.4861,354.47,-0.0051,-0.0074,0.0076,71.901,72.809,-5.4065,122.8865,0.6309,0.0,0.0,0.0,-0.03,1686.0,0.0,10.0,270.0,0,32.642,-0.022133437914362453,0.09683618692230055,-0.03,0.08220069778920391,0.6398273851795289,0.6666666666666666,0.0,-3284.971648390262,11.753814966796185,665.172,724.904,3.1929660953137455,0.006862255223215249,0.10623855987045897,1.4645963902512722,0.27415427816831084,-5.5499999999999545,0.0,0.10472837870048546,final_approach,-0.3053523721112832,-0.8738692051090382,-5.128873257002599,
32.733,63.93504619,-22.60522866,811.176,727.984,-1.0097,-2.4868,354.4707,-0.005,-0.0077,0.0075,71.911,72.819,-5.4049,122.9032,0.6303,0.0,0.0,0.0,-0.03,1686.1,0.0,10.0,270.0,0,32.733,-0.022147223633110558,0.09685245972269209,-0.03,0.08219324752860413,0.6398357506103224,0.6666666666666666,0.0,-3281.5370439190137,11.770253807894782,664.676,724.484,3.1936019491343703,0.006883113456387894,0.10644481855940466,1.4698402596897489,0.27383460502014145,-5.549299999999903,0.0,0.1051976269904571,final_approach,-0.3062162073313921,-0.8746881550154821,-5.128621112935473,
32.842,63.93507979,-22.60522827,810.636,727.583,-1.0103,-2.4876,354.4714,-0.0051,-0.008,0.0074,71.922,72.83,-5.4033,122.9212,0.6296,0.0,0.0,0.0,-0.03,1686.1,0.0,10.0,270.0,0,32.842,-0.022158601085871144,0.09686785840991016,-0.03,0.08218579632782641,0.6398449098423921,0.6666666666666666,0.0,-3277.791418833766,11.788053894467554,664.136,724.083,3.194301147614376,0.006805038706020123,0.10666885748876638,1.4761267455458185,0.2734653040167814,-5.548599999999965,0.0,0.10480851828156275,final_approach,-0.30722120686237275,-0.8756448591583137,-5.128345036478059,
32.942,63.9351162,-22.60522784,810.051,727.164,-1.0108,-2.4884,354.4722,-0.0051,-0.0081,0.0073,71.934,72.841,-5.4015,122.9406,0.6289,0.0,0.0,0.0,-0.03,1686.2,0.0,10.0,270.0,0,32.942,-0.02217163401813027,0.09688543553033922,-0.03,0.08217727951859355,0.6398548195065931,0.6666666666666666,0.0,-3273.7325434293343,11.807704385411034,663.551,723.664,3.1950612241051903,0.006937659739707119,0.10691520811634933,1.4818978438723007,0.2730927735236435,-5.547800000000052,0.0,0.10618956207414822,final_approach,-0.3081973751183966,-0.8765533072034497,-5.1280463332014286,
33.067,63.93514982,-22.60522745,809.511,726.611,-1.0113,-2.4892,354.4729,-0.0051,-0.0084,0.0072,71.945,72.852,-5.3998,122.9584,0.6282,0.0,0.0,0.0,-0.03,1686.3,0.0,10.0,270.0,0,33.067,-0.02219308900597211,0.09690220144715501,-0.03,0.08216982630324665,0.6398639566358034,0.6666666666666666,0.0,-3269.984688809923,11.825503693729532,663.011,723.111,3.1957654029717077,0.00672028827177915,0.10713983285530519,1.489115748629746,0.27272416952416734,-5.5471,0.0,0.10453596552194978,final_approach,-0.30930833733408036,-0.8776705156681395,-5.127770909353625,
33.133,63.93517784,-22.60522713,809.061,726.272,-1.0117,-2.4899,354.4735,-0.0051,-0.0084,0.0072,71.954,72.861,-5.3985,122.9732,0.6276,0.0,0.0,0.0,-0.03,1686.3,0.0,10.0,270.0,0,33.133,-0.02219644229491291,0.09691441486662324,-0.03,0.0821634370847174,0.6398715573397679,0.6666666666666666,0.0,-3266.861105122903,11.840091352376936,662.561,722.772,3.1963536606232057,0.007085739346426881,0.10732500822593367,1.4929231445256723,0.27240939513589524,-5.546499999999924,0.0,0.10742939014392129,final_approach,-0.3099821705154504,-0.8782108764369738,-5.127541793564088,
33.242,63.93521706,-22.60522667,808.431,725.709,-1.0124,-2.4908,354.4744,-0.0052,-0.0084,0.0071,71.966,72.873,-5.3967,122.9937,0.6268,0.0,0.0,0.0,-0.03,1686.4,0.0,10.0,270.0,0,33.242,-0.022203462230873994,0.09693141661521497,-0.03,0.0821538519619528,0.6398821607415145,0.6666666666666666,0.0,-3262.4889795703084,11.861102310366254,661.931,722.209,3.197178141932728,0.00716545757389123,0.10758988200256496,1.4992261542388416,0.27198799371262794,-5.545599999999922,0.0,0.10767142223258987,final_approach,-0.31104279814476143,-0.8791728665069964,-5.127222156839128,
33.35,63.93525069,-22.60522628,807.891,725.298,-1.0129,-2.4916,354.4751,-0.0049,-0.0084,0.007,71.977,72.883,-5.3951,123.0112,0.6261,0.0,0.0,0.0,-0.03,1686.5,0.0,10.0,270.0,0,33.35,-0.022218652885635903,0.0969464497837982,-0.03,0.08214639579215899,0.6398912398526466,0.6666666666666666,0.0,-3258.7400101834196,11.878901229557481,661.391,721.798,3.1978876970918297,0.007066207174387513,0.10781532286763715,1.5054729949532868,0.2716204198091532,-5.544899999999984,0.0,0.10714237037980348,final_approach,-0.3120451580147119,-0.8801281680761601,-5.126948462461897,
33.45,63.93528433,-22.6052259,807.352,724.871,-1.0133,-2.4924,354.4758,-0.0048,-0.0084,0.0069,71.987,72.893,-5.3936,123.0286,0.6254,0.0,0.0,0.0,-0.03,1686.5,0.0,10.0,270.0,0,33.45,-0.022234378183267123,0.09696033714124926,-0.03,0.08213893868237643,0.6399003687913971,0.6666666666666666,0.0,-3254.9899261992814,11.896209822296289,660.852,721.371,3.1986045444423237,0.007083251562812798,0.10803659780529973,1.511258411417306,0.2712531871833903,-5.544200000000046,0.0,0.10649306398163114,final_approach,-0.31298991781006436,-0.8809972943630218,-5.126673259505825,
33.542,63.93531517,-22.60522554,806.858,724.392,-1.0138,-2.4931,354.4764,-0.0048,-0.0084,0.0069,71.997,72.903,-5.3923,123.0444,0.6248,0.0,0.0,0.0,-0.03,1686.6,0.0,10.0,270.0,0,33.542,-0.02224548653700098,0.09697146819993502,-0.03,0.08213254612585874,0.6399087244196521,0.6666666666666666,0.0,-3251.5519774255995,11.912647496187128,660.358,720.892,3.199263697777583,0.00709682799665442,0.10824486337739118,1.5165824130530128,0.27093640477335157,-5.543599999999969,0.0,0.10669329927184378,final_approach,-0.31386543455747073,-0.8818381342120691,-5.126421363220892,
33.633,63.93534601,-22.60522518,806.363,723.936,-1.0142,-2.4939,354.477,-0.005,-0.0084,0.0068,72.006,72.912,-5.3909,123.0601,0.6242,0.0,0.0,0.0,-0.03,1686.6,0.0,10.0,270.0,0,33.633,-0.022260137181589423,0.09698458560879693,-0.03,0.08212615287877978,0.6399169979778748,0.6666666666666666,0.0,-3248.1140286519185,11.929085169903907,659.863,720.436,3.1999192708110975,0.007114706542110334,0.10845335617239553,1.52185136847844,0.2706199398472222,-5.543000000000006,0.0,0.10598491741995811,final_approach,-0.3147350323184952,-0.8826705395831773,-5.1261719357114615,
33.742,63.93538246,-22.60522476,805.779,723.516,-1.0148,-2.4948,354.4778,-0.0051,-0.0084,0.0068,72.018,72.923,-5.3894,123.0786,0.6234,0.0,0.0,0.0,-0.03,1686.7,0.0,10.0,270.0,0,33.742,-0.022270201385681254,0.09699697114597862,-0.03,0.08211762747516516,0.6399268129434541,0.6666666666666666,0.0,-3244.050694349389,11.948244167187763,659.279,720.016,3.200700770026591,0.007123875047314188,0.10869762332789024,1.5281700161157081,0.2702038494554415,-5.54219999999998,0.0,0.10635826521080516,final_approach,-0.31577028453978073,-0.8836023058463027,-5.125876031601681,
33.842,63.93541611,-22.60522438,805.24,723.073,-1.0153,-2.4956,354.4785,-0.0051,-0.0084,0.0068,72.028,72.933,-5.388,123.0956,0.6227,0.0,0.0,0.0,-0.03,1686.8,0.0,10.0,270.0,0,33.842,-0.022282298596990657,0.09700910713092187,-0.03,0.08211016673999683,0.6399358556855604,0.6666666666666666,0.0,-3240.299495598564,11.965552370799571,658.74,719.573,3.201424477714001,0.007142742018445569,0.10891995606720337,1.5339681116687096,0.2698379598601264,-5.541500000000042,0.0,0.10578024110073649,final_approach,-0.3167178631309291,-0.884477674439907,-5.1256034020124375,
33.942,63.93544977,-22.60522399,804.702,722.575,-1.0158,-2.4964,354.4791,-0.005,-0.0084,0.0067,72.038,72.943,-5.3866,123.1125,0.622,0.0,0.0,0.0,-0.03,1686.9,0.0,10.0,270.0,0,33.942,-0.022295147200813603,0.09702115641520286,-0.03,0.08210377107609901,0.6399449450741325,0.6666666666666666,0.0,-3236.547181909242,11.983350122608979,658.202,719.075,3.20215554692051,0.007170733692886299,0.10914703221555642,1.5397695878513697,0.26947240641305825,-5.540899999999965,0.0,0.10525476463702477,final_approach,-0.3176720676762024,-0.8853635147589589,-5.125329359630367,
34.042,63.93548343,-22.6052236,804.163,722.105,-1.0163,-2.4972,354.4798,-0.0051,-0.0083,0.0066,72.048,72.953,-5.3852,123.1292,0.6212,0.0,0.0,0.0,-0.03,1686.9,0.0,10.0,270.0,0,34.042,-0.02230501603502999,0.09703318012013908,-0.03,0.08209630859553474,0.6399539477905958,0.6666666666666666,0.0,-3232.79486821992,12.001147874418384,657.663,718.605,3.2028832867040733,0.007188511050010598,0.10937437942417483,1.5455744605009494,0.2690608910097865,-5.540199999999913,0.0,0.10477705876093613,final_approach,-0.3186270111555096,-0.8861812957518893,-5.125057924012889,
34.142,63.9355171,-22.60522322,803.625,721.671,-1.0168,-2.4979,354.4805,-0.0052,-0.0082,0.0066,72.059,72.963,-5.3839,123.1459,0.6205,0.0,0.0,0.0,-0.03,1687.0,0.0,10.0,270.0,0,34.142,-0.022317298620606885,0.09704307669563647,-0.03,0.08208884517518766,0.6399629959902146,0.6666666666666666,0.0,-3229.0414399341403,12.018455299775649,657.125,718.171,3.2036184124782157,0.007215635498579421,0.10959754629466573,1.5513823002620795,0.268696012753594,-5.539499999999975,0.0,0.10525187160084695,final_approach,-0.31957678389349553,-0.8870614725684707,-5.124785110667233,
34.242,63.93555077,-22.60522283,803.086,721.292,-1.0174,-2.4987,354.4811,-0.0052,-0.008,0.0065,72.069,72.973,-5.3825,123.1624,0.6198,0.0,0.0,0.0,-0.03,1687.0,0.0,10.0,270.0,0,34.242,-0.022326477156333235,0.0970549833879179,-0.03,0.08208244720977875,0.6399719574067081,0.6666666666666666,0.0,-3225.28801147734,12.036252662457782,656.586,717.792,3.2043502109693223,0.00723269373399393,0.1098254504088223,1.5571935709687543,0.2683317016291369,-5.538900000000012,0.0,0.10477442872804785,final_approach,-0.32053318009641174,-0.8879524646958554,-5.124514907612738,
34.342,63.93558445,-22.60522245,802.548,720.767,-1.0179,-2.4995,354.4818,-0.0051,-0.0079,0.0065,72.079,72.982,-5.3812,123.1789,0.619,0.0,0.0,0.0,-0.03,1687.1,0.0,10.0,270.0,0,34.342,-0.02233617409743177,0.09706528661574879,-0.03,0.08207498204419794,0.6399809631292865,0.6666666666666666,0.0,-3221.5334684240834,12.053559698687772,656.048,717.267,3.2050894203993128,0.007259260494979101,0.1100491700108137,1.5630078427332732,0.26792097497533973,-5.538199999999961,0.0,0.10434038975276237,final_approach,-0.3214844038987401,-0.8887658205638864,-5.124243362314761,
34.442,63.93561813,-22.60522206,802.01,720.369,-1.0184,-2.5002,354.4824,-0.005,-0.008,0.0064,72.089,72.992,-5.3799,123.1953,0.6183,0.0,0.0,0.0,-0.03,1687.2,0.0,10.0,270.0,0,34.442,-0.022349331239952752,0.0970755384515032,-0.03,0.08206858258292049,0.6399899409465442,0.6666666666666666,0.0,-3217.7789251998056,12.071356672242631,655.51,716.869,3.2058301849905364,0.007283991397855284,0.1102776332692445,1.5688255799177535,0.26755709860344723,-5.537599999999998,0.0,0.10394580886615214,final_approach,-0.3224422634670425,-0.8896596585272398,-5.123972652111682,
34.542,63.93565181,-22.60522168,801.472,719.959,-1.0189,-2.501,354.4831,-0.0049,-0.008,0.0063,72.099,73.002,-5.3785,123.2115,0.6175,0.0,0.0,0.0,-0.03,1687.2,0.0,10.0,270.0,0,34.542,-0.022359164348993765,0.09708725585674094,-0.03,0.08206111567221397,0.6399988905943239,0.6666666666666666,0.0,-3214.0243821465483,12.088663708472621,654.972,716.459,3.2065725093480486,0.007307200094066391,0.11050189173754095,1.5746463504917818,0.2671472844412506,-5.53690000000006,0.0,0.10358709896923374,final_approach,-0.32339492758920585,-0.8904765453291965,-5.123702785027085,
34.642,63.9356855,-22.6052213,800.934,719.52,-1.0194,-2.5018,354.4837,-0.0048,-0.008,0.0062,72.109,73.011,-5.3772,123.2277,0.6168,0.0,0.0,0.0,-0.03,1687.3,0.0,10.0,270.0,0,34.642,-0.022372098780586935,0.0970973992611062,-0.03,0.08205471471515757,0.6400078238007846,0.6666666666666666,0.0,-3210.268724326605,12.105970355575616,654.434,716.02,3.207317400887081,0.0073308193101094,0.11072643517017157,1.580470172840493,0.26678407269707805,-5.536299999999983,0.0,0.10326099906293136,final_approach,-0.3243483099937663,-0.8913646356216436,-5.12343340745705,
34.742,63.9357192,-22.60522091,800.397,719.071,-1.0198,-2.5025,354.4843,-0.0047,-0.0079,0.0061,72.118,73.021,-5.3759,123.2438,0.616,0.0,0.0,0.0,-0.03,1687.4,0.0,10.0,270.0,0,34.742,-0.02238660299524381,0.0971080167767262,-0.03,0.08204831306777272,0.6400167984008029,0.6666666666666666,0.0,-3206.5119515673723,12.123766550875928,653.897,715.571,3.2080697644204768,0.007362955314084062,0.11095574805922714,1.586297513736947,0.2663747001889476,-5.535699999999906,0.0,0.10205545369357474,final_approach,-0.32530836808046004,-0.8921933037373897,-5.123162775385072,
34.842,63.9357557,-22.6052205,799.814,718.471,-1.0204,-2.5034,354.485,-0.0048,-0.0078,0.0061,72.129,73.031,-5.3745,123.2611,0.6152,0.0,0.0,0.0,-0.03,1687.4,0.0,10.0,270.0,0,34.842,-0.022393956054873154,0.09711868227212597,-0.03,0.08204084360668595,0.6400264050328547,0.6666666666666666,0.0,-3202.443043598474,12.142433665024486,653.314,714.971,3.2088796551779994,0.007485614024274517,0.11119885910827343,1.5921297412686513,0.26596265064401337,-5.534999999999968,0.0,0.10277768517598589,final_approach,-0.32628714431388417,-0.8930461054417158,-5.122873077183424,
34.942,63.9357866,-22.60522015,799.322,718.127,-1.0208,-2.504,354.4855,-0.0046,-0.0078,0.006,72.138,73.04,-5.3734,123.2756,0.6145,0.0,0.0,0.0,-0.03,1687.5,0.0,10.0,270.0,0,34.942,-0.022410098574038917,0.0971265092874838,-0.03,0.08203550770209744,0.6400346005965187,0.6666666666666666,0.0,-3198.998406391739,12.158379066827091,652.822,714.627,3.2095743609468457,0.007395854634972459,0.11140622195356811,1.597963264326446,0.2656036790586995,-5.53449999999998,0.0,0.10161607743271464,final_approach,-0.32721899597870063,-0.8939081615462463,-5.122625925533594,
35.033,63.9358175,-22.6052198,798.829,717.724,-1.0212,-2.5047,354.4861,-0.0047,-0.0077,0.0059,72.147,73.048,-5.3722,123.2901,0.6138,0.0,0.0,0.0,-0.03,1687.6,0.0,10.0,270.0,0,35.033,-0.02242247213083126,0.0971358372966702,-0.03,0.08202910398384311,0.6400427130808946,0.6666666666666666,0.0,-3195.553769185004,12.174324468629697,652.329,714.224,3.210265504924349,0.007429043656439437,0.11161381338498713,1.6032729661093563,0.2652447918874259,-5.533899999999903,0.0,0.10136926120256799,final_approach,-0.328091988521372,-0.8946817704955041,-5.1223812741027395,
35.142,63.93585402,-22.60521939,798.247,717.128,-1.0217,-2.5055,354.4867,-0.0047,-0.0076,0.0059,72.157,73.058,-5.3708,123.3071,0.613,0.0,0.0,0.0,-0.03,1687.6,0.0,10.0,270.0,0,35.142,-0.02243768426699788,0.09714688515349003,-0.03,0.08202269957534014,0.6400523064425919,0.6666666666666666,0.0,-3191.48263168115,12.19299080469777,651.747,713.628,3.211087356025989,0.007447522774311153,0.11185781250025013,1.6096402425616865,0.2648337484787078,-5.533300000000054,0.0,0.10049415739015001,final_approach,-0.32913235570186217,-0.8956287506615652,-5.122091956607655,
35.233,63.93588492,-22.60521904,797.755,716.849,-1.0222,-2.5062,354.4872,-0.0049,-0.0076,0.0058,72.166,73.067,-5.3697,123.3214,0.6122,0.0,0.0,0.0,-0.03,1687.7,0.0,10.0,270.0,0,35.233,-0.022443943476303352,0.09715458897231422,-0.03,0.08201736204099064,0.6400604202189872,0.6666666666666666,0.0,-3188.037994474415,12.208936206326316,651.255,713.349,3.2117863610574506,0.007486497973943399,0.1120659030837282,1.6149556643398684,0.2644290454176428,-5.532799999999952,0.0,0.1003493338911463,final_approach,-0.33000664849371475,-0.896335365638981,-5.121847254953796,
35.358,63.93592426,-22.60521859,797.129,716.306,-1.0227,-2.507,354.4879,-0.0048,-0.0073,0.0057,72.177,73.078,-5.3682,123.3395,0.6113,0.0,0.0,0.0,-0.03,1687.8,0.0,10.0,270.0,0,35.358,-0.02246396600043521,0.09716610716982353,-0.03,0.08200988868765335,0.6400707339291236,0.6666666666666666,0.0,-3183.6524918838995,12.229452557637824,650.629,712.806,3.2126801571773593,0.007430476471497761,0.1123331446278731,1.622268325483603,0.2639692331579795,-5.5320999999999,0.0,0.09922666717377655,final_approach,-0.3311843828171952,-0.8974156518814151,-5.1215361985183065,
35.433,63.93595237,-22.60521828,796.681,715.822,-1.0231,-2.5076,354.4884,-0.0048,-0.0072,0.0057,72.185,73.085,-5.3672,123.3524,0.6107,0.0,0.0,0.0,-0.03,1687.8,0.0,10.0,270.0,0,35.433,-0.022471877878750823,0.09717315016842953,-0.03,0.08200455000296569,0.6400780375990995,0.6666666666666666,0.0,-3180.518875461393,12.243546776815174,650.181,712.322,3.2133167269390084,0.007606663196579309,0.11251913239546693,1.6266515895995541,0.2636608502857598,-5.531600000000026,0.0,0.09990303076403355,final_approach,-0.3319242962283653,-0.8980649893472723,-5.121315918373259,
35.533,63.93598609,-22.6052179,796.145,715.453,-1.0236,-2.5083,354.4889,-0.0049,-0.0071,0.0056,72.194,73.094,-5.3659,123.3677,0.6099,0.0,0.0,0.0,-0.03,1687.9,0.0,10.0,270.0,0,35.533,-0.022483000496105687,0.09718339931021726,-0.03,0.0819992108389862,0.6400868490569612,0.6666666666666666,0.0,-3176.759873339017,12.260852256536346,649.645,711.953,3.2140887857469305,0.007625650677019543,0.11274614895753524,1.632504032529976,0.2632541357081948,-5.531099999999924,0.0,0.09900275524003069,final_approach,-0.33288415278694217,-0.8988973150411237,-5.121050157478113,
35.633,63.93601983,-22.60521752,795.608,715.016,-1.0241,-2.5089,354.4895,-0.0049,-0.007,0.0055,72.204,73.103,-5.3646,123.383,0.6091,0.0,0.0,0.0,-0.03,1687.9,0.0,10.0,270.0,0,35.633,-0.022493826267901584,0.09719301853072795,-0.03,0.08199280320956626,0.6400955949383607,0.6666666666666666,0.0,-3172.9986416816855,12.278156958002974,649.108,711.516,3.214859579499915,0.007639365152490249,0.11297347288691567,1.6383596997102343,0.26284752197065586,-5.530499999999961,0.0,0.09909341385456495,final_approach,-0.33384477652028366,-0.8997309420069719,-5.120786368403557,
35.733,63.93605356,-22.60521714,795.072,714.484,-1.0246,-2.5096,354.49,-0.0049,-0.0069,0.0054,72.213,73.112,-5.3633,123.3981,0.6083,0.0,0.0,0.0,-0.03,1688.0,0.0,10.0,270.0,0,35.733,-0.02250507231732718,0.09720318113827264,-0.03,0.08198746299119064,0.6401043524276991,0.6666666666666666,0.0,-3169.2385247918314,12.295462048596875,648.572,710.984,3.215635950948578,0.007660090041513697,0.1132010549000516,1.644218606201205,0.2624414668003112,-5.529999999999973,0.0,0.0982667398677871,final_approach,-0.3348061042303776,-0.9005664638661361,-5.120522223205761,
35.833,63.9360873,-22.60521676,794.536,714.112,-1.0251,-2.5103,354.4906,-0.005,-0.0069,0.0053,72.222,73.121,-5.3621,123.4132,0.6075,0.0,0.0,0.0,-0.03,1688.1,0.0,10.0,270.0,0,35.833,-0.02251602040312256,0.09721179065504423,-0.03,0.08198105409652656,0.6401130879609481,0.6666666666666666,0.0,-3165.4772931345,12.312766750063501,648.036,710.612,3.2164150002703153,0.007681823904157139,0.11342892883460841,1.6500807703973286,0.2620355109659158,-5.52940000000001,0.0,0.09751521806162483,final_approach,-0.3357681825390415,-0.9014032597304222,-5.120258734259835,
35.933,63.93612105,-22.60521638,793.999,713.608,-1.0256,-2.5109,354.4911,-0.0052,-0.0069,0.0053,72.231,73.13,-5.3608,123.4282,0.6066,0.0,0.0,0.0,-0.03,1688.1,0.0,10.0,270.0,0,35.933,-0.022524675831754326,0.09722189324182309,-0.03,0.08197571282380811,0.6401217459775776,0.6666666666666666,0.0,-3161.714946709691,12.330071062402855,647.499,710.108,3.2171917785978628,0.0076961504660432835,0.11365709534311619,1.6559462106969824,0.261583463390167,-5.5289000000000215,0.0,0.09683201641965913,final_approach,-0.33673101437450725,-0.9021718309945381,-5.119997577533383,
36.033,63.9361548,-22.60521601,793.463,713.241,-1.0261,-2.5116,354.4916,-0.005,-0.0069,0.0052,72.24,73.139,-5.3595,123.443,0.6058,0.0,0.0,0.0,-0.03,1688.2,0.0,10.0,270.0,0,36.033,-0.022535759369383346,0.09723193324951096,-0.03,0.08197037107185956,0.6401304252068102,0.6666666666666666,0.0,-3157.9526004559025,12.3468854375914,646.963,709.741,3.2179751856110346,0.007719137076989069,0.11388101932422934,1.661814491927082,0.26117839476395943,-5.52839999999992,0.0,0.09621092401787214,final_approach,-0.3376885793857056,-0.9030031613567857,-5.119735775057098,
36.133,63.93618855,-22.60521563,792.927,712.677,-1.0266,-2.5122,354.4921,-0.005,-0.0069,0.0051,72.249,73.148,-5.3582,123.4578,0.605,0.0,0.0,0.0,-0.03,1688.2,0.0,10.0,270.0,0,36.133,-0.022547237341155657,0.09724193603391416,-0.03,0.08196502884069601,0.6401390699712652,0.6666666666666666,0.0,-3154.190254031092,12.364189749930754,646.427,709.177,3.218760274111038,0.007741095064163141,0.11410973635700367,1.6676860839230256,0.26077342322813024,-5.527900000000045,0.0,0.09564629456170214,final_approach,-0.3386528274400078,-0.9038446887124802,-5.119475006310491,
36.25,63.93622512,-22.60521523,792.347,712.247,-1.0272,-2.5129,354.4927,-0.005,-0.0069,0.0051,72.259,73.157,-5.3568,123.4737,0.6041,0.0,0.0,0.0,-0.03,1688.3,0.0,10.0,270.0,0,36.25,-0.022559337587851946,0.09725242474803826,-0.03,0.08195861753074618,0.6401484404058453,0.6666666666666666,0.0,-3150.1135428608704,12.382364203037588,645.847,708.747,3.2196167740922466,0.007670997996786441,0.11435256017240687,1.6745613577358973,0.2603196489313575,-5.527299999999968,0.0,0.0947211846442866,final_approach,-0.33974899757246746,-0.9048112771858996,-5.119192341150079,
36.342,63.93625888,-22.60521485,791.811,711.8,-1.0277,-2.5136,354.4932,-0.0049,-0.0068,0.005,72.268,73.166,-5.3556,123.4883,0.6032,0.0,0.0,0.0,-0.03,1688.4,0.0,10.0,270.0,0,36.342,-0.02256513751879735,0.09726083654824351,-0.03,0.08195327424534249,0.6401570232391603,0.6666666666666666,0.0,-3146.350081669376,12.399668126249944,645.311,708.3,3.2204064121755285,0.007823002104716833,0.11458186949676233,1.6799675682325426,0.25986893764161323,-5.52679999999998,0.0,0.09500344849085389,final_approach,-0.34066146444460443,-0.905506059113419,-5.11893342844046,
36.442,63.93629264,-22.60521448,791.276,711.425,-1.0282,-2.5142,354.4937,-0.0049,-0.0068,0.0049,72.277,73.174,-5.3543,123.5029,0.6024,0.0,0.0,0.0,-0.03,1688.4,0.0,10.0,270.0,0,36.442,-0.02257643844867202,0.0972706953433213,-0.03,0.08194793048075744,0.6401656242011321,0.6666666666666666,0.0,-3142.5866206481096,12.416482112137155,644.776,707.925,3.2212027362615374,0.007846375230612237,0.11480692724219174,1.6858483690626533,0.25946472403055054,-5.526299999999992,0.0,0.0945485895371401,final_approach,-0.341621929210703,-0.9063430195782338,-5.118673963055976,
36.533,63.93632641,-22.6052141,790.741,710.853,-1.0287,-2.5149,354.4942,-0.0049,-0.0068,0.0048,72.286,73.183,-5.3531,123.5173,0.6015,0.0,0.0,0.0,-0.03,1688.5,0.0,10.0,270.0,0,36.533,-0.022581980618769204,0.09727900613873929,-0.03,0.08194258623700224,0.6401741997217891,0.6666666666666666,0.0,-3138.8220446883447,12.433785646221962,644.241,707.353,3.222001805103437,0.008002142072945178,0.11503680850033943,1.6912029785833609,0.2590146720532118,-5.525800000000004,0.0,0.09494427220659113,final_approach,-0.3425293184830487,-0.9070311461123488,-5.1184152593795424,
36.642,63.93636019,-22.60521373,790.205,710.506,-1.0291,-2.5155,354.4947,-0.0046,-0.0068,0.0047,72.295,73.191,-5.3518,123.5316,0.6006,0.0,0.0,0.0,-0.03,1688.5,0.0,10.0,270.0,0,36.642,-0.022598083292813487,0.09728880711400928,-0.03,0.08193724151408832,0.6401826962021022,0.6666666666666666,0.0,-3135.0563541321226,12.450598854028689,643.705,707.006,3.2227986319541633,0.007886841407464006,0.11526245094603023,1.6976218815809587,0.2585649504631533,-5.525300000000016,0.0,0.09381922994594205,final_approach,-0.34355131947017625,-0.9078922140641836,-5.118158934474877,
36.75,63.93639678,-22.60521332,789.626,709.982,-1.0296,-2.5162,354.4952,-0.0046,-0.0068,0.0046,72.304,73.2,-5.3505,123.5471,0.5997,0.0,0.0,0.0,-0.03,1688.6,0.0,10.0,270.0,0,36.75,-0.022611586124631544,0.09729821488844988,-0.03,0.08193189631202558,0.6401919417950276,0.6666666666666666,0.0,-3130.9774132567168,12.46926246603206,643.126,706.482,3.2236716269750136,0.007919582377902704,0.11551135877680091,1.7039856695551616,0.2581126316835878,-5.524799999999914,0.0,0.09286596661752357,final_approach,-0.34459772646466647,-0.9087860906534839,-5.117880003629875,
36.842,63.93642774,-22.60521298,789.135,709.478,-1.0301,-2.5168,354.4956,-0.0046,-0.0068,0.0046,72.312,73.208,-5.3494,123.56,0.5989,0.0,0.0,0.0,-0.03,1688.7,0.0,10.0,270.0,0,36.842,-0.02261912452419096,0.09730591815239643,-0.03,0.08192761980539864,0.6401996728376074,0.6666666666666666,0.0,-3127.5260876169273,12.484715595746433,642.635,705.978,3.2244064422578465,0.007930839088166787,0.11571908446146545,1.7094062692723138,0.2577126386281634,-5.524400000000014,0.0,0.09232874435584719,final_approach,-0.34548339220375013,-0.9095168389511148,-5.117646760192272,
36.942,63.93646434,-22.60521258,788.556,709.103,-1.0306,-2.5175,354.4961,-0.0046,-0.0068,0.0045,72.322,73.217,-5.3481,123.5753,0.5979,0.0,0.0,0.0,-0.03,1688.7,0.0,10.0,270.0,0,36.942,-0.022626605404609812,0.09731458296779123,-0.03,0.08192227374089867,0.6402088469976664,0.6666666666666666,0.0,-3123.4460321450642,12.502888881471725,642.056,705.603,3.2252842488343907,0.008072043534379365,0.11596407038338813,1.7153046554130782,0.2572146153754318,-5.523899999999912,0.0,0.09302613123259287,final_approach,-0.3464720725711814,-0.9102550830443832,-5.1173699722063475,
37.042,63.93649813,-22.60521221,788.021,708.66,-1.031,-2.5181,354.4965,-0.0046,-0.0066,0.0044,72.33,73.226,-5.3469,123.5893,0.5971,0.0,0.0,0.0,-0.03,1688.8,0.0,10.0,270.0,0,37.042,-0.022642501871554643,0.09732339160932366,-0.03,0.08191799654433674,0.6402172529394369,0.6666666666666666,0.0,-3119.679226822157,12.519701699977391,641.521,705.16,3.2260942181048966,0.008076651729492646,0.11619085775248264,1.7212060590036162,0.2568123435254108,-5.523500000000013,0.0,0.0918419374841712,final_approach,-0.34743713096300866,-0.9111018485322351,-5.1171163558630965,
37.15,63.93653193,-22.60521184,787.486,708.232,-1.0315,-2.5187,354.497,-0.0046,-0.0065,0.0043,72.339,73.234,-5.3457,123.6032,0.5962,0.0,0.0,0.0,-0.03,1688.8,0.0,10.0,270.0,0,37.15,-0.022654649049128006,0.09733148504265554,-0.03,0.0819126496174365,0.6402256307119695,0.6666666666666666,0.0,-3115.911306730979,12.536514129529571,640.986,704.732,3.2269069828532038,0.007984809694804338,0.11641793945291873,1.7275828546521184,0.25636403286887344,-5.522999999999911,0.0,0.09106842801591371,final_approach,-0.3484562622700551,-0.9119606969093805,-5.116863583894368,
37.233,63.93656291,-22.6052115,786.996,707.763,-1.0319,-2.5193,354.4974,-0.0045,-0.0064,0.0042,72.347,73.241,-5.3447,123.6159,0.5953,0.0,0.0,0.0,-0.03,1688.9,0.0,10.0,270.0,0,37.233,-0.02266006459419545,0.09733753537019679,-0.03,0.08190837173096877,0.6402332937039862,0.6666666666666666,0.0,-3112.457751556235,12.551966480989398,640.496,704.263,3.2276553198630307,0.008156692837692207,0.11662671498985851,1.7324832260984058,0.25591850140659744,-5.522600000000011,0.0,0.09155180202979639,final_approach,-0.3492845533678377,-0.9125365885146071,-5.116632373269386,
37.342,63.93659671,-22.60521113,786.462,707.371,-1.0324,-2.5199,354.4978,-0.0046,-0.0064,0.0041,72.355,73.249,-5.3435,123.6296,0.5944,0.0,0.0,0.0,-0.03,1688.9,0.0,10.0,270.0,0,37.342,-0.02267306837335137,0.09734623815393371,-0.03,0.08190409353788464,0.6402416468202595,0.6666666666666666,0.0,-3108.6898314650575,12.568778910367515,639.962,703.871,3.228476514495072,0.008052893315877023,0.11685432926402864,1.7389256589333608,0.2554708332687312,-5.522199999999998,0.0,0.08990113779189968,final_approach,-0.35031179486013286,-0.9134085971716353,-5.116380334705621,
37.45,63.93663333,-22.60521073,785.883,706.768,-1.0329,-2.5206,354.4982,-0.0046,-0.0065,0.004,72.364,73.258,-5.3422,123.6444,0.5934,0.0,0.0,0.0,-0.03,1689.0,0.0,10.0,270.0,0,37.45,-0.022684320782757006,0.09735541585872598,-0.03,0.08189981503819099,0.6402506283968527,0.6666666666666666,0.0,-3104.6075464590313,12.586951417838536,639.383,703.268,3.2293659889949304,0.008083390263012333,0.11710085170907272,1.745312418545781,0.25497447950621677,-5.521799999999985,0.0,0.08930406465930274,final_approach,-0.35135764211923615,-0.9142353435937984,-5.116109327493586,
37.542,63.93666432,-22.60521039,785.394,706.417,-1.0333,-2.5211,354.4986,-0.0045,-0.0064,0.004,72.372,73.266,-5.3411,123.6569,0.5926,0.0,0.0,0.0,-0.03,1689.1,0.0,10.0,270.0,0,37.542,-0.02269608518247912,0.09736286307487947,-0.03,0.0818955362318935,0.6402582414498652,0.6666666666666666,0.0,-3101.152876516809,12.602403380171092,638.894,702.917,3.230125321473501,0.008111760868761034,0.11731041144073552,1.7507526849814548,0.25457601651910977,-5.521399999999971,0.0,0.08909065166655553,final_approach,-0.3522479323225305,-0.9149753234677469,-5.115879608709886,
37.642,63.93669813,-22.60521002,784.859,705.899,-1.0338,-2.5217,354.499,-0.0047,-0.0063,0.0039,72.38,73.274,-5.34,123.6704,0.5917,0.0,0.0,0.0,-0.03,1689.1,0.0,10.0,270.0,0,37.642,-0.022705749022494004,0.09737000736308357,-0.03,0.08189125711899814,0.6402664320141552,0.6666666666666666,0.0,-3097.383841658154,12.619215420421934,638.359,702.399,3.2309478977644934,0.008130761208955147,0.11753888047020386,1.7566707307452036,0.25412908872675644,-5.520999999999958,0.0,0.08826422878777361,final_approach,-0.35321707370362176,-0.9157610169730841,-5.115632458823693,
37.742,63.93673194,-22.60520966,784.326,705.49,-1.0342,-2.5223,354.4994,-0.0049,-0.0062,0.0039,72.389,73.281,-5.3388,123.6838,0.5907,0.0,0.0,0.0,-0.03,1689.2,0.0,10.0,270.0,0,37.742,-0.02271629286571253,0.09737786991091564,-0.03,0.08188697769951192,0.640274681037446,0.6666666666666666,0.0,-3093.6148069713113,12.635537523522245,637.826,701.99,3.231782385760983,0.008166447668278808,0.11776306344061176,1.7625914679867805,0.25363615639281534,-5.520600000000059,0.0,0.08842202617070406,final_approach,-0.35418087412434573,-0.9164694551270962,-5.115383539611102,
37.842,63.93676858,-22.60520926,783.747,705.098,-1.0348,-2.523,354.4998,-0.005,-0.0062,0.0038,72.398,73.29,-5.3376,123.6982,0.5897,0.0,0.0,0.0,-0.03,1689.2,0.0,10.0,270.0,0,37.842,-0.02272081617983368,0.09738542077492819,-0.03,0.08188269797343706,0.6402835036921086,0.6666666666666666,0.0,-3089.530292430329,12.653709252738722,637.247,701.598,3.2326817693025665,0.008304345626204593,0.11801083019629671,1.7685172461131209,0.253141122706495,-5.520199999999932,0.0,0.08856547833700389,final_approach,-0.3551762928976032,-0.9172222987631944,-5.115117304809512,
37.942,63.9368024,-22.60520889,783.213,704.536,-1.0353,-2.5236,354.5002,-0.0048,-0.0063,0.0038,72.406,73.298,-5.3364,123.7115,0.5888,0.0,0.0,0.0,-0.03,1689.3,0.0,10.0,270.0,0,37.942,-0.022730661707537958,0.09739396320952971,-0.03,0.08187841794078399,0.640291624668288,0.6666666666666666,0.0,-3085.760142804988,12.670520903862569,636.713,701.036,3.233516044265192,0.008310746292879369,0.11824017951195553,1.7744462065772728,0.25269494144117743,-5.519800000000032,0.0,0.08778679848819414,final_approach,-0.356147820445468,-0.9180126928827317,-5.114872238638533,
38.05,63.93683623,-22.60520853,782.68,704.134,-1.0357,-2.5241,354.5005,-0.0046,-0.0061,0.0037,72.414,73.306,-5.3353,123.7246,0.5878,0.0,0.0,0.0,-0.03,1689.3,0.0,10.0,270.0,0,38.05,-0.02274486944502574,0.0974009567805092,-0.03,0.08187520771510315,0.6402997615407522,0.6666666666666666,0.0,-3081.9888785831904,12.686842228708334,636.18,700.634,3.2343582727404163,0.008225357212005261,0.11846525370224954,1.7808524476334373,0.25220298807116137,-5.519499999999994,0.0,0.08654018717781604,final_approach,-0.3571676170036824,-0.9188068391586626,-5.114626687566421,
38.142,63.93686724,-22.60520819,782.191,703.748,-1.0362,-2.5247,354.5009,-0.0045,-0.0059,0.0037,72.422,73.313,-5.3342,123.7366,0.5869,0.0,0.0,0.0,-0.03,1689.4,0.0,10.0,270.0,0,38.142,-0.02275039294272707,0.09740824309974118,-0.03,0.08187092714594713,0.6403071604963471,0.6666666666666666,0.0,-3078.5319791060124,12.702293412786341,635.691,700.248,3.235129738938166,0.008252048034912978,0.11867639082351245,1.7863093947497917,0.25175985785409694,-5.51909999999998,0.0,0.08657803577429429,final_approach,-0.3580618578461383,-0.9194855368239558,-5.11440340051648,
38.233,63.93689825,-22.60520786,781.702,703.347,-1.0366,-2.5252,354.5012,-0.0045,-0.006,0.0036,72.429,73.32,-5.3332,123.7486,0.586,0.0,0.0,0.0,-0.03,1689.4,0.0,10.0,270.0,0,38.233,-0.022759430453197615,0.09741474527294766,-0.03,0.08186771651789782,0.6403145222984025,0.6666666666666666,0.0,-3075.0750797998553,12.71725465953948,635.202,699.847,3.235902761345998,0.008292498651497483,0.11888318609869764,1.7917092928540317,0.2513168135459125,-5.518800000000056,0.0,0.0857003122423709,final_approach,-0.35894393807565805,-0.9201460648901758,-5.114181230420641,
38.333,63.93693491,-22.60520746,781.124,702.892,-1.0371,-2.5258,354.5016,-0.0045,-0.0059,0.0036,72.438,73.328,-5.332,123.7626,0.585,0.0,0.0,0.0,-0.03,1689.5,0.0,10.0,270.0,0,38.333,-0.022768120059199426,0.09742213869858522,-0.03,0.0818634354122566,0.640323181658876,0.6666666666666666,0.0,-3070.9883357239178,12.735425610501409,634.624,699.392,3.2368191278685146,0.008437693080442009,0.11913248584952096,1.7976501771294704,0.25082318400163217,-5.518399999999929,0.0,0.0860911929476101,final_approach,-0.3599430719790959,-0.9209065906331038,-5.113919896158986,
38.442,63.93696875,-22.6052071,780.591,702.37,-1.0375,-2.5263,354.502,-0.0045,-0.0058,0.0035,72.446,73.336,-5.3308,123.7755,0.584,0.0,0.0,0.0,-0.03,1689.5,0.0,10.0,270.0,0,38.442,-0.022782588666305947,0.09743054017427331,-0.03,0.0818591540000635,0.6403311535825021,0.6666666666666666,0.0,-3067.215956734642,12.751746546045839,634.091,698.87,3.2376696923201016,0.008331968165791933,0.11935867101784021,1.804128809960178,0.250332068482777,-5.518000000000029,0.0,0.08493694771717301,final_approach,-0.36097249892530314,-0.9217164696976674,-5.113679303111926,
38.542,63.93700259,-22.60520674,780.058,701.889,-1.038,-2.5269,354.5023,-0.0045,-0.0058,0.0034,72.454,73.343,-5.3297,123.7882,0.583,0.0,0.0,0.0,-0.03,1689.6,0.0,10.0,270.0,0,38.542,-0.022790078304123274,0.0974374228622168,-0.03,0.08185594273974484,0.6403390796847392,0.6666666666666666,0.0,-3063.443577745366,12.768067481764334,633.558,698.389,3.238522135686676,0.008364045749116917,0.11958513514247592,1.8100735607745584,0.24984149124830424,-5.517699999999991,0.0,0.08448813428833497,final_approach,-0.36194200009931166,-0.9224369974934437,-5.113440088000939,
38.642,63.93703926,-22.60520635,779.481,701.431,-1.0385,-2.5275,354.5027,-0.0045,-0.0058,0.0034,72.462,73.351,-5.3284,123.802,0.5819,0.0,0.0,0.0,-0.03,1689.7,0.0,10.0,270.0,0,38.642,-0.02279589549632194,0.0974469703619405,-0.03,0.08185166079109452,0.6403476433620836,0.6666666666666666,0.0,-3059.355719072971,12.785748106274117,632.981,697.931,3.2394509285428414,0.008518026217873492,0.11983080487253672,1.8160230627258969,0.24930234228455106,-5.5172999999999774,0.0,0.0840801220803133,final_approach,-0.36293732205951557,-0.923123293665082,-5.113181624889023,
38.733,63.93706747,-22.60520604,779.037,701.157,-1.0388,-2.5279,354.503,-0.0045,-0.0059,0.0033,72.469,73.358,-5.3275,123.8125,0.5811,0.0,0.0,0.0,-0.03,1689.7,0.0,10.0,270.0,0,38.733,-0.022810806241267023,0.0974521631900037,-0.03,0.08184844912844169,0.6403541883303747,0.6666666666666666,0.0,-3056.210954976479,12.799838434179012,632.537,697.657,3.2401663586954275,0.008408666816334252,0.12002460363069246,1.821436698366021,0.24890930244197307,-5.517000000000053,0.0,0.08342948161146489,final_approach,-0.36380383408528516,-0.9238356122788467,-5.112984085197311,
38.842,63.93710414,-22.60520565,778.46,700.542,-1.0393,-2.5285,354.5033,-0.0045,-0.0058,0.0032,72.477,73.366,-5.3263,123.8261,0.58,0.0,0.0,0.0,-0.03,1689.8,0.0,10.0,270.0,0,38.842,-0.022820616994895182,0.09746017949979062,-0.03,0.08184523729336124,0.6403626540333698,0.6666666666666666,0.0,-3052.1230963040844,12.817519058688795,631.96,697.042,3.2410990994038587,0.008433431381243642,0.12027085855584294,1.8279283352778781,0.24837079654597005,-5.516699999999901,0.0,0.08251721013887105,final_approach,-0.36486114550120874,-0.9246161287724401,-5.112728569050436,
38.95,63.93714082,-22.60520526,777.883,700.2,-1.0398,-2.5291,354.5037,-0.0044,-0.0058,0.0032,72.486,73.374,-5.3251,123.8396,0.5789,0.0,0.0,0.0,-0.03,1689.8,0.0,10.0,270.0,0,38.95,-0.022829755623166637,0.09746740300791078,-0.03,0.08184095457837759,0.64037107311948,0.6666666666666666,0.0,-3048.034122864212,12.835199293897249,631.383,696.7,3.242035144493758,0.008472373511991862,0.12051746177901826,1.834363679143012,0.24783262514984017,-5.516300000000001,0.0,0.08259140315654943,final_approach,-0.3659125561862524,-0.9253882668474152,-5.112474454325138,
39.033,63.93717186,-22.60520493,777.395,699.753,-1.0402,-2.5296,354.5039,-0.0044,-0.0057,0.0031,72.493,73.38,-5.3241,123.851,0.578,0.0,0.0,0.0,-0.03,1689.9,0.0,10.0,270.0,0,39.033,-0.022836432352620284,0.09747373645354168,-0.03,0.08183881310593899,0.6403781660429072,0.6666666666666666,0.0,-3044.573879256414,12.850159373442903,630.895,696.253,3.242830453613644,0.008657317524825044,0.12072638999550507,1.83930889666701,0.2473916248819421,-5.516100000000051,0.0,0.08275012554208867,final_approach,-0.3667460847267954,-0.9259787994631186,-5.1122603630671115,
39.142,63.93720854,-22.60520454,776.818,699.159,-1.0407,-2.5302,354.5043,-0.0044,-0.0056,0.003,72.501,73.388,-5.3229,123.8643,0.5769,0.0,0.0,0.0,-0.03,1689.9,0.0,10.0,270.0,0,39.142,-0.02284610153040395,0.0974816963650618,-0.03,0.08183452993116958,0.6403864797539324,0.6666666666666666,0.0,-3040.484905816542,12.867839608825415,630.318,695.659,3.2437706684672665,0.008652068661547437,0.12097360430834402,1.8458121972120627,0.2468540991808652,-5.515699999999924,0.0,0.08189961371216539,final_approach,-0.3678059702562031,-0.926764651105989,-5.112009418781295,
39.25,63.93724241,-22.60520419,776.286,698.824,-1.0411,-2.5307,354.5046,-0.0044,-0.0056,0.0029,72.509,73.396,-5.3218,123.8766,0.5759,0.0,0.0,0.0,-0.03,1690.0,0.0,10.0,270.0,0,39.25,-0.022860638420497403,0.09748841424651478,-0.03,0.08183131734894356,0.6403941410056408,0.6666666666666666,0.0,-3036.709182695853,12.88366943983722,629.786,695.324,3.2446449664324506,0.008559282472870005,0.12119750925754237,1.8522566043019137,0.24636508998128193,-5.5154,0.0,0.08118820101778991,final_approach,-0.368828514109083,-0.9275673098528525,-5.111778163764463,
39.333,63.93727346,-22.60520386,775.798,698.431,-1.0415,-2.5312,354.5048,-0.0043,-0.0055,0.0028,72.516,73.402,-5.3208,123.8877,0.5749,0.0,0.0,0.0,-0.03,1690.0,0.0,10.0,270.0,0,39.333,-0.02286478220002769,0.09749470044331142,-0.03,0.08182917553167501,0.6404011071577113,0.6666666666666666,0.0,-3033.247824320577,12.898629130081538,629.298,694.931,3.2454466710605177,0.00874258404479543,0.12140723129744191,1.8572088278943661,0.2458787531336668,-5.51520000000005,0.0,0.08147448723414104,final_approach,-0.3696638741267293,-0.928092383825037,-5.111567886331741,
39.433,63.93730733,-22.6052035,775.266,697.903,-1.042,-2.5317,354.5051,-0.0042,-0.0055,0.0028,72.523,73.409,-5.3197,123.8998,0.5739,0.0,0.0,0.0,-0.03,1690.1,0.0,10.0,270.0,0,39.433,-0.022872780335967624,0.0975021786427396,-0.03,0.08182596266209441,0.6404086718277687,0.6666666666666666,0.0,-3029.4721010288677,12.914948898418212,628.766,694.403,3.246324711770948,0.008748887888046663,0.12163628607962307,1.8631817604093472,0.2453903614264732,-5.514899999999898,0.0,0.08043135203102884,final_approach,-0.370639951921536,-0.9288260603560321,-5.1113395379516575,
39.55,63.93734403,-22.60520312,774.69,697.426,-1.0424,-2.5323,354.5054,-0.0041,-0.0054,0.0027,72.531,73.417,-5.3185,123.9128,0.5727,0.0,0.0,0.0,-0.03,1690.1,0.0,10.0,270.0,0,39.55,-0.02288700211901379,0.09751005148782586,-0.03,0.08182274962010805,0.6404168306531628,0.6666666666666666,0.0,-3025.3808982258524,12.932138418221585,628.19,693.926,3.247280659952962,0.00865248945373415,0.12188014638851546,1.8701753286712068,0.2448076654575857,-5.514599999999973,0.0,0.07933541715331291,final_approach,-0.3717507779760467,-0.9296205765861885,-5.111093249250175,
39.642,63.93737509,-22.60520279,774.202,697.042,-1.0428,-2.5327,354.5057,-0.0041,-0.0054,0.0026,72.538,73.424,-5.3175,123.9238,0.5718,0.0,0.0,0.0,-0.03,1690.2,0.0,10.0,270.0,0,39.642,-0.022897160722652854,0.097516296432538,-0.03,0.08181953640571626,0.6404236655467963,0.6666666666666666,0.0,-3021.918425082306,12.947097719338355,627.702,693.542,3.2480888320910584,0.008674487838431198,0.12209066705405036,1.8756724656989214,0.24436805704621634,-5.514300000000048,0.0,0.07904010255043302,final_approach,-0.37264871999582283,-0.9303100876525949,-5.110886921756272,
39.733,63.93740615,-22.60520246,773.715,696.658,-1.0432,-2.5332,354.5059,-0.0043,-0.0055,0.0026,72.545,73.43,-5.3165,123.9347,0.5708,0.0,0.0,0.0,-0.03,1690.2,0.0,10.0,270.0,0,39.733,-0.022904634998646034,0.0975225097721853,-0.03,0.08181739416700762,0.640430499992411,0.6666666666666666,0.0,-3018.4559519395525,12.962057020455404,627.215,693.158,3.248903833485328,0.008721416411641153,0.12230142779117728,1.8811123558152982,0.24388250995588123,-5.514099999999985,0.0,0.07884764567522429,final_approach,-0.37354051175099556,-0.9309212339221737,-5.110680604108399,
39.833,63.93744286,-22.60520208,773.139,696.176,-1.0437,-2.5338,354.5062,-0.0043,-0.0055,0.0025,72.553,73.438,-5.3154,123.9474,0.5696,0.0,0.0,0.0,-0.03,1690.3,0.0,10.0,270.0,0,39.833,-0.022908477038662334,0.09752884601705887,-0.03,0.08181418066527735,0.6404385025090843,0.6666666666666666,0.0,-3014.363634369059,12.979246151131504,626.639,692.676,3.249867119053829,0.008873322957202426,0.12254619804413948,1.8870966011003278,0.24330077334124667,-5.5137999999999465,0.0,0.07895240515929067,final_approach,-0.37453854993951197,-0.9315475067991006,-5.110439020157795,
39.942,63.93747675,-22.60520173,772.607,695.632,-1.0441,-2.5343,354.5064,-0.0042,-0.0055,0.0024,72.56,73.445,-5.3143,123.9592,0.5686,0.0,0.0,0.0,-0.03,1690.3,0.0,10.0,270.0,0,39.942,-0.022924147592233546,0.09753626353191354,-0.03,0.08181203823501404,0.6404458242652183,0.6666666666666666,0.0,-3010.5856817134154,12.99507520388876,626.107,692.132,3.250757206581617,0.008755425901319648,0.12277208422178212,1.8936223072965044,0.2428135043263353,-5.513599999999997,0.0,0.07761311227992637,final_approach,-0.37557286918004706,-0.9323704701088804,-5.110217982925985,
40.042,63.93751065,-22.60520137,772.076,695.335,-1.0445,-2.5348,354.5067,-0.0041,-0.0055,0.0023,72.568,73.451,-5.3132,123.9708,0.5675,0.0,0.0,0.0,-0.03,1690.4,0.0,10.0,270.0,0,40.042,-0.022933654268588233,0.0975428298473554,-0.03,0.08180882444595361,0.64045314320945,0.6666666666666666,0.0,-3006.8066141200648,13.011393804843886,625.576,691.835,3.251655561013293,0.008793445637226845,0.12300290254860746,1.8996105231937102,0.24228053504555191,-5.513299999999958,0.0,0.0778301020726562,final_approach,-0.37655298304587603,-0.9330431352069244,-5.109997026362592,
40.15,63.93754737,-22.60520099,771.5,694.797,-1.0449,-2.5354,354.5069,-0.0041,-0.0054,0.0023,72.576,73.459,-5.3121,123.9834,0.5663,0.0,0.0,0.0,-0.03,1690.4,0.0,10.0,270.0,0,40.15,-0.022945026617013753,0.09754912430540348,-0.03,0.08180668182413897,0.6404609744836512,0.6666666666666666,0.0,-3002.713181782094,13.028582546392713,625.0,691.297,3.252626627673668,0.008826431025428015,0.1232486365400531,1.9060827780565384,0.24169934283284533,-5.5131000000000085,0.0,0.07748864498187247,final_approach,-0.37760739285693745,-0.9337550198518443,-5.109760598049398,
40.233,63.93757844,-22.60520067,771.014,694.404,-1.0453,-2.5358,354.5071,-0.0043,-0.0053,0.0022,72.582,73.465,-5.3112,123.9939,0.5653,0.0,0.0,0.0,-0.03,1690.5,0.0,10.0,270.0,0,40.233,-0.02294925734675002,0.09755459426646726,-0.03,0.08180453912570407,0.6404676072241385,0.6666666666666666,0.0,-2999.2495940420913,13.043051521231405,624.514,690.904,3.253457266937744,0.009023309517326602,0.12345610997667286,1.9110561394986456,0.24121510617760578,-5.512899999999945,0.0,0.07701596422229408,final_approach,-0.3784421646421947,-0.9342823448190565,-5.109560350018061,
40.342,63.93761235,-22.60520032,770.483,693.906,-1.0458,-2.5363,354.5073,-0.0043,-0.0052,0.0022,72.589,73.472,-5.3101,124.0054,0.5642,0.0,0.0,0.0,-0.03,1690.5,0.0,10.0,270.0,0,40.342,-0.022958596923714325,0.09756195066855322,-0.03,0.08180239635065178,0.640474768532266,0.6666666666666666,0.0,-2995.4694118522834,13.05887979556033,623.983,690.406,3.254362793831449,0.00890402229456885,0.12368316695372747,1.9175941007230903,0.24068264563655362,-5.512699999999995,0.0,0.07585271142811129,final_approach,-0.379479400975665,-0.9350416970545563,-5.109344140191922,
40.433,63.93764625,-22.60519997,769.952,693.536,-1.0462,-2.5368,354.5075,-0.0043,-0.0052,0.0021,72.597,73.479,-5.3091,124.0168,0.5631,0.0,0.0,0.0,-0.03,1690.6,0.0,10.0,270.0,0,40.433,-0.022964752511570485,0.09756697727453102,-0.03,0.08180025349898168,0.6404818648915467,0.6666666666666666,0.0,-2991.6903444299537,13.074708459190589,623.452,690.036,3.2552692843657685,0.009080257652652518,0.12391048871187771,1.9230532530903446,0.24015049356714258,-5.5125000000000455,0.0,0.07694901838119554,final_approach,-0.3803951589802992,-0.9356187663482363,-5.10912988727511,
40.542,63.93768299,-22.60519959,769.376,693.02,-1.0467,-2.5373,354.5078,-0.0041,-0.0053,0.002,72.604,73.486,-5.308,124.029,0.5619,0.0,0.0,0.0,-0.03,1690.6,0.0,10.0,270.0,0,40.542,-0.022972562456965717,0.09757406497280338,-0.03,0.08179703907781877,0.6404894708655088,0.6666666666666666,0.0,-2987.5946825570277,13.091896422484869,622.876,689.52,3.256251346686812,0.009068505721313581,0.12415749088525022,1.9295993261106088,0.23957057021311812,-5.512200000000007,0.0,0.07579185157256717,final_approach,-0.3814595660249047,-0.9363475854510952,-5.108900243691448,
40.633,63.93771125,-22.6051993,768.934,692.711,-1.047,-2.5377,354.5079,-0.004,-0.0052,0.002,72.61,73.491,-5.3072,124.0384,0.561,0.0,0.0,0.0,-0.03,1690.6,0.0,10.0,270.0,0,40.633,-0.02298566431503829,0.09757828980413703,-0.03,0.08179596756578877,0.6404953177330702,0.6666666666666666,0.0,-2984.4443449659793,13.105004930277996,622.434,689.211,3.257013875749746,0.008953661476432145,0.12434664480609084,1.9350617528320944,0.23913518024477298,-5.5120999999999185,0.0,0.07489568924179449,final_approach,-0.382325440273231,-0.9369951688506966,-5.108723708877765,
40.733,63.93774799,-22.60519892,768.359,692.123,-1.0474,-2.5383,354.5082,-0.0042,-0.0052,0.002,72.618,73.499,-5.3061,124.0505,0.5598,0.0,0.0,0.0,-0.03,1690.7,0.0,10.0,270.0,0,40.733,-0.02299388358212251,0.09758450448067119,-0.03,0.08179275291477994,0.6405028438418906,0.6666666666666666,0.0,-2980.3486830930533,13.122192893572274,621.859,688.623,3.2580054455141996,0.009114000837782481,0.12459423959953546,1.941070970949274,0.23855566605317335,-5.511799999999994,0.0,0.07535971749253682,final_approach,-0.38332999919451893,-0.9376345664638439,-5.108496468668086,
40.842,63.93778473,-22.60519855,767.784,691.6,-1.0479,-2.5388,354.5084,-0.0041,-0.0051,0.0019,72.625,73.506,-5.305,124.0625,0.5586,0.0,0.0,0.0,-0.03,1690.8,0.0,10.0,270.0,0,40.842,-0.023001854699337132,0.0975915627421124,-0.03,0.08179060971833907,0.6405103010650747,0.6666666666666666,0.0,-2976.2530213911477,13.138890919541684,621.284,688.1,3.2589994554708595,0.009114893598243603,0.12483751564749147,1.9476257022937349,0.2379764727881195,-5.511600000000044,0.0,0.07434703258287742,final_approach,-0.3843904719118889,-0.9383585547472961,-5.108271303958759,
40.95,63.93781865,-22.6051982,767.254,691.227,-1.0483,-2.5393,354.5086,-0.004,-0.005,0.0019,72.632,73.512,-5.304,124.0735,0.5575,0.0,0.0,0.0,-0.03,1690.8,0.0,10.0,270.0,0,40.95,-0.0230150137858805,0.09759737076656747,-0.03,0.08178846644528337,0.6405171576564802,0.6666666666666666,0.0,-2972.471724433862,13.154718804917398,620.754,687.727,3.2599238797769607,0.009022325384495062,0.12506632497418196,1.9541214128626894,0.23744564400223567,-5.5113999999999805,0.0,0.07348046733123935,final_approach,-0.38542523142071516,-0.9391166132214614,-5.10806427096237,
41.033,63.93784693,-22.60519791,766.812,690.842,-1.0486,-2.5396,354.5087,-0.0041,-0.005,0.0018,72.638,73.518,-5.3031,124.0827,0.5565,0.0,0.0,0.0,-0.03,1690.8,0.0,10.0,270.0,0,41.033,-0.02302243921118502,0.09760305614222063,-0.03,0.08178739478002606,0.6405228232149703,0.6666666666666666,0.0,-2969.319157307859,13.167826534281916,620.312,687.342,3.2606955500391703,0.00906814316621497,0.12525646809747917,1.9591112971391933,0.23696481071090147,-5.511300000000006,0.0,0.07337216635808215,final_approach,-0.3862390395476005,-0.939617501983788,-5.107893198098683,
41.133,63.93788368,-22.60519754,766.238,690.307,-1.0491,-2.5402,354.5089,-0.0041,-0.005,0.0018,72.645,73.525,-5.302,124.0945,0.5553,0.0,0.0,0.0,-0.03,1690.9,0.0,10.0,270.0,0,41.133,-0.023027004568669573,0.09761008651839334,-0.03,0.08178525139205106,0.6405301369590103,0.6666666666666666,0.0,-2965.222380838475,13.184524171298115,619.738,686.807,3.2617025325402214,0.009235090140264158,0.12550066004887778,1.965130992153617,0.2363863346315327,-5.511099999999942,0.0,0.07306560578006623,final_approach,-0.3872402934172001,-0.9402534772657685,-5.107672354144288,
41.242,63.93791761,-22.60519719,765.707,689.98,-1.0495,-2.5406,354.5091,-0.0041,-0.005,0.0018,72.652,73.531,-5.301,124.1053,0.5541,0.0,0.0,0.0,-0.03,1690.9,0.0,10.0,270.0,0,41.242,-0.023038034389047946,0.09761589627947587,-0.03,0.08178310792746535,0.6405367860969079,0.6666666666666666,0.0,-2961.439969113712,13.200351667546553,619.207,686.48,3.2626289574340968,0.009112460275717753,0.12573032538159226,1.9716956216820523,0.23581002969237375,-5.510899999999992,0.0,0.0722614764806318,final_approach,-0.38828395628381784,-0.9409565100225628,-5.107471574807295,
41.333,63.93795154,-22.60519685,765.177,689.451,-1.0499,-2.5411,354.5093,-0.0041,-0.0051,0.0017,72.659,73.537,-5.3001,124.1161,0.553,0.0,0.0,0.0,-0.03,1691.0,0.0,10.0,270.0,0,41.333,-0.023044299260027046,0.09762019898893609,-0.03,0.08178096438626858,0.6405434110475914,0.6666666666666666,0.0,-2957.657557559969,13.215689226470124,618.677,685.951,3.2635627632987028,0.009303984047724496,0.12595561024632337,1.9771767721620321,0.23527998713174725,-5.510700000000043,0.0,0.07268525833904083,final_approach,-0.3891994999935058,-0.9415364053195674,-5.107271522366908,
41.442,63.93798831,-22.60519648,764.603,688.98,-1.0504,-2.5416,354.5094,-0.0039,-0.0051,0.0016,72.666,73.544,-5.299,124.1277,0.5517,0.0,0.0,0.0,-0.03,1691.0,0.0,10.0,270.0,0,41.442,-0.023050274741581,0.09762721896419271,-0.03,0.08177989258694007,0.6405505330788691,0.6666666666666666,0.0,-2953.5585515556304,13.232386085057714,618.103,685.48,3.264579050528322,0.009307276048362293,0.1262007923810856,1.9837489162593818,0.23465607927570886,-5.510599999999954,0.0,0.07191570607968739,final_approach,-0.3902644353988549,-0.942199823933942,-5.107056455812515,
41.533,63.93801659,-22.60519619,764.162,688.575,-1.0507,-2.542,354.5096,-0.0038,-0.0051,0.0016,72.672,73.55,-5.2982,124.1365,0.5507,0.0,0.0,0.0,-0.03,1691.1,0.0,10.0,270.0,0,41.533,-0.02306076443104249,0.09763138465157073,-0.03,0.08177774893082801,0.6405559769611291,0.6666666666666666,0.0,-2950.4059844304193,13.24549381442251,617.662,685.075,3.265364859189635,0.009195273376040097,0.12639213005961292,1.9892332283821532,0.23417648146300962,-5.510400000000004,0.0,0.07137192061190378,final_approach,-0.3911356400432986,-0.9427888984047517,-5.1068920622330545,
41.642,63.93805619,-22.60519579,763.544,688.148,-1.0511,-2.5426,354.5098,-0.0038,-0.005,0.0015,72.68,73.557,-5.2971,124.1488,0.5494,0.0,0.0,0.0,-0.03,1691.1,0.0,10.0,270.0,0,41.642,-0.02307177973738922,0.09763727592867995,-0.03,0.08177560519810523,0.6405635076703894,0.6666666666666666,0.0,-2945.9914987429615,13.263550361975454,617.044,684.648,3.2664652277531605,0.009345248552702466,0.12665754932829332,1.9958113538624822,0.23355134951668788,-5.510199999999941,0.0,0.07155579104836095,final_approach,-0.39222788912347184,-0.943491555901339,-5.106664647095883,
41.75,63.93809013,-22.60519545,763.014,687.626,-1.0515,-2.543,354.5099,-0.0038,-0.0049,0.0015,72.687,73.563,-5.2961,124.1593,0.5482,0.0,0.0,0.0,-0.03,1691.2,0.0,10.0,270.0,0,41.75,-0.023082673380628138,0.09764305086270496,-0.03,0.08177453330301632,0.6405698802319574,0.6666666666666666,0.0,-2942.207972421741,13.278887531771751,616.514,684.126,3.2674089215519455,0.009244024717969698,0.12688401935895993,2.0023299070793446,0.2329761542106894,-5.510099999999966,0.0,0.0709429750271219,final_approach,-0.3932621312927935,-0.9441820702256933,-5.106472202635249,
41.842,63.93812125,-22.60519514,762.529,687.35,-1.0518,-2.5434,354.51,-0.0037,-0.0048,0.0014,72.693,73.569,-5.2953,124.1689,0.5471,0.0,0.0,0.0,-0.03,1691.2,0.0,10.0,270.0,0,41.842,-0.02309239512451361,0.09764696701871203,-0.03,0.08177346138877528,0.6405757000490881,0.6666666666666666,0.0,-2938.738811016162,13.292864623649482,616.029,683.85,3.2682812133784864,0.009283592747838748,0.12709110399588894,2.0078818102652565,0.2324490280865632,-5.509999999999991,0.0,0.07042246741596092,final_approach,-0.394161694019882,-0.9447422998003976,-5.1062964476590444,
41.933,63.93815237,-22.60519483,762.043,686.838,-1.0522,-2.5438,354.5102,-0.0038,-0.0048,0.0013,72.699,73.574,-5.2944,124.1784,0.546,0.0,0.0,0.0,-0.03,1691.2,0.0,10.0,270.0,0,41.933,-0.023097550386945387,0.09765238458788793,-0.03,0.08177131750283728,0.6405814293486431,0.6666666666666666,0.0,-2935.269649611374,13.306841715527488,615.543,683.338,3.2691500467821974,0.009327597260032312,0.12729842852852102,2.0133753924368807,0.23192218629031913,-5.509800000000041,0.0,0.07001443091760699,final_approach,-0.39505498513609894,-0.9452935208867999,-5.1061234236487145,
42.033,63.93818916,-22.60519446,761.47,686.362,-1.0526,-2.5443,354.5103,-0.0039,-0.0047,0.0012,72.706,73.581,-5.2934,124.1896,0.5448,0.0,0.0,0.0,-0.03,1691.3,0.0,10.0,270.0,0,42.033,-0.023106830804453304,0.09765790184077375,-0.03,0.08177024553114054,0.6405881840443076,0.6666666666666666,0.0,-2931.16841407208,13.323537795860531,614.97,682.862,3.270187763133197,0.009502524968359544,0.12754548746153346,2.0194186898749114,0.23134584896814658,-5.509700000000066,0.0,0.07001311901601082,final_approach,-0.3960626599595827,-0.9459423453349718,-5.105919429498478,
42.15,63.93822594,-22.60519409,760.896,685.92,-1.053,-2.5448,354.5104,-0.004,-0.0047,0.0012,72.713,73.588,-5.2924,124.2007,0.5435,0.0,0.0,0.0,-0.03,1691.3,0.0,10.0,270.0,0,42.15,-0.02312025609663243,0.0976634412508556,-0.03,0.08176917354029112,0.6405948182185963,1.0,0.0,-2927.068293300263,13.340234265320849,614.396,682.42,3.271221651913422,0.009391546847172921,0.12779286511721716,2.0264947222031133,0.23072368671950017,-5.509599999999978,0.0,0.0690872954535537,final_approach,-0.39718736992510273,-0.9466982813713809,-5.105719071630716,
42.233,63.93825707,-22.60519378,760.411,685.442,-1.0534,-2.5452,354.5105,-0.0046,-0.0078,0.0012,72.718,73.593,-5.2891,124.2096,0.5423,0.0,0.0,0.0,-0.03,1691.4,0.0,10.0,270.0,0,42.233,-0.023120094090277266,0.09770533733359765,-0.03,0.08176810153029113,0.6406003989731108,1.0,0.0,-2923.5980171279984,13.35421096807158,613.911,681.942,3.2721031252768844,0.009596315873572523,0.12800102182928175,2.0315121716168485,0.23015219277490928,-5.509500000000003,0.0,0.06828308349009785,final_approach,-0.39802798541717266,-0.9471030942883587,-5.105550525271742,
42.35,63.93829386,-22.60519342,759.84,684.969,-1.0542,-2.5473,354.5107,-0.0108,-0.0362,0.0027,72.722,73.596,-5.2619,124.215,0.5407,0.0,0.0,0.0,-0.03,1691.4,0.0,10.0,270.0,0,42.35,-0.023110042550723853,0.09810141722499126,-0.03,0.08176595745283555,0.640606991815556,1.0,0.0,-2919.496781759724,13.37041711125382,613.34,681.469,3.2731588955390722,0.00950087613707653,0.12824434656565378,2.0385938626957247,0.2294033113213345,-5.509299999999939,0.0,0.06518353355353924,final_approach,-0.39914799394711764,-0.9476613420509707,-5.105351409316576,
42.45,63.93832783,-22.60519308,759.315,684.513,-1.0556,-2.5525,354.5111,-0.0176,-0.0752,0.0051,72.721,73.596,-5.2173,124.2142,0.5388,0.0,0.0,0.0,-0.03,1691.5,0.0,10.0,270.0,0,42.45,-0.02306084695070565,0.09875766499263787,-0.03,0.08176166906811178,0.6406130778566211,1.0,0.0,-2915.709911136863,13.385753113668573,612.815,681.013,3.274147992808458,0.009565892229873025,0.1284728881439657,2.044645838634469,0.22852852884497565,-5.50890000000004,0.0,0.05834866686686245,final_approach,-0.4001322618193228,-0.9478260290771789,-5.105167596648762,
42.533,63.93835613,-22.60519281,758.882,684.303,-1.0572,-2.5601,354.5116,-0.0217,-0.1124,0.0075,72.717,73.593,-5.1703,124.2093,0.5372,0.0,0.0,0.0,-0.03,1691.5,0.0,10.0,270.0,0,42.533,-0.023001938045578985,0.09944957368691196,-0.03,0.08175630815630908,0.6406182325263773,1.0,0.0,-2912.5551148179443,13.397880190302867,612.382,680.803,3.2749970759093685,0.009676563004634575,0.12865727112920142,2.049667538651304,0.22780029228897547,-5.508399999999938,0.0,0.048663081598566124,final_approach,-0.4009420539369728,-0.9479487041481143,-5.105011911284773,
42.633,63.93839009,-22.60519247,758.368,683.841,-1.0595,-2.5736,354.5125,-0.0232,-0.1633,0.0106,72.71,73.586,-5.1063,124.1982,0.5351,0.0,0.0,0.0,-0.03,1691.5,0.0,10.0,270.0,0,42.633,-0.022912060362087594,0.10038860303683461,-0.03,0.08174665730859287,0.6406245235040569,1.0,0.0,-2908.7693589625605,13.413216581844894,611.868,680.341,3.276048062539297,0.009815446887076522,0.12888632064687033,2.0557239455871534,0.22685367353102492,-5.507499999999936,0.0,0.037875528725964745,final_approach,-0.40192748703034553,-0.9480070882494385,-5.104821903418667,
42.733,63.93842687,-22.60519211,757.819,683.264,-1.062,-2.5938,354.5138,-0.0212,-0.214,0.014,72.699,73.575,-5.0326,124.18,0.5327,0.0,0.0,0.0,-0.03,1691.5,0.0,10.0,270.0,0,42.733,-0.022807014398106562,0.10146575057978306,-0.03,0.08173271445684172,0.6406314810611798,1.0,0.0,-2904.6692383617647,13.429423113980341,611.319,679.764,3.2772301704155495,0.010149718866317867,0.12913083981660983,2.061784616416857,0.22578252964493117,-5.506200000000035,0.0,0.02443229884178949,final_approach,-0.40293376513440293,-0.9479095178312793,-5.104611759059292,
42.842,63.93846365,-22.60519176,757.278,682.924,-1.064,-2.6193,354.5155,-0.0158,-0.2609,0.0171,72.684,73.561,-4.958,124.1557,0.5303,0.0,0.0,0.0,-0.03,1691.5,0.0,10.0,270.0,0,42.842,-0.022723878995474733,0.10255191809973314,-0.03,0.08171447661403042,0.6406385756420854,1.0,0.0,-2900.5691179319883,13.445139708964982,610.778,679.424,3.2784581057337268,0.010335675994373758,0.129370981487096,2.068394902625969,0.22472309452714967,-5.504500000000007,0.0,0.00970075541080085,final_approach,-0.403996340447236,-0.9479142412808308,-5.104397472131044,
42.933,63.93849194,-22.60519148,756.867,682.572,-1.0651,-2.6422,354.517,-0.01,-0.2932,0.0192,72.67,73.547,-4.902,124.1329,0.5284,0.0,0.0,0.0,-0.03,1691.5,0.0,10.0,270.0,0,42.933,-0.022678469104294885,0.10336463540811337,-0.03,0.08169837980451444,0.6406441070884947,1.0,0.0,-2897.4154362103195,13.457757112051695,610.367,679.072,3.2794321511747864,0.010397029337911467,0.12956100582267308,2.0739108229512,0.223891079946128,-5.502999999999929,0.0,-0.005167145430736118,final_approach,-0.4048693595461863,-0.9479759198457831,-5.104230395845747,
43.042,63.9385287,-22.60519113,756.339,682.052,-1.0658,-2.6756,354.5192,-0.0019,-0.3254,0.0215,72.649,73.527,-4.8328,124.0984,0.5262,0.0,0.0,0.0,-0.03,1691.5,0.0,10.0,270.0,0,43.042,-0.02265044127664778,0.10436618059941759,-0.03,0.0816747633584246,0.6406513622997906,1.0,0.0,-2893.3175453154995,13.47347448511682,609.839,678.552,3.280733144377784,0.010653477358041943,0.129801695775518,2.0805239984673425,0.22294316846119955,-5.500800000000027,0.0,-0.022212000433280088,final_approach,-0.4059329784209069,-0.9481499655343786,-5.104011249907167,
43.142,63.93856263,-22.6051908,755.859,681.744,-1.0657,-2.7091,354.5214,0.0055,-0.3475,0.0233,72.628,73.505,-4.7731,124.0617,0.5242,0.0,0.0,0.0,-0.03,1691.5,0.0,10.0,270.0,0,43.142,-0.02265423058305921,0.10522728950819187,-0.03,0.0816511376468908,0.6406581534050555,1.0,0.0,-2889.5351339327767,13.488322106889585,609.359,678.244,3.2819764063322223,0.010950001055765334,0.13002743069367761,2.0865916615418194,0.2220913858559186,-5.498599999999897,0.0,-0.0392836367575278,final_approach,-0.40691530819877997,-0.9483463327808863,-5.103806118670217,
43.25,63.93859937,-22.60519045,755.345,681.223,-1.0647,-2.7475,354.524,0.0141,-0.361,0.0245,72.602,73.479,-4.7169,124.0177,0.5224,0.0,0.0,0.0,-0.03,1691.4,0.0,10.0,270.0,0,43.25,-0.022702032013079798,0.10603923543201851,-0.03,0.08162320440726722,0.6406655309903271,1.0,0.0,-2885.4394725729117,13.50404025838332,608.845,677.723,3.283356860809935,0.011255331863928752,0.13026872039655163,2.0931489533630963,0.22134569654878078,-5.495999999999981,0.0,-0.057597918937817336,final_approach,-0.40797340153773476,-0.9488162454388487,-5.103583268166609,
43.35,63.93863327,-22.60519012,754.874,680.962,-1.0628,-2.7827,354.5265,0.0262,-0.3404,0.0239,72.579,73.455,-4.6916,123.9773,0.5212,0.0,0.0,0.0,-0.03,1691.4,0.0,10.0,270.0,0,43.35,-0.022796371321208153,0.1064138521174116,-0.03,0.08159633332187166,0.6406722930750731,1.0,0.0,-2881.660405492623,13.51888904736384,608.374,677.462,3.284651311928512,0.011536861750902743,0.13049499025938197,2.0992212892111577,0.22086977501521687,-5.49350000000004,0.0,-0.07327083539802487,final_approach,-0.4089569587797328,-0.9495798186824107,-5.103379005959258,
43.442,63.93866716,-22.6051898,754.405,680.501,-1.0596,-2.8152,354.5288,0.0377,-0.3077,0.0222,72.557,73.432,-4.6884,123.9382,0.5205,0.0,0.0,0.0,-0.03,1691.3,0.0,10.0,270.0,0,43.442,-0.02295148243698253,0.1064790027842915,-0.03,0.081571601359822,0.6406789681984963,1.0,0.0,-2877.8824533500397,13.533248288146492,607.905,677.001,3.285958445585009,0.01198204721360867,0.13071679535211905,2.1048096224299715,0.22062216418856906,-5.491199999999935,0.0,-0.08834898079661516,final_approach,-0.4098799834881319,-0.9505957530869082,-5.103177367048438,
43.55,63.93870105,-22.60518948,753.935,680.176,-1.0555,-2.8442,354.5309,0.0445,-0.2683,0.0196,72.536,73.41,-4.7012,123.9004,0.5203,0.0,0.0,0.0,-0.03,1691.2,0.0,10.0,270.0,0,43.55,-0.023161862291806112,0.10631975814668532,-0.03,0.08154901116298607,0.6406854777009104,1.0,0.0,-2874.1045012082486,13.54760752910348,607.435,676.676,3.287263239901824,0.01199861082124059,0.13093888315321,2.1113737071697702,0.22060308803594353,-5.489100000000008,0.0,-0.09799402294641898,final_approach,-0.41091355826144493,-0.9521217127970889,-5.102980727746758,
43.642,63.93873492,-22.60518915,753.464,679.791,-1.0508,-2.8691,354.5327,0.0481,-0.225,0.0165,72.516,73.388,-4.7249,123.864,0.5206,0.0,0.0,0.0,-0.03,1691.2,0.0,10.0,270.0,0,43.642,-0.023403814818041435,0.10600617061347711,-0.03,0.08152964142156183,0.6406918113073897,1.0,0.0,-2870.328778429601,13.562457485465545,606.964,676.291,3.2885634146334035,0.012354231357518288,0.13116595066116943,2.1169660952619442,0.2208125619734176,-5.487300000000005,0.0,-0.10884832125563262,final_approach,-0.4118439646085186,-0.9538362449746227,-5.10278939870263,
43.733,63.93876314,-22.60518888,753.069,679.396,-1.0468,-2.8864,354.534,0.0457,-0.187,0.0136,72.5,73.371,-4.7497,123.8346,0.521,0.0,0.0,0.0,-0.03,1691.1,0.0,10.0,270.0,0,43.733,-0.023618872666006707,0.10567203519809591,-0.03,0.08151564830896274,0.6406969171779652,1.0,0.0,-2867.1829002505046,13.574587675118028,606.569,675.896,3.289635125183708,0.01225803263365441,0.13135301390513857,2.122497755705017,0.22105480212576367,-5.48599999999999,0.0,-0.11493703530732477,final_approach,-0.4127148477430147,-0.9555105100205505,-5.102635155467556,
43.842,63.93879981,-22.60518853,752.552,678.974,-1.0421,-2.9043,354.5353,0.04,-0.1414,0.0098,72.48,73.349,-4.7853,123.7976,0.5219,0.0,0.0,0.0,-0.03,1691.0,0.0,10.0,270.0,0,43.842,-0.023886885525200408,0.1051871981593185,-0.03,0.08150165196345194,0.6407033185454284,1.0,0.0,-2863.0950422621913,13.590308550502398,606.052,675.474,3.29101069610173,0.01231834664122894,0.1315959854371582,2.129129976271939,0.22154337548320768,-5.484699999999975,0.0,-0.12116878105502894,final_approach,-0.4137836022577446,-0.9578528747428141,-5.102441773658658,
43.95,63.93883647,-22.60518818,752.032,678.627,-1.0382,-2.9175,354.5361,0.0316,-0.1013,0.006,72.46,73.328,-4.8217,123.7618,0.5231,0.0,0.0,0.0,-0.03,1690.9,0.0,10.0,270.0,0,43.95,-0.024133294136962913,0.10468810603726006,-0.03,0.08149303722095114,0.6407094865515792,1.0,0.0,-2859.008299041356,13.606029815014043,605.532,675.127,3.292372351454751,0.0123666088569205,0.1318392718282254,2.135703749714809,0.22216877734638274,-5.483899999999949,0.0,-0.1269884541577784,final_approach,-0.4148461690480083,-0.960391689106757,-5.102255438503693,
44.042,63.93886749,-22.60518788,751.588,678.243,-1.0355,-2.9257,354.5366,0.0244,-0.0745,0.003,72.445,73.31,-4.8513,123.7324,0.5242,0.0,0.0,0.0,-0.03,1690.8,0.0,10.0,270.0,0,44.042,-0.024321787363067837,0.10427880547768491,-0.03,0.0814876523852357,0.6407144915130347,1.0,0.0,-2855.5502854807823,13.619520860839364,605.088,674.743,3.2935055067027355,0.012358324858999934,0.1320472193377995,2.141302602394761,0.222735677413624,-5.4833999999999605,0.0,-0.13026618362169654,final_approach,-0.41575212660031013,-0.9626069232120393,-5.102104236660406,
44.133,63.9388985,-22.60518758,751.142,677.863,-1.0337,-2.9314,354.5367,0.014,-0.0473,-0.0,72.429,73.293,-4.8791,123.7037,0.5254,0.0,0.0,0.0,-0.03,1690.8,0.0,10.0,270.0,0,44.133,-0.024479107179331383,0.103894284709938,-0.03,0.08148657536071091,0.6407193393074709,1.0,0.0,-2852.0933866876862,13.633012295791957,604.642,674.363,3.2946290888172842,0.012356446749805362,0.13225538916218385,2.146842558247922,0.2233477862555162,-5.483299999999986,0.0,-0.13440781927645834,final_approach,-0.41665172455542887,-0.9648805497764918,-5.101957781006504,
44.242,63.93893513,-22.60518723,750.612,677.442,-1.0328,-2.9351,354.5365,0.0026,-0.0219,-0.0032,72.411,73.273,-4.9084,123.6704,0.5268,0.0,0.0,0.0,-0.03,1690.7,0.0,10.0,270.0,0,44.242,-0.02461858055024152,0.10348790538647093,-0.03,0.08148872939063467,0.6407248596238114,1.0,0.0,-2848.0099877692837,13.648734727685422,604.112,673.942,3.2959421662502404,0.012304802617125616,0.13249952188559574,2.153484811505151,0.22406191043970125,-5.483500000000049,0.0,-0.1372014370403179,final_approach,-0.41772313111871284,-0.9675659611496084,-5.101791005678706,
44.333,63.93896612,-22.60518693,750.161,676.947,-1.0329,-2.9364,354.5361,-0.006,-0.0053,-0.0057,72.396,73.257,-4.9299,123.6428,0.5279,0.0,0.0,0.0,-0.03,1690.6,0.0,10.0,270.0,0,44.333,-0.02470138313512299,0.10318978905756722,-0.03,0.08149303722095114,0.6407293609516107,1.0,0.0,-2844.555318510351,13.662226940892284,603.661,673.447,3.2970414877601733,0.012267411539789382,0.13270818028670464,2.1590290186496754,0.22462611828842682,-5.483899999999949,0.0,-0.1397135941125771,final_approach,-0.41862384829462584,-0.9697691458396118,-5.101655013424587,
44.442,63.93900274,-22.60518657,749.626,676.6,-1.034,-2.9362,354.5354,-0.0146,0.0095,-0.0084,72.379,73.238,-4.9514,123.6106,0.5291,0.0,0.0,0.0,-0.03,1690.5,0.0,10.0,270.0,0,44.442,-0.02476015466075765,0.10289196149822723,-0.03,0.08150057518758813,0.6407345063289763,1.0,0.0,-2840.473034188406,13.678439699063832,603.126,673.1,3.298332316697213,0.012196587501873248,0.13295767980886497,2.165676933647748,0.22524605334120906,-5.4846,0.0,-0.1411908403525477,final_approach,-0.4197029544508162,-0.9723243854349359,-5.101499561449177,
44.542,63.93903653,-22.60518624,749.13,676.162,-1.0357,-2.9348,354.5344,-0.0211,0.0189,-0.0106,72.363,73.221,-4.9675,123.5813,0.5301,0.0,0.0,0.0,-0.03,1690.4,0.0,10.0,270.0,0,44.542,-0.024785897549749247,0.10267058739701111,-0.03,0.08151134208543753,0.6407390819955863,1.0,0.0,-2836.706229548788,13.693292768617868,602.63,672.662,3.299513511024513,0.012132480130394188,0.1331871662842655,2.1717767271640156,0.22576781795171996,-5.485599999999977,0.0,-0.14290076395686618,final_approach,-0.42069382069921346,-0.974599235326794,-5.101361319798379,
44.65,63.93907313,-22.60518589,748.591,675.753,-1.0383,-2.9324,354.5332,-0.0266,0.0256,-0.0128,72.345,73.202,-4.9814,123.5499,0.5309,0.0,0.0,0.0,-0.03,1690.3,0.0,10.0,270.0,0,44.65,-0.024776813834836875,0.10248194651379285,-0.03,0.08152425983778289,0.6407438711687997,1.0,0.0,-2832.6261749328187,13.709016367719093,602.091,672.253,3.3007865008599007,0.012074890595371129,0.13343251903759834,2.1783690430022857,0.226201268673492,-5.486799999999903,0.0,-0.14506130056684904,final_approach,-0.42176118484313463,-0.9768562763612891,-5.101216625837754,
44.742,63.9391041,-22.60518558,748.134,675.386,-1.0409,-2.9299,354.5319,-0.0298,0.0282,-0.0145,72.331,73.186,-4.9906,123.5235,0.5313,0.0,0.0,0.0,-0.03,1690.3,0.0,10.0,270.0,0,44.742,-0.024747921552432828,0.10235808173748681,-0.03,0.08153825096079603,0.6407477996192835,1.0,0.0,-2829.1737350378216,13.722999296505371,601.634,671.886,3.3018612304671526,0.012009382755657067,0.13364699928105664,2.183984235204269,0.22643942191231758,-5.488100000000031,0.0,-0.1457079017010841,final_approach,-0.42267757307906706,-0.9785925384658398,-5.1010979352999755,
44.842,63.93913786,-22.60518525,747.635,674.882,-1.044,-2.9269,354.5304,-0.0318,0.0305,-0.0162,72.315,73.169,-4.9983,123.4949,0.5316,0.0,0.0,0.0,-0.03,1690.2,0.0,10.0,270.0,0,44.842,-0.024702384349083617,0.10225721574123613,-0.03,0.08155439054661562,0.6407519554903567,1.0,0.0,-2825.410274700636,13.737853533267169,601.135,671.382,3.3030308880808175,0.01195724831915558,0.13387730363544426,2.1900920181171326,0.22663567694829112,-5.489599999999996,0.0,-0.14700718336462656,final_approach,-0.42367041140303385,-0.9803807375939879,-5.1009723723602605,
44.933,63.93916881,-22.60518495,747.176,674.601,-1.0469,-2.9241,354.5289,-0.0326,0.0309,-0.0176,72.301,73.154,-5.0037,123.4688,0.5317,0.0,0.0,0.0,-0.03,1690.1,0.0,10.0,270.0,0,44.933,-0.024653748372189255,0.10218815409734973,-0.03,0.0815705258275019,0.6407556355196917,1.0,0.0,-2821.9600645124065,13.751347302983401,600.676,671.101,3.3040972067164285,0.011917338133382409,0.13408748800786427,2.1956507004042263,0.2267342166874471,-5.49109999999996,0.0,-0.14762890795385195,final_approach,-0.424574759655183,-0.981888895796466,-5.100861185070752,
45.033,63.93920538,-22.60518459,746.634,674.055,-1.0505,-2.9207,354.5269,-0.0326,0.0303,-0.019,72.284,73.136,-5.0083,123.4382,0.5315,0.0,0.0,0.0,-0.03,1690.0,0.0,10.0,270.0,0,45.033,-0.024578991184896815,0.10213265772206656,-0.03,0.08159203283824135,0.6407598661907519,1.0,0.0,-2817.8833540270584,13.7675620069651,600.134,670.555,3.3053620474808874,0.012039183051916768,0.13433879798531492,2.2017657445347436,0.22670254926421762,-5.493099999999913,0.0,-0.14966264359440692,final_approach,-0.42559606584208254,-0.9833771125880162,-5.100733359535848,
45.142,63.93924194,-22.60518424,746.091,673.567,-1.054,-2.9175,354.5248,-0.0318,0.0289,-0.0203,72.267,73.118,-5.0114,123.4076,0.531,0.0,0.0,0.0,-0.03,1690.0,0.0,10.0,270.0,0,45.142,-0.024503650015449407,0.10209887292012013,-0.03,0.0816146069613235,0.6407639400002557,1.0,0.0,-2813.807758479416,13.783287162748927,599.591,670.067,3.3066234797830467,0.01196144811231495,0.13458565145271942,2.2084358316712804,0.2265315844759641,-5.495199999999954,0.0,-0.15023543079058665,final_approach,-0.42667417501779425,-0.9847412596274463,-5.100610272079617,
45.233,63.93927005,-22.60518396,745.674,673.311,-1.0566,-2.9151,354.523,-0.0305,0.0274,-0.0212,72.254,73.104,-5.0131,123.3843,0.5305,0.0,0.0,0.0,-0.03,1689.9,0.0,10.0,270.0,0,45.233,-0.024450031970589925,0.10208271553802258,-0.03,0.08163394949217917,0.6407669886619897,1.0,0.0,-2810.674142570762,13.795911569951947,599.174,669.811,3.307598315234256,0.011753286341232091,0.13478089835147045,2.2140019713985275,0.2263459592005006,-5.496999999999957,0.0,-0.14956467734208365,final_approach,-0.4275596951141303,-0.9857937388459845,-5.100518157925606,
45.342,63.93930659,-22.6051836,745.13,672.874,-1.0598,-2.9122,354.5207,-0.029,0.0253,-0.0222,72.237,73.086,-5.0145,123.354,0.5296,0.0,0.0,0.0,-0.03,1689.8,0.0,10.0,270.0,0,45.342,-0.02437657648396807,0.10207352068178595,-0.03,0.08165865592371502,0.6407707984825741,1.0,0.0,-2806.6007763870552,13.812127441315187,598.63,669.374,3.3088576639280505,0.011720014907898889,0.13503310897256784,2.2206763731137897,0.22598844295524145,-5.499299999999948,0.0,-0.15014637056120184,final_approach,-0.4286453388035518,-0.9868886643603698,-5.100403044613206,
45.433,63.9393375,-22.6051833,744.671,672.388,-1.0624,-2.9099,354.5186,-0.0276,0.0233,-0.0229,72.223,73.071,-5.0154,123.3284,0.5286,0.0,0.0,0.0,-0.03,1689.7,0.0,10.0,270.0,0,45.433,-0.024312012489066892,0.10206951227828383,-0.03,0.0816812051262864,0.640773934019168,1.0,0.0,-2803.155025267944,13.825622767540239,598.171,668.888,3.309932037734998,0.01173439668505791,0.13524456140781668,2.2262475765367893,0.2255749331858965,-5.50139999999999,0.0,-0.1504827144961931,final_approach,-0.4295527597646185,-0.9876313807044568,-5.10030830385654,
45.533,63.93937403,-22.60518295,744.127,672.067,-1.0653,-2.9075,354.5161,-0.0255,0.0211,-0.0236,72.207,73.053,-5.0161,123.2984,0.5272,0.0,0.0,0.0,-0.03,1689.7,0.0,10.0,270.0,0,45.533,-0.024233375750221442,0.1020696056678411,-0.03,0.08170803840717233,0.6407774882204383,1.0,0.0,-2799.0827740227346,13.841349090705885,597.627,668.567,3.3111962373486716,0.011885663260337433,0.13549260073225966,2.2323760113548925,0.22498412695324532,-5.5038999999999305,0.0,-0.1513479222692711,final_approach,-0.4305712606579988,-0.9882745208679911,-5.100200912137016,
45.65,63.93941054,-22.60518259,743.584,671.534,-1.068,-2.9052,354.5135,-0.023,0.019,-0.0241,72.19,73.035,-5.0166,123.2685,0.5256,0.0,0.0,0.0,-0.03,1689.6,0.0,10.0,270.0,0,45.65,-0.02416466109460519,0.10207326392778697,-0.03,0.08173593232524878,0.6407809130355151,1.0,0.0,-2795.012752142253,13.857566129451223,597.084,668.034,3.3124669003014753,0.011714780569944551,0.1357457406246061,2.239551996563687,0.22429987558797393,-5.50649999999996,0.0,-0.15079803345380224,final_approach,-0.4317147550945073,-0.9889650979959583,-5.100097428931541,
45.742,63.93944144,-22.6051823,743.124,671.153,-1.07,-2.9035,354.5113,-0.0214,0.0175,-0.0244,72.176,73.02,-5.0171,123.2433,0.5242,0.0,0.0,0.0,-0.03,1689.5,0.0,10.0,270.0,0,45.742,-0.024112899430648427,0.10207487690903679,-0.03,0.0817595247608428,0.6407836963337882,1.0,0.0,-2791.568115960848,13.870571907478402,596.624,667.653,3.3135424743997532,0.011710820942848683,0.13595320804485195,2.245191732247685,0.22369898000931698,-5.508699999999976,0.0,-0.15092311341649609,final_approach,-0.43262466181864667,-0.9894297649555188,-5.100013328925712,
45.85,63.93947794,-22.60518194,742.581,670.767,-1.0722,-2.9017,354.5087,-0.0191,0.0161,-0.0247,72.16,73.003,-5.0177,123.2136,0.5222,0.0,0.0,0.0,-0.03,1689.5,0.0,10.0,270.0,0,45.85,-0.024049091138985845,0.10207617092459285,-0.03,0.08178739478002606,0.6407868595708375,1.0,0.0,-2787.4992088470517,13.886789335176678,596.081,667.267,3.314818044080628,0.011727489182118599,0.13620697232015433,2.2518193950221703,0.22282771482034036,-5.511300000000006,0.0,-0.15067084384665025,final_approach,-0.4337070605401756,-0.9897472502078131,-5.099917747964124,
45.933,63.93950601,-22.60518167,742.162,670.387,-1.0738,-2.9003,354.5066,-0.0178,0.015,-0.0249,72.147,72.989,-5.0182,123.1909,0.5206,0.0,0.0,0.0,-0.03,1689.4,0.0,10.0,270.0,0,45.933,-0.02400194244273257,0.10207704155483069,-0.03,0.08180989572812969,0.6407891775817093,1.0,0.0,-2784.370052178537,13.898925361737707,595.662,666.887,3.3157934252891854,0.01173150445609798,0.13639907225615586,2.25691048435987,0.22212831671592426,-5.513400000000047,0.0,-0.15121226768095397,final_approach,-0.4345347847123584,-0.9899402160218678,-5.099847706011992,
46.058,63.9395453,-22.6051813,741.577,669.901,-1.0757,-2.8986,354.5037,-0.0154,0.0137,-0.025,72.13,72.971,-5.0191,123.1593,0.5182,0.0,0.0,0.0,-0.03,1689.3,0.0,10.0,270.0,0,46.058,-0.023947927906073474,0.10207438165687253,-0.03,0.08184095457837759,0.6407923006961277,1.0,0.0,-2779.990124793574,13.915524160260691,595.077,666.401,3.317170188477527,0.011611937964536925,0.13666449119499394,2.2645897520744116,0.2210739402986519,-5.516300000000001,0.0,-0.14982933425542005,final_approach,-0.43575125892127176,-0.9901839644690273,-5.099753336053858,
46.15,63.93957897,-22.60518098,741.075,669.498,-1.0772,-2.8973,354.5012,-0.0141,0.0129,-0.0251,72.115,72.955,-5.0201,123.1324,0.516,0.0,0.0,0.0,-0.03,1689.2,0.0,10.0,270.0,0,46.15,-0.023896737101804177,0.10206896859701366,-0.03,0.08186771651789782,0.6407948369120292,1.0,0.0,-2776.2366975339164,13.929891962016866,594.575,665.998,3.31834931374694,0.011812711473007442,0.13689367022417373,2.270239227828674,0.2201029230888878,-5.518800000000056,0.0,-0.15103062007409804,final_approach,-0.4366908377086922,-0.9901366901616182,-5.099676699616698,
46.233,63.93960702,-22.60518071,740.657,669.153,-1.0784,-2.8962,354.4991,-0.0125,0.0125,-0.025,72.103,72.941,-5.0209,123.11,0.5141,0.0,0.0,0.0,-0.03,1689.2,0.0,10.0,270.0,0,46.233,-0.023856939028255086,0.1020645429088329,-0.03,0.08189018729286945,0.6407968587800018,1.0,0.0,-2773.1097704003573,13.942028766832443,594.157,665.653,3.3193349542040536,0.011823123932553588,0.1370864653938424,2.27533640925937,0.21926235909569414,-5.520899999999983,0.0,-0.15044404672672734,final_approach,-0.43752015912107467,-0.9901197845628946,-5.099615604785434,
46.342,63.93964067,-22.60518039,740.154,668.746,-1.0795,-2.8949,354.4966,-0.0107,0.0121,-0.0249,72.088,72.926,-5.0221,123.0834,0.5118,0.0,0.0,0.0,-0.03,1689.1,0.0,10.0,270.0,0,46.342,-0.023825376600824566,0.10205605307613294,-0.03,0.08191692719728538,0.6407991548057395,1.0,0.0,-2769.3585726748634,13.956397346668824,593.654,665.246,3.3205113316011174,0.011651345474473355,0.13731614225720884,2.282036813145097,0.21824342640931604,-5.523400000000038,0.0,-0.14927774056057808,final_approach,-0.4385790503380065,-0.9901798706571974,-5.0995462253304105,
46.45,63.93967713,-22.60518005,739.61,668.288,-1.0806,-2.8936,354.4939,-0.0094,0.0116,-0.0248,72.073,72.909,-5.0235,123.0546,0.5091,0.0,0.0,0.0,-0.03,1689.0,0.0,10.0,270.0,0,46.45,-0.023784747008074647,0.10204445631632514,-0.03,0.08194579284075576,0.640801514289712,1.0,0.0,-2765.294124973019,13.971636456400518,593.11,664.788,3.3217947491430517,0.01169003718850285,0.13756209026263655,2.28867818636614,0.21704205229386275,-5.526100000000042,0.0,-0.14833329949951543,final_approach,-0.4396526927242803,-0.9899877989138766,-5.099474927910979,
46.542,63.93971077,-22.60517973,739.108,667.817,-1.0815,-2.8924,354.4914,-0.0082,0.0113,-0.0247,72.058,72.893,-5.0249,123.0283,0.5066,0.0,0.0,0.0,-0.03,1689.0,0.0,10.0,270.0,0,46.542,-0.023748607484596174,0.10203285555711883,-0.03,0.08197250783014587,0.640803560800548,1.0,0.0,-2761.5440420157947,13.98600542553851,592.608,664.317,3.322981448872447,0.011891516007439807,0.13779235999958242,2.294336470381245,0.21592846401171073,-5.528599999999983,0.0,-0.14967058847780706,final_approach,-0.4405946931469238,-0.9897297797309381,-5.099413087362393,
46.633,63.9397416,-22.60517944,738.647,667.412,-1.0822,-2.8913,354.4892,-0.0069,0.0113,-0.0246,72.045,72.879,-5.0263,123.0043,0.5042,0.0,0.0,0.0,-0.03,1688.9,0.0,10.0,270.0,0,46.633,-0.02371962523881771,0.10201994724741721,-0.03,0.08199600711054578,0.640805317972316,1.0,0.0,-2758.1072092067343,13.999013927456602,592.147,663.912,3.324066309805228,0.011896521458179132,0.13800207660838268,2.299935172059118,0.2148565882294804,-5.530799999999999,0.0,-0.14905118433047904,final_approach,-0.4415029084153481,-0.9894836805367291,-5.099359989667825,
46.733,63.93977803,-22.60517911,738.103,667.006,-1.0829,-2.8901,354.4865,-0.0055,0.0112,-0.0244,72.03,72.862,-5.0279,122.9761,0.5013,0.0,0.0,0.0,-0.03,1688.8,0.0,10.0,270.0,0,46.733,-0.023685405651333702,0.10200517859640332,-0.03,0.08202483445486786,0.6408072646986446,1.0,0.0,-2754.046105977551,14.01376426724497,591.603,663.506,3.3253554512498584,0.012062336956200313,0.13824407981993847,2.3060931294675813,0.2135593272006986,-5.533500000000004,0.0,-0.14913744030043677,final_approach,-0.4425167682196758,-0.9890575240271122,-5.0993011637845385,
46.858,63.93981445,-22.60517877,737.558,666.588,-1.0834,-2.8888,354.4839,-0.0043,0.0111,-0.0243,72.015,72.845,-5.0297,122.948,0.4983,0.0,0.0,0.0,-0.03,1688.8,0.0,10.0,270.0,0,46.858,-0.023666360787989338,0.1019873883392438,-0.03,0.08205258090939893,0.6408090532542058,1.0,0.0,-2749.986117344825,14.02900493365954,591.058,663.088,3.3266411583501334,0.011766223597200235,0.13849123547283224,2.3137958125289035,0.2122146810598906,-5.536100000000033,0.0,-0.14648858209130658,final_approach,-0.44371182198295145,-0.9888325781920724,-5.099247117217342,
46.933,63.93983966,-22.60517854,737.181,666.191,-1.0838,-2.888,354.482,-0.0037,0.011,-0.0243,72.004,72.834,-5.0309,122.9287,0.4962,0.0,0.0,0.0,-0.03,1688.7,0.0,10.0,270.0,0,46.933,-0.023645873130613004,0.10197608587555317,-0.03,0.08207284896714817,0.6408102059739055,1.0,0.0,-2747.175784832883,14.039292501312167,590.681,662.691,3.327534505943137,0.011790403204341778,0.13865993156121545,2.3184108178646725,0.2112723667424916,-5.538000000000011,0.0,-0.14650477159815176,final_approach,-0.4444549642800659,-0.9885330775926278,-5.099212284202359,
47.05,63.93988167,-22.60517815,736.552,665.604,-1.0842,-2.8866,354.479,-0.0028,0.0109,-0.0243,71.987,72.815,-5.0329,122.8968,0.4927,0.0,0.0,0.0,-0.03,1688.6,0.0,10.0,270.0,0,47.05,-0.02361853740507719,0.10195632975593608,-0.03,0.08210483706803184,0.6408119619721475,1.0,0.0,-2742.492640376492,14.05676533187509,590.052,662.104,3.3290224728004785,0.01194494691151181,0.13894466849111703,2.325625541888461,0.2097006864875368,-5.54099999999994,0.0,-0.14639516920734116,final_approach,-0.4456443881547436,-0.9879582659322761,-5.099159221045653,
47.15,63.93991526,-22.60517785,736.048,665.186,-1.0844,-2.8855,354.4766,-0.0022,0.0107,-0.0243,71.973,72.8,-5.0346,122.8714,0.4899,0.0,0.0,0.0,-0.03,1688.6,0.0,10.0,270.0,0,47.15,-0.02360341864426807,0.10193922090243203,-0.03,0.08213041512022767,0.640813215690606,1.0,0.0,-2738.7481315979053,14.070156371999438,589.548,661.686,3.3302094243356994,0.011932374984961431,0.13916693312615935,2.331790150061449,0.20844253135251734,-5.54340000000002,0.0,-0.14581379018848797,final_approach,-0.4466330057695558,-0.9875529518530772,-5.099121335745071,
47.25,63.93994606,-22.60517757,735.587,664.798,-1.0846,-2.8845,354.4743,-0.0015,0.0107,-0.0243,71.96,72.786,-5.0362,122.8482,0.4872,0.0,0.0,0.0,-0.03,1688.5,0.0,10.0,270.0,0,47.25,-0.023589185875108,0.10192295484614505,-0.03,0.08215491705233047,0.6408142585536372,1.0,0.0,-2735.314643262298,14.082676104148543,589.087,661.298,3.3313067356583628,0.01177249802524005,0.13937337375103864,2.337954853603015,0.207226426048976,-5.545699999999897,0.0,-0.14437617289863003,final_approach,-0.4476008017795827,-0.9871795583697924,-5.099089822052374,
47.342,63.93997964,-22.60517727,735.083,664.507,-1.0847,-2.8834,354.4719,-0.001,0.0108,-0.0244,71.947,72.771,-5.0379,122.8231,0.4843,0.0,0.0,0.0,-0.03,1688.4,0.0,10.0,270.0,0,47.342,-0.023571936086880074,0.1019051154550467,-0.03,0.08218047346595292,0.6408152642770186,1.0,0.0,-2731.571249251189,14.096067533400161,588.583,661.007,3.3324980201800036,0.011968539154440754,0.13959616855633275,2.3436279728924814,0.20592006072951108,-5.548099999999977,0.0,-0.14409691607384467,final_approach,-0.44853461959550955,-0.9866193404800416,-5.099059430580379,
47.442,63.94001602,-22.60517694,734.537,663.982,-1.0848,-2.8821,354.4693,-0.0004,0.0109,-0.0244,71.932,72.755,-5.0397,122.7961,0.4812,0.0,0.0,0.0,-0.03,1688.4,0.0,10.0,270.0,0,47.442,-0.0235550252928855,0.10188687329410386,-0.03,0.08220814710959401,0.6408162074692013,1.0,0.0,-2727.515719858602,14.11081981882462,588.037,660.482,3.333792047150785,0.012130494246669418,0.1398402866827064,2.349799908317777,0.20452331935891266,-5.550700000000006,0.0,-0.14463356006713185,final_approach,-0.4495528244077036,-0.9860501140898776,-5.099030928635912,
47.55,63.94004679,-22.60517667,734.075,663.649,-1.0848,-2.8811,354.467,-0.0,0.0109,-0.0244,71.92,72.742,-5.0412,122.7733,0.4785,0.0,0.0,0.0,-0.03,1688.3,0.0,10.0,270.0,0,47.55,-0.023551364486787185,0.10187131929649446,-0.03,0.08223261682779959,0.6408168846738238,1.0,0.0,-2724.085575996449,14.122850781030674,587.575,660.149,3.334888079358415,0.011800152933381788,0.14004260103446997,2.3564652295595554,0.20330499939589686,-5.552999999999997,0.0,-0.14158606470749427,final_approach,-0.45057170541406677,-0.9857502056844663,-5.099010464418907,
47.633,63.94007476,-22.60517642,733.655,663.234,-1.0848,-2.8802,354.465,0.0002,0.011,-0.0244,71.909,72.73,-5.0426,122.7528,0.476,0.0,0.0,0.0,-0.03,1688.3,0.0,10.0,270.0,0,47.633,-0.02354044837395347,0.10185665202445605,-0.03,0.08225388659171584,0.6408174042615769,1.0,0.0,-2720.967567343168,14.134010824214148,587.155,659.734,3.335886265768917,0.011837851160352561,0.14022893486842924,2.361584677351854,0.20217541556951346,-5.555000000000064,0.0,-0.14076279705061906,final_approach,-0.4513950078736926,-0.9852896305514349,-5.09899476314806,
47.75,63.94011671,-22.60517606,733.025,662.772,-1.0848,-2.8788,354.4619,0.0004,0.0109,-0.0245,71.892,72.711,-5.0446,122.7221,0.4722,0.0,0.0,0.0,-0.03,1688.2,0.0,10.0,270.0,0,47.75,-0.023519518318514676,0.1018363339730944,-0.03,0.08228683955398197,0.640818010922566,1.0,0.0,-2716.2911120047042,14.150016177566108,586.525,659.272,3.3373867429745947,0.012002307883880313,0.14050150437784678,2.3688131731223896,0.2004568987258324,-5.558099999999968,0.0,-0.1411751923459478,final_approach,-0.4525699501954712,-0.9844722183276069,-5.0989764306094365,
47.85,63.94015026,-22.60517576,732.52,662.295,-1.0848,-2.8777,354.4595,0.0006,0.0107,-0.0247,71.879,72.697,-5.0462,122.6978,0.4692,0.0,0.0,0.0,-0.03,1688.1,0.0,10.0,270.0,0,47.85,-0.023506574313856,0.10181968050660187,-0.03,0.08231233885616729,0.6408183445397113,1.0,0.0,-2712.5510622952365,14.16340877419927,586.02,658.795,3.3385835247420843,0.011996559515716244,0.14072569646895525,2.3749896988588772,0.19909967993970668,-5.560500000000047,0.0,-0.14015926576903512,final_approach,-0.45356243390764917,-0.9839237370163083,-5.098966349102888,
47.942,63.94018101,-22.6051755,732.057,661.96,-1.0847,-2.8767,354.4572,0.0008,0.0106,-0.0247,71.867,72.684,-5.0477,122.6756,0.4665,0.0,0.0,0.0,-0.03,1688.1,0.0,10.0,270.0,0,47.942,-0.02349983300156011,0.10180391926332033,-0.03,0.08233676531138145,0.6408185333240427,1.0,0.0,-2709.1231481382665,14.17495057733473,585.557,658.46,3.339682162825672,0.011987419313074373,0.1409241455123512,2.380671418502846,0.19787830919244698,-5.562799999999925,0.0,-0.1392752218453685,final_approach,-0.45446516205124965,-0.9834445667566669,-5.098960644264867,
48.033,63.94021454,-22.60517521,731.553,661.45,-1.0846,-2.8756,354.4547,0.001,0.0107,-0.0248,71.854,72.67,-5.0493,122.6516,0.4634,0.0,0.0,0.0,-0.03,1688.0,0.0,10.0,270.0,0,48.033,-0.02348431448910121,0.10178716304044481,-0.03,0.08236330428665462,0.6408186109913847,1.0,0.0,-2705.385328135566,14.187854015071908,585.053,657.95,3.3408878220012657,0.012197683082495627,0.14114397018677266,2.386294149820384,0.19647282132996224,-5.565299999999979,0.0,-0.13960085102826214,final_approach,-0.4553893654300616,-0.9827208146003112,-5.098958297249318,
48.133,63.94024528,-22.60517494,731.09,661.159,-1.0845,-2.8745,354.4525,0.0014,0.0107,-0.0248,71.842,72.657,-5.0508,122.6296,0.4606,0.0,0.0,0.0,-0.03,1687.9,0.0,10.0,270.0,0,48.133,-0.023478114414879847,0.10177130678357846,-0.03,0.08238664865785483,0.6408185633000045,1.0,0.0,-2701.958528575054,14.199886144485447,584.59,657.659,3.341990405607737,0.01200237524619888,0.14134776876741678,2.3924746128643912,0.1952034414341881,-5.5674999999999955,0.0,-0.13781895548023856,final_approach,-0.45635544228737146,-0.9822647076093265,-5.098959738426686,
48.233,63.94027881,-22.60517466,730.584,660.616,-1.0844,-2.8734,354.45,0.0015,0.0107,-0.0249,71.829,72.642,-5.0523,122.6059,0.4576,0.0,0.0,0.0,-0.03,1687.9,0.0,10.0,270.0,0,48.233,-0.02346855401561443,0.10175593301263028,-0.03,0.08241316507045149,0.6408183824347813,1.0,0.0,-2698.2207087425827,14.212299644897483,584.084,657.116,3.343190302622486,0.012001807729747304,0.14156326244455314,2.3986560237326318,0.19384311004000665,-5.569999999999936,0.0,-0.13710814134567684,final_approach,-0.4573370183848162,-0.9816951333110904,-5.09896520395916,
48.342,63.94031512,-22.60517435,730.037,660.186,-1.0842,-2.8723,354.4473,0.0015,0.0105,-0.0249,71.815,72.627,-5.054,122.5803,0.4542,0.0,0.0,0.0,-0.03,1687.8,0.0,10.0,270.0,0,48.342,-0.023458152779033292,0.10173806567278351,-0.03,0.08244178931383295,0.6408180319889398,1.0,0.0,-2694.172983064381,14.226074779737177,583.537,656.686,3.344498453716861,0.012001737472610638,0.14180025238571362,2.405397134356446,0.1922985827140451,-5.572699999999941,0.0,-0.13632016185720044,final_approach,-0.4584100811045282,-0.980986138784079,-5.0989757940093625,
48.433,63.94034863,-22.60517407,729.532,659.795,-1.0841,-2.8712,354.4448,0.0015,0.0104,-0.025,71.802,72.613,-5.0555,122.5568,0.4512,0.0,0.0,0.0,-0.03,1687.7,0.0,10.0,270.0,0,48.433,-0.023444899513282436,0.10172258807459471,-0.03,0.08246828075791246,0.6408175656953536,1.0,0.0,-2690.4373927668644,14.238489058229698,583.032,656.295,3.34570777878389,0.01221632896898621,0.14201628518305406,2.411024245000556,0.19093679762914917,-5.575199999999995,0.0,-0.13691443285718607,final_approach,-0.4593297786071453,-0.9803213183197688,-5.098989884823464,
48.533,63.94038213,-22.60517379,729.026,659.438,-1.0839,-2.8701,354.4423,0.0018,0.0104,-0.0249,71.79,72.6,-5.057,122.5334,0.4481,0.0,0.0,0.0,-0.03,1687.7,0.0,10.0,270.0,0,48.533,-0.023436444660281552,0.10170656403424184,-0.03,0.08249476019582735,0.6408169647772682,1.0,0.0,-2686.702917236825,14.25090372602355,582.526,655.938,3.3469131181963654,0.012189173161614447,0.1422325753960304,2.417210755056824,0.18952756024356177,-5.57770000000005,0.0,-0.13537675714289668,final_approach,-0.4603129716787002,-0.9796806208669899,-5.099008043797664,
48.633,63.94041284,-22.60517354,728.562,658.957,-1.0838,-2.8691,354.44,0.0018,0.0103,-0.0249,71.778,72.587,-5.0584,122.5122,0.4452,0.0,0.0,0.0,-0.03,1687.6,0.0,10.0,270.0,0,48.633,-0.023427004725506517,0.10169196213503351,-0.03,0.08251911067371143,0.6408162932151859,1.0,0.0,-2683.2794623207865,14.261957148343233,582.062,655.457,3.3480198658714504,0.012002223759820357,0.14242783089164246,2.4233961689624657,0.18820758062156528,-5.579999999999927,0.0,-0.13397887012990634,final_approach,-0.46126835036294267,-0.9791323212131413,-5.099028337509068,
48.758,63.94045192,-22.60517322,727.972,658.479,-1.0836,-2.8679,354.4371,0.0018,0.0102,-0.0249,71.764,72.571,-5.0601,122.4853,0.4416,0.0,0.0,0.0,-0.03,1687.5,0.0,10.0,270.0,0,48.758,-0.023419338250797284,0.10167392347310669,-0.03,0.0825497989627132,0.6408152676974065,1.0,0.0,-2678.9229459055814,14.276114432087848,581.472,654.979,3.3494345330959736,0.011888076099214582,0.14267755240728597,2.4311333789760328,0.1865693320426942,-5.582899999999995,0.0,-0.13198079102719484,final_approach,-0.46247062496739844,-0.9784766852838924,-5.099059327221184,
48.85,63.9404854,-22.60517294,727.466,658.092,-1.0834,-2.8669,354.4346,0.0017,0.0101,-0.0249,71.751,72.557,-5.0616,122.4624,0.4385,0.0,0.0,0.0,-0.03,1687.5,0.0,10.0,270.0,0,48.85,-0.023407532288405752,0.10165826001380879,-0.03,0.08257624141324271,0.6408142397863905,1.0,0.0,-2675.1906999104986,14.288529878136249,580.966,654.592,3.3506465891522295,0.012102483807780026,0.14289466051622782,2.4368242120479993,0.18515759891977268,-5.585399999999936,0.0,-0.1328283870998127,final_approach,-0.46339892310122366,-0.9777496716688727,-5.09909038917003,
48.95,63.94051888,-22.60517267,726.96,657.606,-1.0832,-2.8658,354.4321,0.0017,0.0099,-0.0249,71.739,72.544,-5.063,122.4396,0.4353,0.0,0.0,0.0,-0.03,1687.4,0.0,10.0,270.0,0,48.95,-0.023395871111281996,0.10164357256306798,-0.03,0.08260267185216874,0.6408130709665304,1.0,0.0,-2671.4584540864353,14.300455386685721,580.46,654.106,3.351861636993138,0.01211048290799792,0.14310714879912895,2.443012179554419,0.18369837652190313,-5.5878999999999905,0.0,-0.13166217009073908,final_approach,-0.46437726624580833,-0.9770264975106038,-5.099125709073892,
49.05,63.94055235,-22.6051724,726.453,657.224,-1.083,-2.8648,354.4296,0.0018,0.0097,-0.0249,71.727,72.531,-5.0645,122.417,0.4322,0.0,0.0,0.0,-0.03,1687.4,0.0,10.0,270.0,0,49.05,-0.02338690165249252,0.10162736069350473,-0.03,0.08262909027816578,0.6408117680380933,1.0,0.0,-2667.7273230298506,14.312381284536526,579.953,653.724,3.3530726833868534,0.012110479746190323,0.14331989026295655,2.449200794648866,0.18228508308936853,-5.590400000000045,0.0,-0.13060197280976382,final_approach,-0.4653560133618271,-0.9763729980974531,-5.099165081401274,
49.142,63.94058582,-22.60517213,725.947,656.762,-1.0829,-2.8638,354.4271,0.0018,0.0096,-0.0249,71.715,72.517,-5.066,122.3945,0.429,0.0,0.0,0.0,-0.03,1687.3,0.0,10.0,270.0,0,49.142,-0.02336806939139835,0.1016111194606056,-0.03,0.08265549668991201,0.6408103163420513,1.0,0.0,-2663.9961919724733,14.324307182387054,579.447,653.262,3.3542925013423432,0.012301881591915465,0.14353290936076102,2.4548949398731335,0.1808242915620042,-5.592899999999986,0.0,-0.1305867737005755,final_approach,-0.46627929637752885,-0.9755646528592141,-5.09920894907966,
49.242,63.94061928,-22.60517187,725.44,656.371,-1.0827,-2.8628,354.4246,0.0022,0.0096,-0.0248,71.703,72.504,-5.0674,122.3721,0.4259,0.0,0.0,0.0,-0.03,1687.2,0.0,10.0,270.0,0,49.242,-0.023358692811832116,0.10159633370905458,-0.03,0.08268189108609147,0.640808730162037,1.0,0.0,-2660.2661758543863,14.335743532040265,578.94,652.871,3.3555083177810454,0.01227792872443328,0.14374127002056158,2.4610860837422788,0.17940962006358063,-5.595399999999927,0.0,-0.12962433972779694,final_approach,-0.4672525578957476,-0.9749008240267312,-5.099256880434375,
49.35,63.94064995,-22.60517163,724.976,656.006,-1.0825,-2.8619,354.4224,0.0025,0.0096,-0.0247,71.692,72.492,-5.0688,122.3517,0.423,0.0,0.0,0.0,-0.03,1687.2,0.0,10.0,270.0,0,49.35,-0.023355509382915973,0.1015810157736359,-0.03,0.08270510821441157,0.6408071440045942,1.0,0.0,-2656.847180178487,14.346308573543896,578.476,652.506,3.35662959894516,0.011961979437204496,0.14393332159424244,2.467770972572985,0.1780848502600918,-5.597600000000057,0.0,-0.127099568102719,final_approach,-0.46826009459285345,-0.974423740583541,-5.09930481090791,
49.45,63.94068619,-22.60517134,724.427,655.491,-1.0822,-2.8608,354.4197,0.0025,0.0094,-0.0246,71.679,72.478,-5.0704,122.3278,0.4195,0.0,0.0,0.0,-0.03,1687.1,0.0,10.0,270.0,0,49.45,-0.023341542694797768,0.10156369016015838,-0.03,0.08273358924282403,0.6408051186938309,1.0,0.0,-2652.807258213878,14.359106557798551,577.927,651.991,3.3579535581645064,0.012174914896580982,0.1441637030886302,2.4739614396399383,0.17648424385600947,-5.600300000000061,0.0,-0.1273632437297362,final_approach,-0.46926226049503583,-0.9735237476809857,-5.09936601141818,
49.55,63.94071963,-22.60517108,723.919,655.116,-1.082,-2.8599,354.4173,0.0026,0.0093,-0.0245,71.667,72.465,-5.0718,122.3059,0.4164,0.0,0.0,0.0,-0.03,1687.0,0.0,10.0,270.0,0,49.55,-0.02333173088168561,0.10154880794120463,-0.03,0.08275889394313363,0.6408031119609991,1.0,0.0,-2649.0794716307464,14.37054368553225,577.419,651.616,3.359170160316605,0.012173432667315489,0.1443728364603774,2.4801521851538424,0.17506720779178409,-5.602699999999913,0.0,-0.12669385793612487,final_approach,-0.47023648678932517,-0.9728578034297257,-5.099426650223393,
49.642,63.94075028,-22.60517085,723.454,654.658,-1.0817,-2.859,354.415,0.0028,0.0093,-0.0245,71.656,72.453,-5.0732,122.2858,0.4135,0.0,0.0,0.0,-0.03,1687.0,0.0,10.0,270.0,0,49.642,-0.023325802688296593,0.10153339994073499,-0.03,0.08278313388545089,0.6408011387416639,1.0,0.0,-2645.6627056600305,14.380619568139341,576.954,651.158,3.3602914945183695,0.012175929762191062,0.14456067002806577,2.485845966761953,0.17374052041816412,-5.605000000000018,0.0,-0.1260457997047726,final_approach,-0.47112656618315896,-0.9722011828035324,-5.0994862760178385,
49.733,63.94078093,-22.60517061,722.989,654.396,-1.0815,-2.8581,354.4128,0.0028,0.0093,-0.0244,71.646,72.441,-5.0745,122.266,0.4105,0.0,0.0,0.0,-0.03,1686.9,0.0,10.0,270.0,0,49.733,-0.023312871668544732,0.10151905139655702,-0.03,0.08280631039590669,0.6407990419429949,1.0,0.0,-2642.2459395190867,14.391185388071579,576.489,650.896,3.361415387696362,0.012205020549065332,0.14475365694336112,2.4914781501112873,0.17236606346583017,-5.607199999999921,0.0,-0.12457710063071811,final_approach,-0.4720164722514859,-0.9714724563823776,-5.0995496357356025,
49.833,63.94081435,-22.60517036,722.482,653.865,-1.0812,-2.8571,354.4103,0.0031,0.0093,-0.0243,71.634,72.428,-5.0759,122.2444,0.4074,0.0,0.0,0.0,-0.03,1686.9,0.0,10.0,270.0,0,49.833,-0.023306826319916485,0.10150409703650433,-0.03,0.08283263603790969,0.6407966134500958,1.0,0.0,-2638.5203826419315,14.402133356909015,575.982,650.365,3.3626439216597253,0.01221840706315956,0.1449585844628474,2.4976690813905345,0.17094710396344226,-5.609699999999975,0.0,-0.12416100057338036,final_approach,-0.4729851766358877,-0.9707953045010491,-5.099623017942122,
49.933,63.94084777,-22.60517011,721.974,653.415,-1.0809,-2.8562,354.4079,0.0032,0.0093,-0.0242,71.623,72.416,-5.0774,122.2229,0.4042,0.0,0.0,0.0,-0.03,1686.8,0.0,10.0,270.0,0,49.933,-0.023297689668122123,0.10148721766877428,-0.03,0.08285789734176441,0.640794048268893,1.0,0.0,-2634.794825763983,14.413081325746173,575.474,649.915,3.3638696880439065,0.012224949859601703,0.14516378039018893,2.5038598958249185,0.16948061003304815,-5.612100000000055,0.0,-0.12287363688488717,final_approach,-0.4739542187238861,-0.9700471680575298,-5.099700529976886,
50.033,63.94088119,-22.60516986,721.466,653.047,-1.0805,-2.8552,354.4055,0.0032,0.0092,-0.0241,71.611,72.403,-5.0788,122.2016,0.401,0.0,0.0,0.0,-0.03,1686.7,0.0,10.0,270.0,0,50.033,-0.02329238954958851,0.10147220924247673,-0.03,0.0828831475628582,0.640791334047477,1.0,0.0,-2631.0692688860354,14.424029294583331,574.966,649.547,3.3650985157425697,0.012235504380773341,0.14536924525303732,2.5100506206974726,0.16801329211875782,-5.614499999999907,0.0,-0.1226123971680795,final_approach,-0.4749236022828214,-0.9692983017176005,-5.099782544990205,
50.142,63.94091738,-22.60516959,720.916,652.544,-1.0802,-2.8542,354.4029,0.0034,0.0091,-0.024,71.599,72.389,-5.0803,122.1787,0.3976,0.0,0.0,0.0,-0.03,1686.7,0.0,10.0,270.0,0,50.142,-0.02328352689323193,0.10145578779364622,-0.03,0.08291048946114021,0.6407882239150509,1.0,0.0,-2627.0349211000644,14.435849349824341,574.416,649.044,3.3664332757947384,0.012237171161605739,0.14559168755455096,2.5168002640523848,0.16645411612341832,-5.617099999999937,0.0,-0.12147415589091487,final_approach,-0.475978432208219,-0.968539788197825,-5.099876522440148,
50.233,63.940948,-22.60516936,720.45,652.206,-1.0799,-2.8533,354.4007,0.0035,0.009,-0.0239,71.588,72.378,-5.0816,122.1594,0.3947,0.0,0.0,0.0,-0.03,1686.6,0.0,10.0,270.0,0,50.233,-0.023276701286296386,0.10144173301563554,-0.03,0.08293361475222638,0.6407854631331195,1.0,0.0,-2623.6214994325733,14.44592639963947,573.95,648.706,3.3675616216452484,0.012264210126448192,0.14578090981408814,2.522432032711174,0.1651234164458515,-5.619300000000067,0.0,-0.12142006179894421,final_approach,-0.47686332512560625,-0.9678693115267354,-5.09995994308467,
50.333,63.94098139,-22.60516912,719.942,651.699,-1.0795,-2.8524,354.3983,0.0035,0.0089,-0.0238,71.577,72.365,-5.083,122.1384,0.3915,0.0,0.0,0.0,-0.03,1686.6,0.0,10.0,270.0,0,50.333,-0.023270948154854587,0.10142627972599914,-0.03,0.08295883171822926,0.6407823049340122,1.0,0.0,-2619.899287028079,14.45638559870764,573.442,648.199,3.368795910546275,0.012277323273750784,0.1459821628122778,2.528622142216698,0.16365412398292278,-5.621699999999919,0.0,-0.12038187436267249,final_approach,-0.4778270880603692,-0.9671090099569088,-5.100055371470567,
50.433,63.94101478,-22.60516887,719.434,651.281,-1.0792,-2.8515,354.3959,0.0035,0.0088,-0.0237,71.566,72.353,-5.0844,122.1176,0.3883,0.0,0.0,0.0,-0.03,1686.5,0.0,10.0,270.0,0,50.433,-0.02326167566745513,0.1014108146804952,-0.03,0.08298403759694262,0.6407789937714454,1.0,0.0,-2616.177074451773,14.467334734926343,572.934,647.781,3.370033294926576,0.012293410028627418,0.146188630703281,2.5348122648129703,0.16218402756939554,-5.6240999999999985,0.0,-0.11943806760242547,final_approach,-0.47879771418444506,-0.9663578170359806,-5.100155420964711,
50.542,63.94104817,-22.60516863,718.925,650.946,-1.0788,-2.8506,354.3936,0.0036,0.0087,-0.0236,71.555,72.341,-5.0857,122.0969,0.3852,0.0,0.0,0.0,-0.03,1686.4,0.0,10.0,270.0,0,50.542,-0.023261916297051266,0.10139683076131915,-0.03,0.08300818282570632,0.6407755451772276,1.0,0.0,-2612.4548620472788,14.477793933820454,572.425,647.446,3.3712679101884264,0.012132299277450243,0.14639041591873786,2.5415590022526255,0.16076020804214863,-5.62639999999999,0.0,-0.11775437338335218,final_approach,-0.47982501562486846,-0.9657614590665347,-5.100259622146872,
50.642,63.94108433,-22.60516838,718.374,650.531,-1.0785,-2.8496,354.391,0.0036,0.0086,-0.0236,71.543,72.328,-5.0872,122.0747,0.3817,0.0,0.0,0.0,-0.03,1686.4,0.0,10.0,270.0,0,50.642,-0.023245747489852198,0.1013803250286131,-0.03,0.0830354651681805,0.6407716327962181,1.0,0.0,-2608.423858905781,14.488635281967605,571.874,647.031,3.3726097792893723,0.012346697899451694,0.14660432733107326,2.5477475716448907,0.15915037078903538,-5.628999999999905,0.0,-0.11795852125759315,final_approach,-0.4808052588632812,-0.964814552492653,-5.100377835764434,
50.742,63.94111771,-22.60516814,717.865,649.972,-1.0781,-2.8487,354.3887,0.0036,0.0085,-0.0235,71.532,72.316,-5.0886,122.0542,0.3786,0.0,0.0,0.0,-0.03,1686.3,0.0,10.0,270.0,0,50.742,-0.023242276063564715,0.10136481704809545,-0.03,0.08305958869808594,0.6407678658045317,1.0,0.0,-2604.702761268765,14.49909486998899,571.365,646.472,3.3738496045070563,0.012355290279016452,0.14680663747146194,2.5539357434865537,0.1577252446170121,-5.63130000000001,0.0,-0.11723501932509424,final_approach,-0.4817701846414195,-0.9641224089098195,-5.10049165526134,
50.842,63.94115107,-22.60516791,717.357,649.643,-1.0777,-2.8478,354.3863,0.0037,0.0086,-0.0234,71.521,72.303,-5.09,122.0339,0.3754,0.0,0.0,0.0,-0.03,1686.3,0.0,10.0,270.0,0,50.842,-0.023235995921940755,0.10134930388469561,-0.03,0.0830847502164026,0.640763931755292,1.0,0.0,-2600.983893337724,14.509065299114113,570.857,646.143,3.375095907839715,0.012373247453611392,0.14700419981225768,2.5601230443228244,0.15625240022453113,-5.633699999999976,0.0,-0.11657729029553615,final_approach,-0.48272876042145185,-0.9633489422209003,-5.1006105211970585,
50.942,63.94118444,-22.60516767,716.848,649.201,-1.0774,-2.8469,354.384,0.0037,0.0085,-0.0233,71.511,72.292,-5.0913,122.0138,0.3723,0.0,0.0,0.0,-0.03,1686.2,0.0,10.0,270.0,0,50.942,-0.02322859047806508,0.10133494821159704,-0.03,0.08310885292892356,0.6407598548053588,1.0,0.0,-2597.263910467393,14.519525276262492,570.348,645.701,3.376340722275232,0.01238573027053788,0.14720701449446688,2.5663100022911953,0.15482573702638547,-5.635999999999967,0.0,-0.11507026390503738,final_approach,-0.4836942084088065,-0.9626552647279176,-5.100733703536122,
51.042,63.94122057,-22.60516742,716.296,648.685,-1.077,-2.846,354.3814,0.0037,0.0085,-0.0233,71.499,72.279,-5.0928,121.992,0.3689,0.0,0.0,0.0,-0.03,1686.1,0.0,10.0,270.0,0,51.042,-0.0232189237798337,0.10131839032604147,-0.03,0.08313608720462584,0.6407552803935928,1.0,0.0,-2593.236251628329,14.530367791617405,569.796,645.185,3.3776867095396823,0.012564753999532108,0.14742200873705205,2.5724978364905966,0.1532601206326092,-5.638599999999997,0.0,-0.11551842173185242,final_approach,-0.4846757840054714,-0.9617768497722334,-5.1008719147896215,
51.142,63.94125115,-22.60516721,715.829,648.257,-1.0766,-2.8452,354.3793,0.0038,0.0084,-0.0232,71.489,72.268,-5.094,121.9738,0.366,0.0,0.0,0.0,-0.03,1686.1,0.0,10.0,270.0,0,51.142,-0.023218302433157978,0.10130536573358484,-0.03,0.08315807461367586,0.640751259064278,1.0,0.0,-2589.8272893719977,14.539466523465673,569.329,644.757,3.3788300374272815,0.012376174812275376,0.14760342274339489,2.5786831859766344,0.15192374398708353,-5.640699999999924,0.0,-0.11410765611985745,final_approach,-0.48561287729701164,-0.9611763122571055,-5.100993413845931,
51.242,63.94128449,-22.60516699,715.32,647.825,-1.0763,-2.8443,354.377,0.0038,0.0082,-0.0231,71.479,72.256,-5.0954,121.954,0.3629,0.0,0.0,0.0,-0.03,1686.0,0.0,10.0,270.0,0,51.242,-0.023210053523933794,0.1012895026210519,-0.03,0.0831821463140231,0.6407467182679374,1.0,0.0,-2586.1106511461408,14.548947793520197,568.82,644.325,3.3800804630270878,0.012397521676573365,0.1477970039171292,2.584867275748425,0.1504952442202523,-5.643000000000029,0.0,-0.1128251419271483,final_approach,-0.4865658407957838,-0.9604610839119605,-5.101130606362403,
51.35,63.94132061,-22.60516675,714.767,647.408,-1.0758,-2.8434,354.3745,0.0039,0.0081,-0.023,71.467,72.243,-5.0968,121.9326,0.3595,0.0,0.0,0.0,-0.03,1685.9,0.0,10.0,270.0,0,51.35,-0.02320669057331337,0.1012744167945175,-0.03,0.08320829964611143,0.6407416520537387,1.0,0.0,-2582.0841072455737,14.559300760851574,568.267,643.908,3.3814294793432533,0.01241308336653571,0.1480078392839008,2.591546600198392,0.14892753087525534,-5.64549999999997,0.0,-0.11266932094387219,final_approach,-0.48759742266765116,-0.9596547130204662,-5.10128367157046,
51.442,63.94135117,-22.60516654,714.3,647.12,-1.0755,-2.8426,354.3724,0.0038,0.0081,-0.023,71.458,72.233,-5.098,121.9147,0.3567,0.0,0.0,0.0,-0.03,1685.9,0.0,10.0,270.0,0,51.442,-0.02320159760266166,0.10126107973850733,-0.03,0.08323025913871174,0.6407371980735284,1.0,0.0,-2578.677374524199,14.568400270954392,567.8,643.62,3.3825789407926163,0.01242659383690118,0.1481899162740802,2.5972326629216655,0.1476364395365124,-5.647600000000011,0.0,-0.1113199360359317,final_approach,-0.488479013636848,-0.9590387989275087,-5.101418237715436,
51.542,63.9413845,-22.60516632,713.79,646.606,-1.0751,-2.8418,354.3701,0.0038,0.0081,-0.0229,71.447,72.221,-5.0994,121.8952,0.3536,0.0,0.0,0.0,-0.03,1685.8,0.0,10.0,270.0,0,51.542,-0.023197137817039137,0.10124550600572395,-0.03,0.08325430026112202,0.6407322001662848,1.0,0.0,-2574.9618510658197,14.57788193013619,567.29,643.106,3.3838316508833852,0.012443345015365759,0.14838424270475223,2.603413644982402,0.1462061410767319,-5.649900000000002,0.0,-0.11119994185084292,final_approach,-0.48943260000085687,-0.9583217906444919,-5.101569235421046,
51.642,63.94141782,-22.6051661,713.28,646.18,-1.0747,-2.841,354.3678,0.0038,0.0079,-0.0229,71.437,72.21,-5.1007,121.8759,0.3505,0.0,0.0,0.0,-0.03,1685.8,0.0,10.0,270.0,0,51.642,-0.023192642246249784,0.10123114572584783,-0.03,0.08327833118895922,0.6407270442146941,1.0,0.0,-2571.2474423749186,14.587363978271199,566.78,642.68,3.3850862559912,0.012460462692496156,0.1485788003581409,2.6095934795349414,0.14477511431968537,-5.6521999999999935,0.0,-0.11018176531895263,final_approach,-0.490386358745976,-0.957603942388209,-5.101725005922372,
51.75,63.94145392,-22.60516587,712.728,645.748,-1.0743,-2.8401,354.3653,0.0038,0.0079,-0.0228,71.426,72.197,-5.1021,121.855,0.3471,0.0,0.0,0.0,-0.03,1685.7,0.0,10.0,270.0,0,51.75,-0.023184906498395053,0.10121577631240514,-0.03,0.08330444019873318,0.6407212583591889,1.0,0.0,-2567.2231281795357,14.597227786531978,566.228,642.248,3.3864524276408856,0.0124920084932616,0.14878570832821414,2.6162677995080625,0.14320472103815973,-5.654700000000048,0.0,-0.10942450045830372,final_approach,-0.49141219593506236,-0.9567848829337962,-5.101899804442908,
51.85,63.94148723,-22.60516565,712.217,645.318,-1.074,-2.8393,354.3631,0.0038,0.0077,-0.0228,71.416,72.186,-5.1034,121.8359,0.3441,0.0,0.0,0.0,-0.03,1685.6,0.0,10.0,270.0,0,51.85,-0.02317888374148569,0.10120141777531165,-0.03,0.08332740616210244,0.6407157901222877,1.0,0.0,-2563.5098342561123,14.606710223968323,565.717,641.818,3.387706433104193,0.012500016183230388,0.14898077386195357,2.6224449842292312,0.14181950730250037,-5.6568999999999505,0.0,-0.10856772768937155,final_approach,-0.49236631898648753,-0.9561364817268139,-5.102065004843396,
51.933,63.94151499,-22.60516547,711.792,644.951,-1.0736,-2.8386,354.3612,0.0039,0.0076,-0.0228,71.407,72.177,-5.1045,121.8201,0.3415,0.0,0.0,0.0,-0.03,1685.6,0.0,10.0,270.0,0,51.933,-0.023176853252039553,0.10118939587459233,-0.03,0.08334723289486834,0.6407110835254097,1.0,0.0,-2560.4152369154217,14.614448877898026,565.292,641.451,3.38875907979008,0.012530428517927203,0.1491418632355138,2.6275683277547444,0.14061764396052467,-5.658799999999928,0.0,-0.10855554653031643,final_approach,-0.4931567466006861,-0.9555176405210037,-5.102207193514701,
52.05,63.94155107,-22.60516525,711.239,644.444,-1.0732,-2.8377,354.3587,0.0037,0.0076,-0.0226,71.396,72.165,-5.1059,121.7996,0.3382,0.0,0.0,0.0,-0.03,1685.5,0.0,10.0,270.0,0,52.05,-0.02317502528247839,0.10117402915857843,-0.03,0.08337331009793514,0.6407048091840111,1.0,0.0,-2556.393152426015,14.623823527088481,564.739,640.944,3.390126836164049,0.012390394668028994,0.14934451973701965,2.634794120085732,0.13909233553661693,-5.661299999999983,0.0,-0.10723386902911124,final_approach,-0.49423923881852616,-0.9548515967041222,-5.102396741817731,
52.15,63.94158714,-22.60516502,710.686,643.955,-1.0728,-2.8369,354.3562,0.0035,0.0075,-0.0226,71.385,72.153,-5.1074,121.7793,0.3349,0.0,0.0,0.0,-0.03,1685.5,0.0,10.0,270.0,0,52.15,-0.02316663510675171,0.10115715942826944,-0.03,0.08339937525078334,0.6406983433067247,1.0,0.0,-2552.3721825330654,14.63368850255702,564.186,640.455,3.3914970806414657,0.012609069685718507,0.14955244826330588,2.64096671784511,0.13756625458103144,-5.6638000000000375,0.0,-0.10748533548100614,final_approach,-0.49520976703437825,-0.95401598020187,-5.102592073178332,
52.233,63.94161489,-22.60516485,710.26,643.629,-1.0726,-2.8362,354.3544,0.0034,0.0074,-0.0225,71.377,72.143,-5.1085,121.7637,0.3323,0.0,0.0,0.0,-0.03,1685.4,0.0,10.0,270.0,0,52.233,-0.02315607884027887,0.10114488022539568,-0.03,0.08341813469865544,0.6406932497667189,1.0,0.0,-2549.278700131666,14.640937608289402,563.76,640.129,3.392550504995671,0.012622868019635546,0.14970913796948535,2.6460859017105394,0.1363630233439892,-5.66560000000004,0.0,-0.10647626336171416,final_approach,-0.4959939282295096,-0.9533856462638273,-5.102745944495773,
52.358,63.94165373,-22.60516461,709.664,643.105,-1.0722,-2.8353,354.3517,0.0035,0.0076,-0.0224,71.366,72.13,-5.11,121.7421,0.3288,0.0,0.0,0.0,-0.03,1685.3,0.0,10.0,270.0,0,52.358,-0.023154033160379228,0.10112826558586928,-0.03,0.08344626215547879,0.6406859150010534,1.0,0.0,-2544.9489395017126,14.651184733010982,563.164,639.605,3.3940301791883773,0.01249195560663807,0.14992977130126844,2.653801765199404,0.13474356446008073,-5.668300000000045,0.0,-0.10479660305610064,final_approach,-0.4971553991787161,-0.952696771563339,-5.102967517647045,
52.442,63.94168701,-22.6051644,709.153,642.668,-1.0718,-2.8345,354.3495,0.0036,0.0075,-0.0223,71.356,72.12,-5.1113,121.7236,0.3257,0.0,0.0,0.0,-0.03,1685.3,0.0,10.0,270.0,0,52.442,-0.02314209933644762,0.1011139576825681,-0.03,0.08346917042903257,0.6406794543335498,1.0,0.0,-2541.23899005095,14.660178400504002,562.653,639.168,3.3952996428891478,0.012928740189599908,0.15012127786376542,2.658981307597402,0.13330791113827445,-5.670499999999947,0.0,-0.10609214996442562,final_approach,-0.4979921958038389,-0.9517960062279336,-5.103162681977544,
52.55,63.94172029,-22.6051642,708.642,642.132,-1.0714,-2.8338,354.3473,0.0039,0.0076,-0.0222,71.346,72.109,-5.1126,121.7053,0.3227,0.0,0.0,0.0,-0.03,1685.2,0.0,10.0,270.0,0,52.55,-0.023142224517456123,0.10109966165387989,-0.03,0.0834920693674458,0.640672821284554,1.0,0.0,-2537.5290407720004,14.66868213067243,562.142,638.632,3.3965723657946696,0.012738028715904034,0.15030801824641757,2.6656422408606644,0.1319186487358479,-5.672699999999963,0.0,-0.10486491747606974,final_approach,-0.4989899566325313,-0.9512071291362201,-5.103363050190126,
52.65,63.94175356,-22.605164,708.131,641.725,-1.0711,-2.833,354.3451,0.0039,0.0075,-0.0221,71.336,72.098,-5.1138,121.687,0.3197,0.0,0.0,0.0,-0.03,1685.2,0.0,10.0,270.0,0,52.65,-0.02313520842445832,0.10108688752266809,-0.03,0.08351495896989758,0.6406660215463174,1.0,0.0,-2533.820206259736,14.677186250141913,561.631,638.225,3.397847050002011,0.012739497608822412,0.1504949805610849,2.671806264780571,0.1305289683039632,-5.67489999999998,0.0,-0.10442265225097701,final_approach,-0.4999319092501011,-0.9505336762020544,-5.103568450069609,
52.75,63.94178683,-22.6051638,707.619,641.216,-1.0707,-2.8322,354.3429,0.0038,0.0074,-0.022,71.327,72.087,-5.1151,121.6688,0.3166,0.0,0.0,0.0,-0.03,1685.1,0.0,10.0,270.0,0,52.75,-0.023129292627362352,0.10107238127373716,-0.03,0.08353783923556968,0.6406590803573187,1.0,0.0,-2530.1113717482644,14.685690369437614,561.119,637.716,3.399118970907874,0.012736116183790553,0.15068219122261875,2.677968463020231,0.12909165580154536,-5.677099999999996,0.0,-0.10311150204634292,final_approach,-0.5008739802294393,-0.9497887512861496,-5.103778118988913,
52.833,63.94181455,-22.60516364,707.193,640.938,-1.0704,-2.8315,354.341,0.0038,0.0074,-0.0219,71.319,72.078,-5.1161,121.6537,0.3141,0.0,0.0,0.0,-0.03,1685.1,0.0,10.0,270.0,0,52.833,-0.02312514852455988,0.10106168819702084,-0.03,0.08355759195059409,0.6406531437223171,1.0,0.0,-2527.0212338195265,14.692450705226673,560.693,637.438,3.400184783885227,0.012753616854670165,0.1508350239382489,2.6830787239260827,0.1279327332825062,-5.678999999999974,0.0,-0.1025000511483684,final_approach,-0.5016520456473827,-0.9492158766159484,-5.103957440843885,
52.958,63.94185335,-22.60516342,706.596,640.478,-1.0699,-2.8306,354.3385,0.0037,0.0074,-0.0217,71.308,72.066,-5.1176,121.6327,0.3106,0.0,0.0,0.0,-0.03,1685.0,0.0,10.0,270.0,0,52.958,-0.0231253176992538,0.10104517334008213,-0.03,0.08358357175331288,0.6406446529700757,1.0,0.0,-2522.6959326007327,14.701719511807333,560.096,636.978,3.401676081772728,0.012616411228893164,0.15104723986665056,2.690780134226389,0.12630958973417705,-5.6814999999999145,0.0,-0.10118186468033176,final_approach,-0.5028007884705339,-0.9485022928388585,-5.104213907465571,
53.058,63.9418866,-22.60516322,706.084,640.038,-1.0696,-2.8299,354.3363,0.0036,0.0073,-0.0216,71.298,72.055,-5.1188,121.6148,0.3077,0.0,0.0,0.0,-0.03,1685.0,0.0,10.0,270.0,0,53.058,-0.023120911478333506,0.10103244669185461,-0.03,0.08360642400376117,0.6406371988066153,1.0,0.0,-2518.9893276242165,14.71022440935758,559.584,636.538,3.402955237471194,0.012645602188188226,0.15123513923886905,2.6969343810361877,0.12496487053380179,-5.683700000000044,0.0,-0.10107442243666975,final_approach,-0.5037428609159598,-0.9478966369569424,-5.10443905880863,
53.133,63.94191431,-22.60516306,705.657,639.699,-1.0693,-2.8292,354.3345,0.0036,0.0072,-0.0216,71.29,72.046,-5.1198,121.5999,0.3052,0.0,0.0,0.0,-0.03,1684.9,0.0,10.0,270.0,0,53.133,-0.0231131200486428,0.10102178305018698,-0.03,0.08362511435248776,0.6406308617972665,1.0,0.0,-2515.900304462163,14.716985134447697,559.157,636.199,3.4040219216273813,0.012908411059461316,0.1513885576019718,2.7015461869037454,0.12380468395718935,-5.685500000000047,0.0,-0.10158280827575464,final_approach,-0.5044654196390397,-0.9472383599077183,-5.104630463310539,
53.242,63.94194755,-22.60516288,705.145,639.275,-1.0689,-2.8285,354.3324,0.0038,0.0073,-0.0214,71.281,72.036,-5.1211,121.5822,0.3022,0.0,0.0,0.0,-0.03,1684.9,0.0,10.0,270.0,0,53.242,-0.02311231946100778,0.10100737837748953,-0.03,0.08364691185638451,0.6406230882910261,1.0,0.0,-2512.1948145943734,14.724510546475205,558.645,635.775,3.405305823483103,0.012720161900807433,0.1515668010013477,2.708251350400475,0.12241187371168394,-5.687599999999975,0.0,-0.09985426273609119,final_approach,-0.5054569727710145,-0.9466347886916893,-5.104865251767674,
53.333,63.94198079,-22.60516269,704.633,638.918,-1.0685,-2.8277,354.3302,0.0038,0.0072,-0.0213,71.271,72.025,-5.1223,121.5645,0.2992,0.0,0.0,0.0,-0.03,1684.9,0.0,10.0,270.0,0,53.333,-0.023104938117815055,0.10099470205461399,-0.03,0.08366973820749224,0.6406151343820705,1.0,0.0,-2508.489324555563,14.732525896001642,558.133,635.418,3.4065930514944696,0.012957695377718098,0.15175032838782226,2.7138456011875522,0.12101865770665654,-5.689799999999991,0.0,-0.1007666124773706,final_approach,-0.5063300656003378,-0.9458524150771499,-5.105105484111608,
53.433,63.94201403,-22.6051625,704.121,638.513,-1.0681,-2.827,354.3281,0.004,0.0072,-0.0212,71.262,72.015,-5.1235,121.547,0.2963,0.0,0.0,0.0,-0.03,1684.8,0.0,10.0,270.0,0,53.433,-0.023103572370538616,0.1009818648023728,-0.03,0.08369151828225552,0.6406069986293004,1.0,0.0,-2504.7838345167524,14.740541245528076,557.621,635.013,3.407883618398078,0.012949024320779242,0.15193410045020087,2.719992859228614,0.11967194452614649,-5.691900000000032,0.0,-0.09978782952488256,final_approach,-0.5072659078258255,-0.9452343763814657,-5.105351203527203,
53.533,63.94204726,-22.60516232,703.609,637.996,-1.0677,-2.8262,354.326,0.004,0.0072,-0.0211,71.253,72.004,-5.1247,121.5295,0.2934,0.0,0.0,0.0,-0.03,1684.8,0.0,10.0,270.0,0,53.533,-0.02310179382204297,0.10096905349109864,-0.03,0.08371328984405124,0.6405986882151223,1.0,0.0,-2501.07945941644,14.748067046682857,557.109,634.496,3.409176206869658,0.012945167719948934,0.15211303792008873,2.7261375201565277,0.11832484334334481,-5.69399999999996,0.0,-0.09889802684080252,final_approach,-0.5081950914160842,-0.9446057351413266,-5.1056021927456285,
53.633,63.94208048,-22.60516214,703.096,637.65,-1.0673,-2.8255,354.3239,0.0039,0.0071,-0.0211,71.244,71.994,-5.1259,121.5121,0.2904,0.0,0.0,0.0,-0.03,1684.8,0.0,10.0,270.0,0,53.633,-0.02309723969745614,0.1009562500441141,-0.03,0.08373505289218652,0.6405902426700265,1.0,0.0,-2497.3761990836056,14.75559323713897,556.596,634.15,3.410464710584321,0.01293514595772916,0.15229218762966135,2.7322796138523056,0.11693008921017167,-5.696100000000001,0.0,-0.09808911530982067,final_approach,-0.5091242621550904,-0.943905390490956,-5.105857257572357,
53.733,63.9421137,-22.60516196,702.583,637.312,-1.067,-2.8248,354.3218,0.0038,0.0069,-0.021,71.235,71.984,-5.127,121.4948,0.2875,0.0,0.0,0.0,-0.03,1684.7,0.0,10.0,270.0,0,53.733,-0.02309153066297731,0.10094499516801461,-0.03,0.0837568074259667,0.6405816132624449,1.0,0.0,-2493.6729387507708,14.763119427595084,556.083,633.812,3.411756567546869,0.012932383235688068,0.15247157651329626,2.7384191727907936,0.1155819826308857,-5.698200000000043,0.0,-0.09735374119074684,final_approach,-0.5100534591541397,-0.9432752509302862,-5.106117869435838,
53.833,63.94214692,-22.60516178,702.071,636.885,-1.0666,-2.824,354.3197,0.0038,0.0069,-0.0209,71.225,71.974,-5.1282,121.4776,0.2846,0.0,0.0,0.0,-0.03,1684.7,0.0,10.0,270.0,0,53.833,-0.023089658754444575,0.10093242958251199,-0.03,0.08377855344469831,0.6405727564252782,1.0,0.0,-2489.969678417936,14.770645618051201,555.571,633.385,3.413057919673791,0.012945906241276795,0.1526512050502745,2.7445562293865184,0.11423338142481043,-5.70029999999997,0.0,-0.09759431017341075,final_approach,-0.5109826866987426,-0.9426444103650091,-5.106385343661252,
53.942,63.94218013,-22.60516161,701.558,636.388,-1.0662,-2.8233,354.3176,0.0038,0.0068,-0.0208,71.216,71.964,-5.1294,121.4605,0.2817,0.0,0.0,0.0,-0.03,1684.6,0.0,10.0,270.0,0,53.942,-0.02309098929564246,0.10091971014895287,-0.03,0.0838002909476927,0.6405637634116468,1.0,0.0,-2486.2675330235998,14.777682260309719,555.058,632.888,3.41435519120328,0.012771850811903069,0.15282598024105123,2.7512423735993554,0.11288428871424117,-5.702399999999898,0.0,-0.09622835537032352,final_approach,-0.5119675103559338,-0.9420964582424816,-5.106656924048476,
54.042,63.9422161,-22.60516142,701.002,635.877,-1.0658,-2.8226,354.3154,0.0037,0.0067,-0.0208,71.207,71.953,-5.1307,121.442,0.2786,0.0,0.0,0.0,-0.03,1684.6,0.0,10.0,270.0,0,54.042,-0.023084944788382133,0.10090584980180405,-0.03,0.08382305443547011,0.640553826982003,1.0,0.0,-2482.2577114879246,14.785591377925025,554.502,632.377,3.415761850277321,0.012987640799987385,0.15301852146315717,2.7573734178336733,0.11144197369347353,-5.704600000000028,0.0,-0.09566214124574886,final_approach,-0.5129130490395646,-0.9413491783497125,-5.10695698727514,
54.133,63.94224654,-22.60516126,700.532,635.39,-1.0655,-2.8219,354.3135,0.0037,0.0065,-0.0207,71.198,71.943,-5.1318,121.4265,0.276,0.0,0.0,0.0,-0.03,1684.6,0.0,10.0,270.0,0,54.133,-0.02308160637868567,0.10089436427862204,-0.03,0.08384270628879298,0.6405452218011367,1.0,0.0,-2478.8643568305915,14.792245871278622,554.032,631.89,3.41695856895459,0.013014826449200092,0.1531812789867574,2.762948881520706,0.11023193382257546,-5.7065000000000055,0.0,-0.09595659194169001,final_approach,-0.513756667261621,-0.9407979829508868,-5.107216842766469,
54.233,63.94227974,-22.60516109,700.018,634.893,-1.0651,-2.8212,354.3114,0.0037,0.0065,-0.0207,71.19,71.933,-5.133,121.4096,0.2731,0.0,0.0,0.0,-0.03,1684.5,0.0,10.0,270.0,0,54.233,-0.023079222502506436,0.10088158328505538,-0.03,0.08386441864607685,0.6405357160072908,1.0,0.0,-2475.163326203733,14.799282902664416,553.518,631.393,3.4182585362029783,0.013012300788314257,0.15335673323817758,2.7690747252394545,0.10888149696418736,-5.708599999999933,0.0,-0.09450599267426003,final_approach,-0.5146791255801055,-0.9401541868395267,-5.107503887785668,
54.342,63.94231293,-22.60516092,699.505,634.31,-1.0647,-2.8206,354.3093,0.0036,0.0065,-0.0207,71.181,71.923,-5.1342,121.3929,0.2703,0.0,0.0,0.0,-0.03,1684.5,0.0,10.0,270.0,0,54.342,-0.023083162669920942,0.1008689928716875,-0.03,0.08388612248491423,0.6405259836298186,1.0,0.0,-2471.463410343559,14.806320323177205,553.005,630.81,3.419566731873089,0.012843883180033478,0.1535323955899023,2.7757487848570506,0.10757767223282144,-5.710699999999974,0.0,-0.09342079400745924,final_approach,-0.5156637425296751,-0.9396740095561711,-5.107797767533469,
54.433,63.94234888,-22.60516074,698.949,633.742,-1.0644,-2.8198,354.3071,0.0034,0.0064,-0.0206,71.171,71.913,-5.1354,121.3748,0.2672,0.0,0.0,0.0,-0.03,1684.4,0.0,10.0,270.0,0,54.433,-0.023069114602437435,0.10085693732869747,-0.03,0.08390885070257725,0.6405152399131492,1.0,0.0,-2467.455818514653,14.813740281896525,552.449,630.242,3.420985485557497,0.013301685954804267,0.15372082804680703,2.7813176088952436,0.10613332878227766,-5.7128999999999905,0.0,-0.09491800454223646,final_approach,-0.516540395999634,-0.9388200417768111,-5.10812217709746,
54.533,63.9423793,-22.60516059,698.478,633.344,-1.064,-2.8192,354.3052,0.0035,0.0063,-0.0205,71.163,71.904,-5.1365,121.3596,0.2646,0.0,0.0,0.0,-0.03,1684.4,0.0,10.0,270.0,0,54.533,-0.023072763772472193,0.10084541291505071,-0.03,0.08392847209296594,0.6405059960552661,1.0,0.0,-2464.0646935625036,14.819905616005466,551.978,629.844,3.422185896667611,0.013085423479193966,0.15387931279775044,2.787434481478701,0.10492163155188905,-5.714799999999968,0.0,-0.09356182231113284,final_approach,-0.5174395006135839,-0.9383498109791866,-5.108401290717513,
54.633,63.94241248,-22.60516042,697.964,632.683,-1.0637,-2.8186,354.3032,0.0035,0.0061,-0.0204,71.154,71.894,-5.1377,121.3431,0.2617,0.0,0.0,0.0,-0.03,1684.4,0.0,10.0,270.0,0,54.633,-0.023066047106602205,0.10083290202601414,-0.03,0.08394911865300603,0.640495739855991,1.0,0.0,-2460.365892469808,14.826943425645528,551.464,629.183,3.4234968722749644,0.013089478911583725,0.1540556522219312,2.7935485984292985,0.10356930266996756,-5.716799999999921,0.0,-0.09323802028284824,final_approach,-0.5183617906281945,-0.9377029040060361,-5.108710963591481,
54.733,63.94244565,-22.60516026,697.45,632.291,-1.0634,-2.8179,354.3011,0.0033,0.0061,-0.0204,71.146,71.884,-5.1389,121.3267,0.2589,0.0,0.0,0.0,-0.03,1684.3,0.0,10.0,270.0,0,54.733,-0.023061986857747685,0.10082031405338975,-0.03,0.08397078922282297,0.6404852987301376,1.0,0.0,-2456.66820631561,14.833491687087996,550.95,628.791,3.424809942856192,0.01309635006169931,0.1542271072424602,2.7996594804921133,0.1022637292560944,-5.718899999999962,0.0,-0.09203456389349478,final_approach,-0.51927728467723,-0.9371161054283057,-5.109026211571024,
54.833,63.94247882,-22.6051601,696.937,631.699,-1.063,-2.8173,354.2991,0.0034,0.0061,-0.0203,71.137,71.875,-5.1401,121.3104,0.2561,0.0,0.0,0.0,-0.03,1684.3,0.0,10.0,270.0,0,54.833,-0.023061426007293606,0.1008078998253201,-0.03,0.08399141993801662,0.6404746100400507,1.0,0.0,-2452.9705201622055,14.840039948704801,550.437,628.199,3.4261326845548266,0.01311819454914032,0.1543987925108778,2.8057671614748942,0.10095770300389972,-5.720900000000029,0.0,-0.0918496035395409,final_approach,-0.5201927180420931,-0.9365285318428516,-5.109348925335489,
54.95,63.94251475,-22.60515993,696.38,631.205,-1.0627,-2.8166,354.2969,0.0034,0.006,-0.0202,71.128,71.864,-5.1414,121.2928,0.2531,0.0,0.0,0.0,-0.03,1684.3,0.0,10.0,270.0,0,54.95,-0.02306001069490471,0.10079438956344976,-0.03,0.08401410479646154,0.6404628736450358,1.0,0.0,-2448.965158038482,14.846970748353522,549.88,627.705,3.4275612547018546,0.01296682900039181,0.15458333352257528,2.8129109195672837,0.09955813326894258,-5.723099999999931,0.0,-0.09049264657440781,final_approach,-0.5212420275843428,-0.93600162907852,-5.109703261119037,
55.033,63.94254239,-22.6051598,695.951,630.769,-1.0624,-2.8161,354.2952,0.0033,0.0059,-0.0202,71.121,71.856,-5.1424,121.2793,0.2508,0.0,0.0,0.0,-0.03,1684.2,0.0,10.0,270.0,0,55.033,-0.023058940763693136,0.10078402836373752,-0.03,0.0840316275984676,0.6404537125136278,1.0,0.0,-2445.8839387618345,14.852264385359947,549.451,627.269,3.4286597955511446,0.013011596153519451,0.1547250826376738,2.817970714548741,0.09848486112741739,-5.724799999999959,0.0,-0.08993307410379367,final_approach,-0.5219997651388901,-0.9355269629437633,-5.109979839076377,
55.142,63.94257831,-22.60515963,695.394,630.114,-1.062,-2.8154,354.293,0.0031,0.006,-0.0201,71.112,71.846,-5.1437,121.2619,0.2477,0.0,0.0,0.0,-0.03,1684.2,0.0,10.0,270.0,0,55.142,-0.023055354537279582,0.10077060720902706,-0.03,0.08405429587399427,0.6404415718800245,1.0,0.0,-2441.879691405589,14.85919557413594,548.894,626.614,3.4300942447056313,0.01303634412561885,0.15491007203101323,2.824617285470594,0.09703713075739984,-5.726999999999975,0.0,-0.08926359530703527,final_approach,-0.5229935340338976,-0.9348440550967574,-5.110346359124041,
55.242,63.94261422,-22.60515947,694.837,629.602,-1.0617,-2.8147,354.2908,0.003,0.0059,-0.0201,71.103,71.836,-5.145,121.2446,0.2447,0.0,0.0,0.0,-0.03,1684.1,0.0,10.0,270.0,0,55.242,-0.023046614026049128,0.10075723553541772,-0.03,0.08407695479398791,0.6404292053854322,1.0,0.0,-2437.8765589878417,14.865637214714342,548.337,626.102,3.431531441693885,0.013258948418438915,0.15509019236154867,2.8307109137551802,0.09563614553371735,-5.729199999999992,0.0,-0.08933054118821467,final_approach,-0.5239184727582469,-0.9341279204462332,-5.11071968587332,
55.342,63.94264737,-22.60515932,694.322,629.065,-1.0614,-2.8141,354.2888,0.003,0.0058,-0.02,71.094,71.826,-5.1462,121.2287,0.242,0.0,0.0,0.0,-0.03,1684.1,0.0,10.0,270.0,0,55.342,-0.023044374465996498,0.10074497503335378,-0.03,0.08409754569308103,0.640417621541038,1.0,0.0,-2434.1811025396196,14.871696317260549,547.822,625.565,3.4328567771459246,0.01325801610209823,0.1552578771896032,2.83680099842829,0.09437522817995614,-5.731199999999944,0.0,-0.08939140108019535,final_approach,-0.52482664282795,-0.9335972670399801,-5.11106937460989,
55.442,63.94268051,-22.60515917,693.807,628.471,-1.0611,-2.8135,354.2868,0.0032,0.0059,-0.0199,71.086,71.817,-5.1474,121.2129,0.2392,0.0,0.0,0.0,-0.03,1684.1,0.0,10.0,270.0,0,55.442,-0.02303935023432574,0.10073267762917043,-0.03,0.08411812885912173,0.6404058458017082,1.0,0.0,-2430.4867608588766,14.877755808759968,547.307,624.971,3.434184258749269,0.013260816090655447,0.15542576045957054,2.8428875711461528,0.09306661806712668,-5.733199999999897,0.0,-0.088537637345628,final_approach,-0.5257346752746379,-0.9329946577880506,-5.111424845368358,
55.533,63.94271089,-22.60515903,693.336,628.052,-1.0608,-2.8129,354.285,0.0032,0.0059,-0.0197,71.078,71.808,-5.1485,121.1984,0.2367,0.0,0.0,0.0,-0.03,1684.0,0.0,10.0,270.0,0,55.533,-0.02303723306537464,0.10072152417144549,-0.03,0.08413664709632585,0.6403948074072732,1.0,0.0,-2427.1000951476576,14.883432762227192,546.836,624.552,3.435411235925694,0.013297891021379621,0.15558113722169742,2.848422029000851,0.09189829047414833,-5.7349999999999,0.0,-0.08848076921530165,final_approach,-0.526563920466959,-0.9324845569175864,-5.111758048201111,
55.633,63.94274402,-22.60515888,692.821,627.593,-1.0605,-2.8123,354.2831,0.0032,0.0058,-0.0196,71.07,71.799,-5.1497,121.1828,0.2339,0.0,0.0,0.0,-0.03,1684.0,0.0,10.0,270.0,0,55.633,-0.023031811074454678,0.1007093172339243,-0.03,0.0841561873281037,0.6403826481944405,1.0,0.0,-2423.4068682343923,14.889492642853886,546.321,624.093,3.436744125495118,0.01330305846685634,0.15574942792160248,2.8545022316963418,0.09058884747648221,-5.7368999999999915,0.0,-0.08770979019573756,final_approach,-0.5274717655555392,-0.9318804079858669,-5.112125072738497,
55.75,63.94278268,-22.60515872,692.22,626.957,-1.0601,-2.8116,354.2808,0.0033,0.0057,-0.0195,71.061,71.788,-5.151,121.1646,0.2307,0.0,0.0,0.0,-0.03,1683.9,0.0,10.0,270.0,0,55.75,-0.023029059479445002,0.10069665227930566,-0.03,0.08417983195321388,0.6403681982748567,1.0,0.0,-2419.097174785617,14.895827273615005,545.72,623.457,3.4383037563507486,0.013307578431255991,0.1559383838026414,2.861614463897635,0.08909226259547154,-5.7391999999999825,0.0,-0.08672917989821234,final_approach,-0.5285233049480844,-0.9312108950465383,-5.112561226882406,
55.842,63.94281304,-22.60515859,691.748,626.456,-1.0598,-2.811,354.279,0.0033,0.0055,-0.0194,71.053,71.78,-5.1521,121.1504,0.2282,0.0,0.0,0.0,-0.03,1683.9,0.0,10.0,270.0,0,55.842,-0.023026845683317088,0.10068559939776998,-0.03,0.08419832930662874,0.6403566520569708,1.0,0.0,-2415.7127387803744,14.901015068011906,545.248,622.956,3.439531762411957,0.01331429735432243,0.15608921391570474,2.8671990538885934,0.08792272598148543,-5.7409999999999854,0.0,-0.08674984733830557,final_approach,-0.5293522189372091,-0.9306984705053658,-5.1129097243317965,
55.95,63.94284892,-22.60515843,691.189,625.949,-1.0595,-2.8104,354.2769,0.0032,0.0053,-0.0193,71.044,71.77,-5.1534,121.1337,0.2252,0.0,0.0,0.0,-0.03,1683.8,0.0,10.0,270.0,0,55.95,-0.023020727129397733,0.10067253375945844,-0.03,0.08421990163267945,0.6403428489561425,1.0,0.0,-2411.7129506642686,14.907457875971852,544.689,622.449,3.440979471624237,0.013329366950022022,0.1562709767815743,2.8737544027870046,0.08651862100288099,-5.743099999999913,0.0,-0.08643925515603537,final_approach,-0.5303314232416021,-0.9300592574174189,-5.113326327114105,
56.042,63.94288204,-22.60515829,690.674,625.371,-1.0592,-2.8098,354.275,0.0033,0.0053,-0.0193,71.036,71.761,-5.1546,121.1184,0.2225,0.0,0.0,0.0,-0.03,1683.8,0.0,10.0,270.0,0,56.042,-0.023014336765650623,0.1006605421625708,-0.03,0.08423941210189079,0.640329826197483,1.0,0.0,-2408.0208386895,14.91302820857501,544.174,621.871,3.4423258528730774,0.01354690225697553,0.15643504082989082,2.879333579708141,0.08525482999249334,-5.7450000000000045,0.0,-0.08648627939085793,final_approach,-0.5311771385888413,-0.9294303088731315,-5.113719364003927,
56.133,63.94290964,-22.60515818,690.244,624.984,-1.0589,-2.8094,354.2734,0.0035,0.0053,-0.0192,71.03,71.753,-5.1556,121.1057,0.2203,0.0,0.0,0.0,-0.03,1683.8,0.0,10.0,270.0,0,56.133,-0.023017783629837307,0.10065054303873537,-0.03,0.08425583655483704,0.6403188617728934,1.0,0.0,-2404.9440788240126,14.917343527440513,543.744,621.484,3.443445326839678,0.0133394038342941,0.15656850223985436,2.884847334886853,0.08422503898916034,-5.746599999999944,0.0,-0.08461789634933153,final_approach,-0.5319751919581606,-0.9290816840305922,-5.1140502684422735,
56.25,63.94294826,-22.60515802,689.643,624.246,-1.0585,-2.8087,354.2711,0.0034,0.0054,-0.0191,71.02,71.743,-5.1569,121.088,0.2171,0.0,0.0,0.0,-0.03,1683.7,0.0,10.0,270.0,0,56.25,-0.023014823929797756,0.10063821602140038,-0.03,0.08427943803028903,0.6403032258600155,1.0,0.0,-2400.638844445148,14.923679714536666,543.143,620.746,3.4450203356319853,0.013359772130155689,0.15675863303145304,2.891937190345474,0.0827261198789131,-5.748900000000049,0.0,-0.08469536808758604,final_approach,-0.533025738066641,-0.9284071516217232,-5.114522141235053,
56.342,63.94297861,-22.6051579,689.17,623.835,-1.0582,-2.8082,354.2694,0.0034,0.0052,-0.0191,71.013,71.735,-5.158,121.0741,0.2147,0.0,0.0,0.0,-0.03,1683.7,0.0,10.0,270.0,0,56.342,-0.023014481012771093,0.10062733482026313,-0.03,0.08429687602178848,0.6402907755617835,1.0,0.0,-2397.255523378404,14.928377960910037,542.67,620.335,3.4462571222062404,0.013373698829939695,0.15690530562882657,2.8975038710796,0.08160216732781578,-5.750599999999963,0.0,-0.08391278521795459,final_approach,-0.5338471481767115,-0.9279520048744345,-5.1148978623131,
56.45,63.94301447,-22.60515775,688.611,623.197,-1.0578,-2.8076,354.2673,0.0035,0.0051,-0.019,71.005,71.725,-5.1593,121.0579,0.2118,0.0,0.0,0.0,-0.03,1683.6,0.0,10.0,270.0,0,56.45,-0.02301439517552456,0.10061452971675684,-0.03,0.08431840935087653,0.6402758376220173,1.0,0.0,-2393.2579649682734,14.934331609799658,542.111,619.697,3.4477215653208613,0.013404692103068341,0.15708307422029472,2.9040378291595053,0.08024322013542928,-5.752700000000004,0.0,-0.08301835693215524,final_approach,-0.5348186685056362,-0.9273691552877317,-5.115348638552266,
56.542,63.94304757,-22.60515762,688.095,622.732,-1.0575,-2.8071,354.2654,0.0034,0.0051,-0.019,70.997,71.716,-5.1605,121.0429,0.2091,0.0,0.0,0.0,-0.03,1683.6,0.0,10.0,270.0,0,56.542,-0.02300744987365433,0.10060278589951173,-0.03,0.0843378845345597,0.6402618228852535,1.0,0.0,-2389.5680826994812,14.939412783332493,541.595,619.232,3.4490769334929943,0.013625953875986328,0.15724303230956527,2.9095984721225627,0.07897759867546483,-5.754599999999982,0.0,-0.08337637191460326,final_approach,-0.5356568771289041,-0.9267261474862671,-5.1157715397167465,
56.633,63.94307514,-22.60515752,687.665,622.224,-1.0572,-2.8066,354.2638,0.0033,0.0052,-0.0189,70.99,71.709,-5.1615,121.0305,0.2069,0.0,0.0,0.0,-0.03,1683.5,0.0,10.0,270.0,0,56.633,-0.02301034178144279,0.1005930396290005,-0.03,0.08435427927149741,0.6402499950757999,1.0,0.0,-2386.4946673074473,14.94323933242901,541.165,618.724,3.4502073266747937,0.013425278746104729,0.15737215920515682,2.915093556578127,0.07794626340995592,-5.756200000000035,0.0,-0.08278970873356033,final_approach,-0.5364471081826778,-0.926363424522993,-5.116128437327653,
56.75,63.94311375,-22.60515737,687.063,621.654,-1.0568,-2.806,354.2616,0.0032,0.0052,-0.0188,70.981,71.698,-5.1629,121.0133,0.2038,0.0,0.0,0.0,-0.03,1683.5,0.0,10.0,270.0,0,56.75,-0.02300919828990905,0.10057946206340643,-0.03,0.08437681394631635,0.6402331594792092,1.0,0.0,-2382.190547866289,14.949085971327293,540.563,618.154,3.451795832585159,0.01345056122056528,0.1575583797489949,2.9221590221381044,0.0764924419491706,-5.758399999999938,0.0,-0.08225637856897135,final_approach,-0.537489741496767,-0.925744821020464,-5.11663642318862,
56.842,63.94314407,-22.60515725,686.59,621.191,-1.0565,-2.8055,354.2599,0.0031,0.0051,-0.0188,70.974,71.691,-5.1639,120.9998,0.2014,0.0,0.0,0.0,-0.03,1683.4,0.0,10.0,270.0,0,56.842,-0.023008688651569575,0.10057037565312586,-0.03,0.08439422068905167,0.640219742715116,1.0,0.0,-2378.8105711011863,14.953785384908144,540.09,617.691,3.453045144505565,0.013472047249757337,0.15770596367264594,2.927706683128098,0.07536676372649254,-5.760099999999966,0.0,-0.08169552201921396,final_approach,-0.5383101933510694,-0.9252856277431931,-5.117041235576124,
56.942,63.94317715,-22.60515713,686.073,620.695,-1.0562,-2.8049,354.258,0.0029,0.005,-0.0187,70.967,71.682,-5.1651,120.9851,0.1987,0.0,0.0,0.0,-0.03,1683.4,0.0,10.0,270.0,0,56.942,-0.023004377193046488,0.100558824221072,-0.03,0.084413668665143,0.640204954923364,1.0,0.0,-2375.12291853837,14.958377399544718,539.573,617.195,3.454405687607217,0.013494277877550547,0.15786154366870267,2.9337338152178747,0.07409969618774426,-5.761999999999944,0.0,-0.08063229274474441,final_approach,-0.5391952893437875,-0.9247109741870325,-5.117487398412745,
57.042,63.94321023,-22.605157,685.557,620.134,-1.0559,-2.8044,354.2562,0.003,0.0049,-0.0187,70.959,71.673,-5.1663,120.9706,0.1961,0.0,0.0,0.0,-0.03,1683.3,0.0,10.0,270.0,0,57.042,-0.023002845416338624,0.10054737003489192,-0.03,0.08443208661857904,0.6401898713942138,1.0,0.0,-2371.435265803741,14.963459351331824,539.057,616.634,3.455776310270289,0.013529602669745936,0.15802250914637248,2.939756953415119,0.07287953040435013,-5.7637999999999465,0.0,-0.08057481158612716,final_approach,-0.5400870196719083,-0.9242168606093344,-5.117942466258807,
57.142,63.9432433,-22.60515688,685.04,619.654,-1.0556,-2.8039,354.2543,0.003,0.0048,-0.0186,70.951,71.665,-5.1674,120.9561,0.1935,0.0,0.0,0.0,-0.03,1683.3,0.0,10.0,270.0,0,57.142,-0.023001214880444265,0.10053747245709564,-0.03,0.08445152098817821,0.6401746468485391,1.0,0.0,-2367.74872800761,14.968051754921335,538.54,616.154,3.457142830280395,0.013552202241630949,0.15817848766483528,2.9457756123368855,0.07165907199410526,-5.765699999999924,0.0,-0.0805225559873971,final_approach,-0.5409716790867662,-0.923711667166268,-5.1184017704385845,
57.25,63.94327913,-22.60515675,684.48,619.103,-1.0553,-2.8033,354.2523,0.003,0.0047,-0.0186,70.943,71.655,-5.1687,120.9404,0.1907,0.0,0.0,0.0,-0.03,1683.2,0.0,10.0,270.0,0,57.25,-0.022998590721733325,0.10052517575137654,-0.03,0.08447197067016765,0.6401578833464854,1.0,0.0,-2363.754514241954,14.9730266967171,537.98,615.603,3.4586285382856112,0.013586261135335134,0.15834771579587467,2.952272373438427,0.07034446799991656,-5.767699999999991,0.0,-0.07993633035890965,final_approach,-0.5419277410480454,-0.9231722558942579,-5.118907481827584,
57.333,63.94330668,-22.60515666,684.049,618.674,-1.0551,-2.8029,354.2507,0.0029,0.0045,-0.0185,70.937,71.648,-5.1697,120.9285,0.1885,0.0,0.0,0.0,-0.03,1683.2,0.0,10.0,270.0,0,57.333,-0.022993825191535866,0.10051575872002415,-0.03,0.08448832484062552,0.6401448402519473,1.0,0.0,-2360.6833285558955,14.976364086743294,537.549,615.174,3.459771247485424,0.013616481066218785,0.1584728440109958,2.9572576659248266,0.0693110035338691,-5.76929999999993,0.0,-0.07924113274687333,final_approach,-0.5426551502537436,-0.9227118070924565,-5.1193009429131635,
57.45,63.94334525,-22.60515652,683.446,617.94,-1.0547,-2.8024,354.2486,0.003,0.0044,-0.0184,70.928,71.638,-5.171,120.9118,0.1855,0.0,0.0,0.0,-0.03,1683.1,0.0,10.0,270.0,0,57.45,-0.022994414887392345,0.10050419279256195,-0.03,0.08450978216822713,0.6401262805119475,1.0,0.0,-2356.3836683556683,14.981722344825801,536.946,614.44,3.4613779663537936,0.013635840871947896,0.15865552590235316,2.9642870575582956,0.0679017495483265,-5.771399999999971,0.0,-0.07903040039925548,final_approach,-0.5436890357366373,-0.9221470770094982,-5.119860797423446,
57.542,63.94337556,-22.60515642,682.972,617.452,-1.0545,-2.8019,354.2469,0.003,0.0044,-0.0184,70.922,71.631,-5.1721,120.8988,0.1831,0.0,0.0,0.0,-0.03,1683.1,0.0,10.0,270.0,0,57.542,-0.022989010899744644,0.10049399177790067,-0.03,0.08452714613232781,0.6401114827801936,1.0,0.0,-2353.0048067000844,14.98544227305825,536.472,613.952,3.4626433037457285,0.013655478610563326,0.15879408817627919,2.969805633360668,0.06677380758097229,-5.7730999999999995,0.0,-0.07777467229971873,final_approach,-0.5444943169948537,-0.9216616423140991,-5.120307151602411,
57.65,63.94341136,-22.60515629,682.412,616.953,-1.0542,-2.8014,354.2449,0.0029,0.0045,-0.0183,70.914,71.622,-5.1734,120.8835,0.1803,0.0,0.0,0.0,-0.03,1683.0,0.0,10.0,270.0,0,57.65,-0.022986219674821562,0.10048198127937867,-0.03,0.08454756716147072,0.6400937613051655,1.0,0.0,-2349.0139372368603,14.990418382235834,535.912,613.453,3.4641409711883333,0.01369078069800781,0.15896414716552767,2.9762824609744465,0.06545766283872467,-5.775100000000066,0.0,-0.07743825427920203,final_approach,-0.5454492124102153,-0.9211181500381915,-5.1208416740643194,
57.733,63.9434389,-22.6051562,681.98,616.484,-1.0539,-2.801,354.2434,0.0028,0.0045,-0.0182,70.907,71.615,-5.1744,120.8717,0.1782,0.0,0.0,0.0,-0.03,1683.0,0.0,10.0,270.0,0,57.733,-0.022987628486679346,0.10047272522722703,-0.03,0.08456287785050842,0.6400800334422501,1.0,0.0,-2345.94386631828,14.993756161389303,535.48,612.984,3.4652883121700064,0.013712881468567051,0.15908993882186995,2.981252544421299,0.06447056268677898,-5.776599999999917,0.0,-0.0780654447445157,final_approach,-0.5461757703968182,-0.9207261683290824,-5.121255722617711,
57.85,63.94347746,-22.60515607,681.377,615.989,-1.0536,-2.8004,354.2413,0.0027,0.0045,-0.0181,70.899,71.605,-5.1758,120.8554,0.1752,0.0,0.0,0.0,-0.03,1682.9,0.0,10.0,270.0,0,57.85,-0.02298378006395746,0.10045998707371255,-0.03,0.08458430549542906,0.640060390851398,1.0,0.0,-2341.645321056551,14.998624871448273,534.877,612.489,3.4669111946722833,0.01373919966009756,0.15926838015920217,2.988260059976683,0.06305970224599378,-5.778699999999958,0.0,-0.07718459234738044,final_approach,-0.547201595241976,-0.9201468861423923,-5.121848140653967,
57.942,63.94350775,-22.60515597,680.902,615.406,-1.0534,-2.8,354.2396,0.0028,0.0044,-0.018,70.892,71.597,-5.1769,120.8426,0.1728,0.0,0.0,0.0,-0.03,1682.9,0.0,10.0,270.0,0,57.942,-0.022978240690917084,0.10044996970783399,-0.03,0.0846016454290952,0.6400448370164172,1.0,0.0,-2338.26868893513,15.002345577934992,534.402,611.906,3.468181068156015,0.013749828491624365,0.15940764753023007,2.9937615660322026,0.06193057706138916,-5.780399999999986,0.0,-0.07708480727232718,final_approach,-0.5480058692587058,-0.9196581489564455,-5.122317220879175,
58.05,63.94354354,-22.60515586,680.341,614.908,-1.0531,-2.7995,354.2377,0.0028,0.0044,-0.018,70.885,71.588,-5.1781,120.8276,0.1701,0.0,0.0,0.0,-0.03,1682.8,0.0,10.0,270.0,0,58.05,-0.022976916614630194,0.10043982093467221,-0.03,0.0846210187314943,0.6400261792572363,1.0,0.0,-2334.278934581425,15.006342201590115,533.841,611.408,3.4696872550537514,0.013782552906193835,0.15956817781694216,3.0002173875987164,0.06066042573652908,-5.782299999999964,0.0,-0.07596935341254574,final_approach,-0.5489458439199275,-0.9191613978356159,-5.122879885770168,
58.133,63.94357382,-22.60515576,679.867,614.436,-1.0528,-2.7991,354.236,0.0028,0.0042,-0.0179,70.878,71.581,-5.1792,120.815,0.1677,0.0,0.0,0.0,-0.03,1682.8,0.0,10.0,270.0,0,58.133,-0.02297164115962208,0.1004299716026222,-0.03,0.08463834681228544,0.6400101205862012,1.0,0.0,-2330.9034172282736,15.010063297204384,533.367,610.936,3.470969160044737,0.014059567162763353,0.1597077947654732,3.005172533125228,0.05953065474736263,-5.783999999999992,0.0,-0.07673008032028203,final_approach,-0.5496889022077518,-0.9185795859483079,-5.12336414772361,
58.242,63.94360685,-22.60515566,679.349,613.862,-1.0525,-2.7986,354.2342,0.003,0.0042,-0.0178,70.871,71.573,-5.1804,120.8013,0.1652,0.0,0.0,0.0,-0.03,1682.7,0.0,10.0,270.0,0,58.242,-0.022974764213215426,0.10041929967942184,-0.03,0.08465668809063465,0.6399924473342353,1.0,0.0,-2327.2213388433024,15.013677382652975,532.849,610.362,3.4723649820606575,0.01385059039698219,0.15985555375015617,3.011677994946973,0.0583539322430795,-5.785799999999995,0.0,-0.07559281697173707,final_approach,-0.550617668512654,-0.9182065328896609,-5.123897075296117,
58.333,63.94363712,-22.60515557,678.874,613.399,-1.0522,-2.7982,354.2326,0.003,0.0041,-0.0177,70.864,71.565,-5.1815,120.7887,0.1629,0.0,0.0,0.0,-0.03,1682.7,0.0,10.0,270.0,0,58.333,-0.022974586954093712,0.10040953692027674,-0.03,0.08467298618042352,0.6399760594913311,1.0,0.0,-2323.8469364286498,15.016908930069649,532.374,609.899,3.4736456912226874,0.013887779840030801,0.15999028550398534,3.0171016876764964,0.0572711091687097,-5.787399999999934,0.0,-0.07571374969457687,final_approach,-0.5514071822559394,-0.9177652442214512,-5.124391220180698,
58.442,63.94367565,-22.60515545,678.269,612.694,-1.0519,-2.7977,354.2305,0.003,0.0041,-0.0176,70.856,71.556,-5.1828,120.7729,0.1599,0.0,0.0,0.0,-0.03,1682.6,0.0,10.0,270.0,0,58.442,-0.022966937381145136,0.10039879227282451,-0.03,0.08469436989740475,0.6399549329490942,1.0,0.0,-2319.551735639582,15.021288870185295,531.769,609.194,3.4752780583739735,0.014069124104132842,0.16016486965111787,3.023597522336577,0.05585799290253135,-5.789499999999975,0.0,-0.07550290839624556,final_approach,-0.5523701585510494,-0.9170879985985732,-5.125028220692421,
58.542,63.94370592,-22.60515536,677.794,612.251,-1.0516,-2.7973,354.2289,0.003,0.004,-0.0176,70.85,71.549,-5.1839,120.7605,0.1577,0.0,0.0,0.0,-0.03,1682.6,0.0,10.0,270.0,0,58.542,-0.022972971732582947,0.10038925185831603,-0.03,0.08471065651885645,0.6399380732071568,1.0,0.0,-2316.177333224929,15.024520417601968,531.294,608.751,3.476566132296678,0.013871059957951638,0.1602999881842639,3.029548862747215,0.054821976498629965,-5.791099999999915,0.0,-0.07409355308749609,final_approach,-0.5532197358929807,-0.9168074959154833,-5.125536544987256,
58.633,63.94373618,-22.60515527,677.319,611.758,-1.0514,-2.7969,354.2273,0.0029,0.0039,-0.0175,70.843,71.541,-5.185,120.7482,0.1554,0.0,0.0,0.0,-0.03,1682.5,0.0,10.0,270.0,0,58.633,-0.022968819899869153,0.10037969774928503,-0.03,0.08472693818057775,0.6399210224739764,1.0,0.0,-2312.8040455769615,15.027752354145639,530.819,608.258,3.477856015287215,0.013921639691217923,0.160435247458044,3.034958838715564,0.053738235605578666,-5.792699999999968,0.0,-0.07435078252708506,final_approach,-0.5540083894108747,-0.9163635277190405,-5.126050605078298,
58.733,63.94376919,-22.60515517,676.8,611.237,-1.0511,-2.7965,354.2256,0.0028,0.0039,-0.0174,70.836,71.533,-5.1861,120.7348,0.1529,0.0,0.0,0.0,-0.03,1682.5,0.0,10.0,270.0,0,58.733,-0.022967887635177597,0.1003709085118902,-0.03,0.0847442320114592,0.6399022541909634,1.0,0.0,-2309.124196727738,15.031367218023114,530.3,607.737,3.479261402485316,0.013943678406183059,0.16058394608210558,3.0409007038613893,0.05256002415359262,-5.794399999999996,0.0,-0.07395525684280951,final_approach,-0.554874764077443,-0.9158943579849321,-5.1266164210317875,
58.85,63.9438077,-22.60515506,676.195,610.572,-1.0508,-2.796,354.2235,0.0027,0.0038,-0.0174,70.828,71.524,-5.1875,120.7192,0.15,0.0,0.0,0.0,-0.03,1682.4,0.0,10.0,270.0,0,58.85,-0.02296554968602732,0.100358996820968,-0.03,0.0847655872479045,0.63987999818601,1.0,0.0,-2304.831225644646,15.035257999068438,529.695,607.072,3.4809089752939273,0.013966701817989192,0.16075418883888226,3.0478494312104796,0.051193004127839004,-5.796499999999924,0.0,-0.0734480578912839,final_approach,-0.5558831375246882,-0.9153547592851847,-5.12728734721324,
58.942,63.94384071,-22.60515497,675.676,610.143,-1.0505,-2.7956,354.2218,0.0026,0.0036,-0.0173,70.821,71.516,-5.1887,120.706,0.1475,0.0,0.0,0.0,-0.03,1682.3,0.0,10.0,270.0,0,58.942,-0.022961015521612782,0.1003488506781034,-0.03,0.08478286856135508,0.639860681214896,1.0,0.0,-2301.1513769656513,15.038382925620768,529.176,606.643,3.4823228190647866,0.014200229360750613,0.1608980861106245,3.0533053168769446,0.05001411091160435,-5.798199999999952,0.0,-0.07368795776678487,final_approach,-0.5566883340824802,-0.914792514910598,-5.127869642321745,
59.042,63.94387096,-22.60515489,675.201,609.652,-1.0503,-2.7952,354.2202,0.0027,0.0036,-0.0173,70.815,71.509,-5.1898,120.6939,0.1452,0.0,0.0,0.0,-0.03,1682.3,0.0,10.0,270.0,0,59.042,-0.022959828716392017,0.10033968824231523,-0.03,0.0847991282110011,0.6398426991848526,1.0,0.0,-2297.779204256974,15.04112531396712,528.701,606.152,3.4836258799668633,0.014005292637420095,0.16102882755007925,3.059230515242363,0.04892927622469756,-5.799800000000005,0.0,-0.07244359796980455,final_approach,-0.5575291895515448,-0.9144254353747883,-5.1284116704486635,
59.133,63.94390121,-22.60515481,674.725,609.222,-1.05,-2.7949,354.2186,0.0028,0.0036,-0.0172,70.809,71.502,-5.1909,120.6818,0.143,0.0,0.0,0.0,-0.03,1682.2,0.0,10.0,270.0,0,59.133,-0.022961726247122782,0.1003305595770693,-0.03,0.08481538289944712,0.639824591306089,1.0,0.0,-2294.4070315475046,15.043867702487255,528.225,605.722,3.4849256802072106,0.014051663718632578,0.1611597338547961,3.0646163851269144,0.047891700618663435,-5.801400000000058,0.0,-0.0718518223301921,final_approach,-0.5583093835673196,-0.914038190228526,-5.128957466463934,
59.242,63.94393695,-22.60515471,674.162,608.524,-1.0497,-2.7944,354.2168,0.0028,0.0036,-0.0171,70.802,71.494,-5.1922,120.6677,0.1403,0.0,0.0,0.0,-0.03,1682.2,0.0,10.0,270.0,0,59.242,-0.022959558122652324,0.1003198497920144,-0.03,0.08483366349342958,0.6398029736004656,1.0,0.0,-2290.4228512014165,15.047376334453599,527.662,605.024,3.486461619999117,0.014058251557433352,0.16131748975988613,3.0710652186447804,0.0466176138546075,-5.803200000000061,0.0,-0.07115803698073439,final_approach,-0.5592448894859388,-0.9135287745923772,-5.129609019865207,
59.333,63.94396719,-22.60515463,673.686,608.091,-1.0494,-2.7941,354.2152,0.0028,0.0035,-0.0171,70.796,71.487,-5.1933,120.6557,0.1381,0.0,0.0,0.0,-0.03,1682.1,0.0,10.0,270.0,0,59.333,-0.022961384534322338,0.10031087917146503,-0.03,0.08484990763843392,0.6397844105775082,1.0,0.0,-2287.0517932594253,15.050119111926948,527.186,604.591,3.487767195144327,0.014106372900809842,0.16144872908902136,3.0764414884953255,0.04557952666513643,-5.8048,0.0,-0.07068313052194651,final_approach,-0.5600244341074649,-0.9131397802103223,-5.130168476595525,
59.45,63.94400567,-22.60515453,673.08,607.439,-1.0491,-2.7936,354.2132,0.0027,0.0035,-0.017,70.788,71.478,-5.1947,120.6406,0.1352,0.0,0.0,0.0,-0.03,1682.1,0.0,10.0,270.0,0,59.45,-0.02295803138264274,0.10029951885327326,-0.03,0.08487020584179605,0.63976049843193,1.0,0.0,-2282.7621666497866,15.053521123203286,526.58,603.939,3.489431393537917,0.014125963732996558,0.1616150228836073,3.083352324367576,0.04421044115488826,-5.806800000000067,0.0,-0.07047339759960132,final_approach,-0.5610233183140636,-0.9125827860108355,-5.130889106771988,
59.542,63.94403591,-22.60515446,672.604,606.961,-1.0489,-2.7933,354.2117,0.0026,0.0034,-0.017,70.782,71.471,-5.1958,120.6288,0.133,0.0,0.0,0.0,-0.03,1682.0,0.0,10.0,270.0,0,59.542,-0.02295556916106556,0.10029072499868827,-0.03,0.0848854244059769,0.6397414319105327,1.0,0.0,-2279.3911088796076,15.05577396335204,526.104,603.461,3.4907445731600357,0.014150585034958453,0.16174137549422954,3.088776917118318,0.04317177645310721,-5.808299999999917,0.0,-0.06999557884548767,final_approach,-0.5618018824328281,-0.9121914448626711,-5.131463674438056,
59.633,63.94406614,-22.60515438,672.128,606.519,-1.0487,-2.793,354.2101,0.0026,0.0033,-0.0169,70.776,71.464,-5.1969,120.6171,0.1308,0.0,0.0,0.0,-0.03,1681.9,0.0,10.0,270.0,0,59.633,-0.022953415988177683,0.10028200077475363,-0.03,0.08490165273356343,0.63972216277932,1.0,0.0,-2276.0211657050936,15.058517130126724,525.628,603.019,3.492059642521793,0.014200706140408905,0.1618731248716775,3.094138081499715,0.04213285697150582,-5.8098999999999705,0.0,-0.06962635039899494,final_approach,-0.5625803872017805,-0.9117996299949489,-5.132044318898476,
59.733,63.94409637,-22.60515431,671.652,605.985,-1.0484,-2.7926,354.2086,0.0027,0.0033,-0.0168,70.77,71.457,-5.198,120.6054,0.1286,0.0,0.0,0.0,-0.03,1681.9,0.0,10.0,270.0,0,59.733,-0.02295784179978927,0.10027335689526994,-0.03,0.08491686228337458,0.639702668083792,1.0,0.0,-2272.6512227015996,15.060770359402479,525.152,602.485,3.4933780883173506,0.0140313314429371,0.1619997710076386,3.1000242649954797,0.041093735876671644,-5.811400000000049,0.0,-0.06875122763545045,final_approach,-0.563411434786321,-0.9114865658916127,-5.13263173089128,
59.858,63.94413484,-22.60515421,671.045,605.475,-1.0481,-2.7922,354.2066,0.0026,0.0033,-0.0168,70.762,71.448,-5.1994,120.5906,0.1258,0.0,0.0,0.0,-0.03,1681.8,0.0,10.0,270.0,0,59.858,-0.022960143933137445,0.10026236683842195,-0.03,0.08493713489755228,0.6396776559296958,1.0,0.0,-2268.3627108594396,15.064172759806086,524.545,601.975,3.495052484826207,0.01392530488092274,0.16216692907251198,3.107378363358729,0.03977088137946794,-5.8134000000000015,0.0,-0.06831929785040627,final_approach,-0.5644614779991635,-0.9110760973084489,-5.133385350904103,
59.958,63.94417055,-22.60515413,670.482,604.83,-1.0478,-2.7918,354.2048,0.0024,0.0032,-0.0167,70.755,71.44,-5.2007,120.5769,0.1232,0.0,0.0,0.0,-0.03,1681.7,0.0,10.0,270.0,0,59.958,-0.022956127929296244,0.1002523507574563,-0.03,0.08495537361945282,0.6396540632044605,1.0,0.0,-2264.3818751570334,15.066702684678297,523.982,601.33,3.4966146686115334,0.014208060376312837,0.162315566256256,3.1132519921064925,0.03854220484669213,-5.815200000000004,0.0,-0.06847208895491926,final_approach,-0.5653200424215719,-0.9105192291638282,-5.134096158588427,
60.05,63.94420352,-22.60515405,669.962,604.324,-1.0476,-2.7915,354.2031,0.0023,0.0032,-0.0166,70.748,71.432,-5.2019,120.5643,0.1208,0.0,0.0,0.0,-0.03,1681.7,0.0,10.0,270.0,0,60.05,-0.02294966973059509,0.10024312714128268,-0.03,0.08497259331060292,0.6396320159612974,1.0,0.0,-2260.70648571897,15.069339230414851,523.462,600.824,3.498059890067332,0.014458205124823246,0.16245623845586196,3.118650659935305,0.037407772027393094,-5.816900000000032,0.0,-0.06916434964280296,final_approach,-0.5661145136871681,-0.9100077234067481,-5.134760364361981,
60.15,63.94423648,-22.60515398,669.441,603.795,-1.0474,-2.7911,354.2015,0.0023,0.0031,-0.0166,70.742,71.425,-5.2031,120.5518,0.1184,0.0,0.0,0.0,-0.03,1681.6,0.0,10.0,270.0,0,60.15,-0.02294552537629274,0.1002340809402705,-0.03,0.084988794959586,0.6396098196281836,1.0,0.0,-2257.0322112194035,15.07148622795381,522.941,600.295,3.4995010143696685,0.014450378107913789,0.1625917899814825,3.1245143367336694,0.036273055342860516,-5.818499999999972,0.0,-0.06833122694800282,final_approach,-0.566954730749547,-0.9095646181231807,-5.13542902341479,
60.242,63.94426669,-22.60515391,668.964,603.276,-1.0472,-2.7908,354.1999,0.0024,0.003,-0.0166,70.736,71.418,-5.2042,120.5404,0.1162,0.0,0.0,0.0,-0.03,1681.6,0.0,10.0,270.0,0,60.242,-0.022943128140821722,0.10022583172380399,-0.03,0.08500499164427033,0.6395891784299594,1.0,0.0,-2253.664497750866,15.073740235658173,522.464,599.776,3.500829015622593,0.01444778112783476,0.16271928555054688,3.1299026670383365,0.03523266487508181,-5.820099999999911,0.0,-0.06804815098039813,final_approach,-0.5677306918293681,-0.9091667554491281,-5.136050799959847,
60.333,63.94429965,-22.60515384,668.444,602.716,-1.0469,-2.7905,354.1983,0.0027,0.0029,-0.0165,70.73,71.411,-5.2054,120.528,0.1138,0.0,0.0,0.0,-0.03,1681.5,0.0,10.0,270.0,0,60.333,-0.02293931354524492,0.1002170316666479,-0.03,0.08502118336439557,0.6395663471223199,1.0,0.0,-2249.9902232512995,15.07588723319713,521.944,599.216,3.5022846431142654,0.014705802023511324,0.16285519926398556,3.135228452081343,0.03409745263377317,-5.821699999999964,0.0,-0.06785596143073172,final_approach,-0.5685106691135218,-0.9086322641940754,-5.136738510691568,
60.433,63.94432986,-22.60515378,667.967,602.222,-1.0467,-2.7902,354.1968,0.0028,0.0028,-0.0165,70.724,71.404,-5.2065,120.5167,0.1117,0.0,0.0,0.0,-0.03,1681.4,0.0,10.0,270.0,0,60.433,-0.02294195450771458,0.10020896213788015,-0.03,0.08503635859295222,0.6395452146473138,1.0,0.0,-2246.62250995299,15.077651303576348,521.467,598.722,3.503619849673747,0.014480179285395413,0.16297773574570318,3.1410754641489755,0.03310414854553301,-5.823200000000043,0.0,-0.06714178311884715,final_approach,-0.5693318723571643,-0.9083733182421962,-5.13737501404178,
60.55,63.9443683,-22.6051537,667.359,601.612,-1.0464,-2.7898,354.1949,0.0028,0.0027,-0.0164,70.717,71.396,-5.2079,120.5023,0.1089,0.0,0.0,0.0,-0.03,1681.4,0.0,10.0,270.0,0,60.55,-0.022939697719121466,0.10019886024098926,-0.03,0.08505557428457944,0.6395180951830253,1.0,0.0,-2242.337342755304,15.080074996712039,520.859,598.112,3.5053167465099904,0.014484048031623599,0.1631358165632865,3.147912160376699,0.03177916679069881,-5.82510000000002,0.0,-0.06647699009250686,final_approach,-0.570311552443755,-0.9078537698632569,-5.138191792639667,
60.642,63.9443985,-22.60515364,666.882,601.259,-1.0461,-2.7896,354.1934,0.0028,0.0026,-0.0164,70.711,71.389,-5.209,120.4911,0.1068,0.0,0.0,0.0,-0.03,1681.3,0.0,10.0,270.0,0,60.642,-0.022943041614526594,0.10019097822401653,-0.03,0.08507073962148692,0.6394964461522702,1.0,0.0,-2238.9707442252634,15.081839456044746,520.382,597.759,3.5066583306892447,0.014500446148190418,0.16325867858402063,3.1532783615146074,0.030785391198776324,-5.826599999999985,0.0,-0.06636248111176497,final_approach,-0.5710789104697191,-0.9075130960491862,-5.138843772724513,
60.742,63.94443144,-22.60515357,666.361,600.675,-1.0458,-2.7893,354.1917,0.0027,0.0026,-0.0163,70.705,71.382,-5.2102,120.479,0.1044,0.0,0.0,0.0,-0.03,1681.2,0.0,10.0,270.0,0,60.742,-0.02294283986988177,0.1001825304428116,-0.03,0.08508792172733604,0.6394726376888542,1.0,0.0,-2235.298699259861,15.083987232012035,519.861,597.175,3.508120751844649,0.014521073715832826,0.16339528411514742,3.1591069620544063,0.029649132910833487,-5.828299999999899,0.0,-0.06578407373796867,final_approach,-0.5719165426172346,-0.9070637740666498,-5.1395607439631235,
60.833,63.94446438,-22.60515351,665.84,600.045,-1.0456,-2.789,354.1901,0.0027,0.0026,-0.0163,70.698,71.375,-5.2115,120.4669,0.1021,0.0,0.0,0.0,-0.03,1681.2,0.0,10.0,270.0,0,60.833,-0.022937323594079517,0.10017247564185668,-0.03,0.08510408800000802,0.6394485419464245,1.0,0.0,-2231.6266544662717,15.085645070480673,519.34,596.545,3.5095873293918536,0.014786934226938445,0.16352676860412954,3.164405273545817,0.02856020772173906,-5.829899999999952,0.0,-0.06679671039116525,final_approach,-0.5726875804897666,-0.9065854695684212,-5.140286321463488,
60.942,63.94449457,-22.60515345,665.362,599.692,-1.0453,-2.7887,354.1886,0.0026,0.0026,-0.0162,70.693,71.368,-5.2126,120.4558,0.1,0.0,0.0,0.0,-0.03,1681.1,0.0,10.0,270.0,0,60.942,-0.022947056798937437,0.1001649830537793,-0.03,0.08511923937037114,0.6394262592333689,1.0,0.0,-2228.2611707029173,15.087409919114435,518.862,596.192,3.510931789231264,0.014378194179039743,0.16365009859963742,3.170745795132628,0.02756580119043406,-5.831400000000031,0.0,-0.06489442395860341,final_approach,-0.5735655192210736,-0.9064102275943267,-5.14095726434984,
61.033,63.94453024,-22.60515338,664.797,599.049,-1.0451,-2.7884,354.1868,0.0024,0.0026,-0.0161,70.686,71.36,-5.214,120.4428,0.0975,0.0,0.0,0.0,-0.03,1681.0,0.0,10.0,270.0,0,61.033,-0.022937651655566105,0.10015449646266372,-0.03,0.08513741525299856,0.6393996439059834,1.0,0.0,-2224.284794242234,15.089451463171146,518.297,595.549,3.512523230349552,0.014896555805404912,0.16379554390790435,3.176033260716345,0.026381662351440127,-5.8332000000000335,0.0,-0.06598793786445535,final_approach,-0.5743536999399161,-0.9058144520149867,-5.141758613686001,
61.133,63.94455769,-22.60515333,664.363,598.693,-1.0449,-2.7882,354.1855,0.0023,0.0026,-0.0161,70.681,71.355,-5.215,120.4329,0.0955,0.0,0.0,0.0,-0.03,1681.0,0.0,10.0,270.0,0,61.133,-0.022941037400734388,0.10014782282927841,-0.03,0.08515053837004083,0.6393788371090608,1.0,0.0,-2221.22475691345,15.090832995344108,517.863,595.193,3.513756681106427,0.014469547765962357,0.16390556254923874,3.1818370394355475,0.025433978560755577,-5.8344999999999345,0.0,-0.0645344889676954,final_approach,-0.5751535365527545,-0.9055919941659276,-5.142385038157116,
61.233,63.94459061,-22.60515327,663.841,598.034,-1.0446,-2.7879,354.1839,0.0024,0.0025,-0.016,70.675,71.348,-5.2162,120.421,0.0932,0.0,0.0,0.0,-0.03,1680.9,0.0,10.0,270.0,0,61.233,-0.022942652949880737,0.10013982971213059,-0.03,0.08516668539745398,0.6393537877611045,1.0,0.0,-2217.554941654816,15.092491612241353,517.341,594.534,3.515229520678491,0.014512689091742121,0.16403769259933942,3.187634685230696,0.024344139181749824,-5.836099999999988,0.0,-0.06412226269790543,final_approach,-0.5759817750773877,-0.90519837630751,-5.143139147313558,
61.333,63.94462628,-22.60515321,663.276,597.494,-1.0444,-2.7876,354.1822,0.0023,0.0023,-0.0159,70.668,71.34,-5.2175,120.4082,0.0907,0.0,0.0,0.0,-0.03,1680.9,0.0,10.0,270.0,0,61.333,-0.022935822177817533,0.10013124015694708,-0.03,0.08518383617156022,0.6393262416985782,1.0,0.0,-2213.5785653643616,15.09404321897292,516.776,593.994,3.5168342625167512,0.014768477306885219,0.16417839706180073,3.193427075986107,0.02315923848152579,-5.837800000000016,0.0,-0.06465660245263284,final_approach,-0.5768207012666267,-0.9046778039101362,-5.1439683636511475,
61.45,63.94466468,-22.60515315,662.667,596.966,-1.0441,-2.7873,354.1803,0.0023,0.0022,-0.0158,70.661,71.332,-5.219,120.3944,0.0881,0.0,0.0,0.0,-0.03,1680.8,0.0,10.0,270.0,0,61.45,-0.022937830553617422,0.1001206419598455,-0.03,0.0852029980476271,0.6392962845645074,1.0,0.0,-2209.2978575778343,15.095488594141754,516.167,593.466,3.5185622392010614,0.014768569670709282,0.16432765882278322,3.200199046472027,0.021926844389099642,-5.8396999999999935,0.0,-0.06421773494140261,final_approach,-0.5777814483357773,-0.9042690674292722,-5.144870093355944,
61.533,63.94469211,-22.6051531,662.232,596.45,-1.0439,-2.7871,354.179,0.0023,0.0021,-0.0158,70.656,71.326,-5.22,120.3847,0.0862,0.0,0.0,0.0,-0.03,1680.7,0.0,10.0,270.0,0,61.533,-0.022937348938122326,0.10011427683499342,-0.03,0.08521610476869257,0.6392746327579568,1.0,0.0,-2206.240049784798,15.096870904569538,515.732,592.95,3.5198002674195346,0.01479314183095896,0.16443823923993361,3.204993536300369,0.0210259389270675,-5.841000000000008,0.0,-0.06385621029721765,final_approach,-0.578468100010884,-0.903946687442259,-5.14552178380012,
61.65,63.94472777,-22.60515305,661.667,595.938,-1.0437,-2.7868,354.1773,0.0022,0.0021,-0.0157,70.65,71.318,-5.2214,120.372,0.0837,0.0,0.0,0.0,-0.03,1680.6,0.0,10.0,270.0,0,61.65,-0.022936427338736243,0.10010470104561407,-0.03,0.0852332393784706,0.6392461081194369,1.0,0.0,-2202.264788432842,15.09793296327757,515.167,592.438,3.5214176974066786,0.014631649513183933,0.16457417842716,3.211749240384775,0.019840294855441698,-5.8426999999999225,0.0,-0.0627131049322028,final_approach,-0.5794094753783483,-0.9035791441954633,-5.146380281775976,
61.742,63.94476068,-22.60515299,661.144,595.422,-1.0435,-2.7866,354.1757,0.0022,0.0021,-0.0157,70.644,71.312,-5.2226,120.3604,0.0814,0.0,0.0,0.0,-0.03,1680.6,0.0,10.0,270.0,0,61.742,-0.022930926785160843,0.10009723455003741,-0.03,0.08524936094658542,0.6392196561166998,1.0,0.0,-2198.5960879408926,15.099591969127752,514.644,591.922,3.5229041406434267,0.014885873211617209,0.1647072218367861,3.217052940456579,0.018749254250593594,-5.844299999999976,0.0,-0.06294076732967084,final_approach,-0.5801831547683562,-0.9031016195868506,-5.147176343819655,
61.842,63.9447881,-22.60515295,660.709,594.985,-1.0433,-2.7864,354.1744,0.0023,0.002,-0.0156,70.639,71.306,-5.2237,120.3508,0.0795,0.0,0.0,0.0,-0.03,1680.5,0.0,10.0,270.0,0,61.842,-0.022936354620656962,0.10008959224757177,-0.03,0.08526245606228466,0.6391972914075085,1.0,0.0,-2195.539395086355,15.100484731357941,514.209,591.485,3.524151040200516,0.014483060271496548,0.16481287066708086,3.2228107177217655,0.017847806651559495,-5.84559999999999,0.0,-0.06176433393607312,final_approach,-0.5809720347028886,-0.9029322417629437,-5.147849358132735,
61.95,63.94482923,-22.60515289,660.056,594.306,-1.043,-2.7861,354.1725,0.0023,0.0018,-0.0156,70.632,71.297,-5.2252,120.3364,0.0767,0.0,0.0,0.0,-0.03,1680.4,0.0,10.0,270.0,0,61.95,-0.02292982152840367,0.1000806874796349,-0.03,0.08528158917722861,0.6391634039370563,1.0,0.0,-2190.954355802963,15.101823874789705,513.556,590.806,3.5260235852554795,0.014958946916005474,0.16497157480190316,3.229025529216573,0.016519172033980567,-5.847499999999968,0.0,-0.062041650379587115,final_approach,-0.5818823098243442,-0.9023027446517009,-5.148869049476996,
62.05,63.94486213,-22.60515285,659.533,593.646,-1.0428,-2.7859,354.1709,0.0023,0.0017,-0.0156,70.626,71.291,-5.2265,120.325,0.0745,0.0,0.0,0.0,-0.03,1680.3,0.0,10.0,270.0,0,62.05,-0.022929168347009365,0.1000720246140405,-0.03,0.0852976958392534,0.639136031089767,1.0,0.0,-2187.286770421325,15.102503395291759,513.033,590.146,3.527521755930119,0.01496274022107059,0.16509444106555476,3.234771554892406,0.015475046983340235,-5.849099999999908,0.0,-0.06185604579962517,final_approach,-0.5826925149087074,-0.9019507687766275,-5.149692647507859,
62.15,63.94489503,-22.6051528,659.011,593.135,-1.0425,-2.7857,354.1694,0.0024,0.0017,-0.0155,70.62,71.284,-5.2278,120.3136,0.0722,0.0,0.0,0.0,-0.03,1680.3,0.0,10.0,270.0,0,62.15,-0.022929652997206618,0.10006354161960761,-0.03,0.08531279132186531,0.6391082192722685,1.0,0.0,-2183.619184867874,15.103672853118406,512.511,589.635,3.529031128820745,0.014984571668601981,0.1652228389213137,3.240511266934896,0.014383102028943995,-5.850599999999986,0.0,-0.06168731436329574,final_approach,-0.5835092841099296,-0.9015367148245126,-5.1505293938972905,
62.25,63.94492518,-22.60515276,658.531,592.666,-1.0423,-2.7855,354.1679,0.0024,0.0017,-0.0155,70.615,71.278,-5.229,120.3032,0.0702,0.0,0.0,0.0,-0.03,1680.2,0.0,10.0,270.0,0,62.25,-0.02293345357654486,0.10005575322283933,-0.03,0.08532788243681089,0.6390826632373805,1.0,0.0,-2180.2581605164714,15.104459383611522,512.031,589.166,3.5304069515734366,0.014780180978321048,0.16533754083084462,3.2462433167948643,0.013433551770020813,-5.852100000000064,0.0,-0.06062483123936849,final_approach,-0.5843071645665745,-0.9013084984151281,-5.1512982200065345,
62.358,63.94496081,-22.60515271,657.965,592.073,-1.0421,-2.7853,354.1663,0.0024,0.0016,-0.0154,70.609,71.27,-5.2304,120.2909,0.0678,0.0,0.0,0.0,-0.03,1680.1,0.0,10.0,270.0,0,62.358,-0.022931212844265414,0.10004702165120709,-0.03,0.08534397481171341,0.6390519600215897,1.0,0.0,-2176.2862434669487,15.105522609701374,511.46500000000003,588.573,3.532046123775509,0.014846404213527715,0.1654747457893607,3.2524281133996538,0.01229382637941967,-5.8537000000000035,0.0,-0.060163987995385824,final_approach,-0.5851857528178748,-0.9009155664734063,-5.152221826727093,
62.45,63.9449937,-22.60515267,657.442,591.602,-1.0418,-2.7851,354.1647,0.0024,0.0015,-0.0153,70.603,71.264,-5.2316,120.2797,0.0655,0.0,0.0,0.0,-0.03,1680.0,0.0,10.0,270.0,0,62.45,-0.022928465194380743,0.10004039195352456,-0.03,0.08536006221669845,0.6390233532426662,1.0,0.0,-2172.619772851996,15.106202519330427,510.942,588.102,3.5335601885157626,0.015114874417529074,0.16559827888925302,3.257689042176373,0.011201218386275968,-5.855299999999943,0.0,-0.0606233882962004,final_approach,-0.5859420766527599,-0.9004095595400958,-5.153082303303378,
62.542,63.94502384,-22.60515263,656.962,591.038,-1.0416,-2.7849,354.1633,0.0024,0.0014,-0.0153,70.598,71.258,-5.2328,120.2694,0.0635,0.0,0.0,0.0,-0.03,1680.0,0.0,10.0,270.0,0,62.542,-0.022928808174472293,0.1000329383515326,-0.03,0.08537413461898058,0.6389969523139568,1.0,0.0,-2169.259863268071,15.10698943895082,510.462,587.538,3.534946489441785,0.015107143402329394,0.16571343282653717,3.262944431600407,0.010251100121934087,-5.856700000000046,0.0,-0.060052882640810164,final_approach,-0.5866867478198436,-0.9001004223132689,-5.153876372926746,
62.65,63.94505946,-22.60515259,656.395,590.483,-1.0413,-2.7847,354.1617,0.0024,0.0015,-0.0153,70.591,71.251,-5.2343,120.2574,0.0611,0.0,0.0,0.0,-0.03,1679.9,0.0,10.0,270.0,0,62.65,-0.022929883617984037,0.10002275861133933,-0.03,0.08539021270470004,0.6389653661324963,1.0,0.0,-2165.2890611562534,15.1075631168428,509.895,586.983,3.536591502449654,0.01512788648939324,0.16584580346433986,3.269109178420794,0.009110656200931544,-5.858299999999986,0.0,-0.06048578556572405,final_approach,-0.5875567053558655,-0.8996934191408297,-5.1548263303392226,
62.733,63.94508686,-22.60515256,655.959,590.015,-1.0412,-2.7846,354.1604,0.0023,0.0015,-0.0152,70.587,71.245,-5.2353,120.2481,0.0593,0.0,0.0,0.0,-0.03,1679.8,0.0,10.0,270.0,0,62.733,-0.022927045427084736,0.10001775708116163,-0.03,0.08540327248934332,0.6389407888285837,1.0,0.0,-2162.2345980068994,15.10796672000239,509.45899999999995,586.515,3.5378614981565626,0.015156764257041938,0.16594735020593496,3.2738382730942557,0.008255244363084557,-5.8596,0.0,-0.05936823879467877,final_approach,-0.5882240682753768,-0.8994104596457024,-5.155565441751339,
62.842,63.94512248,-22.60515252,655.392,589.486,-1.0409,-2.7844,354.1587,0.0023,0.0014,-0.0151,70.581,71.238,-5.2368,120.2362,0.0569,0.0,0.0,0.0,-0.03,1679.7,0.0,10.0,270.0,0,62.842,-0.022928728091025252,0.10000808233738963,-0.03,0.08542034571782608,0.6389085248514158,1.0,0.0,-2158.2637958958744,15.108540397894648,508.89200000000005,585.986,3.5395157251629055,0.01516003597313564,0.1660800774569217,3.2800460558114843,0.007114376626361718,-5.861300000000028,0.0,-0.05897529631876563,final_approach,-0.589099347978653,-0.8990108251475792,-5.156535643067958,
62.942,63.94515535,-22.60515249,654.868,588.902,-1.0407,-2.7842,354.1572,0.0023,0.0013,-0.0151,70.575,71.231,-5.2381,120.2252,0.0547,0.0,0.0,0.0,-0.03,1679.7,0.0,10.0,270.0,0,62.942,-0.02292693450993072,0.10000043801483835,-0.03,0.08543540567080166,0.6388785141973694,1.0,0.0,-2154.599554986897,15.108731148627438,508.36800000000005,585.402,3.54104150717225,0.015176333326520314,0.16619901213696994,3.2857324701724764,0.0060684026569219895,-5.862799999999993,0.0,-0.05906845119887797,final_approach,-0.5898976333108337,-0.8986381231474709,-5.157438013149093,
63.042,63.94518822,-22.60515245,654.344,588.415,-1.0405,-2.7841,354.1557,0.0022,0.0013,-0.015,70.57,71.225,-5.2394,120.2142,0.0525,0.0,0.0,0.0,-0.03,1679.6,0.0,10.0,270.0,0,63.042,-0.022925511003874577,0.09999317243312084,-0.03,0.08545046125444844,0.6388481727427378,1.0,0.0,-2150.9353139069,15.109411836511036,507.84400000000005,584.915,3.542571756469006,0.01519735993336012,0.16632350744828303,3.291412379350063,0.005022237249846739,-5.864299999999957,0.0,-0.05824404654444324,final_approach,-0.5907024992369614,-0.8982750341047065,-5.158350259168291,
63.142,63.94521835,-22.60515243,653.864,588.013,-1.0403,-2.7839,354.1544,0.0022,0.0013,-0.0149,70.565,71.219,-5.2406,120.2042,0.0505,0.0,0.0,0.0,-0.03,1679.5,0.0,10.0,270.0,0,63.142,-0.022927430829006556,0.09998641948563508,-0.03,0.08546350589248508,0.6388200229125193,1.0,0.0,-2147.5765194324936,15.109219270608964,507.36400000000003,584.513,3.543980616451905,0.015012566582632052,0.1664287851874319,3.297083883270973,0.004071011621732623,-5.865599999999972,0.0,-0.057494587767671475,final_approach,-0.5914811275410479,-0.8980153222597558,-5.159196548289408,
63.233,63.94525121,-22.60515239,653.34,587.358,-1.04,-2.7838,354.1529,0.0022,0.0012,-0.0148,70.559,71.213,-5.2419,120.1934,0.0484,0.0,0.0,0.0,-0.03,1679.4,0.0,10.0,270.0,0,63.233,-0.02292919670413457,0.09997914800785627,-0.03,0.08547855331951093,0.6387890714067304,1.0,0.0,-2143.9133931191823,15.10990034761956,506.84000000000003,583.858,3.545517904570716,0.015326018157341787,0.16655357925167846,3.3022391045369535,0.003072111934102395,-5.867099999999937,0.0,-0.05826181305552614,final_approach,-0.592227165015025,-0.8976348328224226,-5.160126995696803,
63.342,63.94528681,-22.60515236,652.772,586.82,-1.0398,-2.7836,354.1513,0.0022,0.0011,-0.0148,70.553,71.206,-5.2433,120.1817,0.046,0.0,0.0,0.0,-0.03,1679.4,0.0,10.0,270.0,0,63.342,-0.02292602485389411,0.09997166074386837,-0.03,0.08549459909172541,0.638755201084805,1.0,0.0,-2139.9448207141327,15.109984866441495,506.27200000000005,583.32,3.5471863340439818,0.015322797200331941,0.1666817705907344,3.3084092821181925,0.001930175133963985,-5.86869999999999,0.0,-0.057969454737717786,final_approach,-0.5930922209039018,-0.8972182005645859,-5.1611451023276835,
63.45,63.94532241,-22.60515233,652.204,586.251,-1.0396,-2.7835,354.1497,0.0022,0.001,-0.0147,70.547,71.199,-5.2448,120.17,0.0437,0.0,0.0,0.0,-0.03,1679.3,0.0,10.0,270.0,0,63.45,-0.02292519952654143,0.09996277870994531,-0.03,0.08551063989171226,0.6387209312792999,1.0,0.0,-2135.9762483082914,15.110069385437214,505.70399999999995,582.751,3.54886008569596,0.015351947747156536,0.1668101579758956,3.314514505763964,0.0008356948851826473,-5.870300000000043,0.0,-0.05775000935752122,final_approach,-0.5939502015406433,-0.8968623304822767,-5.162175127028231,
63.55,63.94535526,-22.60515231,651.679,585.662,-1.0394,-2.7833,354.1482,0.0022,0.001,-0.0147,70.542,71.192,-5.2461,120.1594,0.0416,0.0,0.0,0.0,-0.03,1679.2,0.0,10.0,270.0,0,63.55,-0.022925480221386685,0.09995612020360009,-0.03,0.08552567362569019,0.6386890785911296,1.0,0.0,-2132.3142371052904,15.10977097692562,505.179,582.162,3.550403144332556,0.015365054183623715,0.16692464386731753,3.3201585884648157,-0.0001638129641321484,-5.8718000000000075,0.0,-0.057045463052288144,final_approach,-0.5947378431034807,-0.896543526364983,-5.163132420912049,
63.658,63.94538811,-22.60515228,651.154,585.178,-1.0391,-2.7832,354.1467,0.0022,0.0009,-0.0146,70.536,71.186,-5.2474,120.1487,0.0394,0.0,0.0,0.0,-0.03,1679.1,0.0,10.0,270.0,0,63.658,-0.02293018323866297,0.09994933468495378,-0.03,0.08554070298913208,0.6386568822882308,1.0,0.0,-2128.6522257304764,15.10996250591268,504.654,581.678,3.5519507586623904,0.015192505538566776,0.16704470791255935,3.326246846000899,-0.0012111688940876775,-5.873299999999972,0.0,-0.056910016916221544,final_approach,-0.5955829524921086,-0.8962391968224974,-5.1640999623172625,
63.75,63.94542096,-22.60515226,650.63,584.734,-1.0389,-2.7831,354.1453,0.0022,0.0008,-0.0146,70.531,71.18,-5.2488,120.1381,0.0373,0.0,0.0,0.0,-0.03,1679.0,0.0,10.0,270.0,0,63.75,-0.022927082864307613,0.09994147202389651,-0.03,0.08555472645164075,0.6386241915899626,1.0,0.0,-2124.9902145274755,15.10966409740109,504.13,581.234,3.553509979130442,0.015485096043102208,0.16715952155272887,3.3314250316560137,-0.0022110345746568782,-5.874699999999962,0.0,-0.05667709047719303,final_approach,-0.5963184396483427,-0.8958413734949353,-5.165082279313616,
63.833,63.94545107,-22.60515224,650.148,584.22,-1.0387,-2.783,354.144,0.0022,0.0007,-0.0145,70.526,71.174,-5.25,120.1284,0.0353,0.0,0.0,0.0,-0.03,1678.9,0.0,10.0,270.0,0,63.833,-0.02292239939160523,0.0999354555022492,-0.03,0.0855677448289407,0.6385941731603315,1.0,0.0,-2121.6336495880246,15.109472309927625,503.648,580.72,3.554931186111115,0.015758075981044502,0.16726580613941028,3.336091150978003,-0.0031635070591278236,-5.875999999999976,0.0,-0.05700107896613359,final_approach,-0.5969849104444904,-0.8954110114918965,-5.165984225360678,
63.942,63.94548665,-22.60515221,649.58,583.667,-1.0385,-2.7829,354.1424,0.0024,0.0006,-0.0145,70.52,71.167,-5.2515,120.117,0.0331,0.0,0.0,0.0,-0.03,1678.8,0.0,10.0,270.0,0,63.942,-0.022924473672935708,0.09992730772231104,-0.03,0.08558376294005932,0.6385580870128507,1.0,0.0,-2117.667306717138,15.109557607003829,503.08000000000004,580.167,3.5566265850321295,0.015724083074440204,0.1673950327205276,3.3422160783626538,-0.004211308525185586,-5.8776000000000295,0.0,-0.05682333283827001,final_approach,-0.5978462082977174,-0.8951303688586272,-5.167068392809668,
64.033,63.94551402,-22.6051522,649.142,583.12,-1.0383,-2.7828,354.1412,0.0025,0.0006,-0.0144,70.516,71.162,-5.2526,120.1083,0.0313,0.0,0.0,0.0,-0.03,1678.8,0.0,10.0,270.0,0,64.033,-0.02292679465579278,0.09992209369185119,-0.03,0.08559577325950218,0.6385302048437222,1.0,0.0,-2114.616188212258,15.108982503069566,502.64200000000005,579.62,3.5579269677804137,0.015485055947169476,0.1674874730196313,3.34731938296974,-0.0050688265660028264,-5.878799999999956,0.0,-0.05565357930351283,final_approach,-0.5985438003264605,-0.8948897186221938,-5.167906012453823,
64.142,63.94555233,-22.60515218,648.529,582.481,-1.038,-2.7827,354.1395,0.0024,0.0006,-0.0143,70.51,71.155,-5.2542,120.0961,0.0288,0.0,0.0,0.0,-0.03,1678.7,0.0,10.0,270.0,0,64.142,-0.022924885902627756,0.09991392047783336,-0.03,0.08561278308950859,0.6384907520430836,1.0,0.0,-2110.3455140163205,15.108471631084107,502.029,578.981,3.5597530445452694,0.015696379596426824,0.16762030878542986,3.353428069535895,-0.006260016617147812,-5.880499999999984,0.0,-0.05559833314497874,final_approach,-0.5994080098242804,-0.8943976901718411,-5.169091128094951,
64.233,63.94557969,-22.60515216,648.091,582.14,-1.0378,-2.7826,354.1383,0.0025,0.0006,-0.0143,70.506,71.15,-5.2553,120.0875,0.0271,0.0,0.0,0.0,-0.03,1678.6,0.0,10.0,270.0,0,64.233,-0.02293030944902269,0.09990893959705631,-0.03,0.08562478664758066,0.6384623098981086,1.0,0.0,-2107.2955101071047,15.108386853601706,501.591,578.64,3.56105956549536,0.015473211843342011,0.16771842026269748,3.358518380635542,-0.007070131375485289,-5.88169999999991,0.0,-0.05453994321871646,final_approach,-0.6001115939375339,-0.8942373863662763,-5.169945422445252,
64.35,63.94561799,-22.60515214,647.478,581.402,-1.0375,-2.7825,354.1366,0.0024,0.0005,-0.0143,70.499,71.143,-5.2569,120.0754,0.0247,0.0,0.0,0.0,-0.03,1678.5,0.0,10.0,270.0,0,64.35,-0.022934007314165006,0.09990080619132209,-0.03,0.08564178689856039,0.6384220529687039,1.0,0.0,-2103.025950678645,15.107876370743524,500.97799999999995,577.902,3.5628949205574743,0.015508809103232785,0.1678516038865879,3.3650587966057937,-0.00821402440456609,-5.883399999999938,0.0,-0.05502077200147929,final_approach,-0.6010249813372077,-0.8938905284769749,-5.171154482014888,
64.45,63.94565082,-22.60515213,646.952,580.888,-1.0373,-2.7825,354.1352,0.0023,0.0004,-0.0143,70.494,71.137,-5.2583,120.0651,0.0226,0.0,0.0,0.0,-0.03,1678.4,0.0,10.0,270.0,0,64.45,-0.022933122451950227,0.0998938038801847,-0.03,0.08565578288864573,0.6383872376729897,1.0,0.0,-2099.3661691816196,15.107088803335667,500.452,577.388,3.5644693416958266,0.015548042816614394,0.16796205068121087,3.3706381390185625,-0.009215145769218225,-5.884800000000041,0.0,-0.05456433818315847,final_approach,-0.6017999838008343,-0.8935502707917351,-5.172200009567856,
64.542,63.94568091,-22.60515212,646.47,580.443,-1.0371,-2.7824,354.1339,0.0022,0.0004,-0.0142,70.49,71.131,-5.2596,120.0557,0.0207,0.0,0.0,0.0,-0.03,1678.3,0.0,10.0,270.0,0,64.542,-0.022933808427342384,0.09988743950900765,-0.03,0.0856687757547987,0.638354991123151,1.0,0.0,-2096.0118339473524,15.106407856791607,499.97,576.943,3.5659172062637507,0.015579645405012244,0.16806387234361836,3.3757633916478516,-0.01012106360491316,-5.886099999999942,0.0,-0.053556512972836694,final_approach,-0.602512387662042,-0.8932590754911143,-5.173168312950487,
64.633,63.94571374,-22.6051521,645.944,579.875,-1.0369,-2.7823,354.1325,0.0022,0.0003,-0.0141,70.484,71.125,-5.2609,120.0455,0.0186,0.0,0.0,0.0,-0.03,1678.2,0.0,10.0,270.0,0,64.633,-0.022929963596125313,0.0998819903329822,-0.03,0.08568276439935851,0.6383194722779365,1.0,0.0,-2092.3520522785147,15.106110226534284,499.44399999999996,576.375,3.5675006698466953,0.015883154289789862,0.16818007518605643,3.3808279628684503,-0.01112252029093952,-5.8875000000000455,0.0,-0.0546817450602218,final_approach,-0.6032368638297569,-0.8928422806644445,-5.174234784943714,
64.733,63.94574382,-22.60515209,645.462,579.43,-1.0367,-2.7823,354.1312,0.0022,0.0002,-0.0141,70.48,71.12,-5.2622,120.0362,0.0168,0.0,0.0,0.0,-0.03,1678.2,0.0,10.0,270.0,0,64.733,-0.022936269018746902,0.09987588362859137,-0.03,0.0856957504443916,0.6382866124324251,1.0,0.0,-2088.998831812518,15.105429669117772,498.962,575.93,3.568955232249939,0.015660232580231043,0.16828214577045822,3.3863867509026018,-0.011981009982520163,-5.8887999999999465,0.0,-0.05334704096382921,final_approach,-0.6039985198184858,-0.8926965669319422,-5.175221332967098,
64.842,63.94577664,-22.60515208,644.935,578.857,-1.0365,-2.7822,354.1298,0.002,0.0001,-0.014,70.475,71.114,-5.2636,120.0261,0.0147,0.0,0.0,0.0,-0.03,1678.1,0.0,10.0,270.0,0,64.842,-0.0229384794384469,0.09986938208480227,-0.03,0.0857097317428347,0.6382505796327018,1.0,0.0,-2085.340165082178,15.104642490836914,498.43499999999995,575.357,3.570539037157176,0.01547191385850607,0.16839316841568677,3.3924377343982988,-0.012982793287193317,-5.89020000000005,0.0,-0.05266745175194641,final_approach,-0.6048275007779331,-0.892436536494218,-5.176303047205824,
64.933,63.94580945,-22.60515207,644.409,578.396,-1.0363,-2.7822,354.1284,0.0019,-0.0,-0.0139,70.47,71.108,-5.265,120.016,0.0127,0.0,0.0,0.0,-0.03,1678.0,0.0,10.0,270.0,0,64.933,-0.02293685273856233,0.09986309683046012,-0.03,0.08572370923194605,0.6382140460842601,1.0,0.0,-2081.6826131193156,15.103855701683331,497.909,574.896,3.5721331256489015,0.015812837540925814,0.16850431701037638,3.3974812327852355,-0.013937005090156163,-5.891599999999926,0.0,-0.05287450658767856,final_approach,-0.6055429430471051,-0.8920772388260065,-5.177399692550093,
65.033,63.94584227,-22.60515207,643.882,577.757,-1.0361,-2.7822,354.127,0.0018,0.0,-0.0139,70.465,71.102,-5.2664,120.0059,0.0107,0.0,0.0,0.0,-0.03,1677.9,0.0,10.0,270.0,0,65.033,-0.02293804393028498,0.0998569108705044,-0.03,0.08573768291157213,0.638177261638026,1.0,0.0,-2078.0239465599966,15.102578586077605,497.38199999999995,574.257,3.57372648268606,0.015832959679369468,0.16861018651846021,3.403017313994464,-0.014891377514231863,-5.893000000000029,0.0,-0.05261318780697664,final_approach,-0.6063070291284518,-0.8917908974693898,-5.178503766004372,
65.15,63.94588055,-22.60515206,643.268,577.154,-1.0359,-2.7821,354.1254,0.0018,-0.0001,-0.0138,70.459,71.095,-5.268,119.9943,0.0083,0.0,0.0,0.0,-0.03,1677.8,0.0,10.0,270.0,0,65.15,-0.022936682500881378,0.09985041067348076,-0.03,0.08575364816626252,0.6381337645786388,1.0,0.0,-2073.7566168375124,15.1015789441491,496.76800000000003,573.654,3.5755958156026377,0.01585700046867323,0.16873933389887963,3.409488048536055,-0.016036853673881524,-5.8945999999999685,0.0,-0.05249217539561979,final_approach,-0.6072072233079346,-0.8914217982821651,-5.179809182837122,
65.242,63.94591062,-22.60515206,642.785,576.649,-1.0357,-2.7821,354.1241,0.0018,-0.0002,-0.0138,70.454,71.089,-5.2693,119.9851,0.0064,0.0,0.0,0.0,-0.03,1677.7,0.0,10.0,270.0,0,65.242,-0.02293663542655766,0.0998446380889702,-0.03,0.08576661627166915,0.6380993451137712,1.0,0.0,-2070.404511309221,15.100408838534715,496.28499999999997,573.149,3.5770639149316295,0.015873767290908385,0.16883663052095219,3.4145652551951384,-0.016943845623018206,-5.895899999999983,0.0,-0.052660870913023655,final_approach,-0.6079082384244572,-0.8911118445699273,-5.180842063902205,
65.333,63.94594069,-22.60515205,642.302,576.146,-1.0356,-2.7821,354.1228,0.0018,-0.0002,-0.0138,70.45,71.084,-5.2706,119.9761,0.0046,0.0,0.0,0.0,-0.03,1677.6,0.0,10.0,270.0,0,65.333,-0.022935518987258263,0.099839324337606,-0.03,0.08577958109194816,0.6380646016253544,1.0,0.0,-2067.0524056099093,15.0997286702452,495.802,572.646,3.5785360829169623,0.015924417770506058,0.16893953603268408,3.4195812383666873,-0.017803224261911055,-5.897199999999998,0.0,-0.051869523007834636,final_approach,-0.6086097223608284,-0.8908742443440083,-5.181884576646716,
65.442,63.94597896,-22.60515205,641.687,575.555,-1.0354,-2.7821,354.1212,0.0018,-0.0003,-0.0137,70.444,71.077,-5.2723,119.9645,0.0022,0.0,0.0,0.0,-0.03,1677.5,0.0,10.0,270.0,0,65.442,-0.022930673582280126,0.0998317332612843,-0.03,0.0857955332838829,0.6380199606964698,1.0,0.0,-2062.786190825923,15.09823948029316,495.187,572.055,3.580413544883993,0.01614108509473494,0.16906371644276708,3.4255847049595496,-0.018949266533724085,-5.898799999999937,0.0,-0.05215828196708947,final_approach,-0.6094506404738169,-0.8904150918662843,-5.183223936532517,
65.533,63.94600629,-22.60515205,641.248,575.17,-1.0352,-2.7821,354.1201,0.002,-0.0003,-0.0136,70.44,71.072,-5.2735,119.9563,0.0006,0.0,0.0,0.0,-0.03,1677.4,0.0,10.0,270.0,0,65.533,-0.022937139294574138,0.09982677797935655,-0.03,0.08580649752897185,0.6379877214827413,1.0,0.0,-2059.7395315611816,15.097175995542845,494.74800000000005,571.67,3.5817597739529385,0.015916525251006803,0.16915252501155312,3.4305866444638906,-0.01971341673836946,-5.899900000000002,0.0,-0.05141262396608986,final_approach,-0.6101319879867901,-0.8902904896782005,-5.184191113666397,
65.642,63.94604455,-22.60515205,640.632,574.555,-1.035,-2.7821,354.1185,0.002,-0.0004,-0.0135,70.434,71.065,-5.2752,119.9449,-0.0018,0.0,0.0,0.0,-0.03,1677.3,0.0,10.0,270.0,0,65.642,-0.022932184073704176,0.09981947162063941,-0.03,0.08582244132257133,0.6379423788977161,1.0,0.0,-2055.474431543881,15.0956871947178,494.13199999999995,571.055,3.583639760203802,0.016138367756364198,0.16927702841976172,3.4365733757534254,-0.020859831498597714,-5.901499999999942,0.0,-0.051742919201866945,final_approach,-0.6109714381867946,-0.8898285658846792,-5.185551258009873,
65.733,63.94607188,-22.60515205,640.193,573.986,-1.0348,-2.7821,354.1174,0.0022,-0.0005,-0.0135,70.43,71.061,-5.2764,119.9368,-0.0034,0.0,0.0,0.0,-0.03,1677.2,0.0,10.0,270.0,0,65.733,-0.022938561083921227,0.09981479572526998,-0.03,0.08583339979357707,0.6379094804052658,1.0,0.0,-2052.427772279932,15.09462370996776,493.693,570.486,3.5849941704046926,0.01592924456050596,0.16936609141800887,3.441561417499346,-0.021624235849969864,-5.902600000000007,0.0,-0.051035021452237,final_approach,-0.6116515486040832,-0.889701719146947,-5.186538017967557,
65.842,63.94611013,-22.60515206,639.577,573.433,-1.0346,-2.7821,354.1158,0.0021,-0.0004,-0.0135,70.424,71.054,-5.2781,119.9254,-0.0057,0.0,0.0,0.0,-0.03,1677.1,0.0,10.0,270.0,0,65.842,-0.022935850690272708,0.09980786029260885,-0.03,0.08584933518818005,0.6378632524263524,1.0,0.0,-2048.1637872011293,15.092645360945118,493.077,569.933,3.5868839667740287,0.01616396736209771,0.16948541730453373,3.4475309881686256,-0.02272324247388724,-5.904199999999946,0.0,-0.05139964418927344,final_approach,-0.6124822456914281,-0.8892979623143926,-5.187924444158352,
65.933,63.94614019,-22.60515206,639.093,572.863,-1.0344,-2.7821,354.1146,0.0021,-0.0005,-0.0135,70.42,71.049,-5.2795,119.9166,-0.0075,0.0,0.0,0.0,-0.03,1677.0,0.0,10.0,270.0,0,65.933,-0.022937590051186285,0.09980182501065314,-0.03,0.08586128346766497,0.6378265215423456,1.0,0.0,-2044.8127964403159,15.091475644458008,492.59299999999996,569.363,3.588374594979439,0.01620006109004519,0.16958366007993025,3.4525055905717883,-0.023583476731232622,-5.905399999999986,0.0,-0.05072295325898438,final_approach,-0.6131729141166531,-0.8890427961357066,-5.1890259262941285,
66.05,63.94617571,-22.60515207,638.521,572.364,-1.0341,-2.7822,354.1131,0.0021,-0.0006,-0.0134,70.415,71.042,-5.2811,119.9061,-0.0097,0.0,0.0,0.0,-0.03,1676.9,0.0,10.0,270.0,0,66.05,-0.022943275727600465,0.09979562913366034,-0.03,0.08587621487959629,0.6377826967846452,1.0,0.0,-2040.8531428583779,15.089603527346501,492.02099999999996,568.864,3.5901407175653604,0.0160158950478603,0.1696944042244182,3.4588950640628147,-0.02463503574935544,-5.9068999999999505,0.0,-0.04999677957498647,final_approach,-0.6140397036214864,-0.8887647506304219,-5.1903400043904355,
66.142,63.94620576,-22.60515207,638.037,571.792,-1.034,-2.7822,354.1119,0.0021,-0.0007,-0.0134,70.41,71.037,-5.2824,119.8973,-0.0115,0.0,0.0,0.0,-0.03,1676.8,0.0,10.0,270.0,0,66.142,-0.022941407735281694,0.09979110900849436,-0.03,0.08588815685908435,0.6377452634201023,1.0,0.0,-2037.503266865042,15.088434199986663,491.53700000000003,568.292,3.5916387997908927,0.016060496281790113,0.16979289280881585,3.4639087320047666,-0.02549554879368543,-5.90809999999999,0.0,-0.050392329257902456,final_approach,-0.6147351005934851,-0.888516279633194,-5.191462321858495,
66.233,63.94623854,-22.60515208,637.508,571.277,-1.0337,-2.7822,354.1106,0.0021,-0.0008,-0.0134,70.406,71.032,-5.2839,119.8878,-0.0134,0.0,0.0,0.0,-0.03,1676.7,0.0,10.0,270.0,0,66.233,-0.022944677781470857,0.09978548600994219,-0.03,0.08590109084362774,0.637704225707721,1.0,0.0,-2033.849059545862,15.086668703564886,491.00800000000004,567.777,3.5932702647510064,0.016371777963970765,0.1698949595535022,3.468861983503721,-0.026404016441034628,-5.909400000000005,0.0,-0.049807212412269285,final_approach,-0.6154283855902527,-0.8881924664959389,-5.192692581459703,
66.333,63.94626858,-22.60515209,637.024,570.806,-1.0336,-2.7823,354.1093,0.0021,-0.0009,-0.0133,70.401,71.026,-5.2852,119.879,-0.0152,0.0,0.0,0.0,-0.03,1676.6,0.0,10.0,270.0,0,66.333,-0.022945481183032634,0.09978125166381743,-0.03,0.0859140215417522,0.6376661127188455,1.0,0.0,-2030.500298491024,15.085009828007454,490.524,567.306,3.594775470955448,0.01615182531071143,0.16998816213516016,3.474297926438891,-0.027264790696705177,-5.910699999999906,0.0,-0.04982473855661748,final_approach,-0.6161644796677734,-0.8880048437913075,-5.19383504679546,
66.442,63.94630409,-22.6051521,636.451,570.223,-1.0333,-2.7823,354.1079,0.002,-0.0009,-0.0133,70.396,71.02,-5.2868,119.8687,-0.0173,0.0,0.0,0.0,-0.03,1676.5,0.0,10.0,270.0,0,66.442,-0.022950529941262565,0.09977569560340688,-0.03,0.08592794323348163,0.6376207713683646,1.0,0.0,-2026.541759676564,15.083138099849156,489.951,566.723,3.59655387066302,0.016179120033501568,0.17009950057753698,3.4802154895357806,-0.02826918936048628,-5.9121000000000095,0.0,-0.049465358654469355,final_approach,-0.6169787858901223,-0.8877187861612974,-5.195194043890403,
66.533,63.94633413,-22.60515211,635.967,569.756,-1.0332,-2.7824,354.1067,0.0018,-0.0011,-0.0133,70.392,71.015,-5.2882,119.8601,-0.0191,0.0,0.0,0.0,-0.03,1676.4,0.0,10.0,270.0,0,66.533,-0.022947700377340896,0.09977058100794775,-0.03,0.08593987307825945,0.6375818934857691,1.0,0.0,-2023.1929986217258,15.081479224465786,489.467,566.256,3.5980683364686925,0.016256346924753792,0.17019297220907006,3.4851463963552147,-0.029130222479693657,-5.913299999999936,0.0,-0.048964511863707934,final_approach,-0.617658235363141,-0.8874455323313164,-5.196359189847936,
66.633,63.9463669,-22.60515212,635.438,569.252,-1.033,-2.7825,354.1053,0.0018,-0.0011,-0.0132,70.387,71.01,-5.2897,119.8507,-0.021,0.0,0.0,0.0,-0.03,1676.3,0.0,10.0,270.0,0,66.633,-0.022950445344725123,0.09976528097229104,-0.03,0.08595378769088036,0.637539270231161,1.0,0.0,-2019.5399060700238,15.079714117171283,488.938,565.752,3.5997178620222106,0.016296165026491734,0.1702955819692727,3.490558799897624,-0.03003925181465661,-5.914700000000039,0.0,-0.04905864714882152,final_approach,-0.618404044564226,-0.8871999121588257,-5.197636450415342,
66.75,63.94640513,-22.60515214,634.821,568.661,-1.0328,-2.7826,354.1038,0.0018,-0.0013,-0.0132,70.382,71.003,-5.2915,119.8397,-0.0232,0.0,0.0,0.0,-0.03,1676.2,0.0,10.0,270.0,0,66.75,-0.02295211088002791,0.09975886080907488,-0.03,0.08596869197419355,0.6374889833405166,1.0,0.0,-2015.278150697197,15.077246609078323,488.321,565.161,3.601649686018993,0.016332023557378717,0.170410860173702,3.496883691218347,-0.031092000965429634,-5.9162000000000035,0.0,-0.0484837740202925,final_approach,-0.6192694961754377,-0.8869180588327907,-5.199143184434842,
66.85,63.94643789,-22.60515215,634.291,568.052,-1.0326,-2.7827,354.1025,0.0018,-0.0013,-0.0131,70.377,70.998,-5.2931,119.8304,-0.0251,0.0,0.0,0.0,-0.03,1676.1,0.0,10.0,270.0,0,66.85,-0.02295442200834763,0.09975227814352246,-0.03,0.0859816054798308,0.637445677023149,1.0,0.0,-2011.6261729137645,15.07548189108543,487.79100000000005,564.552,3.6033012051474262,0.016362551511871454,0.1705137542653896,3.502278787674158,-0.032001328917743876,-5.917500000000018,0.0,-0.048621612745729494,final_approach,-0.6200137223068865,-0.8866696061169446,-5.200440607542507,
66.95,63.94647066,-22.60515217,633.762,567.448,-1.0324,-2.7828,354.1012,0.0019,-0.0013,-0.0131,70.372,70.992,-5.2946,119.8211,-0.0271,0.0,0.0,0.0,-0.03,1676.0,0.0,10.0,270.0,0,66.95,-0.022953479038360924,0.09974755488854747,-0.03,0.08599451569828809,0.6374017033651734,1.0,0.0,-2007.9730805330826,15.073226846466056,487.26199999999994,563.948,3.604966914157841,0.016411641277250727,0.1706112844997984,3.5076656534985577,-0.032958615789112855,-5.918799999999919,0.0,-0.048746920677931384,final_approach,-0.6207499605324323,-0.8863369614130399,-5.201757878219741,
67.05,63.94650342,-22.60515219,633.232,566.94,-1.0322,-2.7829,354.0999,0.0019,-0.0014,-0.0131,70.368,70.987,-5.2962,119.8118,-0.0289,0.0,0.0,0.0,-0.03,1675.9,0.0,10.0,270.0,0,67.05,-0.022958041756044933,0.0997417144052334,-0.03,0.08600742262944727,0.6373575377675769,1.0,0.0,-2004.3211029206705,15.070972191148293,486.73199999999997,563.44,3.606628693598952,0.0164460001328943,0.17070892239332705,3.513044326892895,-0.03382040830547339,-5.920100000000048,0.0,-0.04795174607085136,final_approach,-0.6214854140555595,-0.886146840037302,-5.20308075120391,
67.15,63.94653617,-22.6051522,632.703,566.505,-1.032,-2.783,354.0986,0.0018,-0.0014,-0.0131,70.363,70.981,-5.2977,119.8026,-0.0308,0.0,0.0,0.0,-0.03,1675.7,0.0,10.0,270.0,0,67.15,-0.022960198658309172,0.09973732227616285,-0.03,0.08602032627318323,0.6373127852678081,1.0,0.0,-2000.6702399039236,15.069207862108339,486.203,563.005,3.6083013266826622,0.016492721916928375,0.17081222161270293,3.518415401297856,-0.03473014751034498,-5.921399999999949,0.0,-0.04813795097349672,final_approach,-0.6222274567520998,-0.8858944813741623,-5.204421052803578,
67.242,63.9465662,-22.60515222,632.217,565.913,-1.0319,-2.7831,354.0974,0.0016,-0.0015,-0.013,70.359,70.976,-5.2992,119.7941,-0.0326,0.0,0.0,0.0,-0.03,1675.6,0.0,10.0,270.0,0,67.242,-0.022956966751878582,0.09973164478896618,-0.03,0.0860322344110066,0.6372715501465199,1.0,0.0,-1997.322593787584,15.06705943835331,485.717,562.413,3.609832677578823,0.01651812133686239,0.1709010539832455,3.523348491033668,-0.035592106506214805,-5.9225999999999885,0.0,-0.0477143427822351,final_approach,-0.6229010367901537,-0.8856109981335241,-5.205655877604585,
67.333,63.94659622,-22.60515224,631.731,565.405,-1.0318,-2.7832,354.0962,0.0016,-0.0015,-0.013,70.355,70.971,-5.3006,119.7857,-0.0343,0.0,0.0,0.0,-0.03,1675.5,0.0,10.0,270.0,0,67.333,-0.02295611817625376,0.09972767250415802,-0.03,0.08604413974751601,0.6372299915219625,1.0,0.0,-1993.9760624379298,15.06491140389934,485.231,561.905,3.611366685137328,0.016574638766991476,0.17098997083258344,3.5282210879566307,-0.03640634218930927,-5.923800000000028,0.0,-0.04737267925257231,final_approach,-0.623567899791869,-0.8853892230562614,-5.206900259933448,
67.45,63.94663443,-22.60515227,631.113,564.888,-1.0316,-2.7833,354.0947,0.0016,-0.0016,-0.0129,70.35,70.965,-5.3024,119.7751,-0.0365,0.0,0.0,0.0,-0.03,1675.4,0.0,10.0,270.0,0,67.45,-0.022956934639740578,0.09972265998249698,-0.03,0.08605901747865996,0.6371764362056311,1.0,0.0,-1989.716536771079,15.061954736736055,484.61300000000006,561.388,3.613329923618693,0.016608834985832984,0.1711007876869034,3.5344798178729677,-0.0374601890333679,-5.925299999999993,0.0,-0.04695107593280426,final_approach,-0.6244200003271914,-0.8850856227984725,-5.208503664552335,
67.542,63.94666445,-22.60515229,630.627,564.312,-1.0314,-2.7834,354.0935,0.0016,-0.0016,-0.0129,70.346,70.96,-5.3039,119.7668,-0.0382,0.0,0.0,0.0,-0.03,1675.3,0.0,10.0,270.0,0,67.542,-0.022960201688265847,0.09971749176248473,-0.03,0.08607091651186705,0.6371340267000746,1.0,0.0,-1986.370005422217,15.059806702282362,484.12699999999995,560.812,3.6148739252043973,0.01663780014345587,0.17118997132464114,3.5393902237933577,-0.038274669634489555,-5.926500000000033,0.0,-0.04663536547250064,final_approach,-0.6250914776638865,-0.8848704223040169,-5.209773218560301,
67.65,63.94669992,-22.60515232,630.052,563.694,-1.0313,-2.7836,354.0921,0.0016,-0.0017,-0.0128,70.341,70.954,-5.3056,119.7569,-0.0402,0.0,0.0,0.0,-0.03,1675.2,0.0,10.0,270.0,0,67.65,-0.022958417816642263,0.09971254849287216,-0.03,0.08608479517632939,0.6370835887932552,1.0,0.0,-1982.4159260189165,15.056956656157206,483.552,560.194,3.6166982031902126,0.016680077258150315,0.1712919487147829,3.545147949448898,-0.039233048366440926,-5.927899999999909,0.0,-0.04660454100194458,final_approach,-0.6258754057462497,-0.8846078973340408,-5.21128293085124,
67.742,63.94673266,-22.60515234,629.521,563.157,-1.0311,-2.7837,354.0908,0.0017,-0.0018,-0.0127,70.336,70.949,-5.3072,119.7479,-0.0421,0.0,0.0,0.0,-0.03,1675.1,0.0,10.0,270.0,0,67.742,-0.022957042223297697,0.09970752819889099,-0.03,0.08609767909301203,0.6370366154050774,1.0,0.0,-1978.7661779406676,15.054702778919655,483.02099999999996,559.657,3.6183856557482796,0.016957043653652505,0.17139050927102772,3.550044089256856,-0.04014358680291252,-5.929200000000037,0.0,-0.04730847600966851,final_approach,-0.6265576067844805,-0.884264279275742,-5.2126887702606375,
67.842,63.94676267,-22.60515237,629.035,562.784,-1.0309,-2.7839,354.0897,0.0017,-0.0018,-0.0127,70.332,70.944,-5.3087,119.7397,-0.0438,0.0,0.0,0.0,-0.03,1675.0,0.0,10.0,270.0,0,67.842,-0.02296221241324664,0.09970287791401077,-0.03,0.08610857830032359,0.6369930072789428,1.0,0.0,-1975.420761530304,15.052065196268366,482.53499999999997,559.284,3.6199424587839384,0.01672554143747515,0.17147446490295934,3.5553580554496285,-0.04095842089751045,-5.930299999999988,0.0,-0.0466440690997033,final_approach,-0.627267742421207,-0.8841067214555149,-5.213993743797253,
67.942,63.94679541,-22.60515239,628.504,562.123,-1.0308,-2.784,354.0884,0.0018,-0.0019,-0.0126,70.328,70.939,-5.3103,119.7307,-0.0457,0.0,0.0,0.0,-0.03,1674.9,0.0,10.0,270.0,0,67.942,-0.022959666579200066,0.09969863678116388,-0.03,0.08612145614627564,0.6369451571712452,1.0,0.0,-1971.771013452055,15.049811319030814,482.004,558.623,3.621640085795196,0.016767329549992188,0.17157329518417458,3.56066419144988,-0.04186921981238356,-5.931600000000003,0.0,-0.04604006281790382,final_approach,-0.6279965627567883,-0.8838328665072517,-5.2154254938130045,
68.042,63.94682814,-22.60515242,627.973,561.655,-1.0306,-2.7842,354.0871,0.0019,-0.0019,-0.0125,70.323,70.933,-5.3119,119.7218,-0.0475,0.0,0.0,0.0,-0.03,1674.7,0.0,10.0,270.0,0,68.042,-0.02296328487014132,0.09969417107372464,-0.03,0.08613433070374643,0.6368968941494061,1.0,0.0,-1968.1223803123046,15.047067893769727,481.47299999999996,558.155,3.623341314937698,0.016808156529163308,0.17166664595327724,3.565961975407042,-0.04273227920120348,-5.932900000000018,0.0,-0.046400057107193686,final_approach,-0.6287172295910963,-0.8836185832044627,-5.2168694242306515,
68.133,63.94685815,-22.60515245,627.486,561.11,-1.0304,-2.7843,354.086,0.0019,-0.0019,-0.0125,70.319,70.928,-5.3134,119.7136,-0.0492,0.0,0.0,0.0,-0.03,1674.6,0.0,10.0,270.0,0,68.133,-0.022965169415253894,0.0996899602333344,-0.03,0.08614522199146146,0.6368522606741743,1.0,0.0,-1964.7769639019405,15.044430311118438,480.986,557.61,3.624904908899931,0.01687052231319151,0.17175096370266182,3.5707745617785824,-0.04354746823528899,-5.933999999999969,0.0,-0.04617787409344375,final_approach,-0.6293712565100194,-0.8833760536382744,-5.218204610071851,
68.242,63.94689361,-22.60515248,626.91,560.606,-1.0302,-2.7845,354.0847,0.0018,-0.002,-0.0124,70.315,70.923,-5.3151,119.704,-0.0512,0.0,0.0,0.0,-0.03,1674.5,0.0,10.0,270.0,0,68.242,-0.02296694277016198,0.0996865835130139,-0.03,0.08615809047757883,0.6367991346304495,1.0,0.0,-1960.8239992661177,15.041580653946497,480.40999999999997,557.106,3.6267540911629004,0.01688626440926357,0.17185378875774154,3.576532810512048,-0.04450664749862199,-5.935299999999984,0.0,-0.04531599896735467,final_approach,-0.630156347458005,-0.8831140712446075,-5.219793651142194,
68.342,63.94692633,-22.60515252,626.378,560.107,-1.0301,-2.7847,354.0834,0.0017,-0.0022,-0.0123,70.31,70.917,-5.3168,119.6952,-0.053,0.0,0.0,0.0,-0.03,1674.4,0.0,10.0,270.0,0,68.342,-0.022966106338554337,0.09968103215810048,-0.03,0.08617095567487787,0.6367497343920624,1.0,0.0,-1957.1764810648654,15.038347680487814,479.87800000000004,556.607,3.6284621743247722,0.016918692277506264,0.17194191217437244,3.5818052256944446,-0.04537007428646689,-5.9365999999999985,0.0,-0.045741817243045824,final_approach,-0.6308672688059218,-0.8828845681473485,-5.2212710601721,
68.442,63.94695906,-22.60515255,625.847,559.497,-1.0299,-2.7849,354.0822,0.0017,-0.0023,-0.0123,70.306,70.912,-5.3184,119.6864,-0.0548,0.0,0.0,0.0,-0.03,1674.3,0.0,10.0,270.0,0,68.442,-0.022969191951040857,0.09967779599355371,-0.03,0.0861828283224434,0.6366995895140528,1.0,0.0,-1953.5278479251144,15.035604255226728,479.347,555.997,3.6301849675298494,0.016970232239717345,0.17203580359765366,3.587069455301895,-0.04623362803047826,-5.937799999999925,0.0,-0.045219833857319036,final_approach,-0.6315848533712334,-0.8826649010309389,-5.222770551632216,
68.542,63.94699178,-22.60515258,625.315,558.929,-1.0297,-2.7851,354.081,0.0018,-0.0024,-0.0122,70.302,70.907,-5.32,119.6776,-0.0566,0.0,0.0,0.0,-0.03,1674.1,0.0,10.0,270.0,0,68.542,-0.02297222353755507,0.09967464385067298,-0.03,0.08619469816751069,0.636649237265031,1.0,0.0,-1949.8803295528417,15.032861219092915,478.81500000000005,555.429,3.631903900770586,0.017006748934325168,0.17212979805253584,3.592325536922809,-0.04709730875833884,-5.9389999999999645,0.0,-0.044745303506644886,final_approach,-0.6323016522508773,-0.8824438601160285,-5.224276054244974,
68.642,63.9470245,-22.60515262,624.783,558.455,-1.0295,-2.7853,354.0797,0.0019,-0.0024,-0.0122,70.297,70.902,-5.3217,119.6689,-0.0584,0.0,0.0,0.0,-0.03,1674.0,0.0,10.0,270.0,0,68.642,-0.022975092472176217,0.09966971332677861,-0.03,0.08620755400368307,0.6365984040941732,1.0,0.0,-1946.2328113515891,15.029628245634232,478.283,554.955,3.633628289610634,0.017046272178684464,0.17221831567674933,3.5975729500340745,-0.04796109313224406,-5.940299999999979,0.0,-0.04522300318786803,final_approach,-0.6330102656113183,-0.882210344561539,-5.225795743236059,
68.742,63.94705722,-22.60515266,624.25,557.92,-1.0294,-2.7855,354.0785,0.0018,-0.0025,-0.0122,70.293,70.897,-5.3234,119.6602,-0.0602,0.0,0.0,0.0,-0.03,1673.9,0.0,10.0,270.0,0,68.742,-0.022973722527180718,0.09966530967717768,-0.03,0.08621941800991195,0.6365473117779412,1.0,0.0,-1942.5852931503368,15.026395272001489,477.75,554.42,3.635350571422374,0.017075696501803756,0.1723069625342618,3.602811736454054,-0.04882500309784632,-5.941499999999905,0.0,-0.04474818471623488,final_approach,-0.6337180737814236,-0.881975427903857,-5.2273229843631555,
68.842,63.94708993,-22.6051527,623.718,557.436,-1.0292,-2.7857,354.0773,0.0019,-0.0026,-0.0122,70.289,70.892,-5.3251,119.6515,-0.062,0.0,0.0,0.0,-0.03,1673.8,0.0,10.0,270.0,0,68.842,-0.02297615866210645,0.09966120207217517,-0.03,0.08623127921335927,0.6364955592505003,1.0,0.0,-1938.9388897165618,15.02316268767008,477.21799999999996,553.936,3.6370841710689086,0.01711907982906065,0.17239570488727265,3.608041934487934,-0.049689038682117825,-5.942700000000059,0.0,-0.04431653156021818,final_approach,-0.6344250367011028,-0.8817390498093829,-5.228869761041633,
68.942,63.94712265,-22.60515273,623.185,556.822,-1.029,-2.7859,354.0761,0.0019,-0.0027,-0.0121,70.285,70.886,-5.3267,119.6428,-0.0638,0.0,0.0,0.0,-0.03,1673.6,0.0,10.0,270.0,0,68.942,-0.02297897696465495,0.09965879898423978,-0.03,0.08624313761392877,0.6364434904625336,1.0,0.0,-1935.291371344289,15.020419651536265,476.68499999999995,553.322,3.638817455680762,0.017154707543973042,0.1724902372962911,3.61326415176927,-0.05055319991211604,-5.943899999999985,0.0,-0.043924119600202996,final_approach,-0.6351387148887717,-0.8815125880549939,-5.2304257877621545,
69.033,63.94715263,-22.60515277,622.697,556.449,-1.0288,-2.7862,354.075,0.0018,-0.0027,-0.0121,70.281,70.882,-5.3283,119.6349,-0.0654,0.0,0.0,0.0,-0.03,1673.5,0.0,10.0,270.0,0,69.033,-0.022982773079991692,0.09965458018946052,-0.03,0.08625400535212446,0.6363952640067594,1.0,0.0,-1931.9492994065865,15.017293298941654,476.197,552.949,3.640413244647288,0.017218280034859878,0.17256993046753016,3.6180077808481155,-0.05132149236459327,-5.944999999999936,0.0,-0.04392702181436069,final_approach,-0.6357788616549733,-0.8813197414846936,-5.231866809080984,
69.142,63.94718807,-22.60515282,622.12,555.842,-1.0286,-2.7864,354.0737,0.0019,-0.0027,-0.0121,70.276,70.876,-5.3302,119.6256,-0.0674,0.0,0.0,0.0,-0.03,1673.4,0.0,10.0,270.0,0,69.142,-0.02298315461597311,0.09964956260826226,-0.03,0.08626684600607692,0.6363377429584179,1.0,0.0,-1927.9985646469677,15.013464545548304,475.62,552.342,3.6423047416162797,0.017240763896010015,0.1726627455237983,3.6236825918397946,-0.05228184544569103,-5.946300000000065,0.0,-0.0441037979797023,final_approach,-0.636541350372454,-0.8810219747076093,-5.233585328317094,
69.242,63.9472235,-22.60515286,621.542,555.162,-1.0284,-2.7867,354.0723,0.0019,-0.0028,-0.0121,70.272,70.871,-5.332,119.6163,-0.0693,0.0,0.0,0.0,-0.03,1673.3,0.0,10.0,270.0,0,69.242,-0.02298393727934639,0.09964667427674213,-0.03,0.08628067072350099,0.6362799213471393,1.0,0.0,-1924.0489444845982,15.010126118607376,475.04200000000003,551.662,3.6441933721577593,0.017515020815807386,0.17276131267296985,3.6288797811342928,-0.05319444821495267,-5.947699999999941,0.0,-0.043730725436084215,final_approach,-0.6372575072629623,-0.8807263420129772,-5.235312578162937,
69.333,63.94725075,-22.6051529,621.098,554.774,-1.0283,-2.7869,354.0713,0.002,-0.0029,-0.012,70.268,70.867,-5.3335,119.6092,-0.0707,0.0,0.0,0.0,-0.03,1673.1,0.0,10.0,270.0,0,69.333,-0.022988268819441438,0.09964247123005215,-0.03,0.08629054318562313,0.636234917108576,1.0,0.0,-1921.011204042968,15.007105997749555,474.59799999999996,551.274,3.6456546583519747,0.01727219902089346,0.17283201849132093,3.6335998928142286,-0.05386705320162832,-5.948699999999917,0.0,-0.043751208937903886,final_approach,-0.6378831715967834,-0.8806557006273117,-5.236656774125379,
69.442,63.94728618,-22.60515295,620.52,554.114,-1.0281,-2.7872,354.07,0.0018,-0.003,-0.012,70.264,70.861,-5.3353,119.6,-0.0726,0.0,0.0,0.0,-0.03,1673.0,0.0,10.0,270.0,0,69.442,-0.02299125527370416,0.09964004780559438,-0.03,0.08630337447597203,0.6361760455738555,1.0,0.0,-1917.061584051619,15.003277633483755,474.02,550.614,3.647554934755464,0.017299120596141394,0.1729252117711541,3.639246661286726,-0.05477987526535344,-5.9500000000000455,0.0,-0.04310993973504614,final_approach,-0.6386429879234043,-0.8804254407618881,-5.238414933269489,
69.533,63.94731615,-22.60515299,620.031,553.624,-1.0279,-2.7874,354.0689,0.0018,-0.0031,-0.012,70.26,70.856,-5.3369,119.5922,-0.0742,0.0,0.0,0.0,-0.03,1672.9,0.0,10.0,270.0,0,69.533,-0.02299480103469148,0.09963670801220206,-0.03,0.08631422915184372,0.6361257957065274,1.0,0.0,-1913.7206268813948,15.000151670016416,473.53099999999995,550.124,3.6491669717849917,0.017368382602146158,0.17300545568257933,3.6439511095479378,-0.05554869209157687,-5.951099999999997,0.0,-0.04318685830058173,final_approach,-0.6392794301699283,-0.8802262286391436,-5.239915407667656,
69.65,63.9473543,-22.60515304,619.408,552.959,-1.0277,-2.7878,354.0675,0.0018,-0.0033,-0.012,70.255,70.851,-5.339,119.5824,-0.0762,0.0,0.0,0.0,-0.03,1672.7,0.0,10.0,270.0,0,69.65,-0.022998624398569256,0.0996317172862018,-0.03,0.08632804078680623,0.636061333346415,1.0,0.0,-1909.4677901606588,14.99621746314082,472.908,549.459,3.6512217872210404,0.017400739684193887,0.17310827655438102,3.6499933685775634,-0.05650986941199676,-5.952499999999986,0.0,-0.043145784158267364,final_approach,-0.6400965378326333,-0.8800094161421406,-5.241839995444732,
69.742,63.94738427,-22.60515309,618.918,552.412,-1.0275,-2.788,354.0664,0.0017,-0.0033,-0.0119,70.251,70.846,-5.3406,119.5746,-0.0778,0.0,0.0,0.0,-0.03,1672.6,0.0,10.0,270.0,0,69.742,-0.023001971121106524,0.0996286960226377,-0.03,0.08633889010864682,0.6360103401712978,1.0,0.0,-1906.1268331614544,14.99260156234861,472.418,548.912,3.6528369582996745,0.017426650966237828,0.1731831072666336,3.6547329014491226,-0.057278912219658196,-5.953600000000051,0.0,-0.04317600931383074,final_approach,-0.6407298143257805,-0.8798050991714241,-5.243362228189628,
69.833,63.94741424,-22.60515313,618.429,551.98,-1.0274,-2.7883,354.0654,0.0016,-0.0034,-0.0119,70.247,70.841,-5.3422,119.5669,-0.0794,0.0,0.0,0.0,-0.03,1672.5,0.0,10.0,270.0,0,69.833,-0.023001187057414774,0.09962598172170549,-0.03,0.08634875108413709,0.635958664195754,1.0,0.0,-1902.78587599123,14.98947559888127,471.929,548.48,3.654464638523343,0.017503308449279976,0.1732637020211588,3.659413875198652,-0.05804802353011951,-5.954600000000028,0.0,-0.04324692155403709,final_approach,-0.6413640645890801,-0.8796021442700042,-5.244904646348928,
69.942,63.94744965,-22.60515319,617.85,551.331,-1.0272,-2.7887,354.0641,0.0016,-0.0035,-0.0118,70.243,70.836,-5.3442,119.5579,-0.0812,0.0,0.0,0.0,-0.03,1672.3,0.0,10.0,270.0,0,69.942,-0.023006223935033154,0.09962149083220792,-0.03,0.086361567441401,0.6358973432851648,1.0,0.0,-1898.8384857050644,14.985158075718934,471.35,547.831,3.65638440630101,0.017521515110893674,0.17335184575751172,3.6650133559729987,-0.05891350200298007,-5.955899999999929,0.0,-0.04265149665880359,final_approach,-0.6421118924649711,-0.8794250894656823,-5.246734687802178,
70.042,63.94748234,-22.60515324,617.315,550.632,-1.0271,-2.789,354.0629,0.0014,-0.0035,-0.0118,70.239,70.831,-5.346,119.5495,-0.0829,0.0,0.0,0.0,-0.03,1672.2,0.0,10.0,270.0,0,70.042,-0.023006492909764698,0.0996181220319554,-0.03,0.08637339500433117,0.6358403011332687,1.0,0.0,-1895.1943119772654,14.981436332317204,470.81500000000005,547.132,3.658159010127123,0.01755893563593327,0.1734364013682178,3.670140284923244,-0.059730984741150905,-5.9570999999999685,0.0,-0.04241045150799448,final_approach,-0.6428016736031346,-0.8792329084576505,-5.24843678459963,
70.142,63.94751502,-22.60515329,616.781,550.113,-1.0269,-2.7893,354.0617,0.0013,-0.0036,-0.0117,70.235,70.826,-5.3478,119.5412,-0.0846,0.0,0.0,0.0,-0.03,1672.1,0.0,10.0,270.0,0,70.142,-0.023010569697563377,0.09961507866754925,-0.03,0.08638521976329783,0.6357825349371745,1.0,0.0,-1891.5512530169442,14.977714978042746,470.28099999999995,546.613,3.659945324161067,0.0176096364198509,0.17352104698461024,3.675258588671961,-0.060548548429892435,-5.958300000000008,0.0,-0.042191319552726904,final_approach,-0.6434905982035701,-0.8790393163473258,-5.250160240223163,
70.233,63.94754498,-22.60515334,616.29,549.547,-1.0268,-2.7896,354.0606,0.0013,-0.0037,-0.0117,70.231,70.822,-5.3495,119.5336,-0.0862,0.0,0.0,0.0,-0.03,1671.9,0.0,10.0,270.0,0,70.233,-0.02300946719152097,0.0996113884723272,-0.03,0.08639605666240269,0.6357294700335946,1.0,0.0,-1888.2114107844257,14.974099466377535,469.78999999999996,546.047,3.6615768291611794,0.017662801412352686,0.17359639336008878,3.679907576082091,-0.06131805063924389,-5.95939999999996,0.0,-0.042351749043942066,final_approach,-0.6441143282333002,-0.8788199399194632,-5.251743214580035,
70.342,63.94758039,-22.6051534,615.711,548.829,-1.0267,-2.79,354.0594,0.0014,-0.0037,-0.0116,70.227,70.816,-5.3515,119.5247,-0.088,0.0,0.0,0.0,-0.03,1671.8,0.0,10.0,270.0,0,70.342,-0.023010081103265245,0.09960792507623976,-0.03,0.08640787604685618,0.6356658334773623,1.0,0.0,-1884.2640204990523,14.969781943215475,469.211,545.329,3.6635216614395487,0.017692750838075824,0.1736850631709599,3.6854689171079604,-0.06218398110280532,-5.9605999999999995,0.0,-0.04183770346779627,final_approach,-0.64485853726557,-0.8786367578503036,-5.2536412757459985,
70.433,63.94761034,-22.60515345,615.22,548.242,-1.0265,-2.7903,354.0583,0.0015,-0.0037,-0.0115,70.223,70.812,-5.3532,119.5171,-0.0896,0.0,0.0,0.0,-0.03,1671.7,0.0,10.0,270.0,0,70.433,-0.02301273696211431,0.09960464334675476,-0.03,0.0864187080191744,0.6356118377405702,1.0,0.0,-1880.9252930348036,14.966166820677811,468.72,544.742,3.6651620125764386,0.017748265143249498,0.17376059707552427,3.690101875726606,-0.06295369351011004,-5.961700000000064,0.0,-0.04203027987582331,final_approach,-0.6454807023056688,-0.8784147092831738,-5.255251548985587,
70.55,63.94764846,-22.60515351,614.595,547.554,-1.0264,-2.7907,354.057,0.0016,-0.0037,-0.0114,70.219,70.806,-5.3554,119.5076,-0.0916,0.0,0.0,0.0,-0.03,1671.5,0.0,10.0,270.0,0,70.55,-0.023011357600817794,0.0996006943778958,-0.03,0.08643150640300046,0.6355424656533862,1.0,0.0,-1876.675800786729,14.96174384385889,468.095,544.054,3.6672564627357636,0.01777376818821382,0.17385895564259324,3.6960519762214554,-0.06391597166728502,-5.962999999999965,0.0,-0.041317348449664726,final_approach,-0.6462815224763396,-0.8781717258120043,-5.257320062610255,
70.642,63.94768114,-22.60515357,614.06,547.037,-1.0262,-2.791,354.0558,0.0017,-0.0037,-0.0114,70.215,70.801,-5.3572,119.4994,-0.0932,0.0,0.0,0.0,-0.03,1671.4,0.0,10.0,270.0,0,70.642,-0.02301484221984401,0.09959875789246761,-0.03,0.08644331737451483,0.6354821860728841,1.0,0.0,-1873.0327419974283,14.957532552433626,467.55999999999995,543.537,3.669064711295711,0.018087286098778448,0.17393853447312263,3.700719761999237,-0.06468612869934987,-5.964200000000005,0.0,-0.04151379503328288,final_approach,-0.6469129357900378,-0.8779629254734154,-5.259117169978264,
70.733,63.94770836,-22.60515362,613.613,546.499,-1.0261,-2.7913,354.0549,0.0018,-0.0039,-0.0114,70.211,70.797,-5.3588,119.4926,-0.0946,0.0,0.0,0.0,-0.03,1671.2,0.0,10.0,270.0,0,70.733,-0.023017709755241145,0.09959525959456307,-0.03,0.08645217376270853,0.6354319163230925,1.0,0.0,-1869.998346029252,14.954023661632759,467.11300000000006,542.999,3.6705645201201507,0.017819641024512535,0.17400489362679503,3.705328690707878,-0.06535996044573267,-5.965100000000007,0.0,-0.04173581766262932,final_approach,-0.6475203147166972,-0.8778629181647144,-5.260615650253147,
70.85,63.94774648,-22.60515369,612.988,545.762,-1.0259,-2.7917,354.0536,0.0017,-0.0041,-0.0114,70.207,70.792,-5.361,119.4831,-0.0966,0.0,0.0,0.0,-0.03,1671.1,0.0,10.0,270.0,0,70.85,-0.023019558056764033,0.09959217514602307,-0.03,0.0864649635383421,0.6353606030175482,1.0,0.0,-1865.74885395299,14.949110747489243,466.48800000000006,542.262,3.6726796401761495,0.017862692386522504,0.17409797586170717,3.711247371989937,-0.06632262717522508,-5.9664000000000215,0.0,-0.041049655528579275,final_approach,-0.6483106423984744,-0.8776035584334281,-5.2627410933464525,
70.942,63.94777642,-22.60515374,612.496,545.256,-1.0257,-2.7921,354.0525,0.0017,-0.0042,-0.0114,70.203,70.787,-5.3627,119.4757,-0.0981,0.0,0.0,0.0,-0.03,1670.9,0.0,10.0,270.0,0,70.942,-0.02302507643646262,0.09958987975242473,-0.03,0.08647578308525838,0.635304352643361,1.0,0.0,-1862.411241256219,14.945496014252917,465.996,541.756,3.674337802675489,0.017889494560036367,0.17417403967571743,3.715890225032667,-0.06704483595493116,-5.967499999999973,0.0,-0.041270437832296114,final_approach,-0.6489346135454213,-0.8774557165963977,-5.264417331658446,
71.042,63.94780909,-22.60515381,611.96,544.685,-1.0255,-2.7925,354.0514,0.0015,-0.0042,-0.0113,70.199,70.783,-5.3646,119.4676,-0.0997,0.0,0.0,0.0,-0.03,1670.8,0.0,10.0,270.0,0,71.042,-0.023030244661826182,0.0995871901294257,-0.03,0.08648660027541955,0.6352422005710066,1.0,0.0,-1858.7692974046242,14.940795174455719,465.46000000000004,541.185,3.6761596590392074,0.0179443394062271,0.17424833430464481,3.7209287577130232,-0.06781537330056153,-5.968599999999924,0.0,-0.04115494348390969,final_approach,-0.649600904554223,-0.8772988318515598,-5.266269166966747,
71.142,63.94784175,-22.60515387,611.424,543.93,-1.0254,-2.7928,354.0503,0.0015,-0.0043,-0.0113,70.195,70.778,-5.3665,119.4595,-0.1014,0.0,0.0,0.0,-0.03,1670.6,0.0,10.0,270.0,0,71.142,-0.02302913982482352,0.09958472416985224,-0.03,0.0864974151087593,0.6351795401096306,1.0,0.0,-1855.1284681494867,14.936584661284723,464.924,540.43,3.6779856730098475,0.017996972789589564,0.17432842227123857,3.7259585040811034,-0.068633977601678,-5.969699999999989,0.0,-0.04104994862174073,final_approach,-0.6502738240502595,-0.877079584312856,-5.268135861834182,
71.242,63.94787441,-22.60515393,610.887,543.424,-1.0253,-2.7932,354.0491,0.0015,-0.0043,-0.0112,70.191,70.773,-5.3685,119.4515,-0.103,0.0,0.0,0.0,-0.03,1670.5,0.0,10.0,270.0,0,71.242,-0.023031088631824126,0.09958081103811911,-0.03,0.08650921042073956,0.6351165771023581,1.0,0.0,-1851.4876388951411,14.932374147939946,464.38699999999994,539.924,3.679809818648363,0.018037720055516907,0.17440862911689645,3.730979505312523,-0.06940468581169057,-5.970900000000029,0.0,-0.040954498747028244,final_approach,-0.6509459115436549,-0.8769311654269014,-5.270011278692344,
71.342,63.94790707,-22.605154,610.35,542.744,-1.0251,-2.7936,354.048,0.0016,-0.0043,-0.0112,70.187,70.768,-5.3704,119.4435,-0.1046,0.0,0.0,0.0,-0.03,1670.3,0.0,10.0,270.0,0,71.342,-0.02303608558271414,0.09957872776234744,-0.03,0.08652002032595751,0.6350530371603919,1.0,0.0,-1847.846809811024,14.927673697444082,463.85,539.244,3.6816400017455857,0.018081738541635455,0.17448322847094697,3.7359912298085756,-0.07017549724366745,-5.97199999999998,0.0,-0.04086772613366669,final_approach,-0.6516095736900063,-0.8767699113321772,-5.271903584609365,
71.433,63.94793701,-22.60515406,609.857,542.248,-1.025,-2.794,354.047,0.0015,-0.0044,-0.0111,70.184,70.764,-5.3722,119.4361,-0.1061,0.0,0.0,0.0,-0.03,1670.2,0.0,10.0,270.0,0,71.433,-0.023036396933341252,0.09957636299088447,-0.03,0.08652984546716336,0.6349944783743657,1.0,0.0,-1844.5091972852736,14.923569026708822,463.35699999999997,538.748,3.6833173649134263,0.01814020916535641,0.1745541022132884,3.740543146379566,-0.07089818411046167,-5.972999999999956,0.0,-0.040149481300336194,final_approach,-0.6522164485488737,-0.8765956200923348,-5.273647282260988,
71.533,63.94797238,-22.60515413,609.275,541.489,-1.0248,-2.7945,354.0458,0.0015,-0.0046,-0.0111,70.18,70.759,-5.3743,119.4275,-0.1079,0.0,0.0,0.0,-0.03,1670.0,0.0,10.0,270.0,0,71.533,-0.02303674426112362,0.09957409732345619,-0.03,0.08654163306523266,0.634924552188681,1.0,0.0,-1840.5662662392474,14.918763122730434,462.775,537.989,3.685308789390552,0.01843588176634011,0.17463846005969738,3.745538515230937,-0.07176540518173624,-5.974199999999996,0.0,-0.04013589209120645,final_approach,-0.6528910999501356,-0.8763058119784581,-5.2757291357670475,
71.65,63.94800775,-22.6051542,608.693,540.962,-1.0246,-2.7949,354.0446,0.0015,-0.0046,-0.0111,70.176,70.754,-5.3764,119.4189,-0.1096,0.0,0.0,0.0,-0.03,1669.9,0.0,10.0,270.0,0,71.65,-0.023045391002135596,0.09957214036947275,-0.03,0.08655341785808013,0.6348539337420552,1.0,0.0,-1836.6233351940132,14.913957218578263,462.193,537.462,3.6873073888230006,0.01821024254381396,0.17472295392568718,3.7513735006308417,-0.07258477235592409,-5.975400000000036,0.0,-0.03959517773637629,final_approach,-0.6536606701300478,-0.8762308697982704,-5.2778312353802015,
71.75,63.9480404,-22.60515427,608.155,540.282,-1.0245,-2.7953,354.0435,0.0015,-0.0046,-0.0111,70.172,70.749,-5.3784,119.411,-0.1112,0.0,0.0,0.0,-0.03,1669.7,0.0,10.0,270.0,0,71.75,-0.023046292297632498,0.09956938696098028,-0.03,0.0865642181204721,0.6347883408452197,1.0,0.0,-1832.983620878166,14.90925715720995,461.655,536.782,3.689152666069086,0.018250664196654342,0.17479797904251168,3.7563487201996564,-0.07335596251704146,-5.976499999999987,0.0,-0.039631979760346735,final_approach,-0.6543207668542266,-0.8760636791605414,-5.279783412054822,
71.85,63.94807305,-22.60515434,607.617,539.671,-1.0244,-2.7958,354.0424,0.0014,-0.0047,-0.0111,70.168,70.744,-5.3804,119.4031,-0.1128,0.0,0.0,0.0,-0.03,1669.6,0.0,10.0,270.0,0,71.85,-0.023047135832359844,0.09956689830362651,-0.03,0.08657501602555828,0.6347221506212164,1.0,0.0,-1829.3439065615269,14.90455709584136,461.11699999999996,536.171,3.691004100940969,0.01829461161701675,0.17487311599605765,3.7613148693985963,-0.07412725470643977,-5.9775999999999385,0.0,-0.03966543614576149,final_approach,-0.6549799856749203,-0.8758950135766934,-5.2817530470513425,
71.95,63.9481057,-22.60515441,607.079,539.002,-1.0242,-2.7962,354.0413,0.0014,-0.0049,-0.0111,70.164,70.74,-5.3824,119.3952,-0.1144,0.0,0.0,0.0,-0.03,1669.4,0.0,10.0,270.0,0,71.95,-0.023051784887737625,0.09956467676962272,-0.03,0.08658581157327305,0.6346553579183131,1.0,0.0,-1825.7041922448875,14.89985703429871,460.57899999999995,535.502,3.6928617243065998,0.018341548623565174,0.17494836503450772,3.766271989670719,-0.0748986489441279,-5.9787000000000035,0.0,-0.03969585104160549,final_approach,-0.6556383315995689,-0.8757248805475673,-5.283740285227822,
72.042,63.94813562,-22.60515448,606.586,538.448,-1.0241,-2.7966,354.0402,0.0015,-0.0049,-0.011,70.161,70.735,-5.3842,119.388,-0.1159,0.0,0.0,0.0,-0.03,1669.3,0.0,10.0,270.0,0,72.042,-0.02305198021474031,0.09956373449933768,-0.03,0.08659660476354791,0.6345936120379468,1.0,0.0,-1822.3688094243205,14.895263204666913,460.086,534.948,3.6945696095846916,0.01837861892197799,0.17501405152377317,3.7708233816425825,-0.07562182765011016,-5.979799999999955,0.0,-0.03905156418802095,final_approach,-0.6562383145979247,-0.8755394758856099,-5.285577078635164,
72.142,63.94816826,-22.60515455,606.047,537.909,-1.0239,-2.7971,354.0391,0.0016,-0.0049,-0.011,70.157,70.731,-5.3862,119.3801,-0.1175,0.0,0.0,0.0,-0.03,1669.1,0.0,10.0,270.0,0,72.142,-0.023056514284358287,0.09956186390806876,-0.03,0.08660739559631803,0.6345260116494056,1.0,0.0,-1818.7302098751586,14.890563532251536,459.547,534.409,3.6964292630743874,0.01841493825114141,0.17508947806874342,3.7757629181773145,-0.07639341832373248,-5.98090000000002,0.0,-0.03913778562547824,final_approach,-0.6568949069894572,-0.8753664078134964,-5.287587710472753,
72.233,63.94819818,-22.60515462,605.553,537.407,-1.0238,-2.7975,354.0381,0.0015,-0.005,-0.0109,70.153,70.727,-5.3881,119.373,-0.1189,0.0,0.0,0.0,-0.03,1669.0,0.0,10.0,270.0,0,72.233,-0.023058758508338273,0.09955917752322861,-0.03,0.08661720339846513,0.6344634822674188,1.0,0.0,-1815.394827055384,14.885969702620015,459.053,533.907,3.6981400996098355,0.018479182124024378,0.17515535529166046,3.780248907990385,-0.07706873355988364,-5.981899999999996,0.0,-0.03957580911006545,final_approach,-0.6574877584149412,-0.8752423027669298,-5.28944721896659,
72.35,63.94823626,-22.6051547,604.925,536.594,-1.0236,-2.7981,354.0369,0.0015,-0.0051,-0.0109,70.149,70.721,-5.3905,119.3639,-0.1207,0.0,0.0,0.0,-0.03,1668.8,0.0,10.0,270.0,0,72.35,-0.02306442339349485,0.09955704005910876,-0.03,0.08662897018907445,0.6343829323367445,1.0,0.0,-1811.1497942192614,14.880568407834513,458.42499999999995,533.094,3.700331012401113,0.018520276828820244,0.17524457496946658,3.7860095525206496,-0.07793710016289879,-5.983099999999922,0.0,-0.03908601138988485,final_approach,-0.6582551445604103,-0.87509033069521,-5.291842205222409,
72.45,63.94826889,-22.60515478,604.385,536.098,-1.0235,-2.7986,354.0358,0.0015,-0.0053,-0.0108,70.145,70.717,-5.3925,119.3561,-0.1223,0.0,0.0,0.0,-0.03,1668.6,0.0,10.0,270.0,0,72.45,-0.023064474472296037,0.09955584307461036,-0.03,0.08663975394893031,0.6343137945852207,1.0,0.0,-1807.5123096085977,14.8753791873956,457.885,532.598,3.702200062294681,0.01854864717996338,0.17531453834657656,3.7909209745135724,-0.07870895062799832,-5.984199999999987,0.0,-0.039169101263535816,final_approach,-0.6589013729637472,-0.8749012736481774,-5.29389749693415,
72.55,63.94830152,-22.60515486,603.846,535.373,-1.0233,-2.7991,354.0347,0.0017,-0.0055,-0.0108,70.142,70.712,-5.3946,119.3483,-0.1238,0.0,0.0,0.0,-0.03,1668.4,0.0,10.0,270.0,0,72.55,-0.02307111923089117,0.0995540079927162,-0.03,0.08665053535101597,0.6342437321532999,1.0,0.0,-1803.874824997934,14.870189966956689,457.346,531.873,3.7040834955415707,0.018596261394785957,0.17538460649766444,3.79582303191496,-0.07943289480991211,-5.985300000000052,0.0,-0.038335546603214636,final_approach,-0.6595466810414834,-0.8747829287892426,-5.295979922222784,
72.642,63.94833143,-22.60515493,603.352,534.816,-1.0232,-2.7995,354.0337,0.0016,-0.0055,-0.0108,70.138,70.708,-5.3965,119.3413,-0.1253,0.0,0.0,0.0,-0.03,1668.3,0.0,10.0,270.0,0,72.642,-0.023070677438246534,0.0995523265356422,-0.03,0.08666033457958411,0.6341789328427816,1.0,0.0,-1800.540556944845,14.865596526278106,456.852,531.316,3.705816082135489,0.018635628325217316,0.1754508523832093,3.800323986369676,-0.08015653034615866,-5.986300000000028,0.0,-0.03880306608196462,final_approach,-0.6601417004002528,-0.8745893652897312,-5.297905597104041,
72.733,63.94836134,-22.605155,602.857,534.384,-1.023,-2.8,354.0327,0.0016,-0.0055,-0.0108,70.135,70.704,-5.3985,119.3342,-0.1267,0.0,0.0,0.0,-0.03,1668.1,0.0,10.0,270.0,0,72.733,-0.02307651722790416,0.09954968675222382,-0.03,0.08667013185947803,0.6341139023212238,1.0,0.0,-1797.2062888925477,14.86100308577386,456.35699999999997,530.884,3.707545942752675,0.01869793315963329,0.1755171893328365,3.804768401173643,-0.08083228895472416,-5.987300000000005,0.0,-0.038272517616970675,final_approach,-0.6607304585769107,-0.8744584320980024,-5.299837836349038,
72.833,63.94839397,-22.60515508,602.317,533.653,-1.0229,-2.8005,354.0316,0.0014,-0.0055,-0.0107,70.131,70.699,-5.4006,119.3265,-0.1282,0.0,0.0,0.0,-0.03,1668.0,0.0,10.0,270.0,0,72.833,-0.02307913713217241,0.09954799159689061,-0.03,0.08668090661658345,0.6340423410138211,1.0,0.0,-1793.5688042818842,14.855813865334948,455.817,530.153,3.7094393698520003,0.018737322798569857,0.17558755851240487,3.8096445956876375,-0.0815564531554287,-5.988399999999956,0.0,-0.038429561469977995,final_approach,-0.6613732401828827,-0.874335953487055,-5.301963768846711,
72.933,63.94842659,-22.60515516,601.777,533.151,-1.0227,-2.8011,354.0306,0.0014,-0.0057,-0.0107,70.127,70.694,-5.4027,119.3188,-0.1298,0.0,0.0,0.0,-0.03,1667.8,0.0,10.0,270.0,0,72.933,-0.023082449909752056,0.09954654794391324,-0.03,0.08669069980410105,0.6339702087889031,1.0,0.0,-1789.9324344386982,14.85062503402331,455.27700000000004,529.651,3.7113372990772695,0.0187776510409233,0.17565799755456338,3.8145115801241354,-0.08232872981588457,-5.989399999999932,0.0,-0.038572328609075036,final_approach,-0.662015072990151,-0.8741396387922968,-5.3041062862785076,
73.042,63.94846193,-22.60515525,601.191,532.374,-1.0226,-2.8017,354.0294,0.0014,-0.0058,-0.0106,70.123,70.69,-5.405,119.3105,-0.1314,0.0,0.0,0.0,-0.03,1667.6,0.0,10.0,270.0,0,73.042,-0.023085629961603682,0.09954495169867324,-0.03,0.08670244905666713,0.6338916330313228,1.0,0.0,-1785.9928480371464,14.844840422777004,454.69100000000003,528.874,3.7133928523952355,0.018791090420901116,0.17573249866164342,3.8198070304038034,-0.08310142346334715,-5.990599999999972,0.0,-0.03840186670882624,final_approach,-0.6627105940582254,-0.8740234958919562,-5.306439764697583,
73.15,63.94849727,-22.60515534,600.606,531.689,-1.0225,-2.8022,354.0283,0.0013,-0.0058,-0.0106,70.119,70.685,-5.4074,119.3022,-0.1331,0.0,0.0,0.0,-0.03,1667.4,0.0,10.0,270.0,0,73.15,-0.02308531231059352,0.09954226604232518,-0.03,0.0867132167395146,0.633811978564185,1.0,0.0,-1782.053261636386,14.839055811530976,454.106,528.189,3.715464153759064,0.018855694739375026,0.17580712114953975,3.8250428941785004,-0.08392225029527367,-5.991700000000037,0.0,-0.03827779128412212,final_approach,-0.6633995496237439,-0.873825032553901,-5.308804821675569,
73.242,63.94852717,-22.60515541,600.11,531.239,-1.0223,-2.8027,354.0273,0.0013,-0.0058,-0.0106,70.116,70.681,-5.4094,119.2952,-0.1344,0.0,0.0,0.0,-0.03,1667.3,0.0,10.0,270.0,0,73.242,-0.02309399128226214,0.09954079637334082,-0.03,0.08672300349571771,0.6337443126429201,1.0,0.0,-1778.7201083507746,14.834462760153727,453.61,527.739,3.717214006592538,0.018883102198526045,0.17587392171230232,3.829493163433885,-0.08455037175463076,-5.9927000000000135,0.0,-0.037762418953945165,final_approach,-0.6639895713945982,-0.8737676933159388,-5.310813560925787,
73.35,63.94856251,-22.6051555,599.524,530.61,-1.0222,-2.8033,354.0262,0.0014,-0.0059,-0.0106,70.112,70.676,-5.4117,119.287,-0.1361,0.0,0.0,0.0,-0.03,1667.1,0.0,10.0,270.0,0,73.35,-0.02309355216312159,0.09954018009105195,-0.03,0.08673376667645749,0.6336635415009078,1.0,0.0,-1774.7805219492225,14.828678148907423,453.024,527.11,3.7192912816568824,0.0189415898943654,0.17594877197052214,3.8347094554183387,-0.0853713498373736,-5.993799999999965,0.0,-0.037696475143321584,final_approach,-0.664676615052251,-0.8735661246175646,-5.31321091045567,
73.433,63.9485924,-22.60515558,599.027,530.007,-1.0221,-2.8039,354.0252,0.0015,-0.006,-0.0106,70.109,70.672,-5.4137,119.2801,-0.1375,0.0,0.0,0.0,-0.03,1666.9,0.0,10.0,270.0,0,73.433,-0.023092178349016723,0.09953907005908136,-0.03,0.08674354933972872,0.6335950548646005,1.0,0.0,-1771.448483602109,14.823595549158519,452.52700000000004,526.507,3.721042984185831,0.019302133203031688,0.17600991770676194,3.838708915761343,-0.08604761559948315,-5.994799999999941,0.0,-0.037555393613314975,final_approach,-0.6652083285396415,-0.8733485759531128,-5.315243277601532,
73.55,63.94862773,-22.60515567,598.441,529.349,-1.0219,-2.8045,354.024,0.0016,-0.0061,-0.0105,70.105,70.667,-5.4161,119.2719,-0.1391,0.0,0.0,0.0,-0.03,1666.7,0.0,10.0,270.0,0,73.55,-0.023101432026901014,0.09953748777461885,-0.03,0.08675528596285098,0.6335129100047583,1.0,0.0,-1767.5100119688266,14.817811327213825,451.94100000000003,525.849,3.723132547300992,0.0190616966366597,0.17608495588501727,3.8443398908284205,-0.0868207626184585,-5.995999999999981,0.0,-0.03724927002919155,final_approach,-0.6659424067361854,-0.87328977799835,-5.317680511761779,
73.642,63.94865762,-22.60515575,597.944,528.803,-1.0217,-2.805,354.0231,0.0016,-0.0062,-0.0105,70.102,70.663,-5.4181,119.2649,-0.1404,0.0,0.0,0.0,-0.03,1666.6,0.0,10.0,270.0,0,73.642,-0.02310913007437282,0.09953692904353387,-0.03,0.08676408658825119,0.6334431924946299,1.0,0.0,-1764.1779736217131,14.812728727464918,451.44399999999996,525.303,3.724896315947235,0.019079980252003803,0.1761462880665064,3.8487560403319985,-0.08744921370515613,-5.996899999999982,0.0,-0.03682739963128101,final_approach,-0.6665213796665732,-0.8732153141284194,-5.319748645783392,
73.733,63.94868751,-22.60515583,597.447,528.224,-1.0216,-2.8056,354.0221,0.0014,-0.0064,-0.0104,70.098,70.658,-5.4202,119.258,-0.1418,0.0,0.0,0.0,-0.03,1666.4,0.0,10.0,270.0,0,73.733,-0.023110127664084545,0.09953449976510571,-0.03,0.08677386320918345,0.633372905107276,1.0,0.0,-1760.8459352746,14.807646127890076,450.947,524.724,3.726665647449272,0.019140517429851386,0.17620770513760403,3.853116381510514,-0.0881257249511691,-5.997899999999959,0.0,-0.03747545820626398,final_approach,-0.667094166009349,-0.8730592096103926,-5.321833330903711,
73.85,63.94872555,-22.60515594,596.815,527.419,-1.0215,-2.8063,354.0209,0.0013,-0.0064,-0.0104,70.094,70.653,-5.4228,119.2493,-0.1435,0.0,0.0,0.0,-0.03,1666.2,0.0,10.0,270.0,0,73.85,-0.023112354311231875,0.09953360118066006,-0.03,0.08678559258130059,0.6332824508588214,1.0,0.0,-1756.6053620214493,14.800776577813117,450.31500000000005,523.919,3.7289297568548574,0.019175658265026426,0.17628121448579853,3.8587141297174608,-0.08894749395977897,-5.9990999999999985,0.0,-0.03717660147733806,final_approach,-0.6678224789723934,-0.8729185594369326,-5.324515631448701,
73.942,63.94875544,-22.60515602,596.318,526.974,-1.0213,-2.8068,354.02,0.0013,-0.0063,-0.0104,70.091,70.649,-5.4249,119.2424,-0.1449,0.0,0.0,0.0,-0.03,1666.0,0.0,10.0,270.0,0,73.942,-0.02311709662236222,0.09953230631638096,-0.03,0.08679438776830528,0.6332108501565933,1.0,0.0,-1753.2733236743359,14.795693978238274,449.818,523.474,3.730711835872478,0.019208119238283656,0.1763428218234516,3.863104279327418,-0.0896241803671387,-6.0,0.0,-0.0367613373114142,final_approach,-0.6683988762880624,-0.872767625465741,-5.326638438542112,
74.042,63.94879076,-22.60515612,595.73,526.321,-1.0212,-2.8075,354.0188,0.0012,-0.0064,-0.0103,70.087,70.644,-5.4273,119.2343,-0.1465,0.0,0.0,0.0,-0.03,1665.8,0.0,10.0,270.0,0,74.042,-0.023116365415021156,0.0995320368591615,-0.03,0.0868061122281335,0.6331257266254123,1.0,0.0,-1749.3359669787594,14.789420207921648,449.23,522.821,3.7328190436370665,0.019518778972883958,0.17641253650733155,3.8678685187137267,-0.09039775865491606,-6.001199999999926,0.0,-0.03705576119218594,final_approach,-0.6690281469806969,-0.8725504438638065,-5.3291616900162,
74.133,63.94881792,-22.60515619,595.278,525.803,-1.0211,-2.808,354.018,0.0012,-0.0065,-0.0102,70.084,70.641,-5.4292,119.228,-0.1477,0.0,0.0,0.0,-0.03,1665.7,0.0,10.0,270.0,0,74.133,-0.023121809266326232,0.09953128494597681,-0.03,0.08681392697517121,0.6330596592907491,1.0,0.0,-1746.308259956698,14.784933777408467,448.778,522.303,3.734446078660269,0.01924556676898336,0.17647025592604315,3.8721947774962313,-0.09097814527709147,-6.001999999999953,0.0,-0.036684058626263255,final_approach,-0.6695922183724043,-0.8725258895720565,-5.331119715393733,
74.242,63.94885324,-22.60515629,594.689,525.121,-1.021,-2.8086,354.0169,0.0013,-0.0066,-0.0102,70.08,70.636,-5.4317,119.22,-0.1493,0.0,0.0,0.0,-0.03,1665.5,0.0,10.0,270.0,0,74.242,-0.023123455818111094,0.09952992742468082,-0.03,0.08682467021517926,0.6329734182101212,1.0,0.0,-1742.3709032619138,14.778660007092117,448.18899999999996,521.621,3.7365590005326292,0.019268739696415713,0.17654017645639167,3.877368682371742,-0.09175184876283993,-6.003099999999904,0.0,-0.03668525763355422,final_approach,-0.6702679805967335,-0.8723784886687564,-5.333675156201892,
74.342,63.94888583,-22.60515639,594.146,524.508,-1.0208,-2.8093,354.0158,0.0014,-0.0067,-0.0102,70.077,70.632,-5.434,119.2125,-0.1507,0.0,0.0,0.0,-0.03,1665.3,0.0,10.0,270.0,0,74.342,-0.0231309362366659,0.09952957352217079,-0.03,0.08683541109630388,0.6328929448206843,1.0,0.0,-1738.73787806241,14.772492468512285,447.64599999999996,521.008,3.7385196159088494,0.01932497537404689,0.17660026742757443,3.8821041468399264,-0.09242922825427513,-6.004199999999969,0.0,-0.03607750693959501,final_approach,-0.6708813406328638,-0.872282139763314,-5.336059212741951,
74.442,63.94891843,-22.60515648,593.602,523.808,-1.0207,-2.8099,354.0148,0.0014,-0.0069,-0.0101,70.073,70.627,-5.4363,119.2051,-0.1521,0.0,0.0,0.0,-0.03,1665.1,0.0,10.0,270.0,0,74.442,-0.023134633532906956,0.09952885467825215,-0.03,0.08684517348667076,0.6328120192956089,1.0,0.0,-1735.1037379251998,14.766814478130325,447.102,520.308,3.7404807094328163,0.01937263535165075,0.17666634748705398,3.8868304344324986,-0.09310663163418553,-6.005200000000059,0.0,-0.0364340972178183,final_approach,-0.6715015422822326,-0.8721960514405094,-5.3384561974563844,
74.533,63.9489483,-22.60515657,593.104,523.227,-1.0206,-2.8105,354.0139,0.0014,-0.007,-0.01,70.07,70.623,-5.4384,119.1983,-0.1535,0.0,0.0,0.0,-0.03,1664.9,0.0,10.0,270.0,0,74.533,-0.023134425840996564,0.0995290407226725,-0.03,0.08685395797110074,0.6327370867086634,1.0,0.0,-1731.7739292840622,14.761242719659219,446.60400000000004,519.727,3.74228729242965,0.019452622860502932,0.17672256121450997,3.891122135185241,-0.09378374770096798,-6.00610000000006,0.0,-0.03611890955865584,final_approach,-0.6720597286997716,-0.8720170627432591,-5.340675256796583,
74.65,63.94898632,-22.60515668,592.469,522.515,-1.0204,-2.8113,354.0127,0.0015,-0.0071,-0.01,70.066,70.618,-5.4412,119.1897,-0.1551,0.0,0.0,0.0,-0.03,1664.7,0.0,10.0,270.0,0,74.65,-0.023142745100873607,0.09952737952884637,-0.03,0.08686566816046093,0.632641219808742,1.0,0.0,-1727.535585565075,14.754373947662472,445.96900000000005,519.015,3.74458578104324,0.019484719354678482,0.17679690099453868,3.8966319962743796,-0.09455820751679767,-6.0072999999999865,0.0,-0.035943375434046514,final_approach,-0.6727792045376297,-0.8719343119794658,-5.343513682865009,
74.742,63.94901619,-22.60515677,591.971,521.931,-1.0203,-2.8119,354.0118,0.0016,-0.0072,-0.01,70.062,70.614,-5.4434,119.1829,-0.1564,0.0,0.0,0.0,-0.03,1664.5,0.0,10.0,270.0,0,74.742,-0.02314552560247196,0.099526037425125,-0.03,0.08687444896002738,0.6325648981529943,1.0,0.0,-1724.2057769239373,14.748802189017308,445.471,518.431,3.7464055326090873,0.019533917516302998,0.1768532947348551,3.900952827934745,-0.09518742010854453,-6.008199999999988,0.0,-0.03662836501909855,final_approach,-0.6733409120259957,-0.8718327168865212,-5.345772945667743,
74.85,63.9490515,-22.60515688,591.381,521.314,-1.0201,-2.8127,354.0107,0.0013,-0.0074,-0.0099,70.059,70.609,-5.4459,119.1749,-0.158,0.0,0.0,0.0,-0.03,1664.3,0.0,10.0,270.0,0,74.85,-0.023149869958270952,0.099527168929359,-0.03,0.08688517890367442,0.6324743389975435,1.0,0.0,-1720.2695351668592,14.742038870677145,444.881,517.814,3.748553296682459,0.01959271532743118,0.1769179385498362,3.9060165351175615,-0.09596169880634875,-6.009299999999939,0.0,-0.03582376617897881,final_approach,-0.6739972900991837,-0.8716552764318699,-5.348453127453936,
74.942,63.94908136,-22.60515697,590.881,520.762,-1.02,-2.8134,354.0098,0.0013,-0.0075,-0.0099,70.055,70.605,-5.4481,119.1682,-0.1593,0.0,0.0,0.0,-0.03,1664.1,0.0,10.0,270.0,0,74.942,-0.023152538227904307,0.09952605526389828,-0.03,0.0868939561936718,0.632397461015853,1.0,0.0,-1716.9408412931994,14.736467501159254,444.381,517.262,3.750366975710456,0.019612913185897817,0.17697446597432928,3.910319735279506,-0.09659100531712284,-6.010199999999941,0.0,-0.03651962933265933,final_approach,-0.6745571815771427,-0.8715508066991653,-5.350727944977283,
75.033,63.94911123,-22.60515706,590.382,520.204,-1.0199,-2.814,354.0089,0.0013,-0.0076,-0.0099,70.052,70.601,-5.4504,119.1615,-0.1606,0.0,0.0,0.0,-0.03,1664.0,0.0,10.0,270.0,0,75.033,-0.023154852022189754,0.09952442094637345,-0.03,0.08690273190430742,0.6323195159036893,1.0,0.0,-1713.6110326520616,14.730895742514088,443.88199999999995,516.704,3.7521969507536514,0.019695696964796186,0.1770311090490576,3.914568263005956,-0.09722038257646659,-6.011099999999942,0.0,-0.03619666602669314,final_approach,-0.6751110553389594,-0.8714371737336588,-5.353033910604442,
75.15,63.94914924,-22.60515718,589.746,519.515,-1.0197,-2.8149,354.0078,0.0015,-0.0075,-0.0099,70.048,70.596,-5.4532,119.1529,-0.1622,0.0,0.0,0.0,-0.03,1663.7,0.0,10.0,270.0,0,75.15,-0.02316204504867836,0.09952447623044812,-0.03,0.08691345562800024,0.6322197838932425,1.0,0.0,-1709.3738038723645,14.723537422494084,443.246,516.015,3.7545255914553164,0.019730232800670402,0.17710007694697713,3.9200221557830295,-0.09799532950179923,-6.012200000000007,0.0,-0.03601406313227328,final_approach,-0.6758171418683183,-0.8713335385775185,-5.355983802135739,
75.242,63.9491791,-22.60515727,589.246,518.915,-1.0196,-2.8155,354.0069,0.0016,-0.0074,-0.0099,70.045,70.592,-5.4555,119.1462,-0.1635,0.0,0.0,0.0,-0.03,1663.6,0.0,10.0,270.0,0,75.242,-0.023164545938836267,0.09952327487877902,-0.03,0.08692222782881964,0.6321408508562787,1.0,0.0,-1706.0451099979127,14.717966052975914,442.746,515.415,3.75635853157929,0.01976240437007613,0.17715686113067755,3.9242991857293172,-0.09862486650993674,-6.0131000000000085,0.0,-0.035704484270446216,final_approach,-0.6763744145957702,-0.8712247804838409,-5.358317998487106,
75.35,63.94921439,-22.60515738,588.655,518.257,-1.0194,-2.8163,354.0058,0.0015,-0.0074,-0.0099,70.041,70.588,-5.4582,119.1383,-0.165,0.0,0.0,0.0,-0.03,1663.3,0.0,10.0,270.0,0,75.35,-0.02317135503111495,0.09952223319703733,-0.03,0.08693294726263234,0.632046769382277,1.0,0.0,-1702.1110977757899,14.711203512716239,442.155,514.757,3.7585318067155047,0.019822489963049375,0.17722192931267172,3.9293116770264596,-0.099351456041461,-6.01419999999996,0.0,-0.035825625431049814,final_approach,-0.6770255649600898,-0.8711112440851068,-5.3610995865376765,
75.433,63.94923882,-22.60515746,588.245,517.806,-1.0193,-2.8168,354.005,0.0015,-0.0075,-0.0099,70.039,70.584,-5.46,119.1328,-0.166,0.0,0.0,0.0,-0.03,1663.2,0.0,10.0,270.0,0,75.433,-0.02317804360486242,0.09952313840580718,-0.03,0.08694074173248667,0.6319814368157769,1.0,0.0,-1699.3877224216135,14.70633337661526,441.745,514.306,3.760033769029697,0.01953473021858994,0.17726476259136506,3.9331535566817704,-0.09983605895004644,-6.014999999999986,0.0,-0.03475933089569155,final_approach,-0.6775153860652701,-0.871119097505062,-5.363030824004344,
75.542,63.94927682,-22.60515758,587.608,517.137,-1.0191,-2.8177,354.0039,0.0012,-0.0076,-0.0099,70.035,70.579,-5.4629,119.1244,-0.1676,0.0,0.0,0.0,-0.03,1662.9,0.0,10.0,270.0,0,75.542,-0.023182526776584167,0.09952295521346326,-0.03,0.08695145709072394,0.6318786822255819,1.0,0.0,-1695.151608408602,14.698975445722251,441.10799999999995,513.637,3.7623842582289786,0.019872962031212558,0.17733410857737464,3.9381925165940936,-0.10061124597731919,-6.016100000000051,0.0,-0.03493550515121674,final_approach,-0.6781751472863995,-0.8709453808154741,-5.366067650861876,
75.633,63.94930396,-22.60515766,587.153,516.504,-1.0191,-2.8183,354.0031,0.0011,-0.0077,-0.0098,70.032,70.576,-5.465,119.1183,-0.1687,0.0,0.0,0.0,-0.03,1662.8,0.0,10.0,270.0,0,75.633,-0.023185625948542787,0.09952256483215831,-0.03,0.08695924859645376,0.631804665967205,1.0,0.0,-1692.1261310925165,14.693999856138749,440.653,513.004,3.7640685580377315,0.019645599877206554,0.17738708638201214,3.9423888908211877,-0.10114447185299014,-6.016899999999964,0.0,-0.034756553134473074,final_approach,-0.6787183078967018,-0.8709603326724036,-5.368254678861344,
75.742,63.94934196,-22.60515779,586.515,515.867,-1.0189,-2.8191,354.0019,0.001,-0.0078,-0.0098,70.028,70.571,-5.4679,119.1098,-0.1703,0.0,0.0,0.0,-0.03,1662.5,0.0,10.0,270.0,0,75.742,-0.023189834897665018,0.09952301611963178,-0.03,0.0869709335148694,0.6317004727811856,1.0,0.0,-1687.8900172513174,14.68615198792115,440.015,512.367,3.766427257397865,0.019977907176163337,0.17745072802509632,3.94740700720594,-0.10191991424869684,-6.018100000000004,0.0,-0.03493297991373311,final_approach,-0.6793682108259489,-0.8707713946367477,-5.371332719135708,
75.833,63.94937181,-22.60515788,586.014,515.316,-1.0188,-2.8198,354.001,0.0009,-0.0079,-0.0097,70.025,70.567,-5.4702,119.1032,-0.1716,0.0,0.0,0.0,-0.03,1662.3,0.0,10.0,270.0,0,75.833,-0.02319170527831471,0.09952347151545915,-0.03,0.08697969536074568,0.6316178142619722,1.0,0.0,-1684.562438144343,14.680581007530256,439.514,511.81600000000003,3.768288376668425,0.020056899332810307,0.17750797892332057,3.9515864320327707,-0.1025498304106236,-6.0190000000000055,0.0,-0.03475425746403341,final_approach,-0.6799150776053438,-0.8706464044300599,-5.373774046283298,
75.933,63.94940437,-22.60515799,585.466,514.706,-1.0188,-2.8206,354.0001,0.001,-0.008,-0.0097,70.021,70.563,-5.4727,119.096,-0.1729,0.0,0.0,0.0,-0.03,1662.1,0.0,10.0,270.0,0,75.933,-0.023192208480580734,0.0995237420718178,-0.03,0.08698845562692592,0.6315274730566661,1.0,0.0,-1680.9327574182928,14.673924699181434,438.966,511.206,3.7703124289742718,0.020087503287086285,0.17756350631194157,3.9561708278905225,-0.10318023542433252,-6.019900000000007,0.0,-0.03523114314912542,final_approach,-0.6805053682172648,-0.8705860317895766,-5.376441733277737,
76.05,63.94944236,-22.60515812,584.828,513.858,-1.0186,-2.8215,353.9989,0.0012,-0.0081,-0.0096,70.017,70.558,-5.4756,119.0876,-0.1745,0.0,0.0,0.0,-0.03,1661.9,0.0,10.0,270.0,0,76.05,-0.023198621421261667,0.09952541910035356,-0.03,0.08700013352446789,0.6314205286330675,1.0,0.0,-1676.6977583445716,14.66607722009111,438.328,510.35799999999995,3.7726951099315897,0.02013371849040406,0.1776274193689545,3.961524169727917,-0.10395589775342273,-6.021099999999933,0.0,-0.035136315061757545,final_approach,-0.6811934466148735,-0.8704542168700389,-5.379598956747731,
76.142,63.94947221,-22.60515822,584.326,513.314,-1.0185,-2.8222,353.9981,0.0013,-0.0083,-0.0096,70.014,70.554,-5.478,119.0809,-0.1757,0.0,0.0,0.0,-0.03,1661.7,0.0,10.0,270.0,0,76.142,-0.023202640693799903,0.09952511863020962,-0.03,0.08700791722922963,0.6313360031248079,1.0,0.0,-1673.3701794086178,14.660016302375345,437.826,509.81399999999996,3.774568214511204,0.020171404139855048,0.1776789921873491,3.965721962888654,-0.1045380002607601,-6.02189999999996,0.0,-0.034906531479068276,final_approach,-0.6817349131479666,-0.8703930591773013,-5.382093759742059,
76.233,63.94950205,-22.60515832,583.824,512.867,-1.0184,-2.8229,353.9972,0.0013,-0.0086,-0.0096,70.011,70.55,-5.4803,119.0743,-0.1769,0.0,0.0,0.0,-0.03,1661.5,0.0,10.0,270.0,0,76.233,-0.023206625344501297,0.09952665954163151,-0.03,0.08701667240504662,0.6312508929721053,1.0,0.0,-1670.0437152409338,14.653955773787128,437.32399999999996,509.36699999999996,3.7764454052671104,0.02024758175740002,0.17773060043977507,3.9698660909079115,-0.10512009677267997,-6.022799999999961,0.0,-0.034730213432519454,final_approach,-0.6822703703188147,-0.8703228663048392,-5.384605313428846,
76.35,63.94954003,-22.60515845,583.184,512.072,-1.0183,-2.8239,353.9961,0.0012,-0.0088,-0.0095,70.007,70.545,-5.4834,119.066,-0.1785,0.0,0.0,0.0,-0.03,1661.3,0.0,10.0,270.0,0,76.35,-0.02320864452679905,0.09952602753404892,-0.03,0.08702737103002511,0.6311419948942159,1.0,0.0,-1665.8098309338984,14.646108683823801,436.68399999999997,508.572,3.7788344744846913,0.020276217301510236,0.17779477361043733,3.9751856016657916,-0.10589596510442334,-6.023899999999912,0.0,-0.034680924410286536,final_approach,-0.6829549693318455,-0.8701855045841054,-5.387818097131138,
76.442,63.94956987,-22.60515855,582.681,511.49,-1.0182,-2.8247,353.9952,0.0012,-0.0089,-0.0095,70.004,70.541,-5.4858,119.0594,-0.1797,0.0,0.0,0.0,-0.03,1661.1,0.0,10.0,270.0,0,76.442,-0.023212810092399727,0.09952649747268863,-0.03,0.0870361226950428,0.6310557231249575,1.0,0.0,-1662.483366766214,14.640048155409646,436.18100000000004,507.99,3.780717112180633,0.02030742328738457,0.17784654624933044,3.9793569147422883,-0.10647820970126531,-6.024799999999914,0.0,-0.034492539977730996,final_approach,-0.6834937075249883,-0.8701200267361617,-5.390362756513493,
76.542,63.94960242,-22.60515866,582.132,510.89,-1.018,-2.8256,353.9943,0.0013,-0.009,-0.0094,70.001,70.537,-5.4884,119.0522,-0.181,0.0,0.0,0.0,-0.03,1660.8,0.0,10.0,270.0,0,76.542,-0.023220659210253236,0.09952775305823341,-0.03,0.08704487278014639,0.6309609554492784,1.0,0.0,-1658.8548008076416,14.63339223601404,435.63199999999995,507.39,3.7827750701024176,0.020352782609128112,0.17790255717540196,3.983882647410688,-0.10710908409583908,-6.025699999999915,0.0,-0.034084127252482596,final_approach,-0.6840780076219382,-0.8700499316256511,-5.3931574116400185,
76.633,63.94963226,-22.60515876,581.629,510.387,-1.0179,-2.8264,353.9934,0.0013,-0.009,-0.0094,69.997,70.533,-5.4909,119.0457,-0.1822,0.0,0.0,0.0,-0.03,1660.6,0.0,10.0,270.0,0,76.633,-0.023224425690324013,0.09952667790693276,-0.03,0.0870536212853027,0.6308732330502822,1.0,0.0,-1655.5283366391652,14.627331707599609,435.129,506.887,3.7846707594824323,0.020432610745728986,0.17795448240191036,3.9879920612787827,-0.10769138974478665,-6.026599999999917,0.0,-0.03498157422553878,final_approach,-0.6846099604319349,-0.8699741497087778,-5.395743747234892,
76.75,63.94967023,-22.6051589,580.988,509.615,-1.0178,-2.8274,353.9923,0.0014,-0.0091,-0.0094,69.993,70.528,-5.4941,119.0373,-0.1837,0.0,0.0,0.0,-0.03,1660.4,0.0,10.0,270.0,0,76.75,-0.023228489479759307,0.09952594773614827,-0.03,0.08706431175705986,0.6307609809650242,1.0,0.0,-1651.295567270628,14.618995069438684,434.48800000000006,506.115,3.787083727505013,0.020464452006883484,0.17801305170089202,3.9932664192888,-0.1084195654744633,-6.027699999999982,0.0,-0.03490943422213295,final_approach,-0.6852820878019834,-0.8698897958864862,-5.399052515242584,
76.85,63.94970007,-22.605159,580.485,509.014,-1.0176,-2.8282,353.9914,0.0014,-0.0091,-0.0095,69.99,70.524,-5.4966,119.0308,-0.1849,0.0,0.0,0.0,-0.03,1660.2,0.0,10.0,270.0,0,76.85,-0.023238653978069124,0.09952619742261348,-0.03,0.08707305675110166,0.6306716551044037,1.0,0.0,-1647.9691031029438,14.61293454085047,433.985,505.514,3.7889937481367775,0.02023707772534371,0.17806513857413683,3.997762045081917,-0.10900201553653233,-6.028599999999983,0.0,-0.03446312202012112,final_approach,-0.6858578255224437,-0.8698796936844655,-5.401684879089242,
76.95,63.94973261,-22.60515912,579.935,508.419,-1.0175,-2.8291,353.9905,0.0012,-0.0092,-0.0095,69.987,70.52,-5.4993,119.0237,-0.1862,0.0,0.0,0.0,-0.03,1660.0,0.0,10.0,270.0,0,76.95,-0.023241928438323456,0.09952713182111322,-0.03,0.08708180016508815,0.6305740413743225,1.0,0.0,-1644.3416520828694,14.605789073431326,433.43499999999995,504.919,3.7910708765466907,0.020326112120974887,0.1781154791527498,4.002247719513586,-0.10963311880118454,-6.0294999999999845,0.0,-0.03405738365465543,final_approach,-0.6864301421854258,-0.86979121869933,-5.4045608469043245,
77.033,63.94975702,-22.60515921,579.522,507.994,-1.0174,-2.8297,353.9898,0.0012,-0.0092,-0.0095,69.985,70.517,-5.5014,119.0183,-0.1872,0.0,0.0,0.0,-0.03,1659.8,0.0,10.0,270.0,0,77.033,-0.023247020367319737,0.09952697701714236,-0.03,0.08708859950578318,0.6305004295214438,1.0,0.0,-1641.6205064338767,14.60042977825975,433.02200000000005,504.494,3.79263037542756,0.020069950624646542,0.17815330440094929,4.005961558421544,-0.11011858747767178,-6.0301999999999225,0.0,-0.03315183837169702,final_approach,-0.686898912543235,-0.8697660873935256,-5.406729216872776,
77.142,63.94979769,-22.60515935,578.834,507.181,-1.0173,-2.8309,353.9886,0.001,-0.0093,-0.0094,69.98,70.511,-5.5048,119.0094,-0.1888,0.0,0.0,0.0,-0.03,1659.5,0.0,10.0,270.0,0,77.142,-0.023246714270403535,0.0995277473507922,-0.03,0.08710025329453086,0.6303766700930401,1.0,0.0,-1637.0867498717,14.591988075743854,432.33399999999995,503.681,3.795239108644693,0.02071384756508444,0.1782223777890842,4.010832803938289,-0.11089562754810345,-6.031399999999962,0.0,-0.03430817666817802,final_approach,-0.6875393699351058,-0.8695605275521938,-5.410373928739059,
77.25,63.94983294,-22.60515948,578.238,506.542,-1.0172,-2.8318,353.9876,0.001,-0.0094,-0.0094,69.977,70.507,-5.5078,119.0018,-0.1902,0.0,0.0,0.0,-0.03,1659.2,0.0,10.0,270.0,0,77.25,-0.023249966485256734,0.09952895063892093,-0.03,0.08710996263926318,0.630268182193918,1.0,0.0,-1633.1571970607367,14.584247217517317,431.73800000000006,503.042,3.7975125553844618,0.0207699451001766,0.17827716910538374,4.015647740107493,-0.11157548863860711,-6.032400000000052,0.0,-0.033714504041778,final_approach,-0.6881546863303782,-0.8694633863113275,-5.413568023570221,
77.35,63.94986548,-22.6051596,577.687,505.876,-1.0171,-2.8327,353.9866,0.0012,-0.0094,-0.0094,69.973,70.503,-5.5106,118.9947,-0.1914,0.0,0.0,0.0,-0.03,1659.0,0.0,10.0,270.0,0,77.35,-0.0232561065064128,0.09952905190243916,-0.03,0.0871196700331357,0.6301674714870656,1.0,0.0,-1629.529746040662,14.577101750098176,431.187,502.376,3.799612018544031,0.020807392849429392,0.1783278331077626,4.020095030951244,-0.11215874943519566,-6.033400000000029,0.0,-0.03428591276525737,final_approach,-0.6887230929163337,-0.8694410303759508,-5.416532415550005,
77.45,63.94989801,-22.60515972,577.136,505.24,-1.0169,-2.8337,353.9857,0.0012,-0.0095,-0.0093,69.97,70.498,-5.5135,118.9876,-0.1927,0.0,0.0,0.0,-0.03,1658.8,0.0,10.0,270.0,0,77.45,-0.023262930138346682,0.09952853794906964,-0.03,0.0871284050195994,0.6300659873761126,1.0,0.0,-1625.9034097880653,14.569956671806306,430.63599999999997,501.74,3.801717043179098,0.020847868432969395,0.17837853792443212,4.02453256797385,-0.11279023242431663,-6.03430000000003,0.0,-0.03389628433205203,final_approach,-0.689290451515685,-0.8693445216267115,-5.419518865196697,
77.55,63.94993054,-22.60515984,576.584,504.675,-1.0168,-2.8346,353.9848,0.0012,-0.0095,-0.0093,69.967,70.494,-5.5163,118.9805,-0.194,0.0,0.0,0.0,-0.03,1658.6,0.0,10.0,270.0,0,77.55,-0.02326582873698796,0.09952980271610358,-0.03,0.08713713842579784,0.6299640484235787,1.0,0.0,-1622.2770735354684,14.562811593514438,430.08399999999995,501.175,3.803820982324619,0.02087978893667615,0.17842932138146328,4.028960391552083,-0.11342179075671766,-6.035200000000032,0.0,-0.0335420766655021,final_approach,-0.6898568164449834,-0.8692464039222028,-5.422517986004198,
77.642,63.94996036,-22.60515995,576.079,504.01,-1.0167,-2.8354,353.9839,0.0012,-0.0096,-0.0092,69.964,70.49,-5.5189,118.9741,-0.1951,0.0,0.0,0.0,-0.03,1658.3,0.0,10.0,270.0,0,77.642,-0.02327165117028196,0.09953082845192399,-0.03,0.08714587025169784,0.6298693871257125,1.0,0.0,-1618.9528390729681,14.556261905855628,429.57899999999995,500.51,3.805765406683009,0.020922332009531173,0.1784759452723374,4.033024699983045,-0.1139565549393069,-6.036100000000033,0.0,-0.03345722384610878,final_approach,-0.6903766956259396,-0.8692240016128174,-5.425302352947021,
77.733,63.94999018,-22.60516006,575.573,503.555,-1.0166,-2.8363,353.9831,0.0011,-0.0096,-0.0092,69.961,70.486,-5.5215,118.9676,-0.1963,0.0,0.0,0.0,-0.03,1658.1,0.0,10.0,270.0,0,77.733,-0.02327401402424084,0.09953198893704378,-0.03,0.08715363054802339,0.6297744039813742,1.0,0.0,-1615.6286046104678,14.549712218370873,429.073,500.055,3.807707552871551,0.02099232097596765,0.1785226355467256,4.037036751561182,-0.11453961676352264,-6.03690000000006,0.0,-0.03341266103891991,final_approach,-0.6908907653072554,-0.8691201666232562,-5.4280955682272385,
77.85,63.95002813,-22.6051602,574.928,502.741,-1.0165,-2.8374,353.982,0.0013,-0.0097,-0.0091,69.957,70.482,-5.5248,118.9594,-0.1977,0.0,0.0,0.0,-0.03,1657.8,0.0,10.0,270.0,0,77.85,-0.02328007659208875,0.09953376490628084,-0.03,0.08716429891660549,0.6296528877715974,1.0,0.0,-1611.3980647768858,14.541376358464497,428.428,499.241,3.81017943046807,0.021014793970741002,0.1785821454263838,4.042186419244979,-0.11522042966933554,-6.038000000000011,0.0,-0.033483149507025266,final_approach,-0.6915500461786159,-0.8690877603302063,-5.431668152172389,
77.942,63.95006065,-22.60516033,574.376,502.067,-1.0163,-2.8383,353.9811,0.0014,-0.0098,-0.0091,69.953,70.477,-5.5277,118.9523,-0.1989,0.0,0.0,0.0,-0.03,1657.6,0.0,10.0,270.0,0,77.942,-0.023286619826810573,0.09953435881289904,-0.03,0.08717302582581155,0.6295474666474787,1.0,0.0,-1607.772843462787,14.533741731975033,427.876,498.567,3.812312435170832,0.021376467263230493,0.17862718579774015,4.04622408198602,-0.11580411580357008,-6.038900000000012,0.0,-0.03439179599451974,final_approach,-0.6920648329137578,-0.8689840648271758,-5.434766720495688,
78.05,63.95009317,-22.60516045,573.823,501.443,-1.0162,-2.8393,353.9802,0.0012,-0.0098,-0.0091,69.95,70.473,-5.5306,118.9453,-0.2002,0.0,0.0,0.0,-0.03,1657.4,0.0,10.0,270.0,0,78.05,-0.023291513007275777,0.09953579247472716,-0.03,0.08718175115458404,0.6294415724727607,1.0,0.0,-1604.1476219768758,14.52659704281016,427.323,497.943,3.814444446097683,0.021103863038573128,0.1786783225109336,4.050954934122052,-0.11643596028406478,-6.039800000000014,0.0,-0.03379052161117956,final_approach,-0.6926658451848091,-0.8689376614749005,-5.437878427813526,
78.142,63.95012569,-22.60516058,573.269,500.834,-1.0161,-2.8402,353.9793,0.0012,-0.01,-0.0091,69.947,70.469,-5.5334,118.9383,-0.2014,0.0,0.0,0.0,-0.03,1657.1,0.0,10.0,270.0,0,78.142,-0.02329408209256817,0.09953901283389535,-0.03,0.08719047490289067,0.6293352060145078,1.0,0.0,-1600.522400662777,14.518962416320699,426.769,497.334,3.8165754571036348,0.02144707971683923,0.1787235079505897,4.0549745683888645,-0.11701970656170602,-6.040700000000015,0.0,-0.03368308288763375,final_approach,-0.6931787865630525,-0.8688310980321461,-5.4410032423909875,
78.233,63.95015279,-22.60516068,572.808,500.387,-1.016,-2.841,353.9785,0.0013,-0.0102,-0.0091,69.944,70.466,-5.5359,118.9324,-0.2024,0.0,0.0,0.0,-0.03,1656.9,0.0,10.0,270.0,0,78.233,-0.023301458005026532,0.0995391864767132,-0.03,0.08719822801899269,0.6292455651928915,1.0,0.0,-1597.501382758643,14.51300850859655,426.308,496.887,3.8183633076559462,0.021147017991709052,0.17876624532359753,4.058942207189199,-0.11750626892461469,-6.041500000000042,0.0,-0.033617987440306245,final_approach,-0.693682640621379,-0.8688571225461459,-5.443636095160073,
78.35,63.95019073,-22.60516083,572.162,499.682,-1.0159,-2.8422,353.9775,0.0012,-0.0104,-0.009,69.94,70.461,-5.5393,118.9242,-0.2038,0.0,0.0,0.0,-0.03,1656.6,0.0,10.0,270.0,0,78.35,-0.023306371964252448,0.09954150025005204,-0.03,0.08720791765797531,0.6291192503220943,1.0,0.0,-1593.2719578627673,14.504183100666362,425.66200000000003,496.182,3.8208702574297653,0.02119366851704993,0.17882013065649807,4.064034287867971,-0.11818748777852761,-6.042500000000018,0.0,-0.03366980987192193,final_approach,-0.694328019243148,-0.8688031819296516,-5.447345177638653,
78.433,63.95022053,-22.60516094,571.654,499.087,-1.0158,-2.8431,353.9766,0.0012,-0.0104,-0.009,69.937,70.457,-5.542,118.9178,-0.2049,0.0,0.0,0.0,-0.03,1656.4,0.0,10.0,270.0,0,78.433,-0.023309166763374134,0.09954321391915125,-0.03,0.08721663666468815,0.6290194129131097,1.0,0.0,-1589.9499529352222,14.497634191262096,425.154,495.587,3.8228416315210305,0.02161997294345515,0.17886724922688044,4.067636441357368,-0.11872276147215644,-6.04340000000002,0.0,-0.033894788821133476,final_approach,-0.694796399153951,-0.8687025047422487,-5.450276013977845,
78.55,63.95025575,-22.60516108,571.054,498.338,-1.0156,-2.8442,353.9757,0.0012,-0.0105,-0.0089,69.934,70.452,-5.5452,118.9102,-0.2062,0.0,0.0,0.0,-0.03,1656.1,0.0,10.0,270.0,0,78.55,-0.023319982640659764,0.09954599157349879,-0.03,0.0872253540908049,0.6289002146898888,1.0,0.0,-1586.0237445985047,14.489404563266849,424.554,494.838,3.8251838161853318,0.021353089510288758,0.17891697896505393,4.072705945774985,-0.11935546230270688,-6.044300000000021,0.0,-0.03314444671385123,final_approach,-0.6954337619349964,-0.8687095211224296,-5.4537743218155335,
78.633,63.95028285,-22.60516119,570.591,497.914,-1.0155,-2.8451,353.9749,0.0011,-0.0107,-0.0089,69.931,70.449,-5.5477,118.9043,-0.2072,0.0,0.0,0.0,-0.03,1655.9,0.0,10.0,270.0,0,78.633,-0.023324392861729548,0.09954713410437081,-0.03,0.08723310158707342,0.6288083493235113,1.0,0.0,-1583.0027268645993,14.482960718217557,424.091,494.414,3.8269805079224732,0.021402055991789848,0.17895392229620274,4.076291301542258,-0.1198422554836327,-6.045100000000048,0.0,-0.03341718595016067,final_approach,-0.6958868608136051,-0.8686588101442538,-5.456469789629232,
78.733,63.95031806,-22.60516133,569.99,497.208,-1.0154,-2.8462,353.974,0.0012,-0.0109,-0.0088,69.927,70.445,-5.5509,118.8967,-0.2085,0.0,0.0,0.0,-0.03,1655.6,0.0,10.0,270.0,0,78.733,-0.023326382453300543,0.09954987320925532,-0.03,0.08724181602753112,0.6286877447210188,1.0,0.0,-1579.0776332945672,14.474731479175247,423.49,493.708,3.8293283114743892,0.02174805257968453,0.17900376179234953,4.080604040049686,-0.1204750996697328,-6.046000000000049,0.0,-0.034015623591046366,final_approach,-0.6964389860536357,-0.8685373255367868,-5.460007642284136,
78.833,63.95034786,-22.60516145,569.481,496.617,-1.0153,-2.8472,353.9732,0.0011,-0.011,-0.0088,69.924,70.441,-5.5537,118.8903,-0.2096,0.0,0.0,0.0,-0.03,1655.4,0.0,10.0,270.0,0,78.833,-0.023332997783523934,0.09955130784344272,-0.03,0.08724956086982805,0.6285849483251702,1.0,0.0,-1575.7556285380426,14.467692632620173,422.981,493.117,3.831319745223956,0.02144243339901527,0.17904509339378985,4.084906535922233,-0.12101062024564158,-6.046799999999962,0.0,-0.0336505669009515,final_approach,-0.6969787637981533,-0.8685437327148193,-5.463022327126158,
78.942,63.95038308,-22.60516159,568.879,495.85,-1.0152,-2.8483,353.9722,0.0012,-0.011,-0.0088,69.921,70.436,-5.557,118.8827,-0.2109,0.0,0.0,0.0,-0.03,1655.1,0.0,10.0,270.0,0,78.942,-0.023337710969889514,0.0995538841826201,-0.03,0.0872592401663449,0.6284626036409731,1.0,0.0,-1571.8294202005331,14.45946300445059,422.379,492.35,3.8336784147013674,0.02147522275210215,0.17909512667081554,4.089586077648834,-0.1216436136039647,-6.047800000000052,0.0,-0.033093509526303085,final_approach,-0.6975725246900346,-0.8684846865588103,-5.466609370049536,
79.05,63.95041829,-22.60516173,568.277,495.257,-1.0151,-2.8495,353.9713,0.0012,-0.011,-0.0088,69.917,70.432,-5.5604,118.8752,-0.2121,0.0,0.0,0.0,-0.03,1654.8,0.0,10.0,270.0,0,79.05,-0.02334455929160667,0.09955467151884553,-0.03,0.0872679498646366,0.6283392287514995,1.0,0.0,-1567.9043266305014,14.45123376558234,421.77700000000004,491.757,3.83604450749438,0.02154739672707989,0.17914520656976726,4.094211250078833,-0.1222284037307304,-6.0487000000000535,0.0,-0.03345201202728289,final_approach,-0.6981602115996317,-0.8684890463133197,-5.4702255959489925,
79.133,63.95044808,-22.60516185,567.767,494.725,-1.015,-2.8505,353.9704,0.0013,-0.011,-0.0088,69.914,70.428,-5.5632,118.8688,-0.2132,0.0,0.0,0.0,-0.03,1654.6,0.0,10.0,270.0,0,79.133,-0.023346520868119336,0.09955705834862415,-0.03,0.08727665798214201,0.6282342617189375,1.0,0.0,-1564.5834366414547,14.44419530815454,421.26700000000005,491.225,3.838047879977896,0.021979000251514013,0.1791867014751819,4.097756428509388,-0.12276411550840294,-6.049600000000055,0.0,-0.033696790780553085,final_approach,-0.6986147598190371,-0.8683668924100125,-5.473301464865347,
79.242,63.95048058,-22.60516199,567.211,494.126,-1.0148,-2.8515,353.9696,0.0012,-0.0112,-0.0087,69.911,70.424,-5.5663,118.8618,-0.2144,0.0,0.0,0.0,-0.03,1654.3,0.0,10.0,270.0,0,79.242,-0.02335629367247588,0.09955963454132415,-0.03,0.08728439720392911,0.6281186087860279,1.0,0.0,-1560.9604450333316,14.436071522594755,420.711,490.626,3.840245025504715,0.021675383278125727,0.1792265140826232,4.102403603520811,-0.12334860993999541,-6.050399999999968,0.0,-0.03313553123503147,final_approach,-0.6991914218959323,-0.8683551044456728,-5.4766896073883515,
79.35,63.95051579,-22.60516213,566.608,493.315,-1.0147,-2.8527,353.9686,0.0011,-0.0114,-0.0087,69.907,70.419,-5.5697,118.8542,-0.2156,0.0,0.0,0.0,-0.03,1654.0,0.0,10.0,270.0,0,79.35,-0.02336324393425382,0.09956162590414501,-0.03,0.08729406947466556,0.6279924919137497,1.0,0.0,-1557.0353514633,14.427842283552446,420.10799999999995,489.815,3.842628971707024,0.021741748722989333,0.17927682386742091,4.106996847525817,-0.12393369787264419,-6.051400000000058,0.0,-0.03349021358067277,final_approach,-0.6997758054208738,-0.8683540442876971,-5.480383276141048,
79.45,63.95054828,-22.60516227,566.051,492.752,-1.0146,-2.8539,353.9678,0.0011,-0.0115,-0.0088,69.904,70.415,-5.5729,118.8472,-0.2168,0.0,0.0,0.0,-0.03,1653.8,0.0,10.0,270.0,0,79.45,-0.023366493554707823,0.09956326374735774,-0.03,0.08730180588602654,0.6278753538185171,1.0,0.0,-1553.4134746218626,14.419718887119656,419.55100000000004,489.252,3.844832149278266,0.021790086554560613,0.17931673401766413,4.1112385314358315,-0.12451833295176584,-6.052199999999971,0.0,-0.03317292143697512,final_approach,-0.7003068459062796,-0.8682733825473221,-5.483813022973948,
79.55,63.95058077,-22.6051624,565.493,492.154,-1.0145,-2.855,353.9669,0.0012,-0.0115,-0.0088,69.901,70.411,-5.576,118.8402,-0.2179,0.0,0.0,0.0,-0.03,1653.5,0.0,10.0,270.0,0,79.55,-0.023373262332049338,0.09956670936167415,-0.03,0.08731050785572514,0.6277576949387524,1.0,0.0,-1549.791597609405,14.412085428011736,418.99300000000005,488.654,3.8470345649614255,0.021829098267399864,0.17936280435010132,4.115470683432722,-0.12505482458803385,-6.053099999999972,0.0,-0.032884474033614004,final_approach,-0.7008449125441913,-0.8682757529805762,-5.487257094182979,
79.642,63.95061327,-22.60516254,564.935,491.494,-1.0144,-2.8561,353.966,0.0012,-0.0116,-0.0088,69.898,70.407,-5.5792,118.8333,-0.219,0.0,0.0,0.0,-0.03,1653.2,0.0,10.0,270.0,0,79.642,-0.0233772927222064,0.09956907591797697,-0.03,0.08731920824448103,0.6276389009585908,1.0,0.0,-1546.168606001282,14.403961642626012,418.43499999999995,487.994,3.849247642181944,0.022200113086091728,0.17940288367110296,4.119354971967937,-0.12559129055463814,-6.053999999999974,0.0,-0.03285940327166506,final_approach,-0.7013358523322637,-0.8682072344542231,-5.490733453693064,
79.742,63.95064305,-22.60516266,564.424,490.985,-1.0143,-2.8571,353.9652,0.0011,-0.0118,-0.0087,69.895,70.403,-5.5822,118.8269,-0.2201,0.0,0.0,0.0,-0.03,1653.0,0.0,10.0,270.0,0,79.742,-0.023383324225589308,0.09957046799978156,-0.03,0.08732694059613844,0.6275290008284167,1.0,0.0,-1542.848830779713,14.396923574151424,417.924,487.485,3.851285685830014,0.021896833651859165,0.17944472226440758,4.123568260954484,-0.12612737224185366,-6.0548,0.0,-0.03259945751969538,final_approach,-0.701866222696971,-0.868198638707419,-5.4939487076368145,
79.842,63.95067554,-22.6051628,563.865,490.298,-1.0142,-2.8583,353.9643,0.0011,-0.0119,-0.0087,69.891,70.399,-5.5854,118.8199,-0.2212,0.0,0.0,0.0,-0.03,1652.7,0.0,10.0,270.0,0,79.842,-0.023389439496840025,0.09957274443702069,-0.03,0.08733563799858246,0.6274088567861947,1.0,0.0,-1539.2269539382758,14.388800177892696,417.365,486.798,3.853503558575063,0.021943815951631234,0.1794848880737089,4.12777152222534,-0.1266640502732912,-6.055700000000002,0.0,-0.03327223410880572,final_approach,-0.7023932604464704,-0.8681841297335353,-5.497462738831128,
79.942,63.95070802,-22.60516294,563.307,489.587,-1.0141,-2.8595,353.9635,0.0011,-0.012,-0.0086,69.888,70.395,-5.5887,118.8129,-0.2223,0.0,0.0,0.0,-0.03,1652.4,0.0,10.0,270.0,0,79.942,-0.023395174315317846,0.09957474498140294,-0.03,0.08734336769568918,0.627287299153452,1.0,0.0,-1535.6061918643163,14.380677170587182,416.807,486.087,3.855736892051377,0.022008735753549655,0.1795250785274329,4.131964791670666,-0.1272007915240181,-6.0564999999999145,0.0,-0.03297475828073273,final_approach,-0.7029192022918167,-0.868167876235157,-5.501017138810756,
80.042,63.95074051,-22.60516308,562.748,489.086,-1.014,-2.8606,353.9626,0.001,-0.012,-0.0086,69.885,70.391,-5.592,118.806,-0.2234,0.0,0.0,0.0,-0.03,1652.2,0.0,10.0,270.0,0,80.042,-0.02340116527823788,0.09957703408004989,-0.03,0.0873520621117082,0.6271650742271332,1.0,0.0,-1531.984315022879,14.372553774154392,416.24800000000005,485.586,3.857971848598632,0.02206554070671574,0.1795653712310506,4.136148112821536,-0.12773750532173267,-6.057399999999916,0.0,-0.0327043257097569,final_approach,-0.7034441552248474,-0.8681501757034837,-5.504590061930266,
80.133,63.95077028,-22.6051632,562.235,488.465,-1.0139,-2.8617,353.9618,0.001,-0.0121,-0.0086,69.882,70.387,-5.595,118.7996,-0.2244,0.0,0.0,0.0,-0.03,1651.9,0.0,10.0,270.0,0,80.133,-0.023407276473777716,0.0995795582017573,-0.03,0.08735978915416587,0.6270525638456301,1.0,0.0,-1528.6656545687877,14.365516094981139,415.735,484.965,3.86001986629445,0.022138898749768807,0.17960741820867612,4.1399460719363,-0.1282255969853736,-6.0581999999999425,0.0,-0.0327282081876914,final_approach,-0.7039279387070145,-0.8681436917322021,-5.507878130894966,
80.233,63.95080276,-22.60516334,561.675,487.749,-1.0138,-2.8629,353.9609,0.001,-0.0123,-0.0086,69.879,70.383,-5.5983,118.7926,-0.2255,0.0,0.0,0.0,-0.03,1651.6,0.0,10.0,270.0,0,80.233,-0.02341314026831487,0.09958244864574278,-0.03,0.08736848058364721,0.6269289537669888,1.0,0.0,-1525.0448924948282,14.357393087675622,415.17499999999995,484.249,3.8622597868075017,0.022182283146560164,0.17964779824634625,4.144111031521147,-0.12876252191875892,-6.059099999999944,0.0,-0.032480189261537507,final_approach,-0.7044509329807269,-0.8681227255760291,-5.511489618321967,
80.35,63.95084065,-22.60516351,561.022,487.095,-1.0137,-2.8643,353.9599,0.0011,-0.0124,-0.0085,69.875,70.378,-5.6022,118.7845,-0.2268,0.0,0.0,0.0,-0.03,1651.3,0.0,10.0,270.0,0,80.35,-0.02341842242878578,0.09958534045775935,-0.03,0.08737813587307408,0.6267832672399588,1.0,0.0,-1520.8210417783816,14.347589750732064,414.52200000000005,483.595,3.8648863068511523,0.022226717499128947,0.17969088543944298,4.148972832094629,-0.12939699205327315,-6.06009999999992,0.0,-0.03263544789122308,final_approach,-0.7050561028703903,-0.868078627618095,-5.515744812582351,
80.442,63.95087042,-22.60516364,560.508,486.519,-1.0135,-2.8654,353.9592,0.0012,-0.0125,-0.0085,69.872,70.374,-5.6053,118.7781,-0.2278,0.0,0.0,0.0,-0.03,1651.0,0.0,10.0,270.0,0,80.442,-0.023427704762573665,0.09958736998100035,-0.03,0.08738489341418565,0.6266682642557228,1.0,0.0,-1517.5023814953106,14.340062134233941,414.00800000000004,483.019,3.866949516321684,0.022259962898788187,0.17972698575557705,4.152784198099052,-0.129885261429024,-6.060799999999972,0.0,-0.03263301586949149,final_approach,-0.7055335742899906,-0.8680623762892967,-5.519102817224542,
80.533,63.95090019,-22.60516377,559.994,485.911,-1.0135,-2.8665,353.9584,0.001,-0.0127,-0.0085,69.869,70.37,-5.6083,118.7717,-0.2288,0.0,0.0,0.0,-0.03,1650.8,0.0,10.0,270.0,0,80.533,-0.023429249794357176,0.09959138714507372,-0.03,0.0873926151470431,0.6265523549941482,1.0,0.0,-1514.1837212122398,14.332534517735818,413.494,482.411,3.8690200640665147,0.022342181069192415,0.17976313852334888,4.156545864970443,-0.13037358340949368,-6.0615999999999985,0.0,-0.03266338106017692,final_approach,-0.7060055069114775,-0.8680377096862202,-5.522486403532014,
80.65,63.95093808,-22.60516393,559.34,485.143,-1.0133,-2.868,353.9574,0.001,-0.0128,-0.0085,69.865,70.366,-5.6123,118.7636,-0.23,0.0,0.0,0.0,-0.03,1650.4,0.0,10.0,270.0,0,80.65,-0.023441444979840742,0.09959412310115118,-0.03,0.08740226555617725,0.6264034034753303,1.0,0.0,-1509.959870324773,14.323221118117129,412.84000000000003,481.643,3.871667892263969,0.02239031926343547,0.1798125855993214,4.161373408612179,-0.13096003163695968,-6.062599999999975,0.0,-0.032801985889985806,final_approach,-0.7066151735385944,-0.8680726542517156,-5.526833252511654,
80.742,63.95096784,-22.60516407,558.825,484.554,-1.0132,-2.8691,353.9566,0.0011,-0.0128,-0.0085,69.862,70.362,-5.6155,118.7572,-0.231,0.0,0.0,0.0,-0.03,1650.2,0.0,10.0,270.0,0,80.742,-0.02344652624697191,0.09959558258365085,-0.03,0.08740998447790882,0.6262860671399549,1.0,0.0,-1506.6423249802,14.31520395342141,412.32500000000005,481.054,3.873743581501591,0.02241890597609145,0.1798426662990994,4.165157388791952,-0.1314484711260775,-6.0634000000000015,0.0,-0.032784414050184875,final_approach,-0.7070816350045845,-0.8680395764997861,-5.530256451265757,
80.842,63.95100031,-22.60516421,558.263,484.038,-1.0131,-2.8703,353.9558,0.0009,-0.0129,-0.0084,69.859,70.358,-5.6189,118.7502,-0.2321,0.0,0.0,0.0,-0.03,1649.9,0.0,10.0,270.0,0,80.842,-0.023451681918604417,0.09959925601105121,-0.03,0.08741770215021527,0.6261570472420345,1.0,0.0,-1503.0226776737181,14.307081335243168,411.76300000000003,480.538,3.876015788711968,0.02246943366403794,0.17988338928966918,4.169261869758279,-0.1319857776330764,-6.064200000000028,0.0,-0.032531285500168323,final_approach,-0.7075982510710652,-0.8680084366014018,-5.534019468222823,
80.942,63.95103548,-22.60516437,557.654,483.308,-1.0131,-2.8717,353.9549,0.0009,-0.0131,-0.0084,69.855,70.353,-5.6227,118.7427,-0.2332,0.0,0.0,0.0,-0.03,1649.6,0.0,10.0,270.0,0,80.942,-0.02345306216506482,0.0996013355159077,-0.03,0.08742638303807915,0.6260161915316211,1.0,0.0,-1499.102043514846,14.297873778233999,411.154,479.808,3.878484446688128,0.02283895801363208,0.1799224183665353,4.173356572029071,-0.1325236212791765,-6.0651000000000295,0.0,-0.0332102595455993,final_approach,-0.7081115349434874,-0.8679714732012425,-5.538126447823306,
81.042,63.95106524,-22.6051645,557.139,482.62,-1.013,-2.8729,353.9541,0.0011,-0.0131,-0.0084,69.852,70.349,-5.6259,118.7363,-0.2342,0.0,0.0,0.0,-0.03,1649.3,0.0,10.0,270.0,0,81.042,-0.023460587227040586,0.09960414135329554,-0.03,0.08743409805528479,0.6258958048579304,1.0,0.0,-1495.7844979992526,14.29034655086315,410.639,479.12,3.8805845726778876,0.022532674994292276,0.17995882070184835,4.177441265525826,-0.13301223097039383,-6.065900000000056,0.0,-0.032918417768726504,final_approach,-0.7086202337541891,-0.8680017080962745,-5.541635578108888,
81.133,63.951095,-22.60516463,556.623,482.04,-1.0129,-2.8741,353.9533,0.0011,-0.0131,-0.0083,69.849,70.346,-5.6291,118.7299,-0.2352,0.0,0.0,0.0,-0.03,1649.0,0.0,10.0,270.0,0,81.133,-0.02346564264437151,0.09960711431630195,-0.03,0.08744181182299593,0.6257750131740302,1.0,0.0,-1492.4669524828676,14.282819323492022,410.12300000000005,478.54,3.8826828155135487,0.02262016475835933,0.17999527616242889,4.181149263817845,-0.13350089332107018,-6.066699999999969,0.0,-0.03292283733220922,final_approach,-0.7090865042559393,-0.8679680075047536,-5.545155564816767,
81.25,63.95113287,-22.6051648,555.966,481.37,-1.0127,-2.8756,353.9524,0.001,-0.0133,-0.0083,69.845,70.341,-5.6332,118.7218,-0.2364,0.0,0.0,0.0,-0.03,1648.7,0.0,10.0,270.0,0,81.25,-0.023476598235706803,0.09961083467725346,-0.03,0.08745048831810986,0.6256201382091434,1.0,0.0,-1488.2453313013764,14.273016764803012,409.466,477.87,3.8853601729499876,0.02266403678073937,0.1800389169518615,4.185907334972324,-0.1340877612679776,-6.06759999999997,0.0,-0.03303785522819699,final_approach,-0.7096806892418286,-0.8679790199299227,-5.549667382797317,
81.333,63.95116263,-22.60516494,555.449,480.732,-1.0126,-2.8768,353.9516,0.001,-0.0134,-0.0083,69.842,70.337,-5.6364,118.7154,-0.2373,0.0,0.0,0.0,-0.03,1648.4,0.0,10.0,270.0,0,81.333,-0.023481736481393456,0.09961450993481778,-0.03,0.08745819943057653,0.6254977269200804,1.0,0.0,-1484.9277859568037,14.264999600107293,408.94899999999996,477.232,3.8874661757450966,0.023115618592602118,0.18006930698672996,4.189272077158799,-0.134528278303236,-6.068399999999997,0.0,-0.0333202845995659,final_approach,-0.7101002555769611,-0.8679474883180305,-5.55323236686143,
81.442,63.95119508,-22.60516509,554.886,480.185,-1.0126,-2.8781,353.9508,0.001,-0.0135,-0.0083,69.839,70.333,-5.64,118.7084,-0.2384,0.0,0.0,0.0,-0.03,1648.1,0.0,10.0,270.0,0,81.442,-0.023484560613325434,0.09961762295536522,-0.03,0.08746590929348064,0.6253627467899215,1.0,0.0,-1481.3103683562974,14.25638782303279,408.38599999999997,476.685,3.8897781728662517,0.02279817928765049,0.18010413767551117,4.193682406285086,-0.13506595550430234,-6.06919999999991,0.0,-0.03279325288867981,final_approach,-0.7106436200096837,-0.8679560478217283,-5.55716226737788,
81.533,63.95122754,-22.60516524,554.321,479.508,-1.0124,-2.8794,353.9499,0.0012,-0.0136,-0.0082,69.836,70.329,-5.6436,118.7014,-0.2394,0.0,0.0,0.0,-0.03,1647.8,0.0,10.0,270.0,0,81.533,-0.02349338635847753,0.09962079588101534,-0.03,0.08747458139560549,0.6252275852617529,1.0,0.0,-1477.6918359883139,14.247775656656955,407.821,476.008,3.8920826511165676,0.023219138875818026,0.18013906336199775,4.19735422441863,-0.1355554274646522,-6.070099999999911,0.0,-0.03280905107762085,final_approach,-0.7111037931592676,-0.8679119519725838,-5.561096268011518,
81.642,63.95125729,-22.60516537,553.804,478.924,-1.0123,-2.8806,353.9492,0.0012,-0.0137,-0.0082,69.833,70.325,-5.6469,118.695,-0.2403,0.0,0.0,0.0,-0.03,1647.5,0.0,10.0,270.0,0,81.642,-0.02350539930147344,0.09962418135935552,-0.03,0.08748132527052055,0.6251022235847704,1.0,0.0,-1474.3754052394063,14.240248818413104,407.304,475.424,3.89421066271449,0.0226031227603111,0.1801757570932202,4.201742994926403,-0.13599609930199108,-6.070799999999963,0.0,-0.03232849514145704,final_approach,-0.7116471737576937,-0.868066532593069,-5.564743980237374,
81.733,63.95128974,-22.60516552,553.239,478.378,-1.0122,-2.882,353.9484,0.001,-0.0138,-0.0082,69.83,70.321,-5.6505,118.688,-0.2414,0.0,0.0,0.0,-0.03,1647.2,0.0,10.0,270.0,0,81.733,-0.023507126067811135,0.09962827442766695,-0.03,0.08748903138461173,0.6249649694204736,1.0,0.0,-1470.7579876389004,14.2316370413386,406.73900000000003,474.878,3.8965303297328258,0.02308441002614831,0.18021075411561072,4.205396886466314,-0.1365339554323839,-6.0715999999999894,0.0,-0.03238654403469106,final_approach,-0.7121054165735821,-0.8679467115185844,-5.5687365721859585,
81.833,63.95132219,-22.60516567,552.674,477.694,-1.0121,-2.8833,353.9475,0.0009,-0.014,-0.0082,69.826,70.317,-5.6542,118.681,-0.2424,0.0,0.0,0.0,-0.03,1646.9,0.0,10.0,270.0,0,81.833,-0.02351428318962545,0.09963058177925929,-0.03,0.08749769926924322,0.624826537447746,1.0,0.0,-1467.1405700383946,14.223025264090035,406.174,474.194,3.89885922263113,0.023118496518963926,0.18024580713871685,4.209403477558631,-0.1370235980619725,-6.072499999999991,0.0,-0.03307867639517834,final_approach,-0.7126035218039277,-0.8679594480600521,-5.572762197330416,
81.933,63.95135464,-22.60516582,552.108,477.097,-1.0121,-2.8847,353.9467,0.001,-0.0141,-0.0081,69.823,70.313,-5.6578,118.6741,-0.2434,0.0,0.0,0.0,-0.03,1646.5,0.0,10.0,270.0,0,81.933,-0.02351720849301958,0.0996354518419542,-0.03,0.08750540272780694,0.6246874904994896,1.0,0.0,-1463.5231524378885,14.21441348701553,405.60799999999995,473.597,3.9011878081275757,0.02314638959321274,0.18028091630148158,4.213400224263584,-0.1375131994161336,-6.0733000000000175,0.0,-0.032798796722889274,final_approach,-0.7131005893293256,-0.8679706849356439,-5.576804466748786,
82.05,63.95139249,-22.605166,551.448,476.368,-1.0119,-2.8863,353.9458,0.001,-0.0143,-0.0081,69.819,70.308,-5.6621,118.6659,-0.2445,0.0,0.0,0.0,-0.03,1646.2,0.0,10.0,270.0,0,82.05,-0.023529878324861475,0.09963988258106149,-0.03,0.0875140676249152,0.624523688695253,1.0,0.0,-1459.303760961581,14.204121769255922,404.948,472.868,3.9039174517010933,0.023177039153201212,0.18031880530608624,4.218065263609767,-0.13805243348963359,-6.074200000000019,0.0,-0.03292509103789546,final_approach,-0.7136767047902914,-0.8680261928333639,-5.581564800595725,
82.133,63.95142223,-22.60516614,550.929,475.746,-1.0118,-2.8876,353.945,0.0011,-0.0144,-0.0081,69.816,70.304,-5.6656,118.6595,-0.2454,0.0,0.0,0.0,-0.03,1645.9,0.0,10.0,270.0,0,82.133,-0.023534581787249487,0.09964193341785381,-0.03,0.08752176842785431,0.6243940753636713,1.0,0.0,-1455.9884451519638,14.19610538281475,404.429,472.246,3.906067155374682,0.02363087333768565,0.18034951697624904,4.221364292956142,-0.13849337176472432,-6.0750000000000455,0.0,-0.03321777169929179,final_approach,-0.7140892743877743,-0.8679834968911759,-5.585330347675857,
82.233,63.95145197,-22.60516628,550.409,475.14,-1.0117,-2.8889,353.9443,0.0011,-0.0145,-0.0081,69.813,70.3,-5.669,118.6531,-0.2463,0.0,0.0,0.0,-0.03,1645.6,0.0,10.0,270.0,0,82.233,-0.02354335298748378,0.09964575085163938,-0.03,0.08752850560524916,0.6242640278697451,1.0,0.0,-1452.6731293415542,14.188088996547364,403.909,471.64,3.9082151117745845,0.023272321781241542,0.1803802738343803,4.225331106029727,-0.138934357593115,-6.0756999999999834,0.0,-0.03292524699935605,final_approach,-0.7145772377743036,-0.8680541999018949,-5.589107429659297,
82.358,63.95148982,-22.60516646,549.747,474.335,-1.0116,-2.8905,353.9434,0.0011,-0.0146,-0.0081,69.81,70.295,-5.6734,118.6449,-0.2475,0.0,0.0,0.0,-0.03,1645.2,0.0,10.0,270.0,0,82.358,-0.02355120231857094,0.09965064282252757,-0.03,0.08753716628449204,0.6240971554943697,1.0,0.0,-1448.453737866039,14.177797278788029,403.24699999999996,470.835,3.9109583379971284,0.023051236447759912,0.1804183472546285,4.230277853161431,-0.13952207688490148,-6.076599999999985,0.0,-0.03211386090850558,final_approach,-0.7151853728596897,-0.868084926436806,-5.593952469162026,
82.442,63.95152226,-22.60516661,549.18,473.794,-1.0115,-2.892,353.9425,0.0011,-0.0147,-0.0081,69.806,70.291,-5.6772,118.6379,-0.2485,0.0,0.0,0.0,-0.03,1644.9,0.0,10.0,270.0,0,82.442,-0.023553812664755258,0.09965402448922865,-0.03,0.08754582538197964,0.6239525812707485,1.0,0.0,-1444.837435033011,14.16918589066674,402.67999999999995,470.294,3.913323389154946,0.023901925527534094,0.18045370122475204,4.233591186075458,-0.14001207359973478,-6.077499999999986,0.0,-0.03352342333674253,final_approach,-0.715605659438932,-0.8679800100425386,-5.598148662690079,
82.542,63.95155199,-22.60516676,548.659,473.224,-1.0114,-2.8933,353.9418,0.0011,-0.0147,-0.008,69.803,70.287,-5.6807,118.6315,-0.2493,0.0,0.0,0.0,-0.03,1644.6,0.0,10.0,270.0,0,82.542,-0.02356470859997989,0.09965743304213522,-0.03,0.08755255914200166,0.6238198106425551,1.0,0.0,-1441.5232341610995,14.160679956201756,402.159,469.724,3.9154859788819936,0.023522587484690462,0.18047832717854848,4.237527048173061,-0.1404049245445833,-6.078199999999924,0.0,-0.03320311212431126,final_approach,-0.7160820646689672,-0.8681057623974446,-5.602001093665809,
82.633,63.95158172,-22.6051669,548.138,472.597,-1.0113,-2.8946,353.9411,0.0011,-0.0148,-0.008,69.8,70.284,-5.6842,118.625,-0.2502,0.0,0.0,0.0,-0.03,1644.3,0.0,10.0,270.0,0,82.633,-0.023570886371095834,0.09966129886495421,-0.03,0.08755929194512779,0.6236859980386043,1.0,0.0,-1438.2090331181678,14.152663958887581,401.63800000000003,469.097,3.917656576641341,0.023577610008940774,0.1805092383059492,4.241099556812777,-0.14084621940395436,-6.078899999999976,0.0,-0.03318165038274082,final_approach,-0.71652574467711,-0.868109352134864,-5.6058826277197085,
82.75,63.95161956,-22.60516708,547.475,471.867,-1.0112,-2.8963,353.9401,0.001,-0.0149,-0.008,69.796,70.279,-5.6887,118.6168,-0.2513,0.0,0.0,0.0,-0.03,1643.9,0.0,10.0,270.0,0,82.75,-0.023579471700812482,0.099666068352126,-0.03,0.08756890857535538,0.6235140873180129,1.0,0.0,-1433.9907564101302,14.142372630255522,400.975,468.367,3.9204321374409625,0.02360179865363511,0.1805475157985781,4.245683327889641,-0.14138590696828146,-6.079899999999952,0.0,-0.03327313981957831,final_approach,-0.717093195386262,-0.8681511366917736,-5.610867620457334,
82.842,63.95164929,-22.60516722,546.953,471.168,-1.0111,-2.8977,353.9394,0.001,-0.015,-0.008,69.793,70.275,-5.6923,118.6103,-0.2522,0.0,0.0,0.0,-0.03,1643.6,0.0,10.0,270.0,0,82.842,-0.023585785330672293,0.09966911784123644,-0.03,0.08757563905452936,0.6233784814102517,1.0,0.0,-1430.6765553671985,14.134356633115408,400.453,467.668,3.9226113385058343,0.023615993560768073,0.18057852997717655,4.24927645710868,-0.14182731024683903,-6.080600000000004,0.0,-0.03321273580435988,final_approach,-0.7175393354424884,-0.8681582657156888,-5.614798545457813,
82.942,63.95168172,-22.60516738,546.384,470.615,-1.011,-2.8991,353.9386,0.0008,-0.0151,-0.008,69.79,70.271,-5.6962,118.6032,-0.2531,0.0,0.0,0.0,-0.03,1643.3,0.0,10.0,270.0,0,82.942,-0.023594230463079124,0.09967372083233562,-0.03,0.0875833298589569,0.6232290967592893,1.0,0.0,-1427.0613674718763,14.125255696796245,399.884,467.115,3.9250016869811937,0.023663908759572538,0.1806078491318473,4.253172987164835,-0.14226938043432824,-6.081400000000031,0.0,-0.032920668913054695,final_approach,-0.7180174726229218,-0.8682125478500815,-5.619127545455427,
83.042,63.95171414,-22.60516754,545.814,470.012,-1.0109,-2.9006,353.9378,0.0009,-0.0151,-0.008,69.787,70.266,-5.7001,118.596,-0.2541,0.0,0.0,0.0,-0.03,1642.9,0.0,10.0,270.0,0,83.042,-0.023599792635213168,0.09967853125209579,-0.03,0.08759101941347469,0.6230792020529639,1.0,0.0,-1423.4472943448238,14.116155149778695,399.31399999999996,466.512,3.9273895041660345,0.023699619274378147,0.18063717564025064,4.2570594614383115,-0.1427599185165036,-6.082200000000057,0.0,-0.03265515355732232,final_approach,-0.7184944841759737,-0.868192189934776,-5.6234699156898635,
83.142,63.95174657,-22.6051677,545.244,469.307,-1.0108,-2.9021,353.937,0.0009,-0.0152,-0.008,69.783,70.262,-5.7041,118.5888,-0.255,0.0,0.0,0.0,-0.03,1642.6,0.0,10.0,270.0,0,83.142,-0.02360810004343178,0.09968164410062902,-0.03,0.08759870771806089,0.6229278676790068,1.0,0.0,-1419.8321064502936,14.10705421363387,398.744,465.807,3.9297895314143854,0.023749728142566793,0.1806665895637681,4.260935922189894,-0.14320220170583298,-6.08299999999997,0.0,-0.03332286687029767,final_approach,-0.7189704801737662,-0.868242928925012,-5.6278525617864155,
83.242,63.95177899,-22.60516786,544.673,468.678,-1.0108,-2.9036,353.9362,0.0008,-0.0152,-0.0079,69.78,70.258,-5.708,118.5816,-0.2559,0.0,0.0,0.0,-0.03,1642.3,0.0,10.0,270.0,0,83.242,-0.023612477101101537,0.09968729742259726,-0.03,0.08760639477269627,0.622776017260509,1.0,0.0,-1416.2180333224494,14.097953666441981,398.173,465.178,3.932187053687196,0.02378731057348955,0.18069601098711766,4.264802403547973,-0.14364453858928528,-6.0837999999999965,0.0,-0.03302078806390684,final_approach,-0.7194453593648227,-0.8682919062528534,-5.6322487107141015,
83.342,63.95181141,-22.60516802,544.102,467.999,-1.0107,-2.9051,353.9354,0.0009,-0.0153,-0.0079,69.777,70.254,-5.712,118.5744,-0.2568,0.0,0.0,0.0,-0.03,1642.0,0.0,10.0,270.0,0,83.342,-0.023620650869224713,0.09969193115637126,-0.03,0.08761408057735764,0.6226228668522175,1.0,0.0,-1412.6039601953967,14.08885311942443,397.602,464.499,3.9345943973639375,0.02383499827247745,0.1807254800242185,4.2686589435385685,-0.14408692917660915,-6.084599999999909,0.0,-0.03274617096718829,final_approach,-0.7199191788032628,-0.8683392077738024,-5.636681035119395,
83.442,63.95184383,-22.60516818,543.531,467.462,-1.0106,-2.9066,353.9346,0.0009,-0.0154,-0.0079,69.773,70.249,-5.716,118.5672,-0.2577,0.0,0.0,0.0,-0.03,1641.7,0.0,10.0,270.0,0,83.442,-0.023628759729606985,0.0996963907938293,-0.03,0.08762176513202635,0.6224684041235048,1.0,0.0,-1408.9898870675524,14.079752572406601,397.03099999999995,463.962,3.9370116229132486,0.02389120780924997,0.1807549967885638,4.272505580072296,-0.14452937347755324,-6.085399999999936,0.0,-0.033405609970175824,final_approach,-0.7203919429203722,-0.8683848401440333,-5.6411498573926835,
83.542,63.95187625,-22.60516834,542.959,466.693,-1.0105,-2.9081,353.9338,0.0009,-0.0155,-0.0079,69.77,70.245,-5.72,118.5599,-0.2586,0.0,0.0,0.0,-0.03,1641.3,0.0,10.0,270.0,0,83.542,-0.023636797812513932,0.09970188535617319,-0.03,0.08762944843668019,0.6223132537832284,1.0,0.0,-1405.3758139404997,14.07065202538905,396.45899999999995,463.193,3.939428886045046,0.023938111727370592,0.18078456139613708,4.2763423509450025,-0.1449719769096589,-6.0861999999999625,0.0,-0.033096009063796075,final_approach,-0.720863656137734,-0.8684286513627448,-5.6456370780623715,
83.642,63.95190866,-22.6051685,542.387,466.052,-1.0104,-2.9096,353.933,0.0008,-0.0156,-0.0079,69.766,70.241,-5.724,118.5526,-0.2595,0.0,0.0,0.0,-0.03,1641.0,0.0,10.0,270.0,0,83.642,-0.023644768354334544,0.09970713425878697,-0.03,0.08763713049129818,0.622156935969616,1.0,0.0,-1401.7628555801332,14.061551867324434,395.88699999999994,462.552,3.941853611259519,0.023989635130263892,0.1808141337280423,4.280169289814657,-0.14541463483439543,-6.086999999999989,0.0,-0.03372364460344271,final_approach,-0.7213342694925586,-0.8684707252254054,-5.65015655182361,
83.742,63.95194108,-22.60516866,541.814,465.439,-1.0103,-2.9111,353.9323,0.0009,-0.0158,-0.0079,69.763,70.236,-5.7281,118.5453,-0.2603,0.0,0.0,0.0,-0.03,1640.7,0.0,10.0,270.0,0,83.742,-0.023655176539524814,0.09971190941311185,-0.03,0.0876438512636527,0.6219997614100726,1.0,0.0,-1398.1487824530807,14.052451320306883,395.31399999999996,461.939,3.9442809103587155,0.024036861107213696,0.18084379433166917,4.283986438281775,-0.14580901510251465,-6.087700000000041,0.0,-0.03338513145767506,final_approach,-0.7218038936202831,-0.8685839697058615,-5.654699268637554,
83.842,63.95197349,-22.60516882,541.241,464.799,-1.0103,-2.9127,353.9315,0.0007,-0.0159,-0.0079,69.759,70.232,-5.7322,118.5379,-0.2612,0.0,0.0,0.0,-0.03,1640.4,0.0,10.0,270.0,0,83.842,-0.02365915113264072,0.09971644052509027,-0.03,0.08765153097439593,0.6218414046464712,1.0,0.0,-1394.535824092714,14.043351162416329,394.741,461.299,3.946715740905675,0.024088768500943734,0.180873462815529,4.287793829769055,-0.146251885574884,-6.088499999999954,0.0,-0.03398648314334562,final_approach,-0.7222724265644693,-0.8686225925491637,-5.659274608459647,
83.942,63.9520059,-22.60516898,540.668,464.151,-1.0102,-2.9143,353.9307,0.0007,-0.016,-0.0079,69.756,70.228,-5.7363,118.5306,-0.2621,0.0,0.0,0.0,-0.03,1640.0,0.0,10.0,270.0,0,83.942,-0.02366693002540804,0.09972232089761772,-0.03,0.08765920943504435,0.621681691258175,1.0,0.0,-1390.9228657323472,14.034251004525773,394.168,460.651,3.949160666734967,0.02414885013294003,0.1809031795300484,4.291591501622829,-0.14669470444249555,-6.08929999999998,0.0,-0.033624075584859914,final_approach,-0.7227399256127995,-0.8686597370033571,-5.663887576775906,
84.042,63.9520383,-22.60516915,540.094,463.537,-1.0101,-2.9158,353.9299,0.0007,-0.0161,-0.0079,69.752,70.223,-5.7404,118.5232,-0.2629,0.0,0.0,0.0,-0.03,1639.7,0.0,10.0,270.0,0,84.042,-0.023676958488470234,0.09972765967587331,-0.03,0.08766688664557609,0.6215214326713938,1.0,0.0,-1387.3110223112703,14.0246612984379,393.59400000000005,460.037,3.951603213906976,0.024194953730798534,0.18092658374730805,4.29537885499215,-0.1470893439437475,-6.090100000000007,0.0,-0.03420370507714951,final_approach,-0.7231979575471925,-0.8687551445817174,-5.668514712642146,
84.142,63.95207071,-22.60516931,539.52,462.818,-1.0101,-2.9174,353.9291,0.0007,-0.0162,-0.0078,69.749,70.219,-5.7446,118.5157,-0.2638,0.0,0.0,0.0,-0.03,1639.4,0.0,10.0,270.0,0,84.142,-0.023680731994697668,0.09973284456508802,-0.03,0.08767456260596929,0.621359634869054,1.0,0.0,-1383.6980639509038,14.015561140373284,393.02,459.318,3.95405846310609,0.024254543440855855,0.18095639208823666,4.299156564684333,-0.14753248450571732,-6.09089999999992,0.0,-0.033821550070136173,final_approach,-0.7236633234881715,-0.8687885944520293,-5.6731846887816,
84.242,63.95210311,-22.60516948,538.945,462.254,-1.01,-2.919,353.9283,0.0008,-0.0163,-0.0078,69.745,70.214,-5.7488,118.5083,-0.2646,0.0,0.0,0.0,-0.03,1639.0,0.0,10.0,270.0,0,84.242,-0.02369062937137406,0.09973748596150518,-0.03,0.08768223731620517,0.6211972850988905,1.0,0.0,-1380.0862205290352,14.005971434285135,392.44500000000005,458.754,3.9565113637494638,0.024300287273002125,0.18097987778469118,4.302924030580521,-0.14792722591258212,-6.091699999999946,0.0,-0.034383227336478646,final_approach,-0.7241192174360052,-0.8688806308441919,-5.677868982602295,
84.35,63.95213821,-22.60516965,538.322,461.436,-1.0099,-2.9207,353.9275,0.0008,-0.0164,-0.0078,69.742,70.21,-5.7533,118.5002,-0.2655,0.0,0.0,0.0,-0.03,1638.7,0.0,10.0,270.0,0,84.35,-0.023700419830384123,0.09974498870546804,-0.03,0.08768991077626209,0.621019893674783,1.0,0.0,-1376.1733899135272,13.99627666384201,391.822,457.936,3.9591794052526454,0.02436758739290597,0.18101434032034383,4.306983052825028,-0.14837112516903517,-6.092499999999973,0.0,-0.033782731922051626,final_approach,-0.7246224374944923,-0.868969910360164,-5.6829854307601195,
84.442,63.95216791,-22.60516981,537.794,460.869,-1.0098,-2.9222,353.9268,0.0009,-0.0165,-0.0078,69.738,70.206,-5.7572,118.4934,-0.2663,0.0,0.0,0.0,-0.03,1638.4,0.0,10.0,270.0,0,84.442,-0.023707591178417642,0.09974904305280376,-0.03,0.0876966240282584,0.620869079027448,1.0,0.0,-1372.8625335150693,13.987281959433982,391.294,457.369,3.961437894581673,0.024397789003195957,0.18103330522868885,4.31043003554407,-0.14876531854628183,-6.093200000000024,0.0,-0.03466414364455775,final_approach,-0.725036230659267,-0.8689994085931989,-5.687333821685193,
84.55,63.95220301,-22.60516999,537.17,460.245,-1.0097,-2.924,353.9259,0.0007,-0.0166,-0.0078,69.734,70.201,-5.7618,118.4852,-0.2672,0.0,0.0,0.0,-0.03,1638.0,0.0,10.0,270.0,0,84.55,-0.023717056760267252,0.09975520050159567,-0.03,0.08770525394575612,0.6206893179195299,1.0,0.0,-1368.949703070582,13.977097251665986,390.66999999999996,456.745,3.9641182234003636,0.02446780074138341,0.18106152462453357,4.314467132075562,-0.1492094399408188,-6.094100000000026,0.0,-0.03487986122569622,final_approach,-0.7255287645573212,-0.8690722707512695,-5.6925150066666035,
84.642,63.9522327,-22.60517014,536.642,459.636,-1.0097,-2.9255,353.9252,0.0007,-0.0168,-0.0078,69.731,70.197,-5.7658,118.4783,-0.268,0.0,0.0,0.0,-0.03,1637.7,0.0,10.0,270.0,0,84.642,-0.023720722701315256,0.09975948163652415,-0.03,0.0877119650098499,0.6205360828974936,1.0,0.0,-1365.6399612677897,13.968592873709822,390.14200000000005,456.136,3.96639316315266,0.024511101618356363,0.18108686669081303,4.317896091272751,-0.1496038407035769,-6.094799999999964,0.0,-0.034673391628103435,final_approach,-0.7259489102290644,-0.8691110175374277,-5.696930089630271,
84.742,63.95226509,-22.60517031,536.065,458.96,-1.0096,-2.9271,353.9244,0.0008,-0.0169,-0.0078,69.728,70.192,-5.7701,118.4708,-0.2688,0.0,0.0,0.0,-0.03,1637.3,0.0,10.0,270.0,0,84.742,-0.023730284989770145,0.0997656652917305,-0.03,0.08771963362526813,0.6203682172924039,1.0,0.0,-1362.0292326141907,13.959003556749222,389.56500000000005,455.46,3.968875015204535,0.02456233810175534,0.18111051446949708,4.321614155748792,-0.149998945774513,-6.09559999999999,0.0,-0.03424853784373027,final_approach,-0.7263994403667802,-0.8691944337315203,-5.701765081572962,
84.833,63.95229479,-22.60517046,535.536,458.386,-1.0095,-2.9287,353.9237,0.0008,-0.0171,-0.0078,69.724,70.188,-5.774,118.4638,-0.2695,0.0,0.0,0.0,-0.03,1637.0,0.0,10.0,270.0,0,84.833,-0.0237402628173764,0.09977162037661241,-0.03,0.08772634263813872,0.620212974958706,1.0,0.0,-1358.7183760439204,13.950498789491721,389.03599999999994,454.886,3.9711607710600534,0.024654981120544137,0.18113597372885892,4.32498863308568,-0.1503451851161799,-6.096299999999928,0.0,-0.035131038399386104,final_approach,-0.7268135927367219,-0.8692966445744865,-5.706234970654656,
84.933,63.95232717,-22.60517063,534.958,457.71,-1.0095,-2.9303,353.9229,0.0007,-0.0172,-0.0077,69.721,70.184,-5.7784,118.4562,-0.2703,0.0,0.0,0.0,-0.03,1636.7,0.0,10.0,270.0,0,84.933,-0.02374583045699097,0.09977701597026115,-0.03,0.08773400890926586,0.6200432160688156,1.0,0.0,-1355.1087621577992,13.940909861658396,388.45799999999997,454.21,3.973649984948205,0.02469450741403946,0.1811596580993727,4.328687970118666,-0.15074049583560623,-6.097099999999955,0.0,-0.034664580363078144,final_approach,-0.7272620568636334,-0.8693766417617894,-5.711121168793454,
85.05,63.95236496,-22.60517082,534.284,456.877,-1.0094,-2.9323,353.922,0.0007,-0.0174,-0.0077,69.717,70.178,-5.7835,118.4473,-0.2713,0.0,0.0,0.0,-0.03,1636.3,0.0,10.0,270.0,0,85.05,-0.023754629251200976,0.09978446494786351,-0.03,0.08774263196976173,0.6198428556120683,1.0,0.0,-1350.8960594573787,13.930130541337558,387.784,453.377,3.976574279356693,0.024744417728919214,0.1811927038980058,4.333005633391269,-0.15123404078264002,-6.097999999999956,0.0,-0.03462125798353275,final_approach,-0.7277925841279611,-0.8694323010346015,-5.71688594311334,
85.15,63.95239734,-22.60517099,533.705,456.311,-1.0093,-2.934,353.9213,0.0008,-0.0174,-0.0078,69.713,70.174,-5.788,118.4396,-0.272,0.0,0.0,0.0,-0.03,1635.9,0.0,10.0,270.0,0,85.15,-0.023766415378537242,0.09978853781709975,-0.03,0.0877493377005455,0.6196706361241652,1.0,0.0,-1347.2864455704655,13.920541613503953,387.20500000000004,452.811,3.979076210167533,0.024790232792165735,0.18121647688809192,4.336683928968775,-0.15158119944626947,-6.098700000000008,0.0,-0.035110234530488456,final_approach,-0.728238789443175,-0.869581368513149,-5.721839116943034,
85.233,63.95242163,-22.60517112,533.271,455.755,-1.0092,-2.9353,353.9207,0.0009,-0.0174,-0.0078,69.71,70.17,-5.7913,118.4339,-0.2726,0.0,0.0,0.0,-0.03,1635.7,0.0,10.0,270.0,0,85.233,-0.023776099709168996,0.09979332585355224,-0.03,0.08775508470785087,0.6195402373998413,1.0,0.0,-1344.5786778137028,13.913227238733691,386.77099999999996,452.255,3.980963516087496,0.024448298250424664,0.18123275720362958,4.339728088946529,-0.15187779776974253,-6.099299999999971,0.0,-0.03520426578346724,final_approach,-0.7286036046652775,-0.869684036420276,-5.725588308228261,
85.342,63.95245941,-22.60517132,532.595,455.027,-1.0092,-2.9373,353.9198,0.0006,-0.0175,-0.0078,69.706,70.165,-5.7965,118.4249,-0.2735,0.0,0.0,0.0,-0.03,1635.3,0.0,10.0,270.0,0,85.342,-0.023781199414709242,0.09980063191244769,-0.03,0.08776370390005284,0.6193364448180212,1.0,0.0,-1340.3670900517802,13.90195837038932,386.095,451.527,3.9839010239919634,0.024865184175763225,0.18125952338689755,4.3437176982725285,-0.1523232515840789,-6.1001999999999725,0.0,-0.035339991412819155,final_approach,-0.7290888635246446,-0.8697439438406374,-5.7314456640464115,
85.442,63.95248909,-22.60517147,532.064,454.45,-1.0091,-2.9389,353.919,0.0006,-0.0176,-0.0077,69.703,70.161,-5.8007,118.4178,-0.2743,0.0,0.0,0.0,-0.03,1634.9,0.0,10.0,270.0,0,85.442,-0.023790464584320936,0.09980529702079877,-0.03,0.08777136407568664,0.6191748688690476,1.0,0.0,-1337.0584630172575,13.893454381560703,385.56399999999996,450.95,3.9862196906813288,0.02458543129541176,0.1812851387063533,4.347367153148922,-0.15271825867029065,-6.100999999999999,0.0,-0.03485453764801767,final_approach,-0.7295342361107053,-0.8698197449303127,-5.736087877980868,
85.542,63.95252416,-22.60517166,531.435,453.706,-1.009,-2.9408,353.9182,0.0007,-0.0179,-0.0077,69.699,70.156,-5.8056,118.4094,-0.2751,0.0,0.0,0.0,-0.03,1634.5,0.0,10.0,270.0,0,85.542,-0.023799311671413192,0.09981163695419594,-0.03,0.08777902300090179,0.6189834489255199,1.0,0.0,-1333.1489770454316,13.882780903849385,384.93499999999995,450.206,3.9889549717911152,0.025046661262486898,0.18130729156087808,4.351006658461181,-0.15311477454068267,-6.101799999999912,0.0,-0.03532230695274747,final_approach,-0.7299739318029737,-0.869884731399285,-5.741585523589446,
85.633,63.95255384,-22.60517182,530.903,453.177,-1.009,-2.9424,353.9175,0.0006,-0.018,-0.0077,69.695,70.152,-5.8098,118.4023,-0.2758,0.0,0.0,0.0,-0.03,1634.2,0.0,10.0,270.0,0,85.633,-0.023804454290180077,0.09981637607690205,-0.03,0.08778572353471736,0.6188198236677743,1.0,0.0,-1329.8403501819291,13.8737869776959,384.403,449.677,3.9912831844811056,0.025136343524582577,0.18132658179825312,4.354309323874156,-0.15346149027249112,-6.102499999999964,0.0,-0.03610719213487048,final_approach,-0.7303718641779327,-0.869961813403064,-5.7462831709685105,
85.75,63.9525916,-22.60517202,530.224,452.338,-1.0089,-2.9444,353.9166,0.0008,-0.0182,-0.0077,69.691,70.146,-5.8151,118.3932,-0.2767,0.0,0.0,0.0,-0.03,1633.8,0.0,10.0,270.0,0,85.75,-0.023815019542569593,0.09982403877163869,-0.03,0.08779433710000106,0.6186113864541076,1.0,0.0,-1325.6309919549622,13.862518887432016,383.72400000000005,448.838,3.994235985987298,0.025153222888992657,0.18135344613760418,4.358545870709146,-0.1539072964166337,-6.103399999999965,0.0,-0.03593272323060527,final_approach,-0.730885104841196,-0.8700633035516034,-5.7522650628828735,
85.842,63.95262128,-22.60517217,529.691,451.756,-1.0088,-2.9461,353.9159,0.0008,-0.0182,-0.0077,69.687,70.142,-5.8193,118.386,-0.2774,0.0,0.0,0.0,-0.03,1633.5,0.0,10.0,270.0,0,85.842,-0.023824624503215375,0.09982970234966546,-0.03,0.08780103544549955,0.6184455706412109,1.0,0.0,-1322.3223649196473,13.854014898603122,383.19100000000003,448.256,3.9965746954848105,0.02519781164211838,0.18137921871790888,4.361866551494352,-0.15425422050418547,-6.104100000000017,0.0,-0.036618681197788334,final_approach,-0.7312935933700402,-0.8701559590679935,-5.7570219389952335,
85.933,63.95265095,-22.60517233,529.158,451.166,-1.0088,-2.9477,353.9152,0.0008,-0.0183,-0.0077,69.684,70.138,-5.8236,118.3788,-0.2781,0.0,0.0,0.0,-0.03,1633.1,0.0,10.0,270.0,0,85.933,-0.02382958295654508,0.0998350507594535,-0.03,0.087807732833586,0.6182786415188934,1.0,0.0,-1319.0148528236227,13.845021361576912,382.658,447.666,3.9989200037473664,0.02529361274673923,0.1813985699902214,4.365142826157263,-0.15460118678294066,-6.104799999999955,0.0,-0.03628671317681042,final_approach,-0.7316886269052034,-0.8702283010544818,-5.761809115911639,
86.05,63.95268871,-22.60517253,528.478,450.471,-1.0087,-2.9498,353.9143,0.0008,-0.0186,-0.0077,69.68,70.132,-5.8291,118.3696,-0.2789,0.0,0.0,0.0,-0.03,1632.7,0.0,10.0,270.0,0,86.05,-0.023842731629205027,0.09984152417766881,-0.03,0.08781634235429703,0.6180655460663592,1.0,0.0,-1314.8054945966558,13.833753271313023,381.97799999999995,446.971,4.001900831037573,0.02532420334337499,0.18142557025757033,4.369345560855385,-0.15499887923300548,-6.105699999999956,0.0,-0.03609592417782378,final_approach,-0.7321982294583051,-0.8703967274049234,-5.767917864812215,
86.133,63.95271567,-22.60517268,527.992,449.782,-1.0086,-2.9514,353.9136,0.0008,-0.0186,-0.0077,69.677,70.128,-5.833,118.363,-0.2795,0.0,0.0,0.0,-0.03,1632.4,0.0,10.0,270.0,0,86.133,-0.02385204019122661,0.09984685213494052,-0.03,0.08782303755396614,0.6179124667602837,1.0,0.0,-1311.8000842899355,13.825355125093653,381.49199999999996,446.282,4.004033178769483,0.02538532554098607,0.18144024823714017,4.372316578740701,-0.15529684621367323,-6.106400000000008,0.0,-0.0361003472810448,final_approach,-0.7325526808118745,-0.8704817371437663,-5.772304502867431,
86.233,63.95274804,-22.60517285,527.408,449.168,-1.0085,-2.9532,353.9129,0.0007,-0.0187,-0.0077,69.673,70.124,-5.8377,118.3551,-0.2803,0.0,0.0,0.0,-0.03,1632.0,0.0,10.0,270.0,0,86.233,-0.023860297252124574,0.0998531079935672,-0.03,0.08782973179617892,0.617727586947347,1.0,0.0,-1308.1915851705,13.815766586387323,380.908,445.668,4.006598635533676,0.025430199224475356,0.18146439786614638,4.375888629931514,-0.15569315535765327,-6.107099999999946,0.0,-0.03645486116459032,final_approach,-0.7329873881330862,-0.870539526887633,-5.777600587289182,
86.35,63.95278579,-22.60517306,526.727,448.448,-1.0085,-2.9554,353.912,0.0007,-0.0188,-0.0077,69.668,70.118,-5.8433,118.3458,-0.2811,0.0,0.0,0.0,-0.03,1631.6,0.0,10.0,270.0,0,86.35,-0.023868851703068128,0.09985912122350228,-0.03,0.0878383372721302,0.6175099300703712,1.0,0.0,-1303.983341882031,13.804008948099904,380.227,444.948,4.009605262577423,0.025474777193824932,0.18148504616309077,4.380056414675862,-0.15609112729558206,-6.107999999999947,0.0,-0.037025786761900964,final_approach,-0.7334846917174787,-0.8706890221709251,-5.7838330491087895,
86.45,63.95281814,-22.60517323,526.142,447.833,-1.0084,-2.9572,353.9112,0.0007,-0.0188,-0.0077,69.664,70.113,-5.8481,118.3378,-0.2818,0.0,0.0,0.0,-0.03,1631.2,0.0,10.0,270.0,0,86.45,-0.023880077692002954,0.09986473805982449,-0.03,0.08784598525533194,0.6173227610424401,1.0,0.0,-1300.377072297551,13.794421187648119,379.64200000000005,444.333,4.0121790889060485,0.025518691542563587,0.18150919357273165,4.383607145984216,-0.15643924551068267,-6.108799999999974,0.0,-0.037296169783550465,final_approach,-0.7339169895238626,-0.8708157133165884,-5.789190305579229,
86.533,63.95284511,-22.60517338,525.655,447.286,-1.0083,-2.9587,353.9106,0.0007,-0.0189,-0.0077,69.661,70.109,-5.8521,118.3311,-0.2824,0.0,0.0,0.0,-0.03,1630.9,0.0,10.0,270.0,0,86.533,-0.023888857815818232,0.09987049779398856,-0.03,0.08785172042201961,0.6171649467857073,1.0,0.0,-1297.3705472241452,13.786022652127691,379.155,443.786,4.014340979209227,0.025606721472575793,0.18152401935681198,4.386545659820276,-0.15673748842246482,-6.109400000000051,0.0,-0.03719147964988725,final_approach,-0.7342679662322773,-0.8708950781644322,-5.793705772519267,
86.65,63.95288285,-22.60517358,524.972,446.429,-1.0083,-2.9609,353.9097,0.0005,-0.019,-0.0077,69.657,70.104,-5.8577,118.3217,-0.2832,0.0,0.0,0.0,-0.03,1630.4,0.0,10.0,270.0,0,86.65,-0.02389767144426258,0.09987895401257653,-0.03,0.08786032185302461,0.6169434013970841,1.0,0.0,-1293.1634185313414,13.774755340292135,378.472,442.929,4.01736331507003,0.025644256299515,0.18155119267733735,4.390679621290225,-0.15713573903309452,-6.110300000000052,0.0,-0.03691843915335883,final_approach,-0.7347700332253595,-0.8710513226481567,-5.8000423149616545,
86.75,63.9529152,-22.60517376,524.386,445.843,-1.0082,-2.9628,353.9089,0.0005,-0.0192,-0.0077,69.653,70.099,-5.8626,118.3137,-0.2839,0.0,0.0,0.0,-0.03,1630.0,0.0,10.0,270.0,0,86.75,-0.023908209638684008,0.09988470920942025,-0.03,0.08786796624065685,0.6167521600408411,1.0,0.0,-1289.557149117882,13.764677642515485,377.88599999999997,442.343,4.019960550659843,0.02569893956595137,0.1815689924611451,4.3942009217987055,-0.15748399876144958,-6.111099999999965,0.0,-0.03719858104849976,final_approach,-0.7351906608606669,-0.871160236827679,-5.80550983458285,
86.85,63.95294755,-22.60517394,523.799,445.176,-1.0082,-2.9647,353.9082,0.0005,-0.0193,-0.0077,69.649,70.094,-5.8675,118.3056,-0.2846,0.0,0.0,0.0,-0.03,1629.6,0.0,10.0,270.0,0,86.85,-0.023914504415124105,0.09989080946610521,-0.03,0.08787465405389439,0.6165600665136065,1.0,0.0,-1285.950879704422,13.754599944738832,377.299,441.676,4.022558598075758,0.02574586199815077,0.18158682182627361,4.397712267575337,-0.15783242208411252,-6.111799999999903,0.0,-0.0374532554986408,final_approach,-0.7356102037601744,-0.8712672721838963,-5.810999596188182,
86.942,63.95297989,-22.60517411,523.212,444.425,-1.0081,-2.9666,353.9074,0.0006,-0.0194,-0.0077,69.645,70.09,-5.8724,118.2974,-0.2853,0.0,0.0,0.0,-0.03,1629.3,0.0,10.0,270.0,0,86.942,-0.02392355592004719,0.09989752267311643,-0.03,0.08788229609650289,0.6163665313609189,1.0,0.0,-1282.3457248866277,13.745012573414046,376.712,440.925,4.025165372202998,0.026177301895632502,0.18161111274595507,4.400934172327401,-0.15818100991828032,-6.112599999999929,0.0,-0.03800098325963881,final_approach,-0.7360055937045402,-0.871337709576105,-5.816528413087958,
87.042,63.95300954,-22.60517428,522.674,443.822,-1.0081,-2.9683,353.9067,0.0006,-0.0196,-0.0077,69.642,70.085,-5.8769,118.2899,-0.286,0.0,0.0,0.0,-0.03,1628.9,0.0,10.0,270.0,0,87.042,-0.023929404535323384,0.09990479777044677,-0.03,0.08788898185781457,0.6161874984037379,1.0,0.0,-1279.040442496579,13.735529877317513,376.174,440.322,4.027567302648672,0.02581763565581701,0.1816242580158519,4.404426817554562,-0.15852882630275644,-6.113299999999981,0.0,-0.037273621145126064,final_approach,-0.7364168655210079,-0.8714332102409621,-5.821641026886692,
87.15,63.95304458,-22.60517447,522.037,443.153,-1.008,-2.9704,353.9059,0.0006,-0.0197,-0.0077,69.637,70.08,-5.8823,118.2811,-0.2867,0.0,0.0,0.0,-0.03,1628.5,0.0,10.0,270.0,0,87.15,-0.023941822157603487,0.0999112251967096,-0.03,0.08789662155532851,0.6159750643034924,1.0,0.0,-1275.1343008271863,13.724857566988018,375.53700000000003,439.653,4.03040563851094,0.025894844315446627,0.18164688913047447,4.408188745037457,-0.15887821314069583,-6.114100000000008,0.0,-0.03809386434068301,final_approach,-0.7368709878379178,-0.8715908373973935,-5.8277050946280795,
87.242,63.95307691,-22.60517465,521.448,442.435,-1.0079,-2.9724,353.9051,0.0007,-0.0198,-0.0077,69.633,70.075,-5.8873,118.2728,-0.2874,0.0,0.0,0.0,-0.03,1628.1,0.0,10.0,270.0,0,87.242,-0.023950187990523453,0.09991766838967286,-0.03,0.08790426000209706,0.6157783309433561,1.0,0.0,-1271.5302609478897,13.714780647639696,374.948,438.935,4.0330230036596575,0.026320640459823984,0.1816647595636693,4.411383457432533,-0.1592270633756243,-6.114900000000034,0.0,-0.03858335493422264,final_approach,-0.7372548646113231,-0.8716435523874058,-5.833318680154523,
87.333,63.95310386,-22.6051748,520.957,441.959,-1.0079,-2.974,353.9045,0.0006,-0.02,-0.0076,69.63,70.071,-5.8915,118.2659,-0.2879,0.0,0.0,0.0,-0.03,1627.7,0.0,10.0,270.0,0,87.333,-0.023959293554426442,0.09992335380464415,-0.03,0.08790998801635941,0.6156130611449689,1.0,0.0,-1268.5259654094396,13.706382890373813,374.457,438.459,4.03521355509985,0.025945866024565594,0.18167970909958336,4.414535114473049,-0.15947741773169355,-6.115499999999997,0.0,-0.03807278020993298,final_approach,-0.7376300426504585,-0.8718314120541688,-5.838032784193519,
87.442,63.95313889,-22.60517499,520.319,441.233,-1.0078,-2.9761,353.9036,0.0006,-0.0201,-0.0076,69.626,70.066,-5.897,118.257,-0.2887,0.0,0.0,0.0,-0.03,1627.3,0.0,10.0,270.0,0,87.442,-0.02396921943833924,0.09993084452125116,-0.03,0.08791857871856879,0.6153963052301962,1.0,0.0,-1264.6209385075247,13.695710969345651,373.81899999999996,437.733,4.038075286101737,0.025997290497362678,0.18170240373080615,4.418301198897121,-0.15987551421054036,-6.116399999999999,0.0,-0.037947731800515284,final_approach,-0.7380847152163668,-0.8719165589972402,-5.844213114208255,
87.55,63.95317392,-22.60517519,519.68,440.504,-1.0078,-2.9783,353.9028,0.0005,-0.0203,-0.0076,69.621,70.06,-5.9025,118.2479,-0.2894,0.0,0.0,0.0,-0.03,1626.9,0.0,10.0,270.0,0,87.55,-0.02397697541127719,0.09993798480681777,-0.03,0.08792621356933317,0.6151783551208582,1.0,0.0,-1260.7159117766298,13.684549110818557,373.17999999999995,437.004,4.04094008512933,0.02608539490149524,0.181718633543918,4.422020927003834,-0.16022545419366452,-6.117199999999912,0.0,-0.03870669220923063,final_approach,-0.738525655780407,-0.8720535146591839,-5.850424815106901,
87.633,63.95320086,-22.60517534,519.188,439.954,-1.0077,-2.98,353.9022,0.0006,-0.0204,-0.0076,69.618,70.056,-5.9068,118.241,-0.2899,0.0,0.0,0.0,-0.03,1626.5,0.0,10.0,270.0,0,87.633,-0.023987957566415752,0.09994344173557808,-0.03,0.08793193888655715,0.6150098361722846,1.0,0.0,-1257.712731004865,13.676151742853733,372.688,436.454,4.043146526061219,0.02616843336548003,0.1817336163005915,4.424870559258739,-0.16047591951124218,-6.117799999999988,0.0,-0.03847377276414194,final_approach,-0.738866806396608,-0.8721899956955941,-5.855225863610276,
87.742,63.95323588,-22.60517553,518.547,439.141,-1.0077,-2.9821,353.9013,0.0005,-0.0205,-0.0076,69.614,70.051,-5.9123,118.2319,-0.2906,0.0,0.0,0.0,-0.03,1626.1,0.0,10.0,270.0,0,87.742,-0.023996610788881267,0.09995210846160076,-0.03,0.08794052554314791,0.614790169415612,1.0,0.0,-1253.8088188704278,13.665480210778783,372.047,435.641,4.046011504483816,0.026187728756549393,0.1817563749043235,4.428604974424671,-0.16082595304445135,-6.11869999999999,0.0,-0.03831227048615936,final_approach,-0.7393179884746743,-0.8723422237296852,-5.861481698259901,
87.85,63.9532709,-22.60517573,517.907,438.455,-1.0076,-2.9843,353.9005,0.0005,-0.0206,-0.0076,69.609,70.045,-5.918,118.2228,-0.2913,0.0,0.0,0.0,-0.03,1625.6,0.0,10.0,270.0,0,87.85,-0.024008017096782852,0.09995799250937276,-0.03,0.08794815679774803,0.614567624522485,1.0,0.0,-1249.9049069070109,13.654318741553023,371.40700000000004,434.955,4.048901314327724,0.026282690389575647,0.1817726525598974,4.432293442993211,-0.16117604045362555,-6.119500000000016,0.0,-0.039038091014362154,final_approach,-0.7397554636341397,-0.8724737417130459,-5.867816739086749,
87.95,63.95330053,-22.60517589,517.364,437.812,-1.0076,-2.9862,353.8998,0.0005,-0.0207,-0.0076,69.606,70.041,-5.9227,118.215,-0.2919,0.0,0.0,0.0,-0.03,1625.2,0.0,10.0,270.0,0,87.95,-0.02401656856709944,0.09996608652062877,-0.03,0.08795483311941221,0.6143789822504769,1.0,0.0,-1246.601853880105,13.645326760861572,370.86400000000003,434.312,4.051341000846639,0.025968386189504946,0.18179246451337466,4.4356983779679044,-0.16147615826602646,-6.120199999999954,0.0,-0.03821644637669274,final_approach,-0.740165602858859,-0.8726393230405947,-5.873184527289403,
88.033,63.95333016,-22.60517606,516.821,437.272,-1.0076,-2.9881,353.8991,0.0005,-0.021,-0.0076,69.602,70.036,-5.9275,118.2073,-0.2925,0.0,0.0,0.0,-0.03,1624.8,0.0,10.0,270.0,0,88.033,-0.02402077818656584,0.09997236932360849,-0.03,0.08796150848336082,0.6141888574177143,1.0,0.0,-1243.2988010242195,13.63584484301931,370.321,433.772,4.053790791425143,0.026559580014355346,0.1818057746616418,4.43851615841911,-0.1617761957395203,-6.120900000000006,0.0,-0.03912338498646849,final_approach,-0.7405009586155948,-0.872692476729199,-5.878592493660214,
88.142,63.95336517,-22.60517626,516.178,436.56,-1.0075,-2.9903,353.8983,0.0006,-0.0211,-0.0076,69.597,70.031,-5.9333,118.198,-0.2932,0.0,0.0,0.0,-0.03,1624.4,0.0,10.0,270.0,0,88.142,-0.02403218706938287,0.09997778782275701,-0.03,0.08796913629799852,0.6139634827873324,1.0,0.0,-1239.3960038282805,13.624683762920824,369.678,433.06,4.056683128921038,0.026555517742688477,0.1818220950660201,4.442208158072383,-0.16212666962820776,-6.121699999999919,0.0,-0.03973685540889121,final_approach,-0.7409388862333088,-0.8728240936975613,-5.8850005118773225,
88.233,63.9533921,-22.60517641,515.684,435.97,-1.0074,-2.9921,353.8976,0.0007,-0.0212,-0.0076,69.594,70.026,-5.9377,118.1909,-0.2937,0.0,0.0,0.0,-0.03,1624.0,0.0,10.0,270.0,0,88.233,-0.024044917450043446,0.09998449931586072,-0.03,0.08797580960965345,0.6137881823803267,1.0,0.0,-1236.3939378239936,13.616286784083274,369.18399999999997,432.47,4.05892420204438,0.026234127648836664,0.18183718264624527,4.445280643613705,-0.1623775925704365,-6.1223999999999705,0.0,-0.03912141700508576,final_approach,-0.7413053096127875,-0.872997920495127,-5.8899828350927415,
88.358,63.9534298,-22.60517662,514.99,435.13,-1.0074,-2.9945,353.8968,0.0007,-0.0212,-0.0076,69.589,70.02,-5.9439,118.1809,-0.2944,0.0,0.0,0.0,-0.03,1623.5,0.0,10.0,270.0,0,88.358,-0.024056175883740982,0.09999251053840602,-0.03,0.08798343507877948,0.6135427718730192,1.0,0.0,-1232.1912683721212,13.604531091257883,368.49,431.63,4.062049037902273,0.026028220851222143,0.1818583323419657,4.449490932474727,-0.16272900779429733,-6.123199999999997,0.0,-0.03920128818643829,final_approach,-0.7418080505989373,-0.8732256636747397,-5.896954947205199,
88.442,63.95345942,-22.60517679,514.445,434.524,-1.0073,-2.9964,353.8961,0.0007,-0.0213,-0.0076,69.585,70.016,-5.9489,118.173,-0.295,0.0,0.0,0.0,-0.03,1623.1,0.0,10.0,270.0,0,88.442,-0.024064231408699732,0.09999752366501943,-0.03,0.08799010633808113,0.6133480110508158,1.0,0.0,-1228.8893302837137,13.595049562542894,367.94500000000005,431.024,4.0645186603260655,0.026590228534336787,0.18187169594093125,4.452309580322836,-0.1630294555142484,-6.123900000000049,0.0,-0.039966539043954086,final_approach,-0.742143572282199,-0.8732784494542702,-5.902485738512741,
88.55,63.95349711,-22.60517701,513.751,433.791,-1.0072,-2.9989,353.8952,0.0007,-0.0215,-0.0076,69.581,70.01,-5.9552,118.1629,-0.2957,0.0,0.0,0.0,-0.03,1622.6,0.0,10.0,270.0,0,88.55,-0.024075245959564562,0.10000657758440004,-0.03,0.08799868226410845,0.6130984199651781,1.0,0.0,-1224.6877757703387,13.582804321868027,367.251,430.291,4.067670415796235,0.027022343948629055,0.18188631378047979,4.455924987721965,-0.1633811004602137,-6.12480000000005,0.0,-0.039700220679680924,final_approach,-0.7425706182765026,-0.8733919268173445,-5.909570544478978,
88.65,63.95352941,-22.60517719,513.155,433.072,-1.0072,-3.001,353.8944,0.0007,-0.0216,-0.0077,69.576,70.005,-5.9606,118.1542,-0.2963,0.0,0.0,0.0,-0.03,1622.2,0.0,10.0,270.0,0,88.65,-0.02408345190361838,0.10001330866375353,-0.03,0.08800630398027154,0.6128836316451864,1.0,0.0,-1221.087080193476,13.572728569727467,366.655,429.572,4.070371033437533,0.02701964935935388,0.18190447027382786,4.459262351456942,-0.1636826103711826,-6.125599999999963,0.0,-0.040636564254263784,final_approach,-0.7429709536743339,-0.8735406574507287,-5.915664718632161,
88.733,63.95355364,-22.60517733,512.708,432.62,-1.0071,-3.0026,353.8938,0.0006,-0.0217,-0.0077,69.573,70.001,-5.9647,118.1477,-0.2967,0.0,0.0,0.0,-0.03,1621.9,0.0,10.0,270.0,0,88.733,-0.02409632426968117,0.10001877580182099,-0.03,0.08801201944640946,0.6127212163541449,1.0,0.0,-1218.3860012126001,13.564926592395974,366.20799999999997,429.12,4.072406068257218,0.026602789766699105,0.18191484367461722,4.462023990976237,-0.16388449411940087,-6.126199999999926,0.0,-0.040228201895990266,final_approach,-0.7432961107977007,-0.873726181518979,-5.920271242939304,
88.833,63.95358864,-22.60517753,512.061,431.915,-1.0071,-3.0049,353.893,0.0004,-0.0219,-0.0077,69.569,69.995,-5.9706,118.1382,-0.2974,0.0,0.0,0.0,-0.03,1621.4,0.0,10.0,270.0,0,88.833,-0.024101405323455116,0.10002757842582682,-0.03,0.0880196389732657,0.6124859314861835,1.0,0.0,-1214.4843187841382,13.553765901424763,365.56100000000004,428.415,4.075343462848872,0.027064649125007285,0.18193131676689367,4.465343709349672,-0.16423555490274566,-6.126999999999953,0.0,-0.040207456269073794,final_approach,-0.7436922407822735,-0.8737940097451862,-5.926941991031335,
88.958,63.95362632,-22.60517775,511.364,431.131,-1.007,-3.0074,353.8921,0.0005,-0.0221,-0.0077,69.564,69.989,-5.9771,118.1279,-0.298,0.0,0.0,0.0,-0.03,1620.9,0.0,10.0,270.0,0,88.958,-0.024118638835746664,0.10003493985415443,-0.03,0.08802820944557066,0.6122305939741073,1.0,0.0,-1210.2838790382416,13.54152104970311,364.864,427.631,4.078517075562333,0.02678535788878704,0.1819460003921629,4.469481360609736,-0.16453914845948248,-6.127899999999954,0.0,-0.04018859660825593,final_approach,-0.7441782798952694,-0.8740685862573017,-5.9341778655338615,
89.042,63.95365862,-22.60517793,510.766,430.378,-1.007,-3.0096,353.8913,0.0006,-0.0221,-0.0077,69.559,69.984,-5.9826,118.1191,-0.2986,0.0,0.0,0.0,-0.03,1620.4,0.0,10.0,270.0,0,89.042,-0.02412311776790821,0.10004242190370378,-0.03,0.0880358263139025,0.6120101449590248,1.0,0.0,-1206.6831834613786,13.531445297562547,364.266,426.878,4.081245384208135,0.027734442379150993,0.18196426870726307,4.4722518113714385,-0.16484095559795264,-6.128699999999981,0.0,-0.041946343236937494,final_approach,-0.7445148119061997,-0.8741208463615173,-5.940422214439451,
89.133,63.95368553,-22.60517809,510.268,429.948,-1.0069,-3.0114,353.8907,0.0005,-0.0222,-0.0076,69.556,69.979,-5.9873,118.1117,-0.2991,0.0,0.0,0.0,-0.03,1620.1,0.0,10.0,270.0,0,89.133,-0.02413448579000993,0.10004850021222932,-0.03,0.0880415381441183,0.6118248460589137,1.0,0.0,-1203.6833471630675,13.522559159654675,363.768,426.448,4.083530405671376,0.027297056310907238,0.18197289459175503,4.4752455142847944,-0.1650925777899488,-6.1293000000000575,0.0,-0.041130042303310126,final_approach,-0.7448638456082932,-0.8742674482601327,-5.9456688867578364,
89.25,63.95372051,-22.60517829,509.619,429.093,-1.0069,-3.0138,353.8899,0.0006,-0.0224,-0.0076,69.551,69.974,-5.9934,118.1021,-0.2997,0.0,0.0,0.0,-0.03,1619.6,0.0,10.0,270.0,0,89.25,-0.024145773299287354,0.10005574129748292,-0.03,0.08804915282301096,0.6115835058059028,1.0,0.0,-1199.7838942695614,13.51139924676395,363.119,425.593,4.0864953199798,0.026971071581630587,0.18198939296160063,4.479084815755591,-0.1653954524176413,-6.13009999999997,0.0,-0.04127595143346396,final_approach,-0.7453186151932023,-0.8744960460995479,-5.952499579988924,
89.333,63.95375011,-22.60517846,509.069,428.605,-1.0068,-3.0158,353.8892,0.0006,-0.0225,-0.0077,69.547,69.969,-5.9985,118.0939,-0.3002,0.0,0.0,0.0,-0.03,1619.2,0.0,10.0,270.0,0,89.333,-0.024155924901226866,0.10006346159598183,-0.03,0.08805581464072221,0.6113782816571717,1.0,0.0,-1196.4841857153172,13.501918496303231,362.569,425.105,4.089006701188639,0.02751882713898717,0.1820028752867975,4.4817989197474715,-0.16564813221341979,-6.130799999999908,0.0,-0.04190475321991243,final_approach,-0.7456424957616896,-0.8746032012318903,-5.958305614881944,
89.45,63.95378778,-22.60517868,508.369,427.736,-1.0067,-3.0184,353.8883,0.0004,-0.0226,-0.0076,69.542,69.963,-6.0052,118.0834,-0.3009,0.0,0.0,0.0,-0.03,1618.6,0.0,10.0,270.0,0,89.45,-0.024168212988757598,0.1000709923583909,-0.03,0.08806437842737713,0.6111148148722317,1.0,0.0,-1192.2848607368983,13.489674033708852,361.869,424.236,4.092217725369545,0.027506464468964313,0.18201764940839693,4.4856159689412385,-0.16600073117854208,-6.13169999999991,0.0,-0.0419802340849206,final_approach,-0.746092486338437,-0.8747497727035096,-5.965756101822372,
89.533,63.95381737,-22.60517885,507.818,427.102,-1.0067,-3.0205,353.8876,0.0004,-0.0227,-0.0076,69.538,69.958,-6.0104,118.0751,-0.3014,0.0,0.0,0.0,-0.03,1618.2,0.0,10.0,270.0,0,89.533,-0.02417438740256178,0.10007814934734229,-0.03,0.0880710380555576,0.6109070741202444,1.0,0.0,-1188.9862669501317,13.480193672375409,361.318,423.602,4.094739335315587,0.02798552751137152,0.18203113496631068,4.488314348962705,-0.16625361687775353,-6.132399999999961,0.0,-0.042545010175782105,final_approach,-0.7464145964936328,-0.8748539533569666,-5.971628122616469,
89.633,63.95384696,-22.60517902,507.267,426.45,-1.0067,-3.0225,353.8869,0.0005,-0.0229,-0.0076,69.534,69.953,-6.0156,118.0669,-0.3019,0.0,0.0,0.0,-0.03,1617.8,0.0,10.0,270.0,0,89.633,-0.02418414106290201,0.10008599778600435,-0.03,0.0880776967257968,0.6106976977795145,1.0,0.0,-1185.6876731641573,13.470713311042239,360.767,422.95,4.097271766248596,0.027541991147824525,0.18204464150844493,4.491557765283673,-0.1665064140394179,-6.133100000000013,0.0,-0.0423136456143391,final_approach,-0.7467982134347544,-0.8750508328552726,-5.977544055053851,
89.733,63.95387924,-22.60517921,506.665,425.887,-1.0066,-3.0248,353.8861,0.0006,-0.0231,-0.0076,69.53,69.948,-6.0214,118.0578,-0.3024,0.0,0.0,0.0,-0.03,1617.3,0.0,10.0,270.0,0,89.733,-0.024197798314735508,0.10009326456730695,-0.03,0.08808530546163595,0.6104682618219397,1.0,0.0,-1182.0892072932697,13.460148400005416,360.165,422.387,4.100036527698816,0.02755959504022038,0.18205638779510191,4.4947915448455715,-0.16676036510969539,-6.13390000000004,0.0,-0.04210331419485786,final_approach,-0.7471784278873272,-0.8752408548746526,-5.9840241058493255,
89.85,63.9539169,-22.60517943,505.962,425.074,-1.0066,-3.0275,353.8852,0.0005,-0.0232,-0.0076,69.525,69.941,-6.0282,118.0471,-0.3031,0.0,0.0,0.0,-0.03,1616.8,0.0,10.0,270.0,0,89.85,-0.024205909781494506,0.10010168136836349,-0.03,0.0880938637938502,0.6101987246622113,1.0,0.0,-1177.8909970815366,13.447904326538033,359.462,421.574,4.103270940742675,0.02757375518858664,0.18207122257960856,4.498564190862488,-0.1671134200419715,-6.134800000000041,0.0,-0.042160744062144186,final_approach,-0.7476234868250593,-0.875379317563242,-5.991633200609339,
89.933,63.9539438,-22.60517959,505.46,424.543,-1.0065,-3.0294,353.8846,0.0005,-0.0232,-0.0076,69.521,69.937,-6.0331,118.0395,-0.3035,0.0,0.0,0.0,-0.03,1616.4,0.0,10.0,270.0,0,89.933,-0.02421792682020757,0.10010738341769361,-0.03,0.08809956846887923,0.6100044056251822,1.0,0.0,-1174.8922755514955,13.439018577757713,358.96,421.043,4.105593755988918,0.0276424169668804,0.18207994033719382,4.501230798315755,-0.16731704863724417,-6.135400000000004,0.0,-0.04270911015507552,final_approach,-0.7479357410637846,-0.8755427950458206,-5.997116499212652,
90.033,63.95397607,-22.60517977,504.856,423.726,-1.0065,-3.0317,353.8838,0.0004,-0.0234,-0.0076,69.516,69.931,-6.0389,118.0303,-0.304,0.0,0.0,0.0,-0.03,1615.9,0.0,10.0,270.0,0,90.033,-0.02422803199248319,0.10011529065499507,-0.03,0.08810717360739773,0.6097711710755093,1.0,0.0,-1171.2949242762734,13.428943992998695,358.356,420.226,4.108371927596952,0.02766563348579015,0.18209834751097828,4.5044365304058,-0.16757124616873398,-6.136199999999917,0.0,-0.04337191832279205,final_approach,-0.7483215496174722,-0.8757408644099929,-6.003695301366367,
90.133,63.95400834,-22.60517996,504.252,423.051,-1.0064,-3.034,353.8831,0.0003,-0.0236,-0.0076,69.512,69.926,-6.0448,118.0211,-0.3046,0.0,0.0,0.0,-0.03,1615.5,0.0,10.0,270.0,0,90.133,-0.024238299528676843,0.10012335285347919,-0.03,0.08811382707716398,0.6095359310075382,1.0,0.0,-1167.6975731728637,13.418379470915085,357.752,419.551,4.1111632546333485,0.027706906298819382,0.18211013681265006,4.507632755652379,-0.16787403006611612,-6.136899999999969,0.0,-0.04306538029345197,final_approach,-0.7486975822327615,-0.8758511007072549,-6.010327791663229,
90.242,63.9540433,-22.60518017,503.597,422.369,-1.0064,-3.0365,353.8822,0.0004,-0.0237,-0.0077,69.507,69.92,-6.0512,118.011,-0.3051,0.0,0.0,0.0,-0.03,1614.9,0.0,10.0,270.0,0,90.242,-0.024249754006922086,0.1001320302063804,-0.03,0.08812238013058338,0.6092794287553648,1.0,0.0,-1163.8003499845413,13.40673039912782,357.097,418.869,4.114194744036553,0.027724393480214844,0.18212016174475615,4.511106120937021,-0.16812944032156452,-6.13779999999997,0.0,-0.043320487506136526,final_approach,-0.7491025548606736,-0.8760761856481345,-6.017556473574722,
90.333,63.95407287,-22.60518034,503.042,421.784,-1.0064,-3.0387,353.8815,0.0004,-0.0238,-0.0077,69.503,69.915,-6.0567,118.0025,-0.3056,0.0,0.0,0.0,-0.03,1614.5,0.0,10.0,270.0,0,90.333,-0.024257158605032858,0.10013854708954589,-0.03,0.0881290314105656,0.6090615694420348,1.0,0.0,-1160.5039857335223,13.3972508160492,356.542,418.284,4.116759709564338,0.0278014002953905,0.1821337329105961,4.513996602065043,-0.16838288234666265,-6.138500000000022,0.0,-0.04337826536522417,final_approach,-0.7494464422702372,-0.8762123018961958,-6.0236934463402605,
90.433,63.95410782,-22.60518055,502.385,421.005,-1.0063,-3.0412,353.8807,0.0004,-0.024,-0.0077,69.498,69.909,-6.0632,117.9924,-0.3062,0.0,0.0,0.0,-0.03,1614.0,0.0,10.0,270.0,0,90.433,-0.02426733600597447,0.10014649138601438,-0.03,0.08813663170027763,0.6088028640200314,1.0,0.0,-1156.6078773126778,13.38560213338921,355.885,417.505,4.11979400708925,0.028224996121011318,0.18214375388197493,4.5171643221130235,-0.16868693495561615,-6.139300000000048,0.0,-0.04398024124110836,final_approach,-0.7498169323770405,-0.8763122872710642,-6.030977840280528,
90.533,63.95413739,-22.60518072,501.829,420.387,-1.0063,-3.0434,353.88,0.0004,-0.0241,-0.0077,69.494,69.904,-6.0687,117.9838,-0.3066,0.0,0.0,0.0,-0.03,1613.5,0.0,10.0,270.0,0,90.533,-0.02427931012457607,0.10015414696129463,-0.03,0.08814328092727675,0.6085822327111531,1.0,0.0,-1153.3115130608667,13.376122550310313,355.329,416.887,4.122371934227288,0.02781737533090626,0.18215736673203411,4.520322844379184,-0.16889202123982727,-6.139999999999986,0.0,-0.043618401128284974,final_approach,-0.7501911079909824,-0.8765667586188037,-6.037187449968208,
90.642,63.95417234,-22.60518093,501.171,419.673,-1.0063,-3.046,353.8791,0.0005,-0.0242,-0.0077,69.489,69.898,-6.0753,117.9735,-0.3072,0.0,0.0,0.0,-0.03,1613.0,0.0,10.0,270.0,0,90.642,-0.024287649859477234,0.10016192725929951,-0.03,0.08815182852562942,0.6083200517721573,1.0,0.0,-1149.415404640022,13.364473867650323,354.671,416.173,4.125423746887659,0.02784752632372354,0.1821674267562704,4.523755254227706,-0.16919641854920542,-6.140899999999988,0.0,-0.043823233719621615,final_approach,-0.7505915046471614,-0.876711232844448,-6.044563209518419,
90.75,63.95420728,-22.60518114,500.513,418.909,-1.0062,-3.0486,353.8783,0.0006,-0.0243,-0.0078,69.484,69.892,-6.0819,117.9633,-0.3077,0.0,0.0,0.0,-0.03,1612.5,0.0,10.0,270.0,0,90.75,-0.02430208846541332,0.10017061648328358,-0.03,0.08815942506123198,0.6080556881205122,1.0,0.0,-1145.5204109866552,13.352825574117604,354.013,415.409,4.12848837554585,0.027935637149694527,0.18217746239696025,4.527144901251358,-0.16945217175162952,-6.141699999999901,0.0,-0.04404805759023638,final_approach,-0.7509870450599756,-0.8769216053651192,-6.05199680881212,
90.842,63.95423685,-22.60518131,499.955,418.212,-1.0062,-3.0508,353.8776,0.0007,-0.0243,-0.0078,69.479,69.886,-6.0875,117.9546,-0.3082,0.0,0.0,0.0,-0.03,1612.0,0.0,10.0,270.0,0,90.842,-0.024309393081348885,0.10017732515536559,-0.03,0.08816607100334162,0.6078311668127532,1.0,0.0,-1142.2240467348443,13.343345991038708,353.455,414.712,4.131081327313533,0.02797707401547444,0.18219113769538797,4.530023241555496,-0.1697060653894198,-6.142399999999952,0.0,-0.044984400180842876,final_approach,-0.7513296973287709,-0.8770551823569406,-6.058307286410038,
90.942,63.95426641,-22.60518149,499.397,417.742,-1.0061,-3.053,353.8769,0.0006,-0.0245,-0.0078,69.475,69.881,-6.0932,117.9458,-0.3086,0.0,0.0,0.0,-0.03,1611.6,0.0,10.0,270.0,0,90.942,-0.02432444123400218,0.10018398754023136,-0.03,0.08817271598733045,0.6076051411524844,1.0,0.0,-1138.928797421531,13.333376859762215,352.897,414.242,4.133682662010907,0.027649786175185802,0.18219809650716523,4.533142973734361,-0.1699115458939673,-6.143100000000004,0.0,-0.04453127289167999,final_approach,-0.7516907448070533,-0.8772893020375729,-6.064657455883896,
91.033,63.95429865,-22.60518168,498.787,416.966,-1.006,-3.0554,353.8761,0.0006,-0.0246,-0.0078,69.471,69.876,-6.0994,117.9362,-0.3091,0.0,0.0,0.0,-0.03,1611.1,0.0,10.0,270.0,0,91.033,-0.024335388668812186,0.10019206975738844,-0.03,0.08818030908152097,0.607358027986742,1.0,0.0,-1135.3347906205547,13.322813505060425,352.287,413.466,4.136516488434001,0.028231646763376465,0.18220993305503963,4.535973543955376,-0.1701666570266127,-6.143900000000031,0.0,-0.044478979352067044,final_approach,-0.7520255897296906,-0.8774092968312868,-6.071597113051521,
91.15,63.95433627,-22.60518191,498.075,416.062,-1.006,-3.0583,353.8752,0.0004,-0.0248,-0.0078,69.465,69.869,-6.1066,117.925,-0.3096,0.0,0.0,0.0,-0.03,1610.5,0.0,10.0,270.0,0,91.15,-0.024347622543435643,0.10020184192455153,-0.03,0.08818884981660113,0.6070671997078096,1.0,0.0,-1131.1410396497527,13.310081050951329,351.575,412.562,4.139838141516578,0.02825807185064408,0.18221820742998274,4.539602777403259,-0.17042385059431808,-6.144800000000032,0.0,-0.04509744043661106,final_approach,-0.7524458361915656,-0.8776546818058986,-6.079760466479819,
91.233,63.95436314,-22.60518207,497.566,415.472,-1.0059,-3.0603,353.8745,0.0004,-0.0248,-0.0078,69.461,69.864,-6.1118,117.9169,-0.31,0.0,0.0,0.0,-0.03,1610.1,0.0,10.0,270.0,0,91.233,-0.02435922079812025,0.10020870960483891,-0.03,0.08819549151550943,0.606858156880088,1.0,0.0,-1128.1456624213524,13.301196469378489,351.066,411.972,4.142216794402742,0.028324804626870183,0.1822269983027919,4.542168050578241,-0.17062854204397127,-6.14549999999997,0.0,-0.045378834131864346,final_approach,-0.7527467503255103,-0.8777994910694957,-6.085625527707073,
91.342,63.95439807,-22.60518228,496.903,414.691,-1.0059,-3.063,353.8737,0.0003,-0.0251,-0.0078,69.456,69.858,-6.1186,117.9064,-0.3105,0.0,0.0,0.0,-0.03,1609.5,0.0,10.0,270.0,0,91.342,-0.024369573057721028,0.10021750839670678,-0.03,0.08820308085527173,0.6065855362381155,1.0,0.0,-1124.2517835346712,13.289548564972769,350.403,411.191,4.145307840015557,0.028330373294280824,0.1822370972787533,4.5455286835978574,-0.1708849257840086,-6.1462999999999965,0.0,-0.04542362735923923,final_approach,-0.7531390978876935,-0.8780041080747853,-6.093271082904913,
91.433,63.95442762,-22.60518245,496.342,414.041,-1.0059,-3.0652,353.873,0.0003,-0.0253,-0.0078,69.452,69.853,-6.1244,117.8974,-0.311,0.0,0.0,0.0,-0.03,1609.1,0.0,10.0,270.0,0,91.433,-0.02437630685563602,0.10022519044547666,-0.03,0.08820972050093157,0.6063530397825398,1.0,0.0,-1120.9576488186078,13.280069760148695,349.842,410.541,4.147934180519332,0.02841879185471115,0.182250802683147,4.548325402968444,-0.17113943223441197,-6.1469999999999345,0.0,-0.045290210686226004,final_approach,-0.7534725802260631,-0.8781229616904191,-6.099788434033261,
91.558,63.95446522,-22.60518268,495.627,413.307,-1.0058,-3.0682,353.8721,0.0003,-0.0256,-0.0078,69.446,69.846,-6.1318,117.886,-0.3115,0.0,0.0,0.0,-0.03,1608.5,0.0,10.0,270.0,0,91.558,-0.024393696179072333,0.10023434362037603,-0.03,0.08821825578023756,0.6060557839478561,1.0,0.0,-1116.766127381969,13.267338084293867,349.127,409.807,4.151279129873393,0.02814225901767328,0.18225905993866526,4.552156429615075,-0.17139705970151908,-6.147899999999936,0.0,-0.045536555169296535,final_approach,-0.753915563129155,-0.878401909283351,-6.10811720309394,
91.642,63.95449477,-22.60518286,495.065,412.657,-1.0058,-3.0705,353.8714,0.0004,-0.0256,-0.0078,69.442,69.84,-6.1377,117.877,-0.3119,0.0,0.0,0.0,-0.03,1608.0,0.0,10.0,270.0,0,91.642,-0.024401213954976075,0.10024170909185437,-0.03,0.0882248932357047,0.6058201532278593,1.0,0.0,-1113.4719928369261,13.257369342144925,348.565,409.157,4.15392044010493,0.028692577418571712,0.18226607156171776,4.554720741623337,-0.1716030432161233,-6.148599999999988,0.0,-0.04572587266473431,final_approach,-0.754214027254104,-0.8785410862473668,-6.114716192631857,
91.75,63.95452699,-22.60518305,494.451,411.821,-1.0058,-3.073,353.8706,0.0005,-0.0257,-0.0078,69.437,69.835,-6.1441,117.8671,-0.3124,0.0,0.0,0.0,-0.03,1607.5,0.0,10.0,270.0,0,91.75,-0.02441126589028908,0.10024996702666468,-0.03,0.08823247772575182,0.6055624084586435,1.0,0.0,-1109.880215570113,13.246806765697405,347.951,408.321,4.1567994493902924,0.028353396745974372,0.18227795225622023,4.5580097657971645,-0.17185882750160886,-6.149400000000014,0.0,-0.045777729358508684,final_approach,-0.7546006383426658,-0.8787379713707697,-6.121931358402804,
91.85,63.9545619,-22.60518326,493.785,411.052,-1.0057,-3.0758,353.8697,0.0006,-0.0257,-0.0079,69.431,69.828,-6.1511,117.8563,-0.3128,0.0,0.0,0.0,-0.03,1606.9,0.0,10.0,270.0,0,91.85,-0.02442644195677718,0.100257999021625,-0.03,0.08824100878101981,0.6052814270392367,1.0,0.0,-1105.988566218387,13.235159639546232,347.285,407.552,4.15992602873471,0.028838796195675163,0.1822880562913308,4.561045205540307,-0.172067201752526,-6.150300000000016,0.0,-0.04707066305319023,final_approach,-0.7549563093007237,-0.878959642222954,-6.129793272135576,
91.95,63.95459413,-22.60518346,493.169,410.444,-1.0057,-3.0783,353.8689,0.0005,-0.0259,-0.0079,69.427,69.822,-6.1576,117.8463,-0.3133,0.0,0.0,0.0,-0.03,1606.4,0.0,10.0,270.0,0,91.95,-0.024434245677773025,0.10026672096077362,-0.03,0.0882485906114292,0.6050209025942767,1.0,0.0,-1102.3956743559088,13.224106736820909,346.669,406.944,4.162813945184581,0.0288455242461805,0.1822932671973201,4.564071048241571,-0.17232319920410077,-6.151100000000042,0.0,-0.04642787550289142,final_approach,-0.755304462596051,-0.8790983299076949,-6.137079336543994,
92.033,63.95461829,-22.6051836,492.707,409.923,-1.0056,-3.0802,353.8683,0.0005,-0.026,-0.0079,69.423,69.818,-6.1625,117.8388,-0.3136,0.0,0.0,0.0,-0.03,1606.0,0.0,10.0,270.0,0,92.033,-0.02444812732495666,0.10027235594722758,-0.03,0.0882542761628593,0.6048243963614158,1.0,0.0,-1099.702398746585,13.216307483380053,346.207,406.423,4.164985275989427,0.028398038889579095,0.18230388493318767,4.5665750074575575,-0.172478759434199,-6.151700000000005,0.0,-0.04658832055575558,final_approach,-0.7556008596960844,-0.8793102786592115,-6.142572814845284,
92.133,63.95465319,-22.60518381,492.039,409.061,-1.0056,-3.083,353.8675,0.0004,-0.0262,-0.0079,69.418,69.811,-6.1695,117.8279,-0.3141,0.0,0.0,0.0,-0.03,1605.4,0.0,10.0,270.0,0,92.133,-0.024456125262275252,0.10028312702153536,-0.03,0.0882618558029159,0.6045389722078722,1.0,0.0,-1095.8118641623366,13.204660746356154,345.539,405.561,4.168128607186147,0.028903917735850194,0.18231399446651703,4.569584490212684,-0.17273599644795468,-6.152499999999918,0.0,-0.0468984732325012,final_approach,-0.7559536086139431,-0.879454016618201,-6.150548711041019,
92.233,63.95468541,-22.60518401,491.422,408.396,-1.0056,-3.0856,353.8667,0.0003,-0.0263,-0.0079,69.413,69.805,-6.1761,117.8179,-0.3145,0.0,0.0,0.0,-0.03,1604.9,0.0,10.0,270.0,0,92.233,-0.024466576503422766,0.10029134449526636,-0.03,0.08826943419131927,0.604273420565775,1.0,0.0,-1092.220087066544,13.193608232757827,344.922,404.896,4.171042028375505,0.028942300095472155,0.1823191969976345,4.572584461611738,-0.17294348191015274,-6.153299999999945,0.0,-0.04718043021137313,final_approach,-0.7562988313288024,-0.8796613001816169,-6.157965740275255,
92.333,63.95471494,-22.60518419,490.855,407.764,-1.0055,-3.088,353.866,0.0002,-0.0264,-0.0079,69.408,69.8,-6.1822,117.8086,-0.3149,0.0,0.0,0.0,-0.03,1604.4,0.0,10.0,270.0,0,92.333,-0.02448071111651995,0.1002977464479574,-0.03,0.08827606425441048,0.6040296965035844,1.0,0.0,-1088.9281820556644,13.183640268863156,344.355,404.264,4.173706706531373,0.02855971367267319,0.1823262106234773,4.575575134468713,-0.17315009259809244,-6.153999999999996,0.0,-0.04743675473760806,final_approach,-0.7566453863739113,-0.879871904960277,-6.164770111690089,
92.442,63.95474983,-22.6051844,490.185,406.986,-1.0055,-3.0908,353.8651,0.0003,-0.0267,-0.0079,69.403,69.793,-6.1894,117.7975,-0.3154,0.0,0.0,0.0,-0.03,1603.8,0.0,10.0,270.0,0,92.442,-0.024490568043016636,0.10030730105570886,-0.03,0.08828458721309007,0.603739340681113,1.0,0.0,-1085.0387622396859,13.171993920966806,343.685,403.486,4.176869776944049,0.02863626049584486,0.18233632373610079,4.578825204100712,-0.1734077181218936,-6.154899999999998,0.0,-0.047294464273551697,final_approach,-0.7570252753434872,-0.880055901169392,-6.172872631711353,
92.542,63.95478472,-22.60518461,489.514,406.094,-1.0055,-3.0937,353.8643,0.0004,-0.0269,-0.0079,69.397,69.787,-6.1966,117.7865,-0.3158,0.0,0.0,0.0,-0.03,1603.3,0.0,10.0,270.0,0,92.542,-0.02450112825972206,0.10031650987269404,-0.03,0.08829216184642152,0.6034473857474798,1.0,0.0,-1081.1493424229154,13.160347573070178,343.014,402.594,4.1800378785393395,0.029143719738688442,0.1823464558730342,4.581797099007679,-0.17361661832779873,-6.155700000000024,0.0,-0.04844951297595583,final_approach,-0.7573738122348921,-0.8802660423608355,-6.181015699844227,
92.642,63.95481692,-22.60518481,488.894,405.374,-1.0054,-3.0964,353.8635,0.0005,-0.0271,-0.0079,69.392,69.781,-6.2034,117.7762,-0.3162,0.0,0.0,0.0,-0.03,1602.7,0.0,10.0,270.0,0,92.642,-0.024515158846002583,0.1003236927824505,-0.03,0.08829973522802625,0.6031763415246312,1.0,0.0,-1077.5597948620784,13.149295837552339,342.394,401.874,4.182968090525632,0.02917011975939501,0.18235161747527756,4.584759603758514,-0.17382464329725167,-6.156500000000051,0.0,-0.04859046634178707,final_approach,-0.7577147531020358,-0.8804660690646138,-6.188571893116599,
92.742,63.95484912,-22.60518501,488.274,404.716,-1.0054,-3.099,353.8627,0.0003,-0.0271,-0.0079,69.387,69.775,-6.2101,117.7659,-0.3166,0.0,0.0,0.0,-0.03,1602.2,0.0,10.0,270.0,0,92.742,-0.02452526478604622,0.10033344790728066,-0.03,0.08830730735788517,0.6029029537171476,1.0,0.0,-1073.9702473012412,13.138244102208558,341.774,401.216,4.185913059798329,0.02921671525399051,0.18235678805665392,4.587712750551652,-0.17403270465106857,-6.157299999999964,0.0,-0.048718605765256454,final_approach,-0.7580546497792788,-0.880664469329048,-6.196189881942136,
92.833,63.95488132,-22.6051852,487.652,403.98,-1.0054,-3.1017,353.8619,0.0003,-0.0272,-0.0079,69.382,69.769,-6.2169,117.7555,-0.317,0.0,0.0,0.0,-0.03,1601.6,0.0,10.0,270.0,0,92.833,-0.024534087663612758,0.10034157009483834,-0.03,0.08831487823598272,0.6026294821371418,1.0,0.0,-1070.380699569384,13.127682304015588,341.152,400.48,4.188848428939966,0.029723396670701546,0.18236877376978095,4.5903922469546945,-0.17424093338209445,-6.15809999999999,0.0,-0.04928464659977938,final_approach,-0.7583726419599373,-0.880829653209803,-6.203806663333186,
92.942,63.95491351,-22.6051854,487.03,403.215,-1.0053,-3.1044,353.8611,0.0005,-0.0273,-0.0079,69.377,69.762,-6.2238,117.7451,-0.3174,0.0,0.0,0.0,-0.03,1601.1,0.0,10.0,270.0,0,92.942,-0.024549660766243264,0.10034893691198318,-0.03,0.08832244786229859,0.6023539547761221,1.0,0.0,-1066.7922667760242,13.116630957799078,340.53,399.715,4.191795367933202,0.029275520151021733,0.18237392437814043,4.593592579547976,-0.17444919889322819,-6.158899999999903,0.0,-0.04897436596644657,final_approach,-0.7587403924333849,-0.8810696630542374,-6.211477134768916,
93.033,63.95494302,-22.60518558,486.459,402.626,-1.0053,-3.1069,353.8604,0.0005,-0.0275,-0.0079,69.372,69.757,-6.2301,117.7356,-0.3178,0.0,0.0,0.0,-0.03,1600.6,0.0,10.0,270.0,0,93.033,-0.024557752004926436,0.10035614928119826,-0.03,0.08832907025846093,0.6021001797963579,1.0,0.0,-1063.5025912993078,13.106663772158678,339.959,399.126,4.194500438456081,0.029350608409511855,0.18238093714589662,4.596255347336958,-0.17465631895981915,-6.159599999999955,0.0,-0.04951715587358779,final_approach,-0.7590499573338221,-0.8812238326706421,-6.218538880603102,
93.142,63.9549779,-22.6051858,485.784,401.786,-1.0052,-3.1098,353.8595,0.0005,-0.0277,-0.0079,69.367,69.75,-6.2375,117.7242,-0.3182,0.0,0.0,0.0,-0.03,1599.9,0.0,10.0,270.0,0,93.142,-0.02457327981495344,0.10036735025330683,-0.03,0.08833758335951947,0.601797738060585,1.0,0.0,-1059.6142864210356,13.094527876064456,339.284,398.286,4.197712863122405,0.029370804662856263,0.18238429655564373,4.599435507899532,-0.17486597184387165,-6.160499999999956,0.0,-0.04918573803353327,final_approach,-0.7594130760613673,-0.8814547836921882,-6.226950930320054,
93.233,63.9550074,-22.60518598,485.212,401.066,-1.0052,-3.1124,353.8588,0.0005,-0.0279,-0.0079,69.362,69.744,-6.2439,117.7146,-0.3186,0.0,0.0,0.0,-0.03,1599.4,0.0,10.0,270.0,0,93.233,-0.02458124665606154,0.1003741308748905,-0.03,0.08834420356498973,0.601541032735022,1.0,0.0,-1056.325725712589,13.084561079551603,338.712,397.566,4.200429877452945,0.029451887274980406,0.18239128582916544,4.602081493869358,-0.17507329404705274,-6.161200000000008,0.0,-0.04970931229822627,final_approach,-0.7597207163362611,-0.8816057523397784,-6.234087532132758,
93.35,63.95504495,-22.60518621,484.483,400.251,-1.0051,-3.1156,353.8579,0.0007,-0.0279,-0.0079,69.356,69.737,-6.252,117.7022,-0.319,0.0,0.0,0.0,-0.03,1598.8,0.0,10.0,270.0,0,93.35,-0.024598463102487145,0.10038461174113139,-0.03,0.08835271384940435,0.6012124029053981,1.0,0.0,-1052.139778113339,13.071831349333143,337.983,396.751,4.203895429715533,0.029479923530558064,0.18239959601443992,4.605474128776956,-0.17528434399454795,-6.1621000000000095,0.0,-0.049852288569483656,final_approach,-0.7601143100001728,-0.8818804619443821,-6.243219226022514,
93.45,63.95507713,-22.60518641,483.857,399.477,-1.0051,-3.1183,353.8571,0.0006,-0.0279,-0.008,69.35,69.731,-6.259,117.6916,-0.3194,0.0,0.0,0.0,-0.03,1598.2,0.0,10.0,270.0,0,93.45,-0.0246081053077864,0.10039222772508624,-0.03,0.08836027721655138,0.6009296125500175,1.0,0.0,-1048.5524600874571,13.060780392069848,337.357,395.977,4.2068662865318105,0.02951803096926104,0.18240475235166445,4.608363023582866,-0.17549306024281464,-6.162900000000036,0.0,-0.05077480779043943,final_approach,-0.7604469374316594,-0.88206693529464,-6.251073175690511,
93.533,63.95510394,-22.60518657,483.336,398.942,-1.005,-3.1206,353.8564,0.0006,-0.028,-0.008,69.346,69.725,-6.2649,117.6827,-0.3197,0.0,0.0,0.0,-0.03,1597.7,0.0,10.0,270.0,0,93.533,-0.024621275817219845,0.10039954611764926,-0.03,0.08836689413586618,0.6006915047904327,1.0,0.0,-1045.5637714631314,13.051898145434436,336.836,395.442,4.209359722399706,0.02960525847417517,0.18241359164287413,4.610753547323979,-0.1756508785845199,-6.163599999999974,0.0,-0.050540077180783655,final_approach,-0.7607281949163003,-0.882252698036778,-6.2576832999508945,
93.642,63.9551388,-22.60518679,482.656,398.184,-1.005,-3.1236,353.8555,0.0005,-0.0282,-0.008,69.34,69.718,-6.2726,117.6711,-0.3201,0.0,0.0,0.0,-0.03,1597.1,0.0,10.0,270.0,0,93.642,-0.024632587793212923,0.10040749753823958,-0.03,0.08837540019516499,0.6003824012770389,1.0,0.0,-1041.6776961198145,13.03976302759476,336.156,394.684,4.212585823177067,0.02960392453484103,0.18241690835455052,4.613884585779347,-0.17586098696057206,-6.164499999999975,0.0,-0.05094969485158858,final_approach,-0.761085714381597,-0.8824745356909709,-6.266260466138668,
93.733,63.95517097,-22.60518699,482.029,397.474,-1.0049,-3.1264,353.8547,0.0005,-0.0284,-0.008,69.335,69.712,-6.2796,117.6603,-0.3204,0.0,0.0,0.0,-0.03,1596.5,0.0,10.0,270.0,0,93.733,-0.02464703565035159,0.10041841846516433,-0.03,0.08838295980659738,0.6000939418472625,1.0,0.0,-1038.0914928614106,13.0287124596328,335.529,393.974,4.215585589569208,0.03016401475365061,0.18242204880726667,4.616489542310611,-0.1760213800317274,-6.165300000000002,0.0,-0.05131290940554927,final_approach,-0.7613862935230991,-0.8826855001646354,-6.274260856299428,
93.833,63.95520046,-22.60518717,481.453,396.725,-1.0049,-3.129,353.854,0.0004,-0.0286,-0.008,69.33,69.706,-6.2862,117.6504,-0.3208,0.0,0.0,0.0,-0.03,1596.0,0.0,10.0,270.0,0,93.833,-0.02465633382992327,0.10042531842682287,-0.03,0.08838957343961851,0.5998288110919355,1.0,0.0,-1034.8040469196494,13.018746052246945,334.953,393.225,4.218333606571551,0.029716707298614205,0.18242906095051,4.619344149931293,-0.1762293074645811,-6.16599999999994,0.0,-0.051193554005040914,final_approach,-0.7617174922727266,-0.882871009559695,-6.281610893555811,
93.95,63.95523798,-22.60518741,480.719,395.905,-1.0048,-3.1323,353.8531,0.0004,-0.0289,-0.008,69.324,69.699,-6.2945,117.6377,-0.3212,0.0,0.0,0.0,-0.03,1595.3,0.0,10.0,270.0,0,93.95,-0.024672563322207186,0.10043665198237142,-0.03,0.0883980752736232,0.5994898526963884,1.0,0.0,-1030.621443793853,13.005527552085436,334.219,392.405,4.221834222607913,0.02975055527927547,0.18243044825431082,4.622673070192316,-0.17644099337417174,-6.166899999999941,0.0,-0.05120159921204186,final_approach,-0.7620947926027739,-0.8831202401669884,-6.291002972085664,
94.042,63.95526747,-22.60518759,480.142,395.176,-1.0048,-3.1349,353.8523,0.0005,-0.029,-0.008,69.319,69.693,-6.3012,117.6277,-0.3215,0.0,0.0,0.0,-0.03,1594.8,0.0,10.0,270.0,0,94.042,-0.024683369305725233,0.10044338904257168,-0.03,0.08840563112918243,0.599221142618677,1.0,0.0,-1027.3339978520921,12.995561144699579,333.642,391.676,4.22459941036945,0.02980152751812295,0.18243747999745832,4.625281120936825,-0.17660042017354272,-6.167699999999968,0.0,-0.05148761983702967,final_approach,-0.7623982065397641,-0.8833369238609077,-6.298444887439036,
94.15,63.95530231,-22.60518781,479.459,394.454,-1.0047,-3.1381,353.8515,0.0005,-0.0291,-0.008,69.313,69.686,-6.309,117.6159,-0.3219,0.0,0.0,0.0,-0.03,1594.2,0.0,10.0,270.0,0,94.15,-0.024697690224824265,0.10045351221913804,-0.03,0.08841318573274903,0.5989025613020327,1.0,0.0,-1023.4501520437308,12.983426805114453,332.959,390.954,4.22786656292811,0.029876508361799888,0.18244074548341405,4.628333709413662,-0.17681098707905107,-6.1684999999999945,0.0,-0.05185743217507748,final_approach,-0.7627468076710571,-0.8835446488206831,-6.3072637907221925,
94.233,63.9553291,-22.60518797,478.933,393.765,-1.0047,-3.1405,353.8508,0.0004,-0.0291,-0.008,69.309,69.68,-6.3151,117.6067,-0.3221,0.0,0.0,0.0,-0.03,1593.7,0.0,10.0,270.0,0,94.233,-0.0247094491167677,0.10046068663509272,-0.03,0.08841979498383101,0.5986565621052936,1.0,0.0,-1020.4636929543602,12.974545336733586,332.433,390.265,4.230381112688248,0.0299463870086035,0.18244957674264653,4.630671967687257,-0.17692068936540295,-6.169200000000046,0.0,-0.051524281166833816,final_approach,-0.7630221568192397,-0.8837939270959758,-6.314070390152491,
94.333,63.95536126,-22.60518817,478.301,393.033,-1.0047,-3.1433,353.85,0.0003,-0.0292,-0.0081,69.303,69.674,-6.3224,117.5957,-0.3225,0.0,0.0,0.0,-0.03,1593.1,0.0,10.0,270.0,0,94.333,-0.024718519358061353,0.10046907596819084,-0.03,0.08842734723986312,0.5983596104044215,1.0,0.0,-1016.8786044634339,12.963495157724838,331.801,389.533,4.23340702081753,0.029998502722639958,0.1824547282732968,4.633481867288962,-0.17713025705029395,-6.169999999999959,0.0,-0.05229480106075853,final_approach,-0.7633458639561113,-0.8839656927683777,-6.322283220710467,
94.433,63.95539341,-22.60518837,477.668,392.331,-1.0046,-3.1462,353.8492,0.0004,-0.0294,-0.0081,69.298,69.667,-6.3298,117.5846,-0.3228,0.0,0.0,0.0,-0.03,1592.5,0.0,10.0,270.0,0,94.433,-0.02473421103172202,0.10047725656068035,-0.03,0.08843489824385353,0.5980616783953069,1.0,0.0,-1013.2946307391934,12.952445368017148,331.168,388.831,4.236432628004669,0.030041430914099092,0.18245984436113372,4.636282912167446,-0.17729127083558183,-6.170799999999986,0.0,-0.05208618278250324,final_approach,-0.7636685253169944,-0.8842089519084837,-6.330519241120289,
94.533,63.95542556,-22.60518857,477.035,391.537,-1.0046,-3.1492,353.8484,0.0004,-0.0296,-0.0081,69.292,69.661,-6.3371,117.5735,-0.3231,0.0,0.0,0.0,-0.03,1591.9,0.0,10.0,270.0,0,94.533,-0.024745981985470233,0.1004870582443074,-0.03,0.08844244799578238,0.5977611614211925,1.0,0.0,-1009.7106570149529,12.941395578309459,330.535,388.037,4.2394741685789015,0.030103760052136393,0.18246496947319507,4.6390751327408735,-0.1774523150207301,-6.1715999999998985,0.0,-0.052805620711367095,final_approach,-0.7639902028105006,-0.8844506843020739,-6.3388227577442,
94.642,63.95546038,-22.60518879,476.348,390.588,-1.0045,-3.1523,353.8475,0.0003,-0.0298,-0.0081,69.286,69.653,-6.3452,117.5613,-0.3235,0.0,0.0,0.0,-0.03,1591.2,0.0,10.0,270.0,0,94.642,-0.024760435853898144,0.10049549654365884,-0.03,0.08845093997007869,0.5974345612801129,1.0,0.0,-1005.8290407415469,12.929262016978878,329.848,387.088,4.242768090158034,0.03012304404823674,0.18246818621012936,4.642108858722152,-0.1776636009375352,-6.1724999999999,0.0,-0.053009279879391705,final_approach,-0.764336610023701,-0.8846540240999481,-6.347842480864902,
94.742,63.95549252,-22.60518899,475.713,389.937,-1.0045,-3.1553,353.8467,0.0003,-0.03,-0.0082,69.281,69.647,-6.3527,117.5501,-0.3238,0.0,0.0,0.0,-0.03,1590.6,0.0,10.0,270.0,0,94.742,-0.024772070096716614,0.1005041008694995,-0.03,0.08845848706132331,0.5971314937627709,1.0,0.0,-1002.2461817847839,12.918212616398462,329.213,386.437,4.245813990608747,0.030179037458052334,0.18247328347381203,4.644882490873793,-0.17782484645726981,-6.1732999999999265,0.0,-0.05273570898126066,final_approach,-0.7646561534037914,-0.8848922412199798,-6.356208137784527,
94.85,63.95552466,-22.60518919,475.077,389.115,-1.0045,-3.1583,353.8459,0.0004,-0.03,-0.0082,69.275,69.64,-6.3602,117.5388,-0.3241,0.0,0.0,0.0,-0.03,1590.0,0.0,10.0,270.0,0,94.85,-0.024785087363439484,0.10051216334002919,-0.03,0.08846603290045352,0.596827082064695,1.0,0.0,-998.663322828021,12.907163215643985,328.577,385.615,4.248863173960263,0.029854727745161413,0.18247838974775935,4.647868579999405,-0.1779862571150943,-6.174099999999953,0.0,-0.05299205866983359,final_approach,-0.7649996713799148,-0.8851662879089837,-6.3646068813380445,
94.942,63.95555679,-22.6051894,474.441,388.302,-1.0044,-3.1612,353.845,0.0004,-0.03,-0.0082,69.269,69.633,-6.3677,117.5275,-0.3244,0.0,0.0,0.0,-0.03,1589.4,0.0,10.0,270.0,0,94.942,-0.024798775020439867,0.10052115186647705,-0.03,0.08847452047278559,0.5965203785390668,1.0,0.0,-995.0815788097563,12.895624266865973,327.941,384.802,4.251925071424308,0.030425855483368392,0.18247652762234307,4.650402956895329,-0.17814769880894232,-6.1749999999999545,0.0,-0.05410345254569883,final_approach,-0.765283076673132,-0.8853498262110548,-6.373064803881732,
95.033,63.95558625,-22.60518958,473.857,387.64,-1.0044,-3.164,353.8443,0.0003,-0.0301,-0.0082,69.264,69.627,-6.3746,117.5171,-0.3247,0.0,0.0,0.0,-0.03,1588.9,0.0,10.0,270.0,0,95.033,-0.02480851098406045,0.1005300231016982,-0.03,0.0884811208223023,0.5962379287040773,1.0,0.0,-991.7974771704285,12.885659026861939,327.357,384.14,4.254735849672016,0.03050282507809475,0.18248352426728648,4.65290273530107,-0.1783079591494925,-6.175700000000006,0.0,-0.05417996185474041,final_approach,-0.7655742283729055,-0.8855467992957422,-6.380850303871082,
95.133,63.95561838,-22.60518978,473.219,386.918,-1.0044,-3.1669,353.8435,0.0003,-0.0303,-0.0082,69.258,69.62,-6.3822,117.5057,-0.325,0.0,0.0,0.0,-0.03,1588.3,0.0,10.0,270.0,0,95.133,-0.024819893680274707,0.1005383521443198,-0.03,0.08848866290498647,0.5959287174022211,1.0,0.0,-988.2157329819354,12.874610015409072,326.719,383.418,4.257803174404636,0.03053122878611268,0.18248860800883843,4.655641920317617,-0.17846959644910498,-6.176500000000033,0.0,-0.05470905623158271,final_approach,-0.7658898670313938,-0.885778549337477,-6.389369542194029,
95.25,63.95565586,-22.60519002,472.474,386.069,-1.0044,-3.1705,353.8425,0.0004,-0.0305,-0.0082,69.252,69.613,-6.3911,117.4923,-0.3253,0.0,0.0,0.0,-0.03,1587.5,0.0,10.0,270.0,0,95.25,-0.024834418144438264,0.10054952952562927,-0.03,0.0884980887474568,0.5955656308920235,1.0,0.0,-984.0375889252578,12.861393071756382,325.974,382.569,4.261392057516996,0.030555059761020655,0.18248989356626122,4.658836234375631,-0.17863396538197662,-6.177500000000009,0.0,-0.05439751032707985,final_approach,-0.7662518448073392,-0.886075921870928,-6.399367919419017,
95.342,63.9556853,-22.60519021,471.887,385.403,-1.0043,-3.1732,353.8418,0.0005,-0.0307,-0.0083,69.247,69.606,-6.3982,117.4817,-0.3256,0.0,0.0,0.0,-0.03,1587.0,0.0,10.0,270.0,0,95.342,-0.02484747121793285,0.10055625151177659,-0.03,0.08850468567302983,0.5952802542657163,1.0,0.0,-980.7557169919057,12.850938672682023,325.387,381.903,4.264203185223963,0.030555172458398137,0.1824898731292299,4.661338204918102,-0.17879458710763174,-6.178200000000061,0.0,-0.0543929935779733,final_approach,-0.7665340152934945,-0.8862588347534199,-6.407222459704002,
95.433,63.95571475,-22.60519039,471.301,384.752,-1.0043,-3.176,353.841,0.0004,-0.0309,-0.0083,69.241,69.6,-6.4052,117.4711,-0.3258,0.0,0.0,0.0,-0.03,1586.4,0.0,10.0,270.0,0,95.433,-0.024860110758872123,0.10056517677120545,-0.03,0.08851222384258417,0.5949909074966895,1.0,0.0,-977.4727301200558,12.84097382180526,324.801,381.252,4.2670448595690225,0.030667175482840262,0.18249686057551315,4.663806026675555,-0.17890646383148123,-6.178999999999974,0.0,-0.05544218197398141,final_approach,-0.7668215490012678,-0.8865231720913656,-6.4151827607735115,
95.55,63.95575222,-22.60519063,470.553,383.867,-1.0042,-3.1796,353.84,0.0004,-0.0311,-0.0083,69.235,69.592,-6.4142,117.4576,-0.3262,0.0,0.0,0.0,-0.03,1585.7,0.0,10.0,270.0,0,95.55,-0.02487544168982292,0.10057673025865893,-0.03,0.08852164479356972,0.5946226678878392,1.0,0.0,-973.2957008308557,12.827757267279843,324.053,380.367,4.270649021131818,0.030690112849369174,0.18249811314421271,4.666969462409393,-0.1791198460351211,-6.180000000000064,0.0,-0.0550639882747156,final_approach,-0.7671799992421029,-0.8867414773029001,-6.42530841727141,
95.65,63.95578433,-22.60519083,469.911,383.147,-1.0042,-3.1827,353.8392,0.0004,-0.0313,-0.0084,69.229,69.585,-6.422,117.4459,-0.3264,0.0,0.0,0.0,-0.03,1585.0,0.0,10.0,270.0,0,95.65,-0.024889321527073016,0.10058492326855054,-0.03,0.08852918014556854,0.5943054797835631,1.0,0.0,-969.7161861765261,12.816709033907188,323.411,379.647,4.273742587938282,0.030731038718581648,0.18250314320348457,4.6696632118550445,-0.17923326642761594,-6.1807999999999765,0.0,-0.05551271661337756,final_approach,-0.7674904405497394,-0.887037963125076,-6.4340257416363436,
95.75,63.95581644,-22.60519103,469.268,382.444,-1.0042,-3.1858,353.8384,0.0003,-0.0313,-0.0084,69.223,69.578,-6.4299,117.4342,-0.3267,0.0,0.0,0.0,-0.03,1584.4,0.0,10.0,270.0,0,95.75,-0.024900309751669125,0.10059204084768403,-0.03,0.08853671424529386,0.5939868910292477,1.0,0.0,-966.1366715221964,12.80566080070859,322.768,378.944,4.2768397633549995,0.03077115796001343,0.18250818222272622,4.6723484860378,-0.1793954987293489,-6.181600000000003,0.0,-0.05592065146670739,final_approach,-0.7677999373192854,-0.8872595728401436,-6.442777347812175,
95.858,63.95584855,-22.60519124,468.625,381.71,-1.0041,-3.1889,353.8375,0.0003,-0.0313,-0.0084,69.217,69.571,-6.4377,117.4224,-0.327,0.0,0.0,0.0,-0.03,1583.8,0.0,10.0,270.0,0,95.858,-0.024916262610725493,0.1006018923280097,-0.03,0.08854518861060423,0.5936655290360167,1.0,0.0,-962.5571570388869,12.794122630185127,322.125,378.21,4.2799538137151,0.030448264905103835,0.182506241380422,4.675238705557149,-0.1795578992411322,-6.1825000000000045,0.0,-0.05588746092932995,final_approach,-0.7681233710272757,-0.8875019019246047,-6.451600878859484,
95.933,63.9558753,-22.60519141,468.088,381.09,-1.0041,-3.1915,353.8368,0.0002,-0.0314,-0.0084,69.212,69.565,-6.4443,117.4126,-0.3272,0.0,0.0,0.0,-0.03,1583.2,0.0,10.0,270.0,0,95.933,-0.02492519241237895,0.10060852732959366,-0.03,0.08855177868785247,0.5933975060779879,1.0,0.0,-959.5751571896557,12.784752780988207,321.588,377.59,4.282543340100833,0.031128057166994356,0.182508080772011,4.677238714851157,-0.17966881345554953,-6.1831999999999425,0.0,-0.05686738872362755,final_approach,-0.7683513691679345,-0.8876780941655742,-6.45895664397413,
96.033,63.9559074,-22.60519161,467.443,380.353,-1.0041,-3.1946,353.836,0.0001,-0.0316,-0.0084,69.206,69.558,-6.4522,117.4008,-0.3275,0.0,0.0,0.0,-0.03,1582.6,0.0,10.0,270.0,0,96.033,-0.02493600164098475,0.10061749118836559,-0.03,0.0885593090306529,0.5930741416649103,1.0,0.0,-955.9967573028036,12.773704936916886,320.943,376.853,4.285658383423112,0.031131786509626277,0.1825130917642321,4.67989922831141,-0.17983127131327592,-6.183999999999969,0.0,-0.057152171566934654,final_approach,-0.768658035238154,-0.8878951037456897,-6.467827309642505,
96.133,63.9559395,-22.60519181,466.798,379.633,-1.0041,-3.1977,353.8351,0.0001,-0.0319,-0.0084,69.2,69.551,-6.4602,117.3889,-0.3278,0.0,0.0,0.0,-0.03,1582.0,0.0,10.0,270.0,0,96.133,-0.02494705007681114,0.10062599980479478,-0.03,0.0885677791693622,0.5927479594436039,1.0,0.0,-952.4183574159517,12.762657092671502,320.298,376.133,4.28879052645229,0.031163393806653256,0.182518111705265,4.682551375387565,-0.17999389812214872,-6.1848999999999705,0.0,-0.057411065060850204,final_approach,-0.7689637690495843,-0.8881104558652666,-6.476770952527861,
96.233,63.95597159,-22.60519202,466.151,378.891,-1.0041,-3.2009,353.8343,0.0002,-0.0321,-0.0084,69.194,69.544,-6.4681,117.3769,-0.328,0.0,0.0,0.0,-0.03,1581.3,0.0,10.0,270.0,0,96.233,-0.024960022878968258,0.10063587295324262,-0.03,0.08857530685091586,0.5924221137265133,1.0,0.0,-948.8410724675978,12.751119700402583,319.651,375.391,4.291909484756302,0.031167758678897064,0.18251608257178842,4.685194479060119,-0.18010788122506938,-6.185699999999997,0.0,-0.057646422782590835,final_approach,-0.76925921321887,-0.8883835239800995,-6.485701056809493,
96.333,63.95600368,-22.60519222,465.504,378.147,-1.0041,-3.2041,353.8335,0.0003,-0.0323,-0.0083,69.188,69.537,-6.4762,117.3649,-0.3283,0.0,0.0,0.0,-0.03,1580.7,0.0,10.0,270.0,0,96.333,-0.024970638813825552,0.10064369465896414,-0.03,0.08858283328009198,0.5920934294638664,1.0,0.0,-945.2637873474315,12.740072245458258,319.004,374.647,4.295045654141042,0.03120008120698051,0.1825210688719866,4.687829271017117,-0.18027070574970594,-6.186500000000024,0.0,-0.057860384347810365,final_approach,-0.7695629445697136,-0.8885955644896786,-6.49470461036994,
96.433,63.95603577,-22.60519243,464.856,377.418,-1.004,-3.2073,353.8326,0.0005,-0.0323,-0.0084,69.182,69.53,-6.4842,117.3529,-0.3285,0.0,0.0,0.0,-0.03,1580.0,0.0,10.0,270.0,0,96.433,-0.024987658878618313,0.10065366591095569,-0.03,0.08859129901591134,0.5917632934995581,1.0,0.0,-941.6865023990775,12.728534853189341,318.356,373.918,4.298185725703767,0.03123352027702461,0.18251903875271028,4.690455077322331,-0.180384740465513,-6.187400000000025,0.0,-0.05805489486164553,final_approach,-0.7698564357625308,-0.8888656151361083,-6.503743561277183,
96.533,63.95606786,-22.60519263,464.207,376.663,-1.004,-3.2105,353.8318,0.0005,-0.0323,-0.0084,69.176,69.523,-6.4923,117.3408,-0.3288,0.0,0.0,0.0,-0.03,1579.4,0.0,10.0,270.0,0,96.533,-0.024998150149260656,0.1006625806308459,-0.03,0.08859882278372966,0.591431700954869,1.0,0.0,-938.1092172797033,12.717487398071231,317.707,373.163,4.30132973320984,0.03126794607431047,0.1825240366357148,4.693072630728161,-0.1805477634229078,-6.188200000000052,0.0,-0.05823172260149645,final_approach,-0.770158237281791,-0.8890744522814256,-6.51281800830921,
96.633,63.95609994,-22.60519284,463.557,375.93,-1.0039,-3.2137,353.831,0.0005,-0.0324,-0.0084,69.17,69.516,-6.5005,117.3287,-0.329,0.0,0.0,0.0,-0.03,1578.7,0.0,10.0,270.0,0,96.633,-0.02501473852576963,0.1006702669115743,-0.03,0.08860634529911715,0.5910990416964953,1.0,0.0,-934.533047098035,12.70595039492931,317.057,372.43,4.304473985179398,0.03129704167785556,0.18252196011314767,4.695681251303715,-0.18066198682794266,-6.1889999999999645,0.0,-0.05839247509227002,final_approach,-0.7704497283814931,-0.889341208313482,-6.521917255392712,
96.75,63.95613736,-22.60519307,462.798,375.076,-1.0039,-3.2174,353.83,0.0006,-0.0326,-0.0084,69.163,69.507,-6.51,117.3144,-0.3293,0.0,0.0,0.0,-0.03,1577.9,0.0,10.0,270.0,0,96.75,-0.02502868159336763,0.10068125857681119,-0.03,0.08861574668209882,0.5907084956085289,1.0,0.0,-930.3615914752033,12.693225723365128,316.298,371.576,4.308152918389854,0.03132151366381879,0.18253007045337064,4.6987241126666754,-0.18082808794520133,-6.190000000000055,0.0,-0.05852307370470913,final_approach,-0.7708035915150688,-0.8896237558779401,-6.532594301797452,
96.85,63.95616943,-22.60519328,462.147,374.346,-1.0038,-3.2207,353.8291,0.0007,-0.0327,-0.0085,69.157,69.5,-6.5182,117.3022,-0.3296,0.0,0.0,0.0,-0.03,1577.3,0.0,10.0,270.0,0,96.85,-0.02504259999946662,0.10069070312148377,-0.03,0.08862420625356471,0.590371368335022,1.0,0.0,-926.786536061013,12.681689109176421,315.647,370.846,4.311317963364195,0.03137633634375207,0.18252794979382275,4.7013144939371685,-0.18099134737798295,-6.190900000000056,0.0,-0.05865733973155427,final_approach,-0.7710929666201096,-0.8898135366364137,-6.5418061228018765,
96.95,63.95620151,-22.60519348,461.495,373.577,-1.0037,-3.2239,353.8283,0.0007,-0.0328,-0.0085,69.151,69.493,-6.5264,117.2899,-0.3298,0.0,0.0,0.0,-0.03,1576.6,0.0,10.0,270.0,0,96.95,-0.025059532097377657,0.10070088212485614,-0.03,0.08863172454187951,0.5900323520021435,1.0,0.0,-923.2103657091163,12.670642043359644,314.995,370.077,4.314490885082631,0.03143514981718623,0.18253292886220354,4.703896738510265,-0.18110592884241328,-6.191699999999969,0.0,-0.05877939975595817,final_approach,-0.7713907594400418,-0.8900892353932353,-6.551065082149709,
97.05,63.95623357,-22.60519369,460.842,372.857,-1.0037,-3.2272,353.8274,0.0007,-0.033,-0.0086,69.145,69.485,-6.5347,117.2775,-0.33,0.0,0.0,0.0,-0.03,1575.9,0.0,10.0,270.0,0,97.05,-0.02507229239267994,0.1007096627952918,-0.03,0.08864018111910243,0.5896926504723875,1.0,0.0,-919.6364250624035,12.65910581847227,314.342,369.357,4.317660421831545,0.031478519429178016,0.18253076136412855,4.706470158851643,-0.1812206718085747,-6.19259999999997,0.0,-0.05889036341450794,final_approach,-0.7716781592634909,-0.8903490511270018,-6.560338274281317,
97.15,63.95626564,-22.6051939,460.188,372.101,-1.0036,-3.2304,353.8266,0.0006,-0.0332,-0.0086,69.139,69.478,-6.543,117.2651,-0.3302,0.0,0.0,0.0,-0.03,1575.3,0.0,10.0,270.0,0,97.15,-0.025088554358731918,0.10071918117278024,-0.03,0.08864769674583162,0.5893510498989064,1.0,0.0,-916.061369649005,12.6475692044579,313.688,368.601,4.320837904829469,0.03152790452085508,0.18252863560024207,4.709034788548829,-0.18133543904005478,-6.193399999999997,0.0,-0.058991239467734234,final_approach,-0.7719646221459087,-0.890607419964919,-6.569658808420499,
97.233,63.95628968,-22.60519405,459.697,371.528,-1.0036,-3.2329,353.8259,0.0006,-0.0333,-0.0086,69.134,69.472,-6.5492,117.2558,-0.3304,0.0,0.0,0.0,-0.03,1574.8,0.0,10.0,270.0,0,97.233,-0.025098438061672168,0.10072639335529229,-0.03,0.08865427189174757,0.5890941455457112,1.0,0.0,-913.3814714196421,12.63928468321918,313.197,368.028,4.323221178833878,0.03105894453928398,0.18253228827970322,4.711156638894392,-0.18144596215810793,-6.194099999999935,0.0,-0.05910485077570095,final_approach,-0.7722087431329037,-0.8908084586696976,-6.576665458722928,
97.333,63.95632441,-22.60519427,458.987,370.734,-1.0035,-3.2365,353.825,0.0003,-0.0337,-0.0087,69.127,69.464,-6.5583,117.2423,-0.3306,0.0,0.0,0.0,-0.03,1574.0,0.0,10.0,270.0,0,97.333,-0.025115201052144986,0.10073554257208016,-0.03,0.08866272424166144,0.5887210206301536,1.0,0.0,-909.5098880519515,12.627154624207568,312.487,367.234,4.326672964783339,0.031635430365172246,0.18253523770010097,4.713706307201421,-0.18156229025638027,-6.194999999999936,0.0,-0.06009531888700577,final_approach,-0.7725001915071594,-0.8910719800652114,-6.586837339881772,
97.433,63.95635646,-22.60519448,458.33,370.008,-1.0035,-3.2398,353.8241,0.0001,-0.0339,-0.0087,69.121,69.457,-6.5667,117.2298,-0.3308,0.0,0.0,0.0,-0.03,1573.3,0.0,10.0,270.0,0,97.433,-0.025127728826823847,0.10074457728186792,-0.03,0.08867117500629174,0.588376237252018,1.0,0.0,-905.9370621727164,12.615618788273407,311.83,366.508,4.3298525120698645,0.03166210411518591,0.1825330190296194,4.716247254747045,-0.18167726599321554,-6.195899999999938,0.0,-0.06008665353364135,final_approach,-0.7727838601984267,-0.8913258291577648,-6.59623188323711,
97.542,63.95638852,-22.60519468,457.673,369.27,-1.0035,-3.2432,353.8233,0.0001,-0.034,-0.0087,69.115,69.45,-6.5752,117.2172,-0.331,0.0,0.0,0.0,-0.03,1572.7,0.0,10.0,270.0,0,97.542,-0.025141930623600095,0.10075341225965209,-0.03,0.08867868546620006,0.5880280221459734,1.0,0.0,-902.3631213557754,12.604572500711178,311.173,365.77,4.333054027759247,0.03128037069137465,0.18253793732439524,4.719008191556489,-0.18179240427770083,-6.196699999999964,0.0,-0.059628400626913755,final_approach,-0.7731017251414904,-0.8916308915647218,-6.605715368141823,
97.642,63.95642323,-22.60519491,456.96,368.44,-1.0035,-3.2469,353.8223,0.0002,-0.034,-0.0087,69.108,69.441,-6.5844,117.2035,-0.3313,0.0,0.0,0.0,-0.03,1571.9,0.0,10.0,270.0,0,97.642,-0.025151551380702575,0.10076270131288137,-0.03,0.08868807177960836,0.587650160774364,1.0,0.0,-898.4937676940606,12.591953282455181,310.46,364.94,4.336517244143776,0.03183900288369413,0.18253370669121644,4.721531534920422,-0.18195797220690224,-6.197699999999941,0.0,-0.06057127329718631,final_approach,-0.7733807619927475,-0.8918016389428409,-6.61600109619301,
97.742,63.95645528,-22.60519511,456.302,367.701,-1.0035,-3.2502,353.8214,0.0003,-0.0341,-0.0087,69.101,69.434,-6.5929,117.1908,-0.3315,0.0,0.0,0.0,-0.03,1571.2,0.0,10.0,270.0,0,97.742,-0.0251644318118181,0.10077209615492401,-0.03,0.08869651778824827,0.5872975262194815,1.0,0.0,-894.9209416438052,12.580907384019952,309.802,364.201,4.33973916879039,0.031902376814101824,0.182538588995017,4.72404695537019,-0.18207330480601058,-6.198599999999942,0.0,-0.06142843027017338,final_approach,-0.7736708878571648,-0.8920646664429555,-6.625595311434772,
97.842,63.95648732,-22.60519532,455.642,366.943,-1.0034,-3.2536,353.8206,0.0005,-0.0343,-0.0087,69.095,69.426,-6.6015,117.1781,-0.3317,0.0,0.0,0.0,-0.03,1570.5,0.0,10.0,270.0,0,97.842,-0.025180265818679604,0.10078077550747701,-0.03,0.08870402402055177,0.5869453024318532,1.0,0.0,-891.349230532048,12.569371937387125,309.142,363.443,4.3429477444797895,0.03193294016075039,0.18253631923308783,4.726553764108931,-0.1821886624037461,-6.199399999999969,0.0,-0.061298572972885414,final_approach,-0.7739506375799827,-0.8923120419533106,-6.635173736803889,
97.942,63.95651935,-22.60519553,454.981,366.213,-1.0034,-3.257,353.8197,0.0005,-0.0344,-0.0087,69.089,69.419,-6.6101,117.1653,-0.3319,0.0,0.0,0.0,-0.03,1569.8,0.0,10.0,270.0,0,97.942,-0.025192471162085672,0.10078984206973375,-0.03,0.08871246703457303,0.5865919717400943,1.0,0.0,-887.7786341877681,12.55783687988157,308.481,362.713,4.346156882993309,0.031959347656491936,0.18253399939214374,4.729051984834449,-0.1823041835332333,-6.20029999999997,0.0,-0.0611805208844418,final_approach,-0.7742293525135331,-0.8925576138233726,-6.644777657397391,
98.042,63.95655139,-22.60519573,454.32,365.466,-1.0033,-3.2604,353.8188,0.0005,-0.0346,-0.0088,69.082,69.411,-6.6187,117.1524,-0.332,0.0,0.0,0.0,-0.03,1569.1,0.0,10.0,270.0,0,98.042,-0.02521186542265308,0.10079916868022341,-0.03,0.08872090846317449,0.5862351146088455,1.0,0.0,-884.2069229049905,12.546791370573612,307.82,361.966,4.349388487435665,0.03201879711766974,0.18253884923660318,4.731542363141995,-0.18237096188960322,-6.201199999999972,0.0,-0.061982291713132916,final_approach,-0.7745166102558088,-0.8928893876123265,-6.654472775419666,
98.142,63.95658342,-22.60519594,453.657,364.734,-1.0033,-3.2639,353.8179,0.0004,-0.0348,-0.0088,69.076,69.404,-6.6274,117.1395,-0.3322,0.0,0.0,0.0,-0.03,1568.4,0.0,10.0,270.0,0,98.142,-0.02522395137472122,0.10080778072412082,-0.03,0.08872934830633339,0.5858786930416756,1.0,0.0,-880.6363265607108,12.535256312893997,307.157,361.234,4.352606669112978,0.03204596706024624,0.18253652747798083,4.734024208012653,-0.18248666699327032,-6.202099999999973,0.0,-0.0618020833755759,final_approach,-0.7747934750376899,-0.8931318975881872,-6.664151417964174,
98.242,63.95661544,-22.60519615,452.994,363.977,-1.0032,-3.2673,353.8171,0.0004,-0.035,-0.0088,69.069,69.396,-6.6361,117.1266,-0.3324,0.0,0.0,0.0,-0.03,1567.7,0.0,10.0,270.0,0,98.242,-0.025239534352532178,0.10081627502625207,-0.03,0.08873684905813406,0.5855195877270112,1.0,0.0,-877.066844983909,12.523721644515717,306.494,360.477,4.355839617448802,0.03209321977657769,0.18253415541320542,4.736497542860598,-0.1826023975824853,-6.2029,0.0,-0.0625473485232419,final_approach,-0.7750693135378874,-0.8933728244808599,-6.673898274042781,
98.35,63.95665013,-22.60519637,452.275,363.184,-1.0032,-3.2711,353.8161,0.0004,-0.0352,-0.0088,69.062,69.388,-6.6456,117.1125,-0.3326,0.0,0.0,0.0,-0.03,1566.9,0.0,10.0,270.0,0,98.35,-0.025253396945984385,0.10082591444864451,-0.03,0.08874622323623182,0.5851281164590647,1.0,0.0,-873.1997206861294,12.511593141839139,305.775,359.684,4.359353258826398,0.032166635890352666,0.1825369493961762,4.7391601422410865,-0.18271982095765793,-6.203899999999976,0.0,-0.06275348182248056,final_approach,-0.7753732910532314,-0.8936535465741855,-6.684518308435637,
98.45,63.95668215,-22.60519658,451.61,362.453,-1.0032,-3.2746,353.8152,0.0004,-0.0353,-0.0088,69.056,69.38,-6.6544,117.0995,-0.3328,0.0,0.0,0.0,-0.03,1566.2,0.0,10.0,270.0,0,98.45,-0.025265296611843235,0.1008352684115409,-0.03,0.08875465832292595,0.5847656061368918,1.0,0.0,-869.6302391093274,12.500058473460857,305.11,358.953,4.362597139696086,0.032211998024773,0.1825345732193718,4.741616399088887,-0.18283574297012706,-6.2047999999999774,0.0,-0.06250316529316388,final_approach,-0.7756471973211241,-0.8938912769779481,-6.6943477757921155,
98.55,63.95671417,-22.60519678,450.944,361.707,-1.0031,-3.2781,353.8144,0.0005,-0.0354,-0.0088,69.049,69.372,-6.6632,117.0864,-0.333,0.0,0.0,0.0,-0.03,1565.5,0.0,10.0,270.0,0,98.55,-0.02528124121255715,0.10084400776776971,-0.03,0.08876215484670058,0.5844015167611993,1.0,0.0,-866.0607573615051,12.489013742407446,304.444,358.207,4.365845761038753,0.03225770059175653,0.18253935359588117,4.744064946451512,-0.1829518298941082,-6.205600000000004,0.0,-0.06318469572105007,final_approach,-0.7759296440828294,-0.894141610305482,-6.70421534680486,
98.65,63.95674618,-22.60519699,450.277,360.932,-1.0031,-3.2816,353.8135,0.0004,-0.0355,-0.0089,69.043,69.364,-6.6721,117.0732,-0.3331,0.0,0.0,0.0,-0.03,1564.8,0.0,10.0,270.0,0,98.65,-0.02529585466035894,0.10085273640582358,-0.03,0.0887705869384785,0.584036293378778,1.0,0.0,-862.4923905513889,12.477479463156161,303.777,357.432,4.369095160181685,0.03229708239801718,0.18253692901572827,4.7465050895315795,-0.18301914234592687,-6.2065000000000055,0.0,-0.06289517792822708,final_approach,-0.7762016686658164,-0.8944496544240561,-6.714108936268785,
98.758,63.95677819,-22.6051972,449.609,360.213,-1.003,-3.2851,353.8126,0.0004,-0.0355,-0.0089,69.036,69.356,-6.681,117.06,-0.3333,0.0,0.0,0.0,-0.03,1564.1,0.0,10.0,270.0,0,98.758,-0.025312703529297265,0.10086084323309737,-0.03,0.08877901744467998,0.5836694854561996,1.0,0.0,-858.9240237420647,12.465945183905156,303.109,356.713,4.372349354061982,0.031936139467941944,0.18253450001338017,4.749131397210711,-0.18313541523269805,-6.207400000000007,0.0,-0.06306969037246708,final_approach,-0.776494683750613,-0.8947156097716924,-6.7240407255175345,
98.85,63.95681019,-22.60519741,448.941,359.448,-1.003,-3.2886,353.8117,0.0003,-0.0356,-0.0089,69.029,69.349,-6.6899,117.0468,-0.3335,0.0,0.0,0.0,-0.03,1563.3,0.0,10.0,270.0,0,98.85,-0.02532308141153683,0.10087004626381073,-0.03,0.08878744636528235,0.5832999124074701,1.0,0.0,-855.3567717002181,12.454411293781423,302.441,355.948,4.375618763777112,0.0325362932434477,0.18253202023043763,4.751360340120465,-0.18325171434355525,-6.208300000000008,0.0,-0.06425307820422413,final_approach,-0.7767428148555382,-0.8949139855281025,-6.734042626106014,
98.95,63.95684219,-22.60519761,448.271,358.686,-1.003,-3.2922,353.8108,0.0004,-0.0358,-0.0089,69.023,69.341,-6.6989,117.0335,-0.3336,0.0,0.0,0.0,-0.03,1562.6,0.0,10.0,270.0,0,98.95,-0.025338066608373733,0.10087874313222256,-0.03,0.0887958737002631,0.5829303710932184,1.0,0.0,-851.7895194865594,12.44336734080822,301.771,355.186,4.378878656021386,0.032546731443329154,0.18253672296084958,4.753776144616149,-0.1833192229411793,-6.20920000000001,0.0,-0.06386643473111259,final_approach,-0.7770214653127958,-0.8952317031750958,-6.744038922789931,
99.05,63.95687419,-22.60519782,447.601,357.934,-1.0029,-3.2957,353.8099,0.0004,-0.0359,-0.0089,69.016,69.333,-6.7079,117.0201,-0.3338,0.0,0.0,0.0,-0.03,1561.9,0.0,10.0,270.0,0,99.05,-0.025353455267300984,0.10088752592909173,-0.03,0.08880429944960011,0.58255758354642,1.0,0.0,-848.2222674447129,12.431833450684488,301.101,354.434,4.382157939161508,0.032587748102978015,0.18253424067620289,4.756183648201715,-0.18343584844782868,-6.210100000000011,0.0,-0.06442403157373071,final_approach,-0.7772897315279224,-0.8954598854867246,-6.754118254921943,
99.15,63.95690618,-22.60519803,446.93,357.187,-1.0029,-3.2993,353.809,0.0004,-0.0361,-0.0089,69.009,69.325,-6.7169,117.0067,-0.3339,0.0,0.0,0.0,-0.03,1561.2,0.0,10.0,270.0,0,99.15,-0.025367767533526042,0.1008967030946244,-0.03,0.08881272361327053,0.5821836406548593,1.0,0.0,-844.6561301703441,12.420299949688026,300.43,353.687,4.385438168744032,0.032623506056687596,0.18253170737555657,4.758582873445265,-0.18350353311711842,-6.211000000000013,0.0,-0.06493093779430464,final_approach,-0.7775569966874514,-0.8957602049348541,-6.764224035758003,
99.233,63.95693284,-22.6051982,446.37,356.588,-1.0029,-3.3023,353.8083,0.0003,-0.0363,-0.009,69.004,69.318,-6.7244,116.9955,-0.3341,0.0,0.0,0.0,-0.03,1560.6,0.0,10.0,270.0,0,99.233,-0.025376400670650112,0.10090581953140433,-0.03,0.08881927464429273,0.5818708214387139,1.0,0.0,-841.6841632276203,12.410933602636291,299.87,353.088,4.388175211003019,0.03268232384038673,0.18253320334408293,4.760567716706292,-0.18361712972671285,-6.211700000000064,0.0,-0.06450457652712858,final_approach,-0.7777828237580025,-0.8959290838419278,-6.772674291397685,
99.333,63.95696483,-22.60519841,445.697,355.825,-1.0028,-3.3059,353.8074,0.0002,-0.0366,-0.009,68.997,69.31,-6.7335,116.982,-0.3342,0.0,0.0,0.0,-0.03,1559.8,0.0,10.0,270.0,0,99.333,-0.025394465889742146,0.10091436575766984,-0.03,0.08882769598894569,0.5814941820794814,1.0,0.0,-838.1180259532516,12.399400101639829,299.197,352.325,4.391462277301555,0.03271371369788228,0.1825306648374656,4.7629522241343505,-0.18368498931576482,-6.212600000000066,0.0,-0.06500416047921272,final_approach,-0.7780484215750612,-0.8962266301705224,-6.782844135634807,
99.433,63.95699681,-22.60519862,445.023,355.051,-1.0028,-3.3095,353.8065,0.0003,-0.0367,-0.009,68.99,69.302,-6.7427,116.9685,-0.3344,0.0,0.0,0.0,-0.03,1559.1,0.0,10.0,270.0,0,99.433,-0.025405764916381135,0.10092169625309355,-0.03,0.0888361157478692,0.5811163881973762,1.0,0.0,-834.5530034455686,12.387866989770368,298.523,351.551,4.394750330579898,0.03274151687880648,0.18252807508167715,4.765328524228737,-0.18380184810791889,-6.213499999999954,0.0,-0.0654583277083792,final_approach,-0.7783130260474458,-0.8964489498786925,-6.793040355172026,
99.533,63.95702879,-22.60519883,444.348,354.309,-1.0028,-3.3132,353.8056,0.0003,-0.0368,-0.009,68.983,69.294,-6.7519,116.9549,-0.3345,0.0,0.0,0.0,-0.03,1558.3,0.0,10.0,270.0,0,99.533,-0.025419845877379943,0.10092962523539857,-0.03,0.0888445339210433,0.5807369656189301,1.0,0.0,-830.9879809378855,12.376333877900905,297.848,350.809,4.398043507981073,0.0327732264009638,0.18252548057295814,4.767696643871937,-0.18386988479633715,-6.214399999999955,0.0,-0.06587120700760944,final_approach,-0.778576701348662,-0.8967433357515109,-6.803275726301253,
99.633,63.95706076,-22.60519903,443.672,353.544,-1.0028,-3.3168,353.8047,0.0003,-0.0369,-0.009,68.976,69.286,-6.7611,116.9413,-0.3346,0.0,0.0,0.0,-0.03,1557.6,0.0,10.0,270.0,0,99.633,-0.025434425141150185,0.10093794667996198,-0.03,0.08885295050844488,0.5803563885924684,1.0,0.0,-827.4240730274519,12.365291092309798,297.172,350.044,4.40133770388754,0.03280134851158248,0.1825300667802862,4.770057328403726,-0.18393793730933794,-6.2152999999999565,0.0,-0.0662465518251044,final_approach,-0.7788489797775284,-0.897050642666045,-6.8135374349295095,
99.733,63.95709274,-22.60519924,442.996,352.805,-1.0027,-3.3205,353.8038,0.0005,-0.037,-0.0091,68.969,69.278,-6.7703,116.9276,-0.3348,0.0,0.0,0.0,-0.03,1556.8,0.0,10.0,270.0,0,99.733,-0.02544940683142538,0.10094782287842816,-0.03,0.08886136551005175,0.5799719768456274,1.0,0.0,-823.8590505197689,12.353757980440337,296.496,349.305,4.404656051646367,0.032865036691030296,0.18252746933293032,4.77240988424234,-0.1840551465866156,-6.216199999999958,0.0,-0.06658777438646256,final_approach,-0.779110895270076,-0.8972683875049849,-6.82389768878855,
99.833,63.9571247,-22.60519945,442.318,352.025,-1.0027,-3.3242,353.8029,0.0005,-0.0372,-0.0091,68.962,69.27,-6.7796,116.9138,-0.3349,0.0,0.0,0.0,-0.03,1556.1,0.0,10.0,270.0,0,99.833,-0.025463303647230262,0.10095553266971236,-0.03,0.0888697789258418,0.5795885979684481,1.0,0.0,-820.2962575470411,12.342225646825419,295.818,348.525,4.407956543945879,0.03288835107504503,0.1825247735780433,4.77475432865267,-0.184123517297337,-6.217099999999959,0.0,-0.06689797671495795,final_approach,-0.779371766369465,-0.8975580495067472,-6.834225281693339,
99.933,63.95715667,-22.60519966,441.64,351.291,-1.0026,-3.3278,353.802,0.0006,-0.0374,-0.0091,68.956,69.262,-6.7889,116.9001,-0.335,0.0,0.0,0.0,-0.03,1555.3,0.0,10.0,270.0,0,99.933,-0.025481018340670736,0.10096607798109626,-0.03,0.08887819075579317,0.5792013520699085,1.0,0.0,-816.7323498068358,12.330692924083229,295.14,347.791,4.411281374796687,0.03294834398055008,0.18252211966648837,4.7770906928571435,-0.18419176369576462,-6.217999999999961,0.0,-0.06627088792268879,final_approach,-0.7796317808853566,-0.8978466090528308,-6.844652188502552,
100.033,63.95718863,-22.60519987,440.96,350.534,-1.0026,-3.3316,353.801,0.0005,-0.0376,-0.0092,68.949,69.253,-6.7983,116.8862,-0.3352,0.0,0.0,0.0,-0.03,1554.5,0.0,10.0,270.0,0,100.033,-0.025492250790069226,0.10097339540665644,-0.03,0.08888753537355687,0.5788146720811034,1.0,0.0,-813.1695568349002,12.319160590468591,294.46,347.034,4.414592478512902,0.032975459510817436,0.18251941401502805,4.779418998615789,-0.1843093251764003,-6.219000000000051,0.0,-0.06660989811154017,final_approach,-0.7798908182218227,-0.8980594918712725,-6.855059020427204,
100.15,63.95722591,-22.60520011,440.167,349.648,-1.0025,-3.3359,353.8,0.0006,-0.0376,-0.0092,68.94,69.244,-6.8093,116.87,-0.3353,0.0,0.0,0.0,-0.03,1553.7,0.0,10.0,270.0,0,100.15,-0.025512776741402954,0.10098217008104618,-0.03,0.08889687803343682,0.5783589785864139,1.0,0.0,-809.0137081261929,12.305951429360814,293.667,346.148,4.418483309574086,0.03302204398149808,0.18251985316367556,4.782134087341338,-0.1843811257006962,-6.220000000000027,0.0,-0.06754745982167987,final_approach,-0.7801976131251358,-0.8984130940215955,-6.8673170739381995,
100.242,63.95725786,-22.60520032,439.485,348.886,-1.0024,-3.3396,353.799,0.0007,-0.0375,-0.0092,68.933,69.236,-6.8187,116.856,-0.3354,0.0,0.0,0.0,-0.03,1552.9,0.0,10.0,270.0,0,100.242,-0.025529378627712873,0.10099071867868564,-0.03,0.08890621873540416,0.5779688995153319,1.0,0.0,-805.4520299209431,12.29441948469911,292.985,345.386,4.421804381188995,0.03353480406956233,0.18251709306496228,4.784260448702134,-0.18444985006141223,-6.221000000000004,0.0,-0.06832377770349443,final_approach,-0.7804338022733148,-0.8986650821075735,-6.8778048597688155,
100.342,63.95728715,-22.60520051,438.86,348.173,-1.0024,-3.3431,353.7982,0.0004,-0.0377,-0.0092,68.927,69.228,-6.8274,116.8432,-0.3355,0.0,0.0,0.0,-0.03,1552.2,0.0,10.0,270.0,0,100.342,-0.025542935632475117,0.10099914448371138,-0.03,0.08891368988726145,0.5776078819850076,1.0,0.0,-802.1868794981727,12.283970922707361,292.36,344.673,4.424870296521854,0.03305552894606675,0.18251639011738885,4.786564552884865,-0.18451690126545373,-6.22180000000003,0.0,-0.06756707063954091,final_approach,-0.7806927425503929,-0.8989538214281012,-6.887507001102797,
100.442,63.95731909,-22.60520072,438.176,347.391,-1.0024,-3.3468,353.7973,0.0004,-0.0379,-0.0092,68.92,69.22,-6.8369,116.8291,-0.3356,0.0,0.0,0.0,-0.03,1551.4,0.0,10.0,270.0,0,100.442,-0.025556472361139115,0.10100697909510285,-0.03,0.08892209343525592,0.5772152512251734,1.0,0.0,-798.6263160604005,12.272439367346994,291.676,343.891,4.428196348994159,0.033089694908897786,0.18251357490542308,4.788860695199125,-0.1845857985371424,-6.222700000000032,0.0,-0.0677882460359512,final_approach,-0.7809480071698829,-0.8992342515409266,-6.898054084347979,
100.533,63.95734837,-22.60520091,437.549,346.716,-1.0023,-3.3502,353.7964,0.0003,-0.038,-0.0093,68.913,69.212,-6.8456,116.8162,-0.3357,0.0,0.0,0.0,-0.03,1550.7,0.0,10.0,270.0,0,100.533,-0.02557272405660871,0.10101479563791892,-0.03,0.08893049539727604,0.5768522109038606,1.0,0.0,-795.3622804051081,12.261991194308456,291.049,343.216,4.4312640963678325,0.033193330690882754,0.18251282066147584,4.790943151103882,-0.18465302102654846,-6.223600000000033,0.0,-0.06861868520751245,final_approach,-0.7811818812666473,-0.8994850145789588,-6.907802013719783,
100.633,63.95738031,-22.60520112,436.864,345.934,-1.0023,-3.354,353.7955,0.0003,-0.0381,-0.0093,68.906,69.204,-6.8551,116.8021,-0.3359,0.0,0.0,0.0,-0.03,1549.9,0.0,10.0,270.0,0,100.633,-0.025583309218070782,0.10102452352805201,-0.03,0.08893889577330016,0.5764547106495497,1.0,0.0,-791.8017169673359,12.250459638948087,290.364,342.434,4.4346147185981835,0.03324547929298759,0.1825099971490375,4.793224340315106,-0.1847710039737933,-6.224500000000035,0.0,-0.06874425927954876,final_approach,-0.7814354479890113,-0.8996890290847972,-6.918470539820799,
100.742,63.95741757,-22.60520136,436.064,345.034,-1.0023,-3.3584,353.7944,0.0005,-0.0382,-0.0093,68.898,69.194,-6.8663,116.7855,-0.336,0.0,0.0,0.0,-0.03,1549.0,0.0,10.0,270.0,0,100.742,-0.02559867151051959,0.10103526496769027,-0.03,0.0889491607456987,0.5759882003671015,1.0,0.0,-787.648097793584,12.237251256094858,289.564,341.534,4.4385360943352214,0.03370055344299069,0.1825103342394546,4.795702584977396,-0.18484348483931967,-6.225599999999986,0.0,-0.06916700801894685,final_approach,-0.7817153947585496,-0.9000012049146449,-6.9309850355586455,
100.833,63.95744417,-22.60520154,435.491,344.42,-1.0022,-3.3616,353.7936,0.0005,-0.0384,-0.0093,68.892,69.187,-6.8743,116.7736,-0.3361,0.0,0.0,0.0,-0.03,1548.3,0.0,10.0,270.0,0,100.833,-0.02561415038946785,0.10104218540349627,-0.03,0.08895662469203347,0.5756556421545782,1.0,0.0,-784.682819625955,12.227397306481619,288.991,340.92,4.441324371770704,0.03319052976564712,0.18250424002741678,4.797763506312126,-0.18490934867449482,-6.226400000000012,0.0,-0.0688731041930492,final_approach,-0.7819398178924253,-0.9002397900718755,-6.939902111432634,
100.95,63.95748142,-22.60520178,434.689,343.504,-1.0022,-3.3661,353.7926,0.0005,-0.0386,-0.0093,68.883,69.177,-6.8856,116.7569,-0.3362,0.0,0.0,0.0,-0.03,1547.4,0.0,10.0,270.0,0,100.95,-0.025630267340985002,0.10105150500477734,-0.03,0.08896595286265785,0.5751850514769704,1.0,0.0,-780.5303152196808,12.2141893125816,288.189,340.004,4.445259952303278,0.03326501487959782,0.1825045242621251,4.800405257976178,-0.18498200820357624,-6.227399999999989,0.0,-0.069604919895779,final_approach,-0.7822381353017356,-0.9005793381930172,-6.952514612753463,
101.05,63.95751334,-22.60520199,434.0,342.746,-1.0021,-3.3699,353.7916,0.0006,-0.0387,-0.0094,68.876,69.168,-6.8953,116.7425,-0.3363,0.0,0.0,0.0,-0.03,1546.6,0.0,10.0,270.0,0,101.05,-0.02564761149781175,0.10106030361486344,-0.03,0.0889752790751509,0.5747811714597746,1.0,0.0,-776.971981316864,12.20265853547578,287.5,339.246,4.448628392637112,0.03333491295605571,0.18250158753585302,4.8026540658698424,-0.18505143671677615,-6.228399999999965,0.0,-0.06964083626888198,final_approach,-0.7824878999830496,-0.9008506900115876,-6.963333869479214,
101.15,63.95754526,-22.6052022,433.309,341.957,-1.002,-3.3737,353.7907,0.0005,-0.0388,-0.0094,68.869,69.16,-6.905,116.7281,-0.3364,0.0,0.0,0.0,-0.03,1545.8,0.0,10.0,270.0,0,101.15,-0.025664601900182937,0.10106893076797312,-0.03,0.0889836709921683,0.5743774337821606,1.0,0.0,-773.4136474132553,12.191127758369682,286.809,338.457,4.451987232032323,0.033377159788730355,0.18249864534908405,4.8048950835185185,-0.18512088235939927,-6.2292999999999665,0.0,-0.06967348751716944,final_approach,-0.7827367786182755,-0.9011206823104754,-6.9741444559599355,
101.25,63.95757717,-22.60520241,432.618,341.219,-1.002,-3.3776,353.7897,0.0005,-0.039,-0.0094,68.862,69.151,-6.9147,116.7136,-0.3364,0.0,0.0,0.0,-0.03,1545.1,0.0,10.0,270.0,0,101.25,-0.025680818968578767,0.10107876100524277,-0.03,0.08899299348413126,0.5739706540073181,1.0,0.0,-769.8564282779164,12.17959737039113,286.118,337.719,4.455362977921424,0.03344054297244367,0.18249565031449594,4.807128331604906,-0.18514139616016223,-6.230299999999943,0.0,-0.06970317047015895,final_approach,-0.7829847112338797,-0.9014628780022083,-6.985031624758408,
101.342,63.95760908,-22.60520262,431.926,340.435,-1.0019,-3.3814,353.7888,0.0005,-0.0391,-0.0095,68.854,69.143,-6.9245,116.6991,-0.3365,0.0,0.0,0.0,-0.03,1544.3,0.0,10.0,270.0,0,101.342,-0.025696525529371905,0.101086275275176,-0.03,0.08900138205262431,0.5735621489103416,1.0,0.0,-766.2992091425773,12.168066982412583,285.426,336.935,4.4587446604620276,0.03399335563030399,0.18249264970233622,4.809175795160599,-0.18521101166967924,-6.231199999999944,0.0,-0.07127165694915208,final_approach,-0.7832116830896503,-0.9016996506483359,-6.995960085559862,
101.45,63.95764099,-22.60520283,431.234,339.641,-1.0019,-3.3853,353.7878,0.0002,-0.0394,-0.0095,68.847,69.134,-6.9343,116.6845,-0.3366,0.0,0.0,0.0,-0.03,1543.5,0.0,10.0,270.0,0,101.45,-0.025710943855482726,0.10109657527247555,-0.03,0.08901070082395246,0.5731500190790297,1.0,0.0,-762.7419900064461,12.156536594433756,284.734,336.141,4.462147944730023,0.033579778253641106,0.18248964349704366,4.811571643795702,-0.1852807861271799,-6.232199999999921,0.0,-0.07068467130057995,final_approach,-0.7834779389262856,-0.9019952938199367,-7.006980594631111,
101.55,63.95767289,-22.60520304,430.54,338.892,-1.0019,-3.3893,353.7869,0.0002,-0.0396,-0.0096,68.84,69.125,-6.9442,116.6699,-0.3367,0.0,0.0,0.0,-0.03,1542.7,0.0,10.0,270.0,0,101.55,-0.02572383895858893,0.10110485602462381,-0.03,0.08901908604382691,0.5727385751500299,1.0,0.0,-759.1858856385849,12.14500659558248,284.04,335.392,4.465537250123954,0.033631990867919404,0.18248658418097466,4.813781730067814,-0.18535057804723465,-6.233099999999922,0.0,-0.07062242845506468,final_approach,-0.7837231740080384,-0.9022592805206813,-7.017977870228378,
101.65,63.95770479,-22.60520325,429.845,338.106,-1.0019,-3.3932,353.7859,0.0003,-0.0397,-0.0096,68.832,69.117,-6.9541,116.6553,-0.3368,0.0,0.0,0.0,-0.03,1541.9,0.0,10.0,270.0,0,101.65,-0.02573698192681373,0.10111242315736732,-0.03,0.08902840109441557,0.5723253915986116,1.0,0.0,-755.6297812699315,12.13347659673093,283.345,334.606,4.468932630367121,0.033685626128544005,0.18248351915349256,4.815984142882937,-0.1854203874364373,-6.2340999999998985,0.0,-0.07147493495915798,final_approach,-0.7839675358990554,-0.9025219265739448,-7.029016763440245,
101.75,63.95773668,-22.60520346,429.149,337.339,-1.0018,-3.3971,353.785,0.0003,-0.0397,-0.0096,68.825,69.108,-6.964,116.6405,-0.3368,0.0,0.0,0.0,-0.03,1541.1,0.0,10.0,270.0,0,101.75,-0.02575646688499278,0.10112174365381192,-0.03,0.08903678296557782,0.5719110118380876,1.0,0.0,-752.074791669548,12.121946987006925,282.649,333.839,4.47232963638936,0.0337330318108524,0.1824804008096583,4.8181789024876265,-0.1854413767851213,-6.2349999999999,0.0,-0.07134084996286288,final_approach,-0.7842109642906969,-0.9028566259551667,-7.040082743483735,
101.85,63.95776857,-22.60520367,428.452,336.571,-1.0018,-3.4011,353.784,0.0002,-0.0398,-0.0096,68.817,69.099,-6.974,116.6258,-0.3369,0.0,0.0,0.0,-0.03,1540.3,0.0,10.0,270.0,0,101.85,-0.025769493842437596,0.1011287293883341,-0.03,0.08904609429532417,0.5714948851228951,1.0,0.0,-748.5198020683724,12.110417377108586,281.952,333.071,4.4757327998916505,0.03378279901286135,0.18247727663253213,4.820366033809254,-0.1855113570542528,-6.23599999999999,0.0,-0.07212804542079375,final_approach,-0.7844535244315232,-0.9031163027415303,-7.051190505848728,
101.95,63.95780045,-22.60520388,427.754,335.796,-1.0018,-3.405,353.783,0.0002,-0.04,-0.0096,68.81,69.09,-6.984,116.611,-0.337,0.0,0.0,0.0,-0.03,1539.5,0.0,10.0,270.0,0,101.95,-0.02578245684400815,0.10113747875087177,-0.03,0.0890554036666894,0.5710775618434548,1.0,0.0,-744.9659272346744,12.09888815651158,281.254,332.296,4.479137636842,0.03382706076130007,0.18247409893489003,4.822545556923379,-0.18558149696016812,-6.236999999999966,0.0,-0.07193458674616722,final_approach,-0.7846951558855046,-0.9033743414847244,-7.062325347249146,
102.033,63.95782702,-22.60520405,427.171,335.136,-1.0018,-3.4084,353.7822,0.0002,-0.0402,-0.0096,68.804,69.083,-6.9924,116.5986,-0.3371,0.0,0.0,0.0,-0.03,1538.8,0.0,10.0,270.0,0,102.033,-0.025792873495367852,0.10114355889066058,-0.03,0.08906284975372925,0.5707293792028906,1.0,0.0,-742.0039931984581,12.089525311605028,280.671,331.636,4.481972230412507,0.033881172261939985,0.18247515966440117,4.824348619134703,-0.1856482450103556,-6.237799999999993,0.0,-0.07196682037165295,final_approach,-0.7848999023544465,-0.9035819836731491,-7.07161171163273,
102.133,63.9578589,-22.60520426,426.472,334.348,-1.0018,-3.4123,353.7813,0.0003,-0.0403,-0.0097,68.796,69.074,-7.0024,116.5837,-0.3371,0.0,0.0,0.0,-0.03,1538.0,0.0,10.0,270.0,0,102.133,-0.025808291140123785,0.10115281712212885,-0.03,0.089071225103448,0.5703072003624513,1.0,0.0,-738.4501183655523,12.0779960910083,279.972,330.848,4.485401830699001,0.0339503106957736,0.18247197452332783,4.826514654523254,-0.18566941559504357,-6.238699999999994,0.0,-0.07269710942877179,final_approach,-0.7851400024015618,-0.9039113998170851,-7.082867151142695,
102.25,63.95789609,-22.60520451,425.654,333.42,-1.0017,-3.417,353.7801,0.0003,-0.0404,-0.0097,68.787,69.064,-7.0142,116.5663,-0.3372,0.0,0.0,0.0,-0.03,1537.0,0.0,10.0,270.0,0,102.25,-0.025827432428659813,0.10116161234730855,-0.03,0.08908238976874738,0.569815036371591,1.0,0.0,-734.3043027343729,12.06430049472084,279.154,329.92,4.489389845715671,0.03397285865199094,0.18246453006927496,4.829039597388719,-0.1857432976842972,-6.239900000000034,0.0,-0.07308128829189044,final_approach,-0.7854149797096355,-0.9042139806747791,-7.09598228111644,
102.342,63.9579253,-22.6052047,425.011,332.725,-1.0017,-3.4207,353.7793,0.0004,-0.0405,-0.0097,68.78,69.056,-7.0235,116.5526,-0.3373,0.0,0.0,0.0,-0.03,1536.3,0.0,10.0,270.0,0,102.342,-0.025838712360505722,0.10116908422845784,-0.03,0.08908983131215742,0.5694259282960615,1.0,0.0,-731.0480704506323,12.053855045572941,278.511,329.225,4.492535190445674,0.034008803822316296,0.1824633857759207,4.831017174114778,-0.18581193794190654,-6.240700000000061,0.0,-0.07335453085824535,final_approach,-0.7856365081406231,-0.9044440256671091,-7.1063465519479045,
102.442,63.95795716,-22.60520491,424.308,331.956,-1.0017,-3.4247,353.7783,0.0003,-0.0408,-0.0098,68.773,69.047,-7.0337,116.5376,-0.3373,0.0,0.0,0.0,-0.03,1535.4,0.0,10.0,270.0,0,102.442,-0.02585425540670555,0.10117722577419196,-0.03,0.08909913147875537,0.5690012251860604,1.0,0.0,-727.4964251518899,12.042326603230483,277.808,328.456,4.495960701351443,0.03404985469487933,0.18246008455715754,4.833159791990111,-0.185833280111126,-6.241700000000037,0.0,-0.07304957350750069,final_approach,-0.7858738137625529,-0.9047689769882474,-7.117654298704384,
102.533,63.95798903,-22.60520512,423.604,331.173,-1.0016,-3.4288,353.7773,0.0005,-0.041,-0.0098,68.765,69.038,-7.0439,116.5225,-0.3374,0.0,0.0,0.0,-0.03,1534.6,0.0,10.0,270.0,0,102.533,-0.02586948874475331,0.10118486886291521,-0.03,0.08910842968681187,0.5685741684830226,1.0,0.0,-723.9436650856695,12.030797771760751,277.104,327.673,4.499397333178111,0.03466907639713897,0.18245682506767408,4.835102778368899,-0.18590394112911213,-6.2427000000000135,0.0,-0.07440071118063983,final_approach,-0.7860886594337089,-0.9049859252899051,-7.1290198759885275,
102.633,63.95801823,-22.60520531,422.958,330.441,-1.0016,-3.4325,353.7764,0.0004,-0.041,-0.0098,68.758,69.03,-7.0533,116.5086,-0.3375,0.0,0.0,0.0,-0.03,1533.8,0.0,10.0,270.0,0,102.633,-0.025882032118544784,0.10119193505308434,-0.03,0.08911679639948655,0.5681815246746302,1.0,0.0,-720.6885475694069,12.020352711914185,276.458,326.941,4.50255016641014,0.0341456190509981,0.18245562301218346,4.837231331408888,-0.18597291098865298,-6.243600000000015,0.0,-0.0740006465278593,final_approach,-0.7863271384783559,-0.9052409778768649,-7.139465356577855,
102.742,63.95805539,-22.60520556,422.134,329.515,-1.0015,-3.4373,353.7753,0.0006,-0.0411,-0.0098,68.749,69.019,-7.0653,116.4909,-0.3375,0.0,0.0,0.0,-0.03,1532.9,0.0,10.0,270.0,0,102.742,-0.02590228340335865,0.10120038739028833,-0.03,0.08912702022718744,0.5676810600359627,1.0,0.0,-716.5460762406606,12.006658282834485,275.634,326.015,4.506559361283536,0.03458494993301102,0.1824479814254217,4.8395428875468065,-0.18599812930258963,-6.244699999999966,0.0,-0.07477957023800354,final_approach,-0.7865777893403489,-0.9055801750380859,-7.152773352706776,
102.842,63.95808458,-22.60520575,421.486,328.789,-1.0015,-3.441,353.7744,0.0006,-0.0412,-0.0098,68.742,69.011,-7.0747,116.477,-0.3376,0.0,0.0,0.0,-0.03,1532.1,0.0,10.0,270.0,0,102.842,-0.025914716434706386,0.1012083674765187,-0.03,0.08913538341436378,0.5672857707556193,1.0,0.0,-713.2920734918754,11.996213612115195,274.986,325.289,4.5097186419345014,0.03408625936245233,0.18244672129940087,4.841655750051591,-0.18606712911298473,-6.245599999999968,0.0,-0.07434506385272248,final_approach,-0.7868144219492486,-0.9058324032613445,-7.163280019561574,
102.942,63.95811643,-22.60520596,420.778,328.006,-1.0014,-3.4451,353.7734,0.0007,-0.0414,-0.0098,68.734,69.002,-7.0851,116.4617,-0.3377,0.0,0.0,0.0,-0.03,1531.3,0.0,10.0,270.0,0,102.942,-0.025930981726953184,0.10121487829320447,-0.03,0.0891446739838404,0.5668527194495673,1.0,0.0,-709.7415429606107,11.98468555890001,274.278,324.506,4.513172372280599,0.03416143337887352,0.1824433406681032,4.843761231618229,-0.1861381425245554,-6.246599999999944,0.0,-0.07485914895702973,final_approach,-0.7870474337224387,-0.9060761532193542,-7.174785790806768,
103.042,63.95814827,-22.60520617,420.069,327.208,-1.0013,-3.4492,353.7724,0.0007,-0.0415,-0.0099,68.727,68.993,-7.0955,116.4464,-0.3377,0.0,0.0,0.0,-0.03,1530.4,0.0,10.0,270.0,0,103.042,-0.025950051075917357,0.10122321532171465,-0.03,0.08915396259463859,0.5664184600459131,1.0,0.0,-706.1921271960316,11.973157894811822,273.569,323.708,4.5166281114854625,0.03422742649049962,0.18243990549502317,4.845859351395671,-0.1861599714461022,-6.24759999999992,0.0,-0.07441740814274539,final_approach,-0.7872795432857842,-0.9063925502249717,-7.186318874588974,
103.142,63.95818011,-22.60520638,419.359,326.433,-1.0013,-3.4534,353.7714,0.0006,-0.0415,-0.0099,68.719,68.984,-7.1059,116.431,-0.3378,0.0,0.0,0.0,-0.03,1529.6,0.0,10.0,270.0,0,103.142,-0.02596234296809996,0.10123078499701307,-0.03,0.08916324924673069,0.5659823946221393,1.0,0.0,-702.6427114322447,11.961630230723909,272.859,322.933,4.5200906389495445,0.03429373451555342,0.182436463830549,4.8479501332740735,-0.1862311584920633,-6.248599999999897,0.0,-0.0749249164934142,final_approach,-0.7875108165157734,-0.9066334220876104,-7.197895145129024,
103.233,63.95820929,-22.60520657,418.707,325.708,-1.0012,-3.4571,353.7705,0.0006,-0.0417,-0.01,68.712,68.975,-7.1154,116.4169,-0.3378,0.0,0.0,0.0,-0.03,1528.8,0.0,10.0,270.0,0,103.233,-0.025980048282040424,0.10123888914920091,-0.03,0.08917160555889736,0.565582080330473,1.0,0.0,-699.3898234509372,11.951185948957832,272.207,322.208,4.5232626838852585,0.03438771820566028,0.18243514080549558,4.849846282349776,-0.18625129170450805,-6.249499999999898,0.0,-0.07510656744155553,final_approach,-0.7877229245586221,-0.9069222743016265,-7.208518150250248,
103.333,63.95824377,-22.6052068,417.935,324.836,-1.0012,-3.4616,353.7694,0.0006,-0.0419,-0.01,68.703,68.965,-7.1268,116.4001,-0.3379,0.0,0.0,0.0,-0.03,1527.8,0.0,10.0,270.0,0,103.333,-0.02599225749893691,0.1012448616442205,-0.03,0.08918181667468739,0.565108134852553,1.0,0.0,-695.546109438834,11.938575680628295,271.435,321.336,4.527010108033083,0.03490213875109082,0.18242946436877716,4.851923074512154,-0.18632450930226696,-6.250599999999963,0.0,-0.07646051585596035,final_approach,-0.7879496811865714,-0.9071532942091434,-7.221089960994165,
103.45,63.95827824,-22.60520703,417.163,323.968,-1.0011,-3.4661,353.7683,0.0007,-0.0419,-0.01,68.695,68.956,-7.1381,116.3833,-0.3379,0.0,0.0,0.0,-0.03,1526.9,0.0,10.0,270.0,0,103.45,-0.026013436190697126,0.10125546793481548,-0.03,0.08919202542034343,0.5646302009322198,1.0,0.0,-691.7035101950005,11.92596580160037,270.663,320.468,4.530780332859026,0.03445580626115529,0.1824237279457372,4.854344150691208,-0.18634851821124698,-6.251700000000028,0.0,-0.07572556608506845,final_approach,-0.7882151869667098,-0.9075166576346163,-7.233762001718938,
103.542,63.95830741,-22.60520722,416.508,323.267,-1.001,-3.4699,353.7674,0.0008,-0.042,-0.0101,68.688,68.947,-7.1478,116.3691,-0.3379,0.0,0.0,0.0,-0.03,1526.1,0.0,10.0,270.0,0,103.542,-0.026031125244549258,0.1012617880560792,-0.03,0.08920037626748978,0.5642257392652518,1.0,0.0,-688.4517369803789,11.91552190896129,270.008,319.767,4.533964205939326,0.03448105789933318,0.18242234160305018,4.856240350723236,-0.1863688168616875,-6.2526000000000295,0.0,-0.07575841976112041,final_approach,-0.788427216865383,-0.9078051415502415,-7.244481659551715,
103.633,63.95833657,-22.60520741,415.852,322.529,-1.001,-3.4738,353.7665,0.0006,-0.0422,-0.0101,68.68,68.939,-7.1574,116.3548,-0.338,0.0,0.0,0.0,-0.03,1525.3,0.0,10.0,270.0,0,103.633,-0.026041906347969546,0.10126841157488291,-0.03,0.08920872552797321,0.5638207094835497,1.0,0.0,-685.2010785340268,11.905078405623819,269.352,319.029,4.537146422258978,0.0345624499337886,0.1824209044295182,4.858110057295795,-0.186438505351731,-6.253500000000031,0.0,-0.07686329868393174,final_approach,-0.7886361918184583,-0.9080147152844749,-7.255212439546968,
103.742,63.95837103,-22.60520764,415.076,321.674,-1.0009,-3.4783,353.7654,0.0005,-0.0424,-0.0101,68.672,68.929,-7.1689,116.3378,-0.338,0.0,0.0,0.0,-0.03,1524.4,0.0,10.0,270.0,0,103.742,-0.026061820890520115,0.1012768580822085,-0.03,0.08921892802491826,0.5633394189493657,1.0,0.0,-681.3595940568789,11.892468915548829,268.576,318.174,4.540919929718907,0.034571930693950266,0.18241509484089785,4.860342169425278,-0.18646282624030164,-6.254599999999982,0.0,-0.0765479529320223,final_approach,-0.7888802893746174,-0.9083453958698477,-7.267958586326781,
103.85,63.95840549,-22.60520787,414.299,320.809,-1.0009,-3.4829,353.7643,0.0005,-0.0426,-0.0101,68.663,68.918,-7.1804,116.3208,-0.338,0.0,0.0,0.0,-0.03,1523.5,0.0,10.0,270.0,0,103.85,-0.02607768147608247,0.10128478092331258,-0.03,0.08922912815159734,0.5628556044954957,1.0,0.0,-677.5181095805233,11.879859425474118,267.799,317.309,4.544704730023588,0.0346506834558862,0.18240927329064952,4.862545139130737,-0.1864871542376818,-6.255699999999933,0.0,-0.07716480569577884,final_approach,-0.7891210842879097,-0.9086710957788942,-7.280766080945865,
103.942,63.95843464,-22.60520806,413.64,320.086,-1.0008,-3.4868,353.7634,0.0005,-0.0427,-0.0102,68.656,68.91,-7.1902,116.3063,-0.3381,0.0,0.0,0.0,-0.03,1522.7,0.0,10.0,270.0,0,103.942,-0.02609229722701173,0.10129107811830278,-0.03,0.08923747194675669,0.5624464201778969,1.0,0.0,-674.268565900857,11.869416311263643,267.14,316.586,4.547899155090988,0.03466257148026852,0.1824077719479624,4.864414849056615,-0.18655717262615212,-6.256599999999935,0.0,-0.07706681940722077,final_approach,-0.7893299746269307,-0.9088800445510365,-7.291593718113964,
104.042,63.95846909,-22.60520829,412.861,319.22,-1.0008,-3.4914,353.7623,0.0004,-0.0427,-0.0102,68.647,68.9,-7.2018,116.2892,-0.3381,0.0,0.0,0.0,-0.03,1521.7,0.0,10.0,270.0,0,104.042,-0.026106978677815806,0.10129871394875636,-0.03,0.08924766776377002,0.5619588871370721,1.0,0.0,-670.4281961911869,11.856807210315926,266.361,315.72,4.5516974995220325,0.0352160502852971,0.18240188315230182,4.866440321208324,-0.18658166425223044,-6.2577,0.0,-0.07824256309747303,final_approach,-0.7895506626573905,-0.9091752440109957,-7.304489543655482,
104.133,63.95849558,-22.60520846,412.26,318.543,-1.0007,-3.4949,353.7614,0.0003,-0.0429,-0.0102,68.64,68.892,-7.2107,116.276,-0.3381,0.0,0.0,0.0,-0.03,1521.0,0.0,10.0,270.0,0,104.133,-0.02612451139923183,0.10130419715297892,-0.03,0.08925600803278999,0.5615851514575636,1.0,0.0,-667.4751802947924,11.847447478427563,265.76,315.043,4.55460363326529,0.03466929784444694,0.1824025184706855,4.868277414748158,-0.18660057499539562,-6.258600000000001,0.0,-0.07812260980889703,final_approach,-0.7897586835547088,-0.9094597808312681,-7.314371621249917,
104.242,63.95853002,-22.60520869,411.478,317.66,-1.0007,-3.4995,353.7603,0.0004,-0.0429,-0.0102,68.632,68.882,-7.2223,116.2588,-0.3381,0.0,0.0,0.0,-0.03,1520.1,0.0,10.0,270.0,0,104.242,-0.026140275671729496,0.10131357309835765,-0.03,0.08926619954001858,0.5610964580159029,1.0,0.0,-663.6359253526,11.83483876660712,264.978,314.16,4.558396408178145,0.03469043155669395,0.18239656479145244,4.870470565703508,-0.18662522271011994,-6.259700000000066,0.0,-0.07769278122743342,final_approach,-0.789998196487435,-0.9097830682553436,-7.327288578208439,
104.333,63.95855916,-22.60520888,410.816,316.918,-1.0007,-3.5034,353.7594,0.0004,-0.043,-0.0102,68.624,68.873,-7.2322,116.2442,-0.3382,0.0,0.0,0.0,-0.03,1519.3,0.0,10.0,270.0,0,104.333,-0.026150713215073396,0.10131944625140493,-0.03,0.0892745362828018,0.5606800046575634,1.0,0.0,-660.3874964404114,11.824396041523922,264.316,313.418,4.561622115476607,0.03481658178893409,0.18239499798162337,4.872294749803868,-0.18669543906500508,-6.260599999999954,0.0,-0.07862180910786686,final_approach,-0.7902018656193697,-0.9099838616876426,-7.338291898346336,
104.442,63.95859624,-22.60520913,409.971,316.008,-1.0006,-3.5084,353.7582,0.0005,-0.0432,-0.0102,68.615,68.862,-7.2448,116.2256,-0.3382,0.0,0.0,0.0,-0.03,1518.2,0.0,10.0,270.0,0,104.442,-0.026170240981461645,0.10132813432435787,-0.03,0.0892856494714308,0.5601509469764956,1.0,0.0,-656.2539432506949,11.810704725636192,263.471,312.508,4.565711637356742,0.03526690971728501,0.1823867741955691,4.874472237266898,-0.18672211578393672,-6.261799999999994,0.0,-0.07898062712892048,final_approach,-0.7904366267556462,-0.9102969455317726,-7.3522648624546605,
104.55,63.95862801,-22.60520934,409.246,315.183,-1.0006,-3.5127,353.7572,0.0005,-0.0434,-0.0102,68.607,68.853,-7.2556,116.2095,-0.3382,0.0,0.0,0.0,-0.03,1517.4,0.0,10.0,270.0,0,104.55,-0.026185665177351825,0.10133587440945742,-0.03,0.08929490830695708,0.5596954839214825,1.0,0.0,-652.7123308584598,11.799179785438916,262.746,311.683,4.569224880595946,0.034810763096508546,0.18238289343981515,4.876621489704237,-0.1867452138173178,-6.26279999999997,0.0,-0.07853457685120319,final_approach,-0.7906739137521015,-0.9106192135520779,-7.364289212928549,
104.633,63.95865449,-22.60520952,408.641,314.511,-1.0005,-3.5163,353.7563,0.0005,-0.0435,-0.0102,68.6,68.845,-7.2647,116.1962,-0.3382,0.0,0.0,0.0,-0.03,1516.6,0.0,10.0,270.0,0,104.633,-0.026201343657653864,0.10134078825795179,-0.03,0.08930323958388675,0.5593143422248229,1.0,0.0,-649.7604298997712,11.789330505352682,262.141,311.011,4.572159648863038,0.03490207821715559,0.18237588870465207,4.878266702345209,-0.1867642996292318,-6.263699999999972,0.0,-0.0790621016281531,final_approach,-0.7908502481710791,-0.9108558088292753,-7.374348010368735,
104.733,63.9586889,-22.60520974,407.853,313.662,-1.0005,-3.521,353.7552,0.0005,-0.0437,-0.0103,68.591,68.834,-7.2765,116.1787,-0.3382,0.0,0.0,0.0,-0.03,1515.7,0.0,10.0,270.0,0,104.733,-0.026216223213935297,0.10134767045178167,-0.03,0.0893134201006327,0.5588189009950421,1.0,0.0,-645.9245190889916,11.777212898238929,261.353,310.162,4.575967540888031,0.03543155188928354,0.1823773190599823,4.88024354524339,-0.1867894191972539,-6.264799999999923,0.0,-0.08005645602559333,final_approach,-0.7910750739537917,-0.9111562849879729,-7.387418665932653,
104.842,63.95872331,-22.60520997,407.064,312.766,-1.0004,-3.5257,353.7541,0.0004,-0.0438,-0.0103,68.582,68.824,-7.2883,116.1612,-0.3383,0.0,0.0,0.0,-0.03,1514.7,0.0,10.0,270.0,0,104.842,-0.02623263126412856,0.10135551073985188,-0.03,0.08932359824678471,0.5583208892910971,1.0,0.0,-642.0886084484406,11.764605353800029,260.564,309.266,4.579787354229956,0.03536698642444205,0.1823711575750906,4.882390449871357,-0.1868638702851797,-6.265899999999988,0.0,-0.08028485159958092,final_approach,-0.7913090967288454,-0.9113963746411695,-7.400551900379057,
104.933,63.95875243,-22.60521016,406.396,312.029,-1.0004,-3.5297,353.7531,0.0005,-0.044,-0.0104,68.575,68.815,-7.2984,116.1464,-0.3383,0.0,0.0,0.0,-0.03,1513.9,0.0,10.0,270.0,0,104.933,-0.02624594419808962,0.1013624747655119,-0.03,0.08933284904976468,0.5578963045442094,1.0,0.0,-638.8424090719994,11.754163406971653,259.896,308.529,4.583037860391789,0.03542579667573939,0.18236946124426973,4.884176153146643,-0.18688513285820818,-6.266899999999964,0.0,-0.07997923571988891,final_approach,-0.7915082546243895,-0.9116640333358887,-7.411744670931391,
105.05,63.95878683,-22.60521039,405.604,311.173,-1.0004,-3.5344,353.752,0.0005,-0.044,-0.0104,68.566,68.805,-7.3103,116.1288,-0.3383,0.0,0.0,0.0,-0.03,1512.9,0.0,10.0,270.0,0,105.05,-0.0262622657528217,0.10136906282628448,-0.03,0.0893430226701385,0.55739683390134,1.0,0.0,-635.0076131989259,11.741556251660029,259.104,307.673,4.586854575561072,0.034958413425343664,0.1823632306962539,4.886464364140832,-0.18691042513472667,-6.268000000000029,0.0,-0.07970140310199776,final_approach,-0.7917581224042678,-0.9120019256216736,-7.424906789536275,
105.133,63.95881593,-22.60521059,404.934,310.439,-1.0003,-3.5384,353.7511,0.0007,-0.0441,-0.0105,68.558,68.796,-7.3204,116.1138,-0.3383,0.0,0.0,0.0,-0.03,1512.1,0.0,10.0,270.0,0,105.133,-0.026277421937451084,0.10137499720158408,-0.03,0.08935134477802686,0.5569705432208094,1.0,0.0,-631.7636435276686,11.730625145761053,258.434,306.939,4.590106100605098,0.03566117794285821,0.18235380982778993,4.888080512282416,-0.18693198710420234,-6.268900000000031,0.0,-0.08121814301714553,final_approach,-0.7919280013540551,-0.9122250802539327,-7.436136426445781,
105.242,63.95885032,-22.60521081,404.14,309.59,-1.0002,-3.5432,353.7499,0.0006,-0.0441,-0.0105,68.549,68.785,-7.3324,116.0962,-0.3383,0.0,0.0,0.0,-0.03,1511.1,0.0,10.0,270.0,0,105.242,-0.02629735206430822,0.10138130403290901,-0.03,0.08936243845318581,0.5564673262210962,1.0,0.0,-627.9299622510523,11.71850831690157,257.64,306.09,4.593937392360395,0.0355758925598694,0.18235512586126892,4.890197195140002,-0.18695729358574908,-6.270099999999957,0.0,-0.0813409306828092,final_approach,-0.7921684466237693,-0.9125487729558586,-7.449387785259262,
105.333,63.95887677,-22.60521099,403.529,308.893,-1.0002,-3.5468,353.749,0.0005,-0.0442,-0.0106,68.542,68.777,-7.3416,116.0825,-0.3383,0.0,0.0,0.0,-0.03,1510.4,0.0,10.0,270.0,0,105.333,-0.02630986478014169,0.1013875327229376,-0.03,0.08937075685801232,0.5560776765023234,1.0,0.0,-624.9814055947971,11.708660204197155,257.029,305.393,4.59689890245327,0.03507058829233584,0.18234790408262666,4.891957256252929,-0.1869769976925113,-6.270999999999958,0.0,-0.0809393076137481,final_approach,-0.7923574468821037,-0.9128034913951026,-7.459645070239995,
105.442,63.9589138,-22.60521123,402.671,307.98,-1.0001,-3.552,353.7478,0.0005,-0.0444,-0.0106,68.533,68.766,-7.3546,116.0634,-0.3383,0.0,0.0,0.0,-0.03,1509.3,0.0,10.0,270.0,0,105.442,-0.026329394626216363,0.10139492209544064,-0.03,0.08938184559568818,0.5555333404277596,1.0,0.0,-620.8534260714487,11.69546077127066,256.171,304.48,4.601028718385204,0.035540193503451875,0.18234694055924522,4.894058961409501,-0.18700447614475024,-6.272199999999998,0.0,-0.08108744395244888,final_approach,-0.7925932053271048,-0.9131168632425535,-7.4739693627968276,
105.533,63.95894024,-22.60521141,402.058,307.291,-1.0001,-3.5556,353.7469,0.0005,-0.0445,-0.0106,68.526,68.758,-7.3638,116.0497,-0.3383,0.0,0.0,0.0,-0.03,1508.6,0.0,10.0,270.0,0,105.533,-0.026341818288642016,0.10140166507917242,-0.03,0.0893901602973507,0.5551420318650613,1.0,0.0,-617.9059841826712,11.68561304769352,255.558,303.791,4.603992291669115,0.03504461781681615,0.1823396490048731,4.895806557286003,-0.18702419139054882,-6.2730999999999995,0.0,-0.08070886513160125,final_approach,-0.7927807076997517,-0.9133693102283171,-7.48426314198627,
105.65,63.95897725,-22.60521166,401.198,306.35,-1.0001,-3.5608,353.7457,0.0005,-0.0446,-0.0106,68.516,68.746,-7.3768,116.0304,-0.3384,0.0,0.0,0.0,-0.03,1507.5,0.0,10.0,270.0,0,105.65,-0.026354906676477885,0.10140882093779657,-0.03,0.08940124409740668,0.5545939262024108,1.0,0.0,-613.7802343645066,11.671924455696429,254.69799999999998,302.85,4.608136111783543,0.035106725836560146,0.18233092222483546,4.898045629612893,-0.18710135287460616,-6.274300000000039,0.0,-0.08114170334418336,final_approach,-0.7930217502681565,-0.9136158798744898,-7.498676677246991,
105.733,63.95900369,-22.60521183,400.583,305.684,-1.0,-3.5645,353.7448,0.0007,-0.0447,-0.0106,68.509,68.738,-7.3861,116.0166,-0.3384,0.0,0.0,0.0,-0.03,1506.8,0.0,10.0,270.0,0,105.733,-0.026370679901490113,0.10141474710412482,-0.03,0.0894095550958035,0.5542002660824998,1.0,0.0,-610.8327923039164,11.662566669443876,254.08300000000003,302.184,4.611107133181179,0.035221511284754606,0.1823312632970667,4.899627864891287,-0.1871212292163591,-6.275200000000041,0.0,-0.08143221662177144,final_approach,-0.7932006389697719,-0.9138551237985038,-7.509025232197391,
105.842,63.95903805,-22.60521206,399.782,304.823,-0.9999,-3.5693,353.7436,0.0007,-0.0447,-0.0107,68.5,68.728,-7.3982,115.9986,-0.3384,0.0,0.0,0.0,-0.03,1505.8,0.0,10.0,270.0,0,105.842,-0.026389673281523474,0.10142232848322186,-0.03,0.08942063395810329,0.5536885029560366,1.0,0.0,-607.0024555015459,11.649961070641623,253.28199999999998,301.323,4.614963159782526,0.03524732454363777,0.18232474735975873,4.901699281111062,-0.18714716198675774,-6.276399999999967,0.0,-0.08153554305065192,final_approach,-0.7934256801986912,-0.9141546942081362,-7.522474134756349,
105.933,63.95906712,-22.60521225,399.103,304.084,-0.9999,-3.5734,353.7427,0.0006,-0.0448,-0.0107,68.492,68.719,-7.4085,115.9834,-0.3384,0.0,0.0,0.0,-0.03,1504.9,0.0,10.0,270.0,0,105.933,-0.02640220907051427,0.10142731933828476,-0.03,0.08942894125313328,0.5532547783005823,1.0,0.0,-603.7618299609094,11.639521069275,252.603,300.584,4.618225652804211,0.0353480323975092,0.1823227462138925,4.903422163197156,-0.18716906703906488,-6.277299999999968,0.0,-0.08211522894714095,final_approach,-0.7936173507169357,-0.9144101158526752,-7.533868418736091,
106.042,63.95910147,-22.60521248,398.3,303.206,-0.9998,-3.5782,353.7415,0.0007,-0.045,-0.0107,68.483,68.708,-7.4206,115.9653,-0.3384,0.0,0.0,0.0,-0.03,1503.9,0.0,10.0,270.0,0,106.042,-0.026421089456439173,0.10143626001857566,-0.03,0.08944001517754496,0.5527392356181703,1.0,0.0,-599.9326079252243,11.626915859773801,251.8,299.706,4.622097086834071,0.03537631756345879,0.18231615922139516,4.905478857359339,-0.1871951588349532,-6.278500000000008,0.0,-0.08215646334644239,final_approach,-0.7938406378088274,-0.9147068066296633,-7.547407647730736,
106.133,63.95913054,-22.60521267,397.619,302.474,-0.9997,-3.5823,353.7405,0.0007,-0.0452,-0.0107,68.475,68.699,-7.4309,115.9499,-0.3384,0.0,0.0,0.0,-0.03,1503.1,0.0,10.0,270.0,0,106.133,-0.02643768287118403,0.10144233774501143,-0.03,0.0894492412924156,0.5523024510918306,1.0,0.0,-596.6919823853799,11.616475858407455,251.11900000000003,298.974,4.625371650992931,0.03547763489053894,0.18231414657664802,4.907189492163823,-0.18721736489831642,-6.2794999999999845,0.0,-0.08267970194332955,final_approach,-0.7940309116561082,-0.9149596730266474,-7.5588747650697155,
106.242,63.95916752,-22.60521292,396.752,301.526,-0.9997,-3.5875,353.7393,0.0005,-0.0453,-0.0106,68.465,68.687,-7.444,115.9303,-0.3383,0.0,0.0,0.0,-0.03,1502.0,0.0,10.0,270.0,0,106.242,-0.026455166411943065,0.10145177819073758,-0.03,0.08946031004365729,0.5517432399726189,1.0,0.0,-592.5695768688565,11.602788433791908,250.252,298.026,4.6295568777217655,0.03596412499109765,0.18230519132393747,4.909231302863271,-0.1871962135046772,-6.280700000000024,0.0,-0.08350364897265997,final_approach,-0.7942494060013843,-0.9153202312548778,-7.573551046556135,
106.333,63.95919393,-22.60521309,396.131,300.846,-0.9996,-3.5913,353.7384,0.0004,-0.0453,-0.0106,68.458,68.679,-7.4534,115.9163,-0.3383,0.0,0.0,0.0,-0.03,1501.3,0.0,10.0,270.0,0,106.333,-0.026471665341773587,0.10145757737304012,-0.03,0.0894686097552908,0.5513447006507058,1.0,0.0,-589.6254791114916,11.593431814921454,249.63099999999997,297.346,4.63253477288161,0.035424124598524,0.18230536459586977,4.910929756089476,-0.1872164068139739,-6.281600000000026,0.0,-0.08290541514997606,final_approach,-0.7944411798054887,-0.9155783815702527,-7.584007203107813,
106.442,63.95922827,-22.60521332,395.323,299.961,-0.9996,-3.5962,353.7373,0.0004,-0.0455,-0.0106,68.449,68.668,-7.4657,115.898,-0.3383,0.0,0.0,0.0,-0.03,1500.3,0.0,10.0,270.0,0,106.442,-0.02648616808952864,0.1014652776122755,-0.03,0.08947875169172614,0.5508232751408864,1.0,0.0,-585.7973718432844,11.580826994373469,248.82299999999998,296.461,4.636424894154418,0.035468301496947616,0.18229868402443145,4.9129572678676805,-0.18724280971017038,-6.282699999999977,0.0,-0.08287481443992885,final_approach,-0.7946610519778261,-0.9158694639401794,-7.597683268806419,
106.55,63.95926259,-22.60521355,394.513,299.078,-0.9995,-3.6011,353.7361,0.0005,-0.0457,-0.0106,68.44,68.657,-7.4779,115.8796,-0.3383,0.0,0.0,0.0,-0.03,1499.3,0.0,10.0,270.0,0,106.55,-0.02650463522360036,0.10147391473258677,-0.03,0.08948981291809688,0.5503031538991212,1.0,0.0,-581.9714941092406,11.568222952253816,248.01299999999998,295.578,4.6402986347091595,0.03553491259736591,0.1822918898736631,4.914958145809712,-0.18726936529213845,-6.283899999999903,0.0,-0.0829164979756929,final_approach,-0.7948777709361536,-0.9161555718621699,-7.611320496141085,
106.633,63.95929163,-22.60521374,393.827,298.304,-0.9995,-3.6052,353.7351,0.0006,-0.0457,-0.0107,68.432,68.648,-7.4884,115.864,-0.3383,0.0,0.0,0.0,-0.03,1498.4,0.0,10.0,270.0,0,106.633,-0.026516161710866737,0.10147867364038965,-0.03,0.08949902845112079,0.5498605601390727,1.0,0.0,-578.7342128710371,11.557784118269012,247.327,294.804,4.643589823178133,0.03622123935116588,0.1822896962247318,4.9164901397262915,-0.18729188641404448,-6.284899999999993,0.0,-0.08414095653868656,final_approach,-0.7950476594754967,-0.9163772912602948,-7.6229214165467525,
106.733,63.95932067,-22.60521394,393.14,297.57,-0.9994,-3.6094,353.7341,0.0005,-0.0458,-0.0107,68.424,68.639,-7.4988,115.8484,-0.3383,0.0,0.0,0.0,-0.03,1497.6,0.0,10.0,270.0,0,106.733,-0.026532972164614477,0.10148547076976608,-0.03,0.08950824202446273,0.5494167659443344,1.0,0.0,-575.4969318046462,11.546855347133677,246.64,294.07,4.646885261252823,0.03567676291712094,0.18227976451138234,4.918329815711676,-0.18731441360122858,-6.28589999999997,0.0,-0.08376450594425586,final_approach,-0.7952420729976133,-0.9166358997791146,-7.6345505346083105,
106.833,63.95935234,-22.60521415,392.39,296.752,-0.9994,-3.614,353.7331,0.0006,-0.046,-0.0107,68.415,68.628,-7.5102,115.8313,-0.3382,0.0,0.0,0.0,-0.03,1496.7,0.0,10.0,270.0,0,106.833,-0.026549034396949667,0.10149234143339983,-0.03,0.08951745363810049,0.5489304991672698,1.0,0.0,-571.9664670856043,11.535334298208584,245.89,293.252,4.650490788321608,0.03573984754557525,0.18227519390581493,4.920162902383218,-0.1872896494063241,-6.28690000000006,0.0,-0.08433136904023338,final_approach,-0.795442792106094,-0.9169751459382507,-7.647288893257004,
106.95,63.95938929,-22.60521439,391.513,295.794,-0.9993,-3.6193,353.7318,0.0007,-0.046,-0.0107,68.405,68.617,-7.5236,115.8113,-0.3382,0.0,0.0,0.0,-0.03,1495.6,0.0,10.0,270.0,0,106.95,-0.026568960164540245,0.10149970161507513,-0.03,0.08952942580602763,0.5483625084704212,1.0,0.0,-567.8474057012858,11.522137978125942,245.01299999999998,292.294,4.654695380027893,0.03577265316302958,0.18227373383687742,4.922300293922839,-0.18731853928122177,-6.288199999999961,0.0,-0.08443488871567816,final_approach,-0.7956819191284126,-0.9172914530754497,-7.662163279973598,
107.042,63.95942095,-22.6052146,390.76,294.969,-0.9992,-3.6239,353.7308,0.0008,-0.046,-0.0107,68.396,68.606,-7.535,115.7941,-0.3382,0.0,0.0,0.0,-0.03,1494.6,0.0,10.0,270.0,0,107.042,-0.02658495025106844,0.10150685671695973,-0.03,0.08953863291224906,0.5478749735889663,1.0,0.0,-564.3180557497216,11.510617318328121,244.26,291.469,4.658298569038139,0.03633806062543361,0.18226909769110672,4.923973996675724,-0.1873433925553627,-6.289199999999937,0.0,-0.08565227037393712,final_approach,-0.7958645770062915,-0.9175288736481058,-7.674926625550791,
107.133,63.95944997,-22.6052148,390.069,294.232,-0.9992,-3.6281,353.7298,0.0007,-0.0462,-0.0107,68.388,68.597,-7.5456,115.7783,-0.3382,0.0,0.0,0.0,-0.03,1493.8,0.0,10.0,270.0,0,107.133,-0.026596621270971343,0.1015120941578754,-0.03,0.08954783805868449,0.5474261800513416,1.0,0.0,-561.083004217494,11.499689325447058,243.56900000000002,290.732,4.661610761030991,0.036348002889055965,0.18225900785676058,4.9256235119341065,-0.18736622939579206,-6.290199999999913,0.0,-0.08585770833194693,final_approach,-0.7960373363991664,-0.9177544351251399,-7.686672463583143,
107.25,63.95948426,-22.60521502,389.25,293.321,-0.9991,-3.633,353.7286,0.0007,-0.0462,-0.0108,68.379,68.586,-7.558,115.7596,-0.3381,0.0,0.0,0.0,-0.03,1492.8,0.0,10.0,270.0,0,107.25,-0.026619247880946495,0.10152025965669026,-0.03,0.08955888164745718,0.5468975186084969,1.0,0.0,-557.260470614863,11.487576387860033,242.75,289.821,4.665506742933209,0.035839834177088,0.18225974812558526,4.927737970768257,-0.18734377079729825,-6.291400000000067,0.0,-0.08504546911295875,final_approach,-0.7962767695824162,-0.918148455675226,-7.700504630360175,
107.342,63.95951327,-22.60521522,388.557,292.582,-0.999,-3.6372,353.7276,0.0007,-0.0463,-0.0108,68.371,68.577,-7.5686,115.7437,-0.3381,0.0,0.0,0.0,-0.03,1491.9,0.0,10.0,270.0,0,107.342,-0.026634800439009176,0.10152627405756959,-0.03,0.0895680824822781,0.5464464140996889,1.0,0.0,-554.0265338501132,11.476648783932179,242.05700000000002,289.082,4.668826411806673,0.03588042136761774,0.1822495800391265,4.929393202354834,-0.18736675909661926,-6.292400000000043,0.0,-0.08521920116989322,final_approach,-0.7964500704445356,-0.9183746029306015,-7.712304208851638,
107.433,63.95954228,-22.60521541,387.863,291.795,-0.999,-3.6415,353.7266,0.0007,-0.0464,-0.0108,68.363,68.567,-7.5792,115.7278,-0.338,0.0,0.0,0.0,-0.03,1491.1,0.0,10.0,270.0,0,107.433,-0.02664980804247019,0.10153270628444447,-0.03,0.08957728135723597,0.545994103730377,1.0,0.0,-550.792596914343,11.466211117503258,241.363,288.295,4.672150630374179,0.035988663534379677,0.1822471808690167,4.931025203100106,-0.18734024504610147,-6.29340000000002,0.0,-0.08546400905554213,final_approach,-0.7966309659430273,-0.9186866527638742,-7.724132280674665,
107.542,63.95957656,-22.60521564,387.041,290.928,-0.9989,-3.6465,353.7255,0.0007,-0.0466,-0.0108,68.353,68.556,-7.5918,115.7089,-0.338,0.0,0.0,0.0,-0.03,1490.0,0.0,10.0,270.0,0,107.542,-0.0266675541977085,0.10153798785273616,-0.03,0.08958739785601866,0.5454597524449208,1.0,0.0,-546.9711782502101,11.453608631718636,240.541,287.428,4.676072315701001,0.03598701368969287,0.18224006504967719,4.93297331195259,-0.18736757840284213,-6.294499999999971,0.0,-0.08603483725650253,final_approach,-0.7968413090687108,-0.9189619922958006,-7.738101879531847,
107.633,63.95960555,-22.60521583,386.345,290.136,-0.9988,-3.6507,353.7245,0.0006,-0.0466,-0.0109,68.345,68.546,-7.6024,115.6929,-0.3379,0.0,0.0,0.0,-0.03,1489.2,0.0,10.0,270.0,0,107.633,-0.02668632718591346,0.10154485885101616,-0.03,0.08959659261518549,0.5450059183113031,1.0,0.0,-543.7394708493953,11.44317174354426,239.84500000000003,286.636,4.679398485046408,0.03608106332274339,0.182237552083073,4.93459357681256,-0.18734120113126096,-6.295499999999947,0.0,-0.0862054964070064,final_approach,-0.7970207311221102,-0.9192716182342124,-7.749963270382629,
107.742,63.95964245,-22.60521608,385.457,289.19,-0.9988,-3.6561,353.7232,0.0004,-0.0467,-0.0109,68.335,68.534,-7.616,115.6725,-0.3379,0.0,0.0,0.0,-0.03,1488.1,0.0,10.0,270.0,0,107.742,-0.0267003946784668,0.10155203139369598,-0.03,0.08960854287199294,0.5444282479432014,1.0,0.0,-539.6259834726936,11.42948743177284,238.957,285.69,4.683626271172678,0.03653205754918175,0.1822279744130337,4.936527402694495,-0.18737071325458032,-6.296799999999962,0.0,-0.0867089166669235,final_approach,-0.7972262262732954,-0.9195363848866673,-7.765057011301076,
107.833,63.95967144,-22.60521627,384.758,288.412,-0.9988,-3.6604,353.7222,0.0005,-0.0468,-0.0109,68.326,68.525,-7.6266,115.6564,-0.3378,0.0,0.0,0.0,-0.03,1487.2,0.0,10.0,270.0,0,107.833,-0.02671521846372621,0.1015572942292147,-0.03,0.08961773312326948,0.5439736421287265,1.0,0.0,-536.3942760710867,11.419050543598187,238.25799999999998,284.912,4.686948757118796,0.036528520386439105,0.1822254454226983,4.9381357851064545,-0.18734447280519362,-6.297800000000052,0.0,-0.08781729687003129,final_approach,-0.7974042869146665,-0.9198437554664718,-7.77693196924122,
107.933,63.95970043,-22.60521646,384.059,287.65,-0.9987,-3.6646,353.7212,0.0004,-0.0469,-0.011,68.318,68.515,-7.6373,115.6403,-0.3378,0.0,0.0,0.0,-0.03,1486.3,0.0,10.0,270.0,0,107.933,-0.026732029508798494,0.10156420583535741,-0.03,0.08962692141455297,0.5435151562930186,1.0,0.0,-533.162568670272,11.40861365524975,237.55900000000003,284.15,4.69029554368941,0.03601841127305478,0.1822229118727654,4.93989762367671,-0.187367771176838,-6.298800000000028,0.0,-0.0871066335182056,final_approach,-0.797599647464093,-0.9201026221426929,-7.78890540934057,
108.042,63.95973731,-22.60521671,383.167,286.696,-0.9987,-3.6701,353.7199,0.0006,-0.047,-0.011,68.308,68.503,-7.651,115.6197,-0.3377,0.0,0.0,0.0,-0.03,1485.2,0.0,10.0,270.0,0,108.042,-0.02674880620581538,0.10157097468967005,-0.03,0.0896388632629943,0.5429336919539358,1.0,0.0,-529.0513108277338,11.394930121906661,236.66699999999997,283.196,4.694534276733042,0.03649658591352759,0.18221318818964463,4.941810566490022,-0.18734803602279726,-6.300099999999929,0.0,-0.08752813222254838,final_approach,-0.7978025950344154,-0.920437646463828,-7.804086383678836,
108.133,63.95976366,-22.60521688,382.529,285.984,-0.9986,-3.674,353.719,0.0006,-0.0471,-0.011,68.3,68.494,-7.6607,115.605,-0.3377,0.0,0.0,0.0,-0.03,1484.4,0.0,10.0,270.0,0,108.133,-0.026764497754312166,0.1015765257925591,-0.03,0.08964712875608882,0.5425162326677372,1.0,0.0,-526.1139016744432,11.385575837799573,236.029,282.484,4.697573555548655,0.03598026631184754,0.18221298582147138,4.943401789481423,-0.18736931539771717,-6.300999999999931,0.0,-0.08756303728524409,final_approach,-0.797981779124683,-0.9206752123184767,-7.814982726413186,
108.242,63.95980053,-22.60521713,381.634,285.016,-0.9985,-3.6794,353.7177,0.0007,-0.0473,-0.0111,68.29,68.482,-7.6744,115.5843,-0.3376,0.0,0.0,0.0,-0.03,1483.3,0.0,10.0,270.0,0,108.242,-0.026785027941369943,0.10158383425863511,-0.03,0.08965906499877085,0.5419328994954149,1.0,0.0,-522.0037585993825,11.371892693583755,235.13400000000001,281.516,4.701815115664246,0.03646912118585214,0.18220318099599303,4.945300909708204,-0.1873497192765683,-6.302300000000059,0.0,-0.08794304473803682,final_approach,-0.7981830608338001,-0.9210075198333119,-7.830204850923062,
108.342,63.9598295,-22.60521732,380.93,284.26,-0.9985,-3.6837,353.7167,0.0006,-0.0474,-0.0111,68.282,68.472,-7.6852,115.568,-0.3376,0.0,0.0,0.0,-0.03,1482.4,0.0,10.0,270.0,0,108.342,-0.02679777631674818,0.10158964809883488,-0.03,0.08966824446980037,0.5414722011698889,1.0,0.0,-518.7742807335234,11.361456583489867,234.43,280.76,4.705160639370584,0.03596680716544081,0.1822005158841655,4.947036624930927,-0.18737332256560535,-6.303300000000036,0.0,-0.08722094976186096,final_approach,-0.7983753016942181,-0.921261232098864,-7.842223746241853,
108.442,63.95986109,-22.60521753,380.161,283.41,-0.9984,-3.6884,353.7156,0.0005,-0.0475,-0.0112,68.272,68.462,-7.697,115.5502,-0.3375,0.0,0.0,0.0,-0.03,1481.5,0.0,10.0,270.0,0,108.442,-0.02681720364981055,0.10159360198999383,-0.03,0.08967833962399285,0.5409690094873855,1.0,0.0,-515.2527341543032,11.34993864758296,233.661,279.91,4.708810463848183,0.036055380100531734,0.18219538899452306,4.948766041747277,-0.18734952078190759,-6.304399999999987,0.0,-0.08838268160168403,final_approach,-0.7985635953545724,-0.9215803253165795,-7.855348197959275,
108.55,63.95989268,-22.60521774,379.391,282.568,-0.9984,-3.6932,353.7145,0.0005,-0.0475,-0.0112,68.263,68.451,-7.7089,115.5324,-0.3374,0.0,0.0,0.0,-0.03,1480.5,0.0,10.0,270.0,0,108.55,-0.02683363108756215,0.10159840094843525,-0.03,0.08968843240640856,0.5404638765631837,1.0,0.0,-511.731187574291,11.338420711675777,232.89100000000002,279.068,4.712469958108601,0.03569351776960683,0.18219025197819372,4.950627031210631,-0.18732571166387402,-6.305499999999938,0.0,-0.08792364994092487,final_approach,-0.7987667135959953,-0.9219217320373403,-7.868520161855338,
108.633,63.959919,-22.60521791,378.748,281.859,-0.9983,-3.6971,353.7135,0.0006,-0.0475,-0.0113,68.256,68.443,-7.7187,115.5175,-0.3374,0.0,0.0,0.0,-0.03,1479.7,0.0,10.0,270.0,0,108.633,-0.026848494799290967,0.10160488791217,-0.03,0.08969760560497142,0.5400434538765868,1.0,0.0,-508.7971227234336,11.329067594950509,232.248,278.359,4.715512451101389,0.03585402182163572,0.18218987747357712,4.952052056254589,-0.18734729401222694,-6.3064999999999145,0.0,-0.08759762261880918,final_approach,-0.7989269277271269,-0.9221302997887992,-7.8794808628679665,
108.733,63.95995322,-22.60521814,377.911,280.971,-0.9983,-3.7022,353.7123,0.0005,-0.0476,-0.0113,68.246,68.431,-7.7316,115.4981,-0.3373,0.0,0.0,0.0,-0.03,1478.7,0.0,10.0,270.0,0,108.733,-0.02686391603380478,0.10160992300634358,-0.03,0.08970861085578907,0.5394947273868126,1.0,0.0,-504.9823926633749,11.316467443929252,231.411,277.471,4.719479011517774,0.03648928554533826,0.18218231136202667,4.9537634472032765,-0.18732579573617159,-6.307699999999954,0.0,-0.08872511147164859,final_approach,-0.7991099810062359,-0.9224380414778377,-7.893783396336675,
108.85,63.95999006,-22.60521839,377.008,279.989,-0.9982,-3.7077,353.711,0.0006,-0.0477,-0.0113,68.235,68.419,-7.7454,115.4771,-0.3372,0.0,0.0,0.0,-0.03,1477.6,0.0,10.0,270.0,0,108.85,-0.026885021707746593,0.10161656837515998,-0.03,0.08972053002547997,0.5389031379426935,1.0,0.0,-500.87559389074755,11.302785467095257,230.50799999999998,276.489,4.723749902878989,0.036491628782390734,0.18217226022194535,4.955757924205151,-0.18730660831843693,-6.308999999999969,0.0,-0.08920620079395918,final_approach,-0.7993216916739492,-0.9227854199169538,-7.90919926027242,
108.95,63.96002163,-22.6052186,376.233,279.127,-0.9982,-3.7125,353.7099,0.0006,-0.0479,-0.0114,68.226,68.408,-7.7573,115.4591,-0.3372,0.0,0.0,0.0,-0.03,1476.6,0.0,10.0,270.0,0,108.95,-0.02689746585006092,0.10162248532639717,-0.03,0.08973061288922679,0.5383943303644649,1.0,0.0,-497.3562768464829,11.291268309442895,229.733,275.627,4.7274186887478455,0.03652433376675249,0.1821669776669059,4.957455428891158,-0.18733269116358997,-6.31009999999992,0.0,-0.08927836435814432,final_approach,-0.7995061810304698,-0.9230237367093874,-7.9224548074796655,
109.042,63.96005056,-22.60521879,375.521,278.371,-0.9981,-3.7168,353.7088,0.0004,-0.048,-0.0114,68.218,68.398,-7.7683,115.4426,-0.3371,0.0,0.0,0.0,-0.03,1475.7,0.0,10.0,270.0,0,109.042,-0.026916032799287337,0.10162630861433813,-0.03,0.08974069338104029,0.5379290131165307,1.0,0.0,-494.1312580497423,11.280833756031885,229.02100000000002,274.871,4.730770338870406,0.03650877473780208,0.18216405729577506,4.9590116588471025,-0.18730697660606666,-6.311199999999985,0.0,-0.08906728775641151,final_approach,-0.7996778438849503,-0.9233206832238618,-7.934574839028338,
109.133,63.96008213,-22.605219,374.744,277.529,-0.9981,-3.7216,353.7077,0.0003,-0.0482,-0.0115,68.209,68.387,-7.7802,115.4245,-0.3371,0.0,0.0,0.0,-0.03,1474.8,0.0,10.0,270.0,0,109.133,-0.0269273947403188,0.10163351225546566,-0.03,0.08975077150088973,0.5374167049966184,1.0,0.0,-490.61194100468566,11.269316598205188,228.24400000000003,274.029,4.734456621843914,0.037175412965582424,0.1821587565424432,4.960545770327295,-0.18733321227577449,-6.31230000000005,0.0,-0.08996127058774767,final_approach,-0.7998438825184309,-0.9235310108739689,-7.947916132639392,
109.233,63.96011105,-22.60521919,374.03,276.758,-0.9981,-3.726,353.7066,0.0003,-0.0482,-0.0115,68.2,68.378,-7.7912,115.4079,-0.337,0.0,0.0,0.0,-0.03,1473.9,0.0,10.0,270.0,0,109.233,-0.026942900100343836,0.10163611377817712,-0.03,0.08976084724874422,0.5369495454928406,1.0,0.0,-487.38803697542284,11.25888243392145,227.52999999999997,273.258,4.737814602636471,0.03657614545891284,0.1821557720794477,4.962226194967482,-0.187307635053088,-6.3134000000000015,0.0,-0.08996479144340658,final_approach,-0.8000294667802841,-0.9238486938005508,-7.960079272247809,
109.333,63.9601426,-22.6052194,373.25,275.88,-0.998,-3.7308,353.7055,0.0004,-0.0484,-0.0115,68.191,68.367,-7.8032,115.3898,-0.3369,0.0,0.0,0.0,-0.03,1472.9,0.0,10.0,270.0,0,109.333,-0.02696191270292264,0.1016409983059113,-0.03,0.08977092062457459,0.5364383666999593,1.0,0.0,-483.8709494661136,11.247366054523638,226.75,272.38,4.741485318039695,0.03659798022113485,0.1821503507986885,4.9639004760641265,-0.18728422502795183,-6.314499999999953,0.0,-0.08996799222127948,final_approach,-0.8002111541624437,-0.9241572529028215,-7.973385934985856,
109.433,63.96017415,-22.60521961,372.469,275.029,-0.998,-3.7356,353.7043,0.0004,-0.0484,-0.0115,68.182,68.356,-7.8152,115.3716,-0.3369,0.0,0.0,0.0,-0.03,1471.9,0.0,10.0,270.0,0,109.433,-0.02697442549354101,0.10164660588065358,-0.03,0.08978190705652667,0.5359252435930418,1.0,0.0,-480.35386195601234,11.235849675125548,225.969,271.529,4.745166209477877,0.03663313591458196,0.18214491872836988,4.96556863301675,-0.18731061415309114,-6.3156999999999925,0.0,-0.08997090201934459,final_approach,-0.8003921365727464,-0.9243898305507852,-7.98674056206667,
109.533,63.96020569,-22.60521982,371.687,274.211,-0.9979,-3.7404,353.7032,0.0006,-0.0486,-0.0115,68.173,68.345,-7.8273,115.3534,-0.3368,0.0,0.0,0.0,-0.03,1471.0,0.0,10.0,270.0,0,109.533,-0.026993342490971906,0.10165093004850564,-0.03,0.089791975472576,0.5354110541575943,1.0,0.0,-476.83788921338873,11.224333684854734,225.187,270.711,4.748851029012985,0.036668979153998686,0.18213942464534075,4.967230680037895,-0.18728734224924892,-6.3168000000000575,0.0,-0.08997354729031404,final_approach,-0.8005723482681226,-0.9246959605697871,-8.00012034402778,
109.633,63.96023723,-22.60522003,370.904,273.338,-0.9979,-3.7452,353.702,0.0006,-0.0486,-0.0116,68.163,68.335,-7.8393,115.3352,-0.3368,0.0,0.0,0.0,-0.03,1470.0,0.0,10.0,270.0,0,109.633,-0.027005767280146864,0.1016557648219308,-0.03,0.08980295649378511,0.5348949060218929,1.0,0.0,-473.3219164715573,11.212817694410136,224.404,269.838,4.752546222575686,0.03671613856616682,0.18213391960663294,4.968886636398432,-0.1873137401947531,-6.317999999999984,0.0,-0.09088504299119975,final_approach,-0.8007518585526192,-0.9249263093206057,-8.013548543446975,
109.733,63.96026876,-22.60522024,370.119,272.508,-0.9978,-3.7501,353.7008,0.0005,-0.0487,-0.0116,68.154,68.324,-7.8514,115.3169,-0.3367,0.0,0.0,0.0,-0.03,1469.0,0.0,10.0,270.0,0,109.733,-0.027024883340087735,0.10165990681582757,-0.03,0.08981393469194288,0.5343806492070521,1.0,0.0,-469.80705849641146,11.201302093266591,223.61900000000003,269.008,4.7562243094557575,0.036726926938591614,0.18212835229567817,4.970536516173339,-0.1872906065078439,-6.31919999999991,0.0,-0.09080458453745392,final_approach,-0.8009306015449198,-0.9252300206473283,-8.026925061763496,
109.833,63.96030029,-22.60522045,369.333,271.625,-0.9978,-3.7549,353.6997,0.0005,-0.0488,-0.0116,68.145,68.313,-7.8635,115.2987,-0.3366,0.0,0.0,0.0,-0.03,1468.0,0.0,10.0,270.0,0,109.833,-0.027039812196386515,0.10166477416595301,-0.03,0.08982399556025078,0.5338644498551602,1.0,0.0,-466.2922005212656,11.18978649212305,222.83300000000003,268.125,4.759912792556464,0.03675324428333747,0.18212277386728648,4.972180338506156,-0.18726732040511251,-6.320299999999975,0.0,-0.09073144048859524,final_approach,-0.8011086466631383,-0.9255329107043107,-8.040349687458997,
109.933,63.96033181,-22.60522066,368.546,270.788,-0.9977,-3.7598,353.6985,0.0005,-0.0488,-0.0117,68.135,68.302,-7.8757,115.2803,-0.3366,0.0,0.0,0.0,-0.03,1467.0,0.0,10.0,270.0,0,109.933,-0.027055947362299382,0.10166647331429533,-0.03,0.08983496834745541,0.5333472072129529,1.0,0.0,-462.77845731359747,11.178271280106783,222.046,267.288,4.763605298587636,0.0367818802880668,0.18211713289966583,4.973818117334436,-0.18729401795189915,-6.3215000000000146,0.0,-0.09157403680780482,final_approach,-0.8012859278721969,-0.9257594538454388,-8.053799078370325,
110.05,63.96036858,-22.6052209,367.627,269.779,-0.9977,-3.7654,353.6972,0.0004,-0.0488,-0.0117,68.125,68.289,-7.8899,115.2589,-0.3365,0.0,0.0,0.0,-0.03,1465.9,0.0,10.0,270.0,0,110.05,-0.027073159261521873,0.10167347277614969,-0.03,0.08984685234773193,0.5327402921957031,1.0,0.0,-458.67946174150165,11.16508196448829,221.127,266.279,4.767933690865781,0.03681736787274164,0.18211451603938045,4.975727625053439,-0.1872753690018385,-6.322799999999916,0.0,-0.09101913214074404,final_approach,-0.8014978287317511,-0.9261063000406349,-8.069577205314665,
110.15,63.96040009,-22.60522111,366.837,268.908,-0.9976,-3.7703,353.696,0.0006,-0.0489,-0.0117,68.115,68.278,-7.902,115.2405,-0.3365,0.0,0.0,0.0,-0.03,1464.9,0.0,10.0,270.0,0,110.15,-0.027089203222214253,0.10167692153676304,-0.03,0.08985781925330782,0.532222233037609,1.0,0.0,-455.16683330131127,11.153567141599295,220.337,265.408,4.771624828745688,0.036833036360463145,0.1821088030684356,4.977352746610105,-0.18730207705411317,-6.323999999999955,0.0,-0.09183557467340756,final_approach,-0.8016735875724983,-0.9263305361513297,-8.083042893084285,
110.242,63.96042897,-22.6052213,366.112,268.119,-0.9976,-3.7747,353.6949,0.0006,-0.0489,-0.0117,68.107,68.268,-7.9132,115.2236,-0.3364,0.0,0.0,0.0,-0.03,1464.0,0.0,10.0,270.0,0,110.242,-0.027103406528743157,0.10168105038626489,-0.03,0.08986786976994943,0.531745883620646,1.0,0.0,-451.9473883411673,11.143134533650313,219.61200000000002,264.619,4.775015973896231,0.03683757586296365,0.1821055363204486,4.9788425741953155,-0.18727689002582792,-6.32510000000002,0.0,-0.09139202440665081,final_approach,-0.8018373050057974,-0.9266147287052,-8.095422521847324,
110.333,63.96046048,-22.60522151,365.32,267.282,-0.9975,-3.7796,353.6937,0.0006,-0.0491,-0.0117,68.097,68.257,-7.9254,115.2052,-0.3364,0.0,0.0,0.0,-0.03,1463.1,0.0,10.0,270.0,0,110.333,-0.027118421319846153,0.10168414201996982,-0.03,0.08987883126428309,0.5312243338017159,1.0,0.0,-448.4347599009769,11.131619710761319,218.82,263.782,4.778725887202704,0.037492692901321546,0.18209980336267162,4.980311167159592,-0.18730360650459943,-6.3262999999999465,0.0,-0.0930736685415165,final_approach,-0.8019953851125301,-0.926812355060008,-8.108974800387644,
110.433,63.96048935,-22.6052217,364.593,266.476,-0.9975,-3.7841,353.6927,0.0005,-0.0491,-0.0117,68.089,68.247,-7.9366,115.1882,-0.3363,0.0,0.0,0.0,-0.03,1462.2,0.0,10.0,270.0,0,110.433,-0.027133093939589736,0.10168885158765031,-0.03,0.08988796368620111,0.530746219237979,1.0,0.0,-445.2164297083108,11.12118749193961,218.09300000000002,262.976,4.7821241341147465,0.03690765560450514,0.18209647040990265,4.981919776976717,-0.18727855720302955,-6.327299999999923,0.0,-0.0918851532195558,final_approach,-0.8021724106900407,-0.9271163604397241,-8.121396609120458,
110.533,63.96052346,-22.60522193,363.732,265.556,-0.9974,-3.7894,353.6914,0.0006,-0.0492,-0.0117,68.079,68.236,-7.9499,115.1682,-0.3363,0.0,0.0,0.0,-0.03,1461.1,0.0,10.0,270.0,0,110.533,-0.027148939653656612,0.10169180208349615,-0.03,0.08989983290351566,0.5301821776627335,1.0,0.0,-441.413962090507,11.108591621492423,217.23200000000003,262.056,4.786129882373402,0.037432626768180155,0.18208809610654705,4.983522187330783,-0.18730760647295597,-6.328600000000051,0.0,-0.09262286656323772,final_approach,-0.8023421087533684,-0.9273279548279891,-8.136048704747012,
110.65,63.96055757,-22.60522216,362.87,264.616,-0.9974,-3.7947,353.6901,0.0006,-0.0493,-0.0117,68.068,68.224,-7.9631,115.1481,-0.3362,0.0,0.0,0.0,-0.03,1460.0,0.0,10.0,270.0,0,110.65,-0.027165539810967587,0.1016955456982567,-0.03,0.08991169880727756,0.5296153123732329,1.0,0.0,-437.61149447191127,11.095995750870895,216.37,261.116,4.790152255958706,0.03692373254229236,0.1820797035606388,4.985389776116787,-0.18728705324346606,-6.329899999999952,0.0,-0.09274961451358461,final_approach,-0.8025416876023286,-0.9276591245468637,-8.150771868882325,
110.733,63.96058381,-22.60522233,362.206,263.912,-0.9973,-3.7988,353.6892,0.0007,-0.0494,-0.0117,68.06,68.215,-7.9734,115.1326,-0.3362,0.0,0.0,0.0,-0.03,1459.2,0.0,10.0,270.0,0,110.733,-0.027179307914872664,0.10169740291610414,-0.03,0.08991991172263025,0.5291779335692187,1.0,0.0,-434.68634775929155,11.086645747163262,215.70600000000002,260.412,4.793253532994272,0.036997241045416566,0.18207881380444718,4.986709405948633,-0.1873095745326907,-6.330799999999954,0.0,-0.09308015339131538,final_approach,-0.8026893359743816,-0.9278473670944773,-8.162130376497572,
110.833,63.96061528,-22.60522254,361.408,263.024,-0.9973,-3.8037,353.688,0.0006,-0.0495,-0.0117,68.051,68.204,-7.9856,115.1141,-0.3361,0.0,0.0,0.0,-0.03,1458.2,0.0,10.0,270.0,0,110.833,-0.027194079758199152,0.10170298303726368,-0.03,0.08993085980591486,0.5286538889419907,1.0,0.0,-431.17817838901203,11.07513248078336,214.90800000000002,259.524,4.796966775040702,0.03701977094856467,0.18207281815887377,4.9882943230780254,-0.18728669011139232,-6.331999999999994,0.0,-0.09280013944665112,final_approach,-0.8028601882959769,-0.9281388262585928,-8.175737879493617,
110.95,63.960652,-22.60522279,360.476,262.032,-0.9972,-3.8094,353.6866,0.0008,-0.0496,-0.0117,68.04,68.191,-8.0,115.0923,-0.336,0.0,0.0,0.0,-0.03,1457.1,0.0,10.0,270.0,0,110.95,-0.02721435147127177,0.10170728486914066,-0.03,0.0899436290011747,0.5280387081656586,1.0,0.0,-427.0847568245332,11.06145517347609,213.976,258.532,4.801322343327003,0.03705432235215268,0.1820618019698537,4.990141206048494,-0.18726859420061714,-6.333399999999983,0.0,-0.09291077168032406,final_approach,-0.8030539821569853,-0.9284575942884583,-8.191709611308701,
111.05,63.96068347,-22.60522299,359.675,261.13,-0.9971,-3.8143,353.6855,0.001,-0.0496,-0.0118,68.031,68.18,-8.0123,115.0737,-0.336,0.0,0.0,0.0,-0.03,1456.1,0.0,10.0,270.0,0,111.05,-0.02723032217321497,0.10171171954425548,-0.03,0.08995365924423526,0.5275130353274889,1.0,0.0,-423.5765872832333,11.050431844246999,213.175,257.63,4.805041330996856,0.03707691474321539,0.1820638480801095,4.9917137868363435,-0.1872956305970206,-6.3344999999999345,0.0,-0.09264615607302265,final_approach,-0.8032340160765337,-0.9286877640697906,-8.205355639276018,
111.15,63.96071493,-22.6052232,358.873,260.26,-0.997,-3.8193,353.6843,0.001,-0.0497,-0.0119,68.021,68.169,-8.0247,115.055,-0.3359,0.0,0.0,0.0,-0.03,1455.1,0.0,10.0,270.0,0,111.15,-0.027248809122391637,0.10171287355020232,-0.03,0.08996459862166384,0.526986380275711,1.0,0.0,-420.0695326796394,11.038918966994093,212.373,256.76,4.808764717470951,0.03710307307617115,0.182057766147239,4.993280517494946,-0.18727302298680115,-6.335699999999974,0.0,-0.09331468733911538,final_approach,-0.8034027036153404,-0.9289755483385296,-8.219025536801892,
111.233,63.96074114,-22.60522338,358.204,259.561,-0.9969,-3.8234,353.6833,0.0008,-0.0498,-0.0119,68.013,68.159,-8.035,115.0395,-0.3359,0.0,0.0,0.0,-0.03,1454.3,0.0,10.0,270.0,0,111.233,-0.02726207494819627,0.10171545286807837,-0.03,0.08997371261261111,0.526546345698373,1.0,0.0,-417.14773044047325,11.029080193343413,211.704,256.061,4.811873808691956,0.03716238262573556,0.18204861029783923,4.994575809384597,-0.18729556061188646,-6.336700000000064,0.0,-0.09359385595997972,final_approach,-0.8035367387855281,-0.9291432848801229,-8.230445906747972,
111.333,63.96077259,-22.60522359,357.4,258.679,-0.9968,-3.8283,353.6821,0.0007,-0.0499,-0.0119,68.004,68.148,-8.0473,115.0208,-0.3358,0.0,0.0,0.0,-0.03,1453.3,0.0,10.0,270.0,0,111.333,-0.02728048180771081,0.10172093204291335,-0.03,0.08998464681342278,0.5260176052888911,1.0,0.0,-413.64179060514925,11.017567705218058,210.89999999999998,255.17899999999997,4.815607439222452,0.03719136973893966,0.18204244958567437,4.996131468311882,-0.18727294626816615,-6.3378999999999905,0.0,-0.09326714178180052,final_approach,-0.8037040739426509,-0.9294290438190025,-8.244167104196869,
111.442,63.96080666,-22.60522381,356.527,257.722,-0.9968,-3.8337,353.6808,0.0006,-0.05,-0.012,67.993,68.136,-8.0608,115.0005,-0.3358,0.0,0.0,0.0,-0.03,1452.2,0.0,10.0,270.0,0,111.442,-0.02729359535566961,0.10172112114474027,-0.03,0.0899964890112146,0.5254454775311017,1.0,0.0,-409.8437818846518,11.005463328604279,210.027,254.22199999999998,4.819644805419024,0.03716615092399746,0.1820418350849367,4.997821417334607,-0.1873024732833528,-6.339200000000005,0.0,-0.09396262263734195,final_approach,-0.803893845126538,-0.929670113768001,-8.259012606223642,
111.533,63.9608381,-22.60522402,355.721,256.867,-0.9967,-3.8387,353.6796,0.0007,-0.0501,-0.012,67.984,68.125,-8.0732,114.9817,-0.3357,0.0,0.0,0.0,-0.03,1451.2,0.0,10.0,270.0,0,111.533,-0.027311000990135448,0.10172621276746897,-0.03,0.0900074173293649,0.5249133516778908,1.0,0.0,-406.33895681680553,10.993951229432135,209.221,253.36700000000002,4.823397512883359,0.03784488303068343,0.1820356023012308,4.99922659884477,-0.18727999787654426,-6.340400000000045,0.0,-0.09441157502495576,final_approach,-0.8040441156298748,-0.9299299907589731,-8.272818698603125,
111.633,63.96086691,-22.60522421,354.98,256.042,-0.9967,-3.8433,353.6785,0.0006,-0.0502,-0.012,67.975,68.115,-8.0846,114.9645,-0.3357,0.0,0.0,0.0,-0.03,1450.3,0.0,10.0,270.0,0,111.633,-0.027322561061928374,0.10172727627812134,-0.03,0.09001743247376603,0.5244290368543548,1.0,0.0,-403.1273152282136,10.983521345547851,208.48000000000002,252.54199999999997,4.826811123241077,0.03722675312176694,0.1820318555145566,5.00076569573341,-0.18730502472925536,-6.341499999999996,0.0,-0.09401052274996055,final_approach,-0.8042127564304771,-0.9301460415842584,-8.285383175893088,
111.733,63.96089834,-22.60522442,354.171,255.184,-0.9966,-3.8483,353.6773,0.0007,-0.0503,-0.012,67.966,68.104,-8.097,114.9457,-0.3356,0.0,0.0,0.0,-0.03,1449.3,0.0,10.0,270.0,0,111.733,-0.027340798605741734,0.10173187733918336,-0.03,0.09002835537973175,0.5238976720330524,1.0,0.0,-399.6236049270529,10.972009635676768,207.671,251.684,4.83055432724881,0.03726096761435948,0.1820255481863612,5.0022990315662685,-0.18728254270067168,-6.3426999999999225,0.0,-0.09364592977269103,final_approach,-0.8043773809135324,-0.9304275215111755,-8.29916706506681,
111.842,63.96093239,-22.60522465,353.293,254.217,-0.9965,-3.8537,353.676,0.0007,-0.0503,-0.012,67.955,68.092,-8.1105,114.9253,-0.3356,0.0,0.0,0.0,-0.03,1448.2,0.0,10.0,270.0,0,111.842,-0.027356962474141322,0.10173348995101494,-0.03,0.09004018534128377,0.52332121148717,1.0,0.0,-395.8278259125314,10.959416099818606,206.793,250.717,4.8346128962128985,0.03725656928733175,0.1820166709131037,5.003963828881106,-0.18731223628836347,-6.344000000000051,0.0,-0.09430697535632146,final_approach,-0.8045534515484114,-0.9306477283091539,-8.314119424593999,
111.933,63.96096119,-22.60522484,352.549,253.412,-0.9965,-3.8583,353.6749,0.0007,-0.0503,-0.012,67.947,68.081,-8.1219,114.9081,-0.3355,0.0,0.0,0.0,-0.03,1447.3,0.0,10.0,270.0,0,111.933,-0.027370395387641133,0.10173784177016057,-0.03,0.09005019272023496,0.5228333393462617,1.0,0.0,-392.61729909220935,10.94898660488781,206.04899999999998,249.912,4.838045951698648,0.03733478848257364,0.18201284265538104,5.005348307281806,-0.18728741841221108,-6.345100000000002,0.0,-0.09372562195229509,final_approach,-0.8047045482767494,-0.9309123703728535,-8.326772935589297,
112.033,63.96099261,-22.60522505,351.736,252.52,-0.9964,-3.8633,353.6737,0.0007,-0.0504,-0.012,67.937,68.07,-8.1344,114.8892,-0.3355,0.0,0.0,0.0,-0.03,1446.3,0.0,10.0,270.0,0,112.033,-0.02738560667364376,0.10173918408701188,-0.03,0.09006110715470128,0.5223003868383559,1.0,0.0,-389.1147035585264,10.937475284144,205.236,249.02,4.8417944113172595,0.037359756433164186,0.18200644427468793,5.006864457351669,-0.18731493809409017,-6.346299999999928,0.0,-0.09429601995663707,final_approach,-0.8048671146290687,-0.9311155312712049,-8.340594651488967,
112.15,63.96102925,-22.60522529,350.786,251.513,-0.9963,-3.8691,353.6723,0.0007,-0.0505,-0.0121,67.926,68.057,-8.149,114.8672,-0.3354,0.0,0.0,0.0,-0.03,1445.1,0.0,10.0,270.0,0,112.15,-0.027405903898593875,0.10174171094572038,-0.03,0.09007383709247996,0.5216786350422501,1.0,0.0,-385.0301999620568,10.924291027179514,204.286,248.013,4.846165135465511,0.03735923313625674,0.1820029567559422,5.0086320319084425,-0.18729710339991357,-6.347700000000032,0.0,-0.09427066305303856,final_approach,-0.8050618614676388,-0.9314353331093272,-8.356718073770821,
112.258,63.96106066,-22.6052255,349.971,250.606,-0.9962,-3.8741,353.6711,0.0008,-0.0506,-0.0121,67.916,68.046,-8.1615,114.8483,-0.3354,0.0,0.0,0.0,-0.03,1444.1,0.0,10.0,270.0,0,112.258,-0.027421816207741867,0.10174447582591502,-0.03,0.09008474540844968,0.5211418725078171,1.0,0.0,-381.5287191958516,10.912780095562974,203.471,247.106,4.849936514766171,0.036952724065183226,0.18199648160137935,5.010256576606521,-0.18732463447594228,-6.348899999999958,0.0,-0.09411811119300312,final_approach,-0.8052365504417764,-0.9316567129889339,-8.370636544426256,
112.333,63.96108682,-22.60522568,349.29,249.894,-0.9962,-3.8783,353.6701,0.0007,-0.0506,-0.0122,67.908,68.037,-8.172,114.8326,-0.3353,0.0,0.0,0.0,-0.03,1443.3,0.0,10.0,270.0,0,112.333,-0.027432932326862947,0.10174446150524825,-0.03,0.09009383351455613,0.5206982441864768,1.0,0.0,-378.61249079407406,10.902943267548658,202.79000000000002,246.394,4.853052252043717,0.03771779733775636,0.18198690775526752,5.011379953246649,-0.18729761647526288,-6.349899999999934,0.0,-0.09525888896333043,final_approach,-0.8053506478635981,-0.9318690024181517,-8.382139369021736,
112.433,63.96111822,-22.60522588,348.472,248.989,-0.9961,-3.8833,353.6689,0.0008,-0.0505,-0.0122,67.899,68.026,-8.1845,114.8136,-0.3353,0.0,0.0,0.0,-0.03,1442.3,0.0,10.0,270.0,0,112.433,-0.027448599340208713,0.10174854763091758,-0.03,0.09010473665321317,0.520162852521015,1.0,0.0,-375.11212462353404,10.891922662383985,201.97199999999998,245.489,4.856811013766615,0.03769610065295906,0.1819885375467208,5.012874207157166,-0.18732530166795414,-6.351099999999974,0.0,-0.09478080814848182,final_approach,-0.8055212996033454,-0.9320840762857951,-8.396020814559892,
112.533,63.96114961,-22.60522609,347.653,248.109,-0.996,-3.8884,353.6676,0.0008,-0.0507,-0.0122,67.889,68.014,-8.1971,114.7947,-0.3353,0.0,0.0,0.0,-0.03,1441.3,0.0,10.0,270.0,0,112.533,-0.027463898877393533,0.10174922414177849,-0.03,0.09011654519990964,0.5196265421470186,1.0,0.0,-371.6128733922843,10.880412509021996,201.15300000000002,244.609,4.860574701702207,0.03768623043678662,0.18198192348210096,5.014362818814853,-0.1873528502413251,-6.352399999999989,0.0,-0.09525528013498864,final_approach,-0.805680476265497,-0.9322820926775233,-8.409925370746016,
112.633,63.96118099,-22.6052263,346.833,247.233,-0.9959,-3.8934,353.6664,0.0009,-0.0508,-0.0122,67.88,68.003,-8.2097,114.7758,-0.3352,0.0,0.0,0.0,-0.03,1440.3,0.0,10.0,270.0,0,112.633,-0.027481761569975727,0.10175229008801775,-0.03,0.09012744245511772,0.5190893152371507,1.0,0.0,-368.1147369277202,10.86890274461294,200.33300000000003,243.733,4.864343371959646,0.03768630912638734,0.18197524312453267,5.015845800397923,-0.1873304885745597,-6.353599999999915,0.0,-0.094777527395445,final_approach,-0.8058389307483154,-0.9325541052917465,-8.423853048859108,
112.733,63.96121237,-22.60522651,346.011,246.343,-0.9959,-3.8985,353.6652,0.0008,-0.0508,-0.0122,67.87,67.992,-8.2222,114.7568,-0.3352,0.0,0.0,0.0,-0.03,1439.3,0.0,10.0,270.0,0,112.733,-0.027492818225205162,0.10175420275105922,-0.03,0.09013833688622053,0.5185535586201431,1.0,0.0,-364.61660046394815,10.857392980378224,199.51100000000002,242.843,4.868100361685607,0.037666907148590306,0.18196854909834267,5.01732316930643,-0.18735819291279654,-6.354799999999955,0.0,-0.09525229763221368,final_approach,-0.8059967342036103,-0.9327498208903702,-8.437742042030129,
112.833,63.96124374,-22.60522672,345.188,245.459,-0.9958,-3.9035,353.664,0.0009,-0.0509,-0.0122,67.861,67.981,-8.2348,114.7378,-0.3351,0.0,0.0,0.0,-0.03,1438.3,0.0,10.0,270.0,0,112.833,-0.027510591158672604,0.10175686645900334,-0.03,0.09014922849318396,0.5180169132302652,1.0,0.0,-361.1195787668617,10.845883605270503,198.688,241.959,4.871862294437075,0.03765897720960556,0.18196178849123612,5.018794937591199,-0.18733597058073315,-6.3559999999999945,0.0,-0.09477481602928595,final_approach,-0.8061538184250168,-0.9330195616160033,-8.451653578810932,
112.933,63.96127511,-22.60522693,344.364,244.539,-0.9957,-3.9086,353.6627,0.0009,-0.051,-0.0122,67.851,67.969,-8.2474,114.7188,-0.3351,0.0,0.0,0.0,-0.03,1437.3,0.0,10.0,270.0,0,112.933,-0.02752571735736492,0.1017581885103011,-0.03,0.09016102454705988,0.5174782894628364,1.0,0.0,-357.62255706977527,10.834374230162783,197.86399999999998,241.039,4.875636876748265,0.03767345152665463,0.18195501402444964,5.020261122535007,-0.1873636850037883,-6.357300000000009,0.0,-0.09524983275390018,final_approach,-0.8063102546784116,-0.9332132046307944,-8.465615972702164,
113.033,63.96130647,-22.60522714,343.539,243.652,-0.9956,-3.9136,353.6615,0.0008,-0.0512,-0.0123,67.841,67.958,-8.26,114.6998,-0.3351,0.0,0.0,0.0,-0.03,1436.3,0.0,10.0,270.0,0,113.033,-0.027540508678899622,0.10175980667911397,-0.03,0.09017191027029436,0.5169387682258882,1.0,0.0,-354.12665014095865,10.822865244182612,197.039,240.152,4.87941660290853,0.037694086539320895,0.18194817268381286,5.021721736061605,-0.18739140860856196,-6.358500000000049,0.0,-0.09568166613991443,final_approach,-0.8064659746092424,-0.9334057559616848,-8.479601272534905,
113.133,63.96133783,-22.60522734,342.712,242.759,-0.9955,-3.9187,353.6603,0.0009,-0.0512,-0.0123,67.832,67.947,-8.2727,114.6808,-0.335,0.0,0.0,0.0,-0.03,1435.3,0.0,10.0,270.0,0,113.133,-0.02755879686896634,0.10176116792763573,-0.03,0.09018279316928768,0.5164007829457332,1.0,0.0,-350.6307430403296,10.811846195527036,196.212,239.259,4.883184505469234,0.03769157638394152,0.18194956226682937,5.023177619834749,-0.18736918073446418,-6.359699999999975,0.0,-0.09516515103628662,final_approach,-0.8066319826761124,-0.933688928295803,-8.49354647215012,
113.233,63.96136919,-22.60522755,341.884,241.857,-0.9954,-3.9238,353.6591,0.0008,-0.0513,-0.0123,67.822,67.936,-8.2853,114.6618,-0.335,0.0,0.0,0.0,-0.03,1434.3,0.0,10.0,270.0,0,113.233,-0.0275735167628412,0.10176281396483128,-0.03,0.0901936732440084,0.5158608162967967,1.0,0.0,-347.1348361107209,10.800337209546587,195.38400000000001,238.357,4.886965295989771,0.03771096452084561,0.18194270125860876,5.024627964561161,-0.1873969144377554,-6.360899999999901,0.0,-0.09560468276025151,final_approach,-0.8067865185110143,-0.9338796824825533,-8.507542816364253,
113.333,63.96140053,-22.60522776,341.055,240.957,-0.9953,-3.9289,353.6578,0.0009,-0.0513,-0.0123,67.812,67.924,-8.298,114.6427,-0.3349,0.0,0.0,0.0,-0.03,1433.3,0.0,10.0,270.0,0,113.333,-0.027591374455206152,0.10176262754652228,-0.03,0.090205456804474,0.5153210869509284,1.0,0.0,-343.6411587160677,10.788829001820687,194.555,237.457,4.890743513086263,0.03772283226152422,0.1819357198697392,5.026072776666265,-0.1873748261043886,-6.36220000000003,0.0,-0.09600425705477927,final_approach,-0.8069402720543408,-0.9341442089407082,-8.521532866571444,
113.433,63.96143188,-22.60522797,340.224,240.076,-0.9953,-3.934,353.6566,0.0009,-0.0513,-0.0123,67.803,67.913,-8.3107,114.6237,-0.3349,0.0,0.0,0.0,-0.03,1432.3,0.0,10.0,270.0,0,113.433,-0.02760215316627962,0.101764310631989,-0.03,0.09021633099519022,0.5147818340237504,1.0,0.0,-340.14636655393684,10.777320404793453,193.724,236.576,4.894517562708408,0.03772577625484539,0.1819287772889544,5.027512078472939,-0.18740256996190396,-6.363399999999956,0.0,-0.0954584155043444,final_approach,-0.807093455118217,-0.9343329121950372,-8.535510497059475,
113.533,63.96146321,-22.60522818,339.393,239.184,-0.9952,-3.9391,353.6554,0.0009,-0.0513,-0.0123,67.793,67.902,-8.3234,114.6046,-0.3349,0.0,0.0,0.0,-0.03,1431.3,0.0,10.0,270.0,0,113.533,-0.02761673645048124,0.10176518762247254,-0.03,0.09022720236153636,0.5142392478939024,1.0,0.0,-336.65380392676127,10.765812586194825,192.89299999999997,235.684,4.898314179050237,0.03776584078208584,0.18192171392794984,5.028945876270824,-0.18743046911154693,-6.364599999999996,0.0,-0.09587128682212352,final_approach,-0.8072458585946514,-0.9345202088166431,-8.549574526745833,
113.633,63.96149455,-22.60522839,338.56,238.271,-0.9951,-3.9442,353.6541,0.0009,-0.0514,-0.0123,67.784,67.89,-8.336,114.5855,-0.3348,0.0,0.0,0.0,-0.03,1430.2,0.0,10.0,270.0,0,113.633,-0.027634479642086762,0.10176960162808199,-0.03,0.0902389764878162,0.5136971386442636,1.0,0.0,-333.16012653210805,10.754304378468927,192.06,234.771,4.902106774530174,0.03779252645163382,0.1819146892889315,5.030374192278814,-0.18740837534511456,-6.3659000000000106,0.0,-0.09533753347465852,final_approach,-0.8073976946958794,-0.9347818577435039,-8.563626269831596,
113.733,63.96152587,-22.60522859,337.725,237.373,-0.995,-3.9493,353.6529,0.001,-0.0516,-0.0123,67.774,67.879,-8.3487,114.5665,-0.3348,0.0,0.0,0.0,-0.03,1429.2,0.0,10.0,270.0,0,113.733,-0.027649629355526617,0.10176844277459425,-0.03,0.09024984196995267,0.5131589611815477,1.0,0.0,-329.66867850059776,10.743286886322165,191.22500000000002,233.873,4.905871264355861,0.037767921752505984,0.18191583951325085,5.0317978622558766,-0.18743613861818176,-6.367099999999937,0.0,-0.09576139406787526,final_approach,-0.8075597546328552,-0.9349838846827527,-8.577576244524385,
113.833,63.9615572,-22.6052288,336.89,236.484,-0.9949,-3.9545,353.6517,0.001,-0.0517,-0.0124,67.764,67.868,-8.3614,114.5474,-0.3348,0.0,0.0,0.0,-0.03,1428.2,0.0,10.0,270.0,0,113.833,-0.027664103559806752,0.10177010507205335,-0.03,0.09026070462762137,0.5126139989482902,1.0,0.0,-326.1761158734223,10.731779067723538,190.39,232.984,4.9096826833267,0.03782563307848725,0.18190874088966963,5.03321607680399,-0.1874640572966939,-6.3682999999999765,0.0,-0.09614672187989177,final_approach,-0.8077103541113502,-0.9351684372322371,-8.591702306617792,
113.933,63.96158851,-22.60522901,336.053,235.556,-0.9948,-3.9596,353.6504,0.0011,-0.0517,-0.0124,67.755,67.856,-8.3742,114.5283,-0.3348,0.0,0.0,0.0,-0.03,1427.2,0.0,10.0,270.0,0,113.933,-0.02767882200544608,0.10177053951368993,-0.03,0.09027246931939181,0.5120730102218596,1.0,0.0,-322.68578278120214,10.720272027379458,189.553,232.056,4.913465862725872,0.03782665989735782,0.1819015206829997,5.03462884194961,-0.18749198528718125,-6.369599999999991,0.0,-0.0955879289817194,final_approach,-0.80786017911025,-0.9353518104544527,-8.605725663398593,
114.033,63.96161982,-22.60522922,335.215,234.641,-0.9947,-3.9647,353.6492,0.0011,-0.0518,-0.0124,67.745,67.845,-8.3869,114.5092,-0.3347,0.0,0.0,0.0,-0.03,1426.2,0.0,10.0,270.0,0,114.033,-0.027696116560331885,0.10177120703353285,-0.03,0.0902833260926501,0.5115300338192011,1.0,0.0,-319.19544968819,10.708764987035103,188.71499999999997,231.141,4.917262570094841,0.03785006219608036,0.18189428553449066,5.036036174363227,-0.18746988706016054,-6.370799999999917,0.0,-0.09598902634700988,final_approach,-0.8080093717168779,-0.9356094878343484,-8.619800910463773,
114.133,63.96165113,-22.60522943,334.375,233.734,-0.9946,-3.9699,353.6479,0.001,-0.0518,-0.0125,67.735,67.834,-8.3997,114.4901,-0.3347,0.0,0.0,0.0,-0.03,1425.2,0.0,10.0,270.0,0,114.133,-0.027710758743778985,0.10176941229110947,-0.03,0.09029508440957168,0.5109887778484496,1.0,0.0,-315.7051165959701,10.697257946516963,187.875,230.234,4.921046954009243,0.03784902502073741,0.18188703539467657,5.037438090654818,-0.18749782534146675,-6.372100000000046,0.0,-0.0963536603154687,final_approach,-0.8081579337405387,-0.9357909450646886,-8.633831997757213,
114.233,63.96168243,-22.60522964,333.535,232.823,-0.9945,-3.975,353.6467,0.001,-0.0518,-0.0125,67.726,67.822,-8.4124,114.471,-0.3347,0.0,0.0,0.0,-0.03,1424.2,0.0,10.0,270.0,0,114.233,-0.027725068024160582,0.10177336645877372,-0.03,0.09030593529828634,0.510442966980862,1.0,0.0,-312.2158982704357,10.68575129529988,187.03500000000003,229.323,4.924862966677947,0.03790087529845381,0.18187971661461091,5.038834602014096,-0.1875257729459463,-6.373299999999972,0.0,-0.09577605483224388,final_approach,-0.8083057959097779,-0.9359713352245471,-8.647981679041816,
114.333,63.96171373,-22.60522984,332.693,231.913,-0.9944,-3.9802,353.6454,0.0009,-0.0518,-0.0124,67.716,67.811,-8.4252,114.4519,-0.3346,0.0,0.0,0.0,-0.03,1423.2,0.0,10.0,270.0,0,114.333,-0.027743179122329653,0.10177263917446015,-0.03,0.09031768724021283,0.509898889616961,1.0,0.0,-308.72667977467285,10.674734581407941,186.19299999999998,228.413,4.928666719487172,0.03792365076408717,0.18188073036289581,5.040226559710338,-0.18750366929415918,-6.374599999999987,0.0,-0.09616004984749961,final_approach,-0.808464099584377,-0.9362427255517449,-8.662087010597748,
114.433,63.96174502,-22.60523005,331.85,230.999,-0.9943,-3.9853,353.6442,0.001,-0.0518,-0.0124,67.706,67.8,-8.438,114.4328,-0.3346,0.0,0.0,0.0,-0.03,1422.2,0.0,10.0,270.0,0,114.433,-0.027757414833307292,0.10177218977475438,-0.03,0.09032853224425252,0.5093539930908673,1.0,0.0,-305.2385762166162,10.663228319318133,185.35000000000002,227.499,4.932476137201751,0.03795207182770356,0.1818733361123434,5.041613138122538,-0.18753162720349792,-6.375800000000027,0.0,-0.0965091362249906,final_approach,-0.8086107421955298,-0.9364212650156194,-8.676214243283967,
114.533,63.9617763,-22.60523026,331.005,230.112,-0.9942,-3.9905,353.643,0.001,-0.0519,-0.0125,67.697,67.789,-8.4508,114.4137,-0.3346,0.0,0.0,0.0,-0.03,1421.2,0.0,10.0,270.0,0,114.533,-0.027771608538251835,0.10177263797382055,-0.03,0.09033937442359996,0.5088120860175518,1.0,0.0,-301.7515874268293,10.65172244635587,184.505,226.612,4.9362646711373666,0.03794094974911307,0.18186587271909208,5.0429943482673725,-0.187559594447265,-6.376999999999953,0.0,-0.09591739656817405,final_approach,-0.8087566884301793,-0.9365987426363134,-8.69026470242318,
114.633,63.96180758,-22.60523047,330.159,229.189,-0.9941,-3.9956,353.6417,0.001,-0.0519,-0.0125,67.687,67.777,-8.4636,114.3945,-0.3346,0.0,0.0,0.0,-0.03,1420.2,0.0,10.0,270.0,0,114.633,-0.027786046116681284,0.10177162542397138,-0.03,0.09035111693027342,0.508268191632858,1.0,0.0,-298.2645986362503,10.640216573393337,183.659,225.689,4.940067191729163,0.03795499244392233,0.18185839379919355,5.0443702064864,-0.18758771752891334,-6.378299999999967,0.0,-0.09628854233470885,final_approach,-0.8089020106235623,-0.9367750468457174,-8.704367495868532,
114.75,63.96184407,-22.60523071,329.171,228.131,-0.994,-4.0017,353.6403,0.001,-0.052,-0.0125,67.676,67.764,-8.4785,114.3723,-0.3346,0.0,0.0,0.0,-0.03,1419.0,0.0,10.0,270.0,0,114.75,-0.027802231562461033,0.10177376975199463,-0.03,0.09036375899920102,0.5076304977444168,1.0,0.0,-294.19681655115465,10.62703815316361,182.671,224.631,4.9445257143314585,0.037980332168076475,0.18185382271036313,5.0459740599382155,-0.18762024661248233,-6.379699999999957,0.0,-0.09608204703310382,final_approach,-0.8090768666705799,-0.9369891509181123,-8.720903572937955,
114.833,63.96187013,-22.60523089,328.464,227.373,-0.9939,-4.006,353.6392,0.0011,-0.052,-0.0125,67.668,67.755,-8.4891,114.3563,-0.3345,0.0,0.0,0.0,-0.03,1418.2,0.0,10.0,270.0,0,114.833,-0.02781744358703886,0.10177538869513109,-0.03,0.09037368935607992,0.5071755806094191,1.0,0.0,-291.29173582257016,10.617205216421477,181.964,223.873,4.947706540867339,0.03803747868600792,0.18184333525064447,5.047106528531523,-0.1875935963949189,-6.380799999999908,0.0,-0.0961096374999692,final_approach,-0.8091907863100545,-0.9372006114276346,-8.732700862392377,
114.933,63.96190139,-22.60523109,327.614,226.45,-0.9938,-4.0112,353.638,0.0011,-0.0522,-0.0126,67.658,67.743,-8.5019,114.3372,-0.3345,0.0,0.0,0.0,-0.03,1417.1,0.0,10.0,270.0,0,114.933,-0.027832125345689795,0.10177406350403251,-0.03,0.09038451976556161,0.5066319576190559,1.0,0.0,-287.8069763959263,10.606190059038356,181.11399999999998,222.95,4.951507910433025,0.03803351484781716,0.18184410140794796,5.048467250243879,-0.18762159270258394,-6.382000000000062,0.0,-0.09646330681815769,final_approach,-0.8093452413919273,-0.9373908442290961,-8.746799494730949,
115.033,63.96193265,-22.6052313,326.764,225.538,-0.9937,-4.0163,353.6367,0.0011,-0.0523,-0.0126,67.649,67.732,-8.5148,114.3181,-0.3345,0.0,0.0,0.0,-0.03,1416.1,0.0,10.0,270.0,0,115.033,-0.027846418898536285,0.10177584752732546,-0.03,0.09039624952140501,0.5060824209105732,1.0,0.0,-284.32221714030277,10.594684964330366,180.264,222.038,4.95535104186701,0.03809981476315534,0.1818364604230646,5.049822672118706,-0.18764959836525463,-6.383299999999963,0.0,-0.09587573347105323,final_approach,-0.8094880455457272,-0.9375635361584251,-8.761052617722157,
115.133,63.9619639,-22.60523151,325.911,224.613,-0.9936,-4.0215,353.6354,0.0011,-0.0524,-0.0126,67.639,67.721,-8.5276,114.299,-0.3345,0.0,0.0,0.0,-0.03,1415.1,0.0,10.0,270.0,0,115.133,-0.027860670723551195,0.10177391412573016,-0.03,0.09040797596194339,0.5055399285977288,1.0,0.0,-280.838572652157,10.58318025874965,179.411,221.113,4.959145389861756,0.03807375896053978,0.181828749373508,5.051172804815661,-0.1876776133876774,-6.384599999999978,0.0,-0.09625066679187173,final_approach,-0.8096301610371661,-0.9377351778343481,-8.775124212037785,
115.233,63.96199515,-22.60523172,325.058,223.663,-0.9935,-4.0268,353.6342,0.0011,-0.0524,-0.0126,67.629,67.709,-8.5404,114.2799,-0.3345,0.0,0.0,0.0,-0.03,1414.1,0.0,10.0,270.0,0,115.233,-0.027874595379443035,0.1017744675494878,-0.03,0.09041879742598335,0.5049914924832027,1.0,0.0,-277.3549281640112,10.571675553168935,178.558,220.163,4.96298187432577,0.03812227324047329,0.18182102219683988,5.052517664352627,-0.18770563777451343,-6.3858000000000175,0.0,-0.0965915152653289,final_approach,-0.8097716605873622,-0.9379058786481433,-8.789351246914535,
115.333,63.9620264,-22.60523193,324.203,222.743,-0.9934,-4.032,353.6329,0.0012,-0.0524,-0.0126,67.62,67.698,-8.5533,114.2608,-0.3345,0.0,0.0,0.0,-0.03,1413.1,0.0,10.0,270.0,0,115.333,-0.027888772383720173,0.10177479869357997,-0.03,0.09043051749082864,0.5044449748042591,1.0,0.0,-273.87128367586536,10.560170847588218,177.70299999999997,219.243,4.966805580590137,0.03814140480767257,0.1818132788424141,5.053857266689026,-0.18773367153045228,-6.3870999999999185,0.0,-0.09599228660484523,final_approach,-0.8099125459305867,-0.9380756412050921,-8.803529855810261,
115.433,63.96205764,-22.60523214,323.347,221.853,-0.9932,-4.0372,353.6316,0.0013,-0.0524,-0.0126,67.61,67.687,-8.5661,114.2417,-0.3345,0.0,0.0,0.0,-0.03,1412.1,0.0,10.0,270.0,0,115.433,-0.027906767544752797,0.10177474203688078,-0.03,0.0904422342402631,0.5038976913562373,1.0,0.0,-270.38875395519733,10.548666531134776,176.84699999999998,218.353,4.970635364788604,0.0381674776705059,0.1818054650014601,5.055191622300209,-0.1877617146602404,-6.388400000000047,0.0,-0.09635662418622681,final_approach,-0.8100527468477878,-0.9382443598712307,-8.817729747112923,
115.533,63.96208887,-22.60523234,322.49,220.928,-0.9931,-4.0424,353.6304,0.0011,-0.0524,-0.0127,67.601,67.675,-8.579,114.2226,-0.3345,0.0,0.0,0.0,-0.03,1411.1,0.0,10.0,270.0,0,115.533,-0.027921222992098205,0.10177563453941393,-0.03,0.09045304675857191,0.5033496417362444,1.0,0.0,-266.90733883019453,10.537652540959138,175.99,217.428,4.974471311058233,0.038199475174802724,0.18180603329442568,5.0565215868886515,-0.18778976716851048,-6.389599999999973,0.0,-0.09577874926020696,final_approach,-0.8102034727589782,-0.9384288969125638,-8.831951012250935,
115.633,63.9621201,-22.60523255,321.631,219.986,-0.993,-4.0476,353.6291,0.0012,-0.0526,-0.0127,67.591,67.664,-8.5919,114.2035,-0.3345,0.0,0.0,0.0,-0.03,1410.1,0.0,10.0,270.0,0,115.633,-0.027935286166306195,0.10177328603084816,-0.03,0.09046475713210911,0.5028035785222447,1.0,0.0,-263.4259238770042,10.52614861363297,175.13099999999997,216.486,4.978294228547534,0.03820442512783758,0.1817981410751516,5.057846329039871,-0.187817829060009,-6.390899999999988,0.0,-0.09616249932746604,final_approach,-0.8103424863517716,-0.938595800837609,-8.846122294624239,
115.75,63.96215652,-22.60523279,320.628,218.914,-0.9929,-4.0537,353.6276,0.0011,-0.0527,-0.0127,67.58,67.651,-8.6069,114.1813,-0.3345,0.0,0.0,0.0,-0.03,1408.9,0.0,10.0,270.0,0,115.75,-0.027951313351021856,0.10177389271954856,-0.03,0.09047826498169742,0.5021641264571177,1.0,0.0,-259.3659451634604,10.512972917467943,174.128,215.414,4.98277216324883,0.03821584530068553,0.1817930669138651,5.0593905171855384,-0.18785045729677563,-6.392399999999952,0.0,-0.0959674624810649,final_approach,-0.8105099515055336,-0.938798634864245,-8.862719261060182,
115.85,63.96218774,-22.605233,319.767,217.98,-0.9928,-4.0589,353.6264,0.0012,-0.0527,-0.0127,67.57,67.64,-8.6198,114.1622,-0.3345,0.0,0.0,0.0,-0.03,1407.9,0.0,10.0,270.0,0,115.85,-0.02796500589599804,0.1017730637994629,-0.03,0.09048906808314272,0.5016142509900461,1.0,0.0,-255.88564497774783,10.501469379269047,173.267,214.48,4.986623951110762,0.03826618418712529,0.18178508858544204,5.060704390986797,-0.18787853949373812,-6.393599999999992,0.0,-0.09633405680097326,final_approach,-0.8106476260911819,-0.9389634935406512,-8.876993151333895,
115.95,63.96221895,-22.60523321,318.904,217.025,-0.9926,-4.0642,353.6251,0.0012,-0.0527,-0.0127,67.561,67.628,-8.6326,114.1432,-0.3345,0.0,0.0,0.0,-0.03,1406.9,0.0,10.0,270.0,0,115.95,-0.027982814635241715,0.10177477085359123,-0.03,0.09050076825497144,0.5010677184707859,1.0,0.0,-252.40645955872094,10.48996623002309,172.404,213.525,4.990453446747177,0.038270979549960886,0.18177703891474709,5.062013080241649,-0.18790648398794474,-6.394900000000007,0.0,-0.09575823345541692,final_approach,-0.8107846221436041,-0.9391275384545867,-8.891182068363205,
116.05,63.96225016,-22.60523342,318.04,217.811,-0.9925,-4.0694,353.6238,0.0012,-0.0528,-0.0127,67.551,67.617,-8.6455,114.1241,-0.3345,0.0,0.0,0.0,-0.03,1405.9,0.0,10.0,270.0,0,116.05,-0.027996718366148254,0.10177328095793986,-0.03,0.09051246511117195,0.5005191424423774,1.0,0.0,-248.92727413969394,10.47846308095119,171.54000000000002,214.311,4.9942984668336585,0.038300849769104285,0.1817689722885941,5.0633166005363694,-0.1879345849366416,-6.396199999999908,0.0,-0.09614384859583873,final_approach,-0.8109210129254549,-0.9392904373205333,-8.905425922615766,
116.15,63.96228136,-22.60523363,317.175,217.914,-0.9924,-4.0747,353.6225,0.0012,-0.0529,-0.0128,67.542,67.606,-8.6584,114.1051,-0.3345,0.0,0.0,0.0,-0.03,1404.9,0.0,10.0,270.0,0,116.15,-0.028010589649506867,0.1017744461698189,-0.03,0.0905241586517126,0.49996982617670443,1.0,0.0,-245.4492034889368,10.46696032100684,170.675,214.414,4.9981499644367835,0.038336537479461315,0.1817608339973314,5.064614961934315,-0.18796254809370794,-6.397500000000036,0.0,-0.09558531690530755,final_approach,-0.8110567276444343,-0.9394525262803679,-8.919690964383802,
116.25,63.96231255,-22.60523384,316.308,216.85,-0.9923,-4.0799,353.6213,0.0012,-0.0529,-0.0128,67.532,67.594,-8.6713,114.0861,-0.3345,0.0,0.0,0.0,-0.03,1403.9,0.0,10.0,270.0,0,116.25,-0.02802413121479519,0.10177169695532287,-0.03,0.09053494974620768,0.49942394608168894,1.0,0.0,-241.97224760486526,10.455457950189489,169.808,213.35,5.001978725381189,0.03832838280689421,0.18175262382242074,5.065908174443443,-0.18799052056473897,-6.3986999999999625,0.0,-0.09598665173210294,final_approach,-0.8111917671430042,-0.939613585316021,-8.93386879814021,
116.35,63.96234374,-22.60523404,315.44,215.793,-0.9922,-4.0852,353.62,0.0013,-0.053,-0.0128,67.523,67.583,-8.6843,114.0671,-0.3345,0.0,0.0,0.0,-0.03,1403.0,0.0,10.0,270.0,0,116.35,-0.02803858133093906,0.10177052412128575,-0.03,0.09054663691037701,0.4988760231791817,1.0,0.0,-238.49529154977336,10.444445516697003,168.94,212.293,5.005823251713799,0.03834786289342797,0.1817529220869227,5.067197106070657,-0.18801850235433903,-6.399999999999977,0.0,-0.0954424106655489,final_approach,-0.8113375100666005,-0.9397907310880793,-8.948101793602426,
116.442,63.96237493,-22.60523425,314.571,214.742,-0.992,-4.0905,353.6187,0.0013,-0.0532,-0.0128,67.513,67.572,-8.6971,114.0482,-0.3345,0.0,0.0,0.0,-0.03,1402.0,0.0,10.0,270.0,0,116.442,-0.028055540413734648,0.10177111248708022,-0.03,0.09055832075878356,0.4983260312860772,1.0,0.0,-235.0183356657018,10.432943145879653,168.07100000000003,211.242,5.009683822119033,0.038950339377194734,0.18174468618937634,5.068378212741464,-0.18804634612115478,-6.401299999999992,0.0,-0.09664725080266406,final_approach,-0.8114598735929448,-0.9399329151489866,-8.962390730355631,
116.533,63.96240091,-22.60523442,313.846,213.895,-0.9919,-4.0949,353.6176,0.001,-0.0533,-0.0127,67.505,67.563,-8.7079,114.0324,-0.3345,0.0,0.0,0.0,-0.03,1401.1,0.0,10.0,270.0,0,116.533,-0.028068642261451004,0.1017700386086051,-0.03,0.09056820450219849,0.49786798723664694,1.0,0.0,-232.12217290591877,10.423603259480574,167.346,210.395,5.012900205535307,0.038349428265379605,0.18174201677365043,5.069542655689217,-0.18806963000395172,-6.402399999999943,0.0,-0.09585314508534801,final_approach,-0.8115876762959573,-0.940090140411943,-8.974292571937493,
116.633,63.96243209,-22.60523463,312.975,212.828,-0.9918,-4.1002,353.6164,0.0009,-0.0535,-0.0127,67.496,67.551,-8.7207,114.0134,-0.3346,0.0,0.0,0.0,-0.03,1400.1,0.0,10.0,270.0,0,116.633,-0.028079131797735746,0.10177373920846053,-0.03,0.0905789840601452,0.49731622340382736,1.0,0.0,-228.64633178932502,10.412101277616436,166.47500000000002,209.328,5.016776235633028,0.038417907050684624,0.1817336984090798,5.070817550011161,-0.18814789127208087,-6.403599999999983,0.0,-0.09532104098668079,final_approach,-0.8117205075311738,-0.9401722286894962,-8.98863179281744,
116.742,63.96246586,-22.60523486,312.029,211.686,-0.9917,-4.106,353.615,0.001,-0.0537,-0.0127,67.486,67.539,-8.7346,113.993,-0.3346,0.0,0.0,0.0,-0.03,1399.1,0.0,10.0,270.0,0,116.742,-0.028093485232998372,0.1017747033120332,-0.03,0.0905915566401585,0.49672276237765595,1.0,0.0,-224.88176626180356,10.39951863749516,165.529,208.186,5.020947153490874,0.03839247278359134,0.18172248083670936,5.072201329990655,-0.18817798256961282,-6.404999999999973,0.0,-0.09499577537570655,final_approach,-0.8118618058702189,-0.940339514591594,-9.004057356192503,
116.833,63.96249702,-22.60523507,311.155,210.607,-0.9916,-4.1113,353.6137,0.0012,-0.0539,-0.0127,67.476,67.528,-8.7475,113.9741,-0.3346,0.0,0.0,0.0,-0.03,1398.1,0.0,10.0,270.0,0,116.833,-0.028106358228564443,0.1017732314369743,-0.03,0.09060322773531682,0.49617331519288926,1.0,0.0,-221.4081546801652,10.38801743405963,164.65499999999997,207.107,5.02481064456574,0.03906971829926808,0.18171401327932787,5.0733516278314355,-0.18820587088467278,-6.4062999999999874,0.0,-0.09634980578611263,final_approach,-0.8119803902943445,-0.9404759462723202,-9.018341479591436,
116.933,63.96252559,-22.60523526,310.352,209.63,-0.9915,-4.1162,353.6126,0.0013,-0.054,-0.0126,67.468,67.518,-8.7593,113.9568,-0.3346,0.0,0.0,0.0,-0.03,1397.1,0.0,10.0,270.0,0,116.933,-0.028119725468836343,0.10177453700435443,-0.03,0.09061310068742201,0.4956710202390681,1.0,0.0,-218.22326750945453,10.377596889055294,163.85199999999998,206.13,5.028344254470821,0.03844744842452475,0.18170841693297857,5.074611297431962,-0.18823140639324265,-6.407400000000052,0.0,-0.09486345980555229,final_approach,-0.8121150831303794,-0.9406401484794369,-9.031402020843766,
117.033,63.96255674,-22.60523547,309.476,208.553,-0.9914,-4.1216,353.6113,0.0014,-0.0541,-0.0127,67.458,67.507,-8.7722,113.9379,-0.3347,0.0,0.0,0.0,-0.03,1396.1,0.0,10.0,270.0,0,117.033,-0.028130352071772335,0.10177397244439547,-0.03,0.09062476566084521,0.49511930166869655,1.0,0.0,-214.7507706952939,10.366096074747036,162.976,205.053,5.032227473420496,0.03851157193656326,0.18169986203626395,5.075865912644148,-0.18830959884567733,-6.408699999999953,0.0,-0.09533041800505271,final_approach,-0.8122453162508378,-0.9407184316801462,-9.045750206511475,
117.133,63.96258789,-22.60523567,308.598,207.489,-0.9913,-4.127,353.61,0.0015,-0.0541,-0.0127,67.449,67.496,-8.7851,113.9191,-0.3347,0.0,0.0,0.0,-0.03,1395.1,0.0,10.0,270.0,0,117.133,-0.02814453191084504,0.10177486963470884,-0.03,0.09063642731828347,0.4945698326176336,1.0,0.0,-211.2782737093208,10.355085197763369,162.098,203.989,5.036096931778043,0.038542073876380555,0.18169988578852425,5.077116348180853,-0.1883373747168946,-6.409999999999968,0.0,-0.09484583455004869,final_approach,-0.8123863564711016,-0.9408888116549896,-9.060042612196552,
117.25,63.96262423,-22.60523592,307.572,206.244,-0.9911,-4.1333,353.6086,0.0018,-0.0542,-0.0127,67.438,67.483,-8.8002,113.8972,-0.3348,0.0,0.0,0.0,-0.03,1394.0,0.0,10.0,270.0,0,117.25,-0.028159924253227775,0.10177409878611249,-0.03,0.0906489823178459,0.49392812192221003,1.0,0.0,-207.22721330582718,10.341422677291385,161.072,202.744,5.040618696745256,0.03855965553403992,0.18168555847937626,5.078572804765035,-0.18842004659771305,-6.411399999999958,0.0,-0.09477049450159458,final_approach,-0.812531761551476,-0.940983179129887,-9.07673788365491,
117.35,63.96265537,-22.60523613,306.691,205.187,-0.9909,-4.1387,353.6073,0.002,-0.0543,-0.0127,67.428,67.471,-8.8131,113.8784,-0.3348,0.0,0.0,0.0,-0.03,1393.0,0.0,10.0,270.0,0,117.35,-0.02817722216675922,0.10177222196145379,-0.03,0.09066063708813255,0.4933791704380364,1.0,0.0,-203.75583125914437,10.329922251936338,160.19099999999997,201.687,5.044489261873884,0.03858398815941279,0.1816768950149209,5.079811918250644,-0.18844785062933056,-6.4126999999999725,0.0,-0.09524590409236387,final_approach,-0.8126601036028198,-0.9411344150081522,-9.091022969912862,
117.433,63.9626839,-22.60523632,305.883,204.22,-0.9907,-4.1436,353.6061,0.0019,-0.0543,-0.0127,67.42,67.461,-8.825,113.8612,-0.3348,0.0,0.0,0.0,-0.03,1392.1,0.0,10.0,270.0,0,117.433,-0.02819317542322125,0.10177290447633246,-0.03,0.09067139239435795,0.4928742002700835,1.0,0.0,-200.57540315755244,10.319503263614882,159.38299999999998,200.72,5.048051765544801,0.03930694529532692,0.18167101049117673,5.080836465814252,-0.18847329640306043,-6.413900000000012,0.0,-0.09534950755384049,final_approach,-0.8127679029999761,-0.9412582966010898,-9.104166157741995,
117.533,63.96271244,-22.60523651,305.073,203.239,-0.9905,-4.1486,353.605,0.0018,-0.0544,-0.0127,67.411,67.451,-8.8369,113.844,-0.3349,0.0,0.0,0.0,-0.03,1391.1,0.0,10.0,270.0,0,117.533,-0.028207268723975554,0.10177021830610175,-0.03,0.09068124894288387,0.4923711782364697,1.0,0.0,-197.39386028927495,10.309083885992367,158.57299999999998,199.739,5.051602535613271,0.038673737860222844,0.18166516988003556,5.082066861249541,-0.18854907775627794,-6.414999999999964,0.0,-0.09486318868531031,final_approach,-0.8128989730529028,-0.9413414653399901,-9.117261182670628,
117.65,63.96274875,-22.60523675,304.041,201.969,-0.9903,-4.1549,353.6035,0.0017,-0.0544,-0.0127,67.4,67.438,-8.8521,113.8222,-0.3349,0.0,0.0,0.0,-0.03,1390.0,0.0,10.0,270.0,0,117.65,-0.02822636156346553,0.10176750116787854,-0.03,0.0906946858645542,0.4917298030855829,1.0,0.0,-193.346144016402,10.295912470226794,157.541,198.469,5.05613293055948,0.038681668937947555,0.1816592158456012,5.083500928744604,-0.18858135923289865,-6.416500000000042,0.0,-0.09478627098819606,final_approach,-0.8130528615085773,-0.9415243940269775,-9.133961687003326,
117.742,63.96277728,-22.60523694,303.229,200.996,-0.9902,-4.1598,353.6023,0.0017,-0.0545,-0.0127,67.392,67.428,-8.864,113.8051,-0.3349,0.0,0.0,0.0,-0.03,1389.1,0.0,10.0,270.0,0,117.742,-0.02823909869464708,0.10176824769524832,-0.03,0.09070543222307015,0.4912245588795499,1.0,0.0,-190.16571591560222,10.285493481731551,156.72899999999998,197.496,5.059704206467507,0.0387044268468895,0.18165329510499031,5.084623629046113,-0.18860668959683835,-6.417699999999968,0.0,-0.09407447560192714,final_approach,-0.8131716815414727,-0.9416650267626512,-9.147120585111162,
117.842,63.96280839,-22.60523715,302.342,199.91,-0.99,-4.1653,353.601,0.0015,-0.0546,-0.0127,67.383,67.417,-8.877,113.7864,-0.335,0.0,0.0,0.0,-0.03,1388.1,0.0,10.0,270.0,0,117.842,-0.028253300804034542,0.10176764179969862,-0.03,0.09071707092280268,0.49067433662538046,1.0,0.0,-186.6976781705604,10.27399422393211,155.84199999999998,196.41,5.063595942201492,0.03873991526238355,0.1816443846612149,5.08583932208208,-0.18868475213500346,-6.418999999999983,0.0,-0.09370406872902545,final_approach,-0.8132970574607441,-0.9417361983170736,-9.161454054573019,
117.95,63.96284209,-22.60523738,301.38,198.777,-0.9899,-4.1711,353.5997,0.0016,-0.0546,-0.0126,67.373,67.405,-8.8912,113.7662,-0.335,0.0,0.0,0.0,-0.03,1387.0,0.0,10.0,270.0,0,117.95,-0.02826681027376371,0.10176537952202583,-0.03,0.09072870630629748,0.4900759759820049,1.0,0.0,-182.94091601459095,10.261414307701473,154.88,195.277,5.067831255501071,0.03881924003281739,0.18163252819377101,5.087146613567512,-0.18871470314240923,-6.4202999999999975,0.0,-0.09360302544388721,final_approach,-0.8134288894516679,-0.941889453523892,-9.177045341957827,
118.042,63.9628706,-22.60523757,300.564,197.788,-0.9897,-4.1761,353.5985,0.0017,-0.0547,-0.0126,67.364,67.395,-8.9031,113.7492,-0.3351,0.0,0.0,0.0,-0.03,1386.1,0.0,10.0,270.0,0,118.042,-0.02828038472049843,0.10176234640062852,-0.03,0.09073944371685916,0.48957346415203673,1.0,0.0,-179.76271744795454,10.250996097460503,154.06400000000002,194.288,5.071390696389641,0.038797629173308396,0.1816264507209904,5.08825566408557,-0.18879028751234728,-6.421499999999924,0.0,-0.09398694012685445,final_approach,-0.8135459639810492,-0.9419518653472494,-9.190142254915724,
118.133,63.96289911,-22.60523776,299.748,196.773,-0.9895,-4.1811,353.5974,0.0017,-0.0547,-0.0126,67.356,67.385,-8.9151,113.7321,-0.3351,0.0,0.0,0.0,-0.03,1385.2,0.0,10.0,270.0,0,118.133,-0.02829648017979064,0.1017626728859433,-0.03,0.09074928386089265,0.48906523067451724,1.0,0.0,-176.58451888131813,10.240577887219532,153.248,193.273,5.074993113682703,0.03892919151450141,0.18162036129036013,5.0893487414486,-0.18881566554733809,-6.4225999999999885,0.0,-0.09343468083461325,final_approach,-0.8136612214804124,-0.942087066977491,-9.203391257648754,
118.25,63.96293539,-22.605238,298.706,195.535,-0.9894,-4.1874,353.5959,0.0016,-0.0546,-0.0126,67.345,67.372,-8.9304,113.7105,-0.3351,0.0,0.0,0.0,-0.03,1384.0,0.0,10.0,270.0,0,118.25,-0.028311477544948283,0.10175679250910948,-0.03,0.09076269841258999,0.48842696065747754,1.0,0.0,-172.54014691167046,10.227407638836056,152.20600000000002,192.035,5.079520830947514,0.03889073262221333,0.18161414513110005,5.090749136337289,-0.1888477329225111,-6.424099999999953,0.0,-0.09348762748756237,final_approach,-0.8138109676370711,-0.942264085666082,-9.220034467902442,
118.342,63.96296388,-22.60523819,297.887,194.533,-0.9892,-4.1924,353.5947,0.0017,-0.0546,-0.0126,67.336,67.362,-8.9424,113.6935,-0.3352,0.0,0.0,0.0,-0.03,1383.1,0.0,10.0,270.0,0,118.342,-0.02832495054447476,0.10175281018605553,-0.03,0.0907734268749576,0.48792264870079727,1.0,0.0,-169.3641778799895,10.216990206849632,151.387,191.033,5.083101186924682,0.03889509598439544,0.18160791814247254,5.091845434121629,-0.18892337421249294,-6.425299999999993,0.0,-0.09388203289383186,final_approach,-0.8139264073106105,-0.9423239524616509,-9.233188129462695,
118.433,63.96299497,-22.6052384,296.992,193.46,-0.989,-4.1978,353.5935,0.0018,-0.0545,-0.0126,67.327,67.351,-8.9554,113.675,-0.3352,0.0,0.0,0.0,-0.03,1382.1,0.0,10.0,270.0,0,118.433,-0.028340891082977493,0.10175246228860643,-0.03,0.09078415251153016,0.48737160817768116,1.0,0.0,-165.89836966990316,10.205491727304738,150.49200000000002,189.96,5.087016300723979,0.039583118080946486,0.18159878936619409,5.09292565947045,-0.18895086543139428,-6.426500000000033,0.0,-0.09433831162176476,final_approach,-0.8140362194786093,-0.9424477838255108,-9.247564166689918,
118.542,63.96302605,-22.60523861,296.096,192.373,-0.9889,-4.2033,353.5922,0.0017,-0.0544,-0.0126,67.318,67.34,-8.9685,113.6566,-0.3353,0.0,0.0,0.0,-0.03,1381.1,0.0,10.0,270.0,0,118.542,-0.028351700502815214,0.10175073558949209,-0.03,0.09079576876229078,0.48681988313638,1.0,0.0,-162.43367622650246,10.19399363688684,149.596,188.873,5.090939506434268,0.03898471722386112,0.18158958491266944,5.094214627663188,-0.18902862779626162,-6.427799999999934,0.0,-0.09326835668700949,final_approach,-0.814169471401673,-0.9425312539813984,-9.261961886337183,
118.642,63.96305712,-22.60523882,295.199,191.312,-0.9887,-4.2087,353.591,0.0018,-0.0544,-0.0126,67.309,67.329,-8.9816,113.6381,-0.3353,0.0,0.0,0.0,-0.03,1380.2,0.0,10.0,270.0,0,118.642,-0.02836826140044868,0.10174930175340872,-0.03,0.09080648851171558,0.4862674672532351,1.0,0.0,-158.97009755137157,10.182495935596492,148.699,187.812,5.094870944320585,0.03903966083041168,0.1815803045465807,5.095391942692302,-0.1890561450767052,-6.428999999999974,0.0,-0.09297123335182758,final_approach,-0.8142900326604092,-0.9426712152510284,-9.276381545805297,
118.742,63.96308819,-22.60523903,294.3,190.211,-0.9885,-4.2141,353.5897,0.0018,-0.0545,-0.0125,67.3,67.318,-8.9946,113.6197,-0.3354,0.0,0.0,0.0,-0.03,1379.2,0.0,10.0,270.0,0,118.742,-0.028382155276185428,0.10174842045031018,-0.03,0.09081809838467947,0.48571759788663216,1.0,0.0,-155.50651887624065,10.170998234306145,147.8,186.711,5.098787640911033,0.03906087834275699,0.1815710041504386,5.0965644032983715,-0.18913394974481434,-6.430299999999988,0.0,-0.09270112122893377,final_approach,-0.8144100201033453,-0.9427346685817017,-9.290738698549655,
118.842,63.96311925,-22.60523924,293.4,189.121,-0.9883,-4.2195,353.5884,0.0018,-0.0546,-0.0125,67.291,67.307,-9.0077,113.6013,-0.3354,0.0,0.0,0.0,-0.03,1378.3,0.0,10.0,270.0,0,118.842,-0.02839893682329042,0.10174615559570152,-0.03,0.09082970494114595,0.4851670602879414,1.0,0.0,-152.04405496858752,10.15950092214307,146.89999999999998,185.621,5.102712560460802,0.03909226453524515,0.18156162748337343,5.097732018035714,-0.18916134420766184,-6.431600000000003,0.0,-0.09245556475357693,final_approach,-0.8145293607558273,-0.94287297829902,-9.305117339301436,
118.933,63.96314772,-22.60523943,292.573,188.136,-0.9882,-4.2245,353.5873,0.0018,-0.0547,-0.0125,67.282,67.297,-9.0197,113.5845,-0.3354,0.0,0.0,0.0,-0.03,1377.4,0.0,10.0,270.0,0,118.933,-0.02841093275484785,0.10174060722543424,-0.03,0.0908395232831184,0.4846661377509418,1.0,0.0,-148.87031547106992,10.149084268410915,146.07299999999998,184.636,5.106286842977292,0.03912319208796124,0.1815551961110438,5.098790420427111,-0.18918636429461344,-6.432699999999954,0.0,-0.09304152240335119,final_approach,-0.8146402580191605,-0.9430021585988708,-9.318203739084526,
119.033,63.96317877,-22.60523964,291.671,187.023,-0.988,-4.2299,353.5861,0.0018,-0.0546,-0.0125,67.273,67.286,-9.0327,113.5662,-0.3355,0.0,0.0,0.0,-0.03,1376.5,0.0,10.0,270.0,0,119.033,-0.028424438534541463,0.10174101618184357,-0.03,0.09085023149344496,0.48411326393954673,1.0,0.0,-145.40896633089443,10.137587345375117,145.171,183.523,5.110235304830166,0.03918342982809068,0.18154572660021107,5.099949025019042,-0.18926407773776077,-6.433899999999994,0.0,-0.09276502036668367,final_approach,-0.8147584604440326,-0.9430630638984709,-9.332651375599273,
119.133,63.96320982,-22.60523985,290.767,185.944,-0.9878,-4.2353,353.5848,0.0019,-0.0546,-0.0125,67.264,67.276,-9.0458,113.5479,-0.3355,0.0,0.0,0.0,-0.03,1375.5,0.0,10.0,270.0,0,119.133,-0.028441124279377727,0.1017386132262474,-0.03,0.090861828865615,0.4835630020483484,1.0,0.0,-141.94761718992692,10.12609042233904,144.267,182.444,5.114168826908422,0.03920872832050285,0.18153623657763096,5.101102818593408,-0.18929135710263267,-6.435200000000009,0.0,-0.09251365487880411,final_approach,-0.8148760933181372,-0.9431989775062135,-9.347035032739905,
119.233,63.96324087,-22.60524005,289.861,184.864,-0.9876,-4.2408,353.5836,0.0019,-0.0547,-0.0125,67.255,67.265,-9.0588,113.5297,-0.3356,0.0,0.0,0.0,-0.03,1374.6,0.0,10.0,270.0,0,119.233,-0.02845524493959395,0.1017367171171375,-0.03,0.09087253118850214,0.4830154003196035,1.0,0.0,-138.48626787873107,10.115083436628106,143.361,181.364,5.118087094547107,0.03920438633156029,0.1815355188381954,5.10225269441525,-0.1893689633383815,-6.436400000000049,0.0,-0.09228514079891244,final_approach,-0.8150048172885107,-0.9432758709259836,-9.361353465379558,
119.333,63.9632719,-22.60524026,288.955,183.783,-0.9874,-4.2462,353.5823,0.0018,-0.0548,-0.0125,67.246,67.254,-9.0719,113.5115,-0.3356,0.0,0.0,0.0,-0.03,1373.7,0.0,10.0,270.0,0,119.333,-0.028471867441976717,0.1017348974166936,-0.03,0.09088412218255992,0.48246379905927034,1.0,0.0,-135.02714827271896,10.103587291846576,142.45499999999998,180.283,5.122037858234626,0.039254928088832484,0.18152588420885254,5.103397773854751,-0.18939611915229193,-6.43769999999995,0.0,-0.09207740072628481,final_approach,-0.8151212772572833,-0.9434102058412481,-9.375780901795537,
119.45,63.96330811,-22.60524051,287.895,182.519,-0.9872,-4.2526,353.5809,0.0019,-0.0548,-0.0125,67.236,67.242,-9.0871,113.4904,-0.3357,0.0,0.0,0.0,-0.03,1372.6,0.0,10.0,270.0,0,119.45,-0.02848636806519389,0.10173358833993079,-0.03,0.09089660108238373,0.4818246570187475,1.0,0.0,-130.99057984564377,10.08992982985481,141.39499999999998,179.019,5.126620599893773,0.03924056209560321,0.1815102576863771,5.1047312226860235,-0.18947809758498124,-6.439100000000053,0.0,-0.0914767357029866,final_approach,-0.8152511013605874,-0.9434821771762465,-9.392503674329818,
119.55,63.96333914,-22.60524072,286.986,181.435,-0.987,-4.258,353.5796,0.002,-0.0548,-0.0125,67.227,67.231,-9.1002,113.4723,-0.3358,0.0,0.0,0.0,-0.03,1371.7,0.0,10.0,270.0,0,119.55,-0.028499989569436113,0.10173215544703677,-0.03,0.09090818518796595,0.48127219099096896,1.0,0.0,-127.53146023963168,10.078433685073279,140.486,177.935,5.13058626720385,0.03930991392979875,0.18150057289263713,5.105865509233,-0.1895556236724758,-6.440399999999954,0.0,-0.09134248700271587,final_approach,-0.8153662781760573,-0.9435388128518145,-9.406963604680607,
119.642,63.96336758,-22.60524091,286.151,180.44,-0.9869,-4.263,353.5785,0.002,-0.0549,-0.0125,67.219,67.221,-9.1122,113.4558,-0.3358,0.0,0.0,0.0,-0.03,1370.9,0.0,10.0,270.0,0,119.642,-0.028511854121646307,0.10173032944034702,-0.03,0.09091798453288946,0.4807688014231172,1.0,0.0,-124.36106504454722,10.068018198897004,139.651,176.94,5.134203291458507,0.03931084177964606,0.18149386103203158,5.106904956886299,-0.1895802821866539,-6.441499999999905,0.0,-0.09094376288785423,final_approach,-0.8154746688153836,-0.943664765856024,-9.420143130347588,
119.733,63.96339601,-22.6052411,285.315,179.444,-0.9867,-4.268,353.5773,0.002,-0.055,-0.0124,67.211,67.211,-9.1241,113.4393,-0.3359,0.0,0.0,0.0,-0.03,1370.0,0.0,10.0,270.0,0,119.733,-0.028524826325045716,0.10172995485470616,-0.03,0.09092867201900978,0.4802659339023663,1.0,0.0,-121.19178461773261,10.05760310167422,138.815,175.944,5.137820091660728,0.03938321101091507,0.18148707906916942,5.107929336045705,-0.18965545530605254,-6.442700000000059,0.0,-0.09066815607187033,final_approach,-0.8155812680214147,-0.9437120381245876,-9.433312947890288,
119.85,63.96343219,-22.60524134,284.25,178.175,-0.9864,-4.2744,353.5759,0.0022,-0.0552,-0.0124,67.2,67.199,-9.1394,113.4184,-0.336,0.0,0.0,0.0,-0.03,1369.0,0.0,10.0,270.0,0,119.85,-0.028543707377576888,0.10172615731647733,-0.03,0.09094113718091368,0.4796225577981717,1.0,0.0,-117.15856032127803,10.044436744562926,137.75,174.675,5.142452724163573,0.03941853410859037,0.18148001668990182,5.109241573587846,-0.18973723485828486,-6.444099999999935,0.0,-0.09097260497597894,final_approach,-0.8157199592152544,-0.9437976466550655,-9.450168472660057,
119.95,63.9634632,-22.60524155,283.335,177.085,-0.9862,-4.2799,353.5746,0.0023,-0.0554,-0.0124,67.192,67.188,-9.1524,113.4006,-0.336,0.0,0.0,0.0,-0.03,1368.1,0.0,10.0,270.0,0,119.95,-0.02856014526817796,0.10172733717219827,-0.03,0.09095270852975212,0.4790742164052193,1.0,0.0,-113.7016702502214,10.032941378035945,136.83499999999998,173.585,5.146405802319932,0.039437242017756106,0.1814701429361099,5.1103577826361635,-0.18976387761941282,-6.445400000000063,0.0,-0.0899750954327164,final_approach,-0.8158328488367488,-0.9439273821702194,-9.464539510367473,
120.05,63.9634942,-22.60524176,282.419,175.995,-0.986,-4.2854,353.5734,0.0023,-0.0556,-0.0124,67.183,67.178,-9.1655,113.3828,-0.3361,0.0,0.0,0.0,-0.03,1367.2,0.0,10.0,270.0,0,120.05,-0.02857332573154442,0.10172442954500976,-0.03,0.09096338683091065,0.47852520441324164,1.0,0.0,-110.24589494664251,10.021446400636233,135.91899999999998,172.495,5.150368179343082,0.03946833005338055,0.1814601907261763,5.111469275766661,-0.18984106134527678,-6.4465999999999894,0.0,-0.08997735948427549,final_approach,-0.8159451034601801,-0.9439801369939609,-9.478933078217102,
120.15,63.9635252,-22.60524197,281.502,174.903,-0.9858,-4.291,353.5722,0.0023,-0.0556,-0.0124,67.174,67.167,-9.1786,113.3651,-0.3362,0.0,0.0,0.0,-0.03,1366.3,0.0,10.0,270.0,0,120.15,-0.028586480026944527,0.10172259121942862,-0.03,0.09097406230588345,0.47797377796338847,1.0,0.0,-106.79011964306365,10.009951423062462,135.002,171.403,5.154352566246366,0.039530919883289266,0.18145021675104872,5.112576066522544,-0.1899181194235382,-6.447799999999916,0.0,-0.08997941771297732,final_approach,-0.8160567991451089,-0.9440322400269139,-9.49339501586401,
120.25,63.9635562,-22.60524218,280.584,173.809,-0.9855,-4.2965,353.5709,0.0022,-0.0556,-0.0124,67.166,67.157,-9.1917,113.3475,-0.3362,0.0,0.0,0.0,-0.03,1365.4,0.0,10.0,270.0,0,120.25,-0.02860668687552076,0.10172459742931725,-0.03,0.09098562421447698,0.47741988800210816,1.0,0.0,-103.33434433948474,9.998456445662752,134.084,170.309,5.158359467317897,0.039620601688627376,0.1814402209455768,5.113678168395359,-0.1899445032552194,-6.449100000000044,0.0,-0.08907219792089778,final_approach,-0.8161679373280997,-0.9441597302398446,-9.50792675698906,
120.35,63.96358718,-22.60524239,279.664,172.715,-0.9853,-4.302,353.5697,0.0021,-0.0557,-0.0124,67.157,67.146,-9.2048,113.3299,-0.3363,0.0,0.0,0.0,-0.03,1364.5,0.0,10.0,270.0,0,120.35,-0.028619771986440834,0.10172109591056402,-0.03,0.09099629380149732,0.476872320248265,1.0,0.0,-99.8807985708613,9.986962246517589,133.164,169.215,5.162325364501263,0.03962699671279955,0.18143008911764594,5.114775583412473,-0.19002145146768612,-6.45029999999997,0.0,-0.08915654356445331,final_approach,-0.8162783681106909,-0.9442100957625925,-9.522297825814668,
120.458,63.96361817,-22.6052426,278.743,171.619,-0.9851,-4.3076,353.5685,0.002,-0.0558,-0.0123,67.148,67.136,-9.2178,113.3124,-0.3364,0.0,0.0,0.0,-0.03,1363.6,0.0,10.0,270.0,0,120.458,-0.028633407752324758,0.10172113689603184,-0.03,0.09100696056227053,0.47632053591136003,1.0,0.0,-96.42613803476011,9.975467658245153,132.243,168.119,5.166326649201369,0.039197319328730655,0.1814199921939109,5.11595575046913,-0.19009827346951624,-6.45150000000001,0.0,-0.08862716081616967,final_approach,-0.8163981763338555,-0.9442747569456067,-9.536784865054386,
120.533,63.96364398,-22.60524277,277.974,170.705,-0.9849,-4.3122,353.5674,0.002,-0.0559,-0.0122,67.141,67.127,-9.2288,113.2978,-0.3364,0.0,0.0,0.0,-0.03,1362.9,0.0,10.0,270.0,0,120.533,-0.028648023515285004,0.10171770434642963,-0.03,0.09101673594351412,0.47586542592724446,1.0,0.0,-93.54892631972213,9.966134387008893,131.474,167.205,5.1696306218702786,0.040006594260407924,0.18141593460758088,5.116772056188526,-0.1901201928730245,-6.452599999999961,0.0,-0.08905499468135489,final_approach,-0.8164848932548345,-0.9443722272864044,-9.548737793310256,
120.65,63.96368012,-22.60524302,276.896,169.424,-0.9847,-4.3187,353.566,0.002,-0.0561,-0.0122,67.131,67.115,-9.2441,113.2775,-0.3365,0.0,0.0,0.0,-0.03,1361.9,0.0,10.0,270.0,0,120.65,-0.028662079033102583,0.1017152284696141,-0.03,0.09102917390309928,0.4752255854048179,1.0,0.0,-89.52016126419883,9.952479649081823,130.39600000000002,165.924,5.174281486403949,0.03996399170371611,0.1813995600610293,5.118040393696531,-0.1902012588130617,-6.453999999999951,0.0,-0.08872909384397044,final_approach,-0.8166063908249974,-0.9444330457040166,-9.565548756268285,
120.742,63.96370851,-22.60524321,276.048,168.416,-0.9845,-4.3238,353.5649,0.0021,-0.0563,-0.0121,67.124,67.106,-9.2561,113.2617,-0.3366,0.0,0.0,0.0,-0.03,1361.0,0.0,10.0,270.0,0,120.742,-0.02867456727018647,0.1017165524603461,-0.03,0.0910389438868986,0.4747217320711178,1.0,0.0,-86.35533990650306,9.942066108367857,129.548,164.916,5.177948741891913,0.03994690520230736,0.18139237852134668,5.119033168646492,-0.19027558836512526,-6.455099999999902,0.0,-0.08757980863286355,final_approach,-0.8167089003055494,-0.944475434744593,-9.578792094437897,
120.842,63.9637369,-22.6052434,275.199,167.406,-0.9843,-4.329,353.5638,0.0022,-0.0564,-0.0121,67.116,67.097,-9.2681,113.2458,-0.3367,0.0,0.0,0.0,-0.03,1360.2,0.0,10.0,270.0,0,120.842,-0.028687582319060878,0.10171566888448821,-0.03,0.09104871149579896,0.47421661372279256,1.0,0.0,-83.19051854801512,9.931652567827673,128.699,163.906,5.181629572647732,0.0394238055949547,0.18138518249529564,5.120108243000534,-0.19035008908153372,-6.456199999999967,0.0,-0.08689073512078142,final_approach,-0.8168206712414374,-0.9445314976361452,-9.5920733999651,
120.942,63.96377044,-22.60524363,274.194,166.213,-0.9841,-4.335,353.5625,0.0023,-0.0565,-0.012,67.107,67.086,-9.2823,113.2272,-0.3368,0.0,0.0,0.0,-0.03,1359.3,0.0,10.0,270.0,0,120.942,-0.028700417275259626,0.10171455437606401,-0.03,0.09106025197171441,0.47362207798774836,1.0,0.0,-79.45159267089724,9.919078877459073,127.69400000000002,162.713,5.1859676923852716,0.04008337089169536,0.18137170504131792,5.121178386027997,-0.1904286746179764,-6.457499999999982,0.0,-0.08717339556434753,final_approach,-0.8169236278949157,-0.9445681573297424,-9.60771193246962,
121.042,63.96380139,-22.60524384,273.265,165.109,-0.9839,-4.3407,353.5613,0.0024,-0.0565,-0.012,67.099,67.075,-9.2955,113.2101,-0.3369,0.0,0.0,0.0,-0.03,1358.4,0.0,10.0,270.0,0,121.042,-0.028713296312602277,0.10171259278305425,-0.03,0.09107090177458199,0.4730739191919339,1.0,0.0,-76.00139120391488,9.907585845695454,126.76499999999999,161.609,5.1899729698479495,0.04007827151420886,0.18136124789807634,5.122243916197711,-0.19050502681946568,-6.458699999999908,0.0,-0.08652126869485674,final_approach,-0.8170300351066473,-0.9446133668756875,-9.622136536705542,
121.142,63.96383235,-22.60524405,272.335,164.004,-0.9836,-4.3463,353.5601,0.0026,-0.0565,-0.0119,67.09,67.065,-9.3086,113.1931,-0.337,0.0,0.0,0.0,-0.03,1357.5,0.0,10.0,270.0,0,121.142,-0.028730013211844818,0.1017114895598408,-0.03,0.09108154875106633,0.47252130431524986,1.0,0.0,-72.55007497024688,9.896092424804838,125.83499999999998,160.504,5.194016295537022,0.04013743574362843,0.18135082520456886,5.1233048523308415,-0.19058125139076765,-6.4599000000000615,0.0,-0.08683751699532509,final_approach,-0.8171359695101756,-0.9446580571809289,-9.636684271600684,
121.233,63.96386071,-22.60524424,271.481,162.992,-0.9834,-4.3514,353.559,0.0027,-0.0566,-0.0119,67.083,67.056,-9.3207,113.1775,-0.3371,0.0,0.0,0.0,-0.03,1356.7,0.0,10.0,270.0,0,121.233,-0.028742283774915833,0.1017103336193294,-0.03,0.09109130599659188,0.4720196487058831,1.0,0.0,-69.38859791419219,9.885680051472415,124.981,159.492,5.197691617129691,0.040179221348021724,0.1813433825103777,5.124266408753883,-0.19065538784838054,-6.461000000000013,0.0,-0.08593620426148872,final_approach,-0.8172346150419116,-0.9446949243590232,-9.64989566182983,
121.333,63.96389166,-22.60524445,270.548,161.886,-0.9831,-4.3571,353.5578,0.0028,-0.0566,-0.0119,67.075,67.046,-9.3339,113.1606,-0.3372,0.0,0.0,0.0,-0.03,1355.8,0.0,10.0,270.0,0,121.333,-0.028758941379642244,0.10170916446368336,-0.03,0.09110194755578371,0.4714699420686387,1.0,0.0,-65.93839644720983,9.874187019708796,124.048,158.386,5.201724365485355,0.040203931716125386,0.1813328603181857,5.125318806756522,-0.1907315060916801,-6.462199999999939,0.0,-0.08539654932862249,final_approach,-0.8173394557339186,-0.9447381293905597,-9.664378229285925,
121.433,63.96392259,-22.60524466,269.614,160.779,-0.9828,-4.3627,353.5566,0.0028,-0.0567,-0.0118,67.066,67.036,-9.347,113.1437,-0.3372,0.0,0.0,0.0,-0.03,1354.9,0.0,10.0,270.0,0,121.433,-0.028778495519707126,0.10170636717442413,-0.03,0.09111258628853669,0.4709213629256038,1.0,0.0,-62.49042451518291,9.862694766199722,123.11399999999998,157.279,5.205754547849362,0.040220247036781856,0.1813221994190244,5.126366630675903,-0.19075700769158743,-6.463399999999979,0.0,-0.08581504484420188,final_approach,-0.817443598222642,-0.9448564229281793,-9.678837137992133,
121.533,63.96395353,-22.60524487,268.679,159.671,-0.9825,-4.3684,353.5555,0.0027,-0.0568,-0.0118,67.058,67.026,-9.3602,113.1269,-0.3373,0.0,0.0,0.0,-0.03,1354.0,0.0,10.0,270.0,0,121.533,-0.028794805591382755,0.10170681686700757,-0.03,0.09112233597726271,0.470368174498132,1.0,0.0,-59.04133781647037,9.851202123563654,122.17899999999997,156.171,5.209824459100489,0.04030005794919747,0.18131157266865497,5.127409899173848,-0.19083301284837262,-6.464500000000044,0.0,-0.08528640440381628,final_approach,-0.8175472718649104,-0.9448980425125413,-9.693423730835512,
121.633,63.96398446,-22.60524508,267.742,158.563,-0.9823,-4.374,353.5543,0.0028,-0.057,-0.0118,67.05,67.016,-9.3733,113.1102,-0.3374,0.0,0.0,0.0,-0.03,1353.1,0.0,10.0,270.0,0,121.633,-0.028807511597925606,0.10170679723067602,-0.03,0.09113296929262071,0.46981993933592003,1.0,0.0,-55.59336588444345,9.83970987005458,121.24200000000002,155.063,5.2138638346204385,0.04031567415758001,0.18130086451953983,5.128448619295223,-0.19090888948360885,-6.46569999999997,0.0,-0.08480582218529684,final_approach,-0.8176503255468397,-0.9449389228507723,-9.707885934791326,
121.742,63.96402053,-22.60524532,266.648,157.274,-0.982,-4.3806,353.5529,0.0028,-0.0571,-0.0117,67.041,67.005,-9.3887,113.0908,-0.3375,0.0,0.0,0.0,-0.03,1352.1,0.0,10.0,270.0,0,121.742,-0.028825186584695683,0.10170718387779593,-0.03,0.09114537125483146,0.4691772797520247,1.0,0.0,-51.57240402945183,9.826547793168956,120.14800000000002,153.774,5.218606538894061,0.04084823652829281,0.18129277425252732,5.129576168371976,-0.19098887069978332,-6.467099999999959,0.0,-0.0846024571993104,final_approach,-0.8177668376920089,-0.9449938734943988,-9.724847004713675,
121.842,63.96404888,-22.60524552,265.787,156.26,-0.9817,-4.3858,353.5518,0.0027,-0.0572,-0.0117,67.034,66.996,-9.4007,113.0756,-0.3376,0.0,0.0,0.0,-0.03,1351.3,0.0,10.0,270.0,0,121.842,-0.02884107664455343,0.10171018391491414,-0.03,0.09115511295478496,0.4686706203307975,1.0,0.0,-48.4120419118952,9.815645871813,119.28699999999998,152.76,5.222351475486879,0.040281758094940556,0.18127611597627133,5.1306051927416965,-0.19106252533697443,-6.468200000000024,0.0,-0.08327496109027417,final_approach,-0.8178609753787995,-0.9450246845478105,-9.73822491851301,
121.942,63.96407979,-22.60524573,264.846,155.153,-0.9814,-4.3915,353.5507,0.0027,-0.0573,-0.0116,67.026,66.986,-9.4139,113.0591,-0.3377,0.0,0.0,0.0,-0.03,1350.4,0.0,10.0,270.0,0,121.942,-0.028857260264376294,0.10170829770065568,-0.03,0.09116485227966709,0.4681231445281427,1.0,0.0,-44.966299514823746,9.804154396558472,118.346,151.653,5.226404032776253,0.040322393894741466,0.18126521562806433,5.131629696995364,-0.19113816756075153,-6.469299999999976,0.0,-0.082977237354804,final_approach,-0.8179621731824867,-0.945063125803026,-9.752686738335571,
122.042,63.9641107,-22.60524594,263.904,154.045,-0.9812,-4.3972,353.5495,0.0027,-0.0574,-0.0115,67.018,66.976,-9.4271,113.0427,-0.3378,0.0,0.0,0.0,-0.03,1349.5,0.0,10.0,270.0,0,122.042,-0.028869844216538654,0.10170770771745184,-0.03,0.0911754742889459,0.46757286058663067,1.0,0.0,-41.52055711775228,9.792662921303947,117.404,150.545,5.230483677233158,0.040401402340458435,0.18125429101265475,5.1326496937733115,-0.19121368040725883,-6.470499999999902,0.0,-0.08270657941345354,final_approach,-0.81806283075138,-0.9451009490268891,-9.767229287847393,
122.142,63.96414161,-22.60524615,262.96,152.935,-0.9809,-4.403,353.5484,0.0028,-0.0575,-0.0115,67.01,66.967,-9.4403,113.0263,-0.3378,0.0,0.0,0.0,-0.03,1348.6,0.0,10.0,270.0,0,122.142,-0.02888891201668603,0.101705774708962,-0.03,0.09118520864772872,0.4670257122932325,1.0,0.0,-38.07481472068082,9.781171446049422,116.45999999999998,149.435,5.234546434351035,0.0404390971468442,0.1812433420489139,5.133665195665625,-0.1912385231884457,-6.471599999999967,0.0,-0.08246052673949959,final_approach,-0.8181629493992659,-0.9452141805167464,-9.781695562791965,
122.242,63.96417251,-22.60524636,262.015,151.824,-0.9806,-4.4087,353.5472,0.0028,-0.0576,-0.0114,67.002,66.957,-9.4534,113.01,-0.3379,0.0,0.0,0.0,-0.03,1347.7,0.0,10.0,270.0,0,122.242,-0.02890529250000473,0.10170594479001907,-0.03,0.09119582523941261,0.4664777314094837,1.0,0.0,-34.630187091087095,9.769680359922168,115.51499999999999,148.324,5.238621826716761,0.040491568231912856,0.1812323104627335,5.134676209393013,-0.19131392092359079,-6.4728000000000065,0.0,-0.08223684249046244,final_approach,-0.8182624532726592,-0.945250441440324,-9.79619051971096,
122.342,63.9642034,-22.60524657,261.069,150.712,-0.9803,-4.4144,353.5461,0.0027,-0.0577,-0.0114,66.994,66.947,-9.4666,112.9938,-0.338,0.0,0.0,0.0,-0.03,1346.8,0.0,10.0,270.0,0,122.342,-0.028921360207774693,0.101704867496318,-0.03,0.09120555463203572,0.4659288937056086,1.0,0.0,-31.186674228178997,9.758189662921913,114.56900000000002,147.212,5.242710162515028,0.04055686652370583,0.18122119598936756,5.135682741627306,-0.19138918873184707,-6.473899999999958,0.0,-0.08203349317314405,final_approach,-0.8183613427766652,-0.945285973646671,-9.810714910996818,
122.442,63.9642343,-22.60524678,260.122,149.598,-0.9801,-4.4201,353.5449,0.0028,-0.0576,-0.0113,66.986,66.938,-9.4798,112.9777,-0.3381,0.0,0.0,0.0,-0.03,1346.0,0.0,10.0,270.0,0,122.442,-0.02893383272095046,0.10170607822040051,-0.03,0.09121616580606051,0.46537504317991657,1.0,0.0,-27.742046598585326,9.7466985766206,113.62200000000001,146.098,5.246842606543953,0.04068479548463023,0.1812101149888955,5.1366848106541045,-0.191464326357476,-6.475099999999998,0.0,-0.08184863015740007,final_approach,-0.818459772950682,-0.9453210107341761,-9.825378911941275,
122.542,63.96426518,-22.60524699,259.173,148.483,-0.9798,-4.4259,353.5438,0.0029,-0.0577,-0.0112,66.979,66.928,-9.493,112.9616,-0.3382,0.0,0.0,0.0,-0.03,1345.1,0.0,10.0,270.0,0,122.542,-0.028949838249212156,0.10170703152930012,-0.03,0.09122589023246841,0.464828493492541,1.0,0.0,-24.29964850394704,9.735208268747895,112.673,144.983,5.250927340823405,0.04071188670294479,0.1811988924406239,5.137682417195987,-0.19153948540071042,-6.476200000000063,0.0,-0.0807714819612768,final_approach,-0.8185575137801422,-0.94535497867132,-9.839856538580806,
122.633,63.9642935,-22.60524718,258.303,147.462,-0.9795,-4.4312,353.5428,0.003,-0.0579,-0.0112,66.972,66.92,-9.505,112.9469,-0.3382,0.0,0.0,0.0,-0.03,1344.3,0.0,10.0,270.0,0,122.633,-0.028968263716736053,0.10171256027412186,-0.03,0.09123472855901671,0.4643171170548419,1.0,0.0,-21.142630517803195,9.724797452098626,111.803,143.962,5.254755374386582,0.04093762273446293,0.18119094303986003,5.138586489680453,-0.1915618110720061,-6.477200000000039,0.0,-0.08042162695780955,final_approach,-0.818649010370958,-0.9454590267847554,-9.853408757999706,
122.733,63.96432437,-22.60524739,257.351,146.346,-0.9792,-4.4369,353.5417,0.0029,-0.0581,-0.0111,66.964,66.91,-9.5182,112.931,-0.3383,0.0,0.0,0.0,-0.03,1343.4,0.0,10.0,270.0,0,122.733,-0.0289842211515266,0.10170931902845103,-0.03,0.09124444845100332,0.46377365397451836,1.0,0.0,-17.70134718985055,9.713307533352918,110.851,142.846,5.25883023483848,0.04090611969854904,0.18117961640058416,5.139575829688243,-0.1916367005446773,-6.47829999999999,0.0,-0.08038329723436767,final_approach,-0.8187456820986725,-0.9454917920193378,-9.867818072955323,
122.842,63.96435782,-22.60524762,256.319,145.137,-0.9789,-4.4432,353.5405,0.0029,-0.0582,-0.0111,66.956,66.9,-9.5324,112.9138,-0.3384,0.0,0.0,0.0,-0.03,1342.4,0.0,10.0,270.0,0,122.842,-0.029000648449959643,0.10171306454336226,-0.03,0.0912550492606381,0.46317699073886576,1.0,0.0,-13.972454219240113,9.700737345129502,109.81900000000002,141.637,5.263311975779166,0.040941247976139634,0.1811650736895386,5.140649030539202,-0.19171358804726424,-6.479499999999916,0.0,-0.07974795161422579,final_approach,-0.8188475822156569,-0.9455294164050887,-9.883646036163437,
122.942,63.96438869,-22.60524783,255.365,144.018,-0.9786,-4.449,353.5394,0.0029,-0.0583,-0.0111,66.949,66.891,-9.5455,112.898,-0.3384,0.0,0.0,0.0,-0.03,1341.6,0.0,10.0,270.0,0,122.942,-0.0290194898263903,0.1017176900107316,-0.03,0.09126476418630292,0.4626266248351144,1.0,0.0,-10.531170891287468,9.689247426383794,108.86500000000001,140.518,5.267453485124207,0.04102022222185247,0.1811536914992324,5.141628902920662,-0.1917376191057656,-6.480599999999981,0.0,-0.07886177419475562,final_approach,-0.8189431132132974,-0.9456369677315255,-9.898253458488258,
123.042,63.96441956,-22.60524804,254.41,142.899,-0.9783,-4.4548,353.5382,0.0028,-0.0586,-0.0111,66.941,66.881,-9.5587,112.8823,-0.3385,0.0,0.0,0.0,-0.03,1340.7,0.0,10.0,270.0,0,123.042,-0.02903564496205291,0.1017191572233374,-0.03,0.09127535957810218,0.46207307790293467,1.0,0.0,-7.089887563334824,9.677757507638084,107.91,139.399,5.271626322590246,0.04113824762827521,0.18114228371714997,5.142604368282641,-0.19181226137396834,-6.481800000000021,0.0,-0.078965249267955,final_approach,-0.819038113569885,-0.9456675906708458,-9.912952761489523,
123.15,63.96445042,-22.60524825,253.454,141.778,-0.9781,-4.4606,353.5371,0.0027,-0.0588,-0.011,66.934,66.872,-9.5718,112.8667,-0.3386,0.0,0.0,0.0,-0.03,1339.8,0.0,10.0,270.0,0,123.15,-0.0290481382381666,0.10172584358235329,-0.03,0.0912850695373888,0.4615184514045805,1.0,0.0,-3.6497190036519966,9.666267978019926,106.95400000000001,138.278,5.275814839183846,0.04074563319887104,0.18113079151162054,5.143653118040079,-0.19188677211636218,-6.482899999999972,0.0,-0.07767884613585534,final_approach,-0.8191412667752189,-0.9457106750779083,-9.927688311891021,
123.25,63.96448385,-22.60524848,252.416,140.563,-0.9778,-4.467,353.536,0.0028,-0.059,-0.011,66.926,66.862,-9.5861,112.8499,-0.3387,0.0,0.0,0.0,-0.03,1338.9,0.0,10.0,270.0,0,123.25,-0.029063589564351344,0.10172809566837882,-0.03,0.09129477712143264,0.460922104423319,1.0,0.0,0.07694443279507825,9.653698568050782,105.916,137.063,5.280326972450544,0.04147491644355514,0.18111600464781927,5.1446192081113935,-0.1919631320138535,-6.483999999999924,0.0,-0.07788986012350123,final_approach,-0.8192307674423915,-0.945730441609177,-9.943540871411923,
123.333,63.96450956,-22.60524866,251.617,139.632,-0.9775,-4.4719,353.535,0.0029,-0.0592,-0.0109,66.92,66.854,-9.5971,112.837,-0.3387,0.0,0.0,0.0,-0.03,1338.1,0.0,10.0,270.0,0,123.333,-0.029080988087131665,0.10173176249916997,-0.03,0.09130360013666516,0.4604602272566902,1.0,0.0,2.943008302827499,9.643879250762108,105.11699999999999,136.132,5.2838278375434635,0.041592279953805725,0.18110174295506876,5.145417206300889,-0.1919827914436496,-6.4849999999999,0.0,-0.0773807052601384,final_approach,-0.8193020037218233,-0.9458080242067659,-9.955825012006924,
123.433,63.96454041,-22.60524887,250.656,138.513,-0.9772,-4.4778,353.5339,0.0029,-0.0593,-0.0109,66.912,66.845,-9.6103,112.8216,-0.3388,0.0,0.0,0.0,-0.03,1337.3,0.0,10.0,270.0,0,123.433,-0.029096744752056924,0.10173120773008285,-0.03,0.0913133031861223,0.45991183141517566,1.0,0.0,6.382062095032601,9.632390110271226,104.156,135.013,5.28799157218649,0.041599791033215094,0.18109010823024305,5.1463748264362446,-0.19205705067568601,-6.486099999999965,0.0,-0.07761882296375754,final_approach,-0.8193946932647762,-0.9458357473199843,-9.97041727291875,
123.533,63.96456869,-22.60524906,249.775,137.487,-0.977,-4.4832,353.5329,0.0028,-0.0594,-0.0109,66.906,66.837,-9.6225,112.8075,-0.3388,0.0,0.0,0.0,-0.03,1336.5,0.0,10.0,270.0,0,123.533,-0.029111643244489838,0.10173688413072034,-0.03,0.09132212207898327,0.4594006859699671,1.0,0.0,9.534621012057634,9.621980850130774,103.275,133.987,5.291879499235656,0.0411463709429564,0.18108172998334485,5.147328416679792,-0.19207855624782155,-6.487100000000055,0.0,-0.07601711178523464,final_approach,-0.8194912095584748,-0.9459485793639661,-9.984025307694596,
123.633,63.9646021,-22.60524929,248.731,136.272,-0.9767,-4.4896,353.5318,0.0028,-0.0595,-0.0108,66.898,66.827,-9.6368,112.791,-0.3389,0.0,0.0,0.0,-0.03,1335.5,0.0,10.0,270.0,0,123.633,-0.0291269828608548,0.10173819253837141,-0.03,0.09133182059380829,0.45880718449669033,1.0,0.0,13.259054913549257,9.609412218416173,102.231,132.772,5.296402466056841,0.041826920487771736,0.18106670077952247,5.148277325368811,-0.19215452689564927,-6.488200000000006,0.0,-0.0763791925320408,final_approach,-0.8195784540416646,-0.9459655375967895,-9.999834403758522,
123.733,63.96463294,-22.6052495,247.767,135.15,-0.9764,-4.4955,353.5307,0.0028,-0.0597,-0.0108,66.891,66.818,-9.6501,112.7759,-0.339,0.0,0.0,0.0,-0.03,1334.7,0.0,10.0,270.0,0,123.733,-0.029142664466266177,0.10174281410387723,-0.03,0.09134151673333324,0.4582507702226918,1.0,0.0,16.696993939068722,9.597923467052286,101.267,131.65,5.300651322656424,0.04193719473911393,0.18105492774971782,5.149221893725887,-0.1922283817166317,-6.489299999999957,0.0,-0.07579926593821,final_approach,-0.8196694898708259,-0.9459913814628393,-10.014664019530507,
123.833,63.96466377,-22.60524971,246.801,134.026,-0.9761,-4.5015,353.5296,0.0029,-0.0597,-0.0107,66.884,66.809,-9.6634,112.7608,-0.339,0.0,0.0,0.0,-0.03,1333.8,0.0,10.0,270.0,0,123.833,-0.02916125828838617,0.10174501901477874,-0.03,0.09135121049754669,0.45769993529921377,1.0,0.0,20.13381819711046,9.586435104815672,100.30099999999999,130.526,5.3048658157357895,0.04197181741487191,0.18104306886427618,5.150162127633228,-0.19225144498767577,-6.490399999999909,0.0,-0.07527205994383218,final_approach,-0.8197599240201718,-0.9460927214495438,-10.029353038931797,
123.933,63.9646946,-22.60524992,245.834,132.901,-0.9759,-4.5074,353.5285,0.0029,-0.0599,-0.0107,66.877,66.8,-9.6767,112.7458,-0.3391,0.0,0.0,0.0,-0.03,1332.9,0.0,10.0,270.0,0,123.933,-0.029173021249145503,0.10174892223106251,-0.03,0.0913609018864382,0.45714552987991053,1.0,0.0,23.5706424551522,9.574946742579055,99.334,129.401,5.309116020624893,0.042060189327565604,0.18103118308038282,5.151098038849156,-0.19232517972758956,-6.491499999999974,0.0,-0.07479278176712417,final_approach,-0.8198498353258721,-0.9461170543994122,-10.04414550070547,
124.033,63.96472542,-22.60525013,244.866,131.775,-0.9756,-4.5134,353.5275,0.0029,-0.06,-0.0106,66.87,66.792,-9.69,112.7309,-0.3392,0.0,0.0,0.0,-0.03,1332.0,0.0,10.0,270.0,0,124.033,-0.029188332497273595,0.10175350896931329,-0.03,0.09136971017873596,0.4565898174803569,1.0,0.0,27.006351945716155,9.563458769295654,98.36600000000001,128.275,5.3133848113925,0.04216480905231619,0.18101921100404691,5.152029633153397,-0.19239878116059117,-6.492500000000064,0.0,-0.07435707433374124,final_approach,-0.8199391463565355,-0.94614068492705,-10.058981205749683,
124.133,63.96475624,-22.60525034,243.896,130.647,-0.9753,-4.5193,353.5264,0.003,-0.0601,-0.0105,66.863,66.783,-9.7034,112.7161,-0.3392,0.0,0.0,0.0,-0.03,1331.2,0.0,10.0,270.0,0,124.133,-0.02920685307812193,0.10175502206057799,-0.03,0.09137939703288778,0.45603739587052067,1.0,0.0,30.442061436280163,9.551970796186314,97.39599999999999,127.14699999999999,5.317636939718517,0.0422242214202916,0.18100721172293133,5.1529569222151785,-0.19242141755910325,-6.493600000000015,0.0,-0.0739609766670424,final_approach,-0.8200279361097493,-0.946240193393308,-10.073737449974699,
124.233,63.96478706,-22.60525056,242.925,129.518,-0.975,-4.5253,353.5254,0.0029,-0.0603,-0.0104,66.856,66.774,-9.7167,112.7013,-0.3393,0.0,0.0,0.0,-0.03,1330.3,0.0,10.0,270.0,0,124.233,-0.029221394057396377,0.10176001065688568,-0.03,0.09138820120267621,0.45548122329715296,1.0,0.0,33.87777075582378,9.539992885752103,96.42500000000001,126.018,5.321926736471946,0.042336512439291464,0.18098589045357014,5.153878988186485,-0.19249489805673647,-6.494599999999991,0.0,-0.07360088787913346,final_approach,-0.8201038814807227,-0.9462439010763664,-10.088602429674065,
124.333,63.96481787,-22.60525077,241.953,128.388,-0.9747,-4.5313,353.5243,0.0029,-0.0604,-0.0104,66.849,66.765,-9.7301,112.6867,-0.3393,0.0,0.0,0.0,-0.03,1329.5,0.0,10.0,270.0,0,124.333,-0.02923985787329786,0.1017640569840151,-0.03,0.0913978835220488,0.45492362175694406,1.0,0.0,37.31236547891007,9.528505301770034,95.453,124.888,5.3262365350482055,0.042463424659842396,0.18097376640670637,5.154796768199867,-0.19251724683692828,-6.4956999999999425,0.0,-0.07327353443556786,final_approach,-0.8201914348647072,-0.9463419823490984,-10.103514291691557,
124.433,63.96484868,-22.60525098,240.979,127.256,-0.9744,-4.5373,353.5233,0.0029,-0.0604,-0.0103,66.842,66.757,-9.7435,112.6721,-0.3394,0.0,0.0,0.0,-0.03,1328.6,0.0,10.0,270.0,0,124.433,-0.029255056907566857,0.1017667228714623,-0.03,0.09140668356929271,0.4543693018406704,1.0,0.0,40.74696020278844,9.51701771778769,94.47900000000001,123.756,5.3305300020690005,0.042541965584526435,0.180961614721176,5.155710273777985,-0.19259045273756215,-6.496699999999919,0.0,-0.07297594039597478,final_approach,-0.8202784698767154,-0.9463627841970101,-10.11834710569862,
124.542,63.96487949,-22.60525119,240.004,126.122,-0.9741,-4.5434,353.5223,0.0028,-0.0606,-0.0102,66.836,66.748,-9.7569,112.6576,-0.3395,0.0,0.0,0.0,-0.03,1327.7,0.0,10.0,270.0,0,124.542,-0.029270768564536198,0.10177436184245266,-0.03,0.09141548165340829,0.4538110285912475,1.0,0.0,44.181554925874735,9.505530133805621,93.50399999999999,122.622,5.334863314561157,0.04207749806685571,0.18094943530227622,5.1567013482312065,-0.19266352434885903,-6.497700000000009,0.0,-0.07134593413812597,final_approach,-0.8203742153626692,-0.9463968903940163,-10.133294573339333,
124.642,63.96491285,-22.60525142,238.946,124.892,-0.9738,-4.5499,353.5212,0.0029,-0.0607,-0.0101,66.828,66.739,-9.7714,112.642,-0.3395,0.0,0.0,0.0,-0.03,1326.8,0.0,10.0,270.0,0,124.642,-0.029288781200225322,0.1017764360222935,-0.03,0.09142515727851053,0.45321060953035697,1.0,0.0,47.90041498997778,9.49296344790145,92.446,121.392,5.339534237065885,0.04284945256359299,0.18093377057528381,5.15760572079463,-0.1926874366965592,-6.49879999999996,0.0,-0.07213266739829272,final_approach,-0.8204556019349276,-0.9464833434765154,-10.149380507289106,
124.733,63.96494108,-22.60525161,238.05,123.85,-0.9735,-4.5554,353.5203,0.0029,-0.0608,-0.01,66.822,66.731,-9.7837,112.6289,-0.3396,0.0,0.0,0.0,-0.03,1326.0,0.0,10.0,270.0,0,124.733,-0.02930345471329926,0.10178259681868569,-0.03,0.09143307193221839,0.45269714896800917,1.0,0.0,51.04740007040621,9.48255613322303,91.55000000000001,120.35,5.343537397470194,0.04303967274861505,0.18092481366745658,5.158425141485292,-0.19275839288627594,-6.499699999999962,0.0,-0.07156915817427179,final_approach,-0.8205362275566017,-0.9464978882902066,-10.163145052249368,
124.842,63.96497444,-22.60525184,236.989,122.617,-0.9732,-4.562,353.5192,0.0031,-0.061,-0.0099,66.815,66.722,-9.7982,112.6135,-0.3396,0.0,0.0,0.0,-0.03,1325.1,0.0,10.0,270.0,0,124.842,-0.029321951452452866,0.10178923875006567,-0.03,0.09144274323839274,0.45209399784766824,1.0,0.0,54.76626013450921,9.469989447144796,90.489,119.117,5.3482502400951075,0.043072575340839275,0.18090908254813778,5.159401953468976,-0.1927820176126147,-6.500800000000027,0.0,-0.07090106956627322,final_approach,-0.8206256953277098,-0.9465969297254233,-10.179323878779483,
124.942,63.96500523,-22.60525205,236.008,121.478,-0.9729,-4.5681,353.5182,0.0031,-0.0612,-0.0099,66.809,66.714,-9.8117,112.5993,-0.3397,0.0,0.0,0.0,-0.03,1324.2,0.0,10.0,270.0,0,124.942,-0.029337014462188504,0.10179456100231575,-0.03,0.0914515332735949,0.45153816314700856,1.0,0.0,58.19862532343213,9.458502641417,89.50800000000001,117.978,5.352603461427244,0.04314918167092759,0.18089666616534095,5.160293613573947,-0.19285469138227995,-6.501800000000003,0.0,-0.06991006324206708,final_approach,-0.8207099188054983,-0.946614302846351,-10.194243070035192,
125.042,63.96503602,-22.60525226,235.026,120.337,-0.9726,-4.5742,353.5172,0.0031,-0.0613,-0.0098,66.802,66.705,-9.8251,112.5853,-0.3397,0.0,0.0,0.0,-0.03,1323.3,0.0,10.0,270.0,0,125.042,-0.029355017382949045,0.1018005307357643,-0.03,0.09146032134562765,0.45097802575708756,1.0,0.0,61.63099051156296,9.447015835689479,88.52600000000001,116.837,5.357000309451669,0.04328573143314695,0.18088422129832357,5.1611810569918655,-0.19287618576024101,-6.502799999999979,0.0,-0.06991823931096117,final_approach,-0.8207936293152969,-0.9467078885828268,-10.209287131654632,
125.133,63.9650668,-22.60525248,234.043,119.201,-0.9723,-4.5803,353.5162,0.003,-0.0614,-0.0098,66.796,66.697,-9.8386,112.5713,-0.3398,0.0,0.0,0.0,-0.03,1322.5,0.0,10.0,270.0,0,125.133,-0.029368788479674224,0.10180886947516975,-0.03,0.09146910745448356,0.4504160847257469,1.0,0.0,65.06224076198777,9.435039481764086,87.543,115.701,5.361421462604826,0.044168792958314385,0.1808622961883185,5.161983943405461,-0.19294858234508183,-6.503799999999956,0.0,-0.06955604173124404,final_approach,-0.8208553414564861,-0.946691817007606,-10.22438919023363,
125.233,63.96509501,-22.60525267,233.141,118.159,-0.972,-4.5859,353.5153,0.003,-0.0617,-0.0097,66.79,66.689,-9.8509,112.5586,-0.3398,0.0,0.0,0.0,-0.03,1321.7,0.0,10.0,270.0,0,125.233,-0.02938681344306221,0.10181740573432477,-0.03,0.09147701327393165,0.44989860522207803,1.0,0.0,68.20699630666871,9.424632945514547,86.64099999999999,114.659,5.365501912893496,0.04360807794637732,0.18085309235714644,5.16286263949649,-0.19296809603531528,-6.504699999999957,0.0,-0.06868731066476705,final_approach,-0.8209423264201838,-0.9467933074867805,-10.23830489791394,
125.35,63.96513091,-22.60525292,231.99,116.83,-0.9717,-4.5931,353.5142,0.003,-0.062,-0.0096,66.783,66.68,-9.8667,112.5425,-0.3399,0.0,0.0,0.0,-0.03,1320.7,0.0,10.0,270.0,0,125.35,-0.02940229955041407,0.10182370208029,-0.03,0.09148667378263453,0.44924936142568805,1.0,0.0,72.20900694510279,9.41098754646715,85.49000000000001,113.33,5.370633870037369,0.04365054521724246,0.18083362593790672,5.163885009437188,-0.19304375007826025,-6.505799999999908,0.0,-0.06788201513425256,final_approach,-0.8210320206274169,-0.9468144267318355,-10.255775622544874,
125.45,63.96516168,-22.60525313,231.003,115.69,-0.9714,-4.5992,353.5132,0.0032,-0.0622,-0.0096,66.776,66.672,-9.8802,112.5288,-0.3399,0.0,0.0,0.0,-0.03,1319.8,0.0,10.0,270.0,0,125.45,-0.029420185318587033,0.10183129059036249,-0.03,0.09149545400191561,0.44868304643816304,1.0,0.0,75.63914259907024,9.3995015189939,84.50299999999999,112.19,5.375121840967802,0.0438554058984232,0.18082092949332812,5.164754152355064,-0.1930648174401881,-6.506799999999998,0.0,-0.06807455921296088,final_approach,-0.8211133366477803,-0.9469050528550333,-10.271025525268342,
125.558,63.96519245,-22.60525334,230.014,114.548,-0.971,-4.6054,353.5123,0.0034,-0.0623,-0.0095,66.77,66.664,-9.8937,112.5152,-0.34,0.0,0.0,0.0,-0.03,1319.0,0.0,10.0,270.0,0,125.558,-0.029439124023002305,0.10184071520502706,-0.03,0.09150335452072633,0.44811989124085555,1.0,0.0,79.06927825303771,9.388015491520648,83.51400000000001,111.048,5.379595567850708,0.04345007109267619,0.18080820377038456,5.165688323413788,-0.19313665833675486,-6.5077,0.0,-0.06693646797137857,final_approach,-0.8212019469463634,-0.9469302774041726,-10.286200361174973,
125.633,63.96521808,-22.60525352,229.189,113.594,-0.9708,-4.6106,353.5115,0.0033,-0.0625,-0.0095,66.765,66.657,-9.905,112.504,-0.34,0.0,0.0,0.0,-0.03,1318.3,0.0,10.0,270.0,0,125.633,-0.02945113672379024,0.1018477898794868,-0.03,0.09151037586912802,0.4476506806402841,1.0,0.0,81.92642398324834,9.378199287250165,82.689,110.094,5.383331319276549,0.044510062412434465,0.1807927837224661,5.166333561384438,-0.19315389433518249,-6.508499999999913,0.0,-0.06691194058003654,final_approach,-0.821254433983384,-0.9469833020318941,-10.298851456205098,
125.733,63.96524884,-22.60525373,228.198,112.449,-0.9704,-4.6168,353.5105,0.0032,-0.0628,-0.0094,66.759,66.649,-9.9186,112.4905,-0.34,0.0,0.0,0.0,-0.03,1317.4,0.0,10.0,270.0,0,125.733,-0.02947280392104451,0.10185801669528115,-0.03,0.09151915078773443,0.4470826166857482,1.0,0.0,85.35544486973808,9.366713648904186,81.69800000000001,108.949,5.387864370165295,0.04464680349160475,0.18077993815176452,5.167190443328334,-0.1931746744307361,-6.509500000000003,0.0,-0.06628358234548751,final_approach,-0.8213341712830662,-0.9470719854379706,-10.314177334841414,
125.833,63.9652796,-22.60525394,227.205,111.309,-0.9701,-4.6231,353.5096,0.0032,-0.0631,-0.0094,66.753,66.641,-9.9322,112.4772,-0.3401,0.0,0.0,0.0,-0.03,1316.6,0.0,10.0,270.0,0,125.833,-0.029487362668482897,0.10186696270438188,-0.03,0.09152704653592125,0.446517672282287,1.0,0.0,88.78446575622783,9.355228010558209,80.70500000000001,107.809,5.392383800436362,0.04473805336144928,0.1807670628714134,5.168043181471047,-0.19324609099089685,-6.510400000000004,0.0,-0.06571234758680734,final_approach,-0.8214134022272468,-0.9470837398273684,-10.32942940589327,
125.933,63.96531035,-22.60525415,226.211,110.169,-0.9698,-4.6294,353.5087,0.0031,-0.0634,-0.0093,66.747,66.633,-9.9458,112.4639,-0.3401,0.0,0.0,0.0,-0.03,1315.7,0.0,10.0,270.0,0,125.933,-0.029504842614921034,0.10187710442849758,-0.03,0.09153494069388979,0.44595042408143964,1.0,0.0,92.21237187523984,9.343742761339506,79.71100000000001,106.669,5.396933119042945,0.04486390881217844,0.18075409727341546,5.168891780593485,-0.1932665789782959,-6.511300000000006,0.0,-0.06519304326073369,final_approach,-0.8214920476763261,-0.9471712201968341,-10.344754160405335,
126.033,63.9653411,-22.60525436,225.216,109.028,-0.9695,-4.6357,353.5077,0.0032,-0.0636,-0.0093,66.741,66.626,-9.9595,112.4508,-0.3401,0.0,0.0,0.0,-0.03,1314.8,0.0,10.0,270.0,0,126.033,-0.02952259119801892,0.10188814392246436,-0.03,0.09154371011544415,0.4453778349149627,1.0,0.0,95.64027799425186,9.332257512120801,78.71600000000001,105.528,5.401537068730358,0.04505984015583684,0.1807411016284425,5.169736251487684,-0.19328676361320163,-6.512299999999982,0.0,-0.06472094841884933,final_approach,-0.821570188083605,-0.9472583971294863,-10.360233962094279,
126.133,63.96537184,-22.60525457,224.219,107.885,-0.9692,-4.642,353.5068,0.0033,-0.0639,-0.0092,66.735,66.618,-9.9732,112.4377,-0.3401,0.0,0.0,0.0,-0.03,1314.0,0.0,10.0,270.0,0,126.133,-0.029540023963887052,0.10189660136698053,-0.03,0.09155160091626857,0.44481121854277267,1.0,0.0,99.06706934578614,9.32077265202937,77.719,104.385,5.4061048130997795,0.04516277407890091,0.18072801519660128,5.170576598835718,-0.1933069529514455,-6.5131999999999834,0.0,-0.06429177128986355,final_approach,-0.821647744124995,-0.9473446879305278,-10.375563026776518,
126.233,63.96540258,-22.60525479,223.221,106.741,-0.9688,-4.6484,353.5059,0.0032,-0.0641,-0.0092,66.729,66.61,-9.9869,112.4248,-0.3402,0.0,0.0,0.0,-0.03,1313.1,0.0,10.0,270.0,0,126.233,-0.029557613207125466,0.1019077378630909,-0.03,0.09155949012685882,0.4442390781147622,1.0,0.0,102.49386052630005,9.30879785461307,76.721,103.241,5.4107291751043505,0.04534291507336835,0.1807053876083903,5.171411882267105,-0.19337780183494147,-6.514099999999985,0.0,-0.06390161026351206,final_approach,-0.8217121857007363,-0.9473350500825717,-10.391052473603146,
126.333,63.96543332,-22.605255,222.222,105.596,-0.9685,-4.6548,353.505,0.0031,-0.0644,-0.0091,66.724,66.603,-10.0006,112.4119,-0.3402,0.0,0.0,0.0,-0.03,1312.3,0.0,10.0,270.0,0,126.333,-0.029574996304634782,0.10192486345410377,-0.03,0.09156737774721024,0.4436611812718547,1.0,0.0,105.92065187783433,9.29731299452164,75.72200000000001,102.096,5.415412553231152,0.045591392772477174,0.18069222924036177,5.172243065583584,-0.19339769794905237,-6.514999999999986,0.0,-0.06263782751227981,final_approach,-0.8217886137559312,-0.9474200851897336,-10.406709020529272,
126.433,63.96546405,-22.60525521,221.221,104.449,-0.9682,-4.6612,353.5041,0.0032,-0.0646,-0.009,66.718,66.595,-10.0144,112.3991,-0.3402,0.0,0.0,0.0,-0.03,1311.4,0.0,10.0,270.0,0,126.433,-0.02959235369734814,0.1019345449036779,-0.03,0.09157526377731773,0.44308922069100204,1.0,0.0,109.3463284618909,9.285828523557482,74.721,100.949,5.42006034395441,0.04573914518249336,0.180678979418214,5.173070153306793,-0.1934174443436234,-6.515899999999988,0.0,-0.062398025011163205,final_approach,-0.8218644597218123,-0.9475044698754669,-10.422215982808755,
126.533,63.96549478,-22.60525542,220.219,103.301,-0.9679,-4.6677,353.5032,0.0032,-0.0648,-0.0089,66.712,66.587,-10.0282,112.3864,-0.3402,0.0,0.0,0.0,-0.03,1310.6,0.0,10.0,270.0,0,126.533,-0.029609690083533702,0.10194712649794417,-0.03,0.09158314821717661,0.44251128659613276,1.0,0.0,112.77200504594747,9.274344052593326,73.719,99.801,5.424769494063453,0.04596453783381592,0.18066569873165583,5.173893156002269,-0.19343704091483005,-6.516799999999989,0.0,-0.06218002273742161,final_approach,-0.8219398044454103,-0.9475883259067235,-10.437896362286041,
126.633,63.96552551,-22.60525563,219.215,102.151,-0.9676,-4.6741,353.5023,0.0032,-0.0651,-0.0089,66.707,66.58,-10.0421,112.3739,-0.3402,0.0,0.0,0.0,-0.03,1309.7,0.0,10.0,270.0,0,126.633,-0.029627014488167847,0.10196008915445678,-0.03,0.09159103106678201,0.4419361893089759,1.0,0.0,116.19768163000404,9.262859581629169,72.715,98.651,5.429468486401157,0.046135435424353506,0.18065238707271714,5.174712084189533,-0.19345633320392608,-6.517699999999991,0.0,-0.0610727479431196,final_approach,-0.8220146489714892,-0.947671887191694,-10.45351131610822,
126.75,63.96556135,-22.60525588,218.043,100.809,-0.9672,-4.6817,353.5012,0.0031,-0.0655,-0.0088,66.7,66.571,-10.0583,112.3593,-0.3403,0.0,0.0,0.0,-0.03,1308.7,0.0,10.0,270.0,0,126.75,-0.029645941550865584,0.101976435012852,-0.03,0.09160066350113438,0.4412555119103802,1.0,0.0,120.19300366436383,9.249216517345136,71.543,97.309,5.435047084780457,0.04639291752499605,0.1806319622277501,5.175664646641841,-0.19352986492225455,-6.518800000000056,0.0,-0.060959685387288624,final_approach,-0.8220952110418871,-0.9476824621942672,-10.472007985520701,
126.842,63.96558951,-22.60525607,217.12,99.752,-0.9669,-4.6877,353.5004,0.0032,-0.0657,-0.0087,66.695,66.565,-10.071,112.348,-0.3403,0.0,0.0,0.0,-0.03,1307.9,0.0,10.0,270.0,0,126.842,-0.029662866348756256,0.1019893648564015,-0.03,0.09160766741583581,0.44072541366119883,1.0,0.0,123.33218537244824,9.238811926731689,70.62,96.252,5.439404475243425,0.046554587906640764,0.18062203261033488,5.17640983539229,-0.19354731850825146,-6.5195999999999685,0.0,-0.060358607269086234,final_approach,-0.8221661866767107,-0.947762969629542,-10.486424212899221,
126.942,63.96562023,-22.60525629,216.112,98.599,-0.9666,-4.6943,353.4996,0.0032,-0.0661,-0.0086,66.69,66.557,-10.085,112.3357,-0.3403,0.0,0.0,0.0,-0.03,1307.0,0.0,10.0,270.0,0,126.942,-0.029679091565854188,0.10200500085609389,-0.03,0.09161467007403035,0.4401420099001078,1.0,0.0,126.75674701800668,9.226837907569935,69.612,95.099,5.444213255376279,0.04681012347695779,0.18059897106372694,5.177215033047355,-0.1935663206505751,-6.520399999999995,0.0,-0.05941691569916543,final_approach,-0.8222266650344778,-0.9478253577863089,-10.502301731896775,
127.042,63.96565094,-22.6052565,215.103,97.445,-0.9663,-4.7009,353.4987,0.0032,-0.0666,-0.0086,66.685,66.55,-10.0989,112.3235,-0.3403,0.0,0.0,0.0,-0.03,1306.2,0.0,10.0,270.0,0,127.042,-0.029696302616041503,0.10202416517308106,-0.03,0.09162254656257496,0.4395550245707909,1.0,0.0,130.1801940678999,9.215354214860048,68.60300000000001,93.945,5.449065716924934,0.04709587214522235,0.18058539510094831,5.1780161891139596,-0.19358517241496997,-6.5212999999999965,0.0,-0.058560832453782234,final_approach,-0.8222991579589021,-0.9479060443027016,-10.518289128119395,
127.142,63.96568165,-22.60525671,214.092,96.289,-0.966,-4.7075,353.4978,0.0032,-0.0669,-0.0085,66.679,66.543,-10.113,112.3114,-0.3403,0.0,0.0,0.0,-0.03,1305.3,0.0,10.0,270.0,0,127.142,-0.029713492976662703,0.10203573653700002,-0.03,0.09163042146084299,0.43897055674523233,1.0,0.0,133.603641117001,9.203870522150437,67.59200000000001,92.789,5.4539116652388095,0.047323140644145514,0.1805717873091456,5.178813313881161,-0.19360387370201693,-6.522199999999998,0.0,-0.05869166586707528,final_approach,-0.8223711544346308,-0.9479862103648191,-10.534220428697951,
127.242,63.96571236,-22.60525692,213.08,95.132,-0.9657,-4.7142,353.497,0.0033,-0.0673,-0.0084,66.674,66.536,-10.127,112.2994,-0.3403,0.0,0.0,0.0,-0.03,1304.5,0.0,10.0,270.0,0,127.242,-0.029730382520750276,0.10205576110158973,-0.03,0.09163742003536302,0.4383788591528612,1.0,0.0,137.0270881661021,9.192386829440828,66.58000000000001,91.632,5.458832283198948,0.04763698047035128,0.1805581475762959,5.17960641759252,-0.1936224244131779,-6.522999999999911,0.0,-0.05790151442460937,final_approach,-0.8224426554699491,-0.9480658576384506,-10.550361587224035,
127.342,63.96574306,-22.60525713,212.067,93.973,-0.9653,-4.7209,353.4962,0.0034,-0.0678,-0.0083,66.669,66.529,-10.1411,112.2876,-0.3403,0.0,0.0,0.0,-0.03,1303.6,0.0,10.0,270.0,0,127.342,-0.029751114113425403,0.10207619099048028,-0.03,0.09164441735336248,0.4377830498283804,1.0,0.0,140.4494204485176,9.180903525858213,65.56700000000001,90.473,5.463802265449784,0.047980787476686916,0.18054441436354388,5.180395504303566,-0.19364066981216865,-6.523799999999937,0.0,-0.05718319493147211,final_approach,-0.8225135806200186,-0.9481450978727519,-10.566628030968847,
127.45,63.96577632,-22.60525736,210.967,92.717,-0.965,-4.7282,353.4953,0.0034,-0.0683,-0.0083,66.664,66.521,-10.1565,112.2748,-0.3403,0.0,0.0,0.0,-0.03,1302.7,0.0,10.0,270.0,0,127.45,-0.029768286017952617,0.10209539857317167,-0.03,0.09165228783417201,0.4371427638119169,1.0,0.0,144.1571328394275,9.168340731052163,64.46700000000001,89.217,5.469160456062694,0.04825280223814874,0.18052709877453596,5.181243007155723,-0.19366046576783447,-6.524699999999939,0.0,-0.05619347687372486,final_approach,-0.8225863833107461,-0.9482248299056355,-10.584123562014298,
127.55,63.96580702,-22.60525757,209.951,91.555,-0.9646,-4.735,353.4944,0.0035,-0.0686,-0.0082,66.659,66.514,-10.1707,112.2631,-0.3403,0.0,0.0,0.0,-0.03,1301.8,0.0,10.0,270.0,0,127.55,-0.02978924364347929,0.10211792205626606,-0.03,0.09166015672468808,0.43653969135018483,1.0,0.0,147.57946512105087,9.156857427469825,63.45099999999999,88.055,5.474223750938278,0.04864949332443145,0.18051329531111004,5.182023526662982,-0.19367856445745701,-6.52559999999994,0.0,-0.05563043352156418,final_approach,-0.8226562499983778,-0.9483026986013332,-10.600616409146655,
127.65,63.96583771,-22.60525779,208.933,90.392,-0.9643,-4.7419,353.4936,0.0035,-0.069,-0.0081,66.654,66.508,-10.185,112.2516,-0.3403,0.0,0.0,0.0,-0.03,1301.0,0.0,10.0,270.0,0,127.65,-0.02980530282811844,0.10213640054967163,-0.03,0.0916671499589713,0.43594215553041527,1.0,0.0,151.00068246496824,9.144884575689618,62.43299999999999,86.892,5.479256588103836,0.04892930637962239,0.18048972798326454,5.182799087705765,-0.19369635744439506,-6.526399999999967,0.0,-0.05511857592870311,final_approach,-0.8227127213899301,-0.9483608780852695,-10.616971511075192,
127.75,63.9658684,-22.605258,207.914,89.228,-0.9639,-4.7488,353.4928,0.0034,-0.0695,-0.008,66.649,66.501,-10.1993,112.2401,-0.3403,0.0,0.0,0.0,-0.03,1300.1,0.0,10.0,270.0,0,127.75,-0.029825927857724754,0.10215901266196269,-0.03,0.09167414193672008,0.4353361570193558,1.0,0.0,154.4218999791139,9.133401661234554,61.41399999999999,85.728,5.48437721778633,0.04930880478717496,0.1804757861368274,5.183570669360428,-0.19371415407744053,-6.5271999999999935,0.0,-0.05465325084427168,final_approach,-0.8227813982557386,-0.9484374113405707,-10.633572266767873,
127.833,63.96589142,-22.60525816,207.148,88.354,-0.9637,-4.754,353.4922,0.0034,-0.0698,-0.008,66.645,66.496,-10.2101,112.2316,-0.3403,0.0,0.0,0.0,-0.03,1299.4,0.0,10.0,270.0,0,127.833,-0.02983774687492613,0.10217178182567958,-0.03,0.0916793850954285,0.4348865013438532,1.0,0.0,156.9880917642335,9.124666893649536,60.647999999999996,84.854,5.488187646447686,0.04874213383139439,0.18046290115845318,5.184207877971349,-0.1937273104545909,-6.5277999999999565,0.0,-0.054065934502464906,final_approach,-0.8228363122600548,-0.948500222482064,-10.645899358476475,
127.933,63.96592466,-22.60525839,206.041,87.089,-0.9633,-4.7615,353.4914,0.0033,-0.0703,-0.0079,66.64,66.489,-10.2257,112.2194,-0.3403,0.0,0.0,0.0,-0.03,1298.5,0.0,10.0,270.0,0,127.933,-0.029857974695148948,0.1021973198309394,-0.03,0.09168637487423492,0.4342276594595572,1.0,0.0,160.693574620188,9.112104877272094,59.541,83.589,5.493787696720776,0.04995186198131114,0.18044525850016208,5.184971710894794,-0.19374619720852593,-6.528599999999983,0.0,-0.053696304093145394,final_approach,-0.8228992500221324,-0.9485664832582739,-10.663975461502089,
128.033,63.96595534,-22.6052586,205.018,85.921,-0.963,-4.7685,353.4906,0.0033,-0.0708,-0.0078,66.635,66.482,-10.2402,112.2083,-0.3402,0.0,0.0,0.0,-0.03,1297.7,0.0,10.0,270.0,0,128.033,-0.02987764990853603,0.10222158974757468,-0.03,0.0916933633964987,0.43361215672242276,1.0,0.0,164.11367736764802,9.100622351944027,58.518,82.421,5.499037816993065,0.05037675210490823,0.1804311553604725,5.185731587394525,-0.19371232311630138,-6.52940000000001,0.0,-0.05336027644831077,final_approach,-0.8229663948820765,-0.9487184341234229,-10.680877961414426,
128.133,63.96598602,-22.60525881,203.993,84.751,-0.9626,-4.7756,353.4898,0.0033,-0.0713,-0.0077,66.631,66.475,-10.2548,112.1973,-0.3402,0.0,0.0,0.0,-0.03,1296.8,0.0,10.0,270.0,0,128.133,-0.029898200193542224,0.1022470848145646,-0.03,0.09170035066221593,0.43299793556081756,1.0,0.0,167.53378011510804,9.08913982661596,57.492999999999995,81.251,5.504295019817152,0.050742631460900856,0.18041701879983502,5.186487517316527,-0.1937293540416647,-6.5301999999999225,0.0,-0.05214570586210432,final_approach,-0.8230330507586956,-0.948793079007519,-10.69776028847989,
128.25,63.96602181,-22.60525906,202.796,83.384,-0.9623,-4.7839,353.4889,0.0034,-0.072,-0.0076,66.626,66.468,-10.2719,112.1845,-0.3402,0.0,0.0,0.0,-0.03,1295.8,0.0,10.0,270.0,0,128.25,-0.029915258645144716,0.10228071968161724,-0.03,0.09170820983418093,0.43226886960989647,1.0,0.0,171.5235283120792,9.075498707968295,56.29599999999999,79.884,5.5105588948117,0.05120842507005005,0.18039559379945214,5.187366500473528,-0.1937491760500336,-6.531099999999924,0.0,-0.05129019103236824,final_approach,-0.823104000617132,-0.9488699844797281,-10.717818869496442,
128.35,63.96605248,-22.60525927,201.768,82.211,-0.9619,-4.7911,353.4882,0.0035,-0.0725,-0.0075,66.621,66.461,-10.2866,112.1738,-0.3402,0.0,0.0,0.0,-0.03,1294.9,0.0,10.0,270.0,0,128.35,-0.029935485089269576,0.10230587149814667,-0.03,0.09171432142400504,0.43164583448548527,1.0,0.0,174.94251629206153,9.0640165717675,55.268,78.711,5.515932477243385,0.051629658277850106,0.18038131651182815,5.188113410456466,-0.19376574948148573,-6.531799999999976,0.0,-0.051172900938525626,final_approach,-0.8231694543346322,-0.9489435091710607,-10.734977324180484,
128.45,63.96608315,-22.60525948,200.738,81.037,-0.9616,-4.7984,353.4874,0.0036,-0.0731,-0.0074,66.617,66.455,-10.3014,112.1631,-0.3402,0.0,0.0,0.0,-0.03,1294.0,0.0,10.0,270.0,0,128.45,-0.0299521040668001,0.10233249664407885,-0.03,0.09172130492007025,0.43102359912886573,1.0,0.0,178.36150427204382,9.052534435566708,54.238,77.537,5.521318471069714,0.052001371608757604,0.1803670052742434,5.188856399615702,-0.19378232607502355,-6.532600000000002,0.0,-0.05015718267137866,final_approach,-0.8232344212788547,-0.9490162968727187,-10.75212960083002,
128.55,63.96611381,-22.60525969,199.707,79.861,-0.9612,-4.8057,353.4867,0.0038,-0.0737,-0.0073,66.612,66.449,-10.3162,112.1525,-0.3401,0.0,0.0,0.0,-0.03,1293.2,0.0,10.0,270.0,0,128.55,-0.02997524179804506,0.10235931621339249,-0.03,0.09172741444835852,0.43039443457449367,1.0,0.0,181.77937748454838,9.041052688493188,53.206999999999994,76.361,5.526784339403859,0.05244425689753774,0.1803525977297032,5.1895954713899535,-0.19374766395077359,-6.533300000000054,0.0,-0.05014289333762472,final_approach,-0.8232988198600637,-0.9491653016861612,-10.769489130497568,
128.65,63.96614448,-22.6052599,198.675,78.684,-0.9608,-4.813,353.4859,0.0038,-0.0742,-0.0073,66.608,66.443,-10.3312,112.1421,-0.3401,0.0,0.0,0.0,-0.03,1292.3,0.0,10.0,270.0,0,128.65,-0.02999568847278672,0.10239374911649363,-0.03,0.09173439558837682,0.4297493454545015,1.0,0.0,185.19836546373858,9.02957055229267,52.17500000000001,75.184,5.532409620428874,0.05307901578964036,0.18033821815927492,5.190330641634581,-0.1937637771198979,-6.534099999999967,0.0,-0.049220812125105116,final_approach,-0.8233628152532795,-0.9492373249573252,-10.787305153564898,
128.75,63.96617514,-22.60526011,197.641,77.505,-0.9604,-4.8204,353.4852,0.0037,-0.0748,-0.0072,66.604,66.437,-10.3462,112.1318,-0.3401,0.0,0.0,0.0,-0.03,1291.4,0.0,10.0,270.0,0,128.75,-0.030015831230945478,0.10242654718434906,-0.03,0.09174050305511983,0.4291083477952066,1.0,0.0,188.61623867624317,9.01808880521915,51.14099999999999,74.005,5.538020655948133,0.0535842390234653,0.18032374190030095,5.19106191368583,-0.19377973830066253,-6.534799999999905,0.0,-0.04838255647737294,final_approach,-0.8234262439467877,-0.9493087243920346,-10.805025494564806,
128.85,63.96620579,-22.60526033,196.606,76.324,-0.9601,-4.8279,353.4845,0.0037,-0.0755,-0.0071,66.6,66.431,-10.3613,112.1216,-0.34,0.0,0.0,0.0,-0.03,1290.5,0.0,10.0,270.0,0,128.85,-0.030034302217745834,0.10246181220851183,-0.03,0.09174660955980707,0.4284590607675633,1.0,0.0,192.03299695024964,9.006117509948036,50.105999999999995,72.824,5.5437263508423404,0.05416302400990129,0.18029936030129068,5.191788310003672,-0.19374444641408672,-6.535499999999956,0.0,-0.047620505888525504,final_approach,-0.8234761007311135,-0.949436802779605,-10.822992750039308,
128.95,63.96623645,-22.60526054,195.569,75.142,-0.9597,-4.8355,353.4838,0.0038,-0.0764,-0.007,66.596,66.425,-10.3765,112.1115,-0.34,0.0,0.0,0.0,-0.03,1289.6,0.0,10.0,270.0,0,128.95,-0.03005439863788706,0.10249810005507025,-0.03,0.09175271510243554,0.42780459558726847,1.0,0.0,195.45087016275417,8.994635762874514,49.06899999999999,71.642,5.549500385055322,0.05475924369655413,0.18028480296926375,5.1925108292672535,-0.19376009876151556,-6.536200000000008,0.0,-0.04692773262592401,final_approach,-0.8235384358251743,-0.949507021685875,-10.841121543644935,
129.05,63.9662671,-22.60526075,194.53,73.959,-0.9593,-4.8431,353.4831,0.004,-0.0772,-0.0069,66.592,66.419,-10.3918,112.1015,-0.3399,0.0,0.0,0.0,-0.03,1288.8,0.0,10.0,270.0,0,129.05,-0.030077436748061626,0.1025313064802369,-0.03,0.09175881968300381,0.4271537265318219,1.0,0.0,198.86762860857314,8.983154404927992,48.03,70.459,5.555265764833952,0.05524166937817646,0.1802701482080865,5.193229474657172,-0.19372448875694204,-6.53690000000006,0.0,-0.04629793875084362,final_approach,-0.8236002059896066,-0.9496534981463487,-10.85916905639593,
129.15,63.96629775,-22.60526096,193.49,72.781,-0.9589,-4.8508,353.4824,0.004,-0.078,-0.0068,66.588,66.413,-10.4072,112.0917,-0.3399,0.0,0.0,0.0,-0.03,1287.9,0.0,10.0,270.0,0,129.15,-0.03009749853500837,0.10256979243500709,-0.03,0.0917649233015091,0.4264886348707629,1.0,0.0,202.28438705359997,8.971673046981746,46.99000000000001,69.281,5.5611812498221,0.055893866128727945,0.1802554583298898,5.193944255574637,-0.19373967712104445,-6.537599999999998,0.0,-0.04572539886440794,final_approach,-0.8236614942037868,-0.9497228401649345,-10.877629994611077,
129.25,63.9663284,-22.60526117,192.449,71.605,-0.9585,-4.8586,353.4817,0.0039,-0.0788,-0.0067,66.584,66.407,-10.4227,112.082,-0.3398,0.0,0.0,0.0,-0.03,1287.0,0.0,10.0,270.0,0,129.25,-0.030120507387620565,0.10261403917106568,-0.03,0.09177102595795061,0.42580834154000347,1.0,0.0,205.70114549862683,8.960191689035497,45.94900000000001,68.105,5.567257547201651,0.05670538407319138,0.1802407332083413,5.1946551813768895,-0.19370359406812554,-6.538299999999936,0.0,-0.04520490805854441,final_approach,-0.8237223013571651,-0.9498685794057469,-10.896532994844062,
129.35,63.96635904,-22.60526138,191.406,70.428,-0.9581,-4.8665,353.4811,0.0039,-0.0797,-0.0066,66.581,66.401,-10.4383,112.0724,-0.3398,0.0,0.0,0.0,-0.03,1286.1,0.0,10.0,270.0,0,129.35,-0.030140246658479142,0.10265913668346816,-0.03,0.09177625604060458,0.4251303924819151,1.0,0.0,209.11678917617587,8.948710720042465,44.906000000000006,66.928,5.5733390607765285,0.05739034268578962,0.1802259099287933,5.195362255098512,-0.19371847323805014,-6.538900000000012,0.0,-0.043822643689586084,final_approach,-0.8237825450814604,-0.9499368153064012,-10.915391273774581,
129.45,63.96638968,-22.6052616,190.361,69.249,-0.9577,-4.8745,353.4804,0.004,-0.0807,-0.0065,66.577,66.396,-10.4541,112.063,-0.3397,0.0,0.0,0.0,-0.03,1285.2,0.0,10.0,270.0,0,129.45,-0.030162461471924584,0.10269912741759163,-0.03,0.09178235691035275,0.42444977325268635,1.0,0.0,212.53243268270464,8.936739814072686,43.86099999999999,65.749,5.57947119696163,0.05804551254666101,0.18020117193594615,5.196064498108445,-0.19368191717896366,-6.539600000000064,0.0,-0.043475130626901094,final_approach,-0.823829209673864,-0.9500619930389131,-10.93434452046142,
129.55,63.96642032,-22.60526181,189.315,68.068,-0.9573,-4.8826,353.4798,0.0041,-0.0818,-0.0064,66.574,66.39,-10.47,112.0537,-0.3396,0.0,0.0,0.0,-0.03,1284.3,0.0,10.0,270.0,0,129.55,-0.030185131258428533,0.10274923720742048,-0.03,0.09178758546154997,0.42375184089773876,1.0,0.0,215.94807636025376,8.925258845253712,42.815,64.568,5.585787501995045,0.058898435511240785,0.18018626536704796,5.196762909651455,-0.19364520002125118,-6.540199999999913,0.0,-0.04225011875172775,final_approach,-0.8238883671073403,-0.9502062042626598,-10.953801617358824,
129.65,63.96645096,-22.60526202,188.267,66.886,-0.9569,-4.8908,353.4791,0.004,-0.0828,-0.0063,66.57,66.385,-10.486,112.0445,-0.3395,0.0,0.0,0.0,-0.03,1283.4,0.0,10.0,270.0,0,129.65,-0.030208061212276316,0.10279659079706426,-0.03,0.09179368454459802,0.42304988727178916,1.0,0.0,219.36372003859492,8.9137778762604,41.766999999999996,63.385999999999996,5.592169439871811,0.05971859272064422,0.1801713228707993,5.197457498906363,-0.19360832182309196,-6.540899999999965,0.0,-0.04204556250157534,final_approach,-0.8239470462840721,-0.9503499381878449,-10.973393221104766,
129.75,63.96648159,-22.60526223,187.217,65.702,-0.9565,-4.8991,353.4785,0.004,-0.084,-0.0062,66.567,66.379,-10.5022,112.0354,-0.3395,0.0,0.0,0.0,-0.03,1282.5,0.0,10.0,270.0,0,129.75,-0.03022772096152193,0.10284384887845874,-0.03,0.09179891156433773,0.4223487883953078,1.0,0.0,222.7782489486663,8.902297296568701,40.71700000000001,62.202,5.598573345933405,0.06043867070319323,0.18015628126443,5.198148268703118,-0.1936224229559116,-6.541500000000042,0.0,-0.04095051136506875,final_approach,-0.8240051644602779,-0.9504161469710208,-10.992983603437555,
129.85,63.96651222,-22.60526244,186.166,64.515,-0.9561,-4.9075,353.4779,0.004,-0.0851,-0.0061,66.564,66.374,-10.5185,112.0265,-0.3394,0.0,0.0,0.0,-0.03,1281.6,0.0,10.0,270.0,0,129.85,-0.03025033851571851,0.10289924547759917,-0.03,0.09180413787724728,0.4216276625225467,1.0,0.0,226.1927778587377,8.890816716877001,39.666,61.015,5.6051916903377474,0.06139613292656638,0.18014120333307038,5.198835228140748,-0.19358507201445718,-6.542100000000005,0.0,-0.03995501033188094,final_approach,-0.8240628052029102,-0.9505590297835376,-11.013157410267652,
129.95,63.96654285,-22.60526265,185.113,63.327,-0.9557,-4.916,353.4773,0.0042,-0.0862,-0.006,66.561,66.369,-10.535,112.0177,-0.3393,0.0,0.0,0.0,-0.03,1280.6,0.0,10.0,270.0,0,129.95,-0.030272937428149516,0.10295451565370115,-0.03,0.0918093634833268,0.42090049199915847,1.0,0.0,229.60730676960117,8.879336137185026,38.613,59.827,5.611898400078466,0.06234129367333756,0.18012608894502072,5.1995183862747805,-0.1935475602097938,-6.542699999999968,0.0,-0.039050009392606375,final_approach,-0.8241199693603143,-0.9507014375491227,-11.033525013725521,
130.05,63.96657348,-22.60526286,184.059,62.136,-0.9553,-4.9247,353.4767,0.0043,-0.0874,-0.0059,66.557,66.364,-10.5517,112.0091,-0.3392,0.0,0.0,0.0,-0.03,1279.7,0.0,10.0,270.0,0,130.05,-0.03029552673325603,0.1030142432568348,-0.03,0.09181458838257606,0.4201505935444665,1.0,0.0,233.02183567967256,8.867855557493327,37.559,58.636,5.618849904193713,0.06353691825318927,0.1801109379678088,5.200197752117313,-0.1935097326984021,-6.543300000000045,0.0,-0.03913637217510032,final_approach,-0.8241766577749239,-0.9508436044454207,-11.054555436890205,
130.15,63.9666041,-22.60526307,183.003,60.944,-0.9548,-4.9334,353.4761,0.0044,-0.0887,-0.0058,66.554,66.359,-10.5685,112.0006,-0.3391,0.0,0.0,0.0,-0.03,1278.8,0.0,10.0,270.0,0,130.15,-0.030321950617963445,0.10307716849983237,-0.03,0.09181981257499239,0.41939830178360793,1.0,0.0,236.43524982226626,8.8563753669289,36.502999999999986,57.444,5.625860096405901,0.06463108556463934,0.1800956869270777,5.200873328302962,-0.19347174449384852,-6.543900000000008,0.0,-0.038305792886455095,final_approach,-0.8242327872976603,-0.9509851722394593,-11.075679995675138,
130.25,63.96663473,-22.60526328,181.945,59.751,-0.9544,-4.9423,353.4755,0.0044,-0.0901,-0.0057,66.552,66.354,-10.5855,111.9923,-0.339,0.0,0.0,0.0,-0.03,1277.8,0.0,10.0,270.0,0,130.25,-0.030344511790667494,0.10314758139227345,-0.03,0.09182503606057546,0.4186310319557355,1.0,0.0,239.84977873312974,8.844894787236923,35.44499999999999,56.251,5.633048180322566,0.06583937783164166,0.18008046230113395,5.201545130105399,-0.19343344080010638,-6.544499999999971,0.0,-0.03664162989677323,final_approach,-0.8242885259258159,-0.9511266264640135,-11.097253292261788,
130.35,63.96666535,-22.6052635,180.886,58.555,-0.954,-4.9514,353.4749,0.0046,-0.0918,-0.0056,66.549,66.349,-10.6027,111.984,-0.3389,0.0,0.0,0.0,-0.03,1276.9,0.0,10.0,270.0,0,130.35,-0.030366272182126675,0.10322185749763294,-0.03,0.09183025883932561,0.4178424695207926,1.0,0.0,243.26319270470302,8.83292465934763,34.385999999999996,55.055,5.640476785250923,0.06724715640696405,0.18005515010708603,5.202212161349089,-0.19339513142827514,-6.545100000000048,0.0,-0.036037845360703195,final_approach,-0.8243304649944037,-0.9512473324364041,-11.119455190722354,
130.45,63.96669596,-22.60526371,179.824,57.358,-0.9535,-4.9606,353.4744,0.0046,-0.0936,-0.0055,66.546,66.344,-10.6202,111.976,-0.3388,0.0,0.0,0.0,-0.03,1275.9,0.0,10.0,270.0,0,130.45,-0.03039236762864128,0.10328582223294272,-0.03,0.09183461061500575,0.41706599636921127,1.0,0.0,246.67549208061104,8.8214448579102,33.32400000000001,53.858,5.647832893820819,0.06829947795563054,0.18003971204674452,5.202875425349267,-0.1933563519317545,-6.545599999999922,0.0,-0.03548895032791225,final_approach,-0.8243849602685032,-0.9513876318735512,-11.141346649665243,
130.55,63.96672658,-22.60526392,178.761,56.159,-0.953,-4.97,353.4738,0.0047,-0.0953,-0.0054,66.544,66.34,-10.6378,111.9681,-0.3387,0.0,0.0,0.0,-0.03,1275.0,0.0,10.0,270.0,0,130.55,-0.03041872805280782,0.10336943680430537,-0.03,0.09183983209789093,0.4162526386927262,1.0,0.0,250.0889062232047,8.809964667345774,32.260999999999996,52.659,5.655583296770074,0.06983356987844751,0.18002430003216,5.203534937267985,-0.19331741210257292,-6.546199999999999,0.0,-0.03408086393447395,final_approach,-0.8244390666787247,-0.9515275874199673,-11.164310188776609,
130.642,63.96675464,-22.60526411,177.785,55.059,-0.9526,-4.9788,353.4734,0.0048,-0.0971,-0.0053,66.541,66.335,-10.6542,111.961,-0.3385,0.0,0.0,0.0,-0.03,1274.1,0.0,10.0,270.0,0,130.642,-0.030443632105213503,0.10344327585648555,-0.03,0.09184331269379276,0.4154963441132271,1.0,0.0,253.21694025730392,8.799563967830723,31.284999999999997,51.559,5.662831890222056,0.07132615144215317,0.18001259192367222,5.204138588584008,-0.19322605435320384,-6.5465999999998985,0.0,-0.03394703045426547,final_approach,-0.8244917434648684,-0.9517442367511393,-11.185692502610246,
130.733,63.9667827,-22.6052643,176.808,53.957,-0.9522,-4.9877,353.4729,0.0048,-0.0992,-0.0051,66.539,66.331,-10.6708,111.954,-0.3384,0.0,0.0,0.0,-0.03,1273.2,0.0,10.0,270.0,0,130.733,-0.03046579033726654,0.10353034094318081,-0.03,0.09184766299689873,0.4147131356699446,1.0,0.0,256.3449742921951,8.789163268315397,30.307999999999993,50.457,5.670381819772558,0.0732661693345813,0.18000085763374374,5.2047327795766405,-0.1931857078662631,-6.5471,0.0,-0.03285893877460214,final_approach,-0.8245433190562537,-0.9518825010262599,-11.20786634852181,
130.85,63.96681841,-22.60526455,175.562,52.552,-0.9516,-4.9994,353.4723,0.0048,-0.1018,-0.005,66.536,66.326,-10.6924,111.9453,-0.3383,0.0,0.0,0.0,-0.03,1272.0,0.0,10.0,270.0,0,130.85,-0.030495992729093258,0.10364160037770338,-0.03,0.09185288271268954,0.4136970207720689,1.0,0.0,260.32580435013665,8.775525262859702,29.062000000000012,49.052,5.680244020134859,0.07510385957696851,0.1799776465048822,5.205491706377363,-0.19314798570079006,-6.547699999999963,0.0,-0.03220276485336819,final_approach,-0.8245983825419749,-0.952022064098065,-11.236681058014076,
130.942,63.96684647,-22.60526474,174.581,51.447,-0.9511,-5.0088,353.4718,0.0051,-0.1035,-0.0049,66.535,66.322,-10.7096,111.9387,-0.3381,0.0,0.0,0.0,-0.03,1271.1,0.0,10.0,270.0,0,130.942,-0.03052500430104349,0.10373997437753905,-0.03,0.09185723193590212,0.4128782731376577,1.0,0.0,263.4538383842359,8.765124563518713,28.08099999999999,47.947,5.688246903680805,0.07708452708577973,0.1799658431538451,5.20608505604796,-0.19305582560286894,-6.548199999999952,0.0,-0.03026338306828396,final_approach,-0.8246497724488897,-0.95223798383374,-11.259937861371961,
131.033,63.96687453,-22.60526494,173.598,50.345,-0.9507,-5.0183,353.4714,0.005,-0.1062,-0.0048,66.533,66.318,-10.7271,111.9322,-0.338,0.0,0.0,0.0,-0.03,1270.1,0.0,10.0,270.0,0,131.033,-0.03054608131379355,0.10383708440235516,-0.03,0.09186071096105264,0.4120458026894694,1.0,0.0,266.58187224731466,8.754233926678793,27.098000000000013,46.845,5.69643651931502,0.07923640193817967,0.1799439426641245,5.206668163493716,-0.1930146875776586,-6.548599999999965,0.0,-0.029510168423710476,final_approach,-0.8246867332439045,-0.9523554554829552,-11.283620534325134,
131.133,63.96690513,-22.60526515,172.524,49.141,-0.9502,-5.0291,353.4709,0.0051,-0.1092,-0.0046,66.531,66.314,-10.7465,111.9252,-0.3378,0.0,0.0,0.0,-0.03,1269.1,0.0,10.0,270.0,0,131.133,-0.03057504249723436,0.10395017136117436,-0.03,0.09186505930071531,0.4111144407413367,1.0,0.0,269.99305685574495,8.742754514368638,26.024,45.641,5.7056631609413095,0.08140807099229595,0.1799281749527381,5.207305420444011,-0.19292312682088664,-6.549099999999953,0.0,-0.028645607657913963,final_approach,-0.824737862457809,-0.952570081075617,-11.31016011076726,
131.258,63.96694083,-22.60526539,171.269,47.734,-0.9496,-5.0419,353.4704,0.0053,-0.1124,-0.0045,66.529,66.31,-10.7696,111.9173,-0.3376,0.0,0.0,0.0,-0.03,1267.9,0.0,10.0,270.0,0,131.258,-0.030608976413617872,0.10410052061883233,-0.03,0.09186940714951697,0.40997718006338263,1.0,0.0,273.9727723172291,8.729606835365082,24.769000000000005,44.234,5.7170235892262244,0.0829872968734665,0.17991477909244113,5.208097661912049,-0.19283294445261845,-6.549600000000055,0.0,-0.02749600696174691,final_approach,-0.8248095861163911,-0.9528136098804847,-11.342630019437905,
131.333,63.96696633,-22.60526557,170.371,46.727,-0.9491,-5.0513,353.47,0.0056,-0.1148,-0.0044,66.527,66.306,-10.7865,111.9119,-0.3375,0.0,0.0,0.0,-0.03,1267.0,0.0,10.0,270.0,0,131.333,-0.03063356150988117,0.059037376714636686,-0.03,0.09187288507513591,0.3276310281613128,1.0,0.0,276.8154260718135,8.719795689748603,23.87100000000001,43.227,5.725526331673383,0.08805106394380022,0.17989652332602102,5.208569657006721,-0.19279008722662638,-6.5499999999999545,0.0,-0.027420612389461606,flare,-0.8248388091940733,-0.9529220283728179,-6.827958053397047,
131.433,63.96699693,-22.60526578,169.29,45.516,-0.9483,-5.0434,353.4693,0.0148,0.5157,-0.0129,66.526,66.301,-10.828,111.9033,-0.3367,0.0,0.0,0.0,-0.03,1265.5,0.0,10.0,270.0,0,131.433,-0.030692255356919773,0.0584485778179801,-0.03,0.09187897068904205,0.3270723910613609,1.0,0.0,280.2266106802438,8.708316277438445,22.789999999999992,42.016,5.735801926434066,0.09050187788763868,0.17988063912492072,5.209195822062524,-0.19239376091701388,-6.550700000000006,0.0,-0.0258369203540604,flare,-0.8248885344906149,-0.953592948174256,-6.724065489605173,
131.533,63.96702752,-22.60526598,168.207,44.302,-0.9464,-4.96,353.4679,0.0219,1.149,-0.0133,66.522,66.296,-10.8441,111.8941,-0.336,0.0,0.0,0.0,-0.03,1262.9,0.0,10.0,270.0,0,131.533,-0.030793057719825767,0.05796249036479742,-0.03,0.09189113903057478,0.32644130993410064,1.0,0.0,283.63668069221677,8.697327191580433,21.706999999999994,40.802,5.746520687727649,0.09328283372900577,0.17987478411961721,5.209819314400944,-0.19204950085116934,-6.552099999999996,0.0,-0.027124473049137548,flare,-0.8249511432298604,-0.9542049290218593,-6.61375845934305,
131.633,63.96705811,-22.60526619,167.125,43.088,-0.9442,-4.8271,353.4669,0.0206,1.5013,-0.0048,66.515,66.289,-10.8075,111.8831,-0.3357,0.0,0.0,0.0,-0.03,1259.1,0.0,10.0,270.0,0,131.633,-0.03089147742285797,0.05764916744686352,-0.03,0.09189982834694743,0.3257305198681271,1.0,0.0,287.04675053316936,8.68584816839755,20.625,39.588,5.758689017868575,0.09801624500904223,0.17985876955450153,5.210439126975058,-0.1919127863175163,-6.553099999999972,0.0,-0.03102224822649178,flare,-0.8249999808033195,-0.9544840213463264,-6.496971144689702,
131.733,63.96708869,-22.6052664,166.05,41.883,-0.9424,-4.6683,353.467,0.0146,1.6603,0.0078,66.502,66.28,-10.7165,111.8679,-0.3353,0.0,0.0,0.0,-0.03,1254.5,0.0,10.0,270.0,0,131.733,-0.030973975223400507,0.05747303829684455,-0.03,0.09189895950366611,0.32493683725333844,1.0,0.0,290.4557056058521,8.674369534168155,19.55000000000001,38.383,5.758689017868575,0.08168020417420185,0.17984265098593064,5.211055261650401,-0.1917312771714137,-6.552999999999997,0.0,-0.0400202256604525,flare,-0.8250482669130292,-0.9548296598004224,-6.374330686266684,
131.833,63.96711927,-22.60526661,164.986,40.693,-0.9412,-4.4999,353.4684,0.0084,1.6965,0.0208,66.483,66.268,-10.5772,111.8467,-0.3347,0.0,0.0,0.0,-0.03,1249.3,0.0,10.0,270.0,0,131.833,-0.03103509966953588,0.05740500209665042,-0.03,0.09188679363609098,0.3240568547097542,1.0,0.0,293.8646606793269,8.662890900112547,18.48599999999999,37.193,5.758689017868575,0.06806683681183487,0.17982649260593098,5.2116677267054925,-0.19145646818694217,-6.551600000000008,0.0,-0.05365475060040439,flare,-0.8250960868825281,-0.9553149293009824,-6.246351119174397,
131.933,63.96714984,-22.60526681,163.939,39.52,-0.9406,-4.3314,353.471,0.0045,1.6623,0.0321,66.458,66.251,-10.399,111.818,-0.3335,0.0,0.0,0.0,-0.03,1243.7,0.0,10.0,270.0,0,131.933,-0.03108766987955125,0.057417008762769645,-0.03,0.09186418967205179,0.32308539840925626,1.0,0.0,297.2725011563444,8.65190259250908,17.438999999999993,36.02,5.758689017868575,0.056722364009862386,0.1798204123995962,5.212277542189767,-0.19088559810913353,-6.548999999999978,0.0,-0.07150431872764682,flare,-0.8251568572822165,-0.9562649811220556,-6.113247856046042,
132.033,63.9671804,-22.60526702,162.91,38.365,-0.9402,-4.168,353.4746,0.0043,1.5947,0.0402,66.426,66.229,-10.1917,111.7809,-0.3315,0.0,0.0,0.0,-0.03,1237.7,0.0,10.0,270.0,0,132.033,-0.03115199784753403,0.05747965938757052,-0.03,0.0918328699636366,0.3220169787822932,1.0,0.0,300.67922669486376,8.640424736708017,16.409999999999997,34.865,5.758689017868575,0.04726863667488532,0.1798040570771245,5.2128836894235135,-0.1899171792912,-6.545399999999972,0.0,-0.0940948352069501,flare,-0.8252037059125961,-0.957792033045326,-5.975195603028423,
132.133,63.96721095,-22.60526722,161.904,37.233,-0.9397,-4.012,353.4788,0.0069,1.5182,0.0446,66.389,66.201,-9.963,111.7347,-0.3285,0.0,0.0,0.0,-0.03,1231.4,0.0,10.0,270.0,0,132.133,-0.031248251328986842,0.05759016466877662,-0.03,0.09179629814282153,0.32085091875299554,1.0,0.0,304.0848376377179,8.629437207184761,15.403999999999996,33.733,5.758689017868575,0.03939053056240443,0.1797978044387287,5.213487190902642,-0.1884490972039714,-6.5412000000000035,0.0,-0.11917712291540711,flare,-0.8252635376201702,-0.9600901176235102,-5.832946566487576,
132.233,63.96724149,-22.60526742,160.921,36.124,-0.9388,-3.8635,353.4834,0.0114,1.4465,0.0453,66.345,66.168,-9.7209,111.6791,-0.3243,0.0,0.0,0.0,-0.03,1225.1,0.0,10.0,270.0,0,132.233,-0.03139376459620369,0.05771771274906065,-0.03,0.0917562035519911,0.31958305826685046,1.0,0.0,307.4893338123023,8.618450066963115,14.420999999999992,32.624,5.758689017868575,0.03282544213533702,0.17979147144105967,5.214088047410406,-0.1863782128344269,-6.536599999999908,0.0,-0.14834283901400594,flare,-0.8253229654173282,-0.963294183850131,-5.686742916319089,
132.333,63.96727201,-22.60526762,159.962,35.039,-0.9374,-3.7217,353.4878,0.0161,1.3862,0.0427,66.295,66.13,-9.4714,111.6137,-0.3188,0.0,0.0,0.0,-0.03,1218.6,0.0,10.0,270.0,0,132.333,-0.03159708745722756,0.05785182951774706,-0.03,0.091717813329107,0.31821110707212424,1.0,0.0,310.89160045272325,8.607463704995737,13.461999999999989,31.539,5.758689017868575,0.027354535112780853,0.1797849928546942,5.214686253204507,-0.1836523548265916,-6.532199999999989,0.0,-0.1803116718309145,flare,-0.8253819029034979,-0.9674825006045094,-5.537010355404776,
132.433,63.96730251,-22.60526781,159.029,33.98,-0.9356,-3.5853,353.4918,0.0197,1.3389,0.0371,66.24,66.085,-9.2196,111.5386,-0.312,0.0,0.0,0.0,-0.03,1212.2,0.0,10.0,270.0,0,132.433,-0.03185582328687764,0.05798174709899409,-0.03,0.0916828801418994,0.3167354249805802,1.0,0.0,314.2916377292091,8.596968058433715,12.528999999999996,30.479999999999997,5.758689017868575,0.022795445927317377,0.17978861416521938,5.215282827110347,-0.18026950834720878,-6.52819999999997,0.0,-0.21391970166447677,flare,-0.8254539341108753,-0.9726784337710868,-5.384387754800683,
132.533,63.96733299,-22.605268,158.121,32.947,-0.9336,-3.4531,353.4952,0.0208,1.3039,0.0292,66.18,66.035,-8.9684,111.454,-0.3038,0.0,0.0,0.0,-0.03,1205.9,0.0,10.0,270.0,0,132.533,-0.032165158788627635,0.05809554145094678,-0.03,0.09165316223387332,0.3151551083122526,1.0,0.0,317.6894454707396,8.586473190300302,11.62100000000001,29.447000000000003,5.758689017868575,0.018996204939431147,0.17979211428152217,5.215877762448131,-0.17617577392223893,-6.524799999999914,0.0,-0.24901791060406203,flare,-0.8255256212010131,-0.9789427115900118,-5.2292947358053965,
132.633,63.96736345,-22.60526819,157.237,31.938,-0.9315,-3.3239,353.4977,0.0188,1.279,0.0196,66.114,65.979,-8.7195,111.3601,-0.2942,0.0,0.0,0.0,-0.03,1199.6,0.0,10.0,270.0,0,132.633,-0.032522238600197984,0.05817689881269997,-0.03,0.09163129635137379,0.31346676383598443,1.0,0.0,321.08502367731455,8.575979100247373,10.736999999999995,28.438,5.758689017868575,0.01583017078285929,0.17979549273569911,5.2164710525135405,-0.1713682110225534,-6.522299999999973,0.0,-0.28637991873095414,flare,-0.8255969628031323,-0.9862795995124394,-5.0718673746832765,
132.75,63.96739895,-22.6052684,156.238,30.793,-0.9296,-3.1757,353.4993,0.0122,1.2606,0.007,66.032,65.908,-8.432,111.2392,-0.2815,0.0,0.0,0.0,-0.03,1192.6,0.0,10.0,270.0,0,132.75,-0.0329667168573754,0.058246003540540076,-0.03,0.09161729574690936,0.3113644499703398,1.0,0.0,325.04244430468157,8.564309015589005,9.738,27.293,5.758689017868575,0.013191808985716074,0.17981120632102132,5.217164726548297,-0.16499140145151614,-6.5207000000000335,0.0,-0.3240594443785789,flare,-0.8256958400679331,-0.9960170878468873,-4.8861565330785455,
132.842,63.96742934,-22.60526857,155.408,29.837,-0.9286,-3.0501,353.4995,0.0045,1.2524,-0.0044,65.956,65.841,-8.1881,111.1262,-0.2694,0.0,0.0,0.0,-0.03,1186.8,0.0,10.0,270.0,0,132.842,-0.033363405140024116,0.05827154679047533,-0.03,0.09161554531795602,0.30944681656840967,1.0,0.0,328.4302194817453,8.554797524076452,8.907999999999987,26.337,5.758689017868575,0.010993174154763394,0.17983475845635513,5.217710219164867,-0.1589002122124441,-6.52049999999997,0.0,-0.3696983091188491,flare,-0.8257883130528825,-1.0053147735979255,-4.725429680926137,
132.942,63.96745718,-22.60526872,154.669,28.983,-0.9288,-2.9354,353.4986,-0.01,1.2485,-0.0148,65.882,65.775,-7.9669,111.0152,-0.2574,0.0,0.0,0.0,-0.03,1181.7,0.0,10.0,270.0,0,132.942,-0.033715318053579746,0.058268720958202375,-0.03,0.09162342162980341,0.3076012010047726,1.0,0.0,331.5337293170002,8.54636513448628,8.169000000000011,25.483,5.758689017868575,0.009160978462302828,0.1798622995508641,5.218304081722737,-0.15284583749689773,-6.521399999999971,0.0,-0.4033620991989558,flare,-0.8258914842918195,-1.014572519748267,-4.577585472188139,
133.05,63.96749003,-22.60526888,153.821,28.001,-0.9307,-2.8002,353.4964,-0.0271,1.2474,-0.0267,65.79,65.692,-7.7085,110.8752,-0.2422,0.0,0.0,0.0,-0.03,1175.8,0.0,10.0,270.0,0,133.05,-0.034101960568664824,0.05823715886968181,-0.03,0.09164266814166222,0.3053160937227749,1.0,0.0,335.19573744242655,8.537247854997075,7.320999999999998,24.501,5.758689017868575,0.0076341487185856895,0.17991242319867023,5.2189487287339915,-0.14515887886071255,-6.523599999999988,0.0,-0.44413389489466965,flare,-0.8260300698939105,-1.0263370911454377,-4.402758356553426,
133.15,63.96752033,-22.60526903,153.062,27.119,-0.934,-2.6754,353.4933,-0.0416,1.2475,-0.0372,65.701,65.611,-7.4735,110.7382,-0.2276,0.0,0.0,0.0,-0.03,1170.6,0.0,10.0,270.0,0,133.15,-0.03441958106904025,0.058176821851354116,-0.03,0.09166977209787763,0.30310819960641083,1.0,0.0,338.57348005502365,8.528719740279444,6.562000000000012,23.619,5.758689017868575,0.006361790598821408,0.1799562740264954,5.2195478603741945,-0.1377597347174344,-6.526700000000005,0.0,-0.4846671771769887,flare,-0.8261552765649789,-1.0376478203183925,-4.241510587743231,
133.25,63.96755058,-22.60526916,152.328,26.26,-0.9389,-2.5507,353.4891,-0.0582,1.2478,-0.0469,65.609,65.525,-7.2419,110.594,-0.2126,0.0,0.0,0.0,-0.03,1165.6,0.0,10.0,270.0,0,133.25,-0.034692737269026275,0.05809181166829161,-0.03,0.09170646348895761,0.30081051377173496,1.0,0.0,341.9456491730649,8.52117344567358,5.828000000000003,22.76,5.758689017868575,0.005301492165684507,0.18002060622973673,5.220151428129254,-0.1301422113296269,-6.530899999999974,0.0,-0.5242428883427206,flare,-0.826307908964619,-1.0493269639022493,-4.0808213217639,
133.35,63.96758079,-22.60526929,151.616,25.425,-0.9455,-2.4259,353.484,-0.0751,1.2478,-0.0557,65.512,65.436,-7.0134,110.4429,-0.1972,0.0,0.0,0.0,-0.03,1160.7,0.0,10.0,270.0,0,133.35,-0.034915590824780074,0.05797353642865036,-0.03,0.0917509707598545,0.298432856875381,1.0,0.0,345.31335922119536,8.513628707576808,5.116000000000014,21.925,5.758689017868575,0.004417910138070422,0.18008483508081738,5.220759406876905,-0.12230368554855886,-6.536000000000058,0.0,-0.5647662621297458,flare,-0.8264609027766632,-1.0613376729380786,-3.9213818054812126,
133.45,63.96761096,-22.60526941,150.927,24.612,-0.9537,-2.3011,353.4781,-0.0914,1.2473,-0.0635,65.412,65.342,-6.7879,110.285,-0.1816,0.0,0.0,0.0,-0.03,1156.0,0.0,10.0,270.0,0,133.45,-0.03508663150906971,0.05783416563443397,-0.03,0.09180239585148009,0.29597746636860156,1.0,0.0,348.6766103712273,8.506575463313725,4.4269999999999925,21.112,5.758689017868575,0.0036815917817253517,0.18015933611971327,5.22137280913262,-0.11434559691269897,-6.541899999999941,0.0,-0.6043329655724962,flare,-0.826628012223388,-1.0735480705334357,-3.763297061667961,
133.55,63.96764109,-22.60526952,150.26,23.822,-0.9636,-2.1764,353.4714,-0.1069,1.2466,-0.0705,65.309,65.245,-6.564,110.1211,-0.166,0.0,0.0,0.0,-0.03,1151.5,0.0,10.0,270.0,0,133.55,-0.03519612797661886,0.057688679388131964,-0.03,0.09186071096105264,0.2934559939005599,1.0,0.0,352.0354026223687,8.500013712710544,3.759999999999991,20.322,5.758689017868575,0.003067993151437793,0.18024414733229854,5.221992647835408,-0.1063693896537643,-6.548599999999965,0.0,-0.6430299687022558,flare,-0.8268094014302712,-1.0858059031667633,-3.607226283489121,
133.65,63.96767117,-22.60526962,149.616,23.055,-0.9749,-2.0517,353.464,-0.1209,1.2459,-0.0766,65.203,65.145,-6.3413,109.9515,-0.1507,0.0,0.0,0.0,-0.03,1147.1,0.0,10.0,270.0,0,133.65,-0.03524640680187685,0.05754437747287652,-0.03,0.09192501626103067,0.29087817372739794,1.0,0.0,355.3886212079339,8.49394384506832,3.116000000000014,19.555,5.758689017868575,0.0025566609595314943,0.1803392405648835,5.222619929732445,-0.09852979328019273,-6.55600000000004,0.0,-0.6809363351838694,flare,-0.8270051468720858,-1.0978787916822679,-3.453617116842543,
133.75,63.96770121,-22.60526971,148.994,22.31,-0.9875,-1.9272,353.4561,-0.1327,1.2451,-0.082,65.094,65.041,-6.1201,109.7762,-0.1356,0.0,0.0,0.0,-0.03,1142.8,0.0,10.0,270.0,0,133.75,-0.03524384052905899,0.05740141674864277,-0.03,0.0919935478511461,0.28825084175300775,1.0,0.0,358.73738089460863,8.488365471260058,2.4939999999999998,18.81,5.758689017868575,0.0021305507996095784,0.18044471996311476,5.223255668629648,-0.0907740270701538,-6.56389999999999,0.0,-0.7181239410762587,flare,-0.8272154997414098,-1.1098464458297794,-3.3026864518454584,
133.85,63.96773119,-22.60526979,148.394,21.587,-1.0013,-1.8027,353.4477,-0.1419,1.244,-0.0868,64.981,64.934,-5.9006,109.5954,-0.1209,0.0,0.0,0.0,-0.03,1138.6,0.0,10.0,270.0,0,133.85,-0.03518627798250784,0.05725519867938669,-0.03,0.09206628246246873,0.28558452693330605,1.0,0.0,362.07945214822956,8.483279369540028,1.8940000000000055,18.087,5.758689017868575,0.0017754589996746486,0.18056049078322267,5.223900865479204,-0.0832057270031612,-6.572300000000041,0.0,-0.7555672191602406,flare,-0.8274404483115596,-1.1215531964816243,-3.154818606255289,
133.95,63.96776113,-22.60526986,147.816,20.886,-1.0158,-1.6783,353.4388,-0.1486,1.2424,-0.091,64.866,64.823,-5.683,109.4091,-0.1067,0.0,0.0,0.0,-0.03,1134.6,0.0,10.0,270.0,0,133.95,-0.03508999506056609,0.05712256399256935,-0.03,0.09214319535318527,0.28289019373444163,1.0,0.0,365.4170645029599,8.478684761653962,1.3160000000000025,17.386,5.758689017868575,0.0014795491663955405,0.18068672378947706,5.224556534973221,-0.07587704986053723,-6.581199999999967,0.0,-0.7914247446911291,flare,-0.8276803314468957,-1.1329212831182716,-3.0103661514399445,
134.05,63.96779101,-22.60526992,147.259,20.203,-1.0309,-1.5541,353.4295,-0.1525,1.2408,-0.0948,64.749,64.71,-5.467,109.2177,-0.0929,0.0,0.0,0.0,-0.03,1130.5,0.0,10.0,270.0,0,134.05,-0.034961610327414516,0.05700307143730257,-0.03,0.09222339882865149,0.2801628207877686,1.0,0.0,368.74798842463633,8.474582425682069,0.7589999999999861,16.703,5.758689017868575,0.0012329576386629505,0.18082332383154545,5.225223678906465,-0.06873547632909549,-6.59050000000002,0.0,-0.8258406769919154,flare,-0.827935136974375,-1.1440296502004994,-2.868816764675749,
134.142,63.96782084,-22.60526997,146.724,19.546,-1.0463,-1.4302,353.4199,-0.1549,1.2376,-0.0985,64.629,64.593,-5.2528,109.0213,-0.0797,0.0,0.0,0.0,-0.03,1126.6,0.0,10.0,270.0,0,134.142,-0.03480599086999825,0.05690914948490841,-0.03,0.09230601137954564,0.27744574279178624,1.0,0.0,372.0733386807367,8.470971972845195,0.22399999999998954,16.046,5.758689017868575,0.001027464698885792,0.18097039543000773,5.225848936004046,-0.061886060922972774,-6.600099999999998,0.0,-0.8693413269096568,flare,-0.8281989852338505,-1.1547117795799462,-2.7321126562272404,
134.242,63.96784814,-22.60527002,146.253,18.962,-1.0604,-1.3168,353.4107,-0.1542,1.2343,-0.1016,64.516,64.484,-5.0583,108.8369,-0.068,0.0,0.0,0.0,-0.03,1123.0,0.0,10.0,270.0,0,134.242,-0.03465441085000992,0.056834533419864636,-0.03,0.0923850119323073,0.27495537692971955,1.0,0.0,375.1166527879428,8.467459969026416,-0.2470000000000141,15.462,5.758689017868575,0.0008562205824048266,0.18110086960809962,5.226539526511509,-0.05579771658258892,-6.609299999999962,0.0,-0.8930375699178753,flare,-0.8284483807891512,-1.164228425713306,-2.610317459375702,
134.342,63.96787786,-22.60527006,145.758,18.346,-1.0758,-1.1936,353.4004,-0.1526,1.2291,-0.1051,64.391,64.362,-4.8482,108.631,-0.0558,0.0,0.0,0.0,-0.03,1119.2,0.0,10.0,270.0,0,134.342,-0.03447388884424074,0.05678380976038469,-0.03,0.09247326101307951,0.27225415256407115,1.0,0.0,378.4297407736006,8.464343733740082,-0.7419999999999902,14.846,5.758689017868575,0.0007135171520040221,0.18125838883892903,5.227243566973697,-0.04943086426197851,-6.619599999999991,0.0,-0.9254886999253154,flare,-0.8287348467249238,-1.1742180557835535,-2.481730915014383,
134.45,63.96790753,-22.60527009,145.285,17.751,-1.091,-1.0709,353.3897,-0.1498,1.2223,-0.1087,64.264,64.237,-4.6407,108.4201,-0.0441,0.0,0.0,0.0,-0.03,1115.3,0.0,10.0,270.0,0,134.45,-0.034289384176842796,0.05676092488401516,-0.03,0.09256471663786414,0.2695751172572914,1.0,0.0,381.7372550928901,8.461719381240922,-1.2150000000000034,14.251000000000001,5.758689017868575,0.0005945976266700184,0.18142646658351905,5.228019548523611,-0.04330512273259046,-6.630300000000034,0.0,-0.9482557204708575,flare,-0.8290433047799617,-1.183877822244602,-2.3575749793158955,
134.55,63.96793961,-22.60527011,144.795,17.133,-1.1071,-0.939,353.3777,-0.1475,1.2127,-0.113,64.123,64.099,-4.4184,108.1864,-0.032,0.0,0.0,0.0,-0.03,1111.2,0.0,10.0,270.0,0,134.55,-0.03408884111530369,0.056775962698184995,-0.03,0.09266701626068308,0.2667230837767116,1.0,0.0,385.3134285239456,8.459491186575262,-1.7050000000000125,13.633,5.758689017868575,0.0004954980222250153,0.1816217474015354,5.228754991435353,-0.03694727702327327,-6.6422999999999774,0.0,-0.9902324731552877,flare,-0.8293829529770846,-1.1939319628574765,-2.2288420737363444,
134.642,63.96796669,-22.60527013,144.4,16.636,-1.1206,-0.8282,353.3672,-0.1448,1.2034,-0.1169,64.001,63.979,-4.232,107.9847,-0.0222,0.0,0.0,0.0,-0.03,1107.8,0.0,10.0,270.0,0,134.642,-0.03391268181855783,0.05684193365061177,-0.03,0.09275629649160688,0.2643807275867619,1.0,0.0,388.3322182612871,8.457457555356491,-2.0999999999999943,13.136,5.758689017868575,0.000412915018520846,0.18178371690061854,5.229444244749808,-0.03177913433356139,-6.6527999999999565,0.0,-1.0207646989158943,flare,-0.829673600723428,-1.2021258923687466,-2.125599133611985,
134.75,63.96799864,-22.60527014,143.954,16.072,-1.136,-0.6984,353.3543,-0.1394,1.1906,-0.1217,63.855,63.835,-4.0142,107.7418,-0.0112,0.0,0.0,0.0,-0.03,1103.7,0.0,10.0,270.0,0,134.75,-0.03371180644065913,0.056974622160521876,-0.03,0.09286568728640954,0.2616730790056643,1.0,0.0,391.89389988694467,8.455724356669979,-2.5459999999999923,12.572,5.758689017868575,0.0003440958487673717,0.18198962432217028,5.230273124895503,-0.025956023829508013,-6.665700000000015,0.0,-1.0508635310009833,flare,-0.8300377537444632,-1.2114125377901122,-2.0088738104361408,
134.842,63.96802561,-22.60527015,143.595,15.613,-1.1487,-0.5897,353.343,-0.1362,1.1786,-0.1262,63.73,63.711,-3.8326,107.5323,-0.0024,0.0,0.0,0.0,-0.03,1100.3,0.0,10.0,270.0,0,134.842,-0.03354105047882344,0.05712485280161947,-0.03,0.09296124177236276,0.2594330800539662,1.0,0.0,394.9004273546358,8.454184943175534,-2.905000000000001,12.113,5.758689017868575,0.0002867465406394764,0.18216222113585417,5.230992544990323,-0.02127877736091932,-6.676999999999907,0.0,-1.0788482692894141,flare,-0.8303457730171679,-1.2188944778001058,-1.9143116037050723,
134.933,63.96805497,-22.60527015,143.223,15.131,-1.1621,-0.4725,353.3301,-0.131,1.1627,-0.1313,63.591,63.573,-3.6376,107.2997,0.0069,0.0,0.0,0.0,-0.03,1096.6,0.0,10.0,270.0,0,134.933,-0.03336617654644253,0.05731587796571638,-0.03,0.09307001963650774,0.25704815704935136,1.0,0.0,398.1733843983453,8.453042465595349,-3.276999999999987,11.631,5.758689017868575,0.00023895545053289696,0.18236206348105508,5.231720148713961,-0.016315545354785854,-6.689899999999966,0.0,-1.119632292760633,flare,-0.8306905319245921,-1.2268601829046357,-1.8155143511643717,
135.042,63.96808671,-22.60527014,142.841,14.631,-1.176,-0.3475,353.3156,-0.1259,1.1432,-0.1373,63.439,63.421,-3.4306,107.0431,0.0165,0.0,0.0,0.0,-0.03,1092.6,0.0,10.0,270.0,0,135.042,-0.033189996242844355,0.05756165127544241,-0.03,0.0931918993228773,0.2545415889814424,1.0,0.0,401.71165625138764,8.452297313056425,-3.658999999999992,11.131,5.758689017868575,0.00019912954211074747,0.18258924410767174,5.232613793114703,-0.01116822705546383,-6.704399999999964,0.0,-1.144619849131842,flare,-0.8310899519471526,-1.2351835283798547,-1.713660186584371,
135.142,63.96811351,-22.60527013,142.535,14.225,-1.1874,-0.2434,353.3028,-0.122,1.123,-0.1425,63.308,63.29,-3.2592,106.8223,0.0243,0.0,0.0,0.0,-0.03,1089.2,0.0,10.0,270.0,0,135.142,-0.03304793094751535,0.05778294274155779,-0.03,0.0932991466581854,0.2524839848520778,1.0,0.0,404.69923301558225,8.45174438920075,-3.9650000000000034,10.725,5.758689017868575,0.00016594128509228955,0.182783188037752,5.23345006594143,-0.006966322405048686,-6.717200000000048,0.0,-1.1596544083016815,flare,-0.8314392089468505,-1.2420124299718953,-1.631490778786171,
135.233,63.96814025,-22.60527011,142.245,13.836,-1.1984,-0.1417,353.2895,-0.1188,1.0891,-0.1478,63.175,63.158,-3.0915,106.5982,0.0317,0.0,0.0,0.0,-0.03,1085.8,0.0,10.0,270.0,0,135.233,-0.0329115268383936,0.058016951338300454,-0.03,0.09341024261985253,0.2504955742433651,1.0,0.0,407.680121345931,8.451683737607642,-4.2549999999999955,10.336,5.758689017868575,0.00013828440424357461,0.1829877655450821,5.234227154072676,-0.0029614744242962843,-6.730500000000006,0.0,-1.1870984131413795,flare,-0.8317957707932813,-1.2485561904176734,-1.553260625216713,
135.333,63.96816936,-22.60527009,141.946,13.428,-1.2102,-0.0349,353.2744,-0.1163,1.0411,-0.1538,63.028,63.011,-2.9114,106.3508,0.0395,0.0,0.0,0.0,-0.03,1082.1,0.0,10.0,270.0,0,135.333,-0.032764539298470896,0.05830062137065303,-0.03,0.09353595322671115,0.248394001740395,1.0,0.0,410.9252095471143,8.451530862684141,-4.554000000000002,9.928,5.758689017868575,0.00011523700353631217,0.18320911697916104,5.235100641923683,0.0012803588379313169,-6.745599999999968,0.0,-1.2128167392194422,flare,-0.8321852529466902,-1.255504455011156,-1.471779528052986,
135.433,63.9681984,-22.60527006,141.664,13.038,-1.2218,0.0668,353.2588,-0.1142,0.9868,-0.1602,62.881,62.863,-2.736,106.1005,0.0467,0.0,0.0,0.0,-0.03,1078.5,0.0,10.0,270.0,0,135.433,-0.03260981974295585,0.05860481138276133,-0.03,0.09366535641993357,0.24637154551773163,1.0,0.0,414.16249454776613,8.451870649150207,-4.836000000000013,9.538,5.758689017868575,9.603083628026014e-05,0.18344116315841996,5.2359944227664466,0.005218662781715011,-6.761199999999917,0.0,-1.2361970356540446,flare,-0.83259108192075,-1.2620214365476201,-1.3944809344251414,
135.55,63.96823219,-22.60527003,141.357,12.606,-1.235,0.1784,353.2397,-0.1119,0.9203,-0.1681,62.707,62.688,-2.5393,105.8049,0.0547,0.0,0.0,0.0,-0.03,1074.2,0.0,10.0,270.0,0,135.55,-0.03243302321202085,0.05892605150054539,-0.03,0.09382314199262631,0.24411790426543295,1.0,0.0,417.92929405677296,8.452025600002546,-5.143000000000001,9.106,5.758689017868575,8.002569690021678e-05,0.18370665652634174,5.23706772333124,0.00962130166129782,-6.780299999999897,0.0,-1.2590136221563357,flare,-0.8330611219347688,-1.2693308351220836,-1.3095769557987644,
135.642,63.96825868,-22.60527,141.132,12.282,-1.2452,0.2606,353.224,-0.1104,0.8686,-0.1746,62.569,62.549,-2.3923,105.5704,0.0605,0.0,0.0,0.0,-0.03,1070.9,0.0,10.0,270.0,0,135.642,-0.032288808614664544,0.05911972098119886,-0.03,0.09395230398390086,0.24241984955875012,1.0,0.0,420.8823133735752,8.452464613741254,-5.367999999999995,8.782,5.758689017868575,6.668808075018065e-05,0.18392223327751425,5.237928227774555,0.012834907143172813,-6.796000000000049,0.0,-1.280921474687599,flare,-0.8334415465228844,-1.2747218221879812,-1.2464251906119763,
135.733,63.96828511,-22.60526996,140.92,11.972,-1.2552,0.3381,353.2077,-0.1078,0.8166,-0.1812,62.43,62.409,-2.2526,105.3339,0.066,0.0,0.0,0.0,-0.03,1067.6,0.0,10.0,270.0,0,135.733,-0.032146016025326796,0.05924695313081116,-0.03,0.09408589035905601,0.24078996061222663,1.0,0.0,423.82864425732345,8.453395899568193,-5.5800000000000125,8.472,5.758689017868575,5.5573400625150545e-05,0.18414854941552364,5.238797363480452,0.015900322241805043,-6.81230000000005,0.0,-1.3033352067589465,flare,-0.8338370616130995,-1.279912888713076,-1.1864462891023528,
135.842,63.96831626,-22.60526991,140.685,11.621,-1.2668,0.4237,353.1877,-0.1052,0.7585,-0.1891,62.265,62.242,-2.098,105.0522,0.0721,0.0,0.0,0.0,-0.03,1063.8,0.0,10.0,270.0,0,135.842,-0.03197631858378491,0.05928065721694384,-0.03,0.0942490878329948,0.23893954520637378,1.0,0.0,427.3011455188061,8.45463345466188,-5.814999999999998,8.121,5.758689017868575,4.631116718762545e-05,0.18441898681487243,5.239864735955961,0.01932354633470368,-6.832300000000032,0.0,-1.3224648668617494,flare,-0.8343129299241845,-1.285760834872642,-1.119081974653687,
135.942,63.96834495,-22.60526987,140.482,11.311,-1.2772,0.4972,353.1684,-0.1029,0.7089,-0.1963,62.112,62.087,-1.9658,104.7904,0.0773,0.0,0.0,0.0,-0.03,1060.3,0.0,10.0,270.0,0,135.942,-0.03182045951769269,0.059181667890747386,-0.03,0.09440582944588549,0.2373019385957589,1.0,0.0,430.4994138319262,8.455476797732219,-6.018000000000001,7.811,5.758689017868575,3.8592639323021206e-05,0.18466222549405162,5.240864742718846,0.022264968480186553,-6.851599999999962,0.0,-1.3413316971470517,flare,-0.8347454461955444,-1.290820866780857,-1.0600891888981927,
136.042,63.96837356,-22.60526982,140.292,11.014,-1.2874,0.566,353.1485,-0.1007,0.6637,-0.2033,61.959,61.931,-1.8441,104.5272,0.082,0.0,0.0,0.0,-0.03,1056.8,0.0,10.0,270.0,0,136.042,-0.031659625917450473,0.0589473819898754,-0.03,0.0945666788614955,0.23573098457955696,1.0,0.0,433.68876417703694,8.456813191145335,-6.207999999999998,7.513999999999999,5.758689017868575,3.216053276918434e-05,0.1849162095790286,5.241886814534352,0.024947659138291556,-6.871499999999969,0.0,-1.358483361042781,flare,-0.8351945753421646,-1.2955175530875636,-1.0040288868770375,
136.142,63.9684021,-22.60526977,140.114,10.729,-1.2974,0.6305,353.1278,-0.0988,0.623,-0.2101,61.805,61.774,-1.7326,104.2627,0.0864,0.0,0.0,0.0,-0.03,1053.4,0.0,10.0,270.0,0,136.142,-0.031499745750312946,0.058563386045126536,-0.03,0.09473317057428321,0.23422243156083383,1.0,0.0,436.8703111498036,8.458152308449364,-6.385999999999996,7.228999999999999,5.758689017868575,2.680044397432028e-05,0.1851703202122951,5.242930890507133,0.02747962806245141,-6.8922000000000025,0.0,-1.3749848736752666,flare,-0.8356463510387364,-1.2999919687487012,-0.9506690118816117,
136.242,63.96843057,-22.60526972,139.946,10.455,-1.3072,0.6911,353.1065,-0.0973,0.587,-0.2165,61.65,61.617,-1.6313,103.9972,0.0902,0.0,0.0,0.0,-0.03,1050.0,0.0,10.0,270.0,0,136.242,-0.03133065948758107,0.05801931729422663,-0.03,0.09490361118480906,0.23277181388696627,1.0,0.0,440.04405475181045,8.459494149643756,-6.554000000000002,6.955,5.758689017868575,2.2333703311933565e-05,0.1854245555802687,5.24399690976347,0.029694395773759652,-6.913499999999999,0.0,-1.3908953397047967,flare,-0.8361007640205464,-1.3039944932548853,-0.8997821212606194,
136.342,63.96845897,-22.60526966,139.788,10.191,-1.3169,0.7484,353.0846,-0.0963,0.5559,-0.2225,61.496,61.459,-1.5388,103.7314,0.0936,0.0,0.0,0.0,-0.03,1046.6,0.0,10.0,270.0,0,136.342,-0.03115554346441135,0.05735135942476968,-0.03,0.09507792574155816,0.2313744949477496,1.0,0.0,443.2099951524935,8.461328651879871,-6.711999999999989,6.691000000000001,5.758689017868575,1.8611419426611303e-05,0.18568966580208812,5.245085886644468,0.031699712015239356,-6.935399999999959,0.0,-1.4044503088225073,flare,-0.8365720604966356,-1.30770811008464,-0.8511456747232682,
136.442,63.96848729,-22.6052696,139.639,9.936,-1.3265,0.8027,353.0621,-0.096,0.5298,-0.2282,61.341,61.302,-1.4538,103.4658,0.0962,0.0,0.0,0.0,-0.03,1043.3,0.0,10.0,270.0,0,136.442,-0.03096065009490878,0.05655639440983681,-0.03,0.09525603722823206,0.23002570460297225,1.0,0.0,446.36701741414686,8.463166267307955,-6.86099999999999,6.436,5.758689017868575,1.550951618884275e-05,0.18595485219931168,5.24619775224225,0.033272215561652274,-6.957899999999995,0.0,-1.417682098929561,flare,-0.837046036931973,-1.310776647909032,-0.8045422172013179,
136.533,63.96851554,-22.60526954,139.498,9.689,-1.3361,0.8547,353.039,-0.0956,0.5084,-0.2334,61.187,61.145,-1.3762,103.2005,0.0982,0.0,0.0,0.0,-0.03,1040.1,0.0,10.0,270.0,0,136.533,-0.030747665948253455,0.05564830348433544,-0.03,0.09543786657065856,0.22872057156783465,1.0,0.0,449.51623630424825,8.465006606626677,-7.0020000000000095,6.189,5.758689017868575,1.2924596824035626e-05,0.18622018346584468,5.247230322422507,0.03451954060349749,-6.9809999999999945,0.0,-1.4426480619639743,flare,-0.8375112618185341,-1.313344409604392,-0.7597594827873984,
136.633,63.96854137,-22.60526949,139.375,9.469,-1.3449,0.9007,353.0174,-0.0947,0.4938,-0.2378,61.047,61.001,-1.3112,102.9576,0.0995,0.0,0.0,0.0,-0.03,1037.2,0.0,10.0,270.0,0,136.633,-0.030537340779874744,0.054721311159176306,-0.03,0.0956069433497202,0.2275596106116153,1.0,0.0,452.39568131589795,8.466451177238897,-7.125,5.968999999999999,5.758689017868575,1.0770497353363021e-05,0.18645810355013628,5.248385365036113,0.035371612068814784,-7.0026000000000295,0.0,-1.4387709654217664,flare,-0.8379542612348629,-1.3152861670866596,-0.7201747435251633,
136.742,63.96857183,-22.60526942,139.238,9.218,-1.3551,0.9534,352.9914,-0.0939,0.478,-0.2424,60.881,60.831,-1.2413,102.671,0.1002,0.0,0.0,0.0,-0.03,1033.8,0.0,10.0,270.0,0,136.742,-0.030271026379768307,0.05350161691581387,-0.03,0.09580925020391584,0.22623724002712642,1.0,0.0,455.791263969795,8.468695456761973,-7.2620000000000005,5.718,5.758689017868575,8.97541446113585e-06,0.1867512731448723,5.24967212031594,0.03591681472408936,-7.028599999999983,0.0,-1.4464223121849475,flare,-0.838484740072424,-1.3168989548893428,-0.6753665652074616,
136.85,63.96860219,-22.60526936,139.107,8.973,-1.3652,1.0044,352.965,-0.0928,0.4652,-0.2466,60.715,60.662,-1.1782,102.3852,0.1001,0.0,0.0,0.0,-0.03,1030.5,0.0,10.0,270.0,0,136.85,-0.029982726626169354,0.05214981506992275,-0.03,0.09601331579126982,0.2249491767452127,1.0,0.0,459.1756987778943,8.470453690058855,-7.393000000000001,5.473000000000001,5.758689017868575,7.479512050946541e-06,0.18703367426842096,5.250972937503792,0.03601694094339791,-7.055000000000064,0.0,-1.4546600144442203,flare,-0.8390026473533148,-1.3178255710902445,-0.6319997660271088,
136.95,63.96863015,-22.6052693,138.992,8.754,-1.3746,1.0502,352.9401,-0.0923,0.4516,-0.2501,60.563,60.506,-1.1254,102.122,0.0994,0.0,0.0,0.0,-0.03,1027.5,0.0,10.0,270.0,0,136.95,-0.029695468057854724,0.05081330459759262,-0.03,0.09620453728430456,0.22380043836966776,1.0,0.0,462.29258941431,8.472305314067404,-7.50800000000001,5.254,5.758689017868575,6.232926709122118e-06,0.1872995408796907,5.252199648466748,0.035768577633149334,-7.079899999999952,0.0,-1.460600013131118,flare,-0.8394904620383095,-1.3181845776130228,-0.5935495433025846,
137.042,63.96865571,-22.60526924,138.891,8.558,-1.383,1.0912,352.9171,-0.0908,0.4434,-0.2531,60.424,60.363,-1.0814,101.8813,0.0981,0.0,0.0,0.0,-0.03,1024.8,0.0,10.0,270.0,0,137.042,-0.029419717046107685,0.04950317414541974,-0.03,0.09638009039331996,0.2227747271396739,1.0,0.0,465.1419358774578,8.4742503286141,-7.609000000000009,5.058,5.758689017868575,5.194105590935098e-06,0.18754873082787443,5.253347386114281,0.035169243356307334,-7.102899999999977,0.0,-1.4651699724116718,flare,-0.8399474486779823,-1.317971157698139,-0.5593924894355418,
137.142,63.96868353,-22.60526918,138.786,8.348,-1.3919,1.1355,352.8916,-0.0867,0.4436,-0.256,60.273,60.208,-1.0379,101.6195,0.0959,0.0,0.0,0.0,-0.03,1021.9,0.0,10.0,270.0,0,137.142,-0.029103720807480027,0.04798344021478804,-0.03,0.09657351664545344,0.22167852039291716,1.0,0.0,468.2432197699774,8.47610740023014,-7.713999999999999,4.848000000000001,5.758689017868575,4.328421325779248e-06,0.18781481885432363,5.2546177100459985,0.034070957091131504,-7.128400000000056,0.0,-1.4692454294651607,flare,-0.8404404698528651,-1.3170636865910854,-0.5230661416413813,
137.25,63.96871359,-22.60526912,138.676,8.126,-1.4011,1.1835,352.8638,-0.0825,0.4435,-0.2588,60.11,60.04,-0.9949,101.3368,0.0929,0.0,0.0,0.0,-0.03,1018.9,0.0,10.0,270.0,0,137.25,-0.02875762794188269,0.046255286640597,-0.03,0.09678294170486768,0.22052309179719148,1.0,0.0,471.5942115569133,8.477877307518177,-7.824000000000012,4.6259999999999994,5.758689017868575,3.607017771482707e-06,0.1880977985961342,5.256015648538216,0.032525602008746546,-7.156199999999899,0.0,-1.4728830503555312,flare,-0.8409700839108254,-1.3155407718425263,-0.4849717045103876,
137.333,63.96873895,-22.60526907,138.587,7.942,-1.4086,1.2238,352.8399,-0.0806,0.4374,-0.2609,59.972,59.899,-0.9613,101.0984,0.0897,0.0,0.0,0.0,-0.03,1016.3,0.0,10.0,270.0,0,137.333,-0.028453584082814176,0.0447292121297779,-0.03,0.09696178051952697,0.2195683310337786,1.0,0.0,474.42126250186243,8.479340167284647,-7.913000000000011,4.442,5.758689017868575,3.0058481429022557e-06,0.18833643175296175,5.257105929079422,0.030835919002697665,-7.180100000000039,0.0,-1.4901346459968146,flare,-0.8414067115964947,-1.3136620156722305,-0.4536401242173209,
137.442,63.96876656,-22.60526902,138.493,7.744,-1.4164,1.2679,352.8137,-0.0749,0.4442,-0.2632,59.823,59.746,-0.9277,100.8391,0.0856,0.0,0.0,0.0,-0.03,1013.6,0.0,10.0,270.0,0,137.442,-0.028117393212789832,0.043007861724058766,-0.03,0.09715654878337321,0.21854407756455368,1.0,0.0,477.49913610791356,8.480715473248004,-8.007000000000005,4.244,5.758689017868575,2.5048734524185463e-06,0.1885919992678668,5.258561638790631,0.02863706189629056,-7.206300000000056,0.0,-1.4789380851847511,flare,-0.8419068026085768,-1.3111149297164904,-0.42017219294686114,
137.542,63.96879409,-22.60526896,138.402,7.55,-1.4238,1.3124,352.7873,-0.0704,0.4474,-0.2653,59.674,59.592,-0.8961,100.5807,0.0809,0.0,0.0,0.0,-0.03,1011.0,0.0,10.0,270.0,0,137.542,-0.027776481076301596,0.04123893357945549,-0.03,0.09735144937724594,0.21754389746495528,1.0,0.0,480.5680917467475,8.482583829727924,-8.098000000000013,4.05,5.758689017868575,2.087394543682122e-06,0.1888585010033767,5.259918950095,0.02608466199805548,-7.2327000000000226,0.0,-1.4799437138043277,flare,-0.8424101712810703,-1.3080425770502266,-0.3876314567999479,
137.642,63.96882384,-22.60526891,138.307,7.344,-1.4312,1.361,352.7585,-0.0657,0.4503,-0.2676,59.514,59.427,-0.864,100.3017,0.0751,0.0,0.0,0.0,-0.03,1008.2,0.0,10.0,270.0,0,137.642,-0.027404886610379542,0.0392873973803608,-0.03,0.09756251849795528,0.21648574943531013,1.0,0.0,483.8845255732298,8.483875862635742,-8.193000000000012,3.8440000000000003,5.758689017868575,1.739495453068435e-06,0.18913100214532785,5.261298987142549,0.02289969399663505,-7.261499999999955,0.0,-1.490857921640303,flare,-0.8429239876306198,-1.30403726180581,-0.3533522345354676,
137.75,63.96885123,-22.60526887,138.222,7.157,-1.4375,1.4062,352.7316,-0.0606,0.4551,-0.2697,59.366,59.275,-0.8358,100.0452,0.0692,0.0,0.0,0.0,-0.03,1005.7,0.0,10.0,270.0,0,137.75,-0.027064698551305333,0.037444306107101394,-0.03,0.09775820323689766,0.2155288774665905,1.0,0.0,486.9378741261268,8.484769792247477,-8.277999999999992,3.657,5.758689017868575,1.4495795442236957e-06,0.1893759111007395,5.262810909187716,0.019630759996488223,-7.2883999999999105,0.0,-1.479904507888489,flare,-0.8434164021896109,-1.2998737777139802,-0.32248126931949805,
137.842,63.96887627,-22.60526883,138.147,6.988,-1.443,1.4476,352.7068,-0.0581,0.4506,-0.2716,59.231,59.136,-0.8107,99.8107,0.0633,0.0,0.0,0.0,-0.03,1003.4,0.0,10.0,270.0,0,137.842,-0.02674601914447211,0.03574089329569158,-0.03,0.09793736316662127,0.21466727956536205,1.0,0.0,489.7292523439367,8.48575516676072,-8.353000000000009,3.4880000000000004,5.758689017868575,1.2079829535197464e-06,0.1896040746517906,5.264115197267506,0.016337009528342605,-7.313200000000052,0.0,-1.478766943930226,flare,-0.8438633921290517,-1.2956047823692831,-0.2947851126390262,
137.933,63.96890353,-22.6052688,138.068,6.807,-1.4486,1.4929,352.6796,-0.0528,0.4562,-0.2739,59.085,58.985,-0.7847,99.5559,0.0563,0.0,0.0,0.0,-0.03,1001.0,0.0,10.0,270.0,0,137.933,-0.02639208379202823,0.03386506090879421,-0.03,0.09813248497780047,0.2137479941316123,1.0,0.0,492.768108749395,8.486164217701862,-8.431999999999988,3.3070000000000004,5.758689017868575,1.0066524612664552e-06,0.18983818542486164,5.26542265604279,0.012401415111696679,-7.340400000000045,0.0,-1.4901877312452936,flare,-0.8443185564586422,-1.2903852876278101,-0.26533773385413895,
138.05,63.96893297,-22.60526876,137.984,6.613,-1.454,1.5427,352.6498,-0.0474,0.4616,-0.2766,58.928,58.823,-0.7565,99.2816,0.0481,0.0,0.0,0.0,-0.03,998.5,0.0,10.0,270.0,0,138.05,-0.026015240406436213,0.03184085206950496,-0.03,0.09834460657349242,0.21276686822287455,1.0,0.0,496.04998461621574,8.486978376229182,-8.515999999999991,3.1130000000000004,5.758689017868575,8.388770510553793e-07,0.19009998417810503,5.267129205833061,0.007758686191152719,-7.370199999999954,0.0,-1.4767052413030086,flare,-0.8448551145330008,-1.2842270362834185,-0.23402413298662417,
138.142,63.96896008,-22.60526874,137.91,6.438,-1.4587,1.5884,352.622,-0.0452,0.4559,-0.2794,58.783,58.674,-0.7299,99.03,0.0399,0.0,0.0,0.0,-0.03,996.2,0.0,10.0,270.0,0,138.142,-0.025653352691071662,0.02998763526917886,-0.03,0.09854093602298153,0.21188570269719847,1.0,0.0,499.07211934086405,8.486903326927788,-8.590000000000003,2.9379999999999997,5.758689017868575,6.990642092128161e-07,0.19032316213282577,5.268486407184726,0.0030849386940019485,-7.397999999999911,0.0,-1.4857399426865496,flare,-0.8453015138800275,-1.2778866520440548,-0.20599938091878833,
138.233,63.96898487,-22.60526872,137.845,6.28,-1.4627,1.6305,352.5962,-0.0399,0.4631,-0.2822,58.652,58.538,-0.706,98.8007,0.0318,0.0,0.0,0.0,-0.03,994.1,0.0,10.0,270.0,0,138.233,-0.025313964723430726,0.02830179289944107,-0.03,0.09872179845280127,0.2110934089842634,1.0,0.0,501.8356280312742,8.486918554972577,-8.655000000000001,2.7800000000000002,5.758689017868575,5.825535076773467e-07,0.19052958627074293,5.269843524100237,-0.0015587771584648635,-7.423800000000028,0.0,-1.48154180603871,flare,-0.8457258795422895,-1.271557864250898,-0.18087885051160946,
138.35,63.9690141,-22.6052687,137.77,6.096,-1.4667,1.6812,352.5655,-0.0345,0.4726,-0.2859,58.497,58.378,-0.6777,98.5313,0.0217,0.0,0.0,0.0,-0.03,991.7,0.0,10.0,270.0,0,138.35,-0.0249223031849517,0.026309067470375036,-0.03,0.09893532801028548,0.21017478923802702,1.0,0.0,505.0940934413983,8.486761010696132,-8.72999999999999,2.596,5.758689017868575,4.854612563977889e-07,0.19076961198422554,5.2716111789584,-0.007381487960344657,-7.454500000000053,0.0,-1.4672913077430496,flare,-0.8462407027385019,-1.2635957680594405,-0.15184299713345162,
138.433,63.96903876,-22.60526869,137.71,5.947,-1.4698,1.7244,352.5391,-0.032,0.4748,-0.2891,58.367,58.244,-0.6534,98.3046,0.0128,0.0,0.0,0.0,-0.03,989.7,0.0,10.0,270.0,0,138.433,-0.0245869550381157,0.02466414649356699,-0.03,0.09911748828297884,0.20943420190478435,1.0,0.0,507.8431099843697,8.48629136024439,-8.789999999999992,2.447,5.758689017868575,4.0455104699815743e-07,0.19096501088099646,5.2728764839330715,-0.012539657619043965,-7.48090000000002,0.0,-1.4762889216065018,flare,-0.8466402218759619,-1.2564570240230015,-0.1285031780906536,
138.542,63.96906784,-22.60526869,137.641,5.779,-1.473,1.7767,352.5076,-0.0268,0.4914,-0.2932,58.215,58.086,-0.6249,98.0381,0.0017,0.0,0.0,0.0,-0.03,987.4,0.0,10.0,270.0,0,138.542,-0.02418746603882399,0.022759526832934834,-0.03,0.09933307219841447,0.20860282174446687,1.0,0.0,511.0848535418712,8.485159778226755,-8.859000000000009,2.279,5.758689017868575,3.371258724984645e-07,0.19118295792862255,5.274557308455668,-0.01900647987707771,-7.512399999999957,0.0,-1.468853148082626,flare,-0.8471162300767716,-1.2474691265633684,-0.10237342181144449,
138.633,63.96909015,-22.60526869,137.59,5.652,-1.4751,1.818,352.4831,-0.0229,0.5037,-0.2965,58.098,57.965,-0.6027,97.8339,-0.0072,0.0,0.0,0.0,-0.03,985.7,0.0,10.0,270.0,0,138.633,-0.02388147047043171,0.021304397780662288,-0.03,0.09949942089327846,0.2079769676755454,1.0,0.0,513.5718995787352,8.484291635351656,-8.909999999999997,2.152,5.758689017868575,2.809382270820537e-07,0.1913505426421284,5.275970717333786,-0.0242166325961648,-7.53690000000006,0.0,-1.4522041605945888,flare,-0.8474958842898452,-1.2402214549828336,-0.08275201477675687,
138.742,63.96911909,-22.6052687,137.527,5.49,-1.4774,1.8732,352.4507,-0.0192,0.5149,-0.3006,57.946,57.808,-0.5728,97.5696,-0.0191,0.0,0.0,0.0,-0.03,983.5,0.0,10.0,270.0,0,138.742,-0.0234861878768719,0.019446661337693905,-0.03,0.09971762618253965,0.2071820034163796,1.0,0.0,516.7980362213202,8.482675563790705,-8.973000000000013,1.9900000000000002,5.758689017868575,2.3411518923504476e-07,0.19155735524949985,5.277681108783002,-0.031216089588582463,-7.569299999999998,0.0,-1.4469579107991077,flare,-0.8479605879760257,-1.2304159151468994,-0.057887864018690394,
138.833,63.96914351,-22.60526871,137.476,5.355,-1.4791,1.9206,352.423,-0.0166,0.5217,-0.3041,57.819,57.676,-0.5468,97.3469,-0.0295,0.0,0.0,0.0,-0.03,981.6,0.0,10.0,270.0,0,138.833,-0.0231482183367,0.01791808518063409,-0.03,0.09990257017437987,0.20652248326863945,1.0,0.0,519.5202980059538,8.481235377742683,-9.024000000000001,1.8550000000000004,5.758689017868575,1.9509599102920396e-07,0.19173054650338114,5.279119622484834,-0.03736290979884416,-7.59699999999998,0.0,-1.4422894094177543,flare,-0.8483504411063869,-1.2217766965558283,-0.03730915798604606,
138.942,63.96917231,-22.60526874,137.419,5.2,-1.4808,1.9775,352.3899,-0.0136,0.5283,-0.3082,57.669,57.521,-0.5151,97.0848,-0.0422,0.0,0.0,0.0,-0.03,979.5,0.0,10.0,270.0,0,138.942,-0.022743628686236472,0.016151737422606782,-0.03,0.10012162629285881,0.20576863932695644,1.0,0.0,522.730827562602,8.478644879487607,-9.080999999999989,1.7000000000000002,5.758689017868575,1.6257999252433662e-07,0.19191508990809228,5.280857565989788,-0.04490484342733225,-7.63009999999997,0.0,-1.4362764439243918,flare,-0.8487889765122745,-1.211115971454154,-0.013840674126811336,
139.05,63.96920102,-22.60526877,137.365,5.048,-1.4821,2.0348,352.3563,-0.011,0.5311,-0.3123,57.52,57.367,-0.4823,96.8238,-0.0553,0.0,0.0,0.0,-0.03,977.4,0.0,10.0,270.0,0,139.05,-0.02233884844104883,0.01443611166272904,-0.03,0.10034183116016249,0.20503297282773045,1.0,0.0,525.931324213535,8.476057883377438,-9.134999999999991,1.548,5.758689017868575,1.3548332710361385e-07,0.1920994190412537,5.28259321600868,-0.05272394042120254,-7.663700000000063,0.0,-1.4311267335339488,flare,-0.8492269707853097,-1.2000373337551036,0.009008257813803766,
139.133,63.96922526,-22.60526881,137.322,4.922,-1.4832,2.0832,352.3275,-0.0107,0.5285,-0.3159,57.394,57.236,-0.4509,96.6042,-0.0668,0.0,0.0,0.0,-0.03,975.7,0.0,10.0,270.0,0,139.133,-0.021978496533039793,0.013085396880533673,-0.03,0.10052884783205485,0.20442589046957277,1.0,0.0,528.6335196720925,8.473154889819236,-9.177999999999997,1.4219999999999997,5.758689017868575,1.1290277258634488e-07,0.19223910525249807,5.283933887180346,-0.05961895509162218,-7.6924999999999955,0.0,-1.4390308749542,flare,-0.8495617476803403,-1.1901898068220245,0.027824493675090878,
139.25,63.96925383,-22.60526886,137.276,4.778,-1.4842,2.1409,352.2931,-0.0082,0.5347,-0.3202,57.247,57.084,-0.4101,96.3462,-0.0809,0.0,0.0,0.0,-0.03,973.7,0.0,10.0,270.0,0,139.25,-0.021546409957338697,0.011625801013979559,-0.03,0.1007501379586182,0.2037351875585426,1.0,0.0,531.8184092370885,8.469593466840882,-9.22399999999999,1.2779999999999996,5.758689017868575,9.408564382195406e-08,0.1924009506621858,5.285837456247818,-0.06811012238398462,-7.7269000000000005,0.0,-1.4224290005411226,flare,-0.8499891183038315,-1.1780840673545079,0.04919054677188761,
139.333,63.96927576,-22.6052689,137.244,4.67,-1.4849,2.1852,352.2663,-0.0084,0.531,-0.3235,57.134,56.967,-0.3761,96.1488,-0.092,0.0,0.0,0.0,-0.03,972.2,0.0,10.0,270.0,0,139.333,-0.021205643924041895,0.010581692222597083,-0.03,0.10092096273437412,0.20321936919424236,1.0,0.0,534.2630934296777,8.466780361675378,-9.256,1.17,5.758689017868575,7.840470318496172e-08,0.1925236534681548,5.287192769190056,-0.0748234622428754,-7.753699999999981,0.0,-1.416885071685798,flare,-0.8503032202819547,-1.1684762819345753,0.06511821405379337,
139.442,63.96930202,-22.60526897,137.209,4.544,-1.4857,2.2384,352.2337,-0.0058,0.5325,-0.3274,57.0,56.827,-0.3336,95.913,-0.1058,0.0,0.0,0.0,-0.03,970.4,0.0,10.0,270.0,0,139.442,-0.020779255036142308,0.009409362024460688,-0.03,0.1011268989323475,0.20262001105926072,1.0,0.0,537.1904713866646,8.462328952439975,-9.290999999999997,1.0439999999999996,5.758689017868575,6.533725265413476e-08,0.19264624565043895,5.288981076237897,-0.08320197485011249,-7.786299999999983,0.0,-1.3998371377293655,flare,-0.8506659958020428,-1.1564403080992562,0.08359543235019906,
139.533,63.96932821,-22.60526904,137.178,4.423,-1.4862,2.2914,352.2008,-0.0041,0.5277,-0.3312,56.866,56.688,-0.2894,95.6784,-0.12,0.0,0.0,0.0,-0.03,968.7,0.0,10.0,270.0,0,139.533,-0.020346396730958338,0.008302775673211138,-0.03,0.1013326649039723,0.20204693466353446,1.0,0.0,540.1100459720997,8.457880267269275,-9.322000000000003,0.923,5.758689017868575,5.4447710545112294e-08,0.1927685870592099,5.290479775062363,-0.09186041924272104,-7.81919999999991,0.0,-1.406445349983769,flare,-0.8509957882566859,-1.143933097531706,0.1012328371422555,
139.642,63.96935651,-22.60526913,137.149,4.298,-1.4865,2.3482,352.1647,-0.001,0.5214,-0.3353,56.722,56.538,-0.2406,95.4253,-0.1357,0.0,0.0,0.0,-0.03,966.8,0.0,10.0,270.0,0,139.642,-0.019873288077269957,0.0071708755547369996,-0.03,0.10155606044418242,0.20145751980663973,1.0,0.0,543.2648361334918,8.452369601601058,-9.350999999999999,0.798,5.758689017868575,4.537309212092691e-08,0.19288504917903948,5.2922821689068185,-0.1014776798075161,-7.855299999999943,0.0,-1.398686765206251,flare,-0.8513520929873053,-1.130024202720472,0.11934354199120634,
139.733,63.96938256,-22.60526921,137.128,4.187,-1.4865,2.3999,352.131,0.0023,0.5129,-0.3388,56.589,56.4,-0.1953,95.1927,-0.1505,0.0,0.0,0.0,-0.03,965.2,0.0,10.0,270.0,0,139.733,-0.01943334521686807,0.006153667072203078,-0.03,0.10176235586616533,0.2009363687472721,1.0,0.0,546.1688038048023,8.447436426886764,-9.372000000000014,0.6870000000000003,5.758689017868575,3.781091010077243e-08,0.19299569491398885,5.293791521231641,-0.11058475736177797,-7.88900000000001,0.0,-1.404400555781897,flare,-0.8516677117637315,-1.1168188637652712,0.13533228974469935,
139.842,63.96940856,-22.60526931,137.111,4.08,-1.4861,2.4509,352.097,0.0066,0.5042,-0.3422,56.457,56.263,-0.1505,94.9611,-0.1655,0.0,0.0,0.0,-0.03,963.5,0.0,10.0,270.0,0,139.842,-0.018999533427943915,0.005157864903368975,-0.03,0.1019682907818723,0.2004360251440766,1.0,0.0,549.0671972966835,8.441525323159096,-9.38900000000001,0.5800000000000001,5.758689017868575,3.150909175064369e-08,0.19308379938545184,5.295603546170847,-0.11985606641783875,-7.923000000000002,0.0,-1.386819521102798,flare,-0.8519878256106601,-1.10337203299005,0.15066151908530934,
139.942,63.96943665,-22.60526943,137.098,3.97,-1.4852,2.5048,352.0598,0.0102,0.4908,-0.3457,56.315,56.115,-0.1028,94.7111,-0.182,0.0,0.0,0.0,-0.03,961.8,0.0,10.0,270.0,0,139.942,-0.018532934490255504,0.004099801526790597,-0.03,0.1021910835359141,0.19992375101843726,1.0,0.0,552.1985768303587,8.434553017362246,-9.401999999999987,0.4700000000000002,5.758689017868575,2.625757645886974e-08,0.19316579427054473,5.297268113777332,-0.13010134013731545,-7.960199999999986,0.0,-1.389835928275281,flare,-0.8522832825868392,-1.088423212942386,0.16633522004265622,
140.033,63.96946036,-22.60526954,137.09,3.882,-1.4842,2.5494,352.028,0.0141,0.4801,-0.3484,56.195,55.99,-0.0639,94.5003,-0.1961,0.0,0.0,0.0,-0.03,960.3,0.0,10.0,270.0,0,140.033,-0.018140044451432413,0.0031937265762111977,-0.03,0.1023794473385794,0.19951547849185408,1.0,0.0,554.8416884202065,8.42824108662192,-9.409999999999997,0.3820000000000001,5.758689017868575,2.188131371572478e-08,0.1932253791308516,5.298783243333115,-0.1388957731883238,-7.991999999999962,0.0,-1.3833673274031266,flare,-0.852532432866365,-1.075583083269354,0.17881188771570322,
140.142,63.96948616,-22.60526967,137.086,3.789,-1.4826,2.5968,351.993,0.0182,0.4677,-0.3512,56.065,55.854,-0.023,94.2712,-0.2116,0.0,0.0,0.0,-0.03,958.8,0.0,10.0,270.0,0,140.142,-0.017724441201920738,0.0021951539617865723,-0.03,0.10258454448271126,0.19908551694194318,1.0,0.0,557.7177860518484,8.420867953638348,-9.413999999999987,0.28900000000000015,5.758689017868575,1.8234428096437315e-08,0.19327877303131547,5.300598383809418,-0.14860520057496274,-8.027000000000044,0.0,-1.3660303476809008,flare,-0.8528072704013034,-1.0614050799864536,0.1919372695282835,
140.25,63.96951405,-22.60526982,137.086,3.693,-1.4805,2.6467,351.9548,0.0213,0.4516,-0.354,55.924,55.708,0.0189,94.0239,-0.2285,0.0,0.0,0.0,-0.03,957.1,0.0,10.0,270.0,0,140.25,-0.017279345966152826,0.0010950570731314557,-0.03,0.10280574064719361,0.19867020444060232,1.0,0.0,560.8268697244919,8.412433618411805,-9.413999999999987,0.19300000000000006,5.758689017868575,1.5195356747031095e-08,0.19332596951544234,5.302395434335372,-0.1592418294150093,-8.065200000000004,0.0,-1.3605326393058634,flare,-0.8530719216347293,-1.045816485245826,0.204601966796762,
140.342,63.96953757,-22.60527005,137.116,3.64,-1.3395,2.8893,351.8285,2.7488,4.9261,-2.4953,55.805,55.545,0.5373,93.748,-0.5948,1.0,0.0,0.0,-0.03,955.8,0.0,10.0,270.0,1,140.342,-0.010010612156083842,0.012692089435422466,-0.03,0.10351742884394655,0.19867020444060232,1.0,0.0,563.4487986816025,8.400249833538817,-9.383999999999986,0.14000000000000012,5.758689017868575,1.266279728919258e-08,0.1932492040209262,5.303913681773335,-0.3835178604020655,-8.191499999999905,-0.7536180000000975,-1.3544367867207285,flare,-0.8531421932487788,-0.7084116795662592,0.204601966796762,
140.442,63.96956315,-22.60527042,137.179,3.614,-1.1239,3.3461,351.5722,1.3963,3.8004,-2.514,55.664,55.397,0.6807,93.4974,-0.6187,1.0,0.0,0.0,-0.03,954.3,0.0,10.0,270.0,1,140.442,-0.017771129177275524,0.014446509708337357,-0.03,0.10486955938266718,0.19867020444060232,1.0,0.0,566.3003673258295,8.381126766602222,-9.320999999999998,0.11399999999999988,5.758689017868575,1.055233107432715e-08,0.19303028716661408,5.305536998217419,-0.39913761643637713,-8.447799999999916,-1.5908618200000404,-1.3594879879279407,flare,-0.8530374564060885,-0.6847210638096417,0.204601966796762,
140.542,63.96959079,-22.60527084,137.266,3.608,-1.0371,3.6781,351.3105,0.1789,2.2696,-2.2955,55.505,55.233,0.8856,93.22,-0.6123,0.0,0.0,0.0,-0.03,952.7,0.0,10.0,270.0,0,140.542,-0.021646399536280614,0.017419030018721027,-0.03,0.10612433300972113,0.19867020444060232,1.0,0.0,569.3815771963558,8.359473853003657,-9.234000000000009,0.1080000000000001,5.758689017868575,8.793609228605957e-09,0.19277035020391736,5.3071289099104195,-0.39633234597448563,-8.709499999999935,0.0,-1.3804436253890442,flare,-0.8528752586770132,-0.6887033444658535,0.204601966796762,
140.633,63.969612,-22.60527116,137.348,3.621,-1.0481,3.8305,351.1261,-0.476,1.3203,-2.1062,55.379,55.102,1.0571,93.0003,-0.6083,0.0,0.0,0.0,-0.03,951.5,0.0,10.0,270.0,0,140.633,-0.021568883136018235,0.019904396619444154,-0.03,0.10693316182547219,0.19867020444060232,1.0,0.0,571.7459933483148,8.342970520947665,-9.151999999999987,0.121,5.758689017868575,7.3280076905049645e-09,0.19257303974113865,5.308554765500135,-0.3947571314988352,-8.89390000000003,0.0,-1.3808228762277959,flare,-0.8527766596672066,-0.6909281034272396,0.204601966796762,
140.733,63.96963739,-22.60527155,137.464,3.655,-1.1211,3.9195,350.9266,-0.9806,0.4237,-1.8599,55.226,54.943,1.2423,92.7314,-0.6081,0.0,0.0,0.0,-0.03,950.1,0.0,10.0,270.0,0,140.733,-0.018971592006380433,0.02226604143041444,-0.03,0.1077390694152921,0.19867020444060232,1.0,0.0,574.5763810708003,8.322874972778697,-9.036000000000001,0.1549999999999998,5.758689017868575,6.1066730754208034e-09,0.19232849708536662,5.3100924326570045,-0.3957202426248614,-9.093399999999974,0.0,-1.3943844329343666,flare,-0.8526285813181111,-0.6892539200278343,0.204601966796762,
140.833,63.96966481,-22.60527198,137.607,3.71,-1.2429,3.9278,350.7391,-1.2477,-0.2856,-1.5787,55.058,54.768,1.3912,92.4365,-0.6159,0.0,0.0,0.0,-0.03,948.6,0.0,10.0,270.0,0,140.833,-0.014190662338052829,0.02355509879529416,-0.03,0.10843183973341952,0.19872150818414666,1.0,0.0,577.6330658873804,8.300740682654727,-8.893,0.20999999999999996,5.758689017868575,5.088894229517336e-09,0.19205377852987726,5.311597502401136,-0.4017534026735632,-9.280899999999974,0.0,-1.4203494844857958,flare,-0.8524371619488811,-0.6798753264755089,0.203038200924901,
140.942,63.96969005,-22.60527239,137.751,3.773,-1.3711,3.8772,350.5933,-1.2916,-0.7361,-1.3152,54.903,54.607,1.4685,92.1636,-0.6314,0.0,0.0,0.0,-0.03,947.3,0.0,10.0,270.0,0,140.942,-0.008853116934892435,0.02353613138095159,-0.03,0.10892779236214467,0.19901170229312398,1.0,0.0,580.4467317564515,8.279671096918909,-8.748999999999995,0.27300000000000013,5.758689017868575,4.240745191264446e-09,0.19178420128643292,5.313203176082633,-0.41251927254143084,-9.426699999999983,0.0,-1.4205011994074277,flare,-0.8522638434257388,-0.6633920960236779,0.19418916372514694,
141.042,63.96971731,-22.60527284,137.911,3.846,-1.5077,3.7809,350.465,-1.1997,-1.0379,-1.0348,54.737,54.433,1.4838,91.8696,-0.657,0.0,0.0,0.0,-0.03,945.8,0.0,10.0,270.0,0,141.042,-0.0028266845221938675,0.022055098341465545,-0.03,0.10933364535108314,0.1993488571817774,1.0,0.0,583.4855799537235,8.256563158180743,-8.588999999999999,0.3460000000000001,5.758689017868575,3.533954326053705e-09,0.19148419339551173,5.314640918168575,-0.42974038667395575,-9.555000000000064,0.0,-1.4422738176431218,flare,-0.8520315902855771,-0.6370903823151686,0.18390001794604416,
141.15,63.96974239,-22.60527327,138.057,3.913,-1.62,3.6698,350.3729,-1.0154,-1.175,-0.7882,54.586,54.274,1.4387,91.6015,-0.6876,0.0,0.0,0.0,-0.03,944.6,0.0,10.0,270.0,0,141.15,0.00246751212636942,0.019421606181460965,-0.03,0.10960751013343784,0.19965914405997068,1.0,0.0,586.2814092026942,8.234519923831009,-8.443000000000012,0.4129999999999998,5.758689017868575,2.9449619383780875e-09,0.1911893392409245,5.316156659501188,-0.45007852563290385,-9.64709999999991,0.0,-1.4382623931435767,flare,-0.8518149056507447,-0.6061104898111793,0.1744230157586344,
141.233,63.96976533,-22.60527368,138.184,3.968,-1.7058,3.5597,350.3097,-0.8224,-1.2148,-0.5757,54.45,54.131,1.3541,91.3597,-0.7205,0.0,0.0,0.0,-0.03,943.4,0.0,10.0,270.0,0,141.233,0.006853129963452775,0.016041007726115414,-0.03,0.10978705369876096,0.19991445677303035,1.0,0.0,588.8386785732747,8.213539837360608,-8.316000000000003,0.46799999999999997,5.758689017868575,2.4541349486484063e-09,0.19090005268682853,5.317293330449575,-0.47184860861307243,-9.710299999999961,0.0,-1.4564707407548378,flare,-0.8515627999233395,-0.5729140064898601,0.1666193956319102,
141.342,63.96979027,-22.60527416,138.313,4.016,-1.776,3.44,350.262,-0.559,-1.1634,-0.364,54.304,53.978,1.2225,91.1011,-0.7603,0.0,0.0,0.0,-0.03,942.2,0.0,10.0,270.0,0,141.342,0.01090671794189113,0.011399457084587561,-0.03,0.10991806954394989,0.20013771453571885,1.0,0.0,591.6189002232475,8.189052364342142,-8.187000000000012,0.516,5.758689017868575,2.045112457207005e-09,0.1905458131394913,5.3187433249811455,-0.49816074491189966,-9.758000000000038,0.0,-1.44583244989388,flare,-0.8512606406156742,-0.5327888218749024,0.1597912876435501,
141.45,63.96981722,-22.60527469,138.435,4.053,-1.823,3.3192,350.233,-0.2839,-1.0461,-0.1593,54.151,53.816,1.0464,90.8278,-0.8064,0.0,0.0,0.0,-0.03,941.0,0.0,10.0,270.0,0,141.45,0.014336043342485172,0.005501599629161358,-0.03,0.10999584051860956,0.20031008730014035,1.0,0.0,594.6231892637153,8.16203699029752,-8.064999999999998,0.5529999999999999,5.758689017868575,1.7042603810058377e-09,0.19014920887113587,5.320131963569295,-0.5286779891850699,-9.787000000000035,0.0,-1.4431810150550703,flare,-0.8508958751013438,-0.48622108904215544,0.15451671126221278,
141.533,63.9698379,-22.60527512,138.516,4.067,-1.8396,3.2356,350.2251,-0.089,-0.9335,-0.0199,54.036,53.695,0.8953,90.6225,-0.843,0.0,0.0,0.0,-0.03,940.1,0.0,10.0,270.0,0,141.533,0.01630407270560713,0.0004874705504115673,-0.03,0.11001678031070383,0.20037537238932618,1.0,0.0,596.9285208628831,8.140164971933984,-7.984000000000009,0.5670000000000002,5.758689017868575,1.4202169841715315e-09,0.18981759182182403,5.321167791924632,-0.5529686226542481,-9.794899999999984,0.0,-1.4379411199295866,flare,-0.8505767553592669,-0.44910555171915156,0.15251837328466777,
141.642,63.9698647,-22.60527571,138.601,4.067,-1.8363,3.1447,350.2309,0.1648,-0.7261,0.1344,53.891,53.541,0.6869,90.3625,-0.8904,0.0,0.0,0.0,-0.03,938.9,0.0,10.0,270.0,0,141.642,0.017960581833839473,-0.006438960616791639,-0.03,0.11000141706578714,0.20037537238932618,1.0,0.0,599.9160873658548,8.110215811197097,-7.899000000000001,0.5670000000000002,5.758689017868575,1.1835141534762762e-09,0.18934945250019028,5.322473305936493,-0.5845540024689342,-9.789099999999962,0.0,-1.4281533116957805,flare,-0.8501085840542331,-0.4007564150037055,0.15251837328466777,
141.75,63.96989143,-22.60527632,138.663,4.044,-1.8074,3.0766,350.2521,0.3835,-0.5065,0.2606,53.751,53.392,0.477,90.1101,-0.9366,0.0,0.0,0.0,-0.03,937.8,0.0,10.0,270.0,0,141.75,0.018658696477343473,-0.01350456323049637,-0.03,0.10994477869864139,0.20026813655102504,1.0,0.0,602.8958501544417,8.079289499701382,-7.836999999999989,0.5439999999999996,5.758689017868575,9.862617945635635e-10,0.18885672947079019,5.323708928817966,-0.6155081031850216,-9.767900000000054,0.0,-1.4161663102958235,flare,-0.8496002163510639,-0.35329179054067517,0.15580061716237203,
141.833,63.96991195,-22.60527681,138.696,4.011,-1.77,3.0397,350.2769,0.5264,-0.3483,0.3391,53.646,53.28,0.3209,89.921,-0.9703,0.0,0.0,0.0,-0.03,937.0,0.0,10.0,270.0,0,141.833,0.018590833573738474,-0.018841378913157375,-0.03,0.10987755833959667,0.20011443947146518,1.0,0.0,605.1833444494279,8.05448408377258,-7.804000000000002,0.5110000000000001,5.758689017868575,8.218848288029695e-10,0.18845276919104986,5.324621580624427,-0.6382308613304701,-9.743099999999913,0.0,-1.402429394902007,flare,-0.8491721114435222,-0.3183621580929703,0.16050331752254365,
141.933,63.96993855,-22.60527747,138.72,3.95,-1.7047,3.014,350.3177,0.6845,-0.1128,0.4164,53.513,53.138,0.1299,89.6815,-1.0108,0.0,0.0,0.0,-0.03,936.0,0.0,10.0,270.0,0,141.933,0.01779226610861745,-0.025463891252955922,-0.03,0.10976470241259217,0.1998308405685884,1.0,0.0,608.1486144080786,8.02111314448031,-7.780000000000001,0.4500000000000002,5.758689017868575,6.849040240024746e-10,0.1878995123410205,5.3256627932564475,-0.6657532681599889,-9.702299999999923,0.0,-1.3958449044563792,flare,-0.8485622499353269,-0.27591264503906565,0.16917568884830736,
142.042,63.96996304,-22.6052781,138.725,3.877,-1.631,3.012,350.3618,0.7949,0.0908,0.4655,53.393,53.011,-0.028,89.4665,-1.0442,0.0,0.0,0.0,-0.03,935.1,0.0,10.0,270.0,0,142.042,0.016433166752502837,-0.031061164250031387,-0.03,0.10963953656611825,0.19949232273893233,1.0,0.0,610.8786689610006,7.989294123010701,-7.775000000000006,0.3769999999999998,5.758689017868575,5.707533533353955e-10,0.187363270520493,5.3267354815943495,-0.6886920417471174,-9.658199999999965,0.0,-1.3690333159778492,flare,-0.8479783019913114,-0.2404156145510541,0.1795191266901437,
142.133,63.96998544,-22.6052787,138.717,3.796,-1.5548,3.0269,350.4057,0.8687,0.2526,0.4934,53.286,52.897,-0.1532,89.2742,-1.0709,0.0,0.0,0.0,-0.03,934.3,0.0,10.0,270.0,0,142.133,0.014737308286155493,-0.035634374557468124,-0.03,0.10951164351533016,0.19911782540427805,1.0,0.0,613.375737643149,7.959026240935144,-7.782999999999987,0.2959999999999998,5.758689017868575,4.756277944461629e-10,0.18684440828097626,5.327580558453749,-0.7072658337391431,-9.614299999999957,0.0,-1.3514688486911413,flare,-0.8473915349175094,-0.2114995671171549,0.1909514901278868,
142.25,63.97001388,-22.60527947,138.691,3.679,-1.4499,3.0661,350.4643,0.9277,0.4229,0.5075,53.152,52.756,-0.283,89.0351,-1.0987,0.0,0.0,0.0,-0.03,933.3,0.0,10.0,270.0,0,142.25,0.012066588029779779,-0.040572130197180756,-0.03,0.10933578173493064,0.19867020444060232,1.0,0.0,616.5461229190513,7.9201943921792735,-7.8089999999999975,0.17899999999999983,5.758689017868575,3.9635649537180245e-10,0.186174646731776,5.3285854279433975,-0.7269984523970834,-9.555700000000002,0.0,-1.332726148382787,flare,-0.8466244234629237,-0.18056100488465532,0.204601966796762,
142.333,63.97003615,-22.60528019,138.686,3.602,-1.227,3.2957,350.4224,4.8422,6.4157,-2.2956,53.049,52.595,0.2573,88.7561,-1.5797,1.0,0.0,0.0,-0.03,932.5,0.0,10.0,270.0,1,142.333,0.02120775182188339,-0.028596964429173588,-0.03,0.10946212609378281,0.19867020444060232,1.0,0.0,619.0286975725369,7.884052321381753,-7.813999999999993,0.10199999999999987,5.758689017868575,3.30297079476502e-10,0.18551403233013827,5.329240672942822,-1.039654846865858,-9.597600000000057,-0.7966007999999895,-1.3243841217499637,flare,-0.8458299129407827,0.29253539414997753,0.204601966796762,
142.442,63.97006036,-22.60528118,138.724,3.558,-0.7869,3.9583,350.157,3.5515,6.1579,-2.8158,52.922,52.453,0.4055,88.515,-1.6744,1.0,0.0,0.0,-0.03,931.7,0.0,10.0,270.0,1,142.442,0.00839178107616284,-0.026364447258160034,-0.03,0.11019293041734313,0.19867020444060232,1.0,0.0,621.7275324817249,7.8346064531721815,-7.7760000000000105,0.05799999999999983,5.758689017868575,2.752475662304183e-10,0.18455511766391916,5.32999427298983,-1.1037102472036224,-9.863000000000056,-1.8629848512800824,-1.3099071665616786,flare,-0.8446543654920085,0.3909529513507941,0.204601966796762,
142.542,63.97008652,-22.60528228,138.779,3.527,-0.5058,4.5255,349.8603,1.5366,4.1267,-2.6075,52.774,52.302,0.5836,88.2611,-1.6507,1.0,0.0,0.0,-0.03,930.7,0.0,10.0,270.0,1,142.542,-0.0029630767651729895,-0.023632577367356744,-0.03,0.11087026795330357,0.19867020444060232,1.0,0.0,624.6437451504195,7.779695394924942,-7.721000000000004,0.027000000000000135,5.758689017868575,2.2937297185868192e-10,0.18348160646286552,5.330575786059484,-1.0914473115278156,-10.15969999999993,-2.860325002767218,-1.325370151419712,flare,-0.8433087673156479,0.3744832019945381,0.204601966796762,
142.633,63.9701086,-22.60528322,138.846,3.522,-0.3825,4.8336,349.6359,0.9547,2.5311,-2.2726,52.643,52.165,0.8314,88.0294,-1.6526,1.0,1.0,0.0,-0.03,929.9,0.0,10.0,270.0,1,142.633,-0.007453538473699395,-0.019029816503608327,-0.03,0.11128689678729509,0.19867020444060232,1.0,0.0,627.105135461756,7.732782097267978,-7.653999999999996,0.021999999999999797,5.758689017868575,1.9114414321556828e-10,0.18256014514179522,5.331019346049674,-1.0955030010229052,-10.38409999999999,-3.779249145242118,-1.3357510867052211,flare,-0.8421474824594171,0.38235356009444565,0.204601966796762,
142.75,63.97013463,-22.60528432,138.951,3.545,-0.3486,5.0348,349.4042,-0.3186,1.1304,-1.9772,52.483,52.003,1.0746,87.7556,-1.6097,0.0,0.0,0.0,-0.03,929.0,0.0,10.0,270.0,0,142.75,-0.010177292293646556,-0.015004625980267638,-0.03,0.11163264233071901,0.19867020444060232,1.0,0.0,630.0068561532403,7.677876097849354,-7.549000000000007,0.04499999999999993,5.758689017868575,1.5928678601297357e-10,0.18148088660644113,5.331461634333033,-1.0708580012801292,-10.615800000000036,0.0,-1.3386392940521568,flare,-0.8407786156345018,0.3472376848976797,0.204601966796762,
142.842,63.97015659,-22.60528524,139.058,3.586,-0.4068,5.0991,349.234,-0.967,0.217,-1.7094,52.344,51.862,1.2512,87.5186,-1.5763,0.0,0.0,0.0,-0.03,928.2,0.0,10.0,270.0,0,142.842,-0.009058364541201791,-0.012454609360050634,-0.03,0.11183306568418627,0.19867020444060232,1.0,0.0,632.4548695984689,7.631947344194794,-7.442000000000007,0.08599999999999985,5.758689017868575,1.3273898834414463e-10,0.18057764811455998,5.331724962280951,-1.051844352334939,-10.786000000000058,0.0,-1.354296591430791,flare,-0.839620950448996,0.32029672889221317,0.204601966796762,
142.933,63.9701785,-22.60528615,139.18,3.642,-0.5133,5.0878,349.0889,-1.3494,-0.4978,-1.4306,52.205,51.719,1.3824,87.2789,-1.5488,0.0,0.0,0.0,-0.03,927.4,0.0,10.0,270.0,0,142.933,-0.005879383818082062,-0.011038196334609285,-0.03,0.11196876787603638,0.19867020444060232,1.0,0.0,634.8973093773294,7.586510473501471,-7.319999999999993,0.1419999999999999,5.758689017868575,1.1061582362012052e-10,0.1796838174928972,5.331903290620553,-1.0366304842228828,-10.931100000000015,0.0,-1.37003985834371,flare,-0.8384660623193341,0.2990833843874672,0.204601966796762,
143.042,63.97020431,-22.60528721,139.334,3.72,-0.6706,5.0018,348.9505,-1.5278,-1.0962,-1.0983,52.04,51.551,1.4659,86.995,-1.5262,0.0,0.0,0.0,-0.03,926.5,0.0,10.0,270.0,0,143.042,-0.0005724374323649584,-0.010970139803745699,-0.03,0.11206851475903157,0.19876752260639946,1.0,0.0,637.7745058707615,7.533572784007447,-7.165999999999997,0.2200000000000002,5.758689017868575,9.217985301676709e-11,0.17864248495000778,5.3320027395241825,-1.0250675236434006,-11.069500000000062,0.0,-1.3831054592115342,flare,-0.8371083720728798,0.28368417610780305,0.20163548694391586,
143.142,63.97023004,-22.60528825,139.493,3.802,-0.8361,4.8627,348.8479,-1.491,-1.4682,-0.7748,51.877,51.384,1.4688,86.7135,-1.5147,0.0,0.0,0.0,-0.03,925.5,0.0,10.0,270.0,0,143.142,0.005427560330962478,-0.012483743312079548,-0.03,0.11212400267597677,0.19914552541648667,1.0,0.0,640.6427845672043,7.481618082007009,-7.007000000000005,0.30200000000000005,5.758689017868575,7.681654418063924e-11,0.17762135006778312,5.331991532065881,-1.0207333569965158,-11.1721,0.0,-1.4055504174650364,flare,-0.8357647477537924,0.27917150730547213,0.19010625745073817,
143.25,63.97025372,-22.60528921,139.637,3.876,-0.9782,4.7065,348.7835,-1.3162,-1.6469,-0.4934,51.73,51.233,1.4041,86.4577,-1.5133,0.0,0.0,0.0,-0.03,924.7,0.0,10.0,270.0,0,143.25,0.01087460591518119,-0.015326414736028637,-0.03,0.11215089059737848,0.19948769212607212,1.0,0.0,643.2825373186787,7.4336626495155995,-6.8629999999999995,0.3759999999999999,5.758689017868575,6.401378681719937e-11,0.1766760944795515,5.331877380754235,-1.0227660944133845,-11.236499999999978,0.0,-1.4015104805237704,flare,-0.8345092577248217,0.2841333745828649,0.17966055303149808,
143.333,63.97027537,-22.60529009,139.76,3.935,-1.0913,4.552,348.7484,-1.1164,-1.7118,-0.2532,51.598,51.097,1.2954,86.2281,-1.5187,0.0,0.0,0.0,-0.03,923.9,0.0,10.0,270.0,0,143.333,0.015447186458484086,-0.019033043588409626,-0.03,0.11216298551659187,0.19976120445369958,1.0,0.0,645.6959936585558,7.389705707931101,-6.740000000000009,0.43500000000000005,5.758689017868575,5.334482234766614e-11,0.17580738104453256,5.331717865960845,-1.029022633746365,-11.271600000000035,0.0,-1.4186787500928038,flare,-0.8333492674993934,0.2953245639731925,0.1713041634205279,
143.442,63.97029892,-22.60529105,139.881,3.986,-1.1896,4.3822,348.7341,-0.822,-1.6678,-0.0175,51.459,50.952,1.131,85.9841,-1.5303,0.0,0.0,0.0,-0.03,923.1,0.0,10.0,270.0,0,143.442,0.01969388916846687,-0.02413161612769843,-0.03,0.11216739744146176,0.1999981305552606,1.0,0.0,648.3212544328198,7.341755333920184,-6.619,0.4860000000000002,5.758689017868575,4.445401862305512e-11,0.17485721636184248,5.331405394297961,-1.0396126449493295,-11.28589999999997,0.0,-1.4056378962478238,flare,-0.8320649480603244,0.31324176122513947,0.1640607856786822,
143.533,63.97032044,-22.60529193,139.976,4.017,-1.254,4.2329,348.7407,-0.552,-1.5657,0.1745,51.335,50.824,0.9487,85.7671,-1.5449,0.0,0.0,0.0,-0.03,922.3,0.0,10.0,270.0,0,143.533,0.022773855932680387,-0.029594887597678643,-0.03,0.11216539820526861,0.200142370079271,1.0,0.0,650.7202187970706,7.297803451163748,-6.524000000000001,0.5170000000000003,5.758689017868575,3.70450155192126e-11,0.17398392627844567,5.331066001893262,-1.0519420657424803,-11.279299999999921,0.0,-1.401728756828721,flare,-0.8308786457945594,0.33363470739200807,0.15964886021827063,
143.642,63.97034582,-22.60529299,140.065,4.031,-1.2982,4.0717,348.7698,-0.2416,-1.3862,0.3703,51.194,50.677,0.7064,85.5194,-1.5652,0.0,0.0,0.0,-0.03,921.4,0.0,10.0,270.0,0,143.642,0.02535644313608032,-0.03675203774790267,-0.03,0.11215582568549987,0.20020756625134759,1.0,0.0,653.5494802929207,7.244882494141097,-6.435000000000002,0.5309999999999997,5.758689017868575,3.0870846266010496e-11,0.17292584295204477,5.330545378968156,-1.068526330926204,-11.25019999999995,0.0,-1.391896868176224,flare,-0.8294289692604977,0.3608431973496824,0.15765412554267044,
143.75,63.97037112,-22.60529405,140.126,4.018,-1.3101,3.9319,348.8183,0.0432,-1.1671,0.5322,51.06,50.537,0.4479,85.2815,-1.5869,0.0,0.0,0.0,-0.03,920.6,0.0,10.0,270.0,0,143.75,0.026820197610726793,-0.044319491179223985,-0.03,0.11213711802840065,0.20014702579968296,1.0,0.0,656.3698236505332,7.191964649962021,-6.373999999999995,0.5179999999999998,5.758689017868575,2.5725705221675412e-11,0.1718646974967365,5.329916802933519,-1.086024644323885,-11.20169999999996,0.0,-1.3781554020457216,flare,-0.8279630849279975,0.3894529635049615,0.1595064256431975,
143.85,63.97039441,-22.60529504,140.158,3.98,-1.2951,3.824,348.8773,0.2743,-0.9579,0.6527,50.941,50.412,0.2061,85.0708,-1.6067,0.0,0.0,0.0,-0.03,919.8,0.0,10.0,270.0,0,143.85,0.027230976826696285,-0.051340948505344736,-0.03,0.11210969697883733,0.19997023290319846,1.0,0.0,658.9660999596914,7.142554581458838,-6.342000000000013,0.48,5.758689017868575,2.143808768472951e-11,0.17086898821819188,5.329237312412226,-1.1019950624169894,-11.14269999999999,0.0,-1.3610503654961166,flare,-0.8265774745416721,0.41563445261105336,0.16491391307416237,
143.933,63.97041571,-22.60529596,140.167,3.925,-1.2621,3.744,348.9409,0.4605,-0.7607,0.7391,50.837,50.302,-0.0114,84.8852,-1.6236,0.0,0.0,0.0,-0.03,919.2,0.0,10.0,270.0,0,143.933,0.026873733451959314,-0.057546131648687604,-0.03,0.11207436954313499,0.19971480265810018,1.0,0.0,661.340538756935,7.09665151037645,-6.332999999999998,0.4249999999999998,5.758689017868575,1.7865073070607925e-11,0.16993934760569004,5.328598055032491,-1.1157632884081465,-11.079099999999926,0.0,-1.351228700286723,flare,-0.825283249045011,0.4383543063629194,0.17272225262551544,
144.042,63.97044083,-22.60529705,140.151,3.835,-1.2026,3.6754,349.0249,0.6442,-0.4923,0.8126,50.719,50.178,-0.2568,84.6751,-1.6409,0.0,0.0,0.0,-0.03,918.4,0.0,10.0,270.0,0,144.042,0.025619300581077253,-0.06436828998044591,-0.03,0.11201847028803746,0.19929799155338504,1.0,0.0,664.1408157884714,7.042270858687197,-6.3489999999999895,0.33499999999999996,5.758689017868575,1.488756089217327e-11,0.16883473017629214,5.327640467688422,-1.130183257449886,-10.99509999999998,0.0,-1.3268050736551464,flare,-0.823723086952608,0.46245644719120627,0.1854528757968268,
144.133,63.9704601,-22.6052979,140.122,3.748,-1.1446,3.6413,349.0941,0.7537,-0.3016,0.8505,50.633,50.086,-0.4312,84.5201,-1.6515,0.0,0.0,0.0,-0.03,917.8,0.0,10.0,270.0,0,144.133,0.024114087228299053,-0.06906455153380223,-0.03,0.11196445789339982,0.1988964596942122,1.0,0.0,666.2889580030972,6.9998763413609115,-6.377999999999986,0.24800000000000022,5.758689017868575,1.2406300743477724e-11,0.16796932939309267,5.326765167244538,-1.139401658437066,-10.925899999999956,0.0,-1.2921005165096644,flare,-0.822486681590032,0.47822385927249655,0.19770408331265266,
144.242,63.97048511,-22.605299,140.064,3.615,-1.0573,3.6195,349.1878,0.8608,-0.0907,0.8775,50.524,49.972,-0.6337,84.3269,-1.6611,0.0,0.0,0.0,-0.03,917.0,0.0,10.0,270.0,0,144.242,0.02156477487290731,-0.07414541735763319,-0.03,0.11187975939801076,0.19867020444060232,1.0,0.0,669.0769724221504,6.945010032920581,-6.436000000000007,0.11500000000000021,5.758689017868575,1.0338583952898103e-11,0.16684758131697702,5.325597640167101,-1.1484858361921226,-10.832200000000057,0.0,-1.2655459240997127,flare,-0.8208803053556473,0.4943458606038149,0.204601966796762,
144.333,63.97050619,-22.60530016,140.051,3.537,-0.6724,4.0443,349.0627,6.0368,8.2623,-3.2042,50.43,49.796,0.0961,84.0133,-2.3367,1.0,0.0,0.0,-0.03,916.4,0.0,10.0,270.0,1,144.333,0.032909158124347304,-0.05961337790716176,-0.03,0.11198986165264357,0.19867020444060232,1.0,0.0,671.426882232771,6.8873570277108325,-6.449000000000012,0.03699999999999992,5.758689017868575,8.615486627415086e-12,0.16562572102227502,5.324515267938287,-1.6131827526761526,-10.957300000000032,-0.9971143000000926,-1.244402388542189,flare,-0.8191519046886953,1.1963264641377656,0.204601966796762,
144.442,63.9705329,-22.60530202,140.111,3.514,0.0053,4.8802,348.7208,3.8662,4.7144,-1.9121,50.291,49.56,1.0188,83.5915,-3.0661,1.0,0.0,1.0,-0.03,915.6,0.0,10.0,270.0,1,144.442,0.03585014321908486,-0.039582945485597515,-0.03,0.11217123351296066,0.19867020444060232,1.0,0.0,674.4043941096468,6.79518933390856,-6.38900000000001,0.01399999999999979,5.758689017868575,7.179572189512571e-12,0.16361377142769953,5.323003430217065,-2.1206426425286793,-11.299199999999928,-2.217858554130183,-1.2472048402927254,flare,-0.8163363375111601,1.9589838566972162,0.204601966796762,
144.542,63.97055381,-22.60530374,140.207,3.545,0.2853,5.2425,348.556,2.3554,3.1057,-1.7294,50.164,49.433,1.0122,83.3792,-3.0237,0.0,0.0,1.0,-0.03,914.9,0.0,10.0,270.0,1,144.542,0.024739272601403073,-0.040955225712402954,-0.03,0.11219754222124034,0.19867020444060232,1.0,0.0,676.7353432967968,6.7101064559323245,-6.293000000000006,0.04499999999999993,5.758689017868575,5.982976824593809e-12,0.16172358340857707,5.321432443790532,-2.096889234800301,-11.463999999999942,-3.342079968588812,-1.2492771275388437,flare,-0.8136741465715431,1.9276134128434634,0.204601966796762,
144.65,63.97057847,-22.60530573,140.318,3.582,0.4831,5.4991,348.375,1.257,1.5761,-1.5975,50.011,49.286,1.0274,83.1332,-2.9255,0.0,0.0,1.0,-0.03,914.2,0.0,10.0,270.0,1,144.65,0.014376517472931838,-0.042064400727767265,-0.03,0.11218177918258954,0.19867020444060232,1.0,0.0,679.4843256364841,6.611649348513357,-6.181999999999988,0.08199999999999985,5.758689017868575,4.985814020494841e-12,0.15953511210270072,5.319505079099978,-2.0354362257194794,-11.644999999999982,-4.563645504928097,-1.2644943583686399,flare,-0.8105795748494486,1.8407358565636862,0.204601966796762,
144.75,63.97060116,-22.60530752,140.423,3.619,0.5738,5.604,348.2217,0.5046,0.4798,-1.4523,49.868,49.148,1.0558,82.9047,-2.8297,0.0,0.0,0.0,-0.03,913.5,0.0,10.0,270.0,0,144.75,0.007862269308331338,-0.04276664742760769,-0.03,0.11213254830543007,0.19867020444060232,1.0,0.0,682.0137022216849,6.523067644962022,-6.076999999999998,0.11900000000000022,5.758689017868575,4.154845017079034e-12,0.15756554062374778,5.317529949565353,-1.9748584257240225,-11.798299999999927,0.0,-1.2795403257896807,flare,-0.8077673722653032,1.7546333643086065,0.204601966796762,
144.833,63.97062003,-22.60530897,140.511,3.652,0.5967,5.6163,348.1058,0.0057,-0.2269,-1.3136,49.749,49.034,1.0671,82.7147,-2.7497,0.0,0.0,0.0,-0.03,912.9,0.0,10.0,270.0,0,144.833,0.004333022026106137,-0.04361825341387604,-0.03,0.11207386068227554,0.19867020444060232,1.0,0.0,684.1172434799391,6.451292455670018,-5.989000000000004,0.15200000000000014,5.758689017868575,3.4623708475658615e-12,0.15597012808575536,5.315763637336007,-1.9239929797215325,-11.914199999999937,0.0,-1.2935580179687152,flare,-0.8054706127898186,1.6821601489858935,0.204601966796762,
144.933,63.9706445,-22.6053108,140.626,3.694,0.5707,5.5556,347.9734,-0.4937,-0.9051,-1.112,49.596,48.887,1.0467,82.4701,-2.6493,0.0,0.0,0.0,-0.03,912.1,0.0,10.0,270.0,0,144.933,0.0019227735900952392,-0.0454757855223733,-0.03,0.11198455240059912,0.19867020444060232,1.0,0.0,686.8450479754597,6.360681738170349,-5.873999999999995,0.19399999999999995,5.758689017868575,2.8853090396382177e-12,0.15395669007440052,5.313440094218993,-1.8599580598709053,-12.046599999999899,0.0,-1.315052743607936,flare,-0.8025613813052352,1.5908515859561128,0.204601966796762,
145.05,63.97066889,-22.60531256,140.735,3.732,0.4998,5.4332,347.8637,-0.8162,-1.3558,-0.8933,49.446,48.744,0.977,82.2302,-2.556,0.0,0.0,0.0,-0.03,911.4,0.0,10.0,270.0,0,145.05,0.001432755386383655,-0.0482787663116952,-0.03,0.11189282317785976,0.198822763919231,1.0,0.0,689.5639355290933,6.27350369478861,-5.764999999999986,0.2320000000000002,5.758689017868575,2.4044241996985144e-12,0.15202121401891103,5.310504159891751,-1.8003784328292909,-12.156299999999987,0.0,-1.3120526107391297,flare,-0.7996855548544559,1.506055398963273,0.19995128619969904,
145.133,63.97068948,-22.60531401,140.82,3.762,0.4178,5.2977,347.7898,-0.9736,-1.599,-0.7006,49.323,48.625,0.8777,82.0323,-2.484,0.0,0.0,0.0,-0.03,910.8,0.0,10.0,270.0,0,145.133,0.002082258254564151,-0.051493793049601805,-0.03,0.11182208469273203,0.1989609815970399,1.0,0.0,691.8592167776749,6.201661575611108,-5.680000000000007,0.262,5.758689017868575,2.003686833082095e-12,0.15042635068893556,5.308297152156566,-1.7544294931997229,-12.230199999999968,0.0,-1.3274958016576972,flare,-0.7973397372540134,1.440792428871692,0.1957362790008439,
145.233,63.97071002,-22.60531542,140.894,3.781,0.3248,5.1454,347.7338,-1.0484,-1.7197,-0.5056,49.204,48.51,0.7431,81.8399,-2.4191,0.0,0.0,0.0,-0.03,910.2,0.0,10.0,270.0,0,145.233,0.0033961523938386695,-0.05548643996476174,-0.03,0.11176373140975426,0.19904860382964717,1.0,0.0,694.1489248737411,6.131781151195112,-5.6059999999999945,0.28100000000000014,5.758689017868575,1.6697390275684125e-12,0.14887566164804195,5.305490394480849,-1.7131090310963089,-12.286200000000008,0.0,-1.3149961833251853,flare,-0.7949843393954552,1.382430842026558,0.1930634454720792,
145.333,63.97073424,-22.60531705,140.963,3.786,0.2103,4.9562,347.6904,-1.0532,-1.7575,-0.278,49.069,48.379,0.5454,81.6208,-2.3515,0.0,0.0,0.0,-0.03,909.5,0.0,10.0,270.0,0,145.333,0.005436842333955971,-0.061051803916991554,-0.03,0.11171571123399782,0.19907167316883503,1.0,0.0,696.8488636051026,6.050978907677578,-5.537000000000006,0.28600000000000003,5.758689017868575,1.3914491896403438e-12,0.14708212232291246,5.302513638731537,-1.6702382679498555,-12.329600000000028,0.0,-1.3181783484774463,flare,-0.7922904382978118,1.3222157565691184,0.19235963914285747,
145.45,63.97075839,-22.60531862,141.009,3.768,0.099,4.7681,347.6714,-0.9873,-1.6974,-0.0594,48.941,48.254,0.3146,81.4115,-2.2933,0.0,0.0,0.0,-0.03,908.8,0.0,10.0,270.0,0,145.45,0.007687345149780089,-0.06729700401309852,-0.03,0.1116939237914224,0.19898864471488634,1.0,0.0,699.5409999910343,5.973119011825834,-5.491000000000014,0.2679999999999998,5.758689017868575,1.1595409913669531e-12,0.14535558941335558,5.298840439501848,-1.6335518087755077,-12.348600000000033,0.0,-1.2978000526174227,flare,-0.7896060651260122,1.2712258276328612,0.1948925052124313,
145.542,63.97077878,-22.60531993,141.027,3.732,0.0117,4.6154,347.6733,-0.8997,-1.609,0.1149,48.839,48.153,0.1018,81.2425,-2.2509,0.0,0.0,0.0,-0.03,908.2,0.0,10.0,270.0,0,145.542,0.009573035089593729,-0.07285473700501796,-0.03,0.1116961234413818,0.198822763919231,1.0,0.0,701.8139882867227,5.908143797044891,-5.473000000000013,0.2320000000000002,5.758689017868575,9.66284159472461e-13,0.14391336006455424,5.29583069127998,-1.60702755448537,-12.346700000000055,0.0,-1.2806087434861841,flare,-0.7873703052491656,1.2347866756049335,0.19995128619969904,
145.65,63.97080282,-22.60532144,141.023,3.664,-0.0789,4.4493,347.6954,-0.7576,-1.4375,0.3045,48.725,48.04,-0.1627,81.0528,-2.2078,0.0,0.0,0.0,-0.03,907.6,0.0,10.0,270.0,0,145.65,0.011576216173379672,-0.07936358330282756,-0.03,0.1117213674868649,0.19867020444060232,1.0,0.0,704.4938632573138,5.83322780519397,-5.477000000000004,0.16400000000000015,5.758689017868575,8.052367995603841e-13,0.14225059566316342,5.292128765122994,-1.5802958852379447,-12.324599999999919,0.0,-1.2601493627652118,flare,-0.7847664834775898,1.1985758837773872,0.204601966796762,
145.733,63.97082312,-22.6053227,140.997,3.584,-0.1434,4.3229,347.7295,-0.6315,-1.2945,0.4494,48.635,47.95,-0.389,80.901,-2.1764,0.0,0.0,0.0,-0.03,907.0,0.0,10.0,270.0,0,145.733,0.012993980313293907,-0.08449202910895588,-0.03,0.11175908236483667,0.19867020444060232,1.0,0.0,706.7568195008048,5.770705779182831,-5.502999999999986,0.08400000000000007,5.758689017868575,6.710306663003201e-13,0.14086159566179815,5.28917872131275,-1.5610003013237588,-12.290500000000065,0.0,-1.24416645245907,flare,-0.7826074017601599,1.1728501633700859,0.204601966796762,
145.833,63.97084336,-22.60532407,140.982,3.514,-0.015,4.4425,347.6633,3.3571,4.6535,-2.2313,48.544,47.751,0.4769,80.5373,-3.0162,1.0,0.0,1.0,-0.03,906.5,0.0,10.0,270.0,1,145.833,0.04090363497639066,-0.06708261619925374,-0.03,0.11168449427528959,0.19867020444060232,1.0,0.0,709.0130852597892,5.7027967775352835,-5.518000000000001,0.01399999999999979,5.758689017868575,5.591922219169334e-13,0.13933789590728124,5.285481915165769,-2.164780151596432,-12.356700000000046,-1.2356699999999343,-1.2137876840537059,flare,-0.780186961112662,2.0782596301128002,0.204601966796762,
145.933,63.97086532,-22.60532609,141.049,3.52,0.143,4.7741,347.5143,0.6212,2.2231,-1.0253,48.43,47.586,0.6751,80.2453,-3.3801,1.0,0.0,1.0,-0.03,906.0,0.0,10.0,270.0,1,145.933,0.049311788651108246,-0.0636111235837275,-0.03,0.11149609177841935,0.19867020444060232,1.0,0.0,711.461079891984,5.60297492284508,-5.450999999999993,0.020000000000000018,5.758689017868575,4.659935182641112e-13,0.13704199356372282,5.281567841471589,-2.4319923258990457,-12.505699999999933,-2.4738832999998577,-1.2070797127760995,flare,-0.7767266087293621,2.4785900250533466,0.204601966796762,
146.033,63.97088905,-22.60532841,141.12,3.527,0.1811,4.9387,347.4297,0.1577,0.7565,-0.5129,48.304,47.439,0.616,79.9905,-3.5103,0.0,0.0,1.0,-0.03,905.4,0.0,10.0,270.0,1,146.033,0.053278707306121165,-0.06589198403960675,-0.03,0.11137662801894932,0.19867020444060232,1.0,0.0,714.1063832204909,5.4883860739315935,-5.3799999999999955,0.027000000000000135,5.758689017868575,3.883279318867593e-13,0.13439105924757597,5.277401721258109,-2.5327535717775618,-12.590299999999957,-3.7081744669997847,-1.2118906479782767,flare,-0.7727709324917349,2.632656556704564,0.204601966796762,
146.15,63.9709127,-22.60533082,141.184,3.528,0.1922,4.9613,347.3977,0.0761,-0.3768,-0.0437,48.178,47.291,0.5752,79.7342,-3.6447,0.0,0.0,1.0,-0.03,904.8,0.0,10.0,270.0,1,146.15,0.0582479663506521,-0.0677506183009815,-0.03,0.11132910860609047,0.19867020444060232,1.0,0.0,716.7427668715768,5.369390902460042,-5.3160000000000025,0.028000000000000025,5.758689017868575,3.2360660990563276e-13,0.13162560444825944,5.2722200502656476,-2.6372039740655,-12.622299999999996,-5.141597925736115,-1.1996208687914285,flare,-0.768550057499322,2.7920170437329404,0.204601966796762,
146.242,63.97093266,-22.60533294,141.236,3.527,0.2002,4.8938,347.4101,0.1258,-1.1397,0.3527,48.073,47.164,0.5491,79.5137,-3.7791,0.0,0.0,1.0,-0.03,904.3,0.0,10.0,270.0,1,146.242,-0.0796104711870547,0.03478583041674374,-0.03,0.24101115958537989,0.0,1.0,0.0,718.9678063170326,5.26474750014326,-5.26400000000001,0.027000000000000135,5.758689017868575,2.6967217492136063e-13,0.1291833584256277,5.267936777753325,-2.7410866216675913,-12.609899999999925,-6.254406024819149,-1.1943193668855028,landing,,,,-2.4232634431142728
146.342,63.97095438,-22.60533534,141.287,3.522,0.1798,4.7262,347.4712,-0.5039,-2.0258,0.7066,47.96,47.023,0.5543,79.2669,-3.9639,1.0,0.0,1.0,-0.03,903.2,0.0,10.0,270.0,1,146.342,-0.08135316223558439,0.034365697427839764,-0.03,0.2518365163431502,0.0,1.0,0.0,721.3890400333636,5.146317367554264,-5.212999999999994,0.021999999999999797,5.758689017868575,2.2472681243446719e-13,0.12640847181157017,5.263017835675303,-2.882805391211008,-12.548800000000028,-7.446741964571231,-1.1884721517140697,landing,,,,-2.3267408138129184
146.433,63.97097422,-22.60533766,141.339,3.522,0.1706,4.6062,347.5032,0.0076,-0.8716,0.1066,47.863,46.896,0.576,79.041,-4.1661,1.0,0.0,1.0,-0.03,900.6,0.0,10.0,270.0,1,146.433,-0.08313090901746614,0.03398328504963985,-0.03,0.26133739346108764,0.0,1.0,0.00016445026694522635,723.6006988494712,5.031879889137416,-5.161000000000001,0.021999999999999797,5.758689017868575,1.8727234369538933e-13,0.1237148640012364,5.258311400864534,-3.037159034761231,-12.51679999999999,-8.518005412693395,-1.1773323257340922,landing,,,,-2.23542364136447
146.55,63.97099939,-22.60534078,141.405,3.522,0.1635,4.5298,347.4976,-0.1493,-0.4381,-0.2089,47.74,46.736,0.5583,78.7575,-4.4108,1.0,0.0,1.0,-0.03,895.3,0.0,10.0,270.0,1,146.55,-0.08540239957768533,0.033496164623903896,-0.03,0.27310121724746683,0.0,1.0,0.0007549443247141241,726.4065150004667,4.878040023218637,-5.094999999999999,0.021999999999999797,5.758689017868575,1.5606028641282442e-13,0.12007710892831315,5.251853008145774,-3.225491515251008,-12.522400000000061,-9.883465549365107,-1.1658732098747986,landing,,,,-2.1157937091857164
146.633,63.9710191,-22.60534335,141.456,3.521,0.1448,4.5002,347.4696,-0.279,-0.1959,-0.408,47.643,46.609,0.5466,78.5317,-4.6152,1.0,0.0,1.0,-0.03,889.8,0.0,10.0,270.0,1,146.633,-0.08642194163377973,0.033105313833259625,-0.03,0.2811157453295966,0.0,1.0,0.0012321412341262938,728.6036775646463,4.751359171378712,-5.044000000000011,0.020999999999999908,5.758689017868575,1.300502386773537e-13,0.11706926944053514,5.247039630853469,-3.3833256895330805,-12.550399999999968,-10.843115985305356,-1.166127890685746,landing,,,,-2.0200618332119618
146.75,63.97104232,-22.60534655,141.514,3.518,0.1069,4.4908,347.416,-0.4251,0.0277,-0.589,47.53,46.458,0.5346,78.2617,-4.8651,1.0,0.0,1.0,-0.03,882.3,0.0,10.0,270.0,1,146.75,-0.08732248911854482,0.032635819143466,-0.03,0.2919914668960155,0.0,1.0,0.0018094606495492327,731.1921127075402,4.593675686847,-4.98599999999999,0.017999999999999794,5.758689017868575,1.0837519889779474e-13,0.11331022579232092,5.239833472710843,-3.577186439722624,-12.604000000000042,-12.190919528277176,-1.1479173520608639,landing,,,,-1.9044322751517413
146.833,63.97106013,-22.60534913,141.559,3.516,0.0682,4.498,347.3622,-0.5147,0.1537,-0.7069,47.442,46.341,0.5274,78.0514,-5.0618,1.0,0.0,1.0,-0.03,875.8,0.0,10.0,270.0,1,146.833,-0.0874616294411544,0.03226850521255306,-0.03,0.2993708879857562,0.0,1.0,0.0022643262347489257,733.1774692973574,4.466578831858074,-4.9410000000000025,0.016000000000000014,5.758689017868575,9.031266574816229e-14,0.11026943963853336,5.234488963593008,-3.7305575471744703,-12.657799999999952,-13.140332296192453,-1.1399467713149174,landing,,,,-1.8141232066469044
146.942,63.97108321,-22.60535264,141.616,3.512,0.0071,4.5213,347.2797,-0.6137,0.2786,-0.8186,47.328,46.188,0.5193,77.7747,-5.3201,1.0,0.0,1.0,-0.03,866.8,0.0,10.0,270.0,1,146.942,-0.08719653816575568,0.031783575461004715,-0.03,0.3086815147606088,0.0,1.0,0.002869240080404345,735.7502923955155,4.293712739429192,-4.883999999999986,0.01200000000000001,5.758689017868575,7.526055479013524e-14,0.10611942979992726,5.227037338206811,-3.9331643019136777,-12.740299999999934,-14.385795374164049,-1.1313944793438264,landing,,,,-1.6954664816913763
147.042,63.9711062,-22.60535632,141.672,3.508,-0.0629,4.556,347.1865,-0.6813,0.363,-0.9027,47.212,46.033,0.5129,77.4943,-5.5803,1.0,0.0,1.0,-0.03,857.2,0.0,10.0,270.0,1,147.042,-0.08639191939240987,0.03128706891612751,-0.03,0.31681946931182114,0.0,1.0,0.0034939077438585486,738.3130796790277,4.112521215319245,-4.828000000000003,0.008000000000000007,5.758689017868575,6.271712899177937e-14,0.10175376429587407,5.219789256842376,-4.138712232477104,-12.833499999999958,-15.52528742042234,-1.133994981221666,landing,,,,-1.5762783674254095
147.15,63.97112735,-22.60535988,141.723,3.504,-0.1332,4.5946,347.0937,-0.7252,0.4056,-0.9522,47.104,45.888,0.509,77.2316,-5.8217,1.0,0.0,1.0,-0.03,848.1,0.0,10.0,270.0,1,147.15,-0.08560892600528636,0.030817899073984217,-0.03,0.32517351778782655,0.0,1.0,0.004089251701801466,740.6707518163086,3.9372805378237055,-4.776999999999987,0.0040000000000000036,5.758689017868575,5.2264274159816135e-14,0.09751717786167532,5.211529870726804,-4.330790041633605,-12.92629999999997,-16.753654716281822,-1.1218136192924237,landing,,,,-1.466029412438374
147.233,63.97114668,-22.60536328,141.773,3.503,-0.1507,4.6151,347.0155,0.016,0.0376,-0.7549,47.004,45.75,0.5425,76.977,-6.0786,1.0,1.0,1.0,-0.03,839.7,0.0,10.0,270.0,1,147.233,-0.08614435071781096,0.030367234042306207,-0.03,0.33126978713125177,0.0,1.0,0.004665871279573464,742.8255390248114,3.769949678336176,-4.727000000000004,0.0030000000000001137,5.758689017868575,4.355356179984678e-14,0.09345984806265066,5.204868472140327,-4.535074666464141,-13.004500000000007,-17.693972882136666,-1.129359588184792,landing,,,,-1.365335489578186
147.342,63.97116769,-22.60536715,141.827,3.503,-0.1489,4.6148,346.9439,0.033,-0.024,-0.6775,46.894,45.601,0.5389,76.7049,-6.3291,1.0,1.0,1.0,-0.03,830.5,0.0,10.0,270.0,1,147.342,-0.08755844401867721,0.0298761901518296,-0.03,0.33886305230535774,0.0,1.0,0.00529959678041908,745.1675991173565,3.5795263929434675,-4.673000000000002,0.0030000000000001137,5.758689017868575,3.629463483320565e-14,0.08882913743418762,5.19563982600521,-4.736922898883876,-13.076099999999997,-18.926403477721475,-1.1184336539794943,landing,,,,-1.2561108286932026
147.442,63.97119036,-22.60537151,141.885,3.502,-0.1447,4.6122,346.8741,0.0458,-0.0213,-0.6027,46.773,45.439,0.5348,76.407,-6.6019,1.0,1.0,1.0,-0.03,820.7,0.0,10.0,270.0,1,147.442,-0.08883254784159342,0.029337160387691824,-0.03,0.3454012220164777,0.0,1.0,0.006001960664700046,747.6947022153638,3.365031585425002,-4.615000000000009,0.0019999999999997797,5.758689017868575,3.0245529027671373e-14,0.08359776615132823,5.186680803200326,-4.95834165743176,-13.145899999999983,-20.051729442944193,-1.1267578672540877,landing,,,,-1.1398048747848932
147.533,63.97120774,-22.60537499,141.929,3.502,-0.1406,4.6107,346.8263,0.0517,-0.0127,-0.5332,46.68,45.313,0.5315,76.1757,-6.8126,1.0,1.0,1.0,-0.03,813.3,0.0,10.0,270.0,1,147.533,-0.08991610691515031,0.028914290322554853,-0.03,0.35099167981199275,0.0,1.0,0.006558011511200723,749.632108415765,3.1938571073245394,-4.570999999999998,0.0019999999999997797,5.758689017868575,2.5204607523059477e-14,0.07941197935820697,5.178174361552217,-5.1305212989394136,-13.193700000000035,-21.069885405013178,-1.1172324267744695,landing,,,,-1.0519735563636488
147.642,63.97123026,-22.60537967,141.987,3.502,-0.1347,4.6098,346.7736,0.0598,-0.0041,-0.4288,46.559,45.149,0.5273,75.8724,-7.0869,1.0,1.0,1.0,-0.03,803.9,0.0,10.0,270.0,1,147.642,-0.091148011119563,0.028359252047055333,-0.03,0.35725688787971643,0.0,1.0,0.007294774424505213,752.1424845305382,2.9636901437113092,-4.513000000000005,0.0019999999999997797,5.758689017868575,2.1003839602549562e-14,0.07376948488246726,5.167401201890765,-5.356258397268334,-13.246399999999994,-22.28408125409863,-1.1165832737148993,landing,,,,-0.9406291756138572
147.742,63.97125269,-22.60538454,142.043,3.501,-0.128,4.6097,346.7328,0.0647,0.002,-0.3112,46.437,44.984,0.5232,75.5665,-7.3603,1.0,1.0,1.0,-0.03,794.8,0.0,10.0,270.0,1,147.742,-0.0922292779306626,0.02779567765055732,-0.03,0.3625865663927059,0.0,1.0,0.008051131178872462,754.6428244894167,2.7242178739410607,-4.456999999999994,0.0009999999999998899,5.758689017868575,1.7503199668791302e-14,0.0678825000662147,5.156964781224418,-5.583153708227314,-13.287199999999984,-23.38996044155758,-1.1259847942862782,landing,,,,-0.8326758431717991
147.833,63.97126988,-22.60538842,142.087,3.501,-0.1226,4.6101,346.7105,0.0663,0.0059,-0.2107,46.342,44.856,0.5201,75.3296,-7.5691,1.0,1.0,1.0,-0.03,788.1,0.0,10.0,270.0,1,147.833,-0.09312021667510043,0.02735502370933915,-0.03,0.36709357233766426,0.0,1.0,0.008648487269957705,756.5590432693022,2.5334532978297615,-4.413000000000011,0.0009999999999998899,5.758689017868575,1.4585999723992752e-14,0.06318165535302084,5.147071518691828,-5.75780780821961,-13.309499999999957,-24.38827630153949,-1.1185276351653382,landing,,,,-0.7521603510965775
147.942,63.97129215,-22.60539361,142.143,3.5,-0.1152,4.6109,346.6946,0.0698,0.0088,-0.0711,46.219,44.69,0.5161,75.0201,-7.8376,1.0,1.0,1.0,-0.03,779.7,0.0,10.0,270.0,1,147.942,-0.09413563297425884,0.026779193722643896,-0.03,0.3720814664220715,0.0,1.0,0.009437215581778458,759.041541476677,2.2783092609182374,-4.356999999999999,0.0,5.758689017868575,1.2154999769993959e-14,0.05688009807234196,5.134570422863798,-5.984244667013286,-13.325399999999945,-25.574912689852802,-1.1194287926023403,landing,,,,-0.6516270599041434
148.05,63.97131433,-22.60539898,142.199,3.5,-0.1077,4.612,346.6941,0.0705,0.0112,0.0763,46.095,44.524,0.5121,74.7093,-8.1012,1.0,1.0,1.0,-0.03,771.8,0.0,10.0,270.0,1,148.05,-0.09506440898084634,0.02619861272890031,-0.03,0.376588589630269,0.0,1.0,0.010242053193163903,761.5140036999696,2.0143498550002272,-4.300999999999988,0.0,5.758689017868575,1.0129166474994965e-14,0.05034434916423025,5.121523159051225,-6.20876117115489,-13.325900000000047,-26.737900832802442,-1.1220396431065027,landing,,,,-0.5556131551075723
148.133,63.97133132,-22.60540323,142.241,3.5,-0.1017,4.6129,346.7046,0.0695,0.0122,0.1902,45.999,44.395,0.509,74.4696,-8.2999,1.0,1.0,1.0,-0.03,766.0,0.0,10.0,270.0,1,148.133,-0.09573316168188098,0.025744280675800008,-0.03,0.3797649762159421,0.0,1.0,0.010878807486679964,763.4079208041305,1.8054653819802473,-4.258999999999986,0.0,5.758689017868575,8.440972062495804e-15,0.04516104196872453,5.111101978127921,-6.379571069742781,-13.315399999999954,-27.62115445589016,-1.1251839033717368,landing,,,,-0.48489709305881945
148.242,63.97135333,-22.60540891,142.296,3.499,-0.0943,4.6144,346.7333,0.069,0.0142,0.3527,45.874,44.228,0.5051,74.1577,-8.5512,1.0,1.0,1.0,-0.03,758.9,0.0,10.0,270.0,1,148.242,-0.09653333155609778,0.025152181112224475,-0.03,0.3835804199033155,0.0,1.0,0.011718065491225338,765.8614266802541,1.5263245353728265,-4.204000000000008,-0.0009999999999998899,5.758689017868575,7.03414338541317e-15,0.038219687431839296,5.096697586870796,-6.597783296106769,-13.286699999999996,-28.768334172320753,-1.1271480022312057,landing,,,,-0.3968932689511817
148.342,63.97137525,-22.60541476,142.351,3.499,-0.087,4.616,346.7797,0.0667,0.0151,0.5201,45.747,44.062,0.5013,73.8459,-8.7933,1.0,1.0,1.0,-0.03,752.2,0.0,10.0,270.0,1,148.342,-0.09722416518088745,0.024559426573583426,-0.03,0.3867337089956313,0.0,1.0,0.012569273128766434,768.3048967425239,1.2388582572581253,-4.149000000000001,-0.0009999999999998899,5.758689017868575,5.861786154510975e-15,0.031054598010008864,5.082814054715558,-6.810597547957855,-13.240299999999934,-29.804680830597775,-1.1401345474828903,landing,,,,-0.3130244065035015
148.442,63.9713954,-22.60542029,142.401,3.498,-0.0805,4.6176,346.839,0.0637,0.0159,0.6803,45.63,43.908,0.4978,73.5586,-9.007,1.0,1.0,1.0,-0.03,746.5,0.0,10.0,270.0,1,148.442,-0.09783795830545408,0.024005972080882593,-0.03,0.3895731345973297,0.0,1.0,0.013374344411678951,770.5510584497298,0.9671388474945413,-4.0989999999999895,-0.0019999999999997797,5.758689017868575,4.884821795425812e-15,0.024267225705286204,5.068298063770369,-7.000922719015733,-13.18100000000004,-30.824734022291743,-1.142849588620813,landing,,,,-0.2389793236604021
148.533,63.97141214,-22.605425,142.442,3.498,-0.0753,4.619,346.9008,0.0597,0.0166,0.8173,45.531,43.78,0.495,73.3199,-9.1767,1.0,1.0,1.0,-0.03,742.0,0.0,10.0,270.0,1,148.533,-0.09833271309641889,0.023543495503845352,-0.03,0.3918993284962211,0.0,1.0,0.014054952307846036,772.4170985023864,0.7357269876262739,-4.057999999999993,-0.0019999999999997797,5.758689017868575,4.07068482952151e-15,0.01847579142361784,5.054605523329818,-7.154028084632529,-13.119199999999978,-31.738076142688683,-1.137855270374591,landing,,,,-0.17910775259888112
148.642,63.97143381,-22.60543126,142.495,3.497,-0.0691,4.6208,346.9983,0.0553,0.0171,0.9989,45.402,43.614,0.4913,73.0112,-9.3847,1.0,1.0,1.0,-0.03,736.6,0.0,10.0,270.0,1,148.642,-0.09887655615830998,0.02294058626743975,-0.03,0.3943799981943117,0.0,1.0,0.014953354429712629,774.8326923682536,0.4281830089395077,-4.0049999999999955,-0.0030000000000001137,5.758689017868575,3.3922373579345915e-15,0.010764053564944736,5.037413738433631,-7.344511963681953,-13.02170000000001,-32.81149641273346,-1.142003540207082,landing,,,,-0.10283708533894043
148.742,63.97145539,-22.60543764,142.548,3.497,-0.0635,4.6227,347.1157,0.049,0.0175,1.1834,45.272,43.449,0.4878,72.7048,-9.5766,1.0,1.0,1.0,-0.03,731.8,0.0,10.0,270.0,1,148.742,-0.0993303223950796,0.02233803360620354,-0.03,0.3963784739135856,0.0,1.0,0.015864245001362798,777.2382512753687,0.1147632848476225,-3.951999999999998,-0.0030000000000001137,5.758689017868575,2.8268644649454928e-15,0.0028880720009200893,5.020911166505612,-7.523742607956876,-12.904299999999921,-33.77381144860606,-1.15636685473372,landing,,,,-0.027398045661762183
148.85,63.97147523,-22.60544365,142.597,3.496,-0.0589,4.6245,347.242,0.0423,0.0183,1.3571,45.15,43.296,0.4847,72.4245,-9.7377,1.0,1.0,1.0,-0.03,727.9,0.0,10.0,270.0,1,148.85,-0.09973457582369769,0.021776613065271316,-0.03,0.3982635417835265,0.0,1.0,0.016725110329863235,779.4498469849552,-0.18046105147656155,-3.9029999999999916,-0.0040000000000000036,5.758689017868575,2.3557203874545773e-15,-0.004545802861589669,5.0023449395971396,-7.6776724730527235,-12.77800000000002,-34.78907828496116,-1.1539361979060714,landing,,,,0.04315930934151879
148.933,63.9714917,-22.60544872,142.637,3.496,-0.0556,4.626,347.3604,0.0357,0.0184,1.5015,45.048,43.17,0.4822,72.1931,-9.8591,1.0,1.0,1.0,-0.03,725.0,0.0,10.0,270.0,1,148.933,-0.10001158933604612,0.02131248059402488,-0.03,0.39953233633639895,0.0,1.0,0.01744596363223866,781.2857821613557,-0.42950014703800365,-3.8629999999999995,-0.0040000000000000036,5.758689017868575,1.9631003228788144e-15,-0.010827822186976577,4.987606409356069,-7.79653078885616,-12.659599999999955,-35.55107573519596,-1.1607525128828455,landing,,,,0.10345561521457824
149.042,63.97151304,-22.60545541,142.689,3.495,-0.0521,4.6281,347.5327,0.0278,0.019,1.6934,44.913,43.007,0.4791,71.8956,-9.9978,1.0,1.0,1.0,-0.03,721.6,0.0,10.0,270.0,1,149.042,-0.10031768095520699,0.02070988013213379,-0.03,0.40097708215210504,0.0,1.0,0.01839470039176072,783.6645813489575,-0.7580985879283852,-3.811000000000007,-0.004999999999999893,5.758689017868575,1.6359169357323453e-15,-0.019131907810599844,4.967399394784051,-7.93677921295199,-12.487300000000005,-36.524684709682404,-1.1678233853563769,landing,,,,0.18576173916905958
149.15,63.97153429,-22.60546218,142.741,3.495,-0.0496,4.6302,347.7257,0.0187,0.0197,1.885,44.776,42.844,0.4761,71.6023,-10.1134,1.0,1.0,1.0,-0.03,718.5,0.0,10.0,270.0,1,149.15,-0.10055894219080755,0.02010508769196237,-0.03,0.40218212763760874,0.0,1.0,0.019362010483497838,786.0333462626813,-1.0906130247506267,-3.758999999999986,-0.004999999999999893,5.758689017868575,1.3632641131102877e-15,-0.02755222105256372,4.946541117089151,-8.059507934839814,-12.294300000000021,-37.45800251481787,-1.176977488371107,landing,,,,0.27423138941988867
149.233,63.97155058,-22.60546744,142.781,3.494,-0.0483,4.6319,347.8882,0.0108,0.0202,2.0307,44.669,42.72,0.4739,71.3798,-10.1854,1.0,1.0,1.0,-0.03,716.4,0.0,10.0,270.0,1,149.233,-0.10070580737068463,0.01964371284466246,-0.03,0.4029697868465807,0.0,1.0,0.02011051702594674,787.8492123766795,-1.3489539246720237,-3.718999999999994,-0.005999999999999783,5.758689017868575,1.1360534275919064e-15,-0.034106008273856465,4.930024887978474,-8.140887272916302,-12.131799999999998,-38.15404049394487,-1.187175591837927,landing,,,,0.34795418012468105
149.342,63.97157168,-22.60547432,142.832,3.494,-0.0476,4.6341,348.1177,0.0015,0.0211,2.221,44.528,42.558,0.4713,71.0947,-10.2556,1.0,1.0,1.0,-0.03,713.8,0.0,10.0,270.0,1,149.342,-0.10084428274520862,0.019039516324290656,-0.03,0.4038353830721799,0.0,1.0,0.021105123238597756,790.2012538978051,-1.6868518346368142,-3.6680000000000064,-0.005999999999999783,5.758689017868575,9.46711189659922e-16,-0.042693491666262906,4.907458873627195,-8.228445423119013,-11.902299999999968,-39.03551215256094,-1.1968485363664114,landing,,,,0.4527800983417123
149.433,63.97158947,-22.60548017,142.875,3.493,-0.0479,4.6361,348.3279,-0.0072,0.0218,2.3783,44.406,42.423,0.4692,70.8575,-10.2936,1.0,1.0,1.0,-0.03,711.8,0.0,10.0,270.0,1,149.433,-0.10091475981255574,0.018534983723281634,-0.03,0.40442753274990806,0.0,1.0,0.02194864823706638,792.1843250297942,-1.9741574033749274,-3.625,-0.007000000000000117,5.758689017868575,7.889259913832683e-16,-0.050008875540323294,4.888022107369694,-8.285641670211277,-11.692099999999982,-39.744270091972474,-1.2099222458476138,landing,,,,0.5508966471101928
149.542,63.97161042,-22.60548711,142.926,3.493,-0.0491,4.6385,348.5946,-0.017,0.0224,2.5594,44.259,42.262,0.4669,70.5818,-10.3118,1.0,1.0,1.0,-0.03,709.6,0.0,10.0,270.0,1,149.542,-0.10095413065115111,0.017932323977603,-0.03,0.4049957456007389,0.0,1.0,0.022972373864577567,794.5196440142159,-2.3149891002063216,-3.5740000000000123,-0.007000000000000117,5.758689017868575,6.574383261527236e-16,-0.05870334667755256,4.8638636289250625,-8.33194536097767,-11.425399999999968,-40.556426147970036,-1.2225314828806384,landing,,,,0.6798781356905295
149.633,63.97162808,-22.60549298,142.969,3.492,-0.0511,4.6406,348.8354,-0.0258,0.0232,2.7072,44.132,42.127,0.4651,70.3526,-10.3038,1.0,1.0,1.0,-0.03,707.8,0.0,10.0,270.0,1,149.633,-0.10094239942425906,0.017426407337060218,-0.03,0.4053673493792338,0.0,1.0,0.02384588770222612,796.4882228285379,-2.6032694849401707,-3.531000000000006,-0.008000000000000007,5.758689017868575,5.478652717939363e-16,-0.06607110085352524,4.8430974390729835,-8.352266140218575,-11.184600000000046,-41.205161270023574,-1.2382653840373345,landing,,,,0.8010699290821748
149.742,63.97164888,-22.60549991,143.019,3.492,-0.0543,4.6432,349.1371,-0.0352,0.024,2.8743,43.979,41.968,0.4633,70.0865,-10.2661,1.0,1.0,1.0,-0.03,705.8,0.0,10.0,270.0,1,149.742,-0.10088895815181134,0.01683015382802608,-0.03,0.4057034368455137,0.0,1.0,0.02489266177192262,798.8068204726061,-2.943605407537871,-3.4809999999999945,-0.008000000000000007,5.758689017868575,4.565543931616136e-16,-0.07478564238107929,4.817349216691485,-8.353284840388199,-10.882900000000063,-41.94226111218019,-1.2533021422858388,landing,,,,0.960099092732996
149.85,63.9716696,-22.60550679,143.069,3.491,-0.0586,4.6458,349.4564,-0.0446,0.0249,3.0311,43.822,41.809,0.4616,69.8255,-10.1972,1.0,1.0,1.0,-0.03,703.9,0.0,10.0,270.0,1,149.85,-0.10078791718387392,0.016233786718346493,-0.03,0.4059366953806407,0.0,1.0,0.025959193844637518,801.1165008335386,-3.281488530841715,-3.4310000000000116,-0.008999999999999897,5.758689017868575,3.8046199430134466e-16,-0.08345540745572484,4.790993575506176,-8.328645956973986,-10.563599999999951,-42.63015349216867,-1.2715204660510913,landing,,,,1.1367424549612792
149.95,63.97168866,-22.6055131,143.115,3.491,-0.0635,4.6483,349.7658,-0.0527,0.0256,3.1654,43.673,41.663,0.4603,69.5889,-10.1055,1.0,1.0,1.0,-0.03,702.2,0.0,10.0,270.0,1,149.95,-0.10065618429175496,0.015686371747693578,-0.03,0.40607831859730736,0.0,1.0,0.02695622365246142,803.24113955638,-3.591380633768698,-3.384999999999991,-0.008999999999999897,5.758689017868575,3.170516619177872e-16,-0.09142284494488132,4.765881312426669,-8.282571035041713,-10.254199999999969,-43.229271957246944,-1.291382241864637,landing,,,,1.3165498026067084
150.033,63.97170607,-22.60551882,143.157,3.49,-0.0686,4.6507,350.0607,-0.0593,0.0264,3.2793,43.534,41.528,0.4592,69.3755,-9.9977,1.0,1.0,1.0,-0.03,700.7,0.0,10.0,270.0,1,150.033,-0.10050896521052216,0.015180607702601295,-0.03,0.4061500126654418,0.0,1.0,0.027893458364781687,805.1818517514408,-3.8723022309706923,-3.3429999999999893,-0.009999999999999787,5.758689017868575,2.642097182648227e-16,-0.09865909154378823,4.744507002864155,-8.220435066080427,-9.959299999999985,-43.69709090000178,-1.3262292012570145,landing,,,,1.495227020626963
150.142,63.97172658,-22.6055255,143.207,3.489,-0.0754,4.6537,350.4223,-0.0665,0.0274,3.4024,43.366,41.37,0.4581,69.1271,-9.8414,1.0,1.0,1.0,-0.03,699.1,0.0,10.0,270.0,1,150.142,-0.10030556328081391,0.014589478110064585,-0.03,0.4061922895182233,0.0,1.0,0.029009377826457294,807.4681254173329,-4.200378436801216,-3.2930000000000064,-0.01100000000000012,5.758689017868575,2.2017476522068558e-16,-0.1071267579458619,4.715591810804313,-8.122564515377888,-9.597700000000032,-44.266941909191814,-1.3457796742036126,landing,,,,1.7237843842288498
150.25,63.97174545,-22.60553155,143.253,3.489,-0.0823,4.6565,350.7672,-0.0721,0.0282,3.5039,43.206,41.223,0.4573,68.9013,-9.6696,1.0,1.0,1.0,-0.03,697.8,0.0,10.0,270.0,1,150.25,-0.10009293855001153,0.014040583039990867,-0.03,0.4061885485146477,0.0,1.0,0.030066321735452317,809.5715880062115,-4.497524776908335,-3.247000000000014,-0.01100000000000012,5.758689017868575,1.8347897101723797e-16,-0.1148126808956653,4.686215910748685,-8.00870870297723,-9.25279999999998,-44.78816133657256,-1.3581162021379563,landing,,,,1.9501165694621392
150.333,63.97176269,-22.60553701,143.294,3.488,-0.0862,4.6427,351.0891,-0.0471,-0.4127,3.5101,43.059,41.089,0.444,68.6952,-9.5071,1.0,1.0,1.0,-0.03,696.6,0.0,10.0,270.0,1,150.333,-0.09996945894301948,0.013541397434570585,-0.03,0.4061618411145571,0.0,1.0,0.03104577550826565,811.4933536014731,-4.765701389544735,-3.205999999999989,-0.01200000000000001,5.758689017868575,1.5289914251436497e-16,-0.1217629233837558,4.663144390754763,-7.899421372082713,-8.930900000000065,-45.157684297479,-1.39565875988446,landing,,,,2.1707067421836825
150.442,63.97178301,-22.60554332,143.338,3.488,-0.091,4.6209,351.4744,-0.0999,-0.0254,3.6201,42.879,40.932,0.4033,68.4629,-9.2531,1.0,1.0,1.0,-0.03,695.4,0.0,10.0,270.0,1,150.442,-0.09981420203738056,0.012958271211975653,-0.03,0.40610460640340285,0.0,1.0,0.03221306315899186,813.7584530154187,-5.075642522504297,-3.162000000000006,-0.01200000000000001,5.758689017868575,1.2741595209530415e-16,-0.12981296487629695,4.632052019630168,-7.717166809308111,-8.545599999999922,-45.596935938636506,-1.4189057950575867,landing,,,,2.445511251208906
150.542,63.97180169,-22.60554899,143.378,3.487,-0.1001,4.6216,351.8402,-0.0876,0.027,3.6994,42.71,40.786,0.4037,68.2472,-9.0064,1.0,1.0,1.0,-0.03,694.3,0.0,10.0,270.0,1,150.542,-0.09952536959822741,0.01241800638586485,-0.03,0.40603696261592637,0.0,1.0,0.03331798599037156,815.8407415225793,-5.354163852415309,-3.122000000000014,-0.0129999999999999,5.758689017868575,1.0617996007942011e-16,-0.13706370769566886,4.602905475461836,-7.537729890485139,-8.1798,-45.95894657925012,-1.4435507227796303,landing,,,,2.711031458070856
150.633,63.97181722,-22.60555359,143.412,3.487,-0.1074,4.6241,352.1505,-0.0868,0.0322,3.752,42.566,40.664,0.4039,68.0685,-8.7848,1.0,1.0,1.0,-0.03,693.4,0.0,10.0,270.0,1,150.633,-0.09929163576544911,0.01196826956534644,-0.03,0.4059676348880572,0.0,1.0,0.034255872034032075,817.5718966027443,-5.58013931783599,-3.087999999999994,-0.0129999999999999,5.758689017868575,8.848330006618343e-17,-0.14295910878855328,4.575934049953174,-7.373842960931341,-7.869500000000016,-46.25684466537897,-1.4561749827467023,landing,,,,2.9396041432467186
150.742,63.97183735,-22.60555939,143.456,3.486,-0.1168,4.6277,352.56,-0.0878,0.0325,3.8094,42.376,40.505,0.4044,67.8375,-8.4744,1.0,1.0,1.0,-0.03,692.4,0.0,10.0,270.0,1,150.742,-0.09899127451891321,0.011384813876605587,-0.03,0.40588288265050987,0.0,1.0,0.035498483985629325,819.8158241582368,-5.865086255898334,-3.044000000000011,-0.01399999999999979,5.758689017868575,7.373608338848619e-17,-0.15041012313778163,4.542913452816332,-7.140619171767582,-7.460000000000036,-46.56578505852629,-1.4822608266838568,landing,,,,3.2448225340699324
150.833,63.97185433,-22.60556414,143.493,3.485,-0.1249,4.6307,352.9109,-0.0876,0.0324,3.8503,42.211,40.37,0.4049,67.6429,-8.193,1.0,1.0,1.0,-0.03,691.6,0.0,10.0,270.0,1,150.833,-0.09873296450088964,0.010892096183883954,-0.03,0.40581360900597363,0.0,1.0,0.03657185702008864,821.7086179439009,-6.098467203945749,-3.007000000000005,-0.015000000000000124,5.758689017868575,6.144673615707183e-17,-0.15652775700056099,4.5148892561224025,-6.926102091238278,-7.1090999999998985,-46.788964514493706,-1.512345007275019,landing,,,,3.509042030336637
150.942,63.97187433,-22.60556953,143.537,3.484,-0.1344,4.6342,353.3301,-0.0872,0.0321,3.8909,42.014,40.21,0.4055,67.4133,-7.8396,1.0,1.0,1.0,-0.03,690.6,0.0,10.0,270.0,1,150.942,-0.0984309268705369,0.010311694449926273,-0.03,0.4057390682623734,0.0,1.0,0.03786620469430735,823.9380605348107,-6.363321654774805,-2.962999999999994,-0.016000000000000014,5.758689017868575,5.120561346422652e-17,-0.16348895003670558,4.480664862937821,-6.653222531443589,-6.689899999999966,-47.00816390128574,-1.5391626838446626,landing,,,,3.8245578124213395
151.05,63.97189426,-22.60557467,143.581,3.484,-0.1437,4.6377,353.7534,-0.0854,0.0317,3.9253,41.813,40.05,0.4062,67.1838,-7.4654,1.0,1.0,1.0,-0.03,689.7,0.0,10.0,270.0,1,151.05,-0.09813677401927909,0.00973558219156187,-0.03,0.4056771972889719,0.0,1.0,0.03918509704478762,826.159704029678,-6.615924949461808,-2.919000000000011,-0.016000000000000014,5.758689017868575,4.26713445535221e-17,-0.17014840047722374,4.446158442179703,-6.360641036770147,-6.266599999999926,-47.17726853115185,-1.568430722687061,landing,,,,4.141073351973809
151.133,63.97190954,-22.60557845,143.615,3.483,-0.1508,4.6403,354.0814,-0.0836,0.0315,3.9486,41.656,39.927,0.4068,67.0069,-7.1643,1.0,1.0,1.0,-0.03,689.1,0.0,10.0,270.0,1,151.133,-0.09791335996970738,0.009295900456169098,-0.03,0.4056383130996337,0.0,1.0,0.040215998818725396,827.8630039489474,-6.801715829369402,-2.884999999999991,-0.016999999999999904,5.758689017868575,3.5559453794601744e-17,-0.17506038418533648,4.4193273919356235,-6.122813682676309,-5.938599999999951,-47.27860100234329,-1.59780668108463,landing,,,,4.383623317843266
151.242,63.97192936,-22.60558313,143.659,3.482,-0.1597,4.6437,354.5106,-0.0807,0.0312,3.9764,41.448,39.766,0.4077,66.7761,-6.7571,1.0,1.0,1.0,-0.03,688.2,0.0,10.0,270.0,1,151.242,-0.09763538404384128,0.008724977866383238,-0.03,0.4056045802856725,0.0,1.0,0.04158815793927967,830.0723928692895,-7.031777728627382,-2.841000000000008,-0.017999999999999794,5.758689017868575,2.963287816216812e-17,-0.181161402202722,4.3835239095715,-5.798114519136448,-5.509399999999914,-47.36378885141772,-1.626029426507325,landing,,,,4.695479335343343
151.342,63.9719491,-22.60558752,143.703,3.481,-0.1683,4.6471,354.9427,-0.0774,0.0309,4.003,41.238,39.604,0.4087,66.544,-6.3336,1.0,1.0,1.0,-0.03,687.4,0.0,10.0,270.0,1,151.342,-0.09736939504081665,0.008156220189456137,-0.03,0.4055908141399214,0.0,1.0,0.04299541137476515,832.2728686109849,-7.24762833366496,-2.796999999999997,-0.019000000000000128,5.758689017868575,2.4694065135140096e-17,-0.1869073101391538,4.350221432192339,-5.4569838984687635,-5.077299999999923,-47.39788096290355,-1.669117660461162,landing,,,,4.999741534427983
151.433,63.97196575,-22.60559102,143.741,3.481,-0.1752,4.65,355.3106,-0.0738,0.0306,4.026,41.058,39.467,0.4095,66.3461,-5.9635,1.0,1.0,1.0,-0.03,686.6,0.0,10.0,270.0,1,151.433,-0.09715768833216598,0.007680074830280631,-0.03,0.4055919364182523,0.0,1.0,0.04420673123250485,834.1288964506,-7.419754279952628,-2.758999999999986,-0.019000000000000128,5.758689017868575,2.0578387612616748e-17,-0.19150617415314095,4.31959869866676,-5.156211971609508,-4.70939999999996,-47.39511564614112,-1.6971998711485485,landing,,,,5.250508176537906
151.55,63.97198537,-22.60559487,143.785,3.48,-0.183,4.6533,355.7481,-0.0696,0.0302,4.0551,40.842,39.305,0.4106,66.1103,-5.5137,1.0,1.0,1.0,-0.03,685.8,0.0,10.0,270.0,1,151.55,-0.0969212619376977,0.007123211544849378,-0.03,0.40561393454017014,0.0,1.0,0.04566474138208504,836.3160042176632,-7.609143602182804,-2.7150000000000034,-0.020000000000000018,5.758689017868575,1.7148656343847288e-17,-0.19658801890408195,4.279751465530175,-4.787521957292256,-4.27189999999996,-47.34040509308126,-1.7107411416035496,landing,,,,5.534955720859209
151.633,63.97200041,-22.60559763,143.82,3.479,-0.1887,4.6558,356.087,-0.066,0.0298,4.0796,40.675,39.18,0.4115,65.9275,-5.1593,1.0,1.0,1.0,-0.03,685.2,0.0,10.0,270.0,1,151.633,-0.0967499176152466,0.006698410207411215,-0.03,0.40564013958792144,0.0,1.0,0.0468091245958247,837.9925671639224,-7.744951539903452,-2.680000000000007,-0.020999999999999908,5.758689017868575,1.4290546953206074e-17,-0.2002480778660573,4.251290229345993,-4.494686194028702,-3.9329999999999927,-47.27391873080869,-1.7381326917096944,landing,,,,5.7445094431520545
151.733,63.9720184,-22.60560069,143.861,3.478,-0.1951,4.6588,356.4964,-0.0618,0.0293,4.113,40.471,39.03,0.4126,65.7057,-4.7253,1.0,1.0,1.0,-0.03,684.4,0.0,10.0,270.0,1,151.733,-0.09655985176563492,0.006194625165890061,-0.03,0.40568610726131027,0.0,1.0,0.048205132720964494,839.9979813585685,-7.895572388862055,-2.63900000000001,-0.021999999999999797,5.758689017868575,1.1908789127671728e-17,-0.20432730104076968,4.2166865318107645,-4.13340935336231,-3.5235999999999876,-47.15353954350061,-1.7655751742815515,landing,,,,5.9825981263902435
151.842,63.97203782,-22.60560369,143.906,3.478,-0.2016,4.662,356.944,-0.057,0.0287,4.1544,40.249,38.867,0.4139,65.4627,-4.2452,1.0,1.0,1.0,-0.03,683.5,0.0,10.0,270.0,1,151.842,-0.09636935198666946,0.005655033020566996,-0.03,0.4057508098357181,0.0,1.0,0.049750872547048464,842.1628083143938,-8.043309259240628,-2.593999999999994,-0.021999999999999797,5.758689017868575,9.92399093972644e-18,-0.20835423339616113,4.178655292638334,-3.7303867904792014,-3.076000000000022,-46.97484996247644,-1.7902226355019744,landing,,,,6.222234961397788
151.942,63.97205718,-22.60560637,143.951,3.477,-0.2075,4.665,357.3964,-0.0523,0.0281,4.2025,40.025,38.704,0.4152,65.2163,-3.7559,1.0,1.0,1.0,-0.03,682.7,0.0,10.0,270.0,1,151.942,-0.09619800839445772,0.0051241500217254765,-0.03,0.4058205752238395,0.0,1.0,0.05132727124021125,844.3209521395894,-8.175365801852799,-2.5490000000000066,-0.02300000000000013,5.758689017868575,8.269992449772033e-18,-0.2119818349173352,4.143528258171141,-3.3161049696689133,-2.6235999999998967,-46.76746146285168,-1.8311114868199916,landing,,,,6.441941463188954
152.042,63.97207349,-22.60560838,143.989,3.476,-0.2121,4.6676,357.7835,-0.0487,0.0272,4.2489,39.833,38.565,0.4163,65.005,-3.3352,1.0,1.0,1.0,-0.03,682.0,0.0,10.0,270.0,1,152.042,-0.09606726155375706,0.0046787256980219405,-0.03,0.4058952680957548,0.0,1.0,0.05269636490573737,846.139103370167,-8.274477862500962,-2.5109999999999957,-0.02400000000000002,5.758689017868575,6.891660374810028e-18,-0.21472840083011888,4.108243657227561,-2.9570890111291703,-2.236499999999978,-46.52343684822317,-1.839192260745457,landing,,,,6.610658294555563
152.142,63.97209271,-22.60561044,144.034,3.475,-0.2172,4.6705,358.2469,-0.0445,0.0267,4.3111,39.605,38.401,0.4177,64.7518,-2.8306,1.0,1.0,1.0,-0.03,681.1,0.0,10.0,270.0,1,152.142,-0.09592163694628483,0.004162313460120498,-0.03,0.4059730057826849,0.0,1.0,0.054341785044776214,848.2816510547301,-8.376152845626573,-2.466000000000008,-0.02499999999999991,5.758689017868575,5.74305031234169e-18,-0.21757805112651782,4.072791706590819,-2.5230693194616265,-1.7730999999999995,-46.235512479740954,-1.8792656915867922,landing,,,,6.787828012872112
152.25,63.97211038,-22.60561204,144.076,3.474,-0.2215,4.6732,358.6809,-0.042,0.0266,4.3759,39.392,38.249,0.419,64.5143,-2.3582,1.0,1.0,1.0,-0.03,680.3,0.0,10.0,270.0,1,152.25,-0.09580090542809425,0.0036929750677074658,-0.03,0.40605311638288,0.0,1.0,0.05589660961548859,850.2514176614408,-8.455230399000486,-2.4240000000000066,-0.0259999999999998,5.758689017868575,4.785875260284741e-18,-0.2198284520489947,4.0343881836258,-2.1134084123623325,-1.3390999999999167,-45.88079174495973,-1.8877162852809102,landing,,,,6.929242836948916
152.342,63.97212652,-22.60561325,144.114,3.474,-0.2252,4.6757,359.0847,-0.0381,0.0258,4.441,39.195,38.11,0.4202,64.2937,-1.9198,1.0,1.0,1.0,-0.03,679.5,0.0,10.0,270.0,1,152.342,-0.09569576641489444,0.0032719949849513152,-0.03,0.40611284238389955,0.0,1.0,0.057344187468353014,852.050631528904,-8.515140861803488,-2.3859999999999957,-0.0259999999999998,5.758689017868575,3.988229383570617e-18,-0.22156694806693508,4.001631900640518,-1.7303349731547826,-0.9352999999999838,-45.544736060906054,-1.9107697455122652,landing,,,,7.039384078405206
152.45,63.97214552,-22.60561434,144.16,3.473,-0.2292,4.6784,359.5699,-0.0352,0.0246,4.5257,38.961,37.945,0.4216,64.0284,-1.3952,1.0,1.0,1.0,-0.03,678.6,0.0,10.0,270.0,1,152.45,-0.09558070483346034,0.002782955274620108,-0.03,0.4061671769100361,0.0,1.0,0.059095275301129346,854.1686709195184,-8.569283367446705,-2.3400000000000034,-0.027000000000000135,5.758689017868575,3.3235244863088476e-18,-0.2231904239586231,3.9631214600106897,-1.2682964277794895,-0.4501000000000204,-45.10146371144837,-1.934033101980893,landing,,,,7.142933723859386
152.533,63.97216008,-22.60561495,144.195,3.472,-0.2321,4.6805,359.9497,-0.0334,0.024,4.5962,38.779,37.818,0.4227,63.8213,-0.9871,1.0,1.0,1.0,-0.03,677.8,0.0,10.0,270.0,1,152.533,-0.0954951134458151,0.002414788774745519,-0.03,0.4061908359622888,0.0,1.0,0.06046789647901585,855.7917618009812,-8.59973611109021,-2.305000000000007,-0.028000000000000025,5.758689017868575,2.7696037385907062e-18,-0.22414895086819261,3.9335524610492674,-0.9061015811866753,-0.07029999999997472,-44.73295646264335,-1.9575547367405692,landing,,,,7.2043834519010375
152.633,63.97217894,-22.60561541,144.241,3.471,-0.2356,4.6831,0.4525,-0.0312,0.023,4.6951,38.541,37.652,0.4241,63.5472,-0.4503,1.0,1.0,1.0,-0.03,676.9,0.0,10.0,270.0,1,152.633,-0.09538794526564073,0.0019448617210089114,-0.03,0.40619147351169005,0.0,1.0,0.062295468762672224,857.8942052227756,-8.623007120096336,-2.258999999999986,-0.028999999999999915,5.758689017868575,2.3080031154922553e-18,-0.22497066254374287,3.897943553258054,-0.42599519248983597,0.43250000000000455,-44.24237689801681,-1.9959588515822926,landing,,,,7.257245336200768
152.742,63.97219628,-22.60561552,144.283,3.47,-0.2387,4.6853,0.9264,-0.0302,0.022,4.7931,38.319,37.498,0.4254,63.2894,0.0514,1.0,1.0,1.0,-0.03,676.0,0.0,10.0,270.0,1,152.742,-0.09481608616487971,0.00152083090684349,-0.03,0.40278660848231884,0.0,1.0,0.06402573519583599,859.8272099879265,-8.62907117695802,-2.217000000000013,-0.029999999999999805,5.758689017868575,1.923335929576879e-18,-0.22532719981637733,3.8592203602345716,0.02653231693599878,0.9063999999999908,-43.66133738982853,-1.99966234213906,landing,,,,7.280234233262391
152.85,63.97221498,-22.60561528,144.33,3.47,-0.2416,4.6877,1.4509,-0.0258,0.0218,4.8961,38.077,37.331,0.4268,63.0049,0.601,1.0,1.0,1.0,-0.03,675.1,0.0,10.0,270.0,1,152.85,-0.09274803023613451,0.0010745436014481802,-0.03,0.3891260294706096,0.0,1.0,0.06594108720675429,861.9118291030882,-8.618040349972484,-2.1699999999999875,-0.029999999999999805,5.758689017868575,1.602779941314066e-18,-0.22525316378343,3.8209998252491153,0.5265244627333345,1.4309000000000083,-43.03525774601836,-2.0215785601937544,landing,,,,7.275457920391915
152.933,63.97222931,-22.60561484,144.365,3.469,-0.2435,4.6896,1.8617,-0.0119,0.023,4.9585,37.889,37.203,0.4279,62.7827,1.0269,1.0,1.0,1.0,-0.03,674.3,0.0,10.0,270.0,1,152.933,-0.0909324339525937,0.0007423814025633024,-0.03,0.37757510664824845,0.0,1.0,0.06743742361598426,863.5092982920797,-8.597040728929832,-2.134999999999991,-0.03100000000000014,5.758689017868575,1.335649951095055e-18,-0.22486816338091553,3.791764334838644,0.9170700827921223,1.841700000000003,-42.52520400672642,-2.0437132584455804,landing,,,,7.250642223302364
153.042,63.97224786,-22.60561394,144.412,3.468,-0.2443,4.6922,2.4003,-0.0051,0.0244,4.977,37.644,37.036,0.4293,62.4897,1.5819,1.0,1.0,1.0,-0.03,673.4,0.0,10.0,270.0,1,153.042,-0.0882973574637261,0.00032242206586893807,-0.03,0.36128548460261034,0.0,1.0,0.06942769883067068,865.5772071840049,-8.553668204379383,-2.087999999999994,-0.03200000000000003,5.758689017868575,1.1130416259125457e-18,-0.22394511397724004,3.753577573665208,1.4301084231360903,2.3803000000000054,-41.80222658305304,-2.0622580914976374,landing,,,,7.191296465200068
153.15,63.97226632,-22.60561267,144.458,3.467,-0.2442,4.6949,2.9384,0.0037,0.025,4.9425,37.399,36.869,0.4307,62.1919,2.1381,1.0,1.0,1.0,-0.03,672.5,0.0,10.0,270.0,1,153.15,-0.08530051153058124,-8.180610996125215e-05,-0.03,0.34368233510809576,0.0,1.0,0.07146236940254558,867.6350894971768,-8.492164498056093,-2.0420000000000016,-0.03299999999999992,5.758689017868575,9.275346882604548e-19,-0.22254415787690424,3.7160299253493063,1.9490004162964283,2.9183999999999912,-41.03557533595604,-2.0810090394086167,landing,,,,7.101633158239139
153.233,63.97228046,-22.60561143,144.494,3.467,-0.2438,4.697,3.3487,0.0156,0.0253,4.8861,37.209,36.742,0.4318,61.9597,2.5659,1.0,1.0,1.0,-0.03,671.8,0.0,10.0,270.0,1,153.233,-0.08272167749494427,-0.0003783182868888624,-0.03,0.32930937102295,0.0,1.0,0.07304035778672824,869.2113917865141,-8.43196250073912,-2.0060000000000002,-0.03299999999999992,5.758689017868575,7.729455735503789e-19,-0.22112595417746084,3.687395455025778,2.3514008290765105,3.3286999999999978,-40.418697960667615,-2.0999315473265643,landing,,,,7.011371971974171
153.342,63.97229877,-22.6056095,144.541,3.466,-0.2414,4.6993,3.8711,0.0491,-0.0784,4.7115,36.964,36.576,0.4289,61.6544,3.1127,1.0,1.0,1.0,-0.03,670.9,0.0,10.0,270.0,1,153.342,-0.07907079037253173,-0.0007512246285391877,-0.03,0.30978444025932994,0.0,1.0,0.07514416820569964,871.2525638764495,-8.338117096850919,-1.9590000000000032,-0.03399999999999981,5.758689017868575,6.441213112919824e-19,-0.21886938775024437,3.650141154941071,2.870195654237193,3.8511000000000024,-39.55836425289627,-2.1133656268439864,landing,,,,6.868814729318984
153.45,63.97231698,-22.6056072,144.586,3.465,-0.2386,4.6798,4.3687,0.0073,-0.1025,4.4836,36.721,36.412,0.4057,61.348,3.6512,1.0,1.0,1.0,-0.03,670.0,0.0,10.0,270.0,1,153.45,-0.07507304048772431,-0.0011028133930580941,-0.03,0.2897079528465665,0.0,1.0,0.07727003967735974,873.2825946201535,-8.226140122236663,-1.9139999999999873,-0.03500000000000014,5.758689017868575,5.367677594099853e-19,-0.21613111078041095,3.6136584868190074,3.38600945164589,4.348700000000008,-38.66147431896519,-2.125786933494581,landing,,,,6.697600558693821
153.533,63.97233232,-22.60560497,144.623,3.464,-0.2371,4.6768,4.7734,0.0391,0.0102,4.3103,36.516,36.274,0.4056,61.0852,4.1048,1.0,1.0,1.0,-0.03,669.2,0.0,10.0,270.0,1,153.533,-0.0713703814439389,-0.001385308544763847,-0.03,0.272335541366292,0.0,1.0,0.07909665079604156,874.9926859267467,-8.11748102903002,-1.8770000000000095,-0.03600000000000003,5.758689017868575,4.473064661749877e-19,-0.21344363955219825,3.5859448762559762,3.8243791629524253,4.753399999999999,-37.94605188211779,-2.1570680775471023,landing,,,,6.531485812425174
153.642,63.97234898,-22.60560225,144.664,3.464,-0.232,4.6787,5.1915,0.0562,0.0234,4.016,36.294,36.123,0.407,60.7965,4.5807,1.0,1.0,1.0,-0.03,668.4,0.0,10.0,270.0,1,153.642,-0.06714664802837814,-0.0016800362249299872,-0.03,0.2530433064133708,0.0,1.0,0.08113623042171009,876.8499349085171,-7.984866373615422,-1.8360000000000127,-0.03600000000000003,5.758689017868575,3.7275538847915644e-19,-0.21013576383346846,3.5500111449477285,4.28879777925485,5.171500000000009,-36.96874641660263,-2.1461252748342994,landing,,,,6.329684544867462
153.742,63.97236694,-22.60559898,144.708,3.463,-0.2249,4.6812,5.6089,0.0718,0.0225,3.6509,36.057,35.961,0.4083,60.4822,5.0758,1.0,1.0,1.0,-0.03,667.5,0.0,10.0,270.0,1,153.742,-0.06243111825004227,-0.0019790763132955524,-0.03,0.2324466173514218,0.0,1.0,0.08337355630556653,878.8521130566315,-7.825355754137231,-1.7920000000000016,-0.03699999999999992,5.758689017868575,3.10629490399297e-19,-0.20612755861443877,3.5175650186031273,4.7771476147873955,5.588899999999995,-36.04016895243665,-2.1664775225766433,landing,,,,6.089169590384685
153.833,63.97238069,-22.60559624,144.742,3.462,-0.2179,4.683,5.9015,0.0939,0.0199,3.3254,35.878,35.836,0.4092,60.2401,5.4372,1.0,1.0,1.0,-0.03,666.8,0.0,10.0,270.0,1,153.833,-0.058701000286685956,-0.0021973748846025043,-0.03,0.21669886883061662,0.0,1.0,0.0851358662727138,880.3849650713553,-7.691647988219794,-1.7580000000000098,-0.03799999999999981,5.758689017868575,2.588579086660808e-19,-0.2027484723286111,3.488444960398125,5.137474035875272,5.881499999999988,-35.176986914969405,-2.148346199345386,landing,,,,5.8898863138379625
153.942,63.97239848,-22.60559241,144.787,3.461,-0.2069,4.685,6.2391,0.1065,0.0167,2.8646,35.65,35.676,0.4102,59.9259,5.879,1.0,1.0,1.0,-0.03,666.0,0.0,10.0,270.0,1,153.942,-0.05389227584186773,-0.002460598192633029,-0.03,0.19696270326741172,0.0,1.0,0.08743898391598987,882.3682017510738,-7.504694265648649,-1.7129999999999939,-0.039000000000000146,5.758689017868575,2.1571492388840067e-19,-0.19800115130717746,3.4541881515495265,5.583043785929505,6.219099999999997,-34.11567585759615,-2.1432004647927054,landing,,,,5.615402703469947
154.05,63.97241619,-22.6055883,144.831,3.461,-0.1939,4.6867,6.5252,0.1295,0.013,2.3668,35.428,35.516,0.411,59.6133,6.2836,1.0,1.0,1.0,-0.03,665.2,0.0,10.0,270.0,1,154.05,-0.04919195061263465,-0.0027052156417064765,-0.03,0.17816457264453267,0.0,1.0,0.08979720030763311,884.3425250795414,-7.304019186181416,-1.6690000000000111,-0.039000000000000146,5.758689017868575,1.7976243657366722e-19,-0.19288200870306782,3.4209218172640155,5.997100871897885,6.505200000000002,-33.044664958334074,-2.13523274577114,landing,,,,5.326763049190703
154.133,63.97243109,-22.60558461,144.869,3.46,-0.1818,4.6878,6.7248,0.154,0.0097,1.9369,35.245,35.381,0.4115,59.3509,6.5944,1.0,1.0,1.0,-0.03,664.5,0.0,10.0,270.0,1,154.133,-0.045401657808283036,-0.002896816517083761,-0.03,0.16329342485930798,0.0,1.0,0.0918314111133785,886.0035915908427,-7.1238121278636335,-1.6310000000000002,-0.040000000000000036,5.758689017868575,1.4980203047805602e-19,-0.1882673321771163,3.3958310783322183,6.320054003572409,6.704800000000006,-32.21389583917992,-2.141558794074534,landing,,,,5.073235839938306
154.25,63.97244863,-22.60558005,144.913,3.459,-0.1637,4.6885,6.9061,0.1711,0.0045,1.3634,35.037,35.222,0.4118,59.0444,6.9146,1.0,1.0,1.0,-0.03,663.7,0.0,10.0,270.0,1,154.25,-0.04115955994816389,-0.0031047477672848933,-0.03,0.14653384655942503,0.0,1.0,0.09428144000827815,887.9589715704823,-6.901083255355099,-1.586999999999989,-0.040999999999999925,5.758689017868575,1.2483502539838002e-19,-0.18254576045906712,3.3612294831530147,6.659397949155789,6.886099999999999,-31.031319557861615,-2.108487792593023,landing,,,,4.767855994482055
154.333,63.97246205,-22.6055764,144.948,3.459,-0.1492,4.6889,7.0038,0.1939,0.001,0.9264,34.882,35.1,0.4119,58.8118,7.128,1.0,1.0,1.0,-0.03,663.1,0.0,10.0,270.0,1,154.333,-0.03817743653537553,-0.0032510510181210928,-0.03,0.13479793807886808,0.0,1.0,0.09620247485513789,889.4550518236722,-6.722778355330689,-1.5519999999999925,-0.040999999999999925,5.758689017868575,1.0402918783198334e-19,-0.17795222415741627,3.337160046977893,6.89055212733237,6.983800000000002,-30.194104205531378,-2.0865770732225775,landing,,,,4.529988229785758
154.442,63.97248076,-22.60557113,144.996,3.458,-0.1254,4.6886,7.0766,0.2064,-0.0045,0.2754,34.674,34.929,0.4117,58.4914,7.3702,1.0,1.0,1.0,-0.03,662.3,0.0,10.0,270.0,1,154.442,-0.034606308323708146,-0.0034364004622571553,-0.03,0.1202125315353938,0.0,1.0,0.09895754274106339,891.5408717303555,-6.465309463602901,-1.5039999999999907,-0.041999999999999815,5.758689017868575,8.669098985998611e-20,-0.17130212401085235,3.3063631006233547,7.161697155519732,7.056600000000003,-29.095819069690997,-2.0703661466326864,landing,,,,4.197353933567776
154.55,63.97249672,-22.60556649,145.037,3.457,-0.1036,4.6879,7.0784,0.2245,-0.0101,-0.2911,34.504,34.783,0.4113,58.2221,7.5247,1.0,1.0,1.0,-0.03,661.7,0.0,10.0,270.0,1,154.55,-0.03188812822629372,-0.0035761292733423045,-0.03,0.10884384290443094,0.0,1.0,0.10136974481660022,893.3201198309351,-6.238599610739315,-1.4629999999999939,-0.04300000000000015,5.758689017868575,7.224249154998843e-20,-0.16543146337858028,3.2765935954162226,7.344160224730274,7.058400000000006,-28.019277023738294,-2.0252486854909906,landing,,,,3.9154079926299588
154.633,63.97250996,-22.60556256,145.071,3.457,-0.0848,4.687,7.0371,0.2391,-0.0138,-0.7517,34.368,34.66,0.4107,58.0018,7.6158,1.0,1.0,1.0,-0.03,661.2,0.0,10.0,270.0,1,154.633,-0.030053906184565382,-0.0036803909276652835,-0.03,0.1007610486210686,0.0,1.0,0.10344644673999637,894.7961390596807,-6.046569462372577,-1.429000000000002,-0.04300000000000015,5.758689017868575,6.020207629165702e-20,-0.16044895592674638,3.2542110897936514,7.460305490680582,7.017099999999999,-27.204297724441282,-1.9900946428888504,landing,,,,3.6848316217518473
154.733,63.9725271,-22.60555741,145.115,3.456,-0.0583,4.6852,6.9252,0.2467,-0.0198,-1.3576,34.2,34.5,0.4096,57.7205,7.6789,1.0,1.0,1.0,-0.03,660.5,0.0,10.0,270.0,1,154.733,-0.028351015598756246,-0.0037973328052318955,-0.03,0.09222854625306864,0.0,1.0,0.10621109153456926,896.7069384343743,-5.794918725044084,-1.384999999999991,-0.04400000000000004,5.758689017868575,5.016839690971418e-20,-0.15390750236619616,3.227972969257721,7.5579000143029305,6.905200000000008,-26.241734747196922,-1.961904220808054,landing,,,,3.3943728951319514
154.842,63.97254284,-22.60555263,145.156,3.456,-0.0331,4.683,6.7645,0.2543,-0.0253,-1.9004,34.053,34.351,0.4083,57.466,7.6824,1.0,1.0,1.0,-0.03,660.0,0.0,10.0,270.0,1,154.842,-0.027132019803330798,-0.0038869772343695097,-0.03,0.0854142925709438,0.0,1.0,0.1088524883896218,898.4616640471055,-5.561341189355331,-1.343999999999994,-0.04400000000000004,5.758689017868575,4.1806997424761816e-20,-0.147824172855411,3.200131832628176,7.5944961308660766,6.744499999999988,-25.220549338452393,-1.906151460117408,landing,,,,3.1368266556474538
154.95,63.97255983,-22.60554747,145.2,3.456,-0.0052,4.68,6.5304,0.2587,-0.0302,-2.4612,33.901,34.187,0.4065,57.1954,7.6277,1.0,1.0,1.0,-0.03,659.4,0.0,10.0,270.0,1,154.95,-0.026556796421613238,-0.003963877522012688,-0.03,0.08029867839468618,0.0,1.0,0.11183752415613252,900.3557420814454,-5.309194677967204,-1.3000000000000114,-0.04400000000000004,5.758689017868575,3.483916452063485e-20,-0.14124609035104435,3.1733567802728078,7.576264105874571,6.510400000000004,-24.245044205597328,-1.86081109168925,landing,,,,2.872012225348797
155.042,63.97257414,-22.60554315,145.237,3.455,0.0184,4.6773,6.2863,0.2609,-0.0339,-2.9042,33.78,34.048,0.4048,56.9704,7.5349,1.0,1.0,1.0,-0.03,659.0,0.0,10.0,270.0,1,155.042,-0.026555975700059187,-0.004010977665180465,-0.03,0.07747884514962045,0.0,1.0,0.11443395735679629,901.9510480905976,-5.098098612112071,-1.2630000000000052,-0.04499999999999993,5.758689017868575,2.903263710052904e-20,-0.13573064281100394,3.151137933674689,7.51420657031025,6.266300000000001,-23.44549019890572,-1.811211664381517,landing,,,,2.6609265492024576
155.133,63.97258839,-22.6055389,145.274,3.455,0.0422,4.6739,6.0023,0.2584,-0.0409,-3.3244,33.664,33.906,0.4027,56.7472,7.3995,1.0,1.0,1.0,-0.03,658.6,0.0,10.0,270.0,1,155.133,-0.027039334540920557,-0.004041781420369511,-0.03,0.07612734857209036,0.0,1.0,0.11715197235623181,903.539664298533,-4.890429772593594,-1.225999999999999,-0.04499999999999993,5.758689017868575,2.4193864250440867e-20,-0.13029791728231993,3.129722371469849,7.409115939882895,5.982300000000009,-22.687746938095607,-1.762440174412757,landing,,,,2.4627353325775303
155.25,63.97260516,-22.60553399,145.318,3.454,0.0699,4.6692,5.6191,0.2512,-0.0456,-3.7767,33.534,33.737,0.4001,56.4854,7.188,1.0,1.0,1.0,-0.03,658.1,0.0,10.0,270.0,1,155.25,-0.02806518247853801,-0.004055412473247616,-0.03,0.07597975675652413,0.0,1.0,0.12047677135549972,905.4092131752298,-4.650523132483635,-1.181999999999988,-0.04599999999999982,5.758689017868575,2.0161553542034056e-20,-0.12401381107689319,3.1030068383251224,7.2321456160770765,5.599099999999993,-21.767205598919965,-1.703228441385345,landing,,,,2.2454431873743204
155.333,63.97262058,-22.6055296,145.358,3.454,0.0947,4.6646,5.224,0.2459,-0.051,-4.1485,33.42,33.578,0.397,56.2457,6.9462,1.0,1.0,1.0,-0.03,657.7,0.0,10.0,270.0,1,155.333,-0.029869806986711545,-0.004045176488524677,-0.03,0.0785822932272684,0.0,1.0,0.12369808127245185,907.1282595612549,-4.436040698826296,-1.141999999999996,-0.04599999999999982,5.758689017868575,1.6801294618361712e-20,-0.11838902309893506,3.0845955638218783,7.020234891613995,5.204000000000008,-21.15460579244894,-1.6732525808870051,landing,,,,2.061713154927297
155.45,63.9726372,-22.60552503,145.4,3.454,0.1204,4.6586,4.7571,0.2278,-0.0567,-4.4882,33.301,33.402,0.3934,55.984,6.638,1.0,1.0,1.0,-0.03,657.3,0.0,10.0,270.0,1,155.45,-0.03202760419749279,-0.004007554035966671,-0.03,0.08218483774405627,0.0,1.0,0.12737427688828512,908.9810811126771,-4.212786089286779,-1.0999999999999943,-0.04599999999999982,5.758689017868575,1.400107884863476e-20,-0.1125279364373287,3.0593998725598075,6.741966830566469,4.737099999999998,-20.352856204677355,-1.6136018023603773,landing,,,,1.880924590494466
155.533,63.97265121,-22.60552134,145.436,3.453,0.1408,4.6535,4.3351,0.2126,-0.0592,-4.73,33.205,33.251,0.3903,55.7617,6.3422,1.0,1.0,1.0,-0.03,657.0,0.0,10.0,270.0,1,155.533,-0.03443939070327312,-0.003953105457116052,-0.03,0.08724175709199622,0.0,1.0,0.13062508820797508,910.5429333263818,-4.032544398644428,-1.063999999999993,-0.04700000000000015,5.758689017868575,1.1667565707195633e-20,-0.10779198974626002,3.041988797763453,6.468798139346234,4.315100000000001,-19.825774198178543,-1.5720585936025395,landing,,,,1.742654677160992
155.642,63.97266769,-22.60551721,145.478,3.453,0.1628,4.6467,3.8115,0.1952,-0.0647,-4.9421,33.094,33.069,0.3864,55.4945,5.9574,1.0,1.0,1.0,-0.03,656.7,0.0,10.0,270.0,1,155.642,-0.03756698566884914,-0.0038601084611955827,-0.03,0.09439919146491282,0.0,1.0,0.13466789585945965,912.380140609011,-3.8308415818769763,-1.0219999999999914,-0.04700000000000015,5.758689017868575,9.722971422663027e-21,-0.10248822617326579,3.0197650218120247,6.1073038009369895,3.7915000000000134,-19.196399759418345,-1.521721323625318,landing,,,,1.5959305681951363
155.733,63.97268031,-22.60551422,145.51,3.453,0.1782,4.6412,3.395,0.1749,-0.0695,-5.0533,33.011,32.926,0.3832,55.2856,5.6386,1.0,1.0,1.0,-0.03,656.4,0.0,10.0,270.0,1,155.733,-0.040143646322229,-0.0037659636297167343,-0.03,0.10068896475660738,0.0,1.0,0.13794430110525213,913.7870281845586,-3.684841412503884,-0.9900000000000091,-0.04700000000000015,5.758689017868575,8.102476185552523e-21,-0.09864702965453638,3.0016281882139637,5.803482669807522,3.375,-18.714587521607594,-1.4663001043946358,landing,,,,1.4949166215524627
155.833,63.97269665,-22.60551059,145.551,3.452,0.1961,4.6335,2.8428,0.1569,-0.0716,-5.1357,32.904,32.737,0.3789,55.0089,5.1986,1.0,1.0,1.0,-0.03,656.1,0.0,10.0,270.0,1,155.833,-0.04392719058888134,-0.003612991794142789,-0.03,0.11062430786697175,0.0,1.0,0.14241621021835205,915.6086201730645,-3.507630012283925,-0.9490000000000123,-0.04800000000000004,5.758689017868575,6.7520634879604354e-21,-0.09398289641755482,2.9822244712781627,5.378686837102009,2.822800000000001,-18.245161646391544,-1.4302728221769465,landing,,,,1.37805170860171
155.95,63.97271291,-22.60550726,145.592,3.452,0.2115,4.6255,2.2856,0.1315,-0.0755,-5.1383,32.799,32.545,0.3743,54.7248,4.7367,1.0,1.0,1.0,-0.03,655.9,0.0,10.0,270.0,1,155.95,-0.047751048929437545,-0.00342426411452737,-0.03,0.12117331734260495,0.0,1.0,0.1471324315825196,917.4212888911376,-3.3451136173993548,-0.907999999999987,-0.04800000000000004,5.758689017868575,5.6267195733003626e-21,-0.08970450499709405,2.96009836875552,4.926901823713308,2.2656000000000063,-17.766618055128802,-1.381833101745952,landing,,,,1.2763001747867406
156.033,63.97272659,-22.60550469,145.626,3.452,0.2228,4.6187,1.8157,0.1046,-0.078,-5.0934,32.711,32.38,0.3703,54.479,4.3323,1.0,1.0,1.0,-0.03,655.7,0.0,10.0,270.0,1,156.033,-0.05117892517043643,-0.003235237990377865,-0.03,0.1311193518927236,0.0,1.0,0.15133229629426936,918.9463346269629,-3.219732061417805,-0.8739999999999952,-0.04800000000000004,5.758689017868575,4.6889329777503024e-21,-0.08640387894251397,2.944737241316401,4.52672891716179,1.7957000000000107,-17.470112025271238,-1.3525974528468159,landing,,,,1.2012723382612478
156.142,63.97274146,-22.60550215,145.663,3.452,0.2319,4.6106,1.312,0.0813,-0.0837,-4.9597,32.613,32.196,0.3658,54.2022,3.8854,1.0,1.0,1.0,-0.03,655.5,0.0,10.0,270.0,1,156.142,-0.05474310833548307,-0.002995235052121542,-0.03,0.14200395369057572,0.0,1.0,0.15618412911867657,920.6040371684873,-3.0958666233784666,-0.8369999999999891,-0.04800000000000004,5.758689017868575,3.9074441481252515e-21,-0.08314441858672529,2.9249752877136634,4.080145124227101,1.2920000000000016,-17.138859804195754,-1.3113688270250379,landing,,,,1.1300710883762832
156.25,63.97275747,-22.60549971,145.702,3.451,0.2392,4.6014,0.7843,0.0563,-0.086,-4.7513,32.506,31.995,0.3609,53.8938,3.3972,1.0,1.0,1.0,-0.03,655.3,0.0,10.0,270.0,1,156.25,-0.058546293692857354,-0.0026979784081496982,-0.03,0.1542009501227446,0.0,1.0,0.1616976556224506,922.3888214811792,-2.9769449187449926,-0.7980000000000018,-0.04899999999999993,5.758689017868575,3.2562034567710427e-21,-0.0800175334576129,2.9058034830644712,3.586871895199664,0.7642999999999915,-16.87121571831043,-1.282220819181007,landing,,,,1.0643992121908
156.342,63.97277095,-22.60549791,145.735,3.451,0.2436,4.5937,0.3572,0.0273,-0.0884,-4.5302,32.414,31.822,0.3566,53.6262,2.9856,1.0,1.0,1.0,-0.03,655.2,0.0,10.0,270.0,1,156.342,-0.06160843145365191,-0.002412954759029501,-0.03,0.16445057865753465,0.0,1.0,0.1666308981535981,923.8915587004649,-2.8892807511003262,-0.7649999999999864,-0.04899999999999993,5.758689017868575,2.7135028806425353e-21,-0.07771599235666793,2.889742481086258,3.1666114753775503,0.3371999999999957,-16.68497813370195,-1.2565643810736287,landing,,,,1.0176699080708786
156.45,63.97278679,-22.60549608,145.773,3.451,0.2452,4.5838,359.8829,0.0032,-0.0933,-4.187,32.3,31.614,0.3515,53.2995,2.5102,1.0,1.0,1.0,-0.03,655.0,0.0,10.0,270.0,1,156.45,-0.06492251426548609,-0.002034799604904519,-0.03,0.17624159221219038,0.0,1.0,0.1728045676106762,925.6573815361686,-2.800238605684175,-0.7270000000000039,-0.04899999999999993,5.758689017868575,2.2612524005354462e-21,-0.07538342735162339,2.871197998000376,2.6764168722498027,-0.1370999999999185,-16.519587169857996,-1.2382908514811017,landing,,,,0.9716707890500942
156.533,63.97280011,-22.60549477,145.805,3.45,0.2449,4.5756,359.5117,-0.0243,-0.0936,-3.8677,32.201,31.437,0.3473,53.017,2.1182,1.0,1.0,1.0,-0.03,654.8,0.0,10.0,270.0,1,156.533,-0.0674785063744518,-0.0016827832431643153,-0.03,0.18576993772547212,0.0,1.0,0.1782771205311004,927.142274097396,-2.7365751388335258,-0.6949999999999932,-0.04999999999999982,5.758689017868575,1.8843770004462053e-21,-0.07372101920128797,2.857135505612202,2.2679341686426824,-0.5082999999999629,-16.424663496348174,-1.234152690831668,landing,,,,0.9397068299485838
156.65,63.97281577,-22.60549351,145.843,3.45,0.2406,4.5648,359.1154,-0.0487,-0.1006,-3.4056,32.077,31.223,0.3423,52.6718,1.6788,1.0,1.0,1.0,-0.03,654.7,0.0,10.0,270.0,1,156.65,-0.07003928414024357,-0.001220516363898555,-0.03,0.19610038798749851,0.0,1.0,0.18517695667749295,928.8880213711309,-2.6754524142073963,-0.6570000000000107,-0.04999999999999982,5.758689017868575,1.5703141670385044e-21,-0.07213363445041576,2.8375530419096124,1.8055613567809417,-0.9045999999999594,-16.33833313344088,-1.2183050880132356,landing,,,,0.9098103732560929
156.733,63.97282774,-22.60549273,145.871,3.45,0.236,4.5567,358.845,-0.0736,-0.1017,-3.0341,31.977,31.057,0.3384,52.4012,1.3578,1.0,1.0,1.0,-0.03,654.5,0.0,10.0,270.0,1,156.733,-0.07172806387065381,-0.0008346572463005242,-0.03,0.20330800415157746,0.0,1.0,0.1907531109276474,930.2224112714584,-2.6377030914826345,-0.6289999999999907,-0.04999999999999982,5.758689017868575,1.3085951391987536e-21,-0.07116054799973402,2.8237961530096847,1.4642943544971558,-1.1749999999999545,-16.300249968433317,-1.217079105203708,landing,,,,0.8917810493510245
156.842,63.97284321,-22.60549196,145.907,3.449,0.2267,4.5453,358.543,-0.0962,-0.1068,-2.4953,31.84,30.838,0.3336,52.0397,0.9719,1.0,1.0,1.0,-0.03,654.3,0.0,10.0,270.0,1,156.842,-0.07347495282010202,-0.00028973820353087043,-0.03,0.21155744679127675,0.0,1.0,0.19842416431733834,931.9469695854943,-2.6005799002689787,-0.5929999999999893,-0.051000000000000156,5.758689017868575,1.0904959493322947e-21,-0.07021604825289378,2.805882811060849,1.049938818011526,-1.4769999999999754,-16.28357024377739,-1.220697435089267,landing,,,,0.874495060880669
156.933,63.97285621,-22.6054915,145.937,3.449,0.2176,4.5223,358.3346,-0.1156,-0.3437,-2.0008,31.716,30.649,0.3237,51.7251,0.6713,1.0,1.0,1.0,-0.03,654.1,0.0,10.0,270.0,1,156.933,-0.074591652272198,0.0002127450164269573,-0.03,0.2173803651930456,0.0,1.0,0.20534562696151215,933.3961750538704,-2.5785486506533735,-0.5629999999999882,-0.051000000000000156,5.758689017868575,9.087466244435789e-22,-0.06966878037321109,2.7910317741866724,0.7235557887380253,-1.6853999999999587,-16.288761154559012,-1.2336010648663929,landing,,,,0.8645745813717411
157.05,63.97287265,-22.60549115,145.973,3.449,0.2023,4.4964,358.1331,-0.1432,-0.1291,-1.3966,31.55,30.41,0.3011,51.3248,0.3454,1.0,1.0,1.0,-0.03,653.9,0.0,10.0,270.0,1,157.05,-0.0754697546517549,0.0008899080090650491,-0.03,0.22322053990683077,0.0,1.0,0.21451817773387677,935.2288586208845,-2.5620405708598613,-0.5269999999999868,-0.051000000000000156,5.758689017868575,7.572888537029824e-22,-0.06928263144508158,2.772040682388267,0.3655770212033076,-1.8868999999999687,-16.318949949050673,-1.2504376424970114,landing,,,,0.8576166161553118
157.142,63.97288548,-22.60549102,146.0,3.448,0.1887,4.4861,358.0251,-0.1622,-0.1115,-0.9084,31.412,30.218,0.2977,51.0018,0.1191,1.0,1.0,1.0,-0.03,653.7,0.0,10.0,270.0,1,157.142,-0.07577518776344078,0.0014668403545601005,-0.03,0.22649997703725666,0.0,1.0,0.22224248281668246,936.6591074000509,-2.5561706364093424,-0.5,-0.052000000000000046,5.758689017868575,6.310740447524853e-22,-0.06917058964906848,2.7571760633812312,0.11379753138001547,-1.994899999999916,-16.35234640951939,-1.2731251295427621,landing,,,,0.855604208754599
157.25,63.97290053,-22.60549102,146.032,3.448,0.17,4.4734,357.9565,-0.1829,-0.1197,-0.313,31.234,29.985,0.2939,50.6092,-0.1007,1.0,1.0,1.0,-0.03,653.4,0.0,10.0,270.0,1,157.25,-0.07566264360239733,0.002205213279816237,-0.03,0.22881751406632955,0.0,1.0,0.23206163301443983,938.3368323146211,-2.5567562729071684,-0.4679999999999893,-0.052000000000000046,5.758689017868575,5.258950372937378e-22,-0.0692413020203303,2.7397721689348624,-0.13400451662286628,-2.0634999999999764,-16.39859906829658,-1.3072181312341529,landing,,,,0.8568739516254453
157.342,63.97291317,-22.60549112,146.059,3.447,0.1528,4.4629,357.948,-0.1979,-0.1201,0.1722,31.075,29.786,0.2909,50.2724,-0.2472,1.0,1.0,1.0,-0.03,653.1,0.0,10.0,270.0,1,157.342,-0.07519311700149159,0.002868008482178469,-0.03,0.22942633113906308,0.0,1.0,0.24085032144148388,939.745896579826,-2.562147502640685,-0.4410000000000025,-0.052999999999999936,5.758689017868575,4.382458644114481e-22,-0.06943354930321165,2.7249823144142313,-0.30173316858227395,-2.0720000000000027,-16.438355956868257,-1.3454947438096845,landing,,,,0.8603318729535729
157.433,63.97292686,-22.60549132,146.088,3.447,0.1323,4.4503,357.9893,-0.2122,-0.132,0.693,30.888,29.562,0.2877,49.8945,-0.3631,1.0,1.0,1.0,-0.03,652.8,0.0,10.0,270.0,1,157.433,-0.07427175609446368,0.0036482461801767563,-0.03,0.22864681921270424,0.0,1.0,0.2512038768421742,941.2720097104833,-2.5724789634610983,-0.41200000000000614,-0.052999999999999936,5.758689017868575,3.652048870095401e-22,-0.06976388599481571,2.7103680211016496,-0.43695437957893546,-2.0307000000000244,-16.473560617660752,-1.4099902266402118,landing,,,,0.8662935841579156
157.55,63.97294158,-22.60549159,146.119,3.446,0.1088,4.4355,358.0913,-0.2232,-0.1363,1.2255,30.67,29.314,0.2844,49.4751,-0.4378,1.0,1.0,1.0,-0.03,652.5,0.0,10.0,270.0,1,157.55,-0.07282596979753836,0.004552583461535614,-0.03,0.22615500083266904,0.0,1.0,0.2632559695622986,942.9129426839065,-2.5862800654870983,-0.3810000000000002,-0.053999999999999826,5.758689017868575,3.043374058412834e-22,-0.07019267999585668,2.691585042259835,-0.5269911446781919,-1.9286999999999352,-16.506477858434117,-1.4511954663317894,landing,,,,0.8740700311499907
157.633,63.97295394,-22.60549184,146.145,3.446,0.0881,4.4235,358.2212,-0.2272,-0.1398,1.6414,30.475,29.101,0.2819,49.114,-0.4609,1.0,1.0,1.0,-0.03,652.1,0.0,10.0,270.0,1,157.633,-0.07123467839672185,0.005361715022028729,-0.03,0.22269102658708428,0.0,1.0,0.27411651950899796,944.2907908968056,-2.599009458834577,-0.35499999999998977,-0.053999999999999826,5.758689017868575,2.536145048677362e-22,-0.07058422882702618,2.6782798326502735,-0.557664405743111,-1.7988000000000284,-16.518774492209115,-1.5328502048799444,landing,,,,0.8812085091868056
157.742,63.97296842,-22.60549214,146.175,3.445,0.0634,4.4074,358.4218,-0.2322,-0.15,2.0878,30.228,28.839,0.2791,48.6726,-0.4424,1.0,1.0,1.0,-0.03,651.7,0.0,10.0,270.0,1,157.742,-0.06895053935638581,0.00639589275238725,-0.03,0.21707685386586517,0.0,1.0,0.2881374232038877,945.9049689408707,-2.614271033607667,-0.32499999999998863,-0.05500000000000016,5.758689017868575,2.1134542072311347e-22,-0.07105306816717193,2.660803964828092,-0.5407643490480609,-1.5981999999999061,-16.512923650244026,-1.5995051904246735,landing,,,,0.8898034081871984
157.85,63.97298167,-22.6054924,146.203,3.445,0.0405,4.3919,358.6475,-0.2296,-0.1601,2.4485,29.986,28.59,0.2766,48.2529,-0.3841,1.0,1.0,1.0,-0.03,651.2,0.0,10.0,270.0,1,157.85,-0.0664588783688553,0.007416199256298633,-0.03,0.2105015048175467,0.0,1.0,0.3021510650492466,947.3820312803462,-2.627524996604583,-0.29699999999999704,-0.05500000000000016,5.758689017868575,1.7612118393592788e-22,-0.07146336784292227,2.643507026827675,-0.4760729843347349,-1.3724999999999454,-16.482814074821384,-1.6577993313624908,landing,,,,0.8973676364701859
157.933,63.97299262,-22.60549257,146.226,3.444,0.0214,4.379,358.8618,-0.2211,-0.1636,2.712,29.774,28.378,0.2747,47.8956,-0.3071,1.0,1.0,1.0,-0.03,650.8,0.0,10.0,270.0,1,157.933,-0.06411048926803248,0.008311795876027678,-0.03,0.20408126099017043,0.0,1.0,0.3146155296310874,948.6026986597225,-2.636280024760106,-0.2740000000000009,-0.05600000000000005,5.758689017868575,1.467676532799399e-22,-0.07174305770951789,2.630238650263562,-0.3873676238596886,-1.1581999999999653,-16.442137318000363,-1.7392918346449848,landing,,,,0.902546789045239
158.05,63.97300782,-22.60549273,146.257,3.443,-0.0039,4.3588,359.1951,-0.2166,-0.1749,3.012,29.459,28.07,0.2722,47.3758,-0.1619,1.0,1.0,1.0,-0.03,650.2,0.0,10.0,270.0,1,158.05,-0.060457890123460534,0.009653686161844116,-0.03,0.1937305086430141,0.0,1.0,0.33359514195202,950.2971423493402,-2.644710494842474,-0.242999999999995,-0.05699999999999994,5.758689017868575,1.2230637773328324e-22,-0.07203045287848729,2.611553156540748,-0.2157993446719786,-0.8248999999999569,-16.346277611379737,-1.825929639887011,landing,,,,0.9078879698700959
158.142,63.97301964,-22.60549278,146.282,3.442,-0.0233,4.3432,359.4796,-0.1969,-0.187,3.1981,29.199,27.82,0.2703,46.9548,-0.0202,1.0,1.0,1.0,-0.03,649.7,0.0,10.0,270.0,1,158.142,-0.05728945655957163,0.010775374683152567,-0.03,0.1846437974925803,0.0,1.0,0.3497460324826802,951.6147965436024,-2.647620129517716,-0.2179999999999893,-0.05799999999999983,5.758689017868575,1.019219814444027e-22,-0.07215489280059967,2.596906143389704,-0.04464869778519187,-0.5403999999999769,-16.245608657355056,-1.9168530323083912,landing,,,,0.9102067584401041
158.25,63.97303347,-22.60549271,146.311,3.442,-0.0438,4.3217,359.834,-0.1852,-0.2068,3.345,28.874,27.511,0.2681,46.4335,0.1707,1.0,1.0,1.0,-0.03,649.1,0.0,10.0,270.0,1,158.25,-0.053293711919974174,0.01219775512009788,-0.03,0.1729564589241931,0.0,1.0,0.370595061245489,953.156521034914,-2.6447287315663726,-0.18899999999999295,-0.05799999999999983,5.758689017868575,8.493498453700224e-23,-0.07212898806777968,2.57976735056218,0.19063123615035238,-0.18599999999992178,-16.09024408385561,-2.0161626893039166,landing,,,,0.9097237507171911
158.342,63.9730461,-22.60549254,146.338,3.441,-0.0618,4.3018,0.1732,-0.1609,-0.216,3.431,28.561,27.217,0.2661,45.9362,0.3674,1.0,1.0,1.0,-0.03,648.6,0.0,10.0,270.0,1,158.342,-0.049379702517543866,0.013583646015240508,-0.03,0.16154482871216724,0.0,1.0,0.3912832276476667,954.5644751501916,-2.6368912654455254,-0.16200000000000614,-0.05900000000000016,5.758689017868575,7.07791537808352e-23,-0.071963467946773,2.5652354249693508,0.43824470793427395,0.15319999999999823,-15.928119438284115,-2.142163709643832,landing,,,,0.9066413129575182
158.433,63.97305651,-22.60549229,146.36,3.44,-0.0743,4.2824,0.46,-0.1411,-0.2512,3.4455,28.287,26.959,0.2643,45.4985,0.5373,1.0,1.0,1.0,-0.03,648.2,0.0,10.0,270.0,1,158.433,-0.045978189979102635,0.014822427590164361,-0.03,0.1514530462048841,0.0,1.0,0.4100559280802028,955.7249522741713,-2.625047914826341,-0.13999999999998636,-0.06000000000000005,5.758689017868575,5.898262815069599e-23,-0.07167987258631103,2.5509313424415927,0.6565847531774409,0.4399999999999977,-15.743133551395772,-2.221147827948001,landing,,,,0.9013751377358687
158.542,63.9730699,-22.60549184,146.388,3.439,-0.0886,4.2546,0.8328,-0.1261,-0.2587,3.4301,27.915,26.611,0.2619,44.907,0.7665,1.0,1.0,1.0,-0.03,647.7,0.0,10.0,270.0,1,158.542,-0.04146080722374268,0.016521277730882827,-0.03,0.13806929419209746,0.0,1.0,0.4361572375939504,957.2176334991979,-2.6035217783238243,-0.11199999999999477,-0.06099999999999994,5.758689017868575,4.9152190125579994e-23,-0.07114268771521902,2.5339084056030945,0.9578642713416627,0.81280000000001,-15.482938195685536,-2.32948384692518,landing,,,,0.8914522293389311
158.633,63.9730821,-22.60549128,146.414,3.438,-0.0998,4.2281,1.1739,-0.1,-0.2814,3.377,27.558,26.274,0.2596,44.3347,0.9799,1.0,1.0,1.0,-0.03,647.2,0.0,10.0,270.0,1,158.633,-0.03725677298597324,0.01819072437895039,-0.03,0.1256397894407406,0.0,1.0,0.46209438216147464,958.5776592866886,-2.5765600256282686,-0.08600000000001273,-0.06199999999999983,5.758689017868575,4.0960158437983327e-23,-0.07045164015927606,2.5198111175182696,1.2461638546585903,1.153899999999993,-15.237038558104777,-2.4743559447571237,landing,,,,0.8787872158962031
158.75,63.97309514,-22.60549053,146.442,3.437,-0.109,4.196,1.535,-0.0803,-0.302,3.2772,27.154,25.891,0.2569,43.6818,1.2068,1.0,1.0,1.0,-0.03,646.7,0.0,10.0,270.0,1,158.75,-0.03257325602751887,0.020108705944183763,-0.03,0.11168329786303433,0.0,1.0,0.4920480991583805,960.0313287837745,-2.540322151318713,-0.057999999999992724,-0.06300000000000017,5.758689017868575,3.4133465364986103e-23,-0.06950899909351599,2.5018513012660084,1.5625117813859504,1.5149999999999864,-14.881510206974982,-2.5633228091420888,landing,,,,0.8616913138858209
158.833,63.97310503,-22.60548985,146.463,3.437,-0.1153,4.1716,1.8052,-0.0502,-0.3164,3.1853,26.834,25.586,0.2547,43.1618,1.3779,1.0,1.0,1.0,-0.03,646.3,0.0,10.0,270.0,1,158.833,-0.02899402220423486,0.021645843214778,-0.03,0.10111593605063585,0.0,1.0,0.5160009341804656,961.1338453575414,-2.507391262854222,-0.03700000000000614,-0.06300000000000017,5.758689017868575,2.844455447082175e-23,-0.06864407831089503,2.489232054166035,1.8084930468272944,1.7852000000000032,-14.609822072257094,-2.680786343469814,landing,,,,0.8461861764097662
158.942,63.97311868,-22.60548875,146.492,3.436,-0.12,4.1323,2.1675,-0.0381,-0.3407,3.01,26.366,25.135,0.2513,42.3929,1.6019,1.0,1.0,1.0,-0.03,645.8,0.0,10.0,270.0,1,158.942,-0.024163544108382395,0.023924292442399325,-0.03,0.08662191001807462,0.0,1.0,0.5510574499079324,962.6555216509374,-2.4540293201544285,-0.008000000000009777,-0.06400000000000006,5.758689017868575,2.370379539235146e-23,-0.06723208910237732,2.4728595466570713,2.144005356937015,2.147500000000008,-14.21649751166946,-2.8274037651226513,landing,,,,0.8212421443967841
159.05,63.97313017,-22.60548769,146.517,3.435,-0.1221,4.0964,2.4604,-0.0141,-0.3798,2.8293,25.949,24.728,0.2479,41.6986,1.778,1.0,1.0,1.0,-0.03,645.4,0.0,10.0,270.0,1,159.05,-0.01999780762185993,0.025975783380797285,-0.03,0.0740721802310279,0.0,1.0,0.5817471201504076,963.9364075048652,-2.4025430752699655,0.016999999999995907,-0.06499999999999995,5.758689017868575,1.975316282695955e-23,-0.0658618800760496,2.4568441692408918,2.4215741792905874,2.440400000000011,-13.799396138543411,-2.9213771602124963,landing,,,,0.7974667648980827
159.142,63.97314148,-22.60548652,146.541,3.434,-0.1228,4.0598,2.7352,0.0148,-0.3829,2.6415,25.522,24.308,0.2441,40.9814,1.9412,1.0,1.0,1.0,-0.03,645.0,0.0,10.0,270.0,1,159.142,-0.016101479879214398,0.02807758174382899,-0.03,0.06231391252204155,0.0,1.0,0.6118476850836444,965.1972294277946,-2.3456605158699753,0.04099999999999682,-0.06599999999999984,5.758689017868575,1.646096902246629e-23,-0.06434135052353471,2.4433904428737234,2.6919496946719903,2.71520000000001,-13.422643294068875,-3.077734177268351,landing,,,,0.7715711780422225
159.233,63.97315166,-22.60548537,146.563,3.433,-0.1204,4.0229,2.9691,0.0246,-0.4155,2.4408,25.115,23.901,0.2405,40.288,2.0693,1.0,1.0,1.0,-0.03,644.6,0.0,10.0,270.0,1,159.233,-0.012670894893403728,0.03009044997565788,-0.03,0.05169403810023976,0.0,1.0,0.6389412705219125,966.3320822932051,-2.2897138597411453,0.06299999999998818,-0.06700000000000017,5.758689017868575,1.3717474185388576e-23,-0.06284087940361174,2.430260305171277,2.920281489283383,2.949099999999987,-13.032129140092815,-3.2045335677464166,landing,,,,0.7465116404032557
159.35,63.97316347,-22.60548392,146.589,3.432,-0.1172,3.9776,3.2211,0.0274,-0.408,2.1946,24.622,23.402,0.2359,39.4376,2.1996,1.0,1.0,1.0,-0.03,644.1,0.0,10.0,270.0,1,159.35,-0.008656853263340758,0.03251431305202976,-0.03,0.039307151223394565,0.0,1.0,0.6686600377453955,967.6486473738388,-2.2191325128252686,0.08899999999999864,-0.06800000000000006,5.758689017868575,1.1431228487823814e-23,-0.060942218124722204,2.413652050460518,3.1723179720660823,3.2010999999999967,-12.505124529153774,-3.296273717376338,landing,,,,0.7154913698732486
159.433,63.97317326,-22.60548263,146.61,3.431,-0.1144,3.9418,3.4141,0.0473,-0.4052,1.9863,24.197,22.968,0.2321,38.6974,2.2929,1.0,1.0,1.0,-0.03,643.7,0.0,10.0,270.0,1,159.433,-0.005596164188093944,0.034573424371305256,-0.03,0.0298675768948935,0.0,1.0,0.6908307784258036,968.7400267058638,-2.1563115587081776,0.11000000000001364,-0.06899999999999995,5.758689017868575,9.526023739853178e-24,-0.059248011842541554,2.4020566948046462,3.3709273923091985,3.3941000000000088,-12.119621695561804,-3.4621108274067574,landing,,,,0.6884473983667689
159.542,63.97318459,-22.60548104,146.635,3.43,-0.1087,3.8971,3.616,0.047,-0.4013,1.7238,23.683,22.433,0.2272,37.7881,2.3753,1.0,1.0,1.0,-0.03,643.2,0.0,10.0,270.0,1,159.542,-0.002120593099605661,0.03703733116440974,-0.03,0.018890761128440903,0.0,1.0,0.7128458599184033,970.0030853458123,-2.0788524116585787,0.1349999999999909,-0.06999999999999984,5.758689017868575,7.938353116544315e-24,-0.057154321618100704,2.387099401090482,3.57678957065869,3.5960000000000036,-11.595553819080138,-3.5760640549402196,landing,,,,0.6558338324776614
159.65,63.97319481,-22.60547954,146.657,3.429,-0.1032,3.8575,3.777,0.0543,-0.3863,1.4763,23.201,21.925,0.2224,36.9257,2.4287,1.0,1.0,1.0,-0.03,642.7,0.0,10.0,270.0,1,159.65,0.0009786034354024031,0.039290870123812244,-0.03,0.009073851011678458,0.0,1.0,0.7278325757177853,971.1424032668472,-2.005759507060923,0.1570000000000107,-0.07100000000000017,5.758689017868575,6.615294263786929e-24,-0.05517492848735779,2.372546950969921,3.7430733273702117,3.757000000000005,-11.064565837834051,-3.656691228396817,landing,,,,0.6257989061073204
159.733,63.97320314,-22.60547827,146.675,3.428,-0.0988,3.827,3.8928,0.0641,-0.3595,1.2748,22.797,21.495,0.2184,36.1955,2.459,1.0,1.0,1.0,-0.03,642.3,0.0,10.0,270.0,1,159.733,0.0033189515307563977,0.041126758622716725,-0.03,0.001636979281101958,0.0,1.0,0.7357173996220779,972.071026218549,-1.943861614842291,0.17500000000001137,-0.07200000000000006,5.758689017868575,5.5127452198224405e-24,-0.05349607768867298,2.361542729957411,3.8665098079329994,3.8728000000000122,-10.651287541380036,-3.766762014862394,landing,,,,0.6009151218013855
159.842,63.97321372,-22.6054766,146.698,3.427,-0.0919,3.7896,4.0173,0.0572,-0.323,1.0027,22.269,20.924,0.2129,35.2292,2.4744,1.0,1.0,1.0,-0.03,641.7,0.0,10.0,270.0,1,159.842,0.0061160562222074555,0.04345632953080822,-0.03,-0.007443893824131131,0.0,1.0,0.7390211953523523,973.2504786721679,-1.8624537849985698,0.1980000000000075,-0.07299999999999995,5.758689017868575,4.5939543498520336e-24,-0.051284747071451295,2.347372420607776,3.9976964141612825,3.9972999999999956,-10.09948280717895,-3.8646960768973884,landing,,,,0.5689412764526054
159.942,63.97322401,-22.60547492,146.721,3.426,-0.0855,3.7573,4.1123,0.0558,-0.2718,0.7282,21.743,20.347,0.2073,34.2534,2.4682,1.0,1.0,1.0,-0.03,641.2,0.0,10.0,270.0,1,159.942,0.00853871668817191,0.04567905815023207,-0.03,-0.015366855167775473,0.0,1.0,0.7336790572392236,974.3976030439137,-1.7805447331404336,0.22100000000000364,-0.07399999999999984,5.758689017868575,3.828295291543361e-24,-0.04905633579949718,2.3346422122924677,4.1014432937418235,4.0922999999999945,-9.58925797910719,-3.991541888088562,landing,,,,0.5376124809776215
160.05,63.97323325,-22.60547339,146.741,3.425,-0.0797,3.7329,4.1731,0.0531,-0.2128,0.4669,21.263,19.813,0.202,33.351,2.4437,1.0,1.0,1.0,-0.03,640.5,0.0,10.0,270.0,1,160.05,0.010764722996853382,0.047615168461855845,-0.03,-0.022649732043189985,0.0,1.0,0.720722527731583,975.4276742739055,-1.705943882272479,0.24100000000001387,-0.07500000000000018,5.758689017868575,3.190246076286134e-24,-0.04702427785847575,2.321158878319499,4.170696874981616,4.153099999999995,-9.037159192932812,-4.03271484775726,landing,,,,0.5097958614079374
160.142,63.97324151,-22.605472,146.759,3.424,-0.0753,3.7152,4.2067,0.0547,-0.155,0.2365,20.829,19.323,0.1972,32.5248,2.4094,1.0,1.0,1.0,-0.03,639.8,0.0,10.0,270.0,1,160.142,0.012526582945394604,0.04928834984826644,-0.03,-0.028403412239499604,0.0,1.0,0.702088947692028,976.3484959062998,-1.6381640187869668,0.25899999999998613,-0.07600000000000007,5.758689017868575,2.6585383969051117e-24,-0.04517594254444119,2.3098844710452324,4.216667330695657,4.186700000000002,-8.568840928357908,-4.09495816199284,landing,,,,0.4850939660200595
160.233,63.97324956,-22.60547064,146.777,3.423,-0.0704,3.7043,4.2181,0.0496,-0.076,-0.013,20.407,18.841,0.1924,31.7118,2.3607,1.0,1.0,1.0,-0.03,639.0,0.0,10.0,270.0,1,160.233,0.014037686680766659,0.05083790690521903,-0.03,-0.033479657225576,0.0,1.0,0.6778359671246107,977.2459069101849,-1.5718457956038723,0.2769999999999868,-0.07699999999999996,5.758689017868575,2.215448664087593e-24,-0.043365804952943614,2.2989315332323432,4.237378094611159,4.198100000000011,-8.108837375909808,-4.144267659753693,landing,,,,0.46143629784411644
160.333,63.97325811,-22.60546919,146.796,3.422,-0.0657,3.7002,4.2043,0.0414,0.0011,-0.2887,19.961,18.323,0.1873,30.8411,2.2963,1.0,1.0,1.0,-0.03,638.1,0.0,10.0,270.0,1,160.333,0.015462089414236435,0.052398071113761574,-0.03,-0.0382844293868837,0.0,1.0,0.6461598988733889,978.1990578231791,-1.5011375932073687,0.29599999999999227,-0.07799999999999985,5.758689017868575,1.846207220072994e-24,-0.04143404688694162,2.2871250234328753,4.238148384868907,4.1843000000000075,-7.6093190021507375,-4.172970599776109,landing,,,,0.4367499123227532
160.442,63.9732671,-22.60546767,146.816,3.421,-0.0614,3.7046,4.1582,0.0348,0.0829,-0.5878,19.498,17.778,0.1819,29.9233,2.2144,1.0,1.0,1.0,-0.03,636.9,0.0,10.0,270.0,1,160.442,0.016725964934395876,0.053924627939252984,-0.03,-0.042572387033315784,0.0,1.0,0.6083244517474377,979.2012596975837,-1.4270169513092164,0.3160000000000025,-0.07900000000000018,5.758689017868575,1.5385060167274952e-24,-0.03940721291320984,2.274519749640195,4.212318152484386,4.138200000000012,-7.07531362502725,-4.179764765434461,landing,,,,0.4114457440393551
160.542,63.97327517,-22.60546632,146.834,3.42,-0.058,3.7164,4.087,0.0316,0.1668,-0.8621,19.092,17.291,0.177,29.1058,2.1286,1.0,1.0,1.0,-0.03,635.8,0.0,10.0,270.0,1,160.542,0.017600986811755703,0.05519209980391512,-0.03,-0.04559644457479217,0.0,1.0,0.5726042115436711,980.100900065404,-1.3611894437055372,0.3340000000000032,-0.08000000000000007,5.758689017868575,1.2820883472729126e-24,-0.03760568633521416,2.2631774485078737,4.1627765898779785,4.067000000000007,-6.597860488777004,-4.168877059485897,landing,,,,0.38944585474153826
160.642,63.97328302,-22.60546503,146.852,3.42,-0.055,3.736,3.9886,0.0272,0.2343,-1.1294,18.708,16.822,0.1723,28.3198,2.0341,1.0,1.0,1.0,-0.03,634.6,0.0,10.0,270.0,1,160.642,0.018190521253094727,0.05632971693554931,-0.03,-0.04772001921869751,0.0,1.0,0.5383607216025573,980.976014524176,-1.2982929989034868,0.35200000000000387,-0.08000000000000007,5.758689017868575,1.0684069560607605e-24,-0.03588318331300193,2.2520452053482147,4.0882756465628916,3.9686000000000092,-6.135021883889259,-4.138979144987199,landing,,,,0.3688246588612998
160.75,63.97329129,-22.6054637,146.87,3.419,-0.0522,3.7639,3.8525,0.0223,0.2815,-1.4005,18.317,16.335,0.1673,27.5027,1.9233,1.0,1.0,1.0,-0.03,633.2,0.0,10.0,270.0,1,160.75,0.01849975644327384,0.057428399596192475,-0.03,-0.04897894748933407,0.0,1.0,0.5046394426294634,981.8979498979257,-1.2334531483203997,0.37000000000000455,-0.08099999999999996,5.758689017868575,8.903391300506337e-25,-0.034106260005429316,2.2402543665283745,3.980256798179852,3.8325000000000102,-5.654853647543235,-4.0918328927492915,landing,,,,0.3479571081125812
160.833,63.97329749,-22.60546273,146.884,3.418,-0.0505,3.7865,3.729,0.02,0.3043,-1.5857,18.03,15.971,0.1635,26.8928,1.8326,1.0,1.0,1.0,-0.03,632.2,0.0,10.0,270.0,1,160.833,0.018526418827690627,0.058196998638548963,-0.03,-0.04925879432519131,0.0,1.0,0.4814414818083724,982.5891222660626,-1.1861704905270791,0.38399999999998613,-0.08199999999999985,5.758689017868575,7.419492750421947e-25,-0.03280978978726771,2.231333116895303,3.8783730706202846,3.709000000000003,-5.300071362268633,-4.034196386617652,landing,,,,0.3329805477752714
160.933,63.97330534,-22.60546155,146.902,3.418,-0.0487,3.8219,3.5458,0.0135,0.3319,-1.8066,17.682,15.519,0.1588,26.1378,1.7094,1.0,1.0,1.0,-0.03,630.8,0.0,10.0,270.0,1,160.933,0.01817428977499269,0.05909170960957785,-0.03,-0.048410543458811794,0.0,1.0,0.45560881130393643,983.4642348444025,-1.1286633559507397,0.4019999999999868,-0.08199999999999985,5.758689017868575,6.182910625351622e-25,-0.03123232231491662,2.220772107607494,3.721788815728331,3.525800000000004,-4.894490648645969,-3.9838148969251588,landing,,,,0.315028836362778
161.033,63.97331239,-22.60546053,146.918,3.417,-0.0477,3.8555,3.3572,0.0074,0.3358,-1.9735,17.379,15.118,0.1545,25.4671,1.592,1.0,1.0,1.0,-0.03,629.5,0.0,10.0,270.0,1,161.033,0.01769905117131232,0.05983270824674167,-0.03,-0.047098918097991715,0.0,1.0,0.4356816206025719,984.250163294535,-1.078964087522335,0.41800000000000637,-0.08300000000000018,5.758689017868575,5.152425521126351e-25,-0.029868383978053643,2.2103826955176644,3.557020693572184,3.3371999999999957,-4.511825742159532,-3.8971044517501574,landing,,,,0.29973696471699185
161.142,63.97331983,-22.60545951,146.934,3.417,-0.0473,3.8913,3.1361,0.0014,0.3144,-2.1113,17.068,14.697,0.15,24.7635,1.4616,1.0,1.0,1.0,-0.03,628.1,0.0,10.0,270.0,1,161.142,0.016945720428734268,0.060560094937939984,-0.03,-0.0448832165841212,0.0,1.0,0.4178039484089617,985.0795676739226,-1.0292799952308247,0.4339999999999975,-0.08300000000000018,5.758689017868575,4.293687934271959e-25,-0.02850442862721188,2.19924465567025,3.3578129127315037,3.1160999999999888,-4.122991941569962,-3.802205047879605,landing,,,,0.2846487435917453
161.25,63.97332652,-22.60545864,146.949,3.416,-0.0476,3.9219,2.9208,-0.0061,0.2944,-2.1977,16.794,14.32,0.1459,24.1323,1.3403,1.0,1.0,1.0,-0.03,626.8,0.0,10.0,270.0,1,161.25,0.016141888261518966,0.06116981178001865,-0.03,-0.04243718510057537,0.0,1.0,0.4043171005551182,985.8253619335117,-0.9869157775728081,0.4490000000000123,-0.08400000000000007,5.758689017868575,3.578073278559966e-25,-0.027341068523393325,2.18837453950931,3.158922795582214,2.900800000000004,-3.765177228600993,-3.687189774166636,landing,,,,0.2719338979342325
161.333,63.97333195,-22.60545798,146.961,3.416,-0.0483,3.9446,2.7358,-0.0139,0.2655,-2.2416,16.572,14.01,0.1424,23.614,1.239,1.0,1.0,1.0,-0.03,625.8,0.0,10.0,270.0,1,161.333,0.015282724104961454,0.061643197971399916,-0.03,-0.039782150805024674,0.0,1.0,0.39487899679235117,986.4306919113606,-0.9547912130084892,0.46100000000001273,-0.08400000000000007,5.758689017868575,2.981727732133305e-25,-0.02645884842594108,2.180123952197315,2.9834908929704227,2.7158000000000015,-3.5085148576036094,-3.5951451397133773,landing,,,,0.26238287144322214
161.442,63.97333937,-22.60545714,146.978,3.415,-0.0504,3.9743,2.4728,-0.021,0.233,-2.2593,16.274,13.587,0.1377,22.9059,1.1005,1.0,1.0,1.0,-0.03,624.4,0.0,10.0,270.0,1,161.442,0.013881950911203589,0.06225060004058988,-0.03,-0.03534931868693214,0.0,1.0,0.3841679798440256,987.2578636766335,-0.913925213439489,0.47800000000000864,-0.08499999999999996,5.758689017868575,2.4847731101110875e-25,-0.025336520307577794,2.169441154457471,2.7306257055961396,2.4527999999999963,-3.2029168456557056,-3.5168542137510888,landing,,,,0.2503417827275669
161.55,63.97334556,-22.6054565,146.992,3.415,-0.0532,3.9965,2.2478,-0.031,0.2081,-2.2331,16.027,13.231,0.1337,22.3099,0.9863,1.0,1.0,1.0,-0.03,623.2,0.0,10.0,270.0,1,161.55,0.01273949048506301,0.06272921107120907,-0.03,-0.031613950577167094,0.0,1.0,0.3768703730281995,987.94791563362,-0.8828100970211377,0.4919999999999902,-0.08499999999999996,5.758689017868575,2.0706442584259062e-25,-0.02448209799511869,2.158987099717951,2.5113450410757707,2.227800000000002,-2.927722943722613,-3.4050526522316216,landing,,,,0.24125420993690483
161.633,63.97335058,-22.60545602,147.003,3.414,-0.0558,4.0122,2.063,-0.0395,0.177,-2.1919,15.824,12.937,0.1304,21.8165,0.8939,1.0,1.0,1.0,-0.03,622.3,0.0,10.0,270.0,1,161.633,0.011691889159624047,0.06310327540072333,-0.03,-0.028190011896057188,0.0,1.0,0.371877104286905,988.5075370704758,-0.8594884492173243,0.5029999999999859,-0.08599999999999985,5.758689017868575,1.7255368820215885e-25,-0.02384179982347815,2.1510350326900496,2.326300492796946,2.0430000000000064,-2.733853843289719,-3.3178463322587635,landing,,,,0.23448745473954347
161.742,63.97335695,-22.60545547,147.017,3.414,-0.0605,4.0305,1.8298,-0.0445,0.1534,-2.1024,15.567,12.56,0.1261,21.1844,0.7813,1.0,1.0,1.0,-0.03,621.1,0.0,10.0,270.0,1,161.742,0.010347602444142956,0.06355644778167532,-0.03,-0.02364401770960367,0.0,1.0,0.3666618686699448,989.2176533012939,-0.8327897726650386,0.5169999999999959,-0.08599999999999985,5.758689017868575,1.437947401684657e-25,-0.023109136265274517,2.140700709551696,2.0921633144354814,1.8097999999999956,-2.506786636397902,-3.230569226156879,landing,,,,0.22678885398281068
161.833,63.9733622,-22.60545506,147.028,3.414,-0.065,4.0435,1.6409,-0.0524,0.1315,-2.0043,15.353,12.244,0.1226,20.6535,0.6924,1.0,1.0,1.0,-0.03,620.1,0.0,10.0,270.0,1,161.833,0.009226776578922957,0.06391462364268205,-0.03,-0.019791091160533125,0.0,1.0,0.3631796648450827,989.8029131898261,-0.8129066358874282,0.5279999999999916,-0.08599999999999985,5.758689017868575,1.1982895014038807e-25,-0.022563793575883184,2.132153945517316,1.9000980693793394,1.620900000000006,-2.336472978006665,-3.150667328474267,landing,,,,0.2210884427889397
161.942,63.97336822,-22.60545463,147.042,3.413,-0.071,4.0564,1.4305,-0.056,0.1054,-1.8666,15.104,11.873,0.1184,20.0301,0.5952,1.0,1.0,1.0,-0.03,619.0,0.0,10.0,270.0,1,161.942,0.00796997173767533,0.06431145874944874,-0.03,-0.015364542756470478,0.0,1.0,0.35996819408375696,990.4740105098475,-0.7920735872579214,0.5420000000000016,-0.08700000000000019,5.758689017868575,9.98574584503234e-26,-0.021992682241934496,2.122009917150898,1.6820591918541368,1.4105000000000132,-2.1572609225463766,-3.071916086769751,landing,,,,0.21514530221968897
162.05,63.97337406,-22.60545427,147.054,3.413,-0.0775,4.0666,1.2358,-0.0612,0.0832,-1.7124,14.857,11.504,0.1143,19.4093,0.5074,1.0,1.0,1.0,-0.03,617.9,0.0,10.0,270.0,1,162.05,0.00679446203402434,0.0646823685745089,-0.03,-0.011125006811988136,0.0,1.0,0.357564402630253,991.1250408197112,-0.7746630952640057,0.554000000000002,-0.08700000000000019,5.758689017868575,8.321454870860283e-26,-0.02151605147915598,2.1120469478894055,1.4774913351151326,1.2158000000000015,-2.0026561045828695,-3.000563445884951,landing,,,,0.21020572793168668
162.133,63.97337886,-22.60545401,147.064,3.413,-0.0832,4.0714,1.0842,-0.0676,0.0139,-1.5778,14.649,11.192,0.1095,18.8844,0.44,1.0,1.0,1.0,-0.03,617.1,0.0,10.0,270.0,1,162.133,0.005846522251518549,0.06497866129465266,-0.03,-0.0076552122288829905,0.0,1.0,0.35604534361875784,991.6601336111927,-0.7621115069375386,0.563999999999993,-0.08700000000000019,5.758689017868575,6.934545725716902e-26,-0.021172926727495017,2.104446265081863,1.3147303856526946,1.0641999999999996,-1.8977054589148337,-2.955605323203191,landing,,,,0.2066609868968996
162.242,63.97338437,-22.60545374,147.076,3.412,-0.0906,4.0715,0.9221,-0.0665,-0.0107,-1.4023,14.406,10.825,0.1055,18.2671,0.3705,1.0,1.0,1.0,-0.03,616.2,0.0,10.0,270.0,1,162.242,0.004901629223161896,0.0653082017187184,-0.03,-0.003998740112246546,0.0,1.0,0.3547579040759701,992.2743750582764,-0.7490976094944639,0.5759999999999934,-0.08800000000000008,5.758689017868575,5.778788104764084e-26,-0.02081757584980321,2.0945309945511053,1.141934632815861,0.9020999999999901,-1.7786915694126844,-2.8895828209270396,landing,,,,0.20299968320835404
162.333,63.97338848,-22.60545357,147.085,3.412,-0.0963,4.0702,0.8103,-0.0686,-0.02,-1.2661,14.22,10.544,0.1026,17.7928,0.3233,1.0,1.0,1.0,-0.03,615.6,0.0,10.0,270.0,1,162.333,0.00428894026333726,0.06554750627468472,-0.03,-0.001523871012308664,0.0,1.0,0.35407750411103356,992.732547360948,-0.7409286069640402,0.585000000000008,-0.08800000000000008,5.758689017868575,4.81565675397007e-26,-0.020595134424130707,2.086303426635037,1.0209652966527187,0.790300000000002,-1.6905881761310209,-2.812707659384205,landing,,,,0.20071276514412517
162.442,63.97339405,-22.60545336,147.096,3.412,-0.1046,4.0703,0.6726,-0.0655,0.0228,-1.0833,13.962,10.151,0.0946,17.1312,0.2654,1.0,1.0,1.0,-0.03,614.8,0.0,10.0,270.0,1,162.442,0.003520810752800363,0.06586455738227878,-0.03,0.0017121763386429567,0.0,1.0,0.3534894716086029,993.3534763867758,-0.7308566677116362,0.5960000000000036,-0.08800000000000008,5.758689017868575,4.0130472949750585e-26,-0.02032129249396066,2.076508169969754,0.8675667502483009,0.6526000000000067,-1.6010273650111848,-2.7721862791732805,landing,,,,0.19790258775792324
162.55,63.97339865,-22.60545321,147.106,3.411,-0.1112,4.0726,0.5712,-0.0655,0.0197,-0.9313,13.743,9.814,0.0912,16.5626,0.2238,1.0,1.0,1.0,-0.03,614.2,0.0,10.0,270.0,1,162.55,0.003008329431967327,0.06612117001344528,-0.03,0.00399419605933371,0.0,1.0,0.3532610627028219,993.8662719490628,-0.7236866070656882,0.6059999999999945,-0.08899999999999997,5.758689017868575,3.344206079145882e-26,-0.020126939336454697,2.066859031109525,0.7541547297723525,0.5511999999999944,-1.5242066694690617,-2.704512779046409,landing,,,,0.19591156359184936
162.633,63.97340237,-22.60545311,147.113,3.411,-0.1166,4.074,0.498,-0.0654,0.0132,-0.8143,13.561,9.533,0.0884,16.0882,0.1938,1.0,1.0,1.0,-0.03,613.8,0.0,10.0,270.0,1,162.633,0.002651405330179657,0.06632512268438959,-0.03,0.005676642932463505,0.0,1.0,0.3532280467793336,994.280967126921,-0.7189319894989434,0.6129999999999995,-0.08899999999999997,5.758689017868575,2.786838399288235e-26,-0.019998731101181652,2.0594808264420577,0.6701570732279833,0.47800000000000864,-1.4718817541124687,-2.657990806800135,landing,,,,0.19459969864278293
162.742,63.97340705,-22.60545299,147.122,3.411,-0.1235,4.075,0.4171,-0.0609,0.0061,-0.6698,13.327,9.167,0.0848,15.471,0.1611,1.0,1.0,1.0,-0.03,613.3,0.0,10.0,270.0,1,162.742,0.0022993714399385246,0.06657806119282847,-0.03,0.007518536146947308,0.0,1.0,0.35335814220457884,994.8026803151765,-0.7132348536714517,0.6220000000000141,-0.08899999999999997,5.758689017868575,2.3223653327401957e-26,-0.01984527897941697,2.0498349106972302,0.576601155834453,0.3970999999999947,-1.412554342992654,-2.6115179144388567,landing,,,,0.1930311346971081
162.85,63.97341154,-22.60545289,147.131,3.411,-0.13,4.0754,0.3511,-0.0575,-0.0,-0.5404,13.096,8.8,0.0813,14.8527,0.1344,1.0,1.0,1.0,-0.03,612.9,0.0,10.0,270.0,1,162.85,0.002054895440623261,0.0668183144868447,-0.03,0.008995736713839242,0.0,1.0,0.3536443556290596,995.3032125816907,-0.7085101989022713,0.6310000000000002,-0.08899999999999997,5.758689017868575,1.935304443950163e-26,-0.019718611688937543,2.0403258949563146,0.49844732596403674,0.3310999999999922,-1.3615399560883321,-2.5685516393888523,landing,,,,0.19173766914873625
162.933,63.9734152,-22.60545283,147.139,3.41,-0.1351,4.0752,0.3056,-0.0552,-0.0039,-0.4441,12.903,8.49,0.0783,14.3288,0.1159,1.0,1.0,1.0,-0.03,612.5,0.0,10.0,270.0,1,162.933,0.0019086173280771779,0.06701162573311711,-0.03,0.010019989341240154,0.0,1.0,0.353980122919605,995.711218470601,-0.7057129958713608,0.63900000000001,-0.08999999999999986,5.758689017868575,1.6127537032918025e-26,-0.01964465578852724,2.0330504868831545,0.4434328087546646,0.2855999999999881,-1.3265343744528006,-2.5464379635188945,landing,,,,0.19098301076513025
163.042,63.97341935,-22.60545276,147.147,3.41,-0.1409,4.0746,0.2628,-0.0498,-0.0077,-0.3414,12.678,8.122,0.0748,13.7083,0.0983,1.0,1.0,1.0,-0.03,612.2,0.0,10.0,270.0,1,163.042,0.0018383005703458966,0.06723056852928275,-0.03,0.010900558669845961,0.0,1.0,0.35446344958410514,996.1738481329796,-0.7024449225765359,0.6469999999999914,-0.08999999999999986,5.758689017868575,1.3439614194098353e-26,-0.019558079677572122,2.0235319060959562,0.3908517169822119,0.24279999999998836,-1.285609949771263,-2.50259998351591,landing,,,,0.19010008056334726
163.15,63.97342302,-22.6054527,147.154,3.41,-0.1457,4.0737,0.2325,-0.0459,-0.0104,-0.2607,12.474,7.782,0.0716,13.1345,0.0853,1.0,1.0,1.0,-0.03,611.9,0.0,10.0,270.0,1,163.15,0.0018428307351334161,0.06742349387860055,-0.03,0.011443628990402854,0.0,1.0,0.35497084946031443,996.5829687893677,-0.6996481086728988,0.6539999999999964,-0.08999999999999986,5.758689017868575,1.119967849508196e-26,-0.01948408203972159,2.0141429103737205,0.35209343971814633,0.21250000000000568,-1.2487753623137312,-2.4468080658225384,landing,,,,0.189345861248583
163.242,63.97342653,-22.60545265,147.161,3.41,-0.1501,4.0726,0.2095,-0.0421,-0.0123,-0.1939,12.274,7.442,0.0684,12.5596,0.0748,1.0,1.0,1.0,-0.03,611.7,0.0,10.0,270.0,1,163.242,0.0018795300536630366,0.06760818292364332,-0.03,0.011845084453933175,0.0,1.0,0.3555196957649521,996.9742529966758,-0.6973350058842482,0.6610000000000014,-0.08999999999999986,5.758689017868575,9.3330654125683e-27,-0.01942335980556281,2.006179256346464,0.32122692109868467,0.18950000000000955,-1.2198526289804488,-2.421999427427638,landing,,,,0.18872724730595536
163.333,63.97342934,-22.60545262,147.167,3.409,-0.1535,4.0715,0.1952,-0.0388,-0.0141,-0.1464,12.112,7.157,0.0657,12.0795,0.0677,1.0,1.0,1.0,-0.03,611.5,0.0,10.0,270.0,1,163.333,0.0019578136991778017,0.06775715333621277,-0.03,0.012007501933327891,0.0,1.0,0.35600180485488686,997.287503145631,-0.6959745388386844,0.6670000000000016,-0.09100000000000019,5.758689017868575,7.777554510473583e-27,-0.0193884182951874,1.9983294998706835,0.3011129318589383,0.1751999999999896,-1.1928087700567251,-2.363655823135999,landing,,,,0.1883713977601289
163.433,63.97343282,-22.60545257,147.174,3.409,-0.1575,4.0699,0.1819,-0.0344,-0.0149,-0.0964,11.906,6.787,0.0623,11.4543,0.0602,1.0,1.0,1.0,-0.03,611.3,0.0,10.0,270.0,1,163.433,0.0020761378817603093,0.06794326859936403,-0.03,0.01212093403221337,0.0,1.0,0.3566463923093833,997.6754430505059,-0.6936602686682135,0.6740000000000066,-0.09100000000000019,5.758689017868575,6.481295425394652e-27,-0.019327593092626542,1.989735642228519,0.28112483252314746,0.16190000000000282,-1.1646906823561591,-2.336050748305464,landing,,,,0.18775215453162275
163.542,63.97343612,-22.60545254,147.181,3.409,-0.161,4.0683,0.1735,-0.0303,-0.0156,-0.0579,11.706,6.415,0.0588,10.8278,0.0543,1.0,1.0,1.0,-0.03,611.1,0.0,10.0,270.0,1,163.542,0.002226835609215161,0.06812282506082376,-0.03,0.012080565733121329,0.0,1.0,0.3573050453377188,998.0433168011174,-0.692318868857388,0.6810000000000116,-0.09100000000000019,5.758689017868575,5.4010795211622104e-27,-0.019293669019217644,1.9804032594719934,0.26732842749066776,0.15350000000000819,-1.1352640539184737,-2.2904881698523276,landing,,,,0.18740689912456787
163.65,63.97343901,-22.6054525,147.186,3.409,-0.1639,4.0667,0.169,-0.0269,-0.0162,-0.031,11.528,6.072,0.0556,10.2483,0.0497,1.0,1.0,1.0,-0.03,611.0,0.0,10.0,270.0,1,163.65,0.002392217612217362,0.0682823061281804,-0.03,0.011927179081762329,0.0,1.0,0.35791372771187935,998.3654852593307,-0.6904715773305292,0.686000000000007,-0.09100000000000019,5.758689017868575,4.5008996009685085e-27,-0.019245204088219347,1.9711953256963661,0.257858563701177,0.1490000000000009,-1.1069112021361531,-2.2320936224246686,landing,,,,0.18691380015518888
163.733,63.97344151,-22.60545248,147.191,3.408,-0.1662,4.0652,0.167,-0.0238,-0.0162,-0.0126,11.371,5.757,0.0527,9.7163,0.0462,1.0,1.0,1.0,-0.03,610.8,0.0,10.0,270.0,1,163.733,0.002534220341651572,0.0684241135438298,-0.03,0.011773448730466485,0.0,1.0,0.35846882857391715,998.6441774478326,-0.6895889846651877,0.6910000000000025,-0.09200000000000008,5.758689017868575,3.750749667473757e-27,-0.019223210163412923,1.9641461588517097,0.25243344324232453,0.14699999999999136,-1.0855228391584242,-2.2011365899369966,landing,,,,0.18669008178827085
163.833,63.97344408,-22.60545245,147.196,3.408,-0.1685,4.0636,0.1664,-0.0209,-0.0165,0.0017,11.207,5.412,0.0495,9.1348,0.0428,1.0,1.0,1.0,-0.03,610.7,0.0,10.0,270.0,1,163.833,0.0027055550591794653,0.06857479353428161,-0.03,0.011532902643892506,0.0,1.0,0.3590683076668545,998.9306731789067,-0.688219178565615,0.695999999999998,-0.09200000000000008,5.758689017868575,3.1256247228947973e-27,-0.019187699569561498,1.9556802350319151,0.2484504771601621,0.14639999999999986,-1.0600276107668414,-2.150124172670005,landing,,,,0.18632894713159232
163.942,63.9734465,-22.60545242,147.201,3.408,-0.1704,4.0619,0.1671,-0.0179,-0.0163,0.0113,11.05,5.067,0.0463,8.5524,0.0397,1.0,1.0,1.0,-0.03,610.5,0.0,10.0,270.0,1,163.942,0.0028815363503771896,0.06872109950882907,-0.03,0.011232250951859646,0.0,1.0,0.3596555125617457,999.200447399399,-0.6868435353834335,0.7009999999999934,-0.09200000000000008,5.758689017868575,2.6046872690789976e-27,-0.01915186045657832,1.9464870440548647,0.2459634849815302,0.14709999999999468,-1.0324394098094811,-2.085600790834272,landing,,,,0.18596456266638484
164.05,63.97344894,-22.6054524,147.206,3.408,-0.1722,4.0602,0.1687,-0.015,-0.017,0.0175,10.889,4.693,0.0428,7.9205,0.0366,1.0,1.0,1.0,-0.03,610.4,0.0,10.0,270.0,1,164.05,0.00306020687558628,0.06887528435332432,-0.03,0.010912059490140846,0.0,1.0,0.3602751606512896,999.4724509830344,-0.6859586079544514,0.7059999999999889,-0.09200000000000008,5.758689017868575,2.1705727242324977e-27,-0.019129717542539934,1.9374136812016725,0.244757351746415,0.14869999999999095,-1.0052294641835386,-2.031522604462129,landing,,,,0.18573947628621568
164.133,63.97345069,-22.60545238,147.209,3.408,-0.1734,4.0588,0.1702,-0.0126,-0.018,0.0203,10.772,4.405,0.0401,7.4339,0.0343,1.0,1.0,1.0,-0.03,610.3,0.0,10.0,270.0,1,164.133,0.0031934894707195127,0.06899120669752654,-0.03,0.010656670195442697,0.0,1.0,0.36073883041983945,999.6675356178354,-0.6850468305720316,0.7090000000000032,-0.09200000000000008,5.758689017868575,1.8088106035270814e-27,-0.019106104482234907,1.9304676966783225,0.24436073816650605,0.15020000000001232,-0.9844194596308147,-1.9749876908034705,landing,,,,0.18549948402691996
164.242,63.97345295,-22.60545236,147.214,3.407,-0.1747,4.0566,0.1727,-0.0103,-0.0176,0.0215,10.619,4.0,0.0364,6.7516,0.0312,1.0,1.0,1.0,-0.03,610.1,0.0,10.0,270.0,1,164.242,0.0033624525773749414,0.06915055697502734,-0.03,0.010307279970055316,0.0,1.0,0.36136938828725246,999.919473389248,-0.6841548988529578,0.7139999999999986,-0.09299999999999997,5.758689017868575,1.5073421696059011e-27,-0.019083568672263643,1.9213735550617828,0.24476918006814685,0.15270000000001005,-0.9570449875208427,-1.9230496938914186,landing,,,,0.18527047736361624
164.342,63.97345458,-22.60545234,147.217,3.407,-0.1755,4.0551,0.1746,-0.0079,-0.0172,0.021,10.508,3.682,0.0334,6.2149,0.0288,1.0,1.0,1.0,-0.03,610.0,0.0,10.0,270.0,1,164.342,0.0034981016638385154,0.06927300951010315,-0.03,0.009998545807527015,0.0,1.0,0.36184608823924935,1000.1011808151084,-0.6832384519435335,0.717000000000013,-0.09299999999999997,5.758689017868575,1.2561184746715843e-27,-0.0190596916886955,1.9130630073760386,0.24550815596057873,0.15459999999998786,-0.9320145376456298,-1.8491360853558128,landing,,,,0.1850278811213144
164.45,63.97345633,-22.60545232,147.22,3.407,-0.1763,4.0533,0.1769,-0.0056,-0.0158,0.0197,10.387,3.306,0.03,5.5798,0.026,1.0,1.0,1.0,-0.03,609.9,0.0,10.0,270.0,1,164.45,0.0036443618567454372,0.0694151509622892,-0.03,0.009658416289379579,0.0,1.0,0.36238828134935996,1000.2962654491174,-0.6823266747348979,0.7199999999999989,-0.09299999999999997,5.758689017868575,1.0467653955596535e-27,-0.019036064752337874,1.9041200855562344,0.24697721887113744,0.15690000000000737,-0.9050035806390623,-1.7828846567207943,landing,,,,0.18478786517116674
164.533,63.97345766,-22.60545231,147.223,3.407,-0.1767,4.0519,0.1786,-0.0031,-0.0146,0.0185,10.293,2.987,0.027,5.0421,0.0235,1.0,1.0,1.0,-0.03,610.0,0.0,10.0,270.0,1,164.533,0.003746624970415613,0.06948617833549084,-0.03,0.009402140974305473,0.0,1.0,0.3626539885596647,1000.4445296827939,-0.6818884913332458,0.7230000000000132,-0.09299999999999997,5.758689017868575,8.723044962997113e-28,-0.019025213480105642,1.8972729272673468,0.24703973923385547,0.15860000000000696,-0.8843282509197579,-1.7237615170627187,landing,,,,0.18467764497014372
164.642,63.97345906,-22.60545229,147.226,3.407,-0.1769,4.0504,0.1805,-0.0012,-0.0129,0.0162,10.195,2.61,0.0235,4.406,0.0207,1.0,1.0,1.0,-0.03,610.1,0.0,10.0,270.0,1,164.642,0.003865763820501855,0.06948617833549084,-0.03,0.009072753372714182,0.0,1.0,0.3626539885596647,1000.600597459043,-0.6809630944973626,0.7259999999999991,-0.09299999999999997,5.758689017868575,7.269204135830927e-28,-0.019000838239405914,1.8883084109301793,0.1605000000000132,0.1605000000000132,-0.8571945729847289,-1.6487907035849494,landing,,,,0.1844300873972884
164.75,63.97346018,-22.60545228,147.228,3.407,-0.1769,4.0492,0.182,0.0012,-0.01,0.0139,10.115,2.263,0.0203,3.8188,0.018,1.0,1.0,1.0,-0.03,610.3,0.0,10.0,270.0,1,164.75,0.003970338919002336,0.06948617833549084,-0.03,0.00876329152335742,0.0,1.0,0.3626539885596647,1000.7254515764795,-0.6805167395973061,0.7280000000000086,-0.09299999999999997,5.758689017868575,6.057670113192439e-28,-0.01898953828128293,1.8794596305164517,0.16200000000000614,0.16200000000000614,-0.8304408715964922,-1.5662407069627462,landing,,,,0.18431533804075428
164.833,63.973461,-22.60545227,147.229,3.407,-0.1768,4.0485,0.1831,0.0023,-0.0069,0.0124,10.057,1.973,0.0175,3.3296,0.0158,1.0,1.0,1.0,-0.03,610.6,0.0,10.0,270.0,1,164.833,0.0040461618999551585,0.06948617833549084,-0.03,0.008527327850975763,0.0,1.0,0.3626539885596647,1000.8168626735445,-0.6800587107063689,0.7290000000000134,-0.09299999999999997,5.758689017868575,5.048058427660365e-28,-0.018977602051815975,1.8726846512350557,0.1630999999999858,0.1630999999999858,-0.8100109123622429,-1.4873820227591241,landing,,,,0.18419413723221112
164.942,63.97346189,-22.60545226,147.231,3.406,-0.1764,4.0479,0.1844,0.0048,-0.0043,0.0099,9.993,1.596,0.0139,2.6935,0.0129,1.0,1.0,1.0,-0.03,611.0,0.0,10.0,270.0,1,164.942,0.0041330580587145005,0.06948617833549084,-0.03,0.008223833908061251,0.0,1.0,0.3626539885596647,1000.9160771421616,-0.6796034057060691,0.7309999999999945,-0.09399999999999986,5.758689017868575,4.206715356383637e-28,-0.01896581286034011,1.8638132900671238,0.16440000000000055,0.16440000000000055,-0.7832621934174921,-1.4055432900812679,landing,,,,0.1840744393153102
165.042,63.97346259,-22.60545225,147.232,3.406,-0.1758,4.0475,0.1853,0.0084,-0.002,0.0077,9.943,1.219,0.0102,2.0571,0.0099,1.0,1.0,1.0,-0.03,611.5,0.0,10.0,270.0,1,165.042,0.004200203415596571,0.06948617833549084,-0.03,0.007955610692341186,0.0,1.0,0.3626539885596647,1000.9941110294942,-0.679140707287851,0.7319999999999993,-0.09399999999999986,5.758689017868575,3.5055961303196976e-28,-0.018953620646091286,1.8557052170356247,0.165300000000002,0.165300000000002,-0.7588995714833184,-1.3232211728011558,landing,,,,0.18395065973568592
165.133,63.97346304,-22.60545225,147.233,3.406,-0.175,4.0474,0.1861,0.0085,0.0002,0.007,9.911,0.899,0.0069,1.5179,0.0079,1.0,1.0,1.0,-0.03,612.0,0.0,10.0,270.0,1,165.133,0.004249416818711493,0.06948617833549084,-0.03,0.007717274324786305,0.0,1.0,0.3626539885596647,1001.0442755620313,-0.6791582180137721,0.7330000000000041,-0.09399999999999986,5.758689017868575,2.921330108599748e-28,-0.018954572488358835,1.8483513784475087,0.16610000000000014,0.16610000000000014,-0.7368784853828182,-1.2348963708781708,landing,,,,0.1839603227909663
165.242,63.97346337,-22.60545224,147.234,3.406,-0.1739,4.0476,0.1866,0.0079,0.004,0.0041,9.887,0.55,0.0028,0.9276,0.0056,1.0,1.0,1.0,-0.03,612.5,0.0,10.0,270.0,1,165.242,0.004298961827695569,0.06948617833549084,-0.03,0.007443190556401635,0.0,1.0,0.3626539885596647,1001.0810630566482,-0.6786811220618808,0.7340000000000089,-0.09399999999999986,5.758689017868575,2.4344417571664566e-28,-0.01894159667630186,1.8395710677347674,0.1665999999999883,0.1665999999999883,-0.7106871098921514,-1.142649745001843,landing,,,,0.1838285984876009
165.342,63.97346355,-22.60545224,147.234,3.406,-0.1725,4.0486,0.1873,0.0124,0.0194,0.0033,9.876,0.166,-0.0065,0.281,0.0019,1.0,1.0,1.0,-0.03,613.2,0.0,10.0,270.0,1,165.342,0.004329683949025165,0.06948617833549084,-0.03,0.007190038459957249,0.0,1.0,0.3626539885596647,1001.1011288696631,-0.6786881263522493,0.7340000000000089,-0.09399999999999986,5.758689017868575,2.0287014643053806e-28,-0.018941977306226272,1.8315449664450272,0.16730000000001155,0.16730000000001155,-0.6868502387932234,-1.0487724954562194,landing,,,,0.18383246229367245
165.45,63.97346356,-22.60545224,147.233,3.405,-0.1714,4.1146,0.1871,0.0084,2.2252,-0.013,9.876,0.079,-0.012,-0.1326,0.0001,1.0,1.0,1.0,-0.03,613.8,0.0,10.0,270.0,1,165.45,0.004368273801812261,0.06948617833549084,-0.03,0.006948368682617612,0.0,1.0,0.3626539885596647,1001.1022436371409,-0.6786885154795227,0.7330000000000041,-0.0950000000000002,5.758689017868575,1.6905845535878171e-28,-0.018941998452553028,1.8229056687329512,0.1671000000000049,0.1671000000000049,-0.6613854562142618,-0.9534295413238358,landing,,,,0.18383267695210037
165.533,63.97346351,-22.60545224,147.234,3.404,-0.1709,4.3501,0.1857,0.0044,3.2049,-0.0192,9.876,0.113,-0.0122,-0.19,-0.0003,1.0,1.0,1.0,-0.03,614.3,0.0,10.0,270.0,1,165.533,0.004397551638813779,0.06948617833549084,-0.03,0.006803786883810781,0.0,1.0,0.3626539885596647,1001.0966698005443,-0.6786865698434321,0.7340000000000089,-0.09600000000000009,5.758689017868575,1.408820461323181e-28,-0.018941892721163936,1.8162901192869336,0.16569999999998686,0.16569999999998686,-0.6421428569276849,-0.8667541284762144,landing,,,,0.1838316036627745
165.642,63.97346344,-22.60545224,147.235,3.403,-0.1705,4.6872,0.1836,0.0023,2.8441,-0.0171,9.876,0.1,-0.0105,-0.1688,-0.0003,1.0,1.0,1.0,-0.03,615.0,0.0,10.0,270.0,1,165.642,0.004441918694198632,0.06948617833549084,-0.03,0.00662614286527996,0.0,1.0,0.3626539885596647,1001.0888664289923,-0.6786838459527946,0.7350000000000136,-0.09699999999999998,5.758689017868575,1.1740170511026508e-28,-0.01894174469817776,1.8076262816814224,0.1636000000000024,0.1636000000000024,-0.6173110997871709,-0.7879582986147403,landing,,,,0.18383010106877862
165.742,63.97346339,-22.60545224,147.235,3.402,-0.1703,4.9581,0.182,0.0015,2.0941,-0.0126,9.876,0.074,-0.008,-0.1243,-0.0003,1.0,1.0,1.0,-0.03,615.5,0.0,10.0,270.0,1,165.742,0.004491184430582551,0.06948617833549084,-0.03,0.006457181133817991,0.0,1.0,0.3626539885596647,1001.0832925916037,-0.6786819003164276,0.7350000000000136,-0.09799999999999986,5.758689017868575,9.783475425855422e-29,-0.018941638968151576,1.7997066968456696,0.16200000000000614,0.16200000000000614,-0.5949379887892998,-0.7163257260134003,landing,,,,0.18382902779518417
165.85,63.97346335,-22.60545224,147.236,3.401,-0.1702,5.1379,0.1809,0.0012,1.4698,-0.0088,9.876,0.052,-0.0058,-0.0872,-0.0002,1.0,1.0,1.0,-0.03,616.0,0.0,10.0,270.0,1,165.85,0.004554220607065118,0.06948617833549084,-0.03,0.006259060211934564,0.0,1.0,0.3626539885596647,1001.0788335224848,-0.6786803438076106,0.73599999999999,-0.0990000000000002,5.758689017868575,8.152896188212852e-29,-0.018941554384559026,1.7911820648634926,0.16089999999999804,0.16089999999999804,-0.5711354585103747,-0.6512052054667276,landing,,,,0.18382816918121847
165.942,63.97346333,-22.60545224,147.236,3.401,-0.1701,5.253,0.1802,0.0008,1.0204,-0.0061,9.875,0.036,-0.004,-0.0606,-0.0001,1.0,1.0,1.0,-0.03,616.4,0.0,10.0,270.0,1,165.942,0.004608847789907111,0.06948617833549084,-0.03,0.0060858226298723395,0.0,1.0,0.3626539885596647,1001.0766039875294,-0.6786795655530636,0.73599999999999,-0.0990000000000002,5.758689017868575,6.794080156844043e-29,-0.018941512092893027,1.7839464874186974,0.16020000000000323,0.16020000000000323,-0.5511426122920762,-0.5929928745349691,landing,,,,0.18382773987574552
166.042,63.97346331,-22.60545224,147.236,3.4,-0.17,5.3428,0.1797,0.0006,0.6309,-0.0038,9.875,0.022,-0.0024,-0.0374,-0.0001,1.0,1.0,1.0,-0.03,616.8,0.0,10.0,270.0,1,166.042,0.004670433885553105,0.06948617833549084,-0.03,0.005891992823183312,0.0,1.0,0.3626539885596647,1001.074374452574,-0.6786787872985168,0.73599999999999,-0.10000000000000009,5.758689017868575,5.661733464036703e-29,-0.018941469801318892,1.7761058521471704,0.15969999999998663,0.15969999999998663,-0.5296611861691579,-0.5390844313954264,landing,,,,0.1838273105713455
166.15,63.9734633,-22.60545224,147.236,3.4,-0.17,5.3937,0.1794,0.0006,0.3807,-0.0023,9.875,0.013,-0.0014,-0.0226,-0.0,1.0,1.0,1.0,-0.03,617.2,0.0,10.0,270.0,1,166.15,0.004742780168959959,0.06948617833549084,-0.03,0.005677911630473043,0.0,1.0,0.3626539885596647,1001.0732596850962,-0.6786783981712434,0.73599999999999,-0.10000000000000009,5.758689017868575,4.7181112200305854e-29,-0.01894144865556627,1.767666194624639,0.1594000000000051,0.1594000000000051,-0.5067256453585296,-0.490076755814024,landing,,,,0.18382709591953272
166.242,63.97346329,-22.60545224,147.236,3.4,-0.1699,5.4234,0.1792,0.0008,0.2104,-0.0012,9.875,0.007,-0.0007,-0.0125,0.0,1.0,1.0,1.0,-0.03,617.5,0.0,10.0,270.0,1,166.242,0.0048003121736843735,0.06948617833549084,-0.03,0.005496078217326339,0.0,1.0,0.3626539885596647,1001.0721449176186,-0.67867800904397,0.73599999999999,-0.10000000000000009,5.758689017868575,3.9317593500254875e-29,-0.018941427509836614,1.7605027402968865,0.15919999999999845,0.15919999999999845,-0.48741736942123454,-0.44552432346729454,landing,,,,0.18382688126798286
166.333,63.97346329,-22.60545224,147.236,3.4,-0.1698,5.4371,0.1791,0.0007,0.1159,-0.0006,9.875,0.004,-0.0003,-0.0069,0.0,1.0,1.0,1.0,-0.03,617.7,0.0,10.0,270.0,1,166.333,0.00485757587033625,0.06948617833549084,-0.03,0.005315038548936668,0.0,1.0,0.3626539885596647,1001.0721449176186,-0.67867800904397,0.73599999999999,-0.10000000000000009,5.758689017868575,3.27646612502124e-29,-0.018941427509836614,1.7534388787479236,0.15909999999999513,0.15909999999999513,-0.46850377135950005,-0.405022112242995,landing,,,,0.18382688126798286
166.442,63.97346329,-22.60545224,147.236,3.4,-0.1698,5.4455,0.1791,0.0006,0.0408,-0.0002,9.875,0.001,-0.0,-0.0024,0.0,1.0,1.0,1.0,-0.03,617.9,0.0,10.0,270.0,1,166.442,0.004931415786729121,0.06948617833549084,-0.03,0.0050965369547714134,0.0,1.0,0.3626539885596647,1001.0721449176186,-0.67867800904397,0.73599999999999,-0.10000000000000009,5.758689017868575,2.7303884375177e-29,-0.018941427509836614,1.7450034352232333,0.15909999999999513,0.15909999999999513,-0.44605518025168023,-0.36820192022090453,landing,,,,0.18382688126798286
166.542,63.97346329,-22.60545224,147.236,3.4,-0.1697,5.4478,0.1791,0.0005,0.0037,0.0,9.875,0.0,0.0001,-0.0002,0.0,1.0,1.0,1.0,-0.03,618.1,0.0,10.0,270.0,1,166.542,0.0049945055511901315,0.06948617833549084,-0.03,0.004898256501402631,0.0,1.0,0.3626539885596647,1001.0721449176186,-0.67867800904397,0.73599999999999,-0.10000000000000009,5.758689017868575,2.2753236979314163e-29,-0.018941427509836614,1.7372926143548393,0.15909999999999513,0.15909999999999513,-0.42568462844916505,-0.33472901838264046,landing,,,,0.18382688126798286
166.65,63.97346329,-22.60545224,147.236,3.4,-0.1696,5.4474,0.1791,0.0005,-0.0097,0.0001,9.875,0.0,0.0001,0.0006,0.0,1.0,1.0,1.0,-0.03,618.3,0.0,10.0,270.0,1,166.65,0.005062233745040223,0.06948617833549084,-0.03,0.004686249738593995,0.0,1.0,0.3626539885596647,1001.0721449176186,-0.67867800904397,0.73599999999999,-0.10000000000000009,5.758689017868575,1.8961030816095134e-29,-0.018941427509836614,1.7289926867720993,0.15909999999999513,0.15909999999999513,-0.40390443446191376,-0.3042991076205822,landing,,,,0.18382688126798286
166.733,63.97346329,-22.60545224,147.236,3.4,-0.1696,5.4465,0.1791,0.0004,-0.0125,0.0001,9.875,0.0,0.0001,0.0007,0.0,1.0,1.0,1.0,-0.03,618.4,0.0,10.0,270.0,1,166.733,0.005116700446082256,0.06948617833549084,-0.03,0.004525074773100379,0.0,1.0,0.3626539885596647,1001.0721449176186,-0.67867800904397,0.73599999999999,-0.10000000000000009,5.758689017868575,1.5800859013412612e-29,-0.018941427509836614,1.72263700185538,0.15909999999999513,0.15909999999999513,-0.38734672765588063,-0.27663555238234744,landing,,,,0.18382688126798286
166.842,63.97346329,-22.60545224,147.236,3.4,-0.1696,5.4452,0.1791,0.0004,-0.0105,0.0001,9.875,0.0,0.0001,0.0006,0.0,1.0,1.0,1.0,-0.03,618.5,0.0,10.0,270.0,1,166.842,0.005187636558814879,0.06948617833549084,-0.03,0.004315163762613983,0.0,1.0,0.3626539885596647,1001.0721449176186,-0.67867800904397,0.73599999999999,-0.10000000000000009,5.758689017868575,1.3167382511177176e-29,-0.018941427509836614,1.7143134718167325,0.15909999999999513,0.15909999999999513,-0.3657827483244303,-0.25148686580213403,landing,,,,0.18382688126798286
166.95,63.97346329,-22.60545224,147.236,3.4,-0.1695,5.4442,0.1791,0.0003,-0.0068,0.0001,9.875,0.0,0.0001,0.0004,0.0,1.0,1.0,1.0,-0.03,618.6,0.0,10.0,270.0,1,166.95,0.005253240417112337,0.06948617833549084,-0.03,0.004109441091388222,0.0,1.0,0.3626539885596647,1001.0721449176186,-0.67867800904397,0.73599999999999,-0.10000000000000009,5.758689017868575,1.0972818759314313e-29,-0.018941427509836614,1.7060962691471317,0.15909999999999513,0.15909999999999513,-0.34464949464253175,-0.22862442345648548,landing,,,,0.18382688126798286
167.033,63.97346329,-22.60545224,147.236,3.4,-0.1695,5.4438,0.1791,0.0003,-0.0041,0.0001,9.875,0.0,0.0,0.0002,0.0,1.0,1.0,1.0,-0.03,618.6,0.0,10.0,270.0,1,167.033,0.005306091894616671,0.06948617833549084,-0.03,0.003953044092162461,0.0,1.0,0.3626539885596647,1001.0721449176186,-0.67867800904397,0.73599999999999,-0.10000000000000009,5.758689017868575,9.144015632761927e-30,-0.018941427509836614,1.6998039309858417,0.15909999999999513,0.15909999999999513,-0.32858360383699947,-0.20784038496044135,landing,,,,0.18382688126798286
167.133,63.97346329,-22.60545224,147.236,3.4,-0.1695,5.4435,0.1791,0.0003,-0.0015,0.0,9.875,0.0,0.0,0.0001,0.0,1.0,1.0,1.0,-0.03,618.6,0.0,10.0,270.0,1,167.133,0.005369240621433402,0.06948617833549084,-0.03,0.003766174926385757,0.0,1.0,0.3626539885596647,1001.0721449176186,-0.67867800904397,0.73599999999999,-0.10000000000000009,5.758689017868575,7.620013027301605e-30,-0.018941427509836614,1.6922437751315702,0.15909999999999513,0.15909999999999513,-0.3093877677986256,-0.18894580450949214,landing,,,,0.18382688126798286
167.242,63.97346329,-22.60545224,147.236,3.4,-0.1694,5.4434,0.1791,0.0002,-0.0004,0.0,9.875,0.0,0.0,0.0,0.0,1.0,1.0,1.0,-0.03,618.7,0.0,10.0,270.0,1,167.242,0.005433468613175563,0.06948617833549084,-0.03,0.0035645209341191864,0.0,1.0,0.3626539885596647,1001.0721449176186,-0.67867800904397,0.73599999999999,-0.10000000000000009,5.758689017868575,6.350010856084671e-30,-0.018941427509836614,1.6840306738166881,0.15909999999999513,0.15909999999999513,-0.28867354112962484,-0.1717689131904474,landing,,,,0.18382688126798286
167.35,63.97346329,-22.60545224,147.236,3.4,-0.1694,5.4434,0.1791,0.0002,0.0004,0.0,9.875,0.0,-0.0,-0.0,0.0,1.0,1.0,1.0,-0.03,618.7,0.0,10.0,270.0,1,167.35,0.005500252809021,0.06948617833549084,-0.03,0.003366891567031516,0.0,1.0,0.3626539885596647,1001.0721449176186,-0.67867800904397,0.73599999999999,-0.10000000000000009,5.758689017868575,5.2916757134038926e-30,-0.018941427509836614,1.6759224892198854,0.15909999999999513,0.15909999999999513,-0.26837306688542467,-0.15615355744586126,landing,,,,0.18382688126798286
167.433,63.97346329,-22.60545224,147.236,3.4,-0.1694,5.4434,0.1791,0.0002,0.0004,0.0,9.875,0.0,-0.0,-0.0,0.0,1.0,1.0,1.0,-0.03,618.6,0.0,10.0,270.0,1,167.433,0.005551023804063859,0.06948617833549084,-0.03,0.003216648033733227,0.0,1.0,0.3626539885596647,1001.0721449176186,-0.67867800904397,0.73599999999999,-0.10000000000000009,5.758689017868575,4.40972976116991e-30,-0.018941427509836614,1.6697136318497274,0.15909999999999513,0.15909999999999513,-0.25294027043027634,-0.1419577794962375,landing,,,,0.18382688126798286
167.533,63.97346329,-22.60545224,147.236,3.4,-0.1694,5.4435,0.1791,0.0002,0.0004,0.0,9.875,0.0,-0.0,-0.0,0.0,1.0,1.0,1.0,-0.03,618.6,0.0,10.0,270.0,1,167.533,0.0056116863606501255,0.06948617833549084,-0.03,0.0030371320186640682,0.0,1.0,0.3626539885596647,1001.0721449176186,-0.67867800904397,0.73599999999999,-0.10000000000000009,5.758689017868575,3.674774800974925e-30,-0.018941427509836614,1.6622537769925785,0.15909999999999513,0.15909999999999513,-0.23450086772597512,-0.12905252681476137,landing,,,,0.18382688126798286
167.65,63.97346329,-22.60545224,147.236,3.4,-0.1694,5.4435,0.1791,0.0002,0.0003,0.0,9.875,0.0,-0.0,-0.0,0.0,1.0,1.0,1.0,-0.03,618.6,0.0,10.0,270.0,1,167.65,0.005681952231634868,0.06948617833549084,-0.03,0.0028291959103575737,0.0,1.0,0.3626539885596647,1001.0721449176186,-0.67867800904397,0.73599999999999,-0.10000000000000009,5.758689017868575,3.062312334145771e-30,-0.018941427509836614,1.653554840243655,0.15909999999999513,0.15909999999999513,-0.21314250757357836,-0.11732047892251034,landing,,,,0.18382688126798286
167.742,63.97346329,-22.60545224,147.236,3.4,-0.1694,5.4435,0.1791,0.0001,0.0003,0.0,9.875,0.0,-0.0,-0.0,0.0,1.0,1.0,1.0,-0.03,618.5,0.0,10.0,270.0,1,167.742,0.005736557823503963,0.06948617833549084,-0.03,0.002667601759527738,0.0,1.0,0.3626539885596647,1001.0721449176186,-0.67867800904397,0.73599999999999,-0.10000000000000009,5.758689017868575,2.5519269451214758e-30,-0.018941427509836614,1.6467413274026708,0.15909999999999513,0.15909999999999513,-0.19654439650390468,-0.10665498083864576,landing,,,,0.18382688126798286
167.842,63.97346329,-22.60545224,147.236,3.4,-0.1693,5.4435,0.1791,0.0001,0.0002,0.0,9.875,0.0,-0.0,-0.0,0.0,1.0,1.0,1.0,-0.03,618.5,0.0,10.0,270.0,1,167.842,0.005791449159566475,0.06948617833549084,-0.03,0.0024935702331869702,0.0,1.0,0.3626539885596647,1001.0721449176186,-0.67867800904397,0.73599999999999,-0.10000000000000009,5.758689017868575,2.12660578760123e-30,-0.018941427509836614,1.6393580468936766,0.15909999999999513,0.15909999999999513,-0.17866895253886206,-0.09695907348967796,landing,,,,0.18382688126798286
