sim_time,lat,lon,alt_ft,agl_ft,roll,pitch,heading,roll_rate,pitch_rate,yaw_rate,ias,gs_kt,vs_fps,vn_fps,ve_fps,wow0,wow1,wow2,elevator_trim,rpm,crashed,wind_kt,wind_from,wow,t,cmd_aileron,cmd_elevator,cmd_elevator_trim,cmd_rudder,cmd_throttle,cmd_flaps,cmd_brake,x,y,h,agl,gs_angle,gs_rate,loc_angle,loc_int,track_err,hdg_err,hdg_int,ias_rate,phase,track_des,roll_des,vs_des,hdg_des
0.3,63.93761814,-22.60750724,801.812,726.402,-0.0,0.424,360.0,0.0,0.0,0.0,81.645,82.746,1.0335,139.6589,-0.0,0.0,0.0,0.0,-0.03,0.0,0.0,3.7,150.0,0,0.3,0.07289945999962932,0.12896565241552588,-0.03,0.0003431838668317422,0.6405376348829996,0.3333333333333333,0.0,-2994.8634145704473,-99.96595750596661,655.312,722.902,3.4179979260401323,0.0,-0.9468069794184182,-0.09468069794184182,-0.020000000000010232,-0.01999999999998181,0.0,0.0,final_approach,1.255915784526529,1.916753163017276,-5.107445944360169,
0.642,63.93773236,-22.60750748,801.623,726.614,-0.2629,1.003,0.2642,-1.1686,2.3494,1.7014,78.049,82.286,-1.7419,138.883,-0.2091,0.0,0.0,0.0,-0.03,0.0,0.0,3.7,150.0,0,0.642,0.09025300613535664,0.12034565264243716,-0.03,-0.004189031232067486,0.6404420091034944,0.3333333333333333,0.0,-2982.1305455978263,-99.98216061206831,655.123,723.114,3.4300429966003256,0.0058699174269947986,-0.9489576092938473,-0.4181448403638006,-0.10626353436896352,0.2442000000000064,0.0,-0.9558745348219004,final_approach,1.2951167089511593,2.1031698690210483,-5.110333159753608,
1.642,63.93786171,-22.60750804,800.869,726.151,0.341,0.2583,0.9665,3.4854,-4.957,2.1663,77.575,81.791,-2.8277,138.0464,-0.3553,0.0,0.0,0.0,-0.03,0.0,0.0,3.7,150.0,0,1.642,0.07911103839051797,0.11372839346495514,-0.03,-0.016168553569598287,0.6403430135045639,0.3333333333333333,0.0,-2967.7110390434664,-100.01463046086339,654.369,722.651,3.4409623402070992,0.008531379058086866,-0.9515384142387875,-0.8869449668104643,-0.16746596441802808,0.9464999999999861,0.0,-0.9551586680199101,final_approach,1.3512091522443939,2.2769300664119,-5.113321360830621,
1.808,63.93823684,-22.60750716,794.524,720.779,5.245,-3.8424,2.0643,5.0589,-3.0206,0.0735,76.848,80.818,-9.689,136.4026,0.901,0.0,0.0,0.0,-0.03,324.0,0.0,3.7,150.0,0,1.808,-0.12005200361314186,0.03312971311331125,-0.03,-0.0343564779635856,0.6402407688223529,0.3333333333333333,0.0,-2925.8927550615767,-99.98611331013008,648.024,717.279,3.451080786314544,0.0172685649855991,-0.9579182702853519,-1.0410516375281482,0.35845866977786045,2.0442999999999927,0.0,-1.2664640684080253,final_approach,1.3768913901265485,1.5325932962497788,-5.11640682679284,
1.908,63.93833,-22.60750516,791.915,718.471,6.2215,-4.4598,2.058,-0.621,-0.8925,0.0507,76.767,80.653,-11.1034,136.1184,1.5849,0.0,0.0,0.0,-0.03,393.2,0.0,3.7,150.0,0,1.908,-0.14587077534296095,0.02143996404494157,-0.03,-0.03425495469235307,0.6402716660427203,0.3333333333333333,0.0,-2915.50754789442,-99.89175096254228,645.415,714.971,3.448126845745538,0.009467236539655914,-0.958679015083148,-1.133449366911369,0.6470955403957532,2.038000000000011,0.0,-1.2249673349163894,final_approach,1.388272356851477,1.1169598586704836,-5.11547451950074,
2.0,63.9383641,-22.6075042,790.878,717.494,5.9875,-4.4751,2.0718,-4.5636,0.6264,0.2771,76.738,80.598,-11.5171,136.0215,1.8536,0.0,0.0,0.0,-0.03,417.7,0.0,3.7,150.0,0,2.0,-0.14579472168565352,0.02093271842767925,-0.03,-0.03447728747256318,0.6402872635746739,0.6666666666666666,0.0,-2911.7061746918766,-99.84604390725083,644.378,713.994,3.446603300365189,0.005129317804153399,-0.9588509190016574,-1.21818774006766,0.7607360128207574,2.0518000000000143,0.0,-1.1422627945880184,final_approach,1.398020207787333,0.9607966519804378,-5.115003843721926,
2.45,63.93837959,-22.60750372,790.396,717.015,5.7775,-4.4406,2.085,-5.6832,1.1035,0.3782,76.723,80.574,-11.6512,135.9788,1.9746,0.0,0.0,0.0,-0.03,428.8,0.0,3.7,150.0,0,2.45,-0.14572201707912086,0.020944199074387798,-0.03,-0.03468977564431042,0.64029487405337,0.6666666666666666,0.0,-2909.979391803269,-99.82312967566828,643.896,713.515,3.4458516443289744,0.00399604037893731,-0.9589084136888407,-1.6314237101266236,0.811955384709961,2.0649999999999977,0.0,-1.0414510253830471,final_approach,1.4445236595937168,0.9537035034125552,-5.114774180703584,
2.517,63.93855276,-22.60749662,784.987,712.083,2.1345,-3.5786,2.4833,-8.4672,1.8693,1.2801,76.419,80.284,-11.0754,135.4716,2.9951,0.0,0.0,0.0,-0.03,548.1,0.0,3.7,150.0,0,2.517,-0.0557400024745936,0.021872346306613083,-0.03,-0.04101469618720799,0.6403776746904227,0.6666666666666666,0.0,-2890.6748435638656,-99.48201272016783,638.487,708.583,3.437283861716824,-0.01798285842091156,-0.9587349389738926,-1.692015438085258,1.2465284628599989,2.463300000000004,0.0,-1.3592566987878492,final_approach,1.4511027099995886,0.3087551893509026,-5.112275194071277,
2.617,63.93858977,-22.60749479,783.904,710.998,1.3164,-3.3945,2.6159,-6.96,1.8036,1.3443,76.321,80.205,-10.6412,135.3361,3.0948,0.0,0.0,0.0,-0.03,573.1,0.0,3.7,150.0,0,2.617,-0.026482847081189753,0.025173624288427406,-0.03,-0.04308047425116612,0.6403909869104815,0.6666666666666666,0.0,-2886.5490581734616,-99.39379435712121,637.404,707.498,3.4358321099523557,-0.0174053016248735,-0.9585500522710203,-1.7822303918520759,1.289983663377427,2.5959000000000003,0.0,-1.3247788170798618,final_approach,1.4609937323506443,0.2581077768588358,-5.111873370741538,
2.717,63.93862675,-22.60749289,782.867,710.077,0.7356,-3.2167,2.7478,-4.4523,1.7259,1.269,76.212,80.118,-10.157,135.187,3.1558,0.0,0.0,0.0,-0.03,598.0,0.0,3.7,150.0,0,2.717,-0.004458962452667858,0.029329125822751455,-0.03,-0.04511405521386036,0.6404019356452771,0.6666666666666666,0.0,-2882.4266158883484,-99.30214526559271,636.367,706.577,3.4346207813662706,-0.016523298997536386,-0.958331266333801,-1.872122750512616,1.317267543684153,2.727800000000002,0.0,-1.303435288254415,final_approach,1.4708033611358289,0.23173752197135755,-5.111542877688894,
2.8,63.93865753,-22.60749127,782.04,709.423,0.4321,-3.077,2.8489,-2.6583,1.5968,1.1343,76.113,80.037,-9.7266,135.0495,3.1874,0.0,0.0,0.0,-0.03,618.6,0.0,3.7,150.0,0,2.8,0.007479256753325059,0.03346805690592901,-0.03,-0.046657853703512775,0.6404092280688675,0.6666666666666666,0.0,-2878.9953341701735,-99.22397315922689,635.54,705.923,3.433804969120065,-0.015407593032496468,-0.9581306951946713,-1.9464680586040217,1.3320277317378384,2.8289000000000044,0.0,-1.2933749060801407,final_approach,1.4788901212841026,0.2216663674137358,-5.1113227469881295,
2.9,63.93869135,-22.60748946,781.172,708.588,0.2515,-2.9369,2.9449,-1.2153,1.4414,0.9356,75.994,79.938,-9.2392,134.8815,3.211,0.0,0.0,0.0,-0.03,641.1,0.0,3.7,150.0,0,2.9,0.014893621995991979,0.03867891189429377,-0.03,-0.048111408026822566,0.6404152464796458,0.6666666666666666,0.0,-2875.2251599178976,-99.13661053906596,634.672,705.088,3.4331260982656353,-0.013971112284463115,-0.9578958477096169,-2.03576941651297,1.3437304212330048,2.924900000000008,0.0,-1.283977187345582,final_approach,1.488610950396648,0.218675423509211,-5.111141070764319,
3.0,63.93873126,-22.60748729,780.204,707.627,0.1764,-2.7883,3.033,-0.1572,1.2826,0.6635,75.841,79.807,-8.6592,134.6607,3.2331,0.0,0.0,0.0,-0.03,667.4,0.0,3.7,150.0,0,3.0,0.018144624802658438,0.04559632420941539,-0.03,-0.04943446976396798,0.6404196406517835,0.6666666666666666,0.0,-2870.776086171191,-99.03184715526616,633.704,704.127,3.4326271805785384,-0.012474123048880707,-0.9576021881527429,-2.124743737273201,1.3553634358667352,3.0130000000000052,0.0,-1.306342897586898,final_approach,1.4982173043443048,0.21561685311593237,-5.111008423214724,
3.108,63.93877111,-22.6074851,779.298,706.924,0.192,-2.6571,3.0905,0.4344,1.1181,0.3747,75.676,79.663,-8.0849,134.4173,3.2551,0.0,0.0,0.0,-0.03,693.3,0.0,3.7,150.0,0,3.108,0.017732148660762337,0.05315570105794895,-0.03,-0.050292256442684424,0.6404211491555984,0.6666666666666666,0.0,-2866.3337006865177,-98.92610156205326,632.798,703.424,3.4324552601365874,-0.010660411864732416,-0.9572975029321202,-2.2204827901356867,1.3672250629468294,3.0705000000000098,0.0,-1.3264733412406076,final_approach,1.5085679845016244,0.21333657097936154,-5.110962885427664,
3.217,63.93881088,-22.6074829,778.454,706.121,0.2536,-2.5438,3.1169,0.6786,0.9524,0.0933,75.502,79.507,-7.5257,134.1533,3.2802,0.0,0.0,0.0,-0.03,718.6,0.0,3.7,150.0,0,3.217,0.01528063391631923,0.06108438707290058,-0.03,-0.050684553928219744,0.6404197975231151,0.6666666666666666,0.0,-2861.900233169854,-98.8198629184976,631.954,702.621,3.4326093177585415,-0.00864811444086404,-0.9569861438249404,-2.3167265256751124,1.3806675591701776,3.096900000000005,0.0,-1.351005789785045,final_approach,1.5189657091653146,0.20874145423183066,-5.111003687687621,
3.317,63.93884752,-22.60748084,777.727,705.441,0.3247,-2.4524,3.1152,0.7062,0.839,-0.143,75.334,79.354,-7.03,133.8941,3.3064,0.0,0.0,0.0,-0.03,741.3,0.0,3.7,150.0,0,3.317,0.01223820980535334,0.06846130928892678,-0.03,-0.050659321708756755,0.6404161297780412,0.6666666666666666,0.0,-2857.815690238697,-98.72036160014156,631.227,701.941,3.4330260306908955,-0.006512240480130011,-0.9566831419199695,-2.404672418114859,1.3945826591515527,3.0952000000000055,0.0,-1.3809143543500335,final_approach,1.5284419978634993,0.2020424157843035,-5.111114406622008,
3.4,63.938878,-22.60747912,777.158,704.956,0.3804,-2.3875,3.0966,0.5996,0.6873,-0.3156,75.189,79.221,-6.6311,133.6689,3.3301,0.0,0.0,0.0,-0.03,759.6,0.0,3.7,150.0,0,3.4,0.009697761952924877,0.0745467781891161,-0.03,-0.0503829873945017,0.6404113357744315,0.6666666666666666,0.0,-2854.4178498322735,-98.63727844705777,630.658,701.456,3.4335678031513286,-0.004338970559881278,-0.9564277546672348,-2.477402994728788,1.4071174217053795,3.0766000000000133,0.0,-1.4141937723006994,final_approach,1.5362719614347817,0.19494187298527876,-5.111259122544919,
3.508,63.9389145,-22.60747704,776.518,704.52,0.4321,-2.3265,3.0569,0.4075,0.5188,-0.4862,75.012,79.056,-6.1766,133.3896,3.3593,0.0,0.0,0.0,-0.03,780.7,0.0,3.7,150.0,0,3.508,0.007171153015656184,0.08154863100523112,-0.03,-0.04979156570626769,0.6404035291681308,0.6666666666666666,0.0,-2850.348913302971,-98.53679180627046,630.018,701.02,3.434443136056169,-0.002264986415888226,-0.9561118967267617,-2.5717444287942546,1.4226389769975185,3.036900000000003,0.0,-1.4346206010814375,final_approach,1.546447894202963,0.18687409883256123,-5.111494775615398,
3.608,63.93895396,-22.60747477,775.874,703.978,0.4654,-2.2765,2.997,0.1807,0.3842,-0.6218,74.817,78.872,-5.7184,133.078,3.3897,0.0,0.0,0.0,-0.03,802.3,0.0,3.7,150.0,0,3.608,0.00515369348128647,0.08859023166789279,-0.03,-0.048895105758654134,0.6403926165445907,0.6666666666666666,0.0,-2845.950002378598,-98.42711153884419,629.374,700.478,3.4356528209470008,0.00012865280481287947,-0.955759792635457,-2.6587479266284864,1.4390955522373474,2.977000000000004,0.0,-1.4814732737104044,final_approach,1.5557519929272061,0.1760792196406502,-5.111824180016139,
3.717,63.93899333,-22.60747248,775.278,703.506,0.4734,-2.2408,2.925,-0.0513,0.2615,-0.704,74.62,78.684,-5.302,132.7599,3.4169,0.0,0.0,0.0,-0.03,822.6,0.0,3.7,150.0,0,3.717,0.004179422954306011,0.09490674486955744,-0.03,-0.04781110427679569,0.6403792170545226,0.6666666666666666,0.0,-2841.5611240179,-98.31644789462327,628.778,700.006,3.4371168137023296,0.0023457317032902817,-0.955395983252484,-2.753225971336257,1.4543212240282628,2.905000000000001,0.0,-1.5110974715132022,final_approach,1.5658788476408496,0.16838372947431957,-5.112228639224288,
3.8,63.93902355,-22.60747071,774.848,703.009,0.4638,-2.2197,2.865,-0.1939,0.2275,-0.7333,74.47,78.539,-5.0419,132.5139,3.4344,0.0,0.0,0.0,-0.03,837.2,0.0,3.7,150.0,0,3.8,0.004094278159348985,0.09881953940037619,-0.03,-0.04690247676489617,0.6403673611647279,0.6666666666666666,0.0,-2838.1922667084195,-98.23090493795497,628.348,699.509,3.4383933226575767,0.004518047413880691,-0.9551105391208677,-2.8248828875625915,1.4646184759733671,2.844999999999999,0.0,-1.5380185118904315,final_approach,1.5735465380982347,0.16441498155252,-5.112586493581862,
3.908,63.93906276,-22.6074684,774.317,702.721,0.4343,-2.1998,2.7855,-0.3559,0.1394,-0.727,74.275,78.349,-4.7725,132.1936,3.4513,0.0,0.0,0.0,-0.03,854.9,0.0,3.7,150.0,0,3.908,0.00478015591205061,0.10286652666551863,-0.03,-0.04569127384497573,0.6403502993877106,0.6666666666666666,0.0,-2833.821224284531,-98.11925519304822,627.817,699.221,3.44020074583445,0.00655427280921143,-0.954733281297144,-2.917824503547458,1.4755339214824232,2.765500000000003,0.0,-1.5623400613145277,final_approach,1.583481868906901,0.16293570762614173,-5.113101461349519,
4.008,63.93909886,-22.60746625,773.85,702.21,0.3937,-2.1877,2.7145,-0.4584,0.0931,-0.6842,74.097,78.174,-4.5834,131.8978,3.4607,0.0,0.0,0.0,-0.03,870.1,0.0,3.7,150.0,0,4.008,0.006099212586089919,0.1057309654897437,-0.03,-0.0446027014491055,0.6403331014450262,0.6666666666666666,0.0,-2829.7968772532354,-98.01532342641944,627.35,698.71,3.441988972497776,0.008442271779885834,-0.954374375017141,-3.0035358593706807,1.4829668594931604,2.694500000000005,0.0,-1.5821273284677628,final_approach,1.592629157378564,0.1655231518791851,-5.113620515765266,
4.125,63.93913788,-22.60746393,773.362,701.853,0.3404,-2.1791,2.6441,-0.5218,0.0625,-0.6042,73.906,77.985,-4.4309,131.5787,3.4639,0.0,0.0,0.0,-0.03,885.0,0.0,3.7,150.0,0,4.125,0.008148882648032485,0.10809455827184214,-0.03,-0.043517065266756194,0.6403131963458885,0.6666666666666666,0.0,-2825.44701523882,-97.90317635094424,626.862,698.353,3.4440188684501774,0.009926816159023721,-0.9539877497576013,-3.1034386362407744,1.4880025953647191,2.6240999999999985,0.0,-1.5867047197414692,final_approach,1.6033315366065466,0.17407567257143697,-5.114221246344933,
4.225,63.93917381,-22.60746179,772.925,701.579,0.2867,-2.173,2.5879,-0.5388,0.0518,-0.5072,73.732,77.812,-4.3292,131.2863,3.4608,0.0,0.0,0.0,-0.03,897.6,0.0,3.7,150.0,0,4.225,0.010370083605518055,0.10973690375702043,-0.03,-0.04264601907122517,0.6402937729726917,0.6666666666666666,0.0,-2821.441619424081,-97.7997279061291,626.425,698.079,3.4459607364199143,0.011508793415414685,-0.9536294576934531,-3.1884567865559834,1.4900076957155477,2.5679000000000087,0.0,-1.600640654310433,final_approach,1.6124002894097949,0.18473652486760983,-5.114807408528829,
4.3,63.9392037,-22.60746,772.567,701.197,0.242,-2.1688,2.5491,-0.5206,0.0455,-0.4139,73.588,77.669,-4.2673,131.0445,3.454,0.0,0.0,0.0,-0.03,907.2,0.0,3.7,150.0,0,4.3,0.012321706603284965,0.11079540845440351,-0.03,-0.042042422053674644,0.6402769797472465,0.6666666666666666,0.0,-2818.1095490961566,-97.71319223361218,626.067,697.697,3.447610328050249,0.013256420358033368,-0.9533263669635241,-3.251985122111858,1.4898215762139841,2.5290999999999997,0.0,-1.6296733221003998,final_approach,1.6191300408859384,0.1951741796974087,-5.115314173714886,
4.408,63.93924247,-22.60745769,772.108,700.851,0.1885,-2.1642,2.5107,-0.4586,0.0383,-0.2828,73.403,77.484,-4.2117,130.7332,3.4403,0.0,0.0,0.0,-0.03,918.6,0.0,3.7,150.0,0,4.408,0.014926548525613592,0.11183401694000107,-0.03,-0.04144327644597806,0.6402544326917553,0.6666666666666666,0.0,-2813.7875564365363,-97.6015253672811,625.608,697.351,3.4497846385233877,0.01440243436184704,-0.9529383569801555,-3.3431953182261123,1.4874150132227442,2.490700000000004,0.0,-1.6372451076333492,final_approach,1.6288531728251634,0.2134803020399314,-5.1159945360081664,
4.517,63.93928115,-22.60745538,771.654,700.543,0.1427,-2.16,2.4868,-0.3717,0.038,-0.1492,73.22,77.302,-4.1787,130.4255,3.4224,0.0,0.0,0.0,-0.03,928.8,0.0,3.7,150.0,0,4.517,0.017420639918636405,0.11256540568443263,-0.03,-0.0410694909065949,0.6402311754139925,0.6666666666666666,0.0,-2809.475596684216,-97.48985499880459,625.154,697.043,3.4519814938194378,0.01536113459213564,-0.952548111094682,-3.4348761193458777,1.4831116504963973,2.4668000000000063,0.0,-1.6410318326274875,final_approach,1.6386253217153914,0.2347223507803342,-5.1166962875586535,
4.6,63.93931084,-22.60745362,771.306,700.216,0.1137,-2.1565,2.4781,-0.3044,0.0434,-0.0496,73.081,77.162,-4.1655,130.191,3.4064,0.0,0.0,0.0,-0.03,936.1,0.0,3.7,150.0,0,4.6,0.019199976108105588,0.1129593929885237,-0.03,-0.04093326045105622,0.6402129253615956,0.6666666666666666,0.0,-2806.165822217323,-97.40478135554328,624.806,696.716,3.45367447653122,0.01620050917172435,-0.9522544546922135,-3.504410081821807,1.4787812065508206,2.4581000000000017,0.0,-1.6440924655868692,final_approach,1.6460393306804733,0.2524458589476737,-5.11724692425425,
4.717,63.93935231,-22.60745116,770.821,699.837,0.0862,-2.1514,2.4795,-0.1604,0.0444,0.0797,72.888,76.969,-4.1602,129.8657,3.3822,0.0,0.0,0.0,-0.03,945.8,0.0,3.7,150.0,0,4.717,0.021302163363012494,0.11332441021493203,-0.03,-0.04095518856344621,0.6401868253493405,0.6666666666666666,0.0,-2801.542839798757,-97.28587049421634,624.321,696.337,3.45605105665666,0.016885866083900802,-0.9518429191425215,-3.602108504042377,1.4718642070449732,2.4594999999999914,0.0,-1.6445906641310293,final_approach,1.6564569152316757,0.2786042769680872,-5.11803436281463,
4.8,63.93937892,-22.60744958,770.509,699.688,0.0764,-2.1479,2.488,-0.0859,0.0488,0.1537,72.766,76.846,-4.1635,129.6586,3.3662,0.0,0.0,0.0,-0.03,951.7,0.0,3.7,150.0,0,4.8,0.02244004789742926,0.11345996718904802,-0.03,-0.04108827436775869,0.6401697895358807,0.6666666666666666,0.0,-2798.576416764063,-97.20949587091644,624.009,696.188,3.4575753334566253,0.017132351856996592,-0.951577790296463,-3.671123627109133,1.4671804688759664,2.4679999999999893,0.0,-1.6287078326711435,final_approach,1.6638488534843745,0.29682597765647856,-5.118548305236054,
4.908,63.93942023,-22.60744715,770.022,699.259,0.0748,-2.142,2.5113,0.0653,0.0508,0.2501,72.577,76.657,-4.1764,129.3397,3.3419,0.0,0.0,0.0,-0.03,960.3,0.0,3.7,150.0,0,4.908,0.02360109954333678,0.11355309812999739,-0.03,-0.041452651533811224,0.6401429867604984,0.6666666666666666,0.0,-2793.9712711366183,-97.09204859535423,623.522,695.759,3.4599327123787043,0.01791489031613756,-0.9511766205769107,-3.760634657073847,1.4600882635237724,2.4912999999999954,0.0,-1.6397343933374084,final_approach,1.6733603885995798,0.3218790847798836,-5.119356854692814,
5.008,63.93944967,-22.60744542,769.674,698.895,0.0837,-2.1377,2.5343,0.1608,0.0528,0.3038,72.444,76.524,-4.1903,129.1145,3.3258,0.0,0.0,0.0,-0.03,966.2,0.0,3.7,150.0,0,5.008,0.024164351033836184,0.1135434933215265,-0.03,-0.04181170882176355,0.6401235584363627,0.6666666666666666,0.0,-2790.6893663673527,-97.00843503588654,623.174,695.395,3.4616117576739405,0.01772748408884167,-0.9508911842870017,-3.843188326645634,1.4555288979051682,2.5142999999999915,0.0,-1.6115767212158223,final_approach,1.6822424063058072,0.34215942282507505,-5.119942906554147,
5.125,63.93949374,-22.60744284,769.148,698.609,0.1137,-2.1309,2.5758,0.3526,0.0563,0.3596,72.247,76.325,-4.2164,128.7801,3.3048,0.0,0.0,0.0,-0.03,965.7,0.0,3.7,150.0,0,5.125,0.024135326868074958,0.11343677617430609,-0.03,-0.04245797831575465,0.6400942056784413,0.6666666666666666,0.0,-2785.776542376097,-96.88374610026614,622.648,695.109,3.4641036467819846,0.01832260299147646,-0.9504679695930913,-3.939404644614108,1.4500217070718975,2.555800000000005,0.0,-1.6181388996289936,final_approach,1.6924751653805323,0.3659064434596413,-5.12082827099476,
5.2,63.93952306,-22.60744113,768.796,698.278,0.1473,-2.126,2.6067,0.4561,0.0603,0.3805,72.116,76.194,-4.2366,128.5585,3.2936,0.0,0.0,0.0,-0.03,961.4,0.0,3.7,150.0,0,5.2,0.023512489171018003,0.11331417188793635,-0.03,-0.04293782985531991,0.640074418507388,0.6666666666666666,0.0,-2782.5080151578136,-96.8011077457471,622.296,694.778,3.4657544506574105,0.018937288882732446,-0.9501891272277176,-4.000820317544652,1.4475661955394798,2.5867000000000075,0.0,-1.6298232420869638,final_approach,1.6989949459357376,0.37944684751795776,-5.121425071424728,
5.317,63.93956401,-22.60743874,768.3,697.96,0.2055,-2.1185,2.6517,0.5381,0.068,0.3884,71.934,76.011,-4.2674,128.2498,3.2827,0.0,0.0,0.0,-0.03,955.3,0.0,3.7,150.0,0,5.317,0.02215235235601415,0.11308791084169598,-0.03,-0.043634560901097186,0.6400465547174676,1.0,0.0,-2777.9430018404796,-96.68560621072956,621.8,694.46,3.468041473778086,0.019038941762213685,-0.9497983312108893,-4.096343523057902,1.446230716683715,2.631699999999995,0.0,-1.6230716342204738,final_approach,1.7091908008586074,0.39684258123313754,-5.122265418535182,
5.4,63.93959029,-22.6074372,767.979,697.683,0.2471,-2.1133,2.6807,0.5688,0.0712,0.3832,71.818,75.894,-4.2875,128.0522,3.2789,0.0,0.0,0.0,-0.03,951.3,0.0,3.7,150.0,0,5.4,0.021070511941597037,0.11292524426515882,-0.03,-0.04408224290453461,0.6400285394193292,1.0,0.0,-2775.013366814256,-96.6111784953559,621.479,694.183,3.469497735660475,0.018790005449211774,-0.9495442282410558,-4.16382247692145,1.4467931379991228,2.6606999999999914,0.0,-1.6025733366955013,final_approach,1.7164214091787606,0.4069015336171091,-5.1228087115087035,
5.508,63.93963109,-22.60743482,767.478,697.291,0.3131,-2.1056,2.7243,0.5567,0.0548,0.3597,71.635,75.709,-4.2967,127.7412,3.2779,0.0,0.0,0.0,-0.03,945.2,0.0,3.7,150.0,0,5.508,0.019081563126028156,0.1129532684823123,-0.03,-0.044753335454961685,0.6400002673803936,1.0,0.0,-2770.465075178525,-96.49616106092873,620.978,693.791,3.471749263818033,0.01913291836440235,-0.9491544601415396,-4.251341397699818,1.4499144065293024,2.7042999999999893,0.0,-1.6109252555817632,final_approach,1.7257199914850396,0.4162197197019193,-5.123661268954674,
5.617,63.93966888,-22.6074326,767.013,696.838,0.3717,-2.1011,2.7617,0.5149,0.0242,0.3263,71.461,75.535,-4.2829,127.4472,3.2821,0.0,0.0,0.0,-0.03,939.4,0.0,3.7,150.0,0,5.617,0.017226435307135746,0.11326759991817159,-0.03,-0.045327087123883225,0.6399736208880499,1.0,0.0,-2766.252331262192,-96.38886549552953,620.513,693.338,3.4738351744076383,0.019133564370343192,-0.9487853896830875,-4.339312464763632,1.4551906901450593,2.7417000000000087,0.0,-1.6095984391860956,final_approach,1.7350954630074185,0.4224029968107441,-5.124464749923931,
5.725,63.93970369,-22.60743056,766.586,696.575,0.4216,-2.1,2.7927,0.4699,-0.0069,0.289,71.298,75.372,-4.2572,127.1713,3.2899,0.0,0.0,0.0,-0.03,934.1,0.0,3.7,150.0,0,5.725,0.015587995683133349,0.11372176986200483,-0.03,-0.04580130483497258,0.6399485262340492,1.0,0.0,-2762.3717911048657,-96.29027284153801,620.086,693.075,3.475769031322741,0.018928984066493744,-0.9484473322870541,-4.426123251777484,1.4619015877736956,2.772699999999986,0.0,-1.600476695556381,final_approach,1.7443806161544408,0.42628597893243025,-5.125221386940485,
5.8,63.93973263,-22.60742884,766.232,696.324,0.4589,-2.1015,2.8155,0.4127,-0.0341,0.2543,71.16,75.234,-4.2294,126.938,3.2988,0.0,0.0,0.0,-0.03,929.6,0.0,3.7,150.0,0,5.8,0.014224836039338773,0.114178308631282,-0.03,-0.04614929537611234,0.6399272546196801,1.0,0.0,-2759.145624875755,-96.20712976285911,619.732,692.824,3.4773860225628304,0.019367467255610123,-0.9481543493297838,-4.486169519847774,1.4686384377912702,2.795500000000004,0.0,-1.6222515414148977,final_approach,1.7507253357162078,0.42569449635189294,-5.1258627156558525,
5.925,63.93977307,-22.60742644,765.741,695.778,0.5023,-2.1075,2.8425,0.3257,-0.0695,0.2037,70.965,75.038,-4.1848,126.6063,3.3145,0.0,0.0,0.0,-0.03,923.3,0.0,3.7,150.0,0,5.925,0.012647153469069583,0.11488012760934257,-0.03,-0.04656051798592997,0.6398967365431832,1.0,0.0,-2754.637464524012,-96.09111844520149,619.241,692.278,3.4796717585769272,0.0191872040651376,-0.9477460801704524,-4.5859454068697145,1.479637012595731,2.822499999999991,0.0,-1.6165923103771747,final_approach,1.7613697995152826,0.42516036063964613,-5.126782758824529,
6.008,63.93980477,-22.60742455,765.359,695.577,0.5298,-2.1147,2.8595,0.263,-0.0917,0.1649,70.808,74.881,-4.1476,126.3416,3.3287,0.0,0.0,0.0,-0.03,918.4,0.0,3.7,150.0,0,6.008,0.011506426445063889,0.11544934837473542,-0.03,-0.046818948099459856,0.6398721617642125,1.0,0.0,-2751.1036195890492,-95.99975383181466,618.859,692.077,3.4814843182604323,0.019629014800275346,-0.9474214007052534,-4.651893600835911,1.4892127198855576,2.839499999999987,0.0,-1.6415899426210856,final_approach,1.768333199852158,0.4212199671599812,-5.127523573586288,
6.108,63.93983927,-22.60742247,764.946,695.204,0.5527,-2.1249,2.8741,0.1882,-0.1141,0.1249,70.635,74.708,-4.1066,126.0487,3.3456,0.0,0.0,0.0,-0.03,912.9,0.0,3.7,150.0,0,6.108,0.010522856112538947,0.11606298117636166,-0.03,-0.04704059143977607,0.6398447613494713,1.0,0.0,-2747.2576365370737,-95.899189365579,618.446,691.704,3.483477074369559,0.0196787725154409,-0.9470564381340264,-4.731092932646527,1.5003946177323826,2.8540999999999883,0.0,-1.6496272205646254,final_approach,1.7767277443108043,0.4170154784289224,-5.128349512385881,
6.217,63.93987656,-22.60742021,764.504,694.884,0.5694,-2.1381,2.8857,0.1144,-0.1319,0.0866,70.446,74.518,-4.0632,125.7269,3.3648,0.0,0.0,0.0,-0.03,907.0,0.0,3.7,150.0,0,6.217,0.009722697632462085,0.11669814149690033,-0.03,-0.047216491551921924,0.6398142675378313,1.0,0.0,-2743.1006303057934,-95.78991459486646,618.004,691.384,3.4856612993334997,0.01973877061904563,-0.9466557084119761,-4.81708876720815,1.513027781721945,2.865700000000004,0.0,-1.6572924690704327,final_approach,1.7858360878728483,0.41169850078388137,-5.12926862736645,
6.325,63.9399109,-22.60741811,764.099,694.563,0.5784,-2.1516,2.893,0.0575,-0.1408,0.0573,70.268,74.34,-4.0251,125.4256,3.3827,0.0,0.0,0.0,-0.03,901.6,0.0,3.7,150.0,0,6.325,0.009241316241778708,0.11724300415218325,-0.03,-0.04732709620669645,0.6397855218393623,1.0,0.0,-2739.2724831898377,-95.68836402811931,617.599,691.063,3.487689377803108,0.019578726240575488,-0.946277070415002,-4.901945171251022,1.524879692348577,2.8729999999999905,0.0,-1.6564611671684037,final_approach,1.7948448671060468,0.4074097438710478,-5.130134985883114,
6.4,63.93993945,-22.60741635,763.765,694.289,0.5814,-2.1636,2.897,0.01,-0.147,0.0375,70.119,74.19,-3.9962,125.172,3.3975,0.0,0.0,0.0,-0.03,897.0,0.0,3.7,150.0,0,6.4,0.008924169170815177,0.11764703592387907,-0.03,-0.04738767158821283,0.6397610296480581,1.0,0.0,-2736.089792205108,-95.60324602435243,617.265,690.789,3.4893946336413024,0.02010506261868951,-0.9459550697877022,-4.960636938556972,1.5347776490644378,2.8770000000000095,0.0,-1.6864798489409738,final_approach,1.8009969363445109,0.40175912472535735,-5.130873098222068,
6.517,63.93997647,-22.60741406,763.333,693.973,0.5799,-2.1789,2.9,-0.0403,-0.1309,0.018,69.925,73.995,-3.9817,124.8427,3.4162,0.0,0.0,0.0,-0.03,891.0,0.0,3.7,150.0,0,6.517,0.008821086542064205,0.1178454215074497,-0.03,-0.0474330892107408,0.6397286656336115,1.0,0.0,-2731.9628841802883,-95.49249093522972,616.833,690.473,3.4916171751610174,0.019920232409755524,-0.9455332022903046,-5.051917839164565,1.5474525572495565,2.8799999999999955,0.0,-1.6839016497754018,final_approach,1.810667290379886,0.3972267246544874,-5.131848369021327,
6.625,63.9400134,-22.60741175,762.901,693.588,0.5737,-2.1913,2.9013,-0.0759,-0.0955,0.006,69.733,73.801,-3.9909,124.5152,3.4339,0.0,0.0,0.0,-0.03,885.1,0.0,3.7,150.0,0,6.625,0.008867458370464265,0.11770305806136377,-0.03,-0.0474527664740641,0.6396958813299324,1.0,0.0,-2727.846008719936,-95.38075246948615,616.401,690.088,3.4938343048641456,0.02002169013024096,-0.945099350595794,-5.135801664807918,1.5597117204081314,2.88130000000001,0.0,-1.6924358432301578,final_approach,1.8194929143108673,0.3920471188846193,-5.132836221643512,
6.717,63.94004457,-22.60740979,762.534,693.286,0.5657,-2.1986,2.9016,-0.1002,-0.0616,0.0012,69.572,73.638,-4.0117,124.2396,3.448,0.0,0.0,0.0,-0.03,880.0,0.0,3.7,150.0,0,6.717,0.009032842094002902,0.11738666576293649,-0.03,-0.04745730706258977,0.6396679556843357,1.0,0.0,-2724.3712452593973,-95.28593767125548,616.034,689.786,3.4956967727518204,0.020058777803597293,-0.9447276872152884,-5.206966820259646,1.569711740396457,2.8815999999999917,0.0,-1.6976689483910545,final_approach,1.8269750802832334,0.38824880220690083,-5.133677607641971,
6.817,63.94008133,-22.60740747,762.098,693.055,0.5536,-2.2033,2.9017,-0.1236,-0.0222,0.0014,69.382,73.447,-4.0468,123.9155,3.4634,0.0,0.0,0.0,-0.03,874.1,0.0,3.7,150.0,0,6.817,0.009315748479473085,0.11684201957172863,-0.03,-0.047458820565561444,0.6396347622456142,1.0,0.0,-2720.273320673561,-95.17370265302395,615.598,689.555,3.4978806245933565,0.020355401238891093,-0.9442846662969517,-5.28403873082181,1.5809825618162563,2.881699999999995,0.0,-1.716062680355501,final_approach,1.835024774278697,0.383389496946295,-5.13467763055565,
6.9,63.94010953,-22.60740567,761.759,692.759,0.5427,-2.204,2.902,-0.1355,0.0094,0.0055,69.237,73.3,-4.0789,123.6673,3.4743,0.0,0.0,0.0,-0.03,869.6,0.0,3.7,150.0,0,6.9,0.009649384383041137,0.11633109879282344,-0.03,-0.04746336099486076,0.6396093059927893,1.0,0.0,-2717.12964586251,-95.08661128067847,615.259,689.259,3.499534201108004,0.02028326913411145,-0.9439345395911212,-5.347766123785933,1.589240116211215,2.882000000000005,0.0,-1.7188740686693054,final_approach,1.8417013501752884,0.3810044500361851,-5.13544449609963,
7.008,63.9401433,-22.60740351,761.349,692.335,0.5287,-2.2014,2.9029,-0.1448,0.0445,0.0143,69.064,73.124,-4.1207,123.3706,3.4864,0.0,0.0,0.0,-0.03,864.3,0.0,3.7,150.0,0,7.008,0.01015395228475685,0.11564571997908957,-0.03,-0.047476981566131615,0.6395787454270323,1.0,0.0,-2713.3650394611177,-94.98209891007758,614.849,688.835,3.501495888594442,0.019930019782188037,-0.9435125801976918,-5.430413524401653,1.5987232281798356,2.8829000000000065,0.0,-1.7082356853222662,final_approach,1.8504013742110885,0.37982308589815794,-5.136365061552553,
7.108,63.9401798,-22.60740116,760.901,691.991,0.5127,-2.195,2.9051,-0.1497,0.0754,0.0276,68.877,72.935,-4.1675,123.0506,3.4981,0.0,0.0,0.0,-0.03,858.6,0.0,3.7,150.0,0,7.108,0.010687552299713854,0.11484723435391578,-0.03,-0.047510271769158674,0.6395456260639039,1.0,0.0,-2709.296098314265,-94.86838396256317,614.401,688.491,3.5035939644768517,0.020105142955839785,-0.9430483984053737,-5.5066169858275185,1.6083740212308442,2.8850999999999942,0.0,-1.7229415321111496,final_approach,1.8583243715436701,0.3772165238741927,-5.137362622638339,
7.217,63.9402162,-22.6073988,760.447,691.626,0.4965,-2.1854,2.9088,-0.1478,0.1025,0.0435,68.69,72.746,-4.2142,122.7321,3.5084,0.0,0.0,0.0,-0.03,853.1,0.0,3.7,150.0,0,7.217,0.0113156251860973,0.11401249888165571,-0.03,-0.04756624533947362,0.6395127236453798,1.0,0.0,-2705.2383046703776,-94.75417518662549,613.947,688.126,3.5056506840260977,0.019899116911588233,-0.9425768249474746,-5.589350484698286,1.6174020008955097,2.8888000000000034,0.0,-1.7222737864897004,final_approach,1.8669678390664828,0.3766364440570733,-5.138353564742502,
7.317,63.94024971,-22.60739662,760.023,691.38,0.4817,-2.1744,2.9139,-0.1445,0.1197,0.0596,68.519,72.573,-4.2562,122.4394,3.5169,0.0,0.0,0.0,-0.03,848.0,0.0,3.7,150.0,0,7.317,0.011918768066826568,0.11322558799976712,-0.03,-0.04764336826208143,0.6394825347269542,1.0,0.0,-2701.5026818789893,-94.64867282406657,613.523,687.88,3.507514461445041,0.019688893124562127,-0.9421385090367783,-5.664933167319637,1.6252885091840596,2.893900000000002,0.0,-1.7211579877179015,final_approach,1.8748537843625819,0.3766355947189126,-5.139262708595499,
7.4,63.94027758,-22.6073948,759.667,691.082,0.47,-2.1638,2.9194,-0.1328,0.1365,0.0732,68.377,72.429,-4.2901,122.1963,3.5233,0.0,0.0,0.0,-0.03,843.9,0.0,3.7,150.0,0,7.4,0.012417279242487311,0.11256138989424042,-0.03,-0.0477265012336307,0.6394574150149803,1.0,0.0,-2698.3957940502855,-94.56058873604623,613.167,687.582,3.5090488294341475,0.01948847115622479,-0.9417701597000273,-5.727427108811821,1.631558241470259,2.899400000000014,0.0,-1.7202202955157373,final_approach,1.881365886606698,0.3770012371784226,-5.140019138480792,
7.508,63.94031373,-22.60739242,759.2,690.704,0.4564,-2.1481,2.9282,-0.1159,0.1541,0.0906,68.193,72.243,-4.3321,121.8816,3.5307,0.0,0.0,0.0,-0.03,838.6,0.0,3.7,150.0,0,7.508,0.013033067917235741,0.11169491948802321,-0.03,-0.047859430077056064,0.6394248942515337,1.0,0.0,-2694.365869248924,-94.44539035727782,612.7,687.204,3.511013786163442,0.0192727332618147,-0.94128236562083,-5.808466866707148,1.6392960003032613,2.9081999999999937,0.0,-1.7187187871691871,final_approach,1.8897966675279534,0.3780467371249987,-5.140998363334884,
7.608,63.94034701,-22.60739023,758.765,690.27,0.4455,-2.1321,2.938,-0.0993,0.1664,0.1054,68.024,72.072,-4.3685,121.5922,3.5368,0.0,0.0,0.0,-0.03,833.8,0.0,3.7,150.0,0,7.608,0.013563891927734384,0.11089708250283033,-0.03,-0.0480073426649365,0.6393950174719305,1.0,0.0,-2690.6558859361267,-94.33938910746757,612.265,686.77,3.512798291549834,0.019034786695499052,-0.9408332052150413,-5.883188631006295,1.646115024567905,2.9180000000000064,0.0,-1.7161079883356225,final_approach,1.897570310277505,0.37948687872479425,-5.141897903363006,
7.708,63.94038022,-22.60738803,758.327,689.911,0.4364,-2.115,2.9491,-0.0811,0.1771,0.1184,67.855,71.901,-4.4025,121.3037,3.5424,0.0,0.0,0.0,-0.03,829.1,0.0,3.7,150.0,0,7.708,0.014041162550758435,0.11010205936363918,-0.03,-0.048174720879238964,0.6393651860437786,1.0,0.0,-2686.953705824653,-94.23289519644156,611.827,686.411,3.514560951385421,0.01880008863889399,-0.9403772706884407,-5.957615729305118,1.652718167717353,2.9291000000000054,0.0,-1.7137345348505624,final_approach,1.905301531551629,0.3811886944257328,-5.142796008723526,
7.817,63.9404161,-22.60738564,757.848,689.623,0.4285,-2.0953,2.9625,-0.0615,0.1866,0.1297,67.673,71.717,-4.4365,120.992,3.548,0.0,0.0,0.0,-0.03,824.0,0.0,3.7,150.0,0,7.817,0.01450084290003073,0.10924793275569697,-0.03,-0.04837656044429933,0.639333086224514,1.0,0.0,-2682.953879571793,-94.11719637408677,611.348,686.123,3.516436957699527,0.018535251716059815,-0.9398775980600305,-6.038416383677186,1.659674578308227,2.9424999999999955,0.0,-1.7097336471952587,final_approach,1.9136879905163617,0.38334604934778405,-5.143762329079962,
7.925,63.94044914,-22.60738343,757.403,689.239,0.423,-2.0765,2.9759,-0.0465,0.1903,0.1377,67.505,71.547,-4.4656,120.7051,3.5529,0.0,0.0,0.0,-0.03,819.5,0.0,3.7,150.0,0,7.925,0.01490005753017376,0.10845930307760573,-0.03,-0.048578157876891515,0.6393035224309194,1.0,0.0,-2679.270650334836,-94.01020591057278,610.903,685.739,3.518146364073108,0.018084015895452582,-0.9394123680954789,-6.11813462045026,1.665988547009448,2.955900000000014,0.0,-1.6957174570462006,final_approach,1.9219975664325197,0.38635657685550306,-5.144652235134689,
8.0,63.94047661,-22.60738159,757.031,688.948,0.4196,-2.0605,2.9876,-0.0311,0.1969,0.1421,67.365,71.406,-4.4885,120.4666,3.557,0.0,0.0,0.0,-0.03,815.7,0.0,3.7,150.0,0,8.0,0.015113331597996327,0.10779662562170181,-0.03,-0.04875398085036797,0.639278862128227,1.0,0.0,-2676.2083528592398,-93.92112638281316,610.531,685.448,3.5195591429082964,0.018209521768851662,-0.9390238543484829,-6.17326607297527,1.671272864841825,2.9676000000000045,0.0,-1.711258294284425,final_approach,1.9276568124509446,0.38692218193925143,-5.145394488265708,
8.108,63.94051225,-22.60737919,756.543,688.554,0.4172,-2.0386,3.0031,-0.0137,0.2062,0.1447,67.184,71.223,-4.5165,120.1573,3.5621,0.0,0.0,0.0,-0.03,810.8,0.0,3.7,150.0,0,8.108,0.015366989332105674,0.1069284944288717,-0.03,-0.04898662251388697,0.6392470329508629,1.0,0.0,-2672.2352808524493,-93.80492828407975,610.043,685.054,3.5213654951294564,0.0179621820622529,-0.938512919768506,-6.252401710447558,1.6780536261545933,2.9831000000000074,0.0,-1.7080462607972857,final_approach,1.935840433780207,0.38903848471717595,-5.146352448376234,
8.208,63.94054506,-22.60737698,756.09,688.108,0.4164,-2.0177,3.0176,-0.0015,0.2131,0.1445,67.017,71.054,-4.5405,119.8725,3.567,0.0,0.0,0.0,-0.03,806.4,0.0,3.7,150.0,0,8.208,0.015539543112291276,0.1061191326072225,-0.03,-0.049203958679929605,0.6392177458103623,1.0,0.0,-2668.5776912651036,-93.69792887081339,609.59,684.608,3.5230109957825375,0.017710986140345945,-0.9380416480013455,-6.325364536212867,1.684425586576026,2.9976000000000056,0.0,-1.7045875098157164,final_approach,1.943384832386215,0.39080717127697007,-5.147233831595269,
8.317,63.94058052,-22.60737457,755.597,687.797,0.4167,-1.9943,3.0332,0.0083,0.2201,0.1416,66.837,70.872,-4.5649,119.5648,3.5724,0.0,0.0,0.0,-0.03,801.6,0.0,3.7,150.0,0,8.317,0.015676673630298343,0.10522884892479929,-0.03,-0.04943746127519549,0.639186054404531,1.0,0.0,-2664.6246849003073,-93.58123383046475,609.097,684.297,3.524774189321905,0.01745516970314395,-0.9375210823253377,-6.404572176371422,1.691394718614248,3.013200000000012,0.0,-1.699750113176917,final_approach,1.9515625880789464,0.39263043565943434,-5.1481874951712,
8.425,63.94061317,-22.60737235,755.14,687.373,0.4178,-1.9722,3.0471,0.0132,0.2224,0.1371,66.671,70.704,-4.5858,119.2814,3.5776,0.0,0.0,0.0,-0.03,797.3,0.0,3.7,150.0,0,8.425,0.01579418188087539,0.104394519772833,-0.03,-0.04964523659335751,0.6391568396180526,1.0,0.0,-2660.9849314200005,-93.47373825366363,608.64,683.873,3.5263840214923308,0.017030283657597803,-0.9370406509997544,-6.482716106844459,1.6979539178934715,3.02709999999999,0.0,-1.6849580153460155,final_approach,1.9596730231601533,0.394970531394673,-5.149066562909859,
8.508,63.94063218,-22.60737105,754.872,687.157,0.4186,-1.9592,3.055,0.0154,0.2257,0.1335,66.574,70.606,-4.5975,119.1164,3.5807,0.0,0.0,0.0,-0.03,794.8,0.0,3.7,150.0,0,8.508,0.015946349480190525,0.10389737101972991,-0.03,-0.04976320613251867,0.6391398770549935,1.0,0.0,-2658.8657363872453,-93.41078613771224,608.372,683.657,3.527312021712284,0.0160553573049328,-0.9367569915729669,-6.542531422582745,1.70182197366006,3.0349999999999966,0.0,-1.63802316838686,final_approach,1.9659902771034297,0.39866520192256516,-5.149576933076641,
8.617,63.94067824,-22.6073679,754.219,686.587,0.4211,-1.9265,3.0733,0.0196,0.2335,0.123,66.34,70.37,-4.6243,118.7166,3.5885,0.0,0.0,0.0,-0.03,788.8,0.0,3.7,150.0,0,8.617,0.01583929663887579,0.10266540952139716,-0.03,-0.05003614608622764,0.6390987013102666,1.0,0.0,-2653.7310639387706,-93.25824821315788,607.719,683.087,3.529544765147348,0.01679344520833686,-0.9360687389516944,-6.620791717626431,1.7113780758127177,3.0533000000000072,0.0,-1.6842746067903822,final_approach,1.9738416330582602,0.39609355838539706,-5.150815737562461,
8.733,63.94071066,-22.60736566,753.756,686.23,0.423,-1.9029,3.0852,0.0162,0.2408,0.1144,66.175,70.203,-4.6421,118.435,3.5942,0.0,0.0,0.0,-0.03,784.6,0.0,3.7,150.0,0,8.733,0.015927286839091614,0.1017655012920789,-0.03,-0.05021338255545893,0.6390696912191077,1.0,0.0,-2650.116949766034,-93.14976381195461,607.256,682.73,3.5311013078968694,0.016230949670052584,-0.9355723286372718,-6.703717713106865,1.7182471953909157,3.0652000000000044,0.0,-1.6604690782733935,final_approach,1.9824637995989072,0.39873806428931147,-5.1516884500264695,
8.808,63.94073762,-22.6073638,753.369,685.915,0.4241,-1.8827,3.0945,0.0117,0.2461,0.107,66.038,70.065,-4.6562,118.2009,3.599,0.0,0.0,0.0,-0.03,781.2,0.0,3.7,150.0,0,8.808,0.015910627987062498,0.10099753092397823,-0.03,-0.05035175800298991,0.6390455385034388,1.0,0.0,-2647.1115050850094,-93.05968456423001,606.869,682.415,3.5323870894124667,0.016383083648593467,-0.9351603960002223,-6.757095448524114,1.724012283750426,3.0745000000000005,0.0,-1.6755779499455115,final_approach,1.9878928808129324,0.39823119255613015,-5.152414988061434,
8.908,63.94076452,-22.60736193,752.98,685.592,0.4249,-1.8619,3.1031,0.0065,0.2543,0.0994,65.901,69.926,-4.6696,117.9671,3.6039,0.0,0.0,0.0,-0.03,777.7,0.0,3.7,150.0,0,8.908,0.01601326961877436,0.1002112769666909,-0.03,-0.05047961079875235,0.6390215359380603,1.0,0.0,-2644.1127488370385,-92.96911304424313,606.48,682.092,3.5336559503527365,0.01576733794094421,-0.9347419831222963,-6.828045995341263,1.7298442945921124,3.0831000000000017,0.0,-1.647798136314102,final_approach,1.9952770578965264,0.4005726515716379,-5.153136964713454,
9.0,63.94079405,-22.60735988,752.552,685.276,0.4252,-1.8383,3.1119,-0.0004,0.2602,0.0912,65.75,69.774,-4.6835,117.7104,3.6093,0.0,0.0,0.0,-0.03,774.0,0.0,3.7,150.0,0,9.0,0.016058478537800847,0.09932377257242671,-0.03,-0.050610329960728284,0.6389950464341015,1.0,0.0,-2640.8208056886137,-92.86982499374322,606.052,681.776,3.5350461635754025,0.015657950499094745,-0.9342835488353411,-6.893060740781735,1.7362839284947142,3.0919000000000096,0.0,-1.6472077919060961,final_approach,2.0019452005152587,0.40091735792548633,-5.153933694631171,
9.125,63.94083957,-22.6073567,751.887,684.664,0.4244,-1.8009,3.124,-0.0117,0.2677,0.0795,65.518,69.54,-4.7031,117.3145,3.6174,0.0,0.0,0.0,-0.03,768.2,0.0,3.7,150.0,0,9.125,0.016091729562887347,0.09791498474226537,-0.03,-0.05078989174459275,0.6389542964202768,1.0,0.0,-2635.74633016533,-92.7157962445175,605.387,681.164,3.5371645835358003,0.015872852029776095,-0.933565996094576,-6.981035403873633,1.7461593581706154,3.1040000000000134,0.0,-1.6661889017328142,final_approach,2.010840769856884,0.39943923191430386,-5.155159234739358,
9.2,63.9408636,-22.60735501,751.534,684.368,0.4233,-1.7808,3.1298,-0.0191,0.2722,0.0739,65.396,69.416,-4.7128,117.1053,3.6217,0.0,0.0,0.0,-0.03,765.2,0.0,3.7,150.0,0,9.2,0.0161699082131605,0.09714675495296665,-0.03,-0.050875889836000165,0.6389327613148487,1.0,0.0,-2633.067515235695,-92.63393191616366,605.034,680.868,3.538274445570556,0.01569373676871478,-0.9331811180068702,-7.0335713992144635,1.7514143091471226,3.109800000000007,0.0,-1.6625959712722567,final_approach,2.0162093648989767,0.3996106651112381,-5.155806842456585,
9.325,63.9409009,-22.60735238,750.984,683.99,0.4204,-1.7483,3.138,-0.0308,0.2853,0.066,65.205,69.224,-4.727,116.7804,3.628,0.0,0.0,0.0,-0.03,760.5,0.0,3.7,150.0,0,9.325,0.016379471973769932,0.09590681606414146,-0.03,-0.05099739262631048,0.6388992399881693,1.0,0.0,-2628.9093879091824,-92.50652985495073,604.484,680.49,3.5399890953013124,0.01536431361493768,-0.9325796540660938,-7.120837308475998,1.7594274711358082,3.117999999999995,0.0,-1.6503599738838715,final_approach,2.0251755620806087,0.4010483245389924,-5.1568148307774635,
9.417,63.94093014,-22.60735031,750.55,683.508,0.4172,-1.722,3.1438,-0.0391,0.2913,0.061,65.056,69.073,-4.737,116.5256,3.6327,0.0,0.0,0.0,-0.03,756.8,0.0,3.7,150.0,0,9.417,0.01655181362576935,0.09491136549393692,-0.03,-0.05108327644118171,0.6388730117768853,1.0,0.0,-2625.6497726731945,-92.40625064528506,604.05,680.008,3.54131993117861,0.015214529239436154,-0.9321034381106899,-7.184753590369523,1.7656246905601165,3.1237999999999886,0.0,-1.6475604505663655,final_approach,2.0316956463398945,0.40153536666473677,-5.157603454169816,
9.5,63.94095666,-22.60734843,750.155,683.158,0.4137,-1.6974,3.1487,-0.0452,0.2993,0.0571,64.921,68.936,-4.7454,116.2943,3.6367,0.0,0.0,0.0,-0.03,753.5,0.0,3.7,150.0,0,9.5,0.01673211534080976,0.09398441531604204,-0.03,-0.051155796479396054,0.6388491739182527,1.0,0.0,-2622.693377415188,-92.31517440113801,603.655,679.658,3.54252145802645,0.015091478879931787,-0.9316697835860805,-7.242204364140479,1.7711426418135545,3.128700000000009,0.0,-1.645646411796357,final_approach,2.0375484766478777,0.40204053148003993,-5.158320158963949,
9.625,63.94099634,-22.6073456,749.562,682.705,0.4076,-1.6593,3.1556,-0.0535,0.311,0.0528,64.717,68.731,-4.7566,115.9479,3.6421,0.0,0.0,0.0,-0.03,748.5,0.0,3.7,150.0,0,9.625,0.01704850932451374,0.09254231134675786,-0.03,-0.0512578590296478,0.6388133712787784,1.0,0.0,-2618.2699320307474,-92.17806620658133,603.062,679.205,3.544312020219833,0.01496364865778734,-0.9310116377838917,-7.328404967346213,1.779156055856447,3.135600000000011,0.0,-1.6444058289057846,final_approach,2.0463197574137375,0.40318376995375615,-5.159396512334389,
9.708,63.94102273,-22.60734371,749.165,682.367,0.4029,-1.6333,3.1599,-0.0586,0.3159,0.0509,64.582,68.595,-4.7629,115.7173,3.6454,0.0,0.0,0.0,-0.03,745.2,0.0,3.7,150.0,0,9.708,0.01728650737543347,0.09156207105905367,-0.03,-0.05132142917116472,0.6387896254975459,1.0,0.0,-2615.328028577348,-92.08649496662946,602.665,678.867,3.5454904911830973,0.014836114771578377,-0.9305694696057506,-7.385366979580499,1.7843713580051883,3.1399000000000115,0.0,-1.642778573923117,final_approach,2.0521059610600787,0.40404496954601576,-5.160110339568192,
9.825,63.94106222,-22.60734088,748.57,681.93,0.3953,-1.593,3.1662,-0.0628,0.3292,0.0492,64.38,68.39,-4.7713,115.3719,3.6496,0.0,0.0,0.0,-0.03,740.2,0.0,3.7,150.0,0,9.825,0.017648405424976088,0.09004338398110867,-0.03,-0.05141451953192444,0.6387538444592163,1.0,0.0,-2610.9257637734004,-91.94937937865517,602.07,678.43,3.547252864363255,0.014873932081953091,-0.9299060575228792,-7.465363057090311,1.7918534053948747,3.1461999999999932,0.0,-1.6503892241569904,final_approach,2.0601760746839304,0.4049320595546728,-5.161185879239177,
9.933,63.94109373,-22.60733861,748.093,681.495,0.3888,-1.5597,3.1711,-0.0653,0.3392,0.0489,64.218,68.227,-4.7766,115.0959,3.6525,0.0,0.0,0.0,-0.03,736.3,0.0,3.7,150.0,0,9.933,0.018027415200619346,0.08878938192165758,-0.03,-0.05148688423698833,0.6387252547337252,1.0,0.0,-2607.4130929201556,-91.83938975507223,601.593,677.995,3.5486497101097214,0.014550569553581838,-0.9293700779964676,-7.538859718508405,1.7976375189430485,3.151100000000014,0.0,-1.6367174765063475,final_approach,2.0676856013667653,0.4075348077966545,-5.162045184828653,
10.008,63.94111731,-22.60733691,747.734,681.222,0.3838,-1.5341,3.1748,-0.0663,0.3462,0.0491,64.096,68.104,-4.7799,114.8891,3.6543,0.0,0.0,0.0,-0.03,733.3,0.0,3.7,150.0,0,10.008,0.01829849431894648,0.0878201475127391,-0.03,-0.051541504387494164,0.6387039308154798,1.0,0.0,-2604.7844423512447,-91.75701797884193,601.234,677.722,3.549685146070136,0.014426443428906612,-0.9289679151154411,-7.589685162845792,1.8018038222341204,3.1547999999999945,0.0,-1.6358037665209233,final_approach,2.0728372971690163,0.4090212414069274,-5.162686065059344,
10.133,63.94115651,-22.60733408,747.137,680.641,0.3158,-1.4902,3.1808,-1.1159,0.3497,0.0484,63.901,67.908,-4.7839,114.5567,3.6561,0.0,0.0,0.0,-0.03,871.1,0.0,3.7,150.0,0,10.133,0.021118645364622823,0.08622746885037495,-0.03,-0.05163003624703533,0.6386681721201062,1.0,0.0,-2600.414505801775,-91.61989110617752,600.637,677.141,3.5514094449169042,0.014321101319779588,-0.9282965976635618,-7.674098549375214,1.8079857849714358,3.1607999999999947,0.0,-1.6289125150190213,final_approach,2.0813884145679182,0.4125950079797107,-5.163760697051671,
10.208,63.94118259,-22.60733219,746.739,680.399,0.2065,-1.4618,3.1848,-1.4911,0.3315,0.0468,63.781,67.787,-4.7853,114.3528,3.6537,0.0,0.0,0.0,-0.03,976.0,0.0,3.7,150.0,0,10.208,0.025573083240869543,0.0852263305155837,-0.03,-0.05168902903213596,0.6386442508693524,1.0,0.0,-2597.5071601378077,-91.52830780328102,600.239,676.899,3.55255466600235,0.014479186845251131,-0.9278458235832787,-7.724501739770522,1.8100417311821673,3.164800000000014,0.0,-1.62628410456275,final_approach,2.0864288974508725,0.4170969933129687,-5.164479531333939,
10.317,63.94121382,-22.60732994,746.261,679.89,0.0491,-1.4301,3.1891,-1.6168,0.2955,0.0353,63.653,67.658,-4.7862,114.1359,3.6448,0.0,0.0,0.0,-0.03,1087.7,0.0,3.7,150.0,0,10.317,0.03221349011824509,0.0841354714662217,-0.03,-0.05175242085942133,0.6386155383651094,1.0,0.0,-2594.0257031128112,-91.41928715861121,599.761,676.39,3.553920688584434,0.0141547085821805,-0.927311991968452,-7.797513057240584,1.809053906042152,3.169099999999986,0.0,-1.5851957247484552,final_approach,2.093884803634232,0.4298334721548809,-5.165342284767739,
10.425,63.94125019,-22.60732732,745.703,679.544,-0.1371,-1.3994,3.1917,-1.5177,0.223,0.0031,63.529,67.534,-4.7862,113.9261,3.6257,0.0,0.0,0.0,-0.03,1199.8,0.0,3.7,150.0,0,10.425,0.04023130384824991,0.08306315774432363,-0.03,-0.05179073801475076,0.638581934862358,1.0,0.0,-2589.971249324827,-91.29233884588949,599.203,676.044,3.555507750920985,0.014244760757605366,-0.9266896268284386,-7.869524489931989,1.8028238837484594,3.171699999999987,0.0,-1.5454641268756955,final_approach,2.1011132509320767,0.4501330312385239,-5.1663519223904935,
10.508,63.94127614,-22.60732545,745.305,679.174,-0.2582,-1.3831,3.1907,-1.3337,0.1611,-0.0347,63.456,67.462,-4.7865,113.8056,3.6067,0.0,0.0,0.0,-0.03,1270.6,0.0,3.7,150.0,0,10.508,0.04566685102427753,0.08241156828300945,-0.03,-0.05177600178823655,0.6385577236665747,1.0,0.0,-2587.078395978527,-91.20173035898873,598.805,675.674,3.556643584214946,0.014151423711580926,-0.9262447089603668,-7.924630449686887,1.7951966675618394,3.1707000000000107,0.0,-1.4849235764587394,final_approach,2.1066851183673165,0.4700399593006779,-5.167079308628029,
10.608,63.94130724,-22.60732323,744.826,678.808,-0.3787,-1.3705,3.1845,-1.042,0.0838,-0.0966,63.388,67.394,-4.7883,113.6926,3.579,0.0,0.0,0.0,-0.03,1345.8,0.0,3.7,150.0,0,10.608,0.05135356506737848,0.08176627115971583,-0.03,-0.05168460536346098,0.6385287232189811,1.0,0.0,-2583.61143144301,-91.0941744674652,598.326,675.308,3.5579958383056756,0.014046609910866719,-0.9257214038958236,-7.990787155244181,1.7830540134452804,3.164500000000004,0.0,-1.411748705871585,final_approach,2.1133879736745627,0.4984603386852058,-5.16795052087657,
10.725,63.9413409,-22.60732084,744.308,678.338,-0.4767,-1.3658,3.17,-0.7342,-0.0041,-0.1802,63.335,67.342,-4.7932,113.6059,3.5446,0.0,0.0,0.0,-0.03,1416.7,0.0,3.7,150.0,0,10.725,0.05639504128071565,0.0811899387373699,-0.03,-0.05147064206499036,0.6384969865340538,1.0,0.0,-2579.859083549612,-90.9783892588629,597.808,674.838,3.5594655530639168,0.013799119025780975,-0.9251606429081702,-8.067866880558984,1.7670969387816058,3.1500000000000057,0.0,-1.324588955609753,final_approach,2.1212605531171036,0.5343926739177256,-5.168903859288257,
10.808,63.94136678,-22.60731902,743.908,678.0,-0.5305,-1.3688,3.1523,-0.524,-0.0723,-0.2532,63.308,67.316,-4.7998,113.5629,3.5159,0.0,0.0,0.0,-0.03,1464.1,0.0,3.7,150.0,0,10.808,0.0594584022220323,0.08081495801230863,-0.03,-0.05120905490157507,0.6384725994222955,1.0,0.0,-2576.9740344299657,-90.8902277343477,597.408,674.5,3.5605878532480175,0.01375288068232903,-0.9247377504098327,-8.122299015473454,1.7533071710019499,3.1322999999999865,0.0,-1.2337446146288016,final_approach,2.1267845869854476,0.5635117222445469,-5.1696363712680125,
10.9,63.94139524,-22.60731703,743.467,677.619,-0.5692,-1.3783,3.1255,-0.3012,-0.1389,-0.3392,63.29,67.3,-4.8107,113.5367,3.483,0.0,0.0,0.0,-0.03,1509.7,0.0,3.7,150.0,0,10.9,0.06206403457887888,0.08043767334250698,-0.03,-0.0508121371609207,0.6384457192479505,1.0,0.0,-2573.801372418275,-90.79383767100803,596.967,674.119,3.561817903704304,0.013689086177821868,-0.9242779021274452,-8.182424198821726,1.737129044762952,3.1055000000000064,0.0,-1.1393725745637333,final_approach,2.132895429652617,0.5971117551912215,-5.1704437140768995,
11.033,63.94143404,-22.60731434,742.865,677.115,-0.5927,-1.4,3.0763,-0.0689,-0.2091,-0.4565,63.282,67.294,-4.8322,113.5274,3.4367,0.0,0.0,0.0,-0.03,1562.4,0.0,3.7,150.0,0,11.033,0.06453294108952956,0.07994467730899733,-0.03,-0.05008084608627961,0.6384088246205502,1.0,0.0,-2569.476028958239,-90.66355435510597,596.365,673.615,3.5634945220285847,0.013508597283875252,-0.9236616255566702,-8.268995781072654,1.713927580427793,3.056299999999993,0.0,-1.0412614655979275,final_approach,2.141753020245776,0.6454306912950223,-5.17155174946889,
11.117,63.94146249,-22.6073124,742.421,676.79,-0.5943,-1.4208,3.031,0.0467,-0.246,-0.5378,63.286,67.299,-4.8531,113.5373,3.4023,0.0,0.0,0.0,-0.03,1594.9,0.0,3.7,150.0,0,11.117,0.06567585817135646,0.07957240847951115,-0.03,-0.04940455163145807,0.6383818567986352,1.0,0.0,-2566.3044825683355,-90.56961358908958,595.921,673.29,3.5647116309995415,0.013672063155127603,-0.9232253355185587,-8.32339352106921,1.6964325018590216,3.0109999999999957,0.0,-0.9422723280327427,final_approach,2.1472544709680648,0.6800835727319985,-5.172361592671539,
11.208,63.94149095,-22.60731047,741.975,676.373,-0.5859,-1.4444,2.9786,0.1426,-0.2675,-0.6104,63.297,67.312,-4.878,113.5595,3.3678,0.0,0.0,0.0,-0.03,1622.7,0.0,3.7,150.0,0,11.208,0.06644646354904238,0.07918530258145594,-0.03,-0.048618748870844886,0.6383549107484835,1.0,0.0,-2563.1318215819747,-90.47616314935128,595.475,672.873,3.565920802757563,0.013607986252022794,-0.9227937358935139,-8.38212012402161,1.6787058339406542,2.95859999999999,0.0,-0.8456221963134867,final_approach,2.1532445722336995,0.7158151244049851,-5.173170726351302,
11.317,63.94152718,-22.60730805,741.403,675.867,-0.565,-1.4763,2.903,0.2139,-0.2793,-0.6867,63.32,67.337,-4.9146,113.6031,3.324,0.0,0.0,0.0,-0.03,1651.9,0.0,3.7,150.0,0,11.317,0.06697830024049123,0.07867791236746301,-0.03,-0.047478494896577406,0.6383208701084986,1.0,0.0,-2559.092977957502,-90.35900813447533,594.903,672.367,3.567438574678923,0.013660740716685561,-0.9222620553742896,-8.452191651606794,1.655982859965036,2.8830000000000098,0.0,-0.7495647989839009,final_approach,2.1603695783599903,0.7607738014322898,-5.174192816174564,
11.433,63.94156084,-22.60730582,740.868,675.435,-0.5402,-1.5066,2.8259,0.2403,-0.2767,-0.7376,63.349,67.368,-4.952,113.6564,3.2833,0.0,0.0,0.0,-0.03,1673.6,0.0,3.7,150.0,0,11.433,0.06730127168404632,0.07820917504362568,-0.03,-0.046307804472599856,0.6382894265521225,1.0,0.0,-2555.34063280043,-90.2510619223747,594.368,671.935,3.568831048188595,0.013384630927227083,-0.9217765771785315,-8.526435926839957,1.6346972253033698,2.8059000000000083,0.0,-0.658695271803549,final_approach,2.168019473105012,0.8043467078057578,-5.175136848157791,
11.508,63.94158415,-22.6073043,740.496,675.143,-0.5221,-1.5272,2.7697,0.2422,-0.2696,-0.7605,63.373,67.393,-4.9791,113.6992,3.2551,0.0,0.0,0.0,-0.03,1685.9,0.0,3.7,150.0,0,11.508,0.06745674919658984,0.07789669222287589,-0.03,-0.04544958371309932,0.6382676892626016,1.0,0.0,-2552.7420840301997,-90.17749851068592,593.996,671.643,3.569788438546112,0.013281393233837322,-0.9214521616395298,-8.57422874914582,1.6198757668112762,2.74969999999999,0.0,-0.5697229743668614,final_approach,2.1729280519467054,0.8340506565124688,-5.175789423961227,
11.6,63.94161007,-22.60730262,740.079,674.761,-0.5021,-1.5491,2.7058,0.235,-0.2558,-0.7721,63.402,67.423,-5.0097,113.7516,3.2235,0.0,0.0,0.0,-0.03,1697.3,0.0,3.7,150.0,0,11.6,0.06766853695199149,0.0775606364838236,-0.03,-0.044468874070813125,0.638243818003678,1.0,0.0,-2549.852578234929,-90.09619766470578,593.579,671.261,3.5708349540534225,0.012963689121151959,-0.9210961728754578,-8.632675295552982,1.6032169930135467,2.6858000000000004,0.0,-0.48927385021493,final_approach,2.178983410277521,0.8682401277465104,-5.176506022028601,
11.733,63.94165415,-22.60729981,739.366,674.113,-0.4705,-1.5838,2.5966,0.2078,-0.2339,-0.7622,63.456,67.48,-5.0613,113.8495,3.1691,0.0,0.0,0.0,-0.03,1711.8,0.0,3.7,150.0,0,11.733,0.06803983530652047,0.07703976873239507,-0.03,-0.0427811124858804,0.6382033790984265,1.0,0.0,-2544.9386355435186,-89.9602405607848,592.866,670.613,3.5725963728700907,0.013010366017837316,-0.9205135049885355,-8.71683206457284,1.5744661982813852,2.5766000000000133,0.0,-0.4078839513232093,final_approach,2.1876106005450247,0.9244844299314536,-5.177719869396725,
11.817,63.94168009,-22.60729818,738.942,673.638,-0.454,-1.6029,2.5338,0.189,-0.2219,-0.7398,63.49,67.516,-5.0906,113.9111,3.1366,0.0,0.0,0.0,-0.03,1717.9,0.0,3.7,150.0,0,11.817,0.06837761320243996,0.07677390951947541,-0.03,-0.04180390990020283,0.6381799796387646,1.0,0.0,-2542.0469010691854,-89.88139017950924,592.442,670.138,3.5736091451778593,0.012851440546151421,-0.9201819842490347,-8.769720221468955,1.5572698421576376,2.5138000000000034,0.0,-0.3340070553154727,final_approach,2.1930769370456957,0.9585750069699372,-5.17842218961907,
11.917,63.94171385,-22.60729608,738.389,673.282,-0.4345,-1.626,2.456,0.1698,-0.2036,-0.6907,63.537,67.565,-5.127,113.9942,3.0934,0.0,0.0,0.0,-0.03,1723.5,0.0,3.7,150.0,0,11.917,0.06889540004559735,0.07648665545215838,-0.03,-0.04058680720883695,0.6381494587962737,1.0,0.0,-2538.2834104613926,-89.77981704338217,591.889,669.782,3.574923165036965,0.012899566886969078,-0.9197607411945772,-8.832463894850182,1.5344236291245181,2.436000000000007,0.0,-0.26091550483225046,final_approach,2.1995251167616665,1.002628510996665,-5.179338190765709,
12.025,63.94174763,-22.60729402,737.831,672.661,-0.4168,-1.6472,2.3843,0.1592,-0.1875,-0.6244,63.584,67.614,-5.1611,114.0796,3.0494,0.0,0.0,0.0,-0.03,1726.9,0.0,3.7,150.0,0,12.025,0.06956009368489963,0.07624319361789114,-0.03,-0.03945892131700196,0.638119317615567,1.0,0.0,-2534.517691002726,-89.68020443463504,591.331,669.161,3.5762132072656647,0.012740444980961354,-0.919359392234726,-8.899957839190073,1.5111778347767313,2.3643000000000143,0.0,-0.1976336239215712,final_approach,2.2065282331154528,1.0481015582286624,-5.180242727468379,
12.1,63.94177102,-22.6072926,737.443,672.288,-0.405,-1.661,2.3392,0.1589,-0.1774,-0.5702,63.618,67.649,-5.183,114.1396,3.0185,0.0,0.0,0.0,-0.03,1728.2,0.0,3.7,150.0,0,12.1,0.07006950835104842,0.07612099281909962,-0.03,-0.03874648608182707,0.638098529169499,1.0,0.0,-2531.910225803671,-89.61154350886473,590.943,668.788,3.577098600134916,0.012584577193581492,-0.9190843820115128,-8.94663927324296,1.4948730946057651,2.319199999999995,0.0,-0.1384548096256717,final_approach,2.211374865289468,1.0798883495414913,-5.180866548175057,
12.217,63.94180745,-22.60729043,736.836,671.891,-0.3858,-1.6808,2.2778,0.1727,-0.163,-0.475,63.67,67.704,-5.2146,114.2334,2.97,0.0,0.0,0.0,-0.03,1728.9,0.0,3.7,150.0,0,12.217,0.07088369442349218,0.07596975374244053,-0.03,-0.037772937918159,0.6380662953962417,1.0,0.0,-2527.8490911067374,-89.50664470861106,590.336,668.391,3.578464538004869,0.012432928102846519,-0.9186764836360468,-9.01923252866273,1.469320442498713,2.257800000000003,0.0,-0.08546396834657083,final_approach,2.218936874244541,1.1296367196981265,-5.181833755513942,
12.325,63.9418413,-22.60728845,736.27,671.368,-0.366,-1.6979,2.231,0.198,-0.1522,-0.3801,63.718,67.755,-5.241,114.3205,2.9249,0.0,0.0,0.0,-0.03,1728.1,0.0,3.7,150.0,0,12.325,0.07161256154016132,0.07588305027642385,-0.03,-0.03702813082043366,0.638036371923493,1.0,0.0,-2524.0755696446818,-89.41095432200542,589.77,667.868,3.5797251588725936,0.012306175992687868,-0.9183152130208471,-9.085941334565796,1.4455977984301853,2.2110000000000127,0.0,-0.037290476274658355,final_approach,2.225902915381617,1.1757211311874265,-5.18273156887788,
12.433,63.94187257,-22.60728664,735.745,670.766,-0.3448,-1.7127,2.1971,0.2333,-0.1434,-0.2898,63.763,67.802,-5.263,114.4005,2.8836,0.0,0.0,0.0,-0.03,1726.6,0.0,3.7,150.0,0,12.433,0.07224249804961264,0.0758541082682162,-0.03,-0.03648716210266373,0.638008819745143,1.0,0.0,-2520.589661075464,-89.32349247457212,589.245,667.266,3.5808796696314196,0.012036799066168892,-0.9179906522669883,-9.152374936206193,1.42390219100119,2.177099999999996,0.0,0.003978354901821003,final_approach,2.232885392941327,1.2187687236795988,-5.18355817429309,
12.517,63.94189603,-22.60728531,735.349,670.554,-0.3263,-1.7232,2.1776,0.2648,-0.1377,-0.2225,63.796,67.837,-5.2782,114.4599,2.8532,0.0,0.0,0.0,-0.03,1725.0,0.0,3.7,150.0,0,12.517,0.07264224555360538,0.0758499692679431,-0.03,-0.03617543658200173,0.6379883216888845,1.0,0.0,-2517.9743940432477,-89.25924370826841,588.849,667.054,3.5817347838067377,0.011727320998232297,-0.9177609565792832,-9.203840206737476,1.407945248828696,2.157600000000002,0.0,0.03933097198866995,final_approach,2.2383224628709364,1.2508710494832016,-5.184173108193381,
12.6,63.94192473,-22.60728369,734.864,670.037,-0.3002,-1.7355,2.1606,0.3108,-0.1314,-0.1422,63.836,67.879,-5.2953,114.5317,2.8171,0.0,0.0,0.0,-0.03,1722.6,0.0,3.7,150.0,0,12.6,0.07293089836048411,0.07586961714413219,-0.03,-0.03590335189804961,0.6379631693253626,1.0,0.0,-2514.7749839422218,-89.180990663262,588.364,666.537,3.582779677119529,0.01187094684148096,-0.9174832244717388,-9.254527356463324,1.389002065324405,2.1406000000000063,0.0,0.07956703915727834,final_approach,2.2436100553244387,1.2872178796761737,-5.18492762573036,
12.725,63.94196389,-22.60728152,734.201,669.469,-0.2575,-1.7515,2.1489,0.3773,-0.1239,-0.04,63.889,67.935,-5.3163,114.6281,2.7702,0.0,0.0,0.0,-0.03,1718.8,0.0,3.7,150.0,0,12.725,0.07309855863486858,0.0759258000566606,-0.03,-0.035715919434090526,0.637928754614656,1.0,0.0,-2510.409517749216,-89.07619809491919,587.701,665.969,3.5842016348243435,0.011788399307653706,-0.9171241431933589,-9.330607343710563,1.364388990582114,2.1288999999999874,0.0,0.11087912650661985,final_approach,2.251621005509385,1.3361338167445567,-5.185959915834712,
12.8,63.94199001,-22.60728008,733.757,669.079,-0.2244,-1.7616,2.1479,0.4215,-0.1193,0.0215,63.924,67.972,-5.3289,114.6912,2.7411,0.0,0.0,0.0,-0.03,1716.0,0.0,3.7,150.0,0,12.8,0.072980878319655,0.0759860213307773,-0.03,-0.035699893004248695,0.6379058851648408,1.0,0.0,-2507.4977207112547,-89.00666352623621,587.257,665.579,3.5851417007198174,0.011912701412986742,-0.9168880568844838,-9.376047429617623,1.349098661400376,2.127900000000011,0.0,0.14322344833934664,final_approach,2.2563772249796656,1.366178985220749,-5.186645848888251,
12.908,63.94202138,-22.60727839,733.223,668.565,-0.1799,-1.7733,2.1531,0.4734,-0.1145,0.0872,63.965,68.016,-5.3429,114.7657,2.7089,0.0,0.0,0.0,-0.03,1712.5,0.0,3.7,150.0,0,12.908,0.07268692177610414,0.0760696970757858,-0.03,-0.035783219167934754,0.6378783463944742,1.0,0.0,-2504.000666520296,-88.9250848174516,586.723,665.065,3.5862686266318806,0.011666334375117372,-0.9166241024172906,-9.441289061932066,1.3321437383573596,2.133100000000013,0.0,0.1647149193657397,final_approach,2.263303014942206,1.4019581148798395,-5.187471777929325,
13.017,63.94205539,-22.60727657,732.644,667.984,-0.1259,-1.7854,2.1656,0.5251,-0.1091,0.1468,64.009,68.062,-5.3566,114.8447,2.6777,0.0,0.0,0.0,-0.03,1708.6,0.0,3.7,150.0,0,13.017,0.07205510517312574,0.07618325273967042,-0.03,-0.03598340799907607,0.6378482700383805,1.0,0.0,-2500.209311516507,-88.83723965338343,586.144,664.484,3.5874931447721816,0.01159429720908252,-0.9163437358207861,-9.506867178878178,1.3156569050161124,2.1456000000000017,0.0,0.18643808349345556,final_approach,2.2702443791241365,1.4370456636949314,-5.188373746945604,
13.133,63.94209203,-22.60727463,732.018,667.362,-0.0619,-1.7977,2.1856,0.5722,-0.1033,0.1968,64.055,68.111,-5.3701,114.9278,2.6492,0.0,0.0,0.0,-0.03,1704.3,0.0,3.7,150.0,0,13.133,0.07104168401084099,0.07631542970519699,-0.03,-0.03630337217161045,0.6378159364607494,1.0,0.0,-2496.1247706383865,-88.74361758240336,585.518,663.862,3.588802395375278,0.011543021529259147,-0.9160517473427752,-9.576369295144945,1.3004908086481635,2.165600000000012,0.0,0.20553932355204943,final_approach,2.2776071339904504,1.4707732775140236,-5.189343331606064,
13.217,63.94211823,-22.60727326,731.57,666.983,-0.0131,-1.8061,2.2031,0.5983,-0.0993,0.2233,64.088,68.145,-5.3788,114.9859,2.6323,0.0,0.0,0.0,-0.03,1701.2,0.0,3.7,150.0,0,13.217,0.07012504115388835,0.0764277330643575,-0.03,-0.03658299730666892,0.6377927030672232,1.0,0.0,-2493.2040566585392,-88.67751568783831,585.07,663.483,3.5897386417220423,0.011476816248120978,-0.9158514081517121,-9.626486979403284,1.291407246202624,2.183099999999996,0.0,0.2225682162161342,final_approach,2.282929227573156,1.4923329472649058,-5.190039980547109,
13.325,63.9421523,-22.60727148,730.986,666.448,0.0529,-1.8166,2.2285,0.6173,-0.0947,0.2463,64.129,68.189,-5.3893,115.0599,2.6149,0.0,0.0,0.0,-0.03,1697.3,0.0,3.7,150.0,0,13.325,0.06871508397157938,0.07657154773663359,-0.03,-0.0369882780256684,0.6377624984138294,1.0,0.0,-2489.4060137347574,-88.59163260783298,584.486,662.948,3.5909502413633487,0.011433766072981176,-0.9155913459338726,-9.69071549163829,1.2819040329603695,2.2084999999999866,0.0,0.23684652652646165,final_approach,2.2897449531147167,1.51674950976971,-5.19094559997281,
13.433,63.94218639,-22.60726972,730.402,665.741,0.1205,-1.8266,2.2559,0.6259,-0.0897,0.2575,64.169,68.231,-5.3987,115.132,2.6028,0.0,0.0,0.0,-0.03,1693.5,0.0,3.7,150.0,0,13.433,0.06710151929517416,0.07672645280274046,-0.03,-0.03742469984227398,0.6377319854692574,1.0,0.0,-2485.605741617269,-88.50673018055815,583.902,662.241,3.5921679013172043,0.011407243261212063,-0.9153414355870367,-9.754685790911793,1.275070501465251,2.2358999999999867,0.0,0.24898505778499194,final_approach,2.296544522017964,1.5371420831283302,-5.19186039233584,
13.508,63.94221,-22.6072685,729.996,665.356,0.1676,-1.8332,2.2753,0.6245,-0.0861,0.2589,64.197,68.26,-5.4046,115.181,2.5975,0.0,0.0,0.0,-0.03,1690.9,0.0,3.7,150.0,0,13.508,0.06588548014828632,0.076846545204895,-0.03,-0.03773321096147558,0.637710949763827,1.0,0.0,-2482.973754955695,-88.44787656121436,583.496,661.856,3.5930037174150025,0.011363405157228177,-0.9151676137528172,-9.798936647465975,1.2718846477613681,2.2553000000000054,0.0,0.26028944647121216,final_approach,2.3012464886259494,1.548938513275612,-5.192491011390334,
13.6,63.94223625,-22.60726715,729.546,664.966,0.2191,-1.8402,2.2968,0.6079,-0.083,0.2549,64.227,68.292,-5.4107,115.2344,2.5946,0.0,0.0,0.0,-0.03,1688.2,0.0,3.7,150.0,0,13.6,0.06450870117153079,0.07697875196831075,-0.03,-0.03807464055470405,0.6376872109909372,1.0,0.0,-2480.0474674812917,-88.38275648676107,583.046,661.466,3.593943408589928,0.011171843382700171,-0.9149774156001601,-9.853064497315629,1.2698450072511775,2.2768000000000086,0.0,0.2662710382939883,final_approach,2.3070266829976944,1.560631606779065,-5.193202623960595,
13.7,63.94227039,-22.6072654,728.959,664.237,0.2839,-1.8489,2.3238,0.5829,-0.0784,0.2426,64.265,68.332,-5.4178,115.3023,2.5953,0.0,0.0,0.0,-0.03,1684.8,0.0,3.7,150.0,0,13.7,0.06258996593812483,0.07715675924110871,-0.03,-0.038502696058464625,0.6376563953856845,1.0,0.0,-2476.2416216990196,-88.29834594244693,582.459,660.737,3.595157723464368,0.011333727609649989,-0.9147326769583677,-9.91169421668708,1.2694333574102927,2.3037999999999954,0.0,0.27661003481271373,final_approach,2.313236884239199,1.5705320369850142,-5.194126313458071,
13.833,63.94231244,-22.60726324,728.236,663.647,0.3592,-1.859,2.3548,0.5381,-0.0728,0.2187,64.311,68.38,-5.4254,115.3836,2.6026,0.0,0.0,0.0,-0.03,1680.8,0.0,3.7,150.0,0,13.833,0.06022807478667119,0.07738901234255874,-0.03,-0.03899317355519549,0.6376181084179835,1.0,0.0,-2471.5539879021103,-88.19415576920187,581.736,660.147,3.596657908994554,0.011324704750129286,-0.9144284662555086,-9.989371358338417,1.2721482277809457,2.3348000000000013,0.0,0.28290590998011994,final_approach,2.3214898888421196,1.5788112618704488,-5.195273854518685,
13.9,63.9423361,-22.60726202,727.828,663.139,0.3989,-1.8643,2.3706,0.5095,-0.0695,0.2024,64.336,68.407,-5.4291,115.4282,2.6096,0.0,0.0,0.0,-0.03,1678.8,0.0,3.7,150.0,0,13.9,0.05887527027467482,0.07752253508269656,-0.03,-0.03924274649976128,0.6375965933843557,1.0,0.0,-2468.91642740394,-88.13530409549419,581.328,659.639,3.5974968291321354,0.01152411997232559,-0.9142547097081658,-10.028316827855242,1.2751219883583644,2.350599999999986,0.0,0.29110849346902545,final_approach,2.3255998669810616,1.5805097440342948,-5.195918656525386,
14.008,63.9423703,-22.60726025,727.24,662.58,0.4507,-1.8716,2.3913,0.4405,-0.0668,0.1759,64.372,68.444,-5.4336,115.4914,2.6231,0.0,0.0,0.0,-0.03,1676.0,0.0,3.7,150.0,0,14.008,0.05705903076458024,0.07772949611622643,-0.03,-0.039569293844937126,0.637565009537065,1.0,0.0,-2465.1038926747606,-88.04991601129394,580.74,659.08,3.5987230917900734,0.01149581395523742,-0.9139999409634951,-10.090926880899021,1.281107476543525,2.371299999999991,0.0,0.2949471152748731,final_approach,2.3322386382182714,1.5814862922867654,-5.19686515554751,
14.117,63.94240452,-22.60725847,726.651,662.04,0.4954,-1.8787,2.409,0.3758,-0.0639,0.1484,64.406,68.481,-5.4375,115.5531,2.6399,0.0,0.0,0.0,-0.03,1673.3,0.0,3.7,150.0,0,14.117,0.05539994951854477,0.07793073282588893,-0.03,-0.03984813085394706,0.6375332657531878,1.0,0.0,-2461.2891282403975,-87.96403876819716,580.151,658.54,3.5999493373123723,0.01145483811606003,-0.9137401089475534,-10.153860851773706,1.2887387680822542,2.38900000000001,0.0,0.29649070529576077,final_approach,2.3389063285282568,1.5800458664398178,-5.197816371230733,
14.2,63.94242822,-22.60725724,726.243,661.498,0.5223,-1.8834,2.4195,0.3301,-0.0621,0.1295,64.43,68.506,-5.4398,115.5949,2.6532,0.0,0.0,0.0,-0.03,1671.7,0.0,3.7,150.0,0,14.2,0.054372847944038016,0.0780802213122635,-0.03,-0.04001337410019573,0.6375111474719907,1.0,0.0,-2458.647108501296,-87.9046987136737,579.743,657.998,3.6008001127836575,0.011254082910542433,-0.9135613636057786,-10.201594096596411,1.2948545081906957,2.399499999999989,0.0,0.2958239708603317,final_approach,2.3439869431679945,1.5784984950231262,-5.19847910952905,
14.308,63.9424651,-22.6072553,725.608,660.969,0.5568,-1.8905,2.433,0.2578,-0.06,0.1013,64.466,68.544,-5.4428,115.6587,2.6761,0.0,0.0,0.0,-0.03,1669.2,0.0,3.7,150.0,0,14.308,0.05289540847685742,0.07831209212938396,-0.03,-0.04022564437698295,0.6374765085636042,1.0,0.0,-2454.5358132052943,-87.81108598174764,579.108,657.469,3.602126562058004,0.011425392046356848,-0.9132696405126615,-10.26350147902403,1.3054677952682425,2.413000000000011,0.0,0.29923391290332085,final_approach,2.3504980106192477,1.572365945749219,-5.1995169334892815,
14.408,63.94249673,-22.60725363,725.063,660.399,0.5801,-1.8963,2.4421,0.1991,-0.0585,0.0794,64.497,68.576,-5.4449,115.7122,2.6974,0.0,0.0,0.0,-0.03,1667.3,0.0,3.7,150.0,0,14.408,0.05183106570804119,0.07851927261036964,-0.03,-0.04036861217595905,0.6374466338489063,1.0,0.0,-2451.0097754043313,-87.73049726474699,578.563,656.899,3.60326483554719,0.01141828252060746,-0.9130159547584243,-10.320591402903126,1.3153963529248358,2.4221000000000004,0.0,0.3002126480939335,final_approach,2.3565218173191624,1.5665281696422433,-5.2004119433332825,
14.533,63.94253102,-22.6072518,724.473,659.786,0.5986,-1.9026,2.4497,0.1367,-0.0578,0.0588,64.529,68.61,-5.4467,115.7689,2.7216,0.0,0.0,0.0,-0.03,1665.5,0.0,3.7,150.0,0,14.533,0.050948187786422405,0.07873951450124737,-0.03,-0.04048794072011397,0.6374138676728417,1.0,0.0,-2447.187206743314,-87.64217305909057,577.973,656.286,3.6045072563664,0.011171796526119698,-0.9127305901692636,-10.391680262495521,1.32671294305419,2.429699999999997,0.0,0.2961933164490279,final_approach,2.3640616571620114,1.5608813631070895,-5.201393500043871,
14.617,63.94256004,-22.60725024,723.974,659.289,0.6094,-1.9078,2.4544,0.093,-0.0568,0.0444,64.556,68.638,-5.448,115.8159,2.7427,0.0,0.0,0.0,-0.03,1664.0,0.0,3.7,150.0,0,14.617,0.050278606315654506,0.07892825317535473,-0.03,-0.040561702610185435,0.6373858844061163,1.0,0.0,-2443.9521251114993,-87.56687208993121,577.474,655.789,3.605563398856827,0.011405351252772691,-0.91248302988414,-10.439232132270803,1.3365992912894171,2.4344000000000108,0.0,0.2984874305380779,final_approach,2.369031184668124,1.5535293979414462,-5.202231713614676,
14.717,63.94259435,-22.60724839,723.384,658.649,0.6169,-1.9139,2.4585,0.0411,-0.0573,0.031,64.587,68.671,-5.4492,115.8705,2.768,0.0,0.0,0.0,-0.03,1662.5,0.0,3.7,150.0,0,14.717,0.049671290927969736,0.07914959801826209,-0.03,-0.0406260272078659,0.637352568303455,1.0,0.0,-2440.1273265726936,-87.47756878787987,576.884,655.149,3.6068149821690834,0.011590431564404194,-0.9121870900506379,-10.495653400834964,1.3484635822489395,2.4385000000000048,0.0,0.2995340277618945,final_approach,2.3749243558828503,1.5446000907349884,-5.203229590163588,
14.833,63.94262868,-22.60724651,722.793,658.047,0.6191,-1.9201,2.4614,-0.0043,-0.0582,0.0219,64.617,68.703,-5.4503,115.9241,2.7933,0.0,0.0,0.0,-0.03,1661.1,0.0,3.7,150.0,0,14.833,0.04931490632559099,0.07936389465337215,-0.03,-0.04067151332985092,0.63731908266793,1.0,0.0,-2436.3002979866637,-87.38679645228227,576.293,654.547,3.6080666354031687,0.011457045318160657,-0.9118757814812369,-10.560847798336892,1.3603284824493471,2.4413999999999874,0.0,0.29581463338855707,final_approach,2.3817730598063065,1.5370980469617699,-5.204232459865512,
14.9,63.94265245,-22.60724521,722.384,657.678,0.618,-1.9244,2.4629,-0.0298,-0.0585,0.018,64.638,68.725,-5.451,115.9606,2.8105,0.0,0.0,0.0,-0.03,1660.2,0.0,3.7,150.0,0,14.9,0.04912612767577407,0.07951415856065125,-0.03,-0.04069503680579417,0.6372957099991182,1.0,0.0,-2433.650473678868,-87.32402956072347,575.884,654.178,3.60893658423192,0.01171158957794819,-0.911660850773102,-10.598343181922404,1.3683876842833627,2.4429000000000087,0.0,0.2974162881551343,final_approach,2.385665152046176,1.5308653525732296,-5.204932403514093,
15.025,63.94268945,-22.60724316,721.748,656.926,0.6125,-1.9313,2.4648,-0.0641,-0.0605,0.0156,64.67,68.759,-5.4521,116.0167,2.8369,0.0,0.0,0.0,-0.03,1659.0,0.0,3.7,150.0,0,15.025,0.04905713937763484,0.07974143769216917,-0.03,-0.040724829458632705,0.6372589690175453,1.0,0.0,-2429.5257992927013,-87.22503218827303,575.248,653.426,3.6102980547944026,0.011574952064933466,-0.9113123475578432,-10.668097462109124,1.3807467238718232,2.4447999999999865,0.0,0.29365117105011956,final_approach,2.392971826747491,1.5233079695961322,-5.206032605838814,
15.108,63.94271589,-22.60724169,721.294,656.497,0.6065,-1.9363,2.4662,-0.0812,-0.0611,0.0164,64.692,68.782,-5.453,116.0562,2.8552,0.0,0.0,0.0,-0.03,1658.2,0.0,3.7,150.0,0,15.108,0.04907919935899313,0.07989443545102218,-0.03,-0.04074677925629677,0.6372324430662138,1.0,0.0,-2426.5783291855605,-87.15404025986115,574.794,652.997,3.611276451775688,0.011610445960307091,-0.9110603858018974,-10.714200404485513,1.3892992624282101,2.4462000000000046,0.0,0.2910519955877224,final_approach,2.39777263044547,1.5176956432547009,-5.206826857413613,
15.242,63.94275556,-22.60723946,720.612,655.846,0.5952,-1.944,2.4684,-0.0989,-0.063,0.0208,64.725,68.817,-5.4545,116.1146,2.8816,0.0,0.0,0.0,-0.03,1657.1,0.0,3.7,150.0,0,15.242,0.049261496271039096,0.080119302693867,-0.03,-0.040781267192521786,0.6371924870197764,1.0,0.0,-2422.1560088298206,-87.04632791323247,574.112,652.346,3.6127431189043433,0.011499584480175276,-0.9106693120214888,-10.78837333048969,1.401609653718964,2.4483999999999924,0.0,0.2869807829630591,final_approach,2.405514323751323,1.5108606943715799,-5.208023138367743,
15.317,63.94278467,-22.60723781,720.112,655.31,0.5858,-1.9498,2.4705,-0.1059,-0.0635,0.0261,64.749,68.843,-5.4558,116.1569,2.9002,0.0,0.0,0.0,-0.03,1656.4,0.0,3.7,150.0,0,15.317,0.04937787615552425,0.08027775127971715,-0.03,-0.0408141822437979,0.6371628602703427,1.0,0.0,-2418.9108927523152,-86.96662101081668,573.612,651.81,3.6138251973577225,0.011987605852099762,-0.9103749557419092,-10.829680518844109,1.4102611619586582,2.4505000000000052,0.0,0.28998252996641877,final_approach,2.409726099387637,1.504218154302066,-5.2089100831023885,
15.425,63.94281644,-22.607236,719.566,654.712,0.5751,-1.9562,2.4735,-0.1077,-0.0658,0.0332,64.775,68.87,-5.4574,116.2027,2.9198,0.0,0.0,0.0,-0.03,1655.8,0.0,3.7,150.0,0,15.425,0.049635403458249405,0.0804446444088113,-0.03,-0.04086119484035616,0.6371303569934,1.0,0.0,-2415.3692458139626,-86.87917861957133,573.066,651.212,3.6150070915553143,0.011813582342169312,-0.9100485686826384,-10.888978914393995,1.4193557414363625,2.453499999999991,0.0,0.285506003673184,final_approach,2.415896562615373,1.499842931917172,-5.209883067049905,
15.533,63.94285086,-22.60723403,718.975,654.261,0.5635,-1.9633,2.4775,-0.1052,-0.0672,0.042,64.802,68.899,-5.4594,116.2518,2.94,0.0,0.0,0.0,-0.03,1655.2,0.0,3.7,150.0,0,15.533,0.04991424017277407,0.08061105401093717,-0.03,-0.04092386198834841,0.6370947837531221,1.0,0.0,-2411.5321827822427,-86.78400035054321,572.475,650.761,3.616294409584852,0.011831253849242742,-0.9096898458461895,-10.948025093653564,1.4286975098818004,2.4575000000000102,0.0,0.28227818515744113,final_approach,2.4219965666252676,1.4949921648308901,-5.2109478588062785,
15.608,63.9428747,-22.60723266,718.565,653.847,0.5557,-1.9684,2.4809,-0.1009,-0.0678,0.0485,64.821,68.92,-5.461,116.2856,2.9536,0.0,0.0,0.0,-0.03,1654.8,0.0,3.7,150.0,0,15.608,0.05011209483931195,0.08072338067625687,-0.03,-0.040977114387456215,0.6370700982263918,1.0,0.0,-2408.8745539057513,-86.71780662194908,572.065,650.347,3.61718395999074,0.011836156887453136,-0.9094382468649639,-10.988862899434304,1.4349732431700488,2.4609000000000094,0.0,0.2796468349916022,final_approach,2.426210659119409,1.491907115591129,-5.211686699267997,
15.733,63.94291446,-22.60723036,717.883,653.125,0.5437,-1.9769,2.4876,-0.089,-0.0692,0.0592,64.853,68.953,-5.464,116.3415,2.9753,0.0,0.0,0.0,-0.03,1654.2,0.0,3.7,150.0,0,15.733,0.05043410360911588,0.08090522811120963,-0.03,-0.041082013401349315,0.63702831566533,1.0,0.0,-2404.442199446362,-86.60666821636558,571.383,649.625,3.618682673674932,0.011861748985133567,-0.9090103075479914,-11.05670225913016,1.4449543215446,2.4676000000000045,0.0,0.2774971227196358,final_approach,2.4331976042479333,1.4874264826870949,-5.212937151084628,
15.8,63.94293832,-22.60722897,717.473,652.709,0.5373,-1.982,2.4922,-0.0814,-0.0692,0.0654,64.872,68.973,-5.466,116.3748,2.9879,0.0,0.0,0.0,-0.03,1654.0,0.0,3.7,150.0,0,15.8,0.05058245077710727,0.08100824411674759,-0.03,-0.04115400319923057,0.6370031906811283,1.0,0.0,-2401.7823406920825,-86.5394953915506,570.973,649.209,3.6195797448187323,0.012116311079154415,-0.9087481421260856,-11.09289508294055,1.4507347097030276,2.4721999999999866,0.0,0.278050301522607,final_approach,2.4368810511681183,1.4842883324767229,-5.213689018227509,
15.908,63.94297279,-22.60722695,716.88,652.105,0.5292,-1.9896,2.4997,-0.0668,-0.0704,0.0735,64.899,69.002,-5.4692,116.4228,3.0057,0.0,0.0,0.0,-0.03,1653.6,0.0,3.7,150.0,0,15.908,0.05080577537129577,0.08114698024170472,-0.03,-0.04127132464692024,0.6369667756538208,1.0,0.0,-2397.9397029686634,-86.44186938170829,570.38,648.605,3.620874467697088,0.012094955032560068,-0.9083628210507037,-11.15106384531544,1.4588828155559952,2.4797000000000082,0.0,0.27550027411146205,final_approach,2.4428473596110294,1.4810230706693908,-5.214778656378705,
16.017,63.94300728,-22.60722492,716.288,651.534,0.5226,-1.9972,2.508,-0.0527,-0.0707,0.0805,64.926,69.03,-5.4727,116.4706,3.023,0.0,0.0,0.0,-0.03,1653.3,0.0,3.7,150.0,0,16.017,0.05099149469602493,0.08127891747685569,-0.03,-0.04140108329561837,0.6369298146309487,1.0,0.0,-2394.094835538476,-86.34375421279593,569.788,648.034,3.622182089903756,0.012078551528155004,-0.907972184855843,-11.209517281493413,1.4667808968883378,2.4879999999999995,0.0,0.27297356028481623,final_approach,2.448837942834519,1.4781682221009937,-5.21588453009473,
16.1,63.94303117,-22.60722351,715.877,650.965,0.519,-2.0024,2.5142,-0.0429,-0.0706,0.0845,64.944,69.05,-5.4753,116.5035,3.0348,0.0,0.0,0.0,-0.03,1653.1,0.0,3.7,150.0,0,16.1,0.051114697074340965,0.08136155619129476,-0.03,-0.041497958467747786,0.6369042140618426,1.0,0.0,-2391.431632141307,-86.27560268071248,569.377,647.465,3.623084000027114,0.011876524111530392,-0.9076992762875755,-11.253843323613152,1.4721604810350186,2.4942000000000064,0.0,0.26787300661160757,final_approach,2.4534105728517446,1.4769604694561522,-5.2166504387738435,
16.217,63.943071,-22.60722114,715.192,650.36,0.5146,-2.0112,2.5251,-0.0267,-0.07,0.0895,64.975,69.083,-5.4799,116.5583,3.0543,0.0,0.0,0.0,-0.03,1652.8,0.0,3.7,150.0,0,16.217,0.051192126631889934,0.081499583151111,-0.03,-0.04166816112617694,0.636861184014526,1.0,0.0,-2386.991473112431,-86.16103743809393,568.692,646.86,3.624593044880519,0.012046739969587304,-0.9072337723288184,-11.316099686013532,1.4810382055838431,2.5050999999999988,0.0,0.26760793918847964,final_approach,2.4597259060746417,1.4731252764188945,-5.217937685242269,
16.325,63.94310553,-22.60721908,714.598,649.676,0.5123,-2.0187,2.535,-0.0149,-0.0691,0.0921,65.002,69.111,-5.4841,116.6057,3.0711,0.0,0.0,0.0,-0.03,1652.6,0.0,3.7,150.0,0,16.325,0.05122713871026102,0.08161477969720848,-0.03,-0.041822626812496766,0.6368235945453053,1.0,0.0,-2383.142146100856,-86.06145401388956,568.098,646.176,3.625904298535546,0.012062489565747195,-0.9068268261974057,-11.373299024373203,1.4886775304274238,2.5149999999999864,0.0,0.26600721744407313,final_approach,2.4655546512077677,1.4704152359422267,-5.219062062520926,
16.4,63.94312944,-22.60721764,714.187,649.253,0.5114,-2.0238,2.5419,-0.0078,-0.0684,0.093,65.02,69.13,-5.4871,116.6384,3.0828,0.0,0.0,0.0,-0.03,1652.5,0.0,3.7,150.0,0,16.4,0.05122248220288278,0.08168772042101322,-0.03,-0.04193021579907036,0.6367973379312518,1.0,0.0,-2380.4767126548786,-85.99183344808634,567.687,645.753,3.62681640599241,0.01207898009782117,-0.9065376939164053,-11.412856103856,1.4939981063606638,2.521899999999988,0.0,0.2636429249491584,final_approach,2.4695753630545703,1.4684695726553478,-5.219847388096429,
16.517,63.943164,-22.60721556,713.592,648.758,0.511,-2.0312,2.552,0.0009,-0.0676,0.0927,65.046,69.159,-5.4915,116.6856,3.0997,0.0,0.0,0.0,-0.03,1652.4,0.0,3.7,150.0,0,16.517,0.051210013432705925,0.08179089167646819,-0.03,-0.042087598747947985,0.6367593084992617,1.0,0.0,-2376.6240409980373,-85.8912713167884,567.092,645.258,3.6281319853263625,0.01193986138344401,-0.9061200007652951,-11.474362005140502,1.50167850646082,2.5320000000000107,0.0,0.2598774065194449,final_approach,2.475867868361437,1.4663920952757188,-5.2209847424261575,
16.625,63.94320123,-22.60721331,712.951,648.109,0.5115,-2.0389,2.5627,0.0082,-0.0659,0.0911,65.075,69.189,-5.4962,116.7363,3.118,0.0,0.0,0.0,-0.03,1652.3,0.0,3.7,150.0,0,16.625,0.05109525442417967,0.08190798334960342,-0.03,-0.042254198072105065,0.6367180166062691,1.0,0.0,-2372.4737235426433,-85.78248414846301,566.451,644.609,3.629553159955632,0.012143055210384479,-0.9056645616330504,-11.530866074578366,1.509993459059075,2.5426999999999964,0.0,0.26066296215572116,final_approach,2.4815552943319297,1.462458933383953,-5.222219544863101,
16.725,63.94323315,-22.60721136,712.401,647.472,0.5125,-2.0454,2.5717,0.012,-0.0648,0.0886,65.099,69.215,-5.5002,116.7797,3.1339,0.0,0.0,0.0,-0.03,1652.2,0.0,3.7,150.0,0,16.725,0.05099076280095671,0.082002521397741,-0.03,-0.042394221963430845,0.6366824186173928,1.0,0.0,-2368.9153526994246,-85.68818847227429,565.901,643.972,3.630772377030397,0.012151241133262259,-0.9052627037787939,-11.582956124707652,1.5172205750292562,2.551700000000011,0.0,0.25878451105065614,final_approach,2.4868213516086257,1.4595232965649068,-5.223283972712476,
16.808,63.9432571,-22.6072099,711.989,647.012,0.5135,-2.0502,2.5783,0.0132,-0.064,0.0862,65.118,69.234,-5.5032,116.8122,3.1459,0.0,0.0,0.0,-0.03,1652.1,0.0,3.7,150.0,0,16.808,0.050925578374388325,0.08207921061774598,-0.03,-0.04249684419809541,0.6366554154727453,1.0,0.0,-2366.2454598422873,-85.6175895885042,565.489,643.512,3.63169357376708,0.011975826921660139,-0.9049624486844345,-11.626021829336768,1.5226747761369381,2.5583000000000027,0.0,0.25606916119609663,final_approach,2.491216222256142,1.4579374747522813,-5.224091339708085,
16.933,63.94329703,-22.60720744,711.3,646.284,0.5152,-2.0581,2.5888,0.014,-0.0626,0.0813,65.148,69.267,-5.5081,116.8663,3.1661,0.0,0.0,0.0,-0.03,1652.1,0.0,3.7,150.0,0,16.933,0.05076116399663866,0.08219727024399366,-0.03,-0.04265999850355601,0.6366104706831477,1.0,0.0,-2361.7941516010337,-85.49861880158213,564.8,642.784,3.633219946901527,0.012015019947312829,-0.9044478007791432,-11.690636046811925,1.5318571743300993,2.56880000000001,0.0,0.2546083283600887,final_approach,2.497726556787434,1.4539372579570227,-5.225435022653937,
17.017,63.94332366,-22.6072058,710.841,645.865,0.5164,-2.0632,2.5955,0.0136,-0.0614,0.0777,65.168,69.288,-5.5113,116.9023,3.1796,0.0,0.0,0.0,-0.03,1652.0,0.0,3.7,150.0,0,17.017,0.05064752626157437,0.0822766186903572,-0.03,-0.04276403677596896,0.6365801772217831,1.0,0.0,-2358.8254980060547,-85.41930533276135,564.341,642.365,3.6342439464511003,0.012044261760803018,-0.904104422128378,-11.733847037339634,1.5379912205104915,2.5755000000000052,0.0,0.2531071383360225,final_approach,2.502081070471128,1.4512731054326835,-5.226340599643457,
17.1,63.9433503,-22.60720415,710.382,645.483,0.5175,-2.0683,2.6018,0.0114,-0.0607,0.0739,65.189,69.31,-5.5144,116.9382,3.1933,0.0,0.0,0.0,-0.03,1652.0,0.0,3.7,150.0,0,17.1,0.05052553918560709,0.0823634666257417,-0.03,-0.04286181413982759,0.636549658991625,1.0,0.0,-2355.8557294725765,-85.33950231591706,563.882,641.983,3.635271685308704,0.012100617446459605,-0.9037556692708799,-11.776395114419145,1.5442207113585198,2.581799999999987,0.0,0.25309849377752985,final_approach,2.506354747235928,1.448344947548339,-5.227252826215331,
17.208,63.94338495,-22.60720199,709.784,644.843,0.5185,-2.0748,2.6095,0.0076,-0.0599,0.0688,65.215,69.338,-5.5183,116.9848,3.2111,0.0,0.0,0.0,-0.03,1652.0,0.0,3.7,150.0,0,17.208,0.050379822211870984,0.08246993415705879,-0.03,-0.04298125428769717,0.636509883049108,1.0,0.0,-2351.9930235410648,-85.2350241883394,563.284,641.343,3.6366054445432368,0.012142118295711499,-0.9032942732905493,-11.831555873522614,1.5523093245741961,2.589499999999987,0.0,0.2519750616832857,final_approach,2.5118829220450074,1.4445114264868764,-5.228441672213076,
17.317,63.9434196,-22.60719982,709.186,644.244,0.5191,-2.0811,2.6168,0.0031,-0.0588,0.064,65.241,69.366,-5.522,117.0313,3.229,0.0,0.0,0.0,-0.03,1652.0,0.0,3.7,150.0,0,17.317,0.05024599466077884,0.08257928512423038,-0.03,-0.04309442305046024,0.6364697996951341,1.0,0.0,-2348.1303174393247,-85.13005612361066,562.686,640.744,3.6379430197977056,0.012163654014727241,-0.9028270223392403,-11.886976032617127,1.5604417037998815,2.5968000000000018,0.0,0.2507529751749602,final_approach,2.5174318989062208,1.4406433555181088,-5.229639586466121,
17.425,63.94345428,-22.60719764,708.588,643.559,0.5192,-2.0874,2.6235,-0.0021,-0.0581,0.0595,65.267,69.393,-5.5256,117.0777,3.247,0.0,0.0,0.0,-0.03,1651.9,0.0,3.7,150.0,0,17.425,0.05012044263646892,0.08268968198553207,-0.03,-0.04319823300214237,0.6364292706475022,1.0,0.0,-2344.264266864132,-85.02459928876482,562.088,640.059,3.639288933688008,0.012213405954097156,-0.9023544751566676,-11.941637202216626,1.568617816297433,2.603499999999997,0.0,0.24984277204457334,final_approach,2.5228893260085883,1.4365725465482946,-5.230850698287515,
17.517,63.94348362,-22.60719579,708.081,643.069,0.5189,-2.0927,2.6288,-0.0067,-0.0575,0.056,65.289,69.417,-5.5285,117.1169,3.2621,0.0,0.0,0.0,-0.03,1651.9,0.0,3.7,150.0,0,17.517,0.050031326519128005,0.08278502655222605,-0.03,-0.04328031241301189,0.6363949488574402,1.0,0.0,-2340.9935077158148,-84.93510259047463,561.581,639.569,3.6404236427939405,0.0122334707333647,-0.9019512095317723,-11.987995692740084,1.5754678674880438,2.6088000000000022,0.0,0.24886892320258236,final_approach,2.5275142521681992,1.4332406292103705,-5.231876225267534,
17.625,63.94352099,-22.60719341,707.436,642.326,0.5178,-2.0993,2.6351,-0.0128,-0.0572,0.0522,65.317,69.447,-5.532,117.1666,3.2813,0.0,0.0,0.0,-0.03,1651.9,0.0,3.7,150.0,0,17.625,0.04991224151416407,0.08290914280596587,-0.03,-0.04337783371091258,0.6363507595910809,1.0,0.0,-2336.82758129326,-84.81995168540375,560.936,638.826,3.641877824661093,0.012438666764150723,-0.9014245399710937,-12.042192758563099,1.5841731476860161,2.6151000000000124,0.0,0.2498134992077276,final_approach,2.532849347620928,1.4281938552292424,-5.233196460429056,
17.733,63.94355303,-22.60719137,706.882,641.795,0.5163,-2.105,2.6402,-0.018,-0.057,0.0495,65.341,69.472,-5.535,117.2091,3.2976,0.0,0.0,0.0,-0.03,1651.9,0.0,3.7,150.0,0,17.733,0.04988226097068438,0.08301455369860762,-0.03,-0.04345674382470427,0.6363127775599433,1.0,0.0,-2333.2558317027087,-84.721251242992,560.382,638.295,3.643121741504014,0.012285180394386088,-0.9009726238104483,-12.0961459080038,1.5915534999093666,2.620200000000011,0.0,0.24730520129995506,final_approach,2.5382537140569,1.4252347299381185,-5.2343311264829495,
17.8,63.94357707,-22.60718983,706.467,641.483,0.5148,-2.1092,2.6439,-0.0213,-0.0568,0.0479,65.359,69.491,-5.5371,117.2409,3.3097,0.0,0.0,0.0,-0.03,1651.9,0.0,3.7,150.0,0,17.8,0.049831291520709586,0.08309602529580246,-0.03,-0.04351397231497861,0.63628396791308,1.0,0.0,-2330.575904570109,-84.64673636311655,559.967,637.983,3.6440616097915224,0.012575631143352483,-0.9006282717666626,-12.129473276350957,1.5970252124698163,2.623899999999992,0.0,0.24924624812886095,final_approach,2.5415074649460188,1.4219131191271863,-5.235191707082205,
17.917,63.94361447,-22.60718742,705.821,640.71,0.5121,-2.1158,2.6493,-0.0257,-0.057,0.0461,65.386,69.521,-5.5404,117.2903,3.3283,0.0,0.0,0.0,-0.03,1651.9,0.0,3.7,150.0,0,17.917,0.049809316724820085,0.08321541931381704,-0.03,-0.04359746471205528,0.6362389150505408,1.0,0.0,-2326.406633332852,-84.5301168134526,559.321,637.21,3.6455251497994885,0.01256450744562294,-0.9000844815378717,-12.18747821491312,1.6054232655918952,2.6293000000000006,0.0,0.24756651927798612,final_approach,2.547242003634171,1.417924088423952,-5.2365373688795955,
18.017,63.94364655,-22.60718535,705.267,640.251,0.5094,-2.1215,2.6539,-0.0285,-0.0569,0.0451,65.41,69.546,-5.5431,117.3325,3.3441,0.0,0.0,0.0,-0.03,1651.9,0.0,3.7,150.0,0,18.017,0.04980666012611995,0.0833243574314554,-0.03,-0.04366855949449838,0.6361999504787583,1.0,0.0,-2322.8304241593296,-84.42994811592345,558.767,636.751,3.6467848521097426,0.012569926721775952,-0.8996159030889737,-12.236814877838974,1.6125481962681079,2.6339000000000112,0.0,0.2468786538890796,final_approach,2.552111378013553,1.4145459012964139,-5.237701060386062,
18.117,63.94367863,-22.60718326,704.712,639.621,0.5065,-2.1271,2.6584,-0.0302,-0.0569,0.0447,65.434,69.571,-5.5459,117.3746,3.3597,0.0,0.0,0.0,-0.03,1651.9,0.0,3.7,150.0,0,18.117,0.04981475723725731,0.08343049201235583,-0.03,-0.043738083444445075,0.6361609111427308,1.0,0.0,-2319.254214642973,-84.3287995435708,558.212,636.121,3.6480414099891085,0.012569202067089865,-0.8991362548724443,-12.285939120400089,1.6195718004036905,2.63839999999999,0.0,0.2462533217173456,final_approach,2.556942524593012,1.41126209752343,-5.238866871210615,
18.233,63.94371341,-22.607181,704.111,638.952,0.5031,-2.1333,2.6632,-0.0314,-0.0569,0.0448,65.459,69.598,-5.5488,117.4201,3.3762,0.0,0.0,0.0,-0.03,1651.9,0.0,3.7,150.0,0,18.233,0.04986694733803626,0.08354156197234577,-0.03,-0.043812214712046604,0.6361181275244518,1.0,0.0,-2315.377015025631,-84.21942710192064,557.611,635.452,3.6494121748433814,0.012443824789058942,-0.8986186011226068,-12.342673246864765,1.6269814636968363,2.6432000000000073,0.0,0.24345913259571053,final_approach,2.5625686191704595,1.4085906287982333,-5.240144365076318,
18.3,63.94373749,-22.60717942,703.695,638.577,0.5008,-2.1375,2.6666,-0.0314,-0.0566,0.0452,65.477,69.617,-5.5508,117.4515,3.3876,0.0,0.0,0.0,-0.03,1651.9,0.0,3.7,150.0,0,18.3,0.04985913903099004,0.08362201961369316,-0.03,-0.04386470709214113,0.6360882917100099,1.0,0.0,-2312.6926281406236,-84.1429540294283,557.195,635.077,3.6503642399665805,0.012738175192870306,-0.8982517714008801,-12.375290811963959,1.6320979930441695,2.6466000000000065,0.0,0.2457498220340932,final_approach,2.5657134227153335,1.4056372429190667,-5.241035164373059,
18.4,63.94376961,-22.60717731,703.14,638.081,0.4977,-2.1431,2.6712,-0.0306,-0.0569,0.0459,65.5,69.642,-5.5535,117.4933,3.4024,0.0,0.0,0.0,-0.03,1651.9,0.0,3.7,150.0,0,18.4,0.04989356716027371,0.08372239973994407,-0.03,-0.043935703372299295,0.6360482673339964,1.0,0.0,-2309.1119592131076,-84.0408271391088,556.64,634.581,3.651636503182309,0.012735584686939444,-0.8977606037949323,-12.423815902970238,1.6387217807326238,2.6511999999999887,0.0,0.24431802003099076,final_approach,2.5704622659032594,1.4028287339404812,-5.24223005651017,
18.508,63.94380174,-22.60717519,702.584,637.52,0.4946,-2.1488,2.6758,-0.0297,-0.0569,0.0469,65.523,69.667,-5.5562,117.535,3.4171,0.0,0.0,0.0,-0.03,1651.8,0.0,3.7,150.0,0,18.508,0.04995376964353454,0.08382199589923552,-0.03,-0.044006673373053196,0.6360081169354505,1.0,0.0,-2305.530175347094,-83.93821070059165,556.084,634.02,3.652907173265876,0.012573897861905055,-0.8972637341861119,-12.475994649011646,1.6452935221884104,2.6557999999999993,0.0,0.24146756029753033,final_approach,2.5756087738956417,1.4006937964492003,-5.243428591148035,
18.6,63.94382852,-22.60717342,702.121,637.003,0.4922,-2.1535,2.6798,-0.0283,-0.0566,0.0479,65.543,69.688,-5.5585,117.5697,3.4292,0.0,0.0,0.0,-0.03,1651.8,0.0,3.7,150.0,0,18.6,0.05000681399969342,0.0839081680768231,-0.03,-0.044068365027158274,0.635974346662702,1.0,0.0,-2302.5447980182676,-83.85253388397832,555.621,633.503,3.6539716364072605,0.012406623474385158,-0.8968475174506078,-12.520244903693467,1.6506940509786148,2.65979999999999,0.0,0.23927880975665775,final_approach,2.5799796496574707,1.3991513901727721,-5.244436578992339,
18.725,63.94387139,-22.60717057,701.379,636.228,0.4887,-2.161,2.6862,-0.0245,-0.0563,0.0495,65.574,69.721,-5.5621,117.6251,3.4482,0.0,0.0,0.0,-0.03,1651.8,0.0,3.7,150.0,0,18.725,0.05001857829635359,0.08404091236084126,-0.03,-0.044167030223485504,0.6359200415993788,1.0,0.0,-2297.7657414956993,-83.71456994653596,554.879,632.728,3.6556752597553808,0.012610350692814621,-0.8961715853093818,-12.580098664758417,1.6591547127023318,2.6662000000000035,0.0,0.2400716452333192,final_approach,2.585745275153112,1.3951141395440878,-5.2460573192141275,
18.8,63.9438982,-22.60716878,700.916,635.669,0.4867,-2.1656,2.6904,-0.0224,-0.0559,0.0506,65.594,69.742,-5.5643,117.6596,3.4599,0.0,0.0,0.0,-0.03,1651.8,0.0,3.7,150.0,0,18.8,0.05001371329827209,0.08412771518822414,-0.03,-0.044231751492761706,0.6358856013110574,1.0,0.0,-2294.7770195223984,-83.62791442265471,554.416,632.169,3.6567505802448204,0.012898226664989075,-0.8957442333009363,-12.61582923559409,1.6643551869395026,2.6704000000000008,0.0,0.242489374454528,final_approach,2.589156087596546,1.3924330707557075,-5.247085079616159,
18.908,63.94393305,-22.60716644,700.313,635.138,0.4844,-2.1716,2.696,-0.0202,-0.0563,0.0519,65.619,69.768,-5.5672,117.7044,3.475,0.0,0.0,0.0,-0.03,1651.8,0.0,3.7,150.0,0,18.908,0.05002992123799255,0.08423349763626088,-0.03,-0.04431801223543619,0.635840771368529,1.0,0.0,-2290.892015165342,-83.51462520664435,553.813,631.638,3.658144424559303,0.012899516533297257,-0.8951810778991808,-12.667091806759062,1.6710584234644443,2.6759999999999877,0.0,0.24148865691152846,final_approach,2.5941138959223764,1.3898181925023003,-5.248422754105096,
19.017,63.94396792,-22.6071641,699.709,634.443,0.4823,-2.1777,2.7017,-0.0179,-0.0563,0.053,65.644,69.795,-5.5701,117.749,3.49,0.0,0.0,0.0,-0.03,1651.7,0.0,3.7,150.0,0,19.017,0.05004326884568666,0.08433842156895041,-0.03,-0.04440577304940141,0.6357957098686823,1.0,0.0,-2287.00478127333,-83.4013367687145,553.209,630.943,3.6595388617271274,0.012881764034360138,-0.894617484785658,-12.718581345702807,1.6777107784406837,2.6817000000000064,0.0,0.24038585157095255,final_approach,2.5990959607041795,1.3873158113099713,-5.249767187669949,
19.1,63.94399207,-22.60716247,699.292,634.05,0.481,-2.1819,2.7057,-0.0162,-0.0562,0.0537,65.661,69.813,-5.5722,117.7799,3.5003,0.0,0.0,0.0,-0.03,1651.7,0.0,3.7,150.0,0,19.1,0.050070539706866146,0.08440739188783074,-0.03,-0.04446733527240693,0.6357640166171256,1.0,0.0,-2284.312590160876,-83.3224167336628,552.792,630.55,3.660515696453856,0.012696318877486243,-0.894221743059647,-12.757613675320314,1.6822718174202862,2.685699999999997,0.0,0.23715252661980954,final_approach,2.602913170475457,1.3862014057557346,-5.25071268227736,
19.217,63.94403233,-22.60715974,698.595,633.408,0.4792,-2.1889,2.7124,-0.0128,-0.056,0.0545,65.69,69.844,-5.5756,117.8312,3.5173,0.0,0.0,0.0,-0.03,1651.7,0.0,3.7,150.0,0,19.217,0.05004102060730131,0.08452673195260185,-0.03,-0.04457040699933307,0.6357111991223333,1.0,0.0,-2279.824489978476,-83.19023048138662,552.095,629.908,3.6621365136553234,0.012889122143585226,-0.8935544610242162,-12.812404853926397,1.6897901156863782,2.692399999999992,0.0,0.23812622855102888,final_approach,2.6081266855808742,1.3827482924150054,-5.252288204178001,
19.325,63.94406724,-22.60715737,697.991,632.813,0.4779,-2.1949,2.7184,-0.0105,-0.0556,0.0551,65.715,69.871,-5.5785,117.8756,3.532,0.0,0.0,0.0,-0.03,1651.6,0.0,3.7,150.0,0,19.325,0.05002540729926952,0.0846295491348156,-0.03,-0.04466266213132292,0.6356649381508572,1.0,0.0,-2275.9327965034918,-83.07547378816533,551.491,629.313,3.663548934014398,0.012920596167608676,-0.8929734782034684,-12.862721332098237,1.6962853185441702,2.6983999999999924,0.0,0.23752216063562018,final_approach,2.6129551939807136,1.3802511075429535,-5.253667978138278,
19.4,63.94408873,-22.6071559,697.619,632.363,0.4773,-2.1985,2.722,-0.0093,-0.0554,0.0553,65.73,69.887,-5.5803,117.9028,3.541,0.0,0.0,0.0,-0.03,1651.6,0.0,3.7,150.0,0,19.4,0.050032836126539804,0.08469012799396029,-0.03,-0.04471799344735172,0.6356363245061466,1.0,0.0,-2273.537136252676,-83.00428924176886,551.119,628.863,3.664419232052038,0.01270115911220785,-0.8926095822906688,-12.897510247439792,1.700259299145074,2.701999999999998,0.0,0.23411105512329194,final_approach,2.616342299639822,1.379371785076838,-5.254521325796329,
19.517,63.94412635,-22.60715333,696.967,631.654,0.4763,-2.2049,2.7285,-0.007,-0.0551,0.0553,65.757,69.915,-5.5835,117.9504,3.5567,0.0,0.0,0.0,-0.03,1651.6,0.0,3.7,150.0,0,19.517,0.05000321968633059,0.08479834067116375,-0.03,-0.044817855805171114,0.6355860796673142,1.0,0.0,-2269.3433373961675,-82.8798392564027,550.467,628.154,3.665941384857077,0.0127526080992599,-0.8919735328268532,-12.951570860815519,1.7071850490817724,2.7084999999999866,0.0,0.23380725290928703,final_approach,2.621514182007939,1.376743892594213,-5.2560196361258775,
19.6,63.94415322,-22.60715148,696.502,631.217,0.4758,-2.2095,2.7331,-0.0056,-0.0545,0.0552,65.776,69.936,-5.5858,117.9844,3.5679,0.0,0.0,0.0,-0.03,1651.5,0.0,3.7,150.0,0,19.6,0.049970730805550145,0.08487344081423555,-0.03,-0.044888495375871085,0.6355497854904267,1.0,0.0,-2266.3479257926706,-82.79024644368373,550.002,627.717,3.667036149066705,0.012825495122130534,-0.8915110348487955,-12.98973359732638,1.7121216299358366,2.713099999999997,0.0,0.23336256288576016,final_approach,2.625147468095932,1.3747910639715109,-5.257101818962493,
19.725,63.94419356,-22.6071487,695.803,630.492,0.4752,-2.2162,2.74,-0.0042,-0.054,0.0547,65.805,69.966,-5.5892,118.0351,3.5846,0.0,0.0,0.0,-0.03,1651.5,0.0,3.7,150.0,0,19.725,0.04991872323767371,0.08498867841941461,-0.03,-0.044994404521947196,0.635495091714662,1.0,0.0,-2261.8509066153474,-82.65561361797545,549.303,626.992,3.6686784757360784,0.012877681494273112,-0.8908143390862501,-13.0469614997233,1.719477042500472,2.719999999999999,0.0,0.23323869353251692,final_approach,2.630591432706783,1.371926917827377,-5.258732438334942,
19.808,63.94422045,-22.60714684,695.338,630.022,0.4748,-2.2207,2.7445,-0.0035,-0.0534,0.0544,65.824,69.986,-5.5914,118.0689,3.5958,0.0,0.0,0.0,-0.03,1651.5,0.0,3.7,150.0,0,19.808,0.049879326842603766,0.08506461367468406,-0.03,-0.04506344319220673,0.6354581534214798,1.0,0.0,-2258.8532653058746,-82.56553164618613,548.838,626.522,3.6697826500281394,0.012948618699165387,-0.8903456346263414,-13.084763593914719,1.7244094312571576,2.724500000000006,0.0,0.23284569072506095,final_approach,2.634176243128948,1.3699076307362255,-5.259833577455634,
19.917,63.94425812,-22.60714423,694.685,629.294,0.4745,-2.2268,2.7508,-0.0032,-0.0531,0.0536,65.85,70.015,-5.5945,118.116,3.6113,0.0,0.0,0.0,-0.03,1651.4,0.0,3.7,150.0,0,19.917,0.04979680921922808,0.0851666404457583,-0.03,-0.04516005413460544,0.6354063944387127,1.0,0.0,-2254.6538919286872,-82.43912385733067,548.185,625.794,3.6713231642249955,0.013146041877524757,-0.8896858453766742,-13.13419804333622,1.731226016593837,2.730799999999988,0.0,0.2333626379402104,final_approach,2.6388033280178256,1.3666266673552308,-5.2613763552565445,
20.025,63.94429312,-22.60714179,694.079,628.789,0.4741,-2.2325,2.7566,-0.0037,-0.0528,0.0527,65.875,70.041,-5.5973,118.1596,3.6258,0.0,0.0,0.0,-0.03,1651.4,0.0,3.7,150.0,0,20.025,0.04973905897291636,0.08526651999435185,-0.03,-0.04524895291504333,0.635357757531428,1.0,0.0,-2250.7521643508444,-82.32094110532832,547.579,625.289,3.672763734615316,0.013178137352135534,-0.8890639525979791,-13.182933837260789,1.7376047149311091,2.73660000000001,0.0,0.23319162371669497,final_approach,2.643401635354998,1.3639586692982597,-5.262825893280866,
20.1,63.94431466,-22.60714029,693.705,628.426,0.4739,-2.236,2.7601,-0.0041,-0.0526,0.0522,65.89,70.057,-5.599,118.1864,3.6347,0.0,0.0,0.0,-0.03,1651.3,0.0,3.7,150.0,0,20.1,0.04972571702962986,0.08532600918819169,-0.03,-0.04530257800109705,0.6353278773298517,1.0,0.0,-2248.350929748788,-82.24828869276794,547.205,624.926,3.6736454197879755,0.012941081510467604,-0.8886816380016918,-13.216627625517765,1.7415169882744976,2.7401000000000124,0.0,0.2301742033788136,final_approach,2.646642075205019,1.3629518761213006,-5.26371633393612,
20.217,63.94435236,-22.60713764,693.052,627.624,0.4733,-2.2421,2.7661,-0.0046,-0.0525,0.0511,65.916,70.085,-5.602,118.2332,3.6502,0.0,0.0,0.0,-0.03,1651.3,0.0,3.7,150.0,0,20.217,0.04967042007412242,0.08542799903049096,-0.03,-0.0453944703651723,0.6352748774479917,1.0,0.0,-2244.1482113850866,-82.11992232216889,546.552,624.124,3.6752031402894327,0.013003209665357233,-0.8879986063285732,-13.268978614718687,1.7483243437285125,2.7461000000000126,0.0,0.22945129600093922,final_approach,2.651561517048421,1.3601226374731823,-5.265295587375892,
20.325,63.94439008,-22.60713499,692.398,627.045,0.4728,-2.2481,2.7721,-0.0049,-0.0518,0.0501,65.942,70.113,-5.6049,118.2798,3.6657,0.0,0.0,0.0,-0.03,1651.2,0.0,3.7,150.0,0,20.325,0.049584045489010575,0.08553101131875453,-0.03,-0.04548631673833187,0.6352215594723621,1.0,0.0,-2239.9432634872214,-81.99155672965004,545.898,623.545,3.676762352378348,0.013242199549703832,-0.8873148719722826,-13.317040297878707,1.7551292620037202,2.752100000000013,0.0,0.23047760915909973,final_approach,2.6560043693728623,1.35658271170821,-5.266884110309277,
20.425,63.94442243,-22.60713271,691.838,626.466,0.4723,-2.2533,2.777,-0.0061,-0.0514,0.0492,65.965,70.136,-5.6074,118.3197,3.6789,0.0,0.0,0.0,-0.03,1651.2,0.0,3.7,150.0,0,20.425,0.04953334369709206,0.08562202273187566,-0.03,-0.04556129043771745,0.635175273083276,1.0,0.0,-2236.3369520019555,-81.88110985543074,545.338,622.966,3.678109632350861,0.013280632912275096,-0.8867237564162358,-13.361322539194068,1.76091692099547,2.757000000000005,0.0,0.23043419014464522,final_approach,2.660147785318255,1.3541184776885657,-5.2682629687433895,
20.5,63.94444669,-22.60713099,691.417,626.06,0.4718,-2.2571,2.7807,-0.0071,-0.0512,0.0486,65.981,70.154,-5.6092,118.3495,3.6888,0.0,0.0,0.0,-0.03,1651.1,0.0,3.7,150.0,0,20.5,0.04949889482926462,0.0856851144638931,-0.03,-0.04561788284387397,0.6351405881493551,1.0,0.0,-2233.6324969096477,-81.79778466537685,544.917,622.56,3.6791154297128768,0.013302299342486314,-0.8862745351557356,-13.394389822982763,1.7652569647702876,2.7606999999999857,0.0,0.22887956679815175,final_approach,2.6632315804912032,1.3522356893585048,-5.269296119769972,
20.625,63.94448715,-22.60712812,690.716,625.286,0.4708,-2.2634,2.7867,-0.0085,-0.051,0.0475,66.009,70.184,-5.6122,118.3991,3.7053,0.0,0.0,0.0,-0.03,1651.1,0.0,3.7,150.0,0,20.625,0.04944557153907203,0.08579618864716035,-0.03,-0.045709616971934486,0.6350820664683934,1.0,0.0,-2229.1220989849917,-81.65874707344554,544.216,621.786,3.680805170683669,0.013338237413128073,-0.8855235495097847,-13.449270309075725,1.772486479289796,2.7667000000000144,0.0,0.2284359698165058,final_approach,2.6683423131785418,1.3490601044597987,-5.271039089140441,
20.725,63.94451953,-22.60712581,690.154,624.736,0.4699,-2.2685,2.7914,-0.0092,-0.0506,0.0469,66.031,70.208,-5.6146,118.4386,3.7183,0.0,0.0,0.0,-0.03,1651.0,0.0,3.7,150.0,0,20.725,0.04940970119478205,0.08588240145563397,-0.03,-0.045781443061431115,0.6350350901297921,1.0,0.0,-2225.512442685024,-81.54683155480723,543.654,621.236,3.6821550239009735,0.013364953206447747,-0.8849146241183502,-13.49293087045731,1.7781717646908533,2.7714,0.0,0.2276690634695555,final_approach,2.6723930994063103,1.3466102795382326,-5.272438017862534,
20.8,63.94454382,-22.60712407,689.733,624.257,0.4692,-2.2722,2.7949,-0.0097,-0.0504,0.0464,66.048,70.225,-5.6163,118.4681,3.7281,0.0,0.0,0.0,-0.03,1651.0,0.0,3.7,150.0,0,20.8,0.049381015614056556,0.08595100420033397,-0.03,-0.04583491211039781,0.634999492952328,1.0,0.0,-2222.804642948242,-81.46252765748544,543.233,620.757,3.683174074226036,0.013402017283290176,-0.8844534899056042,-13.525532555024085,1.7824592761214433,2.7749000000000024,0.0,0.22757793648746993,final_approach,2.675409371880086,1.3447048737934146,-5.27349797365866,
20.917,63.94457891,-22.60712156,689.124,623.723,0.4681,-2.2776,2.7999,-0.0106,-0.0502,0.0458,66.072,70.251,-5.6188,118.5107,3.7421,0.0,0.0,0.0,-0.03,1650.9,0.0,3.7,150.0,0,20.917,0.04936994678644008,0.0860460015414863,-0.03,-0.0459112690887693,0.6349479259599329,1.0,0.0,-2218.8928812667496,-81.34091884652824,542.624,620.223,3.68464451474308,0.013262992347248972,-0.8837884298603834,-13.576186224353156,1.7885735829144096,2.779899999999998,0.0,0.22553705181844644,final_approach,2.680161926405283,1.3426637592766184,-5.275033288058964,
21.0,63.94460592,-22.60711962,688.656,623.203,0.4672,-2.2818,2.8037,-0.0107,-0.0498,0.0455,66.09,70.27,-5.6208,118.5434,3.7529,0.0,0.0,0.0,-0.03,1650.9,0.0,3.7,150.0,0,21.0,0.04934166473962559,0.08611519489184731,-0.03,-0.04596927882603036,0.634907779001462,1.0,0.0,-2215.881861380173,-81.24692204601511,542.156,619.703,3.6857846263782372,0.013341874416195547,-0.8832715953940719,-13.611936984883487,1.7932897926074531,2.7837000000000103,0.0,0.2247489080058177,final_approach,2.6834547521371803,1.3405302191049842,-5.276228456415559,
21.108,63.94464374,-22.60711689,688.0,622.578,0.466,-2.2875,2.809,-0.0107,-0.0495,0.045,66.116,70.297,-5.6234,118.589,3.7678,0.0,0.0,0.0,-0.03,1650.8,0.0,3.7,150.0,0,21.108,0.04928141727489821,0.0862187922958809,-0.03,-0.046050155997421516,0.6348513310887015,1.0,0.0,-2211.66576444016,-81.11464084669194,541.5,619.078,3.6873808096508296,0.013581474471200545,-0.882539686913092,-13.658248297924521,1.799784650948709,2.7889999999999873,0.0,0.22620271098171654,final_approach,2.6876394325274866,1.3370673434935583,-5.277908701589407,
21.208,63.94467617,-22.60711454,687.438,622.038,0.4649,-2.2924,2.8135,-0.0112,-0.0493,0.0448,66.137,70.321,-5.6256,118.6279,3.7805,0.0,0.0,0.0,-0.03,1650.7,0.0,3.7,150.0,0,21.208,0.04925275336344476,0.08630171694226584,-0.03,-0.0461187967779616,0.6348024314964004,1.0,0.0,-2208.050533618722,-81.0007675245646,540.938,618.538,3.6887571557376644,0.01361180553739182,-0.8819063153026662,-13.700911435128372,1.8053160526197871,2.7934999999999945,0.0,0.22472973725610706,final_approach,2.6915470250357103,1.334633235735275,-5.279364072482441,
21.325,63.94471131,-22.60711199,686.828,621.371,0.4637,-2.2977,2.8184,-0.0118,-0.049,0.0446,66.161,70.346,-5.628,118.67,3.7942,0.0,0.0,0.0,-0.03,1650.7,0.0,3.7,150.0,0,21.325,0.04924565993273977,0.0863962959018781,-0.03,-0.046193509136576716,0.6347493045436136,1.0,0.0,-2204.133197415759,-80.87720091011833,540.328,617.871,3.6902458495375368,0.013463817719724472,-0.8812170990139467,-13.750580281116003,1.8112767808367778,2.7983999999999867,0.0,0.22294777978993474,final_approach,2.696158184680506,1.3326101707030062,-5.280945061442495,
21.4,63.94473836,-22.60711002,686.359,620.9,0.4627,-2.3017,2.8221,-0.0117,-0.0486,0.0445,66.179,70.365,-5.6299,118.7022,3.8046,0.0,0.0,0.0,-0.03,1650.6,0.0,3.7,150.0,0,21.4,0.04920469917062226,0.08646564570315725,-0.03,-0.04624990396162543,0.634707991679612,1.0,0.0,-2201.1177179470033,-80.78173585431348,539.859,617.4,3.6913987749478894,0.013781904567220667,-0.880682081808343,-13.782254986548837,1.8157951408798567,2.802099999999996,0.0,0.22449798162721443,final_approach,2.698975343133334,1.3300599310973418,-5.2821743357277136,
21.508,63.94477082,-22.60710765,685.796,620.277,0.4615,-2.3065,2.8265,-0.0118,-0.0487,0.0444,66.201,70.388,-5.632,118.7408,3.8171,0.0,0.0,0.0,-0.03,1650.6,0.0,3.7,150.0,0,21.508,0.04920182641133075,0.086553508553253,-0.03,-0.04631694494369293,0.6346581414974588,1.0,0.0,-2197.499142481883,-80.66688382491793,539.296,616.777,3.692784519660474,0.013623415399511746,-0.8800360434498297,-13.827682761289843,1.8212241684758794,2.8064999999999998,0.0,0.22260759272506972,final_approach,2.703172083384036,1.3282125899624226,-5.283657473791212,
21.617,63.94480599,-22.60710508,685.185,619.638,0.4603,-2.3118,2.8313,-0.0115,-0.0483,0.0444,66.224,70.413,-5.6344,118.7825,3.8305,0.0,0.0,0.0,-0.03,1650.5,0.0,3.7,150.0,0,21.617,0.04917595142742315,0.08664198020708254,-0.03,-0.04639005186122652,0.6346039752457738,1.0,0.0,-2193.5784616352385,-80.54233850337755,538.685,616.138,3.694283587292928,0.013644998509461924,-0.8793339213498095,-13.87328957801762,1.8270351457473453,2.8112999999999886,0.0,0.22155319105115592,final_approach,2.707315983446623,1.3257133923326165,-5.285268817247136,
21.742,63.94484389,-22.60710229,684.528,618.956,0.459,-2.3173,2.8365,-0.0108,-0.0478,0.0444,66.249,70.44,-5.6368,118.8273,3.8449,0.0,0.0,0.0,-0.03,1650.4,0.0,3.7,150.0,0,21.742,0.04916703686146745,0.08674129197380723,-0.03,-0.04646921718195418,0.6345447813213146,1.0,0.0,-2189.353445529281,-80.40712079329744,538.028,615.456,3.695913974822019,0.01354468213000635,-0.878565145474068,-13.925304847960138,1.8332753754170596,2.8164999999999907,0.0,0.2195938100464992,final_approach,2.7120831682122457,1.3235050243587168,-5.28702947938374,
21.825,63.94487367,-22.6071001,684.011,618.429,0.458,-2.3216,2.8406,-0.0102,-0.0472,0.0444,66.269,70.461,-5.6388,118.8623,3.8561,0.0,0.0,0.0,-0.03,1650.3,0.0,3.7,150.0,0,21.825,0.04912093532746903,0.08681825373127022,-0.03,-0.04653161114611143,0.6344981144245998,1.0,0.0,-2186.0336308020037,-80.30098334895256,537.511,614.929,3.6971936434079065,0.013856850742650622,-0.8779614123196153,-13.959648968436642,1.8381231748494145,2.820600000000013,0.0,0.22153654144425514,final_approach,2.7151065171235587,1.32076976431658,-5.288417357722182,
21.9,63.94490076,-22.6070981,683.541,618.01,0.4572,-2.3255,2.8443,-0.0098,-0.0473,0.0444,66.286,70.48,-5.6405,118.8941,3.8662,0.0,0.0,0.0,-0.03,1650.3,0.0,3.7,150.0,0,21.9,0.049074684691238046,0.08688492765498415,-0.03,-0.046587899065641813,0.6344553228949469,1.0,0.0,-2183.0136917502755,-80.20405003785625,537.041,614.51,3.6983626912143803,0.014145259633261912,-0.8774073577924942,-13.990555397849988,1.842488662998818,2.824299999999994,0.0,0.2220029164644696,final_approach,2.717813246647612,1.3182828466671275,-5.289689842623421,
22.008,63.94493598,-22.60709549,682.93,617.359,0.4561,-2.3306,2.8491,-0.0104,-0.0473,0.0444,66.309,70.505,-5.6427,118.9352,3.8793,0.0,0.0,0.0,-0.03,1650.2,0.0,3.7,150.0,0,22.008,0.049043460693621255,0.08697529396941023,-0.03,-0.046660894581977086,0.6343992955867692,1.0,0.0,-2179.087436382953,-80.0775469126525,536.43,613.859,3.699887111866676,0.014140217367680473,-0.8766808250232158,-14.034870927520236,1.848149605596575,2.829100000000011,0.0,0.22118110250978382,final_approach,2.7217817759570124,1.3157454062610014,-5.2913557159566835,
22.117,63.94496851,-22.60709308,682.365,616.875,0.455,-2.3353,2.8536,-0.0106,-0.0472,0.0443,66.33,70.527,-5.6448,118.9731,3.8913,0.0,0.0,0.0,-0.03,1650.1,0.0,3.7,150.0,0,22.117,0.04904365815864431,0.0870559161666987,-0.03,-0.04672930051025387,0.6343473324674687,1.0,0.0,-2175.461056861407,-79.96073785802244,535.865,613.375,3.7012947188125964,0.013935818671722331,-0.8760091652746986,-14.079362562165189,1.853327785833926,2.83359999999999,0.0,0.21858832505059617,final_approach,2.7258403864842435,1.3140667956703744,-5.29290054338686,
22.2,63.94499562,-22.60709106,681.895,616.405,0.4542,-2.3392,2.8572,-0.0103,-0.047,0.0443,66.348,70.546,-5.6465,119.0046,3.9013,0.0,0.0,0.0,-0.03,1650.1,0.0,3.7,150.0,0,22.2,0.04901671114245171,0.08712595808319282,-0.03,-0.04678400616062944,0.6343035236235433,1.0,0.0,-2172.4388879334747,-79.86282545053065,535.395,612.905,3.7024768327278914,0.013986904947911208,-0.8754425037650304,-14.113071386889029,1.8576417070632942,2.8371999999999957,0.0,0.21843188367140837,final_approach,2.7288406310345508,1.3120971168051199,-5.294202797145893,
22.325,63.9450363,-22.60708802,681.189,615.555,0.4529,-2.345,2.8628,-0.0094,-0.0468,0.0442,66.374,70.574,-5.649,119.0516,3.9162,0.0,0.0,0.0,-0.03,1650.0,0.0,3.7,150.0,0,22.325,0.048983119808796605,0.08722701033080865,-0.03,-0.04686907006414004,0.634237487042261,1.0,0.0,-2167.903962219339,-79.71546748574606,534.689,612.055,3.7042508651143344,0.014021130638516706,-0.874586193360896,-14.163590196947103,1.8640641474885058,2.842800000000011,0.0,0.21748353061036851,final_approach,2.733327673154548,1.309195178932665,-5.296165524731112,
22.4,63.94506343,-22.60708599,680.718,615.191,0.4522,-2.3489,2.8665,-0.009,-0.0464,0.0441,66.392,70.593,-5.6507,119.0829,3.926,0.0,0.0,0.0,-0.03,1649.9,0.0,3.7,150.0,0,22.4,0.04893527515648577,0.08729622158677337,-0.03,-0.046925250415541464,0.6341931602405161,1.0,0.0,-2164.879563585431,-79.61706591935804,534.218,611.691,3.7054364375141975,0.014318880865126293,-0.8740128912033972,-14.19373218829499,1.8682793772768207,2.846499999999992,0.0,0.21953048237306333,final_approach,2.7359242122152203,1.306768046654529,-5.297482820253094,
22.508,63.94509599,-22.60708354,680.153,614.539,0.4513,-2.3535,2.8709,-0.009,-0.0465,0.0439,66.413,70.615,-5.6527,119.1203,3.9378,0.0,0.0,0.0,-0.03,1649.9,0.0,3.7,150.0,0,22.508,0.048923108415711125,0.08737712407709021,-0.03,-0.04699203606052149,0.6341395432203013,1.0,0.0,-2161.2498390781625,-79.49829828298411,533.653,611.039,3.7068649328367176,0.014136868811247356,-0.8733165932601387,-14.236952944489222,1.8733564618850949,2.8508999999999958,0.0,0.2172499334704622,final_approach,2.739809507321432,1.3049809894814324,-5.299076009966573,
22.617,63.94513128,-22.60708089,679.54,614.016,0.4503,-2.3585,2.8756,-0.0088,-0.0463,0.0437,66.435,70.64,-5.6549,119.1607,3.9505,0.0,0.0,0.0,-0.03,1649.8,0.0,3.7,150.0,0,22.617,0.04889114469778216,0.08746050908449905,-0.03,-0.047063347132103805,0.6340811623715401,1.0,0.0,-2157.3157796544147,-79.36983813254584,533.04,610.516,3.708413513961259,0.014148585056072272,-0.8725637376857283,-14.280334796198655,1.8788148396546092,2.8556000000000097,0.0,0.21584856337181735,final_approach,2.743639427497431,1.3025391074107056,-5.300810515927395,
22.742,63.9451693,-22.60707802,678.88,613.271,0.4493,-2.3638,2.8807,-0.0083,-0.0458,0.0434,66.459,70.665,-5.6573,119.204,3.9641,0.0,0.0,0.0,-0.03,1649.7,0.0,3.7,150.0,0,22.742,0.04887287190422307,0.08755061745602294,-0.03,-0.047140694304572295,0.6340176486305729,1.0,0.0,-2153.0773849713532,-79.23070559374189,532.38,609.771,3.71009026089996,0.014026150131661428,-0.8717432847783749,-14.32980131181179,1.8846553000909978,2.8607000000000085,0.0,0.21368051215619824,final_approach,2.7480552795497992,1.3004028488106485,-5.302697240243944,
22.825,63.94519918,-22.60707575,678.362,612.763,0.4486,-2.3679,2.8847,-0.0078,-0.0452,0.0432,66.478,70.686,-5.6591,119.238,3.9747,0.0,0.0,0.0,-0.03,1649.6,0.0,3.7,150.0,0,22.825,0.048817496411007855,0.08762331326035268,-0.03,-0.047201334743357914,0.6339671767740092,1.0,0.0,-2149.7464212019277,-79.12065254241865,531.862,609.263,3.711416846252447,0.014352284452061454,-0.8710897519348105,-14.362455977593033,1.8892004312742756,2.864699999999999,0.0,0.21506552583749852,final_approach,2.750825787493067,1.2977416638998136,-5.304196336864539,
22.925,63.9452345,-22.60707307,677.749,612.191,0.4477,-2.3728,2.8893,-0.0077,-0.045,0.0429,66.501,70.71,-5.6613,119.2779,3.9873,0.0,0.0,0.0,-0.03,1649.5,0.0,3.7,150.0,0,22.925,0.0487557457021886,0.08770962226720429,-0.03,-0.04727104512087271,0.6339072729442181,1.0,0.0,-2145.809016963478,-78.99072374756139,531.249,608.691,3.712984690716347,0.014573311149884163,-0.8703179259263222,-14.401612916927022,1.8946079944408893,2.8693000000000097,0.0,0.21642320530682593,final_approach,2.7541630867190143,1.294637052339663,-5.30597533902116,
23.0,63.94525624,-22.60707142,677.371,611.722,0.4472,-2.3757,2.8922,-0.008,-0.0449,0.0427,66.514,70.724,-5.6626,119.3025,3.9949,0.0,0.0,0.0,-0.03,1649.5,0.0,3.7,150.0,0,23.0,0.04875303127011538,0.08775870917850617,-0.03,-0.04731497858797917,0.6338703550935959,1.0,0.0,-2143.385484448937,-78.91073005836887,530.871,608.222,3.7139473751020184,0.014283724593062593,-0.8698420473715016,-14.430847038187567,1.8978593665967196,2.8721999999999923,0.0,0.21250594421831587,final_approach,2.7567840320886106,1.2936916316750136,-5.307071582542857,
23.108,63.94529159,-22.60706872,676.757,611.18,0.4463,-2.3806,2.8968,-0.0084,-0.045,0.0423,66.536,70.748,-5.6647,119.3422,4.0074,0.0,0.0,0.0,-0.03,1649.4,0.0,3.7,150.0,0,23.108,0.048710750691971616,0.08784204534060033,-0.03,-0.047384643322531894,0.633809777513505,1.0,0.0,-2139.444735566012,-78.77982255641774,530.257,607.68,3.715521212754766,0.014331865637347915,-0.8690580942457434,-14.472754263028632,1.9032163227105912,2.876800000000003,0.0,0.2117057405351739,final_approach,2.760409692968601,1.291095245313052,-5.308870167556499,
23.233,63.94533238,-22.6070656,676.049,610.428,0.4453,-2.3861,2.9021,-0.0085,-0.0444,0.0419,66.562,70.776,-5.6671,119.3879,4.0216,0.0,0.0,0.0,-0.03,1649.3,0.0,3.7,150.0,0,23.233,0.04866554932004924,0.08794064246174332,-0.03,-0.047464874444754,0.6337391611665647,1.0,0.0,-2134.8975460414586,-78.62854937360828,529.549,606.928,3.7173468635414837,0.014377422413413386,-0.8681495859661255,-14.520969818511778,1.9092877600998008,2.8821000000000083,0.0,0.21136885503197356,final_approach,2.76457243691603,1.2882327400347293,-5.310966474764534,
23.3,63.94535687,-22.60706373,675.624,609.891,0.4446,-2.3894,2.9052,-0.0084,-0.044,0.0417,66.577,70.792,-5.6685,119.4152,4.0301,0.0,0.0,0.0,-0.03,1649.2,0.0,3.7,150.0,0,23.3,0.04862190849500464,0.08799789520957203,-0.03,-0.04751178480749996,0.6336964387268134,1.0,0.0,-2132.1674487342334,-78.53788407413,529.124,606.391,3.7184467254096045,0.014717160140831628,-0.8676051035905841,-14.546669194524338,1.9129207269456288,2.8851999999999975,0.0,0.21250628612133354,final_approach,2.7667134152930366,1.2859951181333287,-5.312234552373315,
23.408,63.94539224,-22.60706101,675.01,609.343,0.4437,-2.3941,2.9097,-0.0091,-0.0442,0.0412,66.599,70.815,-5.6706,119.4545,4.0423,0.0,0.0,0.0,-0.03,1649.1,0.0,3.7,150.0,0,23.408,0.04858230692674176,0.08808014530276682,-0.03,-0.047579857780992274,0.6336343823019501,1.0,0.0,-2128.2244699743123,-78.40599747578369,528.51,605.843,3.7200381679161336,0.014720229911386058,-0.8668073017555903,-14.587916374013654,1.9181302853417321,2.889700000000005,0.0,0.21170605135609907,final_approach,2.770247646763991,1.2834824730669325,-5.314076262201215,
23.525,63.94542763,-22.60705828,674.395,608.664,0.4427,-2.3989,2.9142,-0.0096,-0.044,0.0408,66.621,70.839,-5.6726,119.4937,4.0545,0.0,0.0,0.0,-0.03,1649.1,0.0,3.7,150.0,0,23.525,0.04856641319057636,0.08816373391640053,-0.03,-0.04764790382672607,0.6335719884529638,1.0,0.0,-2124.2792615084163,-78.27362171854114,527.895,605.164,3.7216309931517477,0.014535840076602542,-0.8660032463255553,-14.63234587997509,1.9233380100576483,2.894200000000012,0.0,0.20955406378137356,final_approach,2.774125659360184,1.2814881340035065,-5.315927706057906,
23.608,63.94545486,-22.60705618,673.923,608.204,0.4419,-2.4025,2.9176,-0.0095,-0.0437,0.0405,66.638,70.857,-5.6742,119.5238,4.0638,0.0,0.0,0.0,-0.03,1649.0,0.0,3.7,150.0,0,23.608,0.04853938073984987,0.0882271372128924,-0.03,-0.04769929851605492,0.6335233195229493,1.0,0.0,-2121.2437140033803,-78.17179448232552,527.423,604.704,3.7228684408083024,0.014598034715551551,-0.8653840397364376,-14.66368993167195,1.927301967475671,2.8976000000000113,0.0,0.20912362862929876,final_approach,2.7767943608679566,1.2795454351191822,-5.317371688741492,
23.733,63.94549572,-22.60705302,673.213,607.415,0.4407,-2.4079,2.9226,-0.0092,-0.0436,0.0401,66.663,70.884,-5.6766,119.5687,4.0777,0.0,0.0,0.0,-0.03,1648.9,0.0,3.7,150.0,0,23.733,0.04849881370291703,0.08831964005219217,-0.03,-0.047774850953312686,0.6334502276841133,1.0,0.0,-2116.6887204239847,-78.018564274281,526.713,603.915,3.7247187330557705,0.014632085259583804,-0.8644487245929188,-14.710647314197432,1.9332242758731297,2.9026000000000067,0.0,0.20829420784481084,final_approach,2.7807823276133874,1.2766441288309558,-5.319539966381363,
23.817,63.94552296,-22.6070509,672.74,606.965,0.44,-2.4115,2.9259,-0.0091,-0.0432,0.0398,66.679,70.902,-5.6781,119.5985,4.0869,0.0,0.0,0.0,-0.03,1648.8,0.0,3.7,150.0,0,23.817,0.0484694174567753,0.08838034296020766,-0.03,-0.047824697290570206,0.63340104235262,1.0,0.0,-2113.6520578094296,-77.91575755271701,526.24,603.465,3.725958412714811,0.014653086246162295,-0.8638170237280683,-14.742018131710838,1.9371402675367335,2.9059000000000026,0.0,0.20667438808403302,final_approach,2.783437606173173,1.2747531484636951,-5.320998838379882,
23.917,63.94555839,-22.60704814,672.125,606.444,0.439,-2.4161,2.9302,-0.0093,-0.0431,0.0395,66.701,70.925,-5.6801,119.6371,4.0988,0.0,0.0,0.0,-0.03,1648.7,0.0,3.7,150.0,0,23.917,0.04841309256644355,0.08846269084444962,-0.03,-0.04788962675392261,0.6333365686438251,1.0,0.0,-2109.7023897605613,-77.78191354000892,525.625,602.944,3.7275768942692307,0.01490837446250116,-0.8629928705989596,-14.779177358331697,1.942201706182118,2.9102000000000032,0.0,0.20788580734911277,final_approach,2.7864848240405493,1.271731886248972,-5.322910911084275,
24.025,63.94559384,-22.60704538,671.509,605.8,0.438,-2.4208,2.9345,-0.0098,-0.0429,0.0391,66.722,70.948,-5.6821,119.6756,4.1106,0.0,0.0,0.0,-0.03,1648.6,0.0,3.7,150.0,0,24.025,0.0483770300819219,0.08854081350580993,-0.03,-0.04795453149498141,0.6332717413821214,1.0,0.0,-2105.7504921775294,-77.6480703055551,525.009,602.3,3.7291968711656587,0.014923609731757225,-0.8621678365000204,-14.819086446183704,1.9472136722499727,2.914500000000004,0.0,0.20666386526687136,final_approach,2.7898348867597242,1.2692390199876193,-5.324833167841941,
24.1,63.94561838,-22.60704346,671.083,605.324,0.4372,-2.4239,2.9374,-0.0101,-0.0428,0.0389,66.737,70.964,-5.6835,119.7022,4.1187,0.0,0.0,0.0,-0.03,1648.5,0.0,3.7,150.0,0,24.1,0.04835696807552414,0.08859623202781196,-0.03,-0.0479982904867452,0.6332264496918154,1.0,0.0,-2103.014820177814,-77.55495726526291,524.583,601.824,3.7303243313597374,0.014941808541083642,-0.8615908506899491,-14.846658043869992,1.9506493761391255,2.9173999999999864,0.0,0.20605805933351942,final_approach,2.7921401819936023,1.2675433642262917,-5.326175977159743,
24.233,63.9456593,-22.60704025,670.372,604.58,0.4359,-2.4292,2.9423,-0.0103,-0.0427,0.0385,66.761,70.99,-5.6858,119.7463,4.1322,0.0,0.0,0.0,-0.03,1648.4,0.0,3.7,150.0,0,24.233,0.04833917985392827,0.08868502645249124,-0.03,-0.048072202488940396,0.6331505706182826,1.0,0.0,-2098.45313713845,-77.3992797057058,523.872,601.08,3.7322053112612714,0.01480862478866498,-0.8606227798462452,-14.895300689595052,1.9563759738650788,2.922300000000007,0.0,0.20373015646861373,final_approach,2.7962713433682467,1.2651501009979143,-5.328425312290822,
24.3,63.94568386,-22.60703833,669.946,604.109,0.4352,-2.4324,2.9452,-0.0101,-0.0423,0.0384,66.776,71.006,-5.6872,119.7727,4.1402,0.0,0.0,0.0,-0.03,1648.4,0.0,3.7,150.0,0,24.3,0.048297489210181954,0.08874009829497821,-0.03,-0.048115931158961955,0.6331044878196576,1.0,0.0,-2095.715235603779,-77.30616744366817,523.446,600.609,3.733342889102362,0.015170316281823982,-0.8600445361298429,-14.919657501975657,1.9597631003786375,2.9251999999999896,0.0,0.20556201470009733,final_approach,2.798219294286099,1.2629911910985285,-5.329791174671893,
24.408,63.94571661,-22.60703575,669.377,603.532,0.4342,-2.4366,2.949,-0.0102,-0.0424,0.0381,66.795,71.027,-5.689,119.8078,4.1509,0.0,0.0,0.0,-0.03,1648.3,0.0,3.7,150.0,0,24.408,0.048284465601529214,0.0888106545892398,-0.03,-0.04817321370573774,0.6330429236130258,1.0,0.0,-2092.0643282935453,-77.1810380160105,522.877,600.032,3.7348570685029685,0.014978626840727701,-0.8592617432719234,-14.958747003241912,1.964294502333388,2.929000000000002,0.0,0.2028678248115408,final_approach,2.8015325815258727,1.2611638591737453,-5.331615657963599,
24.533,63.94575756,-22.60703252,668.666,602.914,0.4329,-2.4418,2.9537,-0.01,-0.0419,0.0378,66.82,71.053,-5.6913,119.8514,4.1641,0.0,0.0,0.0,-0.03,1648.1,0.0,3.7,150.0,0,24.533,0.04824943645641128,0.0889022642861957,-0.03,-0.048244036328578044,0.6329651847823441,1.0,0.0,-2087.4993006105005,-77.02438174918521,522.166,599.414,3.7367600804202996,0.015019538257047898,-0.8582791971642301,-15.003703790373933,1.9698759907092835,2.9336999999999875,0.0,0.2026071134650309,final_approach,2.8052369433003292,1.2583478587011534,-5.33391909607116,
24.617,63.94578487,-22.60703036,668.191,602.447,0.4321,-2.4453,2.9569,-0.0098,-0.0414,0.0377,66.836,71.07,-5.6928,119.8804,4.1729,0.0,0.0,0.0,-0.03,1648.1,0.0,3.7,150.0,0,24.617,0.048223948950065876,0.08896115598415154,-0.03,-0.04829223898333368,0.632913193416215,1.0,0.0,-2084.454833940312,-76.91961800221235,521.691,598.947,3.7380272789532305,0.015030564684307567,-0.8576197454655163,-15.03373347837999,1.9735958142430547,2.9369000000000085,0.0,0.20150430228423308,final_approach,2.807707168933998,1.2564732119816142,-5.335459383528779,
24.708,63.94581492,-22.60702798,667.669,601.835,0.4312,-2.449,2.9603,-0.0097,-0.0414,0.0375,66.853,71.089,-5.6945,119.9122,4.1825,0.0,0.0,0.0,-0.03,1648.0,0.0,3.7,150.0,0,24.708,0.04819389323630818,0.08902279853161993,-0.03,-0.048343439195948246,0.6328554321368642,1.0,0.0,-2081.1049172441253,-76.80418225600084,521.169,598.335,3.7394299764812944,0.015094513661948462,-0.8568914303707815,-15.06610827365931,1.9776490085164369,2.9403000000000077,0.0,0.20016874633231616,final_approach,2.8103478130451904,1.2543540628548797,-5.337170382975486,
24.833,63.94585591,-22.60702472,666.957,601.185,0.43,-2.4541,2.965,-0.0097,-0.0411,0.0372,66.877,71.115,-5.6967,119.9554,4.1955,0.0,0.0,0.0,-0.03,1647.9,0.0,3.7,150.0,0,24.833,0.04815440761445994,0.08911164166966547,-0.03,-0.04841419030400124,0.6327760149179368,1.0,0.0,-2076.5354299781075,-76.64605773371004,520.457,597.685,3.7413498606604914,0.015138606957219683,-0.8558890257931051,-15.110318950743201,1.9831319575696682,2.944999999999993,0.0,0.19942613302937898,final_approach,2.8139435882414574,1.2515228008749588,-5.339522483825906,
24.908,63.94588325,-22.60702255,666.483,600.595,0.4292,-2.4575,2.9681,-0.0096,-0.0407,0.0371,66.893,71.132,-5.6982,119.9841,4.2041,0.0,0.0,0.0,-0.03,1647.8,0.0,3.7,150.0,0,24.908,0.04811005974954241,0.08917022764266797,-0.03,-0.04846083961699982,0.6327223779358092,1.0,0.0,-2073.4876188344656,-76.54080521696821,519.983,597.095,3.7426408760858907,0.015484428965237034,-0.8552218413571363,-15.136684791468129,1.986754918108545,2.948100000000011,0.0,0.20069042396610784,final_approach,2.8159984739623525,1.2491702127270763,-5.341110796505024,
25.017,63.94591879,-22.60701971,665.865,600.002,0.4281,-2.4619,2.9721,-0.01,-0.0409,0.0369,66.914,71.154,-5.7001,120.0212,4.2152,0.0,0.0,0.0,-0.03,1647.7,0.0,3.7,150.0,0,25.017,0.04808034530354871,0.08924745935286334,-0.03,-0.048521013101091914,0.6326527214775876,1.0,0.0,-2069.525686976763,-76.40304598640874,519.365,596.502,3.7443107705299625,0.015457046223434329,-0.8543428689505205,-15.174811542774734,1.9914275256330143,2.9521000000000015,0.0,0.19996043546543676,final_approach,2.8190804652806882,1.2467837506155774,-5.343173176147818,
25.1,63.9459434,-22.60701774,665.438,599.504,0.4274,-2.4649,2.9749,-0.0101,-0.0408,0.0367,66.928,71.17,-5.7014,120.0469,4.2228,0.0,0.0,0.0,-0.03,1647.6,0.0,3.7,150.0,0,25.1,0.04807557307041915,0.08929930643677084,-0.03,-0.04856312167166915,0.6326038850230274,1.0,0.0,-2066.7822107503935,-76.30748598355692,518.938,596.004,3.745477073409175,0.015222845505898787,-0.853731547082943,-15.203687615914275,1.9946201071032021,2.954900000000009,0.0,0.1971162775863176,final_approach,2.8214846665544115,1.2456008932478149,-5.3446189136782145,
25.225,63.94598444,-22.60701446,664.725,598.913,0.4261,-2.47,2.9794,-0.0097,-0.0407,0.0364,66.952,71.195,-5.7036,120.0894,4.2355,0.0,0.0,0.0,-0.03,1647.5,0.0,3.7,150.0,0,25.225,0.04803978665291958,0.08938707118041254,-0.03,-0.04863077393654475,0.6325221372616264,1.0,0.0,-2062.2071493057388,-76.14838353242654,518.225,595.413,3.7474212176618975,0.015277896925212458,-0.852713492063387,-15.246928104022555,1.9999594978356185,2.959399999999988,0.0,0.1966511614421076,final_approach,2.8249524112907167,1.2427926883675084,-5.347038566364272,
25.317,63.9460118,-22.60701226,664.249,598.345,0.4253,-2.4733,2.9825,-0.0093,-0.0404,0.0363,66.967,71.212,-5.7051,120.1177,4.2439,0.0,0.0,0.0,-0.03,1647.4,0.0,3.7,150.0,0,25.317,0.048032988516848785,0.08944122891990236,-0.03,-0.048677362877098396,0.6324674321497677,1.0,0.0,-2059.1571081140805,-76.0416619821387,517.749,594.845,3.7487165994442675,0.015078286898492273,-0.8520264579176823,-15.278557291965312,2.0034857740089365,2.9625000000000057,0.0,0.19359591751654126,final_approach,2.8275631321091517,1.2414189675360454,-5.3486575180657105,
25.4,63.94604191,-22.60700984,663.726,597.786,0.4245,-2.477,2.9858,-0.009,-0.0403,0.0361,66.984,71.231,-5.7067,120.1487,4.2531,0.0,0.0,0.0,-0.03,1647.3,0.0,3.7,150.0,0,25.4,0.04798212201245455,0.08950343563695856,-0.03,-0.04872694324147364,0.6324065896347032,1.0,0.0,-2055.800502129738,-75.92426882139107,517.226,594.286,3.7501520739013725,0.015447717911605088,-0.851270038832065,-15.306942030013936,2.0073458821291865,2.9658000000000015,0.0,0.1946162229339819,final_approach,2.8297257387048873,1.23887194796378,-5.350457851333843,
25.533,63.94608298,-22.60700653,663.013,597.072,0.4234,-2.482,2.9903,-0.009,-0.04,0.0358,67.008,71.256,-5.7089,120.1908,4.2655,0.0,0.0,0.0,-0.03,1647.1,0.0,3.7,150.0,0,25.533,0.047958053532549505,0.08959055324055411,-0.03,-0.04879452901760439,0.6323228347085916,1.0,0.0,-2051.222095869589,-75.76369772584195,516.513,593.572,3.7521192133006864,0.015338185226229656,-0.8502316647579785,-15.352162065093687,2.0125400939602116,2.970300000000009,0.0,0.19332848701448827,final_approach,2.833385638525172,1.2365697325427618,-5.352935734270083,
25.617,63.94611311,-22.60700409,662.489,596.582,0.4226,-2.4856,2.9936,-0.0088,-0.0395,0.0356,67.025,71.274,-5.7105,120.2215,4.2746,0.0,0.0,0.0,-0.03,1647.0,0.0,3.7,150.0,0,25.617,0.047908809522913764,0.08965229849978226,-0.03,-0.04884407444158456,0.6322611950130955,1.0,0.0,-2047.86326000825,-75.6453254688732,515.989,593.082,3.7535604201192925,0.015641358360362116,-0.8494622657059453,-15.380530841630724,2.016352956060672,2.9736000000000047,0.0,0.19415143841145058,final_approach,2.8355295602105244,1.2340654509550717,-5.354759022069164,
25.7,63.9461405,-22.60700188,662.013,596.154,0.4219,-2.4888,2.9965,-0.0088,-0.0395,0.0354,67.04,71.291,-5.7119,120.2493,4.2828,0.0,0.0,0.0,-0.03,1647.0,0.0,3.7,150.0,0,25.7,0.04787814899115822,0.08970779672527426,-0.03,-0.04888760213927912,0.6322046977981348,1.0,0.0,-2044.8098743439305,-75.53811514846797,515.513,592.654,3.754876595408096,0.015677387566975644,-0.8487664183115762,-15.408425652355406,2.019784729407405,2.9764999999999873,0.0,0.19293066142552556,final_approach,2.8377157970523044,1.2321964568940231,-5.356429960047269,
25.817,63.94618161,-22.60699855,661.299,595.356,0.4207,-2.4937,3.001,-0.0092,-0.0395,0.0351,67.063,71.316,-5.7141,120.291,4.295,0.0,0.0,0.0,-0.03,1646.8,0.0,3.7,150.0,0,25.817,0.04782332386460203,0.08979084024027802,-0.03,-0.04895512246496414,0.632119123622732,1.0,0.0,-2040.2270086726217,-75.376565734952,514.799,591.856,3.756861526861877,0.01589202732259504,-0.8477132935666906,-15.447515247658524,2.024881817520253,2.9809999999999945,0.0,0.19326252825785614,final_approach,2.8406787741427486,1.2289940313778729,-5.358960435719624,
25.925,63.94621724,-22.60699565,660.68,594.672,0.4197,-2.498,3.0047,-0.0098,-0.0394,0.0348,67.083,71.337,-5.716,120.3269,4.3055,0.0,0.0,0.0,-0.03,1646.7,0.0,3.7,150.0,0,25.925,0.04778703869440676,0.08986291771501477,-0.03,-0.04901061851779187,0.6320443844596206,1.0,0.0,-2036.2550428814977,-75.23587038293691,514.18,591.172,3.7585867382916667,0.015905719419739145,-0.8467913575159686,-15.483357659378678,2.029265619703068,2.9847000000000037,0.0,0.19252822434215536,final_approach,2.843451801603795,1.2265768540044775,-5.361170090401458,
26.008,63.94624192,-22.60699364,660.251,594.279,0.419,-2.5009,3.0074,-0.01,-0.0393,0.0346,67.097,71.352,-5.7173,120.3516,4.3128,0.0,0.0,0.0,-0.03,1646.6,0.0,3.7,150.0,0,26.008,0.04777826282674158,0.08991346211035177,-0.03,-0.04905110386003736,0.6319923448709055,1.0,0.0,-2033.5037625994944,-75.13835335467624,513.751,590.779,3.7597834061776414,0.015657713745314238,-0.8461512256593677,-15.510750921584124,2.0323162643251464,2.987400000000008,0.0,0.1903597220196988,final_approach,2.845654123294416,1.2253038124472653,-5.362708401720269,
26.133,63.94628306,-22.60699028,659.536,593.614,0.4177,-2.5057,3.0117,-0.01,-0.0391,0.0343,67.119,71.377,-5.7194,120.3927,4.3248,0.0,0.0,0.0,-0.03,1646.5,0.0,3.7,150.0,0,26.133,0.04774229992327983,0.08999433806940302,-0.03,-0.049115559982541634,0.6319049315321448,1.0,0.0,-2028.9175521126915,-74.97533529674153,513.036,590.114,3.7617851703115415,0.015717113632961965,-0.8450774038219115,-15.551757468221929,2.0373197871168998,2.9917000000000087,0.0,0.1890542927451848,final_approach,2.8488018821487593,1.2225188938015954,-5.365291945161104,
26.225,63.94631324,-22.60698782,659.012,593.097,0.4168,-2.5093,3.0148,-0.0097,-0.0388,0.0341,67.136,71.395,-5.721,120.4228,4.3335,0.0,0.0,0.0,-0.03,1646.4,0.0,3.7,150.0,0,26.225,0.04771595094296399,0.09005538245105103,-0.03,-0.04916201268727444,0.6318401344187491,1.0,0.0,-2025.5531420719233,-74.8559851107594,512.512,589.597,3.7632623576150777,0.0157736586498164,-0.8442911140547136,-15.581740194479083,2.040940013252424,2.994799999999998,0.0,0.18866595783158646,final_approach,2.8511018542154254,1.2205375622503318,-5.367206707334628,
26.3,63.94634068,-22.60698557,658.535,592.594,0.416,-2.5125,3.0176,-0.0097,-0.0388,0.0339,67.151,71.411,-5.7225,120.45,4.3414,0.0,0.0,0.0,-0.03,1646.3,0.0,3.7,150.0,0,26.3,0.047672009034240126,0.0901083955300451,-0.03,-0.049203958679929605,0.6317810306014812,1.0,0.0,-2022.4941818869252,-74.74681698686487,512.035,589.094,3.7646048639899834,0.016128063041304225,-0.8435679306587429,-15.60605343879229,2.0442280266945545,2.9976000000000056,0.0,0.1896963253014431,final_approach,2.852856628930599,1.218236553545097,-5.368952973947277,
26.408,63.94637362,-22.60698287,657.963,591.914,0.415,-2.5163,3.021,-0.01,-0.0389,0.0336,67.169,71.43,-5.7242,120.4825,4.3508,0.0,0.0,0.0,-0.03,1646.1,0.0,3.7,150.0,0,26.408,0.04765910073665364,0.09017378061065338,-0.03,-0.049254878683115344,0.6317094097832968,1.0,0.0,-2018.8220919431621,-74.61581570524888,511.46299999999997,588.414,3.766225502405741,0.015941037743922564,-0.842699186424871,-15.640883158546524,2.0481360716647714,3.0010000000000048,0.0,0.18760271997100936,final_approach,2.8555857565813483,1.2164672586750953,-5.371068735158978,
26.525,63.94641205,-22.60697971,657.295,591.205,0.4139,-2.5208,3.0249,-0.0098,-0.0386,0.0333,67.19,71.453,-5.7262,120.5203,4.3617,0.0,0.0,0.0,-0.03,1646.0,0.0,3.7,150.0,0,26.525,0.04762236088761801,0.09024949373017964,-0.03,-0.04931326743503095,0.6316254109685006,1.0,0.0,-2014.537986838676,-74.46249093945872,510.79499999999996,587.705,3.7681176996538297,0.01597963579527564,-0.841678522900092,-15.678360101407502,2.0526631217857982,3.004899999999992,0.0,0.18686494356338945,final_approach,2.8584115513379977,1.2139139973295698,-5.373549696879849,
26.608,63.94643952,-22.60697744,656.818,590.748,0.4131,-2.524,3.0277,-0.0096,-0.0383,0.0332,67.205,71.469,-5.7277,120.5472,4.3694,0.0,0.0,0.0,-0.03,1645.9,0.0,3.7,150.0,0,26.608,0.047596277427979505,0.09030231513795896,-0.03,-0.049355174712915895,0.6315647700172493,1.0,0.0,-2011.475682009204,-74.35234410847033,510.318,587.248,3.769478070582933,0.0160480316950659,-0.8409416756071778,-15.704781464202338,2.0558560091839126,3.0077,0.0,0.18630657520001473,final_approach,2.8603814184622287,1.2120784379746574,-5.37534046014677,
26.733,63.94648072,-22.60697404,656.101,590.08,0.4119,-2.5287,3.0318,-0.0095,-0.0382,0.0328,67.227,71.493,-5.7298,120.5873,4.3809,0.0,0.0,0.0,-0.03,1645.8,0.0,3.7,150.0,0,26.733,0.047557428023320025,0.09038219163056593,-0.03,-0.04941651954334508,0.631473654145594,1.0,0.0,-2006.8827822342453,-74.1873686359995,509.601,586.58,3.7715132898823747,0.016086985478476923,-0.8398374102338313,-15.74432455104739,2.0606232292819016,3.011799999999994,0.0,0.18536961381819925,final_approach,2.863327572464378,1.2093452478096545,-5.378030680551806,
26.817,63.9465082,-22.60697177,655.624,589.515,0.4111,-2.5318,3.0346,-0.0093,-0.0379,0.0326,67.241,71.509,-5.7313,120.614,4.3886,0.0,0.0,0.0,-0.03,1645.7,0.0,3.7,150.0,0,26.817,0.04753104115786766,0.09043173234286879,-0.03,-0.04945840031574966,0.6314120104291756,1.0,0.0,-2003.8193626372956,-74.0772221941384,509.124,586.015,3.77288427647329,0.016126032721975384,-0.8390985216005873,-15.770724718118906,2.0638159878971862,3.0146000000000015,0.0,0.18366934589532816,final_approach,2.865292316420117,1.2075021131972328,-5.379850397498981,
26.9,63.94653843,-22.60696927,655.098,588.981,0.4102,-2.5353,3.0375,-0.0094,-0.0379,0.0324,67.258,71.527,-5.7329,120.6432,4.3969,0.0,0.0,0.0,-0.03,1645.5,0.0,3.7,150.0,0,26.9,0.04748655714174371,0.09049181408205725,-0.03,-0.04950176547718543,0.6313441879378736,1.0,0.0,-2000.4493780758496,-73.95591420466694,508.59799999999996,585.481,3.7743872229606357,0.016456325435673772,-0.8382830813793652,-15.796669875486597,2.067248684689048,3.0175000000000125,0.0,0.18559206691469726,final_approach,2.86710815182154,1.2050753074581664,-5.381852203703762,
27.008,63.94657142,-22.60696653,654.525,588.417,0.4093,-2.539,3.0408,-0.0098,-0.0379,0.0321,67.275,71.546,-5.7346,120.675,4.4059,0.0,0.0,0.0,-0.03,1645.4,0.0,3.7,150.0,0,27.008,0.04747002516501059,0.09055345265511126,-0.03,-0.04955109797764756,0.6312693122681853,1.0,0.0,-1996.7717136114086,-73.82295511956161,508.025,584.917,3.7760398975863003,0.016264028334766173,-0.8373854203559192,-15.830239489333284,2.070966614022126,3.0208000000000084,0.0,0.18302982514131572,final_approach,2.8696602387634584,1.2033254181405546,-5.384061813120795,
27.125,63.94660992,-22.60696333,653.856,587.785,0.4081,-2.5434,3.0445,-0.0098,-0.0376,0.0318,67.295,71.568,-5.7367,120.7119,4.4164,0.0,0.0,0.0,-0.03,1645.3,0.0,3.7,150.0,0,27.125,0.047436016613109255,0.09062369600258198,-0.03,-0.049606392358852225,0.6311813396110131,1.0,0.0,-1992.4798044504964,-73.6676733283629,507.356,584.285,3.777972950195803,0.016306993141511274,-0.8363348619022575,-15.866352734167448,2.0753051686714628,3.024499999999989,0.0,0.18193076566848115,final_approach,2.8722962840716733,1.2007699586492144,-5.386657418660491,
27.2,63.94663468,-22.60696127,653.426,587.269,0.4074,-2.5462,3.0469,-0.0096,-0.0373,0.0317,67.308,71.582,-5.738,120.7355,4.4231,0.0,0.0,0.0,-0.03,1645.2,0.0,3.7,150.0,0,27.2,0.0474113372615686,0.09067017465179801,-0.03,-0.049642248905936937,0.63112428349643,1.0,0.0,-1989.7196051735696,-73.5677097268442,506.92600000000004,583.769,3.779221695155616,0.016364149750843562,-0.8356571577301718,-15.889361139161792,2.078071238685112,3.026900000000012,0.0,0.18114918091074694,final_approach,2.8739649155277114,1.1991226755241122,-5.388340552281246,
27.333,63.9466787,-22.6069576,652.66,586.578,0.4062,-2.5511,3.0511,-0.0096,-0.0372,0.0313,67.331,71.607,-5.7403,120.7774,4.4349,0.0,0.0,0.0,-0.03,1645.0,0.0,3.7,150.0,0,27.333,0.04736576558712452,0.0907522938659719,-0.03,-0.04970497876379959,0.6310225916251234,1.0,0.0,-1984.8123363784807,-73.38961568170234,506.15999999999997,583.078,3.781437782146247,0.01641384282574173,-0.8344462263864124,-15.929899652887567,2.0829343305181,3.0311000000000092,0.0,0.18040219453950085,final_approach,2.8768830294748575,1.1962031521217327,-5.3913398603619775,
27.417,63.94670622,-22.6069553,652.182,586.137,0.4054,-2.5542,3.0537,-0.0095,-0.0369,0.0312,67.346,71.622,-5.7418,120.8034,4.4422,0.0,0.0,0.0,-0.03,1644.9,0.0,3.7,150.0,0,27.417,0.047341262411609075,0.09080450111973871,-0.03,-0.04974379934183337,0.6309582108361498,1.0,0.0,-1981.7444571985588,-73.2780009843757,505.682,582.637,3.7828345158981778,0.016449499481631782,-0.8336848539011898,-15.955325461587183,2.0859397765275105,3.0337000000000103,0.0,0.1802357612696761,final_approach,2.8787107914748056,1.1944353422410465,-5.393238339692637,
27.5,63.94673375,-22.606953,651.703,585.5,0.4046,-2.5572,3.0563,-0.0096,-0.0369,0.031,67.36,71.638,-5.7432,120.8293,4.4495,0.0,0.0,0.0,-0.03,1644.8,0.0,3.7,150.0,0,27.5,0.04731389128981217,0.09085527710502221,-0.03,-0.04978261058997896,0.6308936996883796,1.0,0.0,-1978.6754632519517,-73.16638667635013,505.203,582.0,3.7842292643444546,0.01650861592601218,-0.8329227417702126,-15.98031498204372,2.088945661345008,3.0363000000000113,0.0,0.17918475559017222,final_approach,2.880489364858338,1.192593006186815,-5.395140373495131,
27.633,63.9467778,-22.6069493,650.937,584.696,0.4033,-2.5621,3.0604,-0.0098,-0.0369,0.0307,67.383,71.663,-5.7455,120.8707,4.4611,0.0,0.0,0.0,-0.03,1644.6,0.0,3.7,150.0,0,27.633,0.04727051933425469,0.09093725629490476,-0.03,-0.04984379397171812,0.6307895074475222,1.0,0.0,-1973.7648496413683,-72.98682398661549,504.437,581.196,3.7864718740829244,0.01656746783116279,-0.8316903001555858,-16.020083728877353,2.0937152019009204,3.0404000000000053,0.0,0.17861635333897835,final_approach,2.883294473477406,1.18964410162501,-5.398211745170816,
27.725,63.9468081,-22.60694676,650.411,584.114,0.4024,-2.5654,3.0632,-0.0098,-0.0367,0.0305,67.398,71.68,-5.7471,120.8989,4.4689,0.0,0.0,0.0,-0.03,1644.5,0.0,3.7,150.0,0,27.725,0.04724533272501524,0.09099101614249869,-0.03,-0.04988556439151748,0.630716933533708,1.0,0.0,-1970.3870610242889,-72.86355897190924,503.91099999999994,580.614,3.7880266895760633,0.01662291792658278,-0.8308439882540208,-16.047393119028165,2.0969141196025873,3.043200000000013,0.0,0.17720063742278683,final_approach,2.8852206977017083,1.187733556372347,-5.400350628127541,
27.817,63.94683565,-22.60694444,649.932,583.681,0.4016,-2.5684,3.0658,-0.0098,-0.0368,0.0303,67.412,71.695,-5.7486,120.9246,4.4761,0.0,0.0,0.0,-0.03,1644.4,0.0,3.7,150.0,0,27.817,0.047233463581756785,0.0910400132073528,-0.03,-0.049924341498492675,0.6306507827919852,1.0,0.0,-1967.315837200685,-72.75096556748848,503.432,580.181,3.7894387737511495,0.016410555111076634,-0.8300676138576617,-16.07454733393805,2.0998714239995024,3.0457999999999856,0.0,0.17492548066104158,final_approach,2.887219766996566,1.1862950482648884,-5.4022998901218315,
27.9,63.94686596,-22.60694189,649.405,583.059,0.4007,-2.5718,3.0685,-0.0096,-0.0367,0.0301,67.428,71.712,-5.7502,120.9526,4.4839,0.0,0.0,0.0,-0.03,1644.2,0.0,3.7,150.0,0,27.9,0.0471883308985252,0.09109650935425458,-0.03,-0.04996460012788806,0.6305775427858129,1.0,0.0,-1963.9369336451075,-72.62721100475872,502.905,579.559,3.790996550679712,0.016803528714175175,-0.8292137169218167,-16.098899158151998,2.103070962820368,3.04849999999999,0.0,0.1765478082679693,final_approach,2.8888095192476513,1.1838783842821776,-5.404457697156676,
28.033,63.94691006,-22.60693817,648.638,582.113,0.3994,-2.5766,3.0725,-0.0096,-0.0365,0.0298,67.45,71.736,-5.7525,120.9933,4.4951,0.0,0.0,0.0,-0.03,1644.1,0.0,3.7,150.0,0,28.033,0.04714736897994548,0.09117537764613873,-0.03,-0.050024223977800875,0.6304701839661403,1.0,0.0,-1959.0207458550947,-72.4466703860107,502.13800000000003,578.613,3.7932694399644817,0.016851172781574338,-0.8279637620224973,-16.137646552233182,2.107653865141856,3.052500000000009,0.0,0.17553560150130162,final_approach,2.891478933485434,1.1810057236723779,-5.407620045519636,
28.117,63.94693763,-22.60693584,648.158,581.612,0.3986,-2.5796,3.075,-0.0096,-0.0363,0.0297,67.464,71.751,-5.754,121.0186,4.502,0.0,0.0,0.0,-0.03,1643.9,0.0,3.7,150.0,0,28.117,0.047124179340889805,0.09122419510561944,-0.03,-0.05006147761933183,0.6304027100315036,1.0,0.0,-1955.9472923255155,-72.33358782251962,501.658,578.112,3.7946915708746145,0.016864332298400786,-0.8271786344803039,-16.161944147183274,2.1104717391740166,3.055000000000007,0.0,0.1747293346981485,final_approach,2.8931511174541917,1.1792856981995037,-5.409607141252263,
28.217,63.94697348,-22.6069328,647.535,580.864,0.3976,-2.5835,3.0782,-0.0098,-0.0363,0.0294,67.482,71.771,-5.7559,121.0513,4.511,0.0,0.0,0.0,-0.03,1643.8,0.0,3.7,150.0,0,28.217,0.047072653443150314,0.09128816151913056,-0.03,-0.05010914962628388,0.6303139379503658,1.0,0.0,-1951.9507992587642,-72.18604190927745,501.03499999999997,577.364,3.7965552187132325,0.017159689979697444,-0.826150529443795,-16.190686052970374,2.114150725530493,3.0581999999999994,0.0,0.17520848608922687,final_approach,2.895001191487271,1.1765398942762104,-5.412220984208634,
28.333,63.94700934,-22.60692976,646.911,580.253,0.3965,-2.5874,3.0814,-0.0102,-0.0362,0.0291,67.5,71.79,-5.7579,121.0839,4.52,0.0,0.0,0.0,-0.03,1643.6,0.0,3.7,150.0,0,28.333,0.04705269427448894,0.09135022071796257,-0.03,-0.05015680741465406,0.6302247328192062,1.0,0.0,-1947.9531914237434,-72.03849638516284,500.41099999999994,576.753,3.7984196119287224,0.01697846753407232,-0.8251209693130857,-16.223796099339207,2.117829471134911,3.061399999999992,0.0,0.17338702497139805,final_approach,2.8973316236109774,1.1745155843558237,-5.41484702978957,
28.425,63.94703693,-22.60692742,646.431,579.635,0.3957,-2.5904,3.0838,-0.0102,-0.0361,0.0289,67.513,71.805,-5.7594,121.1089,4.5268,0.0,0.0,0.0,-0.03,1643.5,0.0,3.7,150.0,0,28.425,0.04704239889765238,0.09139626412804926,-0.03,-0.05019254141827745,0.6301555826218023,1.0,0.0,-1944.8775081881881,-71.9249246627755,499.93100000000004,576.135,3.799859167514779,0.016756613499510718,-0.8243271167242512,-16.249881219373197,2.120601128578329,3.0637999999999863,0.0,0.1704704179581928,final_approach,2.8991897746179127,1.1731440569701483,-5.416882314871984,
28.5,63.94706729,-22.60692483,645.903,579.093,0.3947,-2.5936,3.0865,-0.01,-0.036,0.0287,67.528,71.822,-5.761,121.1362,4.5342,0.0,0.0,0.0,-0.03,1643.4,0.0,3.7,150.0,0,28.5,0.046989118320997836,0.091449815821169,-0.03,-0.050232732598948615,0.6300789299796583,1.0,0.0,-1941.4930301119323,-71.79921229638232,499.403,575.593,3.8014491669591286,0.017497176681480223,-0.8234439674365988,-16.27101481388251,2.12361436881082,3.0664999999999907,0.0,0.17315492541653976,final_approach,2.9003862664066027,1.1704163620368142,-5.4191380328849235,
28.608,63.94710318,-22.60692178,645.279,578.387,0.3937,-2.5975,3.0896,-0.0101,-0.036,0.0284,67.546,71.841,-5.763,121.1685,4.543,0.0,0.0,0.0,-0.03,1643.2,0.0,3.7,150.0,0,28.608,0.046951280803316564,0.09151200644365137,-0.03,-0.05027886551990718,0.6299875834890452,1.0,0.0,-1937.4920778042501,-71.6511780023244,498.779,574.887,3.803336165424836,0.017493015237201526,-0.8224050228950669,-16.3012589030252,2.127198817459174,3.0696000000000083,0.0,0.17256508371200635,final_approach,2.902388016785075,1.1680400184740698,-5.421825630109005,
28.725,63.94713907,-22.60691872,644.654,577.635,0.3926,-2.6013,3.0926,-0.0104,-0.0358,0.0281,67.563,71.86,-5.765,121.2005,4.5516,0.0,0.0,0.0,-0.03,1643.0,0.0,3.7,150.0,0,28.725,0.04693602908456329,0.09157124552548195,-0.03,-0.05032349754168597,0.6298958781775043,1.0,0.0,-1933.491125325547,-71.5026537709416,498.154,574.135,3.805222153949211,0.017264106037233357,-0.8213587837698846,-16.333782971004478,2.1306922435491913,3.0725999999999942,0.0,0.17008636203810662,final_approach,2.904632016600484,1.166164030129984,-5.424523207318035,
28.8,63.94716669,-22.60691636,644.174,577.11,0.3917,-2.6043,3.095,-0.0102,-0.0355,0.0279,67.577,71.875,-5.7665,121.2251,4.5582,0.0,0.0,0.0,-0.03,1642.9,0.0,3.7,150.0,0,28.8,0.046899484285562565,0.09162024779504184,-0.03,-0.050359194130143226,0.6298244395771754,1.0,0.0,-1930.412097445518,-71.38810334128634,497.674,573.61,3.806685564095299,0.01763877757788999,-0.8205496074651437,-16.354489734136852,2.133371240406632,3.0749999999999886,0.0,0.17159366245887986,final_approach,2.905876491045994,1.1640100842650654,-5.426624224421822,
28.917,63.94720536,-22.60691305,643.501,576.454,0.3905,-2.6084,3.0982,-0.0102,-0.0355,0.0276,67.596,71.895,-5.7687,121.2593,4.5674,0.0,0.0,0.0,-0.03,1642.7,0.0,3.7,150.0,0,28.917,0.04686555088049976,0.09168528944008225,-0.03,-0.050406777088216836,0.6297240435224165,1.0,0.0,-1926.1012353586368,-71.22743885519907,497.001,572.954,3.8087337146990117,0.017616574767490758,-0.8194117353877775,-16.386578397214087,2.1371053859941753,3.0782000000000096,0.0,0.1707572533620006,final_approach,2.9079543690891256,1.16152313417032,-5.429576291565198,
29.033,63.94724128,-22.60690997,642.876,575.74,0.3894,-2.6122,3.1012,-0.0101,-0.0354,0.0274,67.613,71.914,-5.7706,121.291,4.5758,0.0,0.0,0.0,-0.03,1642.6,0.0,3.7,150.0,0,29.033,0.046848459532179976,0.09174649929755445,-0.03,-0.05045137313510534,0.6296299597147079,1.0,0.0,-1922.0969382354601,-71.0779359167224,496.376,572.24,3.810644238633571,0.01742548462601152,-0.8183499762777243,-16.418145557993075,2.140504534523103,3.0811999999999955,0.0,0.16855675070526382,final_approach,2.910072565178311,1.1595996959286872,-5.4323421250034265,
29.117,63.94726892,-22.60690759,642.395,575.237,0.3886,-2.6151,3.1035,-0.0098,-0.0352,0.0272,67.626,71.929,-5.7722,121.3152,4.5823,0.0,0.0,0.0,-0.03,1642.4,0.0,3.7,150.0,0,29.117,0.04682172640983867,0.09179099958271836,-0.03,-0.05048555492751228,0.6295570775913422,1.0,0.0,-1919.0156804792268,-70.96240639067166,495.895,571.737,3.8121184122290788,0.017446184798477312,-0.8175261702014637,-16.440846948727618,2.1431394727484303,3.0834999999999866,0.0,0.16730267380132782,final_approach,2.9115182795137358,1.1578139645161372,-5.434484264337918,
29.225,63.94730763,-22.60690427,641.721,574.461,0.3875,-2.6191,3.1066,-0.0096,-0.0351,0.0269,67.644,71.949,-5.7744,121.349,4.5912,0.0,0.0,0.0,-0.03,1642.3,0.0,3.7,150.0,0,29.225,0.046770952855884174,0.09185346878806734,-0.03,-0.05053161434439274,0.6294543871417914,1.0,0.0,-1914.7003591514144,-70.80125352394266,495.221,570.961,3.8141870012407635,0.017730754325405027,-0.816378165426138,-16.469828741578223,2.1467337360282954,3.0866000000000042,0.0,0.16724485497090458,final_approach,2.9132399903700836,1.1550020928532199,-5.437501908662185,
29.3,63.94732975,-22.60690236,641.336,574.039,0.3868,-2.6214,3.1084,-0.0097,-0.0349,0.0267,67.655,71.96,-5.7756,121.3682,4.5963,0.0,0.0,0.0,-0.03,1642.2,0.0,3.7,150.0,0,29.3,0.04676569938775027,0.09189212069328676,-0.03,-0.05055835235667577,0.6293952547062709,1.0,0.0,-1912.2344610293583,-70.70853625200915,494.836,570.539,3.815373690469384,0.017412715779216503,-0.8157140007392021,-16.489832719779717,2.148795468925897,3.088400000000007,0.0,0.1653741105796051,final_approach,2.9145933309077385,1.1539383345809142,-5.4392392376771,
29.425,63.94737123,-22.60689879,640.614,573.176,0.3856,-2.6258,3.1117,-0.0096,-0.0348,0.0264,67.675,71.982,-5.7779,121.4041,4.6058,0.0,0.0,0.0,-0.03,1642.0,0.0,3.7,150.0,0,29.425,0.04672511805952362,0.09196210203470996,-0.03,-0.050607360273772495,0.6292835961829147,1.0,0.0,-1907.6103448600527,-70.53524274127463,494.11400000000003,569.676,3.8176056897453403,0.017486595517288817,-0.8144733693196471,-16.522934254612256,2.152631779162107,3.091700000000003,0.0,0.16488555507236538,final_approach,2.9166504809069345,1.15126661157937,-5.4425191486541245,
29.5,63.9473989,-22.6068964,640.133,572.616,0.3848,-2.6286,3.1139,-0.0094,-0.0345,0.0263,67.688,71.996,-5.7795,121.428,4.612,0.0,0.0,0.0,-0.03,1641.8,0.0,3.7,150.0,0,29.5,0.04668623927680704,0.09200690854076701,-0.03,-0.05064002374994342,0.629208295796986,1.0,0.0,-1904.525742630366,-70.41922444545492,493.63300000000004,569.116,3.819104481159343,0.01790281051774639,-0.8136396480346009,-16.54264989257832,2.1551258221410023,3.0938999999999908,0.0,0.16565353491427803,final_approach,2.917753737104583,1.149178055282082,-5.44473057855247,
29.608,63.94743487,-22.60689329,639.506,571.934,0.3838,-2.6323,3.1168,-0.0097,-0.0347,0.026,67.704,72.014,-5.7815,121.4588,4.6201,0.0,0.0,0.0,-0.03,1641.6,0.0,3.7,150.0,0,29.608,0.04664920900069974,0.09206392147085118,-0.03,-0.050683069792130775,0.6291103823779499,1.0,0.0,-1900.5158711575314,-70.26825364063974,493.006,568.434,3.821045720591608,0.017914748629395273,-0.8125525397297264,-16.57085202725585,2.1583902780458573,3.0968000000000018,0.0,0.1640621361173496,final_approach,2.9194675837030815,1.1468494461369012,-5.447605533251259,
29.725,63.94747085,-22.60689018,638.88,571.172,0.3827,-2.636,3.1196,-0.0101,-0.0345,0.0258,67.721,72.033,-5.7835,121.4895,4.6281,0.0,0.0,0.0,-0.03,1641.5,0.0,3.7,150.0,0,29.725,0.04663159080405521,0.09212387497972055,-0.03,-0.05072462030332442,0.6290111946109211,1.0,0.0,-1896.5048849172194,-70.11728322512589,492.38,567.672,3.8230035163368727,0.017717840019175212,-0.8114638569475747,-16.60116697561242,2.1616077658702864,3.0996000000000095,0.0,0.1623564096793388,final_approach,2.9214125419254273,1.1449384037185304,-5.450517241064347,
29.8,63.94749853,-22.60688778,638.398,570.731,0.3819,-2.6389,3.1217,-0.01,-0.0343,0.0256,67.734,72.047,-5.7851,121.513,4.6342,0.0,0.0,0.0,-0.03,1641.3,0.0,3.7,150.0,0,29.8,0.04659133803197851,0.09216870195409,-0.03,-0.0507557759710211,0.6289345061198102,1.0,0.0,-1893.4191677498268,-70.00077538110831,491.898,567.231,3.824511277592512,0.01811544725073297,-0.8106209009631132,-16.620460625745622,2.164058360114524,3.101699999999994,0.0,0.16335431182969118,final_approach,2.922457258560769,1.142827065875764,-5.45276801314769,
29.908,63.94753453,-22.60688465,637.771,569.913,0.3808,-2.6425,3.1245,-0.0102,-0.0344,0.0254,67.75,72.065,-5.7871,121.5435,4.6421,0.0,0.0,0.0,-0.03,1641.1,0.0,3.7,150.0,0,29.908,0.04655799094988261,0.09222613163942404,-0.03,-0.050797307234431155,0.6288341054300937,1.0,0.0,-1889.4059516325183,-69.84882586919927,491.27099999999996,566.413,3.826477506344689,0.01813050967218041,-0.8095181062575877,-16.648054922968758,2.1672294814448776,3.1045000000000016,0.0,0.1619719333131917,final_approach,2.9240837099372747,1.1405072448699443,-5.455714124462375,
30.025,63.9475733,-22.60688128,637.096,569.163,0.3796,-2.6465,3.1275,-0.0103,-0.0344,0.0251,67.768,72.085,-5.7894,121.5761,4.6505,0.0,0.0,0.0,-0.03,1640.9,0.0,3.7,150.0,0,30.025,0.04652479904458212,0.0922875825098282,-0.03,-0.050841792799974306,0.6287249778842435,1.0,0.0,-1885.0839408447375,-69.68522565060957,490.596,565.663,3.8286048140823485,0.018139110962799368,-0.8083289277773954,-16.677701993319133,2.1705964933329938,3.1074999999999875,0.0,0.16123322608891638,final_approach,2.9258255163183158,1.1380664221304784,-5.458915538184321,
30.108,63.94759824,-22.60687911,636.661,568.772,0.3788,-2.6491,3.1293,-0.0103,-0.0343,0.025,67.78,72.097,-5.7908,121.5969,4.6558,0.0,0.0,0.0,-0.03,1640.8,0.0,3.7,150.0,0,30.108,0.04651797875636682,0.09232945057853842,-0.03,-0.05086847806941086,0.6286545937209183,1.0,0.0,-1882.3036738743635,-69.5798797433296,490.16099999999994,565.272,3.8299715013888367,0.017860277823393274,-0.8075616323392828,-16.698587966621776,2.1727158201689747,3.1092999999999904,0.0,0.15971914310383437,final_approach,2.9271432277977603,1.1368624927919875,-5.460979931585012,
30.217,63.94763703,-22.60687573,635.986,567.893,0.3776,-2.653,3.1322,-0.01,-0.0342,0.0247,67.797,72.116,-5.793,121.6293,4.6641,0.0,0.0,0.0,-0.03,1640.6,0.0,3.7,150.0,0,30.217,0.04647085816093671,0.0923904015460584,-0.03,-0.0509114614221019,0.6285437089011768,1.0,0.0,-1877.9794333806071,-69.4157903656696,489.486,564.393,3.8321161793698604,0.018162888982833424,-0.8063637087073112,-16.725810074592147,2.17603642851995,3.1122000000000014,0.0,0.15937770307187293,final_approach,2.928606093265124,1.1340723383218858,-5.464231545079453,
30.333,63.94767306,-22.60687259,635.358,567.24,0.3766,-2.6567,3.1349,-0.0099,-0.0341,0.0245,67.813,72.134,-5.7951,121.6591,4.6716,0.0,0.0,0.0,-0.03,1640.4,0.0,3.7,150.0,0,30.333,0.04645001216599598,0.09244648971433925,-0.03,-0.05095146977057108,0.6284402682598189,1.0,0.0,-1873.962872790637,-69.26335208381722,488.85799999999995,563.74,3.834107684680136,0.01799709902344697,-0.8052488543631446,-16.754545809409848,2.1790260021763572,3.1149000000000058,0.0,0.1574280059274122,final_approach,2.9303428266915184,1.1321906517322375,-5.467264115617599,
30.408,63.94769801,-22.60687041,634.923,566.712,0.3758,-2.6592,3.1368,-0.0098,-0.0339,0.0244,67.825,72.147,-5.7966,121.6797,4.6768,0.0,0.0,0.0,-0.03,1640.3,0.0,3.7,150.0,0,30.408,0.046430133075568036,0.09248687065939407,-0.03,-0.05097961764238629,0.6283681998974469,1.0,0.0,-1871.1814908809731,-69.15751662833992,488.423,563.212,3.835490008826641,0.01806941395621623,-0.8044725746875069,-16.77299488798789,2.1810990150112843,3.116800000000012,0.0,0.15766182357037473,final_approach,2.931379975317558,1.1306348258003247,-5.469376518420219,
30.517,63.94773683,-22.60686701,634.247,565.953,0.3747,-2.6631,3.1396,-0.0095,-0.034,0.0241,67.842,72.166,-5.7989,121.7116,4.6849,0.0,0.0,0.0,-0.03,1640.1,0.0,3.7,150.0,0,30.517,0.046378733975220576,0.09254643007896794,-0.03,-0.05102108944924322,0.6282549294922956,1.0,0.0,-1866.8539057443265,-68.9924485435855,487.74699999999996,562.453,3.837654119067312,0.018366882028760235,-0.8032583797368664,-16.79960816995285,2.1843301316816337,3.1195999999999913,0.0,0.15750741258690962,final_approach,2.932754625921593,1.1278464359544422,-5.472695891751172,
30.625,63.94777011,-22.6068641,633.667,565.42,0.3738,-2.6665,3.142,-0.0096,-0.0339,0.0239,67.857,72.182,-5.8009,121.7388,4.6917,0.0,0.0,0.0,-0.03,1639.9,0.0,3.7,150.0,0,30.625,0.04635824612733075,0.09259808111452765,-0.03,-0.0510566279187889,0.6281572339596839,1.0,0.0,-1863.1439101180615,-68.85117180934375,487.16700000000003,561.92,3.8395124118592867,0.018173470814051077,-0.8022184922434574,-16.825769177703314,2.1870337534395503,3.122000000000014,0.0,0.1558148195234536,final_approach,2.934303579574756,1.1261121038193487,-5.475558152810059,
30.7,63.94779507,-22.60686191,633.232,564.848,0.373,-2.669,3.1438,-0.0096,-0.0338,0.0238,67.868,72.194,-5.8024,121.7591,4.6968,0.0,0.0,0.0,-0.03,1639.8,0.0,3.7,150.0,0,30.7,0.0463371722267486,0.09263628603550504,-0.03,-0.05108327644118171,0.6280834843118287,1.0,0.0,-1860.3614132706912,-68.74484680566859,486.73199999999997,561.348,3.840910221257328,0.018250802118467815,-0.8014332626901307,-16.843812249460814,2.189062483093238,3.1237999999999886,0.0,0.1549831692637406,final_approach,2.9352843486792146,1.1245380255160669,-5.477718428394095,
30.817,63.94783669,-22.60685826,632.506,564.036,0.3719,-2.6732,3.1467,-0.0094,-0.0338,0.0235,67.886,72.214,-5.8049,121.7929,4.7052,0.0,0.0,0.0,-0.03,1639.5,0.0,3.7,150.0,0,30.817,0.046281531844445,0.0926992078459012,-0.03,-0.05112620055722755,0.6279598634363691,1.0,0.0,-1855.7216889893266,-68.56763924446479,486.006,560.536,3.8432437226017733,0.01853307775462801,-0.8001229406286151,-16.871735765741466,2.192395815439511,3.1266999999999996,0.0,0.15487980422577857,final_approach,2.9366798244183308,1.121627230935065,-5.481338714497486,
30.925,63.94787,-22.60685533,631.926,563.479,0.3709,-2.6765,3.1491,-0.0096,-0.0336,0.0233,67.9,72.23,-5.8069,121.8197,4.7119,0.0,0.0,0.0,-0.03,1639.3,0.0,3.7,150.0,0,30.925,0.046262388004218946,0.09274898278728162,-0.03,-0.05116171498601335,0.6278596542470961,1.0,0.0,-1852.0083487193797,-68.42538380295484,485.42600000000004,559.979,3.8451266325969193,0.018349956763341328,-0.7990674377622455,-16.89729680026312,2.1950561057352047,3.129099999999994,0.0,0.15258433380795522,final_approach,2.938142393190141,1.1198281334131188,-5.484272629059745,
31.0,63.94789498,-22.60685313,631.49,562.868,0.3702,-2.679,3.1508,-0.0098,-0.0334,0.0231,67.911,72.242,-5.8084,121.8397,4.7168,0.0,0.0,0.0,-0.03,1639.2,0.0,3.7,150.0,0,31.0,0.04623892141768643,0.09278738360281685,-0.03,-0.051186866117695795,0.6277844541691232,1.0,0.0,-1849.2236221660337,-68.31856964038342,484.99,559.368,3.8465345901544405,0.018420425208387162,-0.7982732836093485,-16.914924054533163,2.196993673037298,3.1307999999999936,0.0,0.15204636406783298,final_approach,2.939065741744983,1.1183046533542402,-5.486473888256313,
31.117,63.94793385,-22.60684971,630.812,562.175,0.3691,-2.6828,3.1535,-0.0097,-0.0334,0.0228,67.928,72.261,-5.8108,121.8708,4.7245,0.0,0.0,0.0,-0.03,1639.0,0.0,3.7,150.0,0,31.117,0.04620017554577066,0.09284597113129626,-0.03,-0.051226803638870944,0.6276664162698994,1.0,0.0,-1844.8904628499579,-68.15252362661563,484.312,558.675,3.8487359834236976,0.018486242188267138,-0.797037637839301,-16.94220925434768,2.200043105924891,3.133499999999998,0.0,0.15143298054340354,final_approach,2.940486762945998,1.115858538465261,-5.48992833578945,
31.217,63.94796995,-22.60684652,630.182,561.408,0.368,-2.6864,3.156,-0.0096,-0.0333,0.0226,67.944,72.278,-5.813,121.8994,4.7315,0.0,0.0,0.0,-0.03,1638.8,0.0,3.7,150.0,0,31.217,0.04615611763306987,0.09290148471009387,-0.03,-0.05126377363497381,0.6275560025378469,1.0,0.0,-1840.8660980325421,-67.99763838237794,483.682,557.908,3.8507857782711254,0.018821526569269095,-0.7958802213422411,-16.965323245634078,2.20280799470936,3.1359999999999957,0.0,0.1522118004940084,final_approach,2.941548166307374,1.113299596122264,-5.493158816326101,
31.333,63.94800606,-22.60684333,629.553,560.824,0.367,-2.69,3.1584,-0.0098,-0.0332,0.0224,67.959,72.295,-5.8153,121.928,4.7384,0.0,0.0,0.0,-0.03,1638.6,0.0,3.7,150.0,0,31.333,0.046132536006696534,0.09295337530061262,-0.03,-0.051299256512703395,0.6274441560667473,1.0,0.0,-1836.8406184484409,-67.84275352709322,483.053,557.324,3.852853020336069,0.018654780855056816,-0.794721085136843,-16.99191164162683,2.2055246554313612,3.13839999999999,0.0,0.1501298499788796,final_approach,2.9429906655093916,1.1113855386158065,-5.496430387979281,
31.417,63.94803384,-22.60684088,629.068,560.242,0.3662,-2.6927,3.1603,-0.0099,-0.033,0.0222,67.971,72.308,-5.817,121.9498,4.7437,0.0,0.0,0.0,-0.03,1638.4,0.0,3.7,150.0,0,31.417,0.04610735798470145,0.09299545719519003,-0.03,-0.051327341342044586,0.6273579685467234,1.0,0.0,-1833.7437527511686,-67.7237998878981,482.568,556.742,3.8544398025909086,0.018694028202308456,-0.7938304078290431,-17.011016043287917,2.2076135615821215,3.1402999999999963,0.0,0.14946869478599445,final_approach,2.9439527565022843,1.1096927998046553,-5.4989508533405385,
31.525,63.94806997,-22.60683768,628.438,559.569,0.3651,-2.6962,3.1627,-0.0098,-0.033,0.022,67.986,72.325,-5.8192,121.9781,4.7506,0.0,0.0,0.0,-0.03,1638.2,0.0,3.7,150.0,0,31.525,0.046072614663842715,0.09304930551154253,-0.03,-0.051362809608292426,0.6272447304309042,1.0,0.0,-1829.7160434610917,-67.56842587371708,481.938,556.069,3.8565164898369324,0.018783121103812434,-0.7926625145495143,-17.03538393710343,2.210333435219553,3.1426999999999907,0.0,0.14850689424989477,final_approach,2.945138960719813,1.1073888313777012,-5.502261635506642,
31.6,63.94809498,-22.60683546,628.001,558.936,0.3644,-2.6987,3.1643,-0.0097,-0.033,0.0218,67.997,72.336,-5.8208,121.9976,4.7553,0.0,0.0,0.0,-0.03,1638.1,0.0,3.7,150.0,0,31.6,0.04604719260061396,0.09308660071695392,-0.03,-0.051386450585153176,0.6271661990898176,1.0,0.0,-1826.9279722632716,-67.46063300370368,481.501,555.436,3.8579513279912683,0.018841130151701066,-0.7918501326072956,-17.05218423720622,2.2121812949689854,3.144299999999987,0.0,0.14833960083323192,final_approach,2.945947527639266,1.1058275185373567,-5.50455718405448,
31.717,63.9481339,-22.60683201,627.322,558.277,0.3632,-2.7025,3.1669,-0.0098,-0.033,0.0215,68.013,72.354,-5.8232,122.0277,4.7625,0.0,0.0,0.0,-0.03,1637.8,0.0,3.7,150.0,0,31.717,0.04601442687038931,0.0931440300273836,-0.03,-0.05142485943247477,0.6270426497293237,1.0,0.0,-1822.589238596746,-67.29311912394576,480.822,554.777,3.86019990855859,0.018904048014340105,-0.7905867869726806,-17.078179372756917,2.215006739013603,3.146899999999988,0.0,0.14728619500768225,final_approach,2.947190442221242,1.1034500697904726,-5.508167826635663,
31.825,63.94817283,-22.60682855,626.642,557.501,0.3621,-2.7063,3.1694,-0.0098,-0.0328,0.0213,68.029,72.372,-5.8257,122.0577,4.7697,0.0,0.0,0.0,-0.03,1637.6,0.0,3.7,150.0,0,31.825,0.045962490553493496,0.09319983241117802,-0.03,-0.05146178197453588,0.6269183503727649,1.0,0.0,-1818.2493899925146,-67.12511569581592,480.14200000000005,554.001,3.862451439284468,0.019227957798799048,-0.7893156153442196,-17.101944013472167,2.217832610212696,3.149400000000014,0.0,0.14736455438408072,final_approach,2.9481772008429417,1.1006870928675845,-5.51179936824024,
31.9,63.94819786,-22.60682633,626.205,557.067,0.3613,-2.7087,3.171,-0.01,-0.0327,0.0212,68.039,72.384,-5.8273,122.0769,4.7742,0.0,0.0,0.0,-0.03,1637.4,0.0,3.7,150.0,0,31.9,0.045943221724152605,0.09323536974402366,-0.03,-0.05148540774687799,0.626837765646248,1.0,0.0,-1815.4590892597391,-67.01732360423111,479.70500000000004,553.567,3.863905468017911,0.019254473128872625,-0.7884997729077629,-17.118326636406568,2.21958982168033,3.1510000000000105,0.0,0.14608898883401908,final_approach,2.9489351999718387,1.0991859063140161,-5.514153193770163,
32.025,63.94823403,-22.60682311,625.574,556.335,0.3602,-2.7122,3.1732,-0.0104,-0.0329,0.0209,68.054,72.4,-5.8296,122.1045,4.7807,0.0,0.0,0.0,-0.03,1637.2,0.0,3.7,150.0,0,32.025,0.04593378992217628,0.0932884750732166,-0.03,-0.05151788724919182,0.6267202907789197,1.0,0.0,-1811.4269205577102,-66.86097127190949,479.07399999999996,552.835,3.866017233885887,0.01886108209802839,-0.7873122776904332,-17.145414310132846,2.2221294787954378,3.1531999999999982,0.0,0.1437172625763814,final_approach,2.9503961306197546,1.0975652384884746,-5.517583787994706,
32.1,63.94826463,-22.60682038,625.039,555.677,0.3593,-2.7152,3.1752,-0.0101,-0.0327,0.0207,68.067,72.414,-5.8316,122.1278,4.7862,0.0,0.0,0.0,-0.03,1637.0,0.0,3.7,150.0,0,32.1,0.04588148697787725,0.09333308007068249,-0.03,-0.051547408103736425,0.6266206854057778,1.0,0.0,-1808.0156856700798,-66.7284091225441,478.539,552.177,3.867800519429293,0.019680425178147727,-0.7863027273115529,-17.16152347890588,2.2242785044660707,3.1552000000000078,0.0,0.14640963264518372,final_approach,2.9508748072845883,1.095055678642968,-5.520491830817928,
32.208,63.94829803,-22.60681741,624.456,555.093,0.3583,-2.7184,3.1772,-0.0101,-0.0327,0.0205,68.08,72.429,-5.8337,122.153,4.7921,0.0,0.0,0.0,-0.03,1636.8,0.0,3.7,150.0,0,32.208,0.045861776399383436,0.09338094125363952,-0.03,-0.05157692327388602,0.6265107494212697,1.0,0.0,-1804.2923118095437,-66.58419743422797,477.956,551.593,3.8697611232571956,0.01942597750633114,-0.7852048446312151,-17.18454411760199,2.226579129702685,3.157199999999989,0.0,0.14404242698384176,final_approach,2.9520022991667183,1.0932931116883573,-5.523700724732553,
32.325,63.948337,-22.60681393,623.775,554.276,0.3571,-2.7222,3.1796,-0.0101,-0.0326,0.0202,68.096,72.447,-5.8363,122.1823,4.7989,0.0,0.0,0.0,-0.03,1636.6,0.0,3.7,150.0,0,32.325,0.04582802618922477,0.09343615995778382,-0.03,-0.051612333970939395,0.6263817847671713,1.0,0.0,-1799.9480037925684,-66.41521568813181,477.275,550.776,3.872050996003615,0.0194502415778105,-0.7839132403694514,-17.20924224466657,2.2292248050281387,3.1596000000000117,0.0,0.1433796733264177,final_approach,2.9530656758615876,1.0909157550374466,-5.527464029787897,
32.4,63.94836205,-22.60681169,623.337,553.839,0.3564,-2.7246,3.1811,-0.0098,-0.0325,0.0201,68.107,72.458,-5.8379,122.2011,4.8033,0.0,0.0,0.0,-0.03,1636.4,0.0,3.7,150.0,0,32.4,0.04580130003615718,0.09347452836418411,-0.03,-0.05163446149591805,0.6262984027490945,1.0,0.0,-1797.155473183589,-66.30644450015154,476.837,550.339,3.8735257798819767,0.019485832155646164,-0.7830800088330561,-17.224950139717382,2.2309389539369704,3.1611000000000047,0.0,0.1436784909027995,final_approach,2.9537268229072104,1.0893336244485674,-5.52989661165109,
32.5,63.94839825,-22.60680845,622.705,553.069,0.3553,-2.7281,3.1833,-0.0099,-0.0327,0.0199,68.124,72.474,-5.8401,122.228,4.8095,0.0,0.0,0.0,-0.03,1636.2,0.0,3.7,150.0,0,32.5,0.045757731447012395,0.09353468615781066,-0.03,-0.05166690940709606,0.6261766316863142,1.0,0.0,-1793.1199598378782,-66.14911346056171,476.20500000000004,549.569,3.8756715613076786,0.0198144958392084,-0.7818724905062336,-17.24572088830228,2.233345909643589,3.1632999999999925,0.0,0.1460713553661774,final_approach,2.9544650882084653,1.0868263811378114,-5.533448335004479,
32.617,63.94843446,-22.60680521,622.072,552.418,0.3542,-2.7316,3.1854,-0.0101,-0.033,0.0196,68.14,72.49,-5.8422,122.2548,4.8156,0.0,0.0,0.0,-0.03,1636.0,0.0,3.7,150.0,0,32.617,0.04573730649014085,0.09359439635090595,-0.03,-0.051697875984923536,0.6260542120769416,1.0,0.0,-1789.0833317238973,-65.99178281027349,475.572,548.918,3.877819316597439,0.019571560335751245,-0.7806631434206589,-17.26980016461812,2.2357068481313433,3.1654000000000053,0.0,0.14522415367399633,final_approach,2.9555659432258032,1.084933043320241,-5.537017997071018,
32.7,63.94846232,-22.60680271,621.585,551.853,0.3534,-2.7343,3.1871,-0.0099,-0.0332,0.0195,68.153,72.502,-5.8438,122.2754,4.8203,0.0,0.0,0.0,-0.03,1635.8,0.0,3.7,150.0,0,32.7,0.04570950198906876,0.09364223509655195,-0.03,-0.05172293956608254,0.6259593261488399,1.0,0.0,-1785.9775470332859,-65.87038259764572,475.08500000000004,548.353,3.8794775706455082,0.019639461018887232,-0.7797271560136798,-17.28673773811181,2.2375261278203595,3.167100000000005,0.0,0.14626073116037383,final_approach,2.9562305584432345,1.0831980761973554,-5.539784124792341,
32.8,63.94849854,-22.60679946,620.952,551.17,0.3523,-2.7379,3.1892,-0.0098,-0.0337,0.0192,68.169,72.518,-5.8458,122.3019,4.8263,0.0,0.0,0.0,-0.03,1635.5,0.0,3.7,150.0,0,32.8,0.045666307317850485,0.09370407081907907,-0.03,-0.051753894774412945,0.6258350101188979,1.0,0.0,-1781.9398039808075,-65.71256239915989,474.452,547.67,3.881641736674486,0.01997316089736912,-0.7785086112261138,-17.30696614010738,2.2398439843683207,3.1691999999999894,0.0,0.1475097556003326,final_approach,2.956894791176449,1.0807133422954927,-5.5434073144529705,
32.908,63.94853477,-22.60679621,620.318,550.331,0.3513,-2.7416,3.1912,-0.0099,-0.0342,0.019,68.185,72.534,-5.8478,122.3284,4.8322,0.0,0.0,0.0,-0.03,1635.3,0.0,3.7,150.0,0,32.908,0.04563042046576171,0.09376594700106777,-0.03,-0.051783370079791224,0.6257100293384312,1.0,0.0,-1777.9009461616429,-65.55474258962701,473.818,546.831,3.883807964306303,0.01998724462406803,-0.7772882131138991,-17.328608189019295,2.2421140645832907,3.171199999999999,0.0,0.14756779128650166,final_approach,2.9577125613804682,1.0785310595400226,-5.5470488639564905,
33.033,63.9485738,-22.6067927,619.636,549.668,0.3501,-2.7455,3.1935,-0.01,-0.0348,0.0188,68.203,72.551,-5.8499,122.3567,4.8386,0.0,0.0,0.0,-0.03,1635.1,0.0,3.7,150.0,0,33.033,0.045604667870357385,0.09383561307518852,-0.03,-0.05181725962736272,0.6255737678922636,1.0,0.0,-1773.5499490283244,-65.38429336649341,473.13599999999997,546.168,3.8861589896835613,0.019790737689734703,-0.7759660803414263,-17.35340141494106,2.2445836461953093,3.17349999999999,0.0,0.14724344662409292,final_approach,2.95874707042179,1.0763746390014894,-5.5510179399470765,
33.1,63.94859889,-22.60679045,619.197,549.124,0.3494,-2.7481,3.1949,-0.0099,-0.035,0.0187,68.214,72.562,-5.8514,122.3748,4.8426,0.0,0.0,0.0,-0.03,1634.9,0.0,3.7,150.0,0,33.1,0.045570571727426845,0.09387664181076007,-0.03,-0.05183788435159381,0.6254858160325143,1.0,0.0,-1770.7529591784134,-65.27503379769736,472.697,545.624,3.8876706207689664,0.02025255773996569,-0.7751186046254913,-17.366578431624266,2.2461189197198337,3.174900000000008,0.0,0.14878305188349783,final_approach,2.9591106857086977,1.074614010733697,-5.553579195772553,
33.208,63.94863514,-22.60678718,618.563,548.362,0.3483,-2.7519,3.1969,-0.01,-0.0356,0.0184,68.23,72.577,-5.8535,122.4008,4.8484,0.0,0.0,0.0,-0.03,1634.7,0.0,3.7,150.0,0,33.208,0.04553586690389522,0.09393754512846918,-0.03,-0.05186734338929494,0.6253577320465273,1.0,0.0,-1766.7118714822532,-65.1162348921174,472.063,544.862,3.8898638623356767,0.020261763497363944,-0.7738812554928859,-17.38763792486365,2.2483487896558643,3.176899999999989,0.0,0.14872533336210728,final_approach,2.9598423739781126,1.0723626842454976,-5.557308247199092,
33.325,63.94867419,-22.60678366,617.88,547.701,0.3471,-2.756,3.199,-0.0099,-0.0359,0.0181,68.247,72.594,-5.8559,122.4287,4.8545,0.0,0.0,0.0,-0.03,1634.4,0.0,3.7,150.0,0,33.325,0.045501976431949254,0.09400058466626957,-0.03,-0.051898269230193805,0.6252185894993587,1.0,0.0,-1762.3586446429586,-64.94529650991348,471.38,544.201,3.8922356532303075,0.020263422422490907,-0.7725475109019844,-17.410214195732216,2.2506826823763504,3.179000000000002,0.0,0.14841386172001614,final_approach,2.9606173933440054,1.0700201111062277,-5.5613580560515175,
33.4,63.94869929,-22.6067814,617.441,547.174,0.3464,-2.7587,3.2004,-0.0098,-0.036,0.018,68.258,72.605,-5.8575,122.4466,4.8584,0.0,0.0,0.0,-0.03,1634.3,0.0,3.7,150.0,0,33.4,0.045477240591606016,0.09404043375214657,-0.03,-0.05191888295673014,0.6251284981126952,1.0,0.0,-1759.5605398545497,-64.83554739291985,470.94100000000003,543.674,3.8937653952709192,0.02028561210899092,-0.7716904297536971,-17.42456544247441,2.252173127213638,3.1803999999999917,0.0,0.1482550258060708,final_approach,2.9610981585638143,1.0685028060888904,-5.563979540977357,
33.508,63.94873557,-22.60677812,616.806,546.385,0.3453,-2.7626,3.2023,-0.0098,-0.0362,0.0178,68.274,72.62,-5.8599,122.4723,4.864,0.0,0.0,0.0,-0.03,1634.0,0.0,3.7,150.0,0,33.508,0.045442749788980386,0.09409685534643528,-0.03,-0.051946854247099994,0.624997596196449,1.0,0.0,-1755.5161076857278,-64.67625971739658,470.30600000000004,542.885,3.8959798807631705,0.02032209264059605,-0.770442032715513,-17.44504474641478,2.254312533393943,3.182299999999998,0.0,0.14824530965535454,final_approach,2.961751625110576,1.0662697622993917,-5.567787600512819,
33.625,63.94877185,-22.60677485,616.171,545.807,0.3443,-2.7665,3.2042,-0.0098,-0.0363,0.0175,68.289,72.635,-5.8623,122.4979,4.8695,0.0,0.0,0.0,-0.03,1633.8,0.0,3.7,150.0,0,33.625,0.04541678097336005,0.09415151788741236,-0.03,-0.051974820375063846,0.6248656152341766,1.0,0.0,-1751.471675687134,-64.51746197902438,469.67100000000005,542.307,3.8982028805885647,0.020101743618437237,-0.7691973740205297,-17.467005164664165,2.256406192873669,3.184200000000004,0.0,0.14642347497806193,final_approach,2.9625732485061,1.064358136113622,-5.571625933512106,
33.7,63.94879976,-22.60677232,615.683,545.175,0.3435,-2.7694,3.2057,-0.0096,-0.0362,0.0174,68.301,72.647,-5.8643,122.5175,4.8737,0.0,0.0,0.0,-0.03,1633.6,0.0,3.7,150.0,0,33.7,0.04537941804616763,0.0941922038419052,-0.03,-0.05199689524908746,0.6247630942014969,1.0,0.0,-1748.3603166460728,-64.39459390023242,469.183,541.675,3.8999230071223034,0.020573956423672584,-0.7682300178202113,-17.48095490308902,2.258003448547214,3.185699999999997,0.0,0.14765770452551086,final_approach,2.96286791710655,1.062400566294908,-5.5746067261115755,
33.8,63.94883326,-22.60676929,615.096,544.547,0.3425,-2.773,3.2074,-0.0096,-0.0362,0.0172,68.316,72.661,-5.8666,122.5409,4.8786,0.0,0.0,0.0,-0.03,1633.4,0.0,3.7,150.0,0,33.8,0.045350312883840005,0.0942438345693955,-0.03,-0.052021909546874745,0.62463980623996,1.0,0.0,-1744.625794085429,-64.24744647923954,468.596,541.047,3.9019839317563694,0.0205798380765039,-0.7670711894732499,-17.499392172359382,2.2598563510712495,3.1873999999999967,0.0,0.14787064047773843,final_approach,2.9634113174104293,1.0604325722450696,-5.578190422461962,
33.917,63.94887235,-22.60676575,614.411,543.758,0.3414,-2.7772,3.2094,-0.0096,-0.0361,0.017,68.333,72.677,-5.8695,122.5681,4.8844,0.0,0.0,0.0,-0.03,1633.1,0.0,3.7,150.0,0,33.917,0.04531009981985318,0.09429969623988979,-0.03,-0.05205133283508889,0.6244947833134882,1.0,0.0,-1740.268107834183,-64.07552977906903,467.91099999999994,540.258,3.904397639271948,0.0205881948580249,-0.7657141352370221,-17.520733096709915,2.262057923635325,3.1894000000000062,0.0,0.14763686818877172,final_approach,2.9640200725294648,1.0580387529781703,-5.582404657397756,
34.0,63.94889749,-22.60676347,613.971,543.301,0.3407,-2.7799,3.2107,-0.0095,-0.036,0.0169,68.343,72.688,-5.8713,122.5855,4.888,0.0,0.0,0.0,-0.03,1632.9,0.0,3.7,150.0,0,34.0,0.04529540313036007,0.09433519990888017,-0.03,-0.05207045490018597,0.6244005593404033,1.0,0.0,-1737.4655436346145,-63.96480234410855,467.471,539.801,3.905959827750868,0.020293753704819742,-0.7648381245515512,-17.53574063281346,2.263414297600349,3.1906999999999925,0.0,0.1451682372362386,final_approach,2.9645488527742607,1.0567949572954625,-5.585141999667549,
34.108,63.9489366,-22.60675992,613.286,542.42,0.3396,-2.784,3.2127,-0.0093,-0.0361,0.0167,68.36,72.704,-5.8742,122.6125,4.8937,0.0,0.0,0.0,-0.03,1632.7,0.0,3.7,150.0,0,34.108,0.04524418673513858,0.09439173596123608,-0.03,-0.052099868733439525,0.6242531544227098,1.0,0.0,-1733.1056276773922,-63.79239648469363,466.78599999999994,538.92,3.9083943027036843,0.020668367212066302,-0.7634715083203009,-17.555066889433924,2.2655713385838396,3.192700000000002,0.0,0.14628088906997816,final_approach,2.9649231067697563,1.054115552597569,-5.589423187719731,
34.217,63.94897292,-22.60675663,612.649,541.829,0.3386,-2.7879,3.2145,-0.0094,-0.036,0.0166,68.375,72.719,-5.877,122.6374,4.8988,0.0,0.0,0.0,-0.03,1632.4,0.0,3.7,150.0,0,34.217,0.04520933800315968,0.09444099746836496,-0.03,-0.05212633628108704,0.6241155291329921,1.0,0.0,-1729.0567362676393,-63.632620428354585,466.149,538.329,3.910656999823341,0.020683420871915523,-0.7622041131949107,-17.574363728073894,2.2674866845847816,3.194500000000005,0.0,0.1454930517817152,final_approach,2.9654216931744095,1.0519862195921768,-5.593419088431915,
34.308,63.94899807,-22.60675434,612.208,541.293,0.3379,-2.7906,3.2157,-0.0095,-0.0359,0.0165,68.386,72.729,-5.8789,122.6546,4.9023,0.0,0.0,0.0,-0.03,1632.2,0.0,3.7,150.0,0,34.308,0.04520214747615969,0.09447715085093196,-0.03,-0.05214397873172305,0.6240195146216707,1.0,0.0,-1726.2530571295724,-63.52140344519648,465.70799999999997,537.793,3.9122297747061814,0.02011672413839196,-0.7613182995617792,-17.590334790025526,2.268798601417217,3.195699999999988,0.0,0.14325542169965672,final_approach,2.9660441209610973,1.050949931707418,-5.596206121270747,
34.417,63.94903999,-22.60675053,611.473,540.489,0.3367,-2.795,3.2178,-0.0092,-0.0358,0.0163,68.403,72.746,-5.8821,122.6831,4.9082,0.0,0.0,0.0,-0.03,1631.9,0.0,3.7,150.0,0,34.417,0.04514091595307618,0.09453463952644504,-0.03,-0.05217484804973804,0.6238582237006851,1.0,0.0,-1721.5798870907186,-63.33636856130815,464.97299999999996,536.989,3.914861216256414,0.02078754771507034,-0.7598436100661098,-17.60924619378564,2.271018500780542,3.197800000000001,0.0,0.144410683613541,final_approach,2.9662336541065493,1.0478982819935645,-5.600886627360467,
34.525,63.94907354,-22.60674747,610.885,539.733,0.3358,-2.7986,3.2194,-0.0092,-0.0357,0.0161,68.417,72.759,-5.8847,122.7058,4.9128,0.0,0.0,0.0,-0.03,1631.7,0.0,3.7,150.0,0,34.525,0.04511352729074741,0.0945811185081196,-0.03,-0.05219836328238264,0.6237278979543389,1.0,0.0,-1717.8397901804174,-63.18775327415082,464.385,536.233,3.9169778719066044,0.020589400333840484,-0.7586549747586663,-17.62778764476195,2.272739596724506,3.199399999999997,0.0,0.1430669514331822,final_approach,2.96675018909907,1.0460877854815394,-5.604667348823252,
34.6,63.9490987,-22.60674518,610.443,539.337,0.3351,-2.8012,3.2206,-0.0093,-0.0355,0.016,68.428,72.77,-5.8867,122.7228,4.9162,0.0,0.0,0.0,-0.03,1631.5,0.0,3.7,150.0,0,34.6,0.04508811904508642,0.09461598642120127,-0.03,-0.05221599729508647,0.6236300521920025,1.0,0.0,-1715.034996274873,-63.076536680294055,463.943,535.837,3.918561442264671,0.02067687885168175,-0.7577651714708334,-17.640550563510356,2.2740071587775503,3.2006000000000085,0.0,0.14339419827258415,final_approach,2.967013664475786,1.0445785883099745,-5.607505126230517,
34.717,63.94914065,-22.60674136,609.707,538.467,0.3339,-2.8056,3.2226,-0.0093,-0.0356,0.0158,68.445,72.786,-5.8899,122.7509,4.9218,0.0,0.0,0.0,-0.03,1631.2,0.0,3.7,150.0,0,34.717,0.045038224927816894,0.09467446320424988,-0.03,-0.052245382720721156,0.6234651591794844,1.0,0.0,-1710.3584817633575,-62.89101302646238,463.207,534.967,3.9212194487908976,0.02101706645934527,-0.7562781760992436,-17.660236962916276,2.2760922692553436,3.2025999999999897,0.0,0.1435673752749959,final_approach,2.967272842218332,1.0418340641689277,-5.61228607621543,
34.825,63.94917421,-22.6067383,609.118,537.76,0.333,-2.8091,3.2242,-0.0093,-0.0356,0.0156,68.459,72.8,-5.8926,122.7733,4.9263,0.0,0.0,0.0,-0.03,1631.0,0.0,3.7,150.0,0,34.825,0.0450092700424764,0.09471990561616561,-0.03,-0.052268886923742264,0.6233322118655915,1.0,0.0,-1706.6172700847865,-62.74239812843261,462.61800000000005,534.26,3.9233528570250136,0.0208065187070407,-0.7550841174114451,-17.678209194530215,2.2777704802615233,3.2042000000000144,0.0,0.1423003074890615,final_approach,2.9677196196666245,1.0399830857552566,-5.6161395352704595,
34.933,63.94921058,-22.60673498,608.48,537.122,0.332,-2.8129,3.2259,-0.0093,-0.0355,0.0154,68.474,72.814,-5.8954,122.7975,4.931,0.0,0.0,0.0,-0.03,1630.7,0.0,3.7,150.0,0,34.933,0.04497215835069224,0.09477136494345145,-0.03,-0.05229385610809567,0.6231868122211993,1.0,0.0,-1702.5628043253755,-62.58115420575504,461.98,533.622,3.9256763566256314,0.020924413121018337,-0.753785724927214,-17.695976499722043,2.2795075725646257,3.205900000000014,0.0,0.14199017852541027,final_approach,2.9680096468391852,1.0378079542468974,-5.62035264907977,
35.017,63.94923856,-22.60673242,607.988,536.552,0.3312,-2.8158,3.2271,-0.0093,-0.0354,0.0152,68.485,72.825,-5.8977,122.816,4.9346,0.0,0.0,0.0,-0.03,1630.5,0.0,3.7,150.0,0,35.017,0.044944328742581474,0.09480744190697174,-0.03,-0.05231147891311294,0.6230747585555538,1.0,0.0,-1699.4436413997012,-62.45681903905318,461.48800000000006,533.052,3.92746012689894,0.020976237666937333,-0.7527818760090986,-17.709661443107585,2.2808383223901103,3.207099999999997,0.0,0.14098674238240247,final_approach,2.9682281665447654,1.0361360983664625,-5.623598619920589,
35.117,63.94927494,-22.6067291,607.349,535.836,0.3302,-2.8197,3.2288,-0.0095,-0.0356,0.015,68.5,72.839,-5.9006,122.8399,4.9393,0.0,0.0,0.0,-0.03,1630.2,0.0,3.7,150.0,0,35.117,0.04489612886364586,0.0948576467914826,-0.03,-0.05233644100841117,0.6229276147205194,1.0,0.0,-1695.3880608720203,-62.29557550550316,460.84900000000005,532.336,3.9297935341670844,0.021369210169355064,-0.7514797366931236,-17.725777211966538,2.2825798163281092,3.2087999999999965,0.0,0.14180612943854898,final_approach,2.9683312383342866,1.0336732525210799,-5.627859886266901,
35.233,63.94931133,-22.60672577,606.71,535.144,0.3292,-2.8235,3.2304,-0.0096,-0.0356,0.0148,68.515,72.854,-5.9035,122.8637,4.9439,0.0,0.0,0.0,-0.03,1630.0,0.0,3.7,150.0,0,35.233,0.044864577178493736,0.0949082716368555,-0.03,-0.05235993094704616,0.6227791090372152,1.0,0.0,-1691.3313654066333,-62.13384242392934,460.21000000000004,531.644,3.9321383443836866,0.021176655337396696,-0.7501696372424357,-17.74425721800039,2.284275943750373,3.210399999999993,0.0,0.14067014901937103,final_approach,2.9686848086329647,1.0316551091466444,-5.632159216548239,
35.308,63.94933653,-22.60672346,606.267,534.589,0.3285,-2.8261,3.2315,-0.0096,-0.0356,0.0147,68.525,72.863,-5.9055,122.8801,4.947,0.0,0.0,0.0,-0.03,1629.8,0.0,3.7,150.0,0,35.308,0.044838787625928744,0.09494285362043682,-0.03,-0.05237607814270856,0.6226758118247226,1.0,0.0,-1688.5221120899294,-62.02164751193166,459.76700000000005,531.089,3.933763371857537,0.021258384945276033,-0.749258725680325,-17.756090979381412,2.2854118501175833,3.211500000000001,0.0,0.14000316577519153,final_approach,2.9688186670667385,1.0301488008025501,-5.635148920837505,
35.417,63.94937573,-22.60671987,605.578,533.771,0.3274,-2.8302,3.2332,-0.0097,-0.0356,0.0144,68.541,72.879,-5.9087,122.9056,4.9519,0.0,0.0,0.0,-0.03,1629.5,0.0,3.7,150.0,0,35.417,0.04478796789027234,0.09499633367744102,-0.03,-0.05240102947331027,0.6225138811986491,1.0,0.0,-1684.1521625421185,-61.847285405536525,459.078,530.271,3.9363010535343617,0.021595567999999926,-0.7478415788970527,-17.773091914256106,2.2872146172467183,3.2132000000000005,0.0,0.1406200589615927,final_approach,2.9688714866068757,1.027518183806471,-5.639834296559176,
35.525,63.94941214,-22.60671653,604.937,533.111,0.3263,-2.834,3.2348,-0.0098,-0.0357,0.0142,68.555,72.893,-5.9117,122.9291,4.9563,0.0,0.0,0.0,-0.03,1629.2,0.0,3.7,150.0,0,35.525,0.04475280246373331,0.09504413155634484,-0.03,-0.05242450927668724,0.6223627426942112,1.0,0.0,-1680.093237370756,-61.68506316489238,458.437,529.611,3.938659000911374,0.021635114347241302,-0.7465196826730305,-17.78973290909347,2.2888214921262886,3.2147999999999968,0.0,0.13962092902233206,final_approach,2.9690070779391604,1.0253064270494612,-5.644205934300103,
35.6,63.94943735,-22.60671422,604.494,532.577,0.3256,-2.8367,3.2358,-0.01,-0.0356,0.0141,68.565,72.902,-5.9138,122.9453,4.9593,0.0,0.0,0.0,-0.03,1629.0,0.0,3.7,150.0,0,35.6,0.044726287516755225,0.09507783428165711,-0.03,-0.05243918228104694,0.622256902536936,1.0,0.0,-1677.2828692865742,-61.57286864202197,457.994,529.077,3.9403042127611343,0.021685288288834943,-0.7456046190849395,-17.801178923252106,2.2899134073335574,3.2158000000000015,0.0,0.1390493294142298,final_approach,2.9690928360555375,1.0237938649051124,-5.647266484837637,
35.717,63.94947657,-22.60671062,603.804,531.927,0.3244,-2.8408,3.2375,-0.0101,-0.0357,0.0139,68.581,72.917,-5.9171,122.9703,4.964,0.0,0.0,0.0,-0.03,1628.7,0.0,3.7,150.0,0,35.717,0.04468745026972171,0.09513064103294838,-0.03,-0.05246412308126397,0.6220914759069213,1.0,0.0,-1672.9106900327877,-61.39801737673058,457.304,528.427,3.9428658304400424,0.02172010160666176,-0.7441751450136207,-17.818822817418017,2.291630628267683,3.217500000000001,0.0,0.1388404937176803,final_approach,2.969200712109501,1.021374488985959,-5.652048688487103,
35.825,63.949513,-22.60670728,603.163,531.109,0.3233,-2.8446,3.239,-0.01,-0.0356,0.0137,68.595,72.931,-5.9202,122.9935,4.9682,0.0,0.0,0.0,-0.03,1628.4,0.0,3.7,150.0,0,35.825,0.04465292693521117,0.0951779975975475,-0.03,-0.05248612621009563,0.6219365295920263,1.0,0.0,-1668.8495353264695,-61.23579591416692,456.663,527.609,3.9452544209610023,0.021786181155180905,-0.742847309222609,-17.834902564671353,2.2931484233226627,3.218999999999994,0.0,0.13800314243694445,final_approach,2.969266771188188,1.019192011317287,-5.656526386601328,
35.9,63.94953542,-22.60670522,602.768,530.671,0.3226,-2.847,3.2399,-0.01,-0.0356,0.0136,68.604,72.94,-5.9221,123.0077,4.9708,0.0,0.0,0.0,-0.03,1628.2,0.0,3.7,150.0,0,35.9,0.04463916100117499,0.09520799959584954,-0.03,-0.0524993265300977,0.6218408146986475,1.0,0.0,-1666.350191618736,-61.13574125687343,456.26800000000003,527.171,3.946724791754011,0.021422641613781164,-0.7420263269083955,-17.845967282777803,2.294090764725695,3.2198999999999955,0.0,0.13636649312449597,final_approach,2.9694314416666714,1.0180228786332854,-5.659291650694328,
36.017,63.94957746,-22.60670135,602.027,529.851,0.3214,-2.8514,3.2416,-0.0098,-0.0357,0.0133,68.62,72.955,-5.9257,123.0342,4.9756,0.0,0.0,0.0,-0.03,1627.9,0.0,3.7,150.0,0,36.017,0.044586788274784406,0.09526245514917002,-0.03,-0.05252425728020865,0.6216601976021268,1.0,0.0,-1661.663643344819,-60.947771418910996,455.52700000000004,526.351,3.9494888784594395,0.02178964679414598,-0.7404802197517022,-17.86300419608592,2.295824545782267,3.221599999999995,0.0,0.13640155163610337,final_approach,2.969322421289238,1.01525240991651,-5.664508253508824,
36.125,63.9496111,-22.60669826,601.435,529.243,0.3204,-2.8549,3.2429,-0.0097,-0.0355,0.0131,68.633,72.968,-5.9286,123.0553,4.9793,0.0,0.0,0.0,-0.03,1627.6,0.0,3.7,150.0,0,36.125,0.04456209639237951,0.09530670361447582,-0.03,-0.052543319157997315,0.621513877313247,1.0,0.0,-1657.913513014949,-60.79768982209831,454.93499999999995,525.743,3.9517181044534575,0.021598202566137148,-0.7392448364247264,-17.878535823313882,2.2971478320904453,3.22290000000001,0.0,0.13494417152102947,final_approach,2.969446901274381,1.0134500912677922,-5.668732819019624,
36.233,63.94964756,-22.6066949,600.792,528.457,0.3194,-2.8587,3.2443,-0.0097,-0.0355,0.0129,68.647,72.981,-5.9317,123.078,4.9833,0.0,0.0,0.0,-0.03,1627.3,0.0,3.7,150.0,0,36.233,0.044521919490071005,0.09535526007309433,-0.03,-0.052563844606273724,0.6213547977843433,1.0,0.0,-1653.8490136641574,-60.63448965244079,454.29200000000003,524.957,3.954131699946306,0.02172318654099184,-0.7378971297282647,-17.893865984360605,2.2985799839185574,3.2242999999999995,0.0,0.1344610313490928,final_approach,2.969404746843505,1.011233543282323,-5.673324277007296,
36.317,63.9496728,-22.60669258,600.347,527.978,0.3187,-2.8614,3.2453,-0.0096,-0.0355,0.0128,68.657,72.991,-5.934,123.0937,4.9861,0.0,0.0,0.0,-0.03,1627.1,0.0,3.7,150.0,0,36.317,0.04450148666379239,0.09538710266809179,-0.03,-0.052578503908339014,0.6212438189313965,1.0,0.0,-1651.035301106522,-60.521806359627334,453.847,524.478,3.9558093863332675,0.021431398282099064,-0.7369663808400367,-17.90566833559496,2.2995857506441553,3.2253000000000043,0.0,0.13305981204894857,final_approach,2.9695096345468848,1.0098790963243154,-5.67652650243739,
36.417,63.94971206,-22.60668896,599.655,527.172,0.3175,-2.8655,3.2467,-0.0096,-0.0356,0.0126,68.672,73.005,-5.9374,123.1179,4.9903,0.0,0.0,0.0,-0.03,1626.7,0.0,3.7,150.0,0,36.417,0.044447834902592354,0.09543913303501729,-0.03,-0.05259902450515541,0.6210698072332277,1.0,0.0,-1646.6586624415759,-60.34597677619503,453.155,523.672,3.9584299541748798,0.022227111637769564,-0.7355096597034871,-17.91953374044666,2.3010816762967465,3.226699999999994,0.0,0.1345998291354081,final_approach,2.969165783189478,1.0071129972001174,-5.681545983248849,
36.525,63.94974853,-22.6066856,599.011,526.548,0.3165,-2.8693,3.2481,-0.0097,-0.0356,0.0124,68.686,73.019,-5.9406,123.1403,4.9942,0.0,0.0,0.0,-0.03,1626.4,0.0,3.7,150.0,0,36.525,0.04440610184311611,0.09548700683197664,-0.03,-0.05261954227074794,0.6209074368027394,1.0,0.0,-1642.593048324098,-60.18277699566451,452.51099999999997,523.048,3.960864326570826,0.022279340556082963,-0.7341556676203742,-17.934312231084053,2.302471566504124,3.228100000000012,0.0,0.13414799281670972,final_approach,2.969054708353376,1.0048562564406538,-5.68622799562819,
36.608,63.94977379,-22.60668327,598.566,525.954,0.3158,-2.8719,3.249,-0.0098,-0.0356,0.0122,68.695,73.028,-5.9429,123.1558,4.9968,0.0,0.0,0.0,-0.03,1626.2,0.0,3.7,150.0,0,36.608,0.044386051495870826,0.09551818323687766,-0.03,-0.05263273076744146,0.6207935616534898,1.0,0.0,-1639.777106060487,-60.069604543954796,452.06600000000003,522.454,3.9625654298573445,0.021981987183319448,-0.7332148205347779,-17.945550797349107,2.3033871988248222,3.2290000000000134,0.0,0.1318103330096992,final_approach,2.9690844382414667,1.003524259950936,-5.689510669329216,
36.717,63.94981308,-22.60667964,597.872,525.191,0.3146,-2.876,3.2504,-0.0099,-0.0357,0.012,68.71,73.042,-5.9464,123.1797,5.0008,0.0,0.0,0.0,-0.03,1625.9,0.0,3.7,150.0,0,36.717,0.044341026914858805,0.09556952823193289,-0.03,-0.05265324387980852,0.6206162000359263,1.0,0.0,-1635.3971229228794,-59.893286190579154,451.37199999999996,521.691,3.965204863444531,0.022354153825834083,-0.7317456492675884,-17.96010890522224,2.3047943965246986,3.230400000000003,0.0,0.1323380008178252,final_approach,2.968800969489102,1.0009822240305581,-5.694621893002793,
36.825,63.94984956,-22.60667627,597.228,524.44,0.3136,-2.8799,3.2517,-0.01,-0.0357,0.0118,68.724,73.055,-5.9497,123.2018,5.0045,0.0,0.0,0.0,-0.03,1625.6,0.0,3.7,150.0,0,36.825,0.044299478556808825,0.09561705359133219,-0.03,-0.05267228923268025,0.620449867787004,1.0,0.0,-1631.3303938669035,-59.7295968620251,450.72799999999995,520.94,3.9676691687776118,0.022431401850356716,-0.7303793225176705,-17.974333479995348,2.306095707266593,3.2316999999999894,0.0,0.13209178525526996,final_approach,2.9686129478650223,0.9987428663950553,-5.699413535604453,
36.9,63.94987202,-22.6066742,596.831,523.987,0.3129,-2.8822,3.2525,-0.0101,-0.0357,0.0117,68.732,73.063,-5.9518,123.2153,5.0067,0.0,0.0,0.0,-0.03,1625.4,0.0,3.7,150.0,0,36.9,0.04428579963785262,0.09564426615516494,-0.03,-0.052684008235136914,0.6203470635192909,1.0,0.0,-1628.8265909174468,-59.62905382391612,450.331,520.487,3.9691870115813717,0.022065818883652753,-0.7295398234361805,-17.98411313305307,2.3068624563823334,3.2324999999999875,0.0,0.1297804108381194,final_approach,2.968612092906657,0.9975886829885283,-5.702374247454568,
37.025,63.94991414,-22.6066703,596.087,523.143,0.3116,-2.8866,3.254,-0.01,-0.0356,0.0114,68.748,73.078,-5.9556,123.2405,5.0108,0.0,0.0,0.0,-0.03,1625.0,0.0,3.7,150.0,0,37.025,0.04424468293082523,0.09569982850347639,-0.03,-0.05270597886961109,0.6201525300795182,1.0,0.0,-1624.131123992231,-59.43961728699669,449.587,519.643,3.972048312860296,0.022203250774942968,-0.7279522242459495,-18.00017335636276,2.30829017543536,3.234000000000009,0.0,0.12961855530738514,final_approach,2.9683420112214094,0.9950358023210377,-5.707974964894213,
37.1,63.94994222,-22.60666771,595.59,522.617,0.3108,-2.8896,3.2549,-0.0098,-0.0354,0.0112,68.758,73.088,-5.9582,123.2572,5.0135,0.0,0.0,0.0,-0.03,1624.8,0.0,3.7,150.0,0,37.1,0.04420773678891532,0.0957347635584425,-0.03,-0.05271915968775337,0.6200223925983913,1.0,0.0,-1621.0008128795102,-59.31381619959268,449.09000000000003,519.117,3.973954591222932,0.022738883118310127,-0.7268980560111488,-18.00969027717269,2.3092280805425673,3.2349000000000103,0.0,0.12995626240064168,final_approach,2.9680361711629644,0.9931656256515708,-5.711720414540132,
37.208,63.94997592,-22.60666459,594.994,521.967,0.3098,-2.8931,3.256,-0.0101,-0.0355,0.0109,68.77,73.1,-5.9613,123.2772,5.0167,0.0,0.0,0.0,-0.03,1624.5,0.0,3.7,150.0,0,37.208,0.0441789177849235,0.09577754761019158,-0.03,-0.05273526798470113,0.6198648105092929,1.0,0.0,-1617.2439934317129,-59.16226712574309,448.494,518.467,3.9762545580151203,0.022498400734685016,-0.7256240496092733,-18.02322278953267,2.310335424758563,3.23599999999999,0.0,0.12824306682886683,final_approach,2.9678905253678955,0.991281520515642,-5.716254374252571,
37.317,63.95001525,-22.60666095,594.298,521.174,0.3086,-2.8972,3.2573,-0.01,-0.0354,0.0106,68.785,73.114,-5.9649,123.3003,5.0204,0.0,0.0,0.0,-0.03,1624.1,0.0,3.7,150.0,0,37.317,0.04413217992332491,0.09582973920280725,-0.03,-0.05275430280476573,0.6196796126373397,1.0,0.0,-1612.8595510531738,-58.98546039155168,447.798,517.674,3.978946066705743,0.022864123992394195,-0.7241353524470767,-18.0366691668141,2.311615813752013,3.2373000000000047,0.0,0.12909503156252308,final_approach,2.9674593392509685,0.9887078025965437,-5.721580989015703,
37.4,63.95004053,-22.60665861,593.851,520.718,0.3079,-2.8998,3.2581,-0.0101,-0.0354,0.0103,68.794,73.123,-5.9672,123.315,5.0227,0.0,0.0,0.0,-0.03,1623.9,0.0,3.7,150.0,0,37.4,0.04411050515390391,0.0958629234493542,-0.03,-0.05276601532397551,0.6195594608566362,1.0,0.0,-1610.0413790835871,-58.87179878077165,447.351,517.218,3.980685668619699,0.02254661319437709,-0.7231767909013997,-18.046791389097397,2.312405054326234,3.238100000000003,0.0,0.1272167318695451,final_approach,2.9673431781069226,0.9873463175679866,-5.725035664230692,
37.5,63.95007706,-22.60665522,593.204,519.959,0.3068,-2.9036,3.2592,-0.0103,-0.0355,0.01,68.807,73.135,-5.9706,123.3362,5.026,0.0,0.0,0.0,-0.03,1623.5,0.0,3.7,150.0,0,37.5,0.04406574057714824,0.09590970935360486,-0.03,-0.05278211852450071,0.6193852624957513,1.0,0.0,-1605.969075848974,-58.70713152320394,446.70399999999995,516.459,3.9831986855830026,0.02297720593415358,-0.7217843877804253,-18.05881385657845,2.3135350585558285,3.239200000000011,0.0,0.12746975624504558,final_approach,2.9668787642973804,0.9849486994092835,-5.730042784474634,
37.617,63.9501136,-22.60665184,592.557,519.168,0.3057,-2.9074,3.2602,-0.0104,-0.0354,0.0096,68.82,73.148,-5.974,123.3573,5.0292,0.0,0.0,0.0,-0.03,1623.2,0.0,3.7,150.0,0,37.617,0.044035104973679795,0.09595708082706078,-0.03,-0.05279675627674818,0.6192094330011572,1.0,0.0,-1601.8956580171111,-58.542954592088655,446.057,515.668,3.9857244457478553,0.0227456205645764,-0.7203957535373259,-18.07267078570166,2.314620193141252,3.2401999999999873,0.0,0.12598260668740843,final_approach,2.9666215081932705,0.9829300351398267,-5.735094952001344,
37.733,63.95015295,-22.60664819,591.86,518.408,0.3045,-2.9115,3.2614,-0.0103,-0.0353,0.0093,68.834,73.161,-5.9776,123.3798,5.0326,0.0,0.0,0.0,-0.03,1622.8,0.0,3.7,150.0,0,37.733,0.04399462657055997,0.09600961983809467,-0.03,-0.05281431966691763,0.6190185692080393,1.0,0.0,-1597.5089859325965,-58.36565869900099,445.36,514.908,3.9884540628446197,0.022876547448590023,-0.7188915328611708,-18.086181209808842,2.315771203644289,3.2413999999999987,0.0,0.12550142927696226,final_approach,2.966177416647323,0.9805313073463289,-5.740577020362867,
37.8,63.95017825,-22.60664584,591.412,517.92,0.3037,-2.9141,3.262,-0.0103,-0.0351,0.0091,68.843,73.17,-5.98,123.3941,5.0347,0.0,0.0,0.0,-0.03,1622.6,0.0,3.7,150.0,0,37.8,0.04396450594277518,0.09604234064571074,-0.03,-0.05282310057944184,0.6188948499845351,1.0,0.0,-1594.6885842578256,-58.251507928976295,444.91200000000003,514.42,3.9902167651325255,0.02344862110244658,-0.7179209411439901,-18.093889441496916,2.316474289973712,3.2419999999999902,0.0,0.12630387736168933,final_approach,2.965779552964019,0.9788756639224196,-5.744129378076821,
37.908,63.95021481,-22.60664245,590.764,517.243,0.3026,-2.9179,3.263,-0.0108,-0.0352,0.0088,68.856,73.182,-5.9834,123.4145,5.0377,0.0,0.0,0.0,-0.03,1622.3,0.0,3.7,150.0,0,37.908,0.043927298999101305,0.09609100717821345,-0.03,-0.052837734274059744,0.6187151730285616,1.0,0.0,-1590.6129367207795,-58.086841838790406,444.264,513.743,3.9927675199185066,0.0234768675637379,-0.716519854246506,-18.10613558376615,2.3174789557008637,3.242999999999995,0.0,0.1257644676351978,final_approach,2.9653286302601813,0.9766866720188183,-5.749286837100794,
38.025,63.95025136,-22.60663905,590.115,516.466,0.3014,-2.9216,3.264,-0.0109,-0.035,0.0086,68.868,73.194,-5.9868,123.4348,5.0406,0.0,0.0,0.0,-0.03,1622.0,0.0,3.7,150.0,0,38.025,0.043901059283874055,0.09613833755248918,-0.03,-0.052852366518912175,0.6185347701679332,1.0,0.0,-1586.5384037793983,-57.92168542215266,443.615,512.966,3.995317728894973,0.023196832622867397,-0.7151100806617979,-18.11918953442689,2.3184388397446583,3.2439999999999998,0.0,0.12365534353782608,final_approach,2.964955626970884,0.9746821726872454,-5.754463210463577,
38.1,63.95027949,-22.60663644,589.616,515.883,0.3005,-2.9245,3.2647,-0.0108,-0.0349,0.0084,68.878,73.203,-5.9895,123.4503,5.0428,0.0,0.0,0.0,-0.03,1621.8,0.0,3.7,150.0,0,38.1,0.0438690706868583,0.09617504120007954,-0.03,-0.05286260822752564,0.6183945726497383,1.0,0.0,-1583.4025184880406,-57.79490640590905,443.116,512.383,3.9972921673426787,0.023718334847291196,-0.7140274698820228,-18.127443620831976,2.319164923462978,3.2446999999999946,0.0,0.12453516079196884,final_approach,2.9644739205515265,0.9728657779221024,-5.758484628493651,
38.208,63.95031606,-22.60663304,588.967,515.185,0.2993,-2.9282,3.2656,-0.0108,-0.035,0.0083,68.89,73.215,-5.993,123.4702,5.0456,0.0,0.0,0.0,-0.03,1621.5,0.0,3.7,150.0,0,38.208,0.0438356900797639,0.09622184839247334,-0.03,-0.0528757750943592,0.6182111230644085,1.0,0.0,-1579.325756012496,-57.62975076752558,442.467,511.68499999999995,3.9998660491435682,0.02373731885559706,-0.7126136615610255,-18.13914709924557,2.320085495267591,3.245599999999996,0.0,0.12331479263916426,final_approach,2.963946779890648,0.9706885312535647,-5.763744937676098,
38.317,63.95035263,-22.60662964,588.318,514.563,0.2982,-2.932,3.2665,-0.0107,-0.0349,0.0081,68.903,73.227,-5.9965,123.4899,5.0484,0.0,0.0,0.0,-0.03,1621.2,0.0,3.7,150.0,0,38.317,0.04379749606900463,0.09627067822730082,-0.03,-0.05288894078620465,0.6180261140801107,1.0,0.0,-1575.2489935369515,-57.464595129316166,441.818,511.063,4.002450818681926,0.023733346046878323,-0.7111973622226824,-18.150762043933916,2.3210095563644018,3.2464999999999975,0.0,0.12294672558523274,final_approach,2.9634066670951427,0.9684864914970817,-5.769047958473035,
38.408,63.95037796,-22.60662729,587.868,513.907,0.2974,-2.9346,3.2671,-0.0106,-0.0348,0.008,68.911,73.235,-5.9989,123.5034,5.0502,0.0,0.0,0.0,-0.03,1621.0,0.0,3.7,150.0,0,38.408,0.043785878231213216,0.09630362157252506,-0.03,-0.05289771726121428,0.6178973550321335,1.0,0.0,-1572.4252475597477,-57.35044552667329,441.36800000000005,510.40700000000004,4.00424327776681,0.023060680469255527,-0.7102179344534496,-18.160334564435914,2.3215876119643895,3.247099999999989,0.0,0.11976175852403323,final_approach,2.9632030397780547,0.9673108669593553,-5.77273746986371,
38.517,63.95042017,-22.60662336,587.118,513.07,0.2961,-2.9389,3.2681,-0.0103,-0.0346,0.0078,68.925,73.248,-6.003,123.5258,5.0532,0.0,0.0,0.0,-0.03,1620.6,0.0,3.7,150.0,0,38.517,0.04373424624825584,0.09635840133905642,-0.03,-0.05291234355866137,0.6176811826740141,1.0,0.0,-1567.7197472141715,-57.15954268009879,440.61800000000005,509.57000000000005,4.0072408781444455,0.02380072054033565,-0.7085746800904597,-18.171586655648323,2.322552650420448,3.2480999999999938,0.0,0.12055072292843352,final_approach,2.9623310662134514,0.9645480224300265,-5.778929574921875,
38.625,63.95045676,-22.60661996,586.467,512.416,0.295,-2.9426,3.2689,-0.0104,-0.0346,0.0077,68.937,73.26,-6.0066,123.545,5.0557,0.0,0.0,0.0,-0.03,1620.3,0.0,3.7,150.0,0,38.625,0.04369838956169164,0.09640529027141355,-0.03,-0.052924043551621225,0.6174926389889537,1.0,0.0,-1563.6407552036717,-56.99438781996985,439.967,508.91600000000005,4.009843487624906,0.023850306438644504,-0.7071516037014398,-18.182541316887743,2.323346476004474,3.248899999999992,0.0,0.11969257639958669,final_approach,2.9617093990064696,0.9624190988247037,-5.784328049519843,
38.733,63.95049054,-22.60661681,585.866,511.797,0.2939,-2.946,3.2697,-0.0106,-0.0348,0.0076,68.948,73.27,-6.0099,123.5626,5.058,0.0,0.0,0.0,-0.03,1620.0,0.0,3.7,150.0,0,38.733,0.04367246982652939,0.09644937566175499,-0.03,-0.052935742615515924,0.6173171466193801,1.0,0.0,-1559.8750171045754,-56.841372047163304,439.366,508.297,4.012256129849292,0.02359846867477515,-0.7058288225329582,-18.193313680980506,2.3240777896361067,3.24969999999999,0.0,0.11807069234978924,final_approach,2.9611965880578204,0.9605478877233082,-5.789350973281753,
38.817,63.9505187,-22.60661419,585.365,511.132,0.293,-2.9489,3.2703,-0.0105,-0.0348,0.0074,68.957,73.279,-6.0127,123.5771,5.0598,0.0,0.0,0.0,-0.03,1619.8,0.0,3.7,150.0,0,38.817,0.04364836925816906,0.09648546643720536,-0.03,-0.05294451630363933,0.6171697890816391,1.0,0.0,-1556.735787338972,-56.71410426097692,438.865,507.632,4.014274756464112,0.023670602099653954,-0.7047280726277746,-18.201569560774495,2.3246362154046096,3.25030000000001,0.0,0.1170772527855227,final_approach,2.960691724640917,0.9589486392706341,-5.793567243602361,
38.925,63.95055812,-22.60661052,584.664,510.355,0.2918,-2.9529,3.2712,-0.0102,-0.0349,0.0073,68.97,73.291,-6.0166,123.5972,5.0623,0.0,0.0,0.0,-0.03,1619.5,0.0,3.7,150.0,0,38.925,0.04360534945983424,0.09653757515931718,-0.03,-0.05295767585562505,0.6169616638772534,1.0,0.0,-1552.341311541656,-56.53583121730394,438.164,506.855,4.017114729512774,0.02410817620752333,-0.7031832127141949,-18.21198769732884,2.325412325787653,3.2512000000000114,0.0,0.11737662711142265,final_approach,2.9598542594289867,0.9565216918112114,-5.799520086989162,
39.033,63.95059192,-22.60660737,584.062,509.662,0.2908,-2.9563,3.2719,-0.01,-0.0349,0.0071,68.98,73.301,-6.02,123.6143,5.0644,0.0,0.0,0.0,-0.03,1619.2,0.0,3.7,150.0,0,39.033,0.04357605874992698,0.09657999446977183,-0.03,-0.052967910249391015,0.616782319624508,1.0,0.0,-1548.5733439068124,-56.382816222752204,437.562,506.162,4.019551668881643,0.02385085574217862,-0.7018542845967769,-18.22222480435491,2.3260599679300356,3.2519000000000062,0.0,0.11512353306426026,final_approach,2.9592744900847308,0.9546755368919868,-5.804647723337059,
39.125,63.95062008,-22.60660475,583.56,509.233,0.29,-2.9592,3.2725,-0.0098,-0.0349,0.007,68.989,73.309,-6.0228,123.6284,5.0661,0.0,0.0,0.0,-0.03,1619.0,0.0,3.7,150.0,0,39.125,0.0435520828203676,0.09661706200129493,-0.03,-0.052976682020383914,0.616632129026565,1.0,0.0,-1545.434114142001,-56.25554843656554,437.05999999999995,505.733,4.021585214711098,0.023559672954450488,-0.7007481153364392,-18.23081214156584,2.326579242643959,3.2524999999999977,0.0,0.11355103796355721,final_approach,2.9587992015281195,0.9531795914272188,-5.808940400205767,
39.208,63.95065107,-22.60660186,583.008,508.535,0.2891,-2.9624,3.2731,-0.0097,-0.0349,0.0069,68.999,73.318,-6.026,123.6439,5.068,0.0,0.0,0.0,-0.03,1618.7,0.0,3.7,150.0,0,39.208,0.043513235556923435,0.0966565961729322,-0.03,-0.05298545326836107,0.6164653985480093,1.0,0.0,-1541.9794005895815,-56.115162466835116,436.50800000000004,505.035,4.023835047367944,0.024150797054103463,-0.6995249420285606,-18.238434131495875,2.3271643757010168,3.2530999999999892,0.0,0.11418111884966439,final_approach,2.9580669683826493,0.9511980851334627,-5.81370429255648,
39.317,63.95069051,-22.60659818,582.304,507.758,0.288,-2.9664,3.2739,-0.0098,-0.035,0.0066,69.011,73.33,-6.0301,123.6633,5.0702,0.0,0.0,0.0,-0.03,1618.4,0.0,3.7,150.0,0,39.317,0.04346814369007512,0.09670563073367117,-0.03,-0.05299714745196438,0.6162524807082386,1.0,0.0,-1537.5826950854978,-55.93640026391802,435.804,504.258,4.026696540915669,0.024501036608885373,-0.6979643699040097,-18.248245937137643,2.32781416587207,3.2538999999999874,0.0,0.1138093574196284,final_approach,2.9571423817369578,0.9488299602164858,-5.819785550327964,
39.4,63.95071587,-22.60659582,581.852,507.214,0.2873,-2.969,3.2744,-0.0099,-0.035,0.0065,69.019,73.337,-6.0327,123.6757,5.0716,0.0,0.0,0.0,-0.03,1618.2,0.0,3.7,150.0,0,39.4,0.043446013655017934,0.09673874956501885,-0.03,-0.05300445584441432,0.6161140751354509,1.0,0.0,-1534.7556046348404,-55.82176189150615,435.352,503.714,4.028549741600126,0.02413881702237876,-0.6969631598976228,-18.25560706564973,2.328226527760563,3.254400000000004,0.0,0.11222537421500713,final_approach,2.956666797780276,0.9474943235448201,-5.823737232586833,
39.517,63.95075814,-22.60659187,581.098,506.486,0.286,-2.9734,3.2752,-0.0098,-0.0351,0.0063,69.032,73.35,-6.0372,123.6962,5.0739,0.0,0.0,0.0,-0.03,1617.8,0.0,3.7,150.0,0,39.517,0.04340031893565177,0.09679124610604704,-0.03,-0.05301614851653291,0.6158819774088944,1.0,0.0,-1530.0434153439414,-55.629881505045,434.59799999999996,502.986,4.031645411037081,0.024525466374709808,-0.695281584637056,-18.26575814349623,2.3289013606793105,3.255200000000002,0.0,0.11212407756919103,final_approach,2.955624002339988,0.9449106518798231,-5.830361508733741,
39.625,63.95079478,-22.60658846,580.443,505.749,0.285,-2.9771,3.2759,-0.0098,-0.035,0.0061,69.043,73.36,-6.0411,123.7138,5.0759,0.0,0.0,0.0,-0.03,1617.5,0.0,3.7,150.0,0,39.625,0.04335834291105234,0.0968366321335999,-0.03,-0.05302637884145622,0.61567993244125,1.0,0.0,-1525.9588493250324,-55.46423865340164,433.943,502.249,4.034328114719324,0.02457786346386819,-0.6938296947118574,-18.274935021208524,2.329492278468962,3.255899999999997,0.0,0.11119023886762333,final_approach,2.9547691102905063,0.9427358140102093,-5.83612555506733,
39.708,63.95082015,-22.60658609,579.99,505.161,0.2842,-2.9797,3.2763,-0.0099,-0.0351,0.0059,69.05,73.367,-6.0438,123.7258,5.0771,0.0,0.0,0.0,-0.03,1617.3,0.0,3.7,150.0,0,39.708,0.04334103127162736,0.09686780251402814,-0.03,-0.053032224421558916,0.6155386485613116,1.0,0.0,-1523.130643936669,-55.34911073279189,433.49,501.661,4.036197421317817,0.024235180594373146,-0.6928174280762099,-18.28187821418017,2.3298194298436385,3.25630000000001,0.0,0.1087490670976104,final_approach,2.9542331870182466,0.9414375303297753,-5.840154799418745,
39.842,63.95086244,-22.60658214,579.234,504.314,0.283,-2.9841,3.2771,-0.0099,-0.0352,0.0057,69.063,73.379,-6.0484,123.7458,5.0792,0.0,0.0,0.0,-0.03,1616.9,0.0,3.7,150.0,0,39.842,0.043300827520977636,0.09692031747635922,-0.03,-0.053043914883803944,0.6153018952395496,1.0,0.0,-1518.4162251100222,-55.15723112458557,432.73400000000004,500.814,4.039317791375446,0.024077041114252483,-0.6911276488547538,-18.29283026310337,2.330410764113992,3.2571000000000083,0.0,0.10768232694084337,final_approach,2.9532681543970725,0.9390963277009092,-5.846904181454953,
39.925,63.95089346,-22.60657925,578.68,503.677,0.2821,-2.9873,3.2776,-0.0096,-0.0349,0.0056,69.072,73.388,-6.0518,123.7602,5.0807,0.0,0.0,0.0,-0.03,1616.7,0.0,3.7,150.0,0,39.925,0.04326379699238092,0.09695844747424087,-0.03,-0.05305122095007081,0.615126366874991,1.0,0.0,-1514.9581672551694,-55.0168463220629,432.17999999999995,500.177,4.041621571578544,0.024690265593399388,-0.689890482722503,-18.29948100944142,2.3308308599860936,3.2575999999999965,0.0,0.10775063675892718,final_approach,2.952410720249272,0.9371745422927873,-5.851906113468889,
40.017,63.95092448,-22.60657635,578.125,503.108,0.2812,-2.9904,3.2781,-0.0098,-0.0351,0.0054,69.081,73.396,-6.0553,123.7746,5.0821,0.0,0.0,0.0,-0.03,1616.4,0.0,3.7,150.0,0,40.017,0.043232605157752124,0.0969950907503367,-0.03,-0.0530585266527237,0.6149502767976077,1.0,0.0,-1511.5001092300886,-54.87597158238914,431.625,499.608,4.043924563177739,0.02474730755825829,-0.6886452941423586,-18.306717968073563,2.3312046453488904,3.258100000000013,0.0,0.10684840495870827,final_approach,2.951607623218642,0.9354041370647685,-5.856922308017836,
40.1,63.95095268,-22.60657372,577.62,502.457,0.2804,-2.9933,3.2786,-0.0099,-0.0352,0.0053,69.089,73.404,-6.0584,123.7875,5.0834,0.0,0.0,0.0,-0.03,1616.2,0.0,3.7,150.0,0,40.1,0.04320194600617666,0.09702978189488057,-0.03,-0.05306583199172166,0.6147894114444736,1.0,0.0,-1508.3564202243456,-54.7482154153867,431.12,498.957,4.046021368566349,0.02483320888611874,-0.6875155808117633,-18.313133174902603,2.331560599234848,3.2586000000000013,0.0,0.10589723561415508,final_approach,2.9508623788718857,0.9337475642355564,-5.861503279640754,
40.233,63.95099781,-22.6065695,576.812,501.673,0.2791,-2.998,3.2792,-0.0099,-0.0352,0.005,69.102,73.416,-6.0635,123.808,5.0853,0.0,0.0,0.0,-0.03,1615.7,0.0,3.7,150.0,0,40.233,0.043154973128887,0.09708418774061946,-0.03,-0.05307459791843899,0.6145296264811412,1.0,0.0,-1503.325402843405,-54.54321801258954,430.312,498.173,4.049393464034936,0.024920024283028176,-0.6856975786977901,-18.32314272912734,2.3320494675785994,3.2591999999999928,0.0,0.10515606518580446,final_approach,2.9496284090830116,0.9311557957992171,-5.868898127637749,
40.317,63.95102602,-22.60656687,576.306,501.077,0.2783,-3.0009,3.2797,-0.0098,-0.035,0.0048,69.11,73.424,-6.0667,123.8207,5.0865,0.0,0.0,0.0,-0.03,1615.5,0.0,3.7,150.0,0,40.317,0.043125102365030255,0.09711805613836025,-0.03,-0.053081902457256636,0.6143665211009421,1.0,0.0,-1500.1805990701846,-54.415462234888444,429.80600000000004,497.577,4.051501842570536,0.024949977647761367,-0.6845639738263565,-18.329341303287197,2.332362837202851,3.2597000000000094,0.0,0.10425443155418941,final_approach,2.9488542371831272,0.9295197170066452,-5.873539037543715,
40.408,63.95105424,-22.60656423,575.801,500.405,0.2774,-3.0038,3.2801,-0.0099,-0.0351,0.0047,69.118,73.431,-6.0699,123.8333,5.0876,0.0,0.0,0.0,-0.03,1615.2,0.0,3.7,150.0,0,40.408,0.043103142833585906,0.0971527685352156,-0.03,-0.0530877458263887,0.6142014166444034,1.0,0.0,-1497.034680359258,-54.28721690881541,429.30100000000004,496.905,4.053629242487243,0.024687984883586127,-0.6834228068220336,-18.335933776754697,2.3326318496406486,3.2600999999999942,0.0,0.10276876395035747,final_approach,2.9481137839593146,0.9280010768950362,-5.878235317416429,
40.533,63.95109938,-22.60656001,574.991,499.654,0.2761,-3.0084,3.2807,-0.0097,-0.0351,0.0044,69.13,73.443,-6.0751,123.8532,5.0894,0.0,0.0,0.0,-0.03,1614.8,0.0,3.7,150.0,0,40.533,0.04304978798463993,0.09720607494033143,-0.03,-0.05309651044350294,0.6139366721806703,1.0,0.0,-1492.0025482100475,-54.0822198951458,428.491,496.154,4.057026367917103,0.02510282130946834,-0.6815959164824901,-18.344733542245198,2.3330855628354925,3.2606999999999857,0.0,0.10215342177305257,final_approach,2.9467348613794755,0.9252440171981426,-5.885762623269205,
40.625,63.95112761,-22.60655737,574.485,498.953,0.2754,-3.0113,3.281,-0.0096,-0.0351,0.0043,69.138,73.45,-6.0784,123.8655,5.0904,0.0,0.0,0.0,-0.03,1614.6,0.0,3.7,150.0,0,40.625,0.04302010440904164,0.09724000021755697,-0.03,-0.05310089255557876,0.6137692602184592,1.0,0.0,-1488.8555147316433,-53.953974958374104,427.985,495.453,4.059165658221708,0.02479454367203128,-0.6804508102308311,-18.351077833923547,2.3333139458115966,3.2609999999999957,0.0,0.10077188540634215,final_approach,2.9459619357824494,0.9237376022920074,-5.8905205320566445,
40.717,63.95115865,-22.60655447,573.927,498.401,0.2745,-3.0145,3.2814,-0.0097,-0.0352,0.0041,69.147,73.458,-6.082,123.8789,5.0915,0.0,0.0,0.0,-0.03,1614.3,0.0,3.7,150.0,0,40.717,0.042987761496237786,0.09727795146486655,-0.03,-0.05310673516790171,0.6135851174109328,1.0,0.0,-1485.3952271708147,-53.81310099678111,427.427,494.901,4.061510884551106,0.02491071814951513,-0.6791916089062173,-18.35728682325222,2.333567581698759,3.261400000000009,0.0,0.10050408554726802,final_approach,2.9450273206452806,0.921949921384762,-5.895752147854491,
40.8,63.9511897,-22.60655157,573.369,497.751,0.2736,-3.0177,3.2818,-0.0098,-0.0353,0.0039,69.155,73.466,-6.0856,123.8923,5.0925,0.0,0.0,0.0,-0.03,1614.0,0.0,3.7,150.0,0,40.8,0.04295329798372749,0.0973152665164182,-0.03,-0.053112577547316187,0.6133994383555673,1.0,0.0,-1481.9338248433007,-53.67222742448917,426.869,494.251,4.063867425295715,0.025490941318589793,-0.6779306572447349,-18.3627665742592,2.3337749941927086,3.261799999999994,0.0,0.10012967251284575,final_approach,2.9440099857361446,0.9201073090254432,-5.901025515759386,
40.917,63.95123205,-22.60654761,572.608,496.932,0.2723,-3.0221,3.2823,-0.01,-0.0355,0.0037,69.166,73.477,-6.0907,123.9102,5.0939,0.0,0.0,0.0,-0.03,1613.6,0.0,3.7,150.0,0,40.917,0.042907217830520594,0.09736405214146167,-0.03,-0.05311988019402686,0.613143943927374,1.0,0.0,-1477.2127172415592,-53.479860213721345,426.10799999999995,493.432,4.067096645332091,0.025842479640670716,-0.676204849006707,-18.370267751953374,2.334081616248824,3.2623000000000104,0.0,0.09957398355868283,final_approach,2.94261771962303,0.917551319482655,-5.908278571897476,
41.033,63.95126875,-22.60654418,571.948,496.125,0.2713,-3.0259,3.2827,-0.01,-0.0355,0.0036,69.176,73.486,-6.0951,123.9256,5.095,0.0,0.0,0.0,-0.03,1613.2,0.0,3.7,150.0,0,41.033,0.04286971503033782,0.09740784594326093,-0.03,-0.053125722049323365,0.6129208739314933,1.0,0.0,-1473.1214622773273,-53.31323982219131,425.448,492.625,4.069903538238179,0.0255682918070076,-0.674707418875988,-18.37750211056877,2.334297124170064,3.2626999999999953,0.0,0.09835879383078153,final_approach,2.941489748565651,0.9155300126458386,-5.91460822660855,
41.108,63.95129699,-22.60654154,571.44,495.617,0.2704,-3.0288,3.283,-0.01,-0.0355,0.0034,69.184,73.493,-6.0985,123.9374,5.0958,0.0,0.0,0.0,-0.03,1612.9,0.0,3.7,150.0,0,41.108,0.042840508873921934,0.09744214207843317,-0.03,-0.05313010328790757,0.6127480216017168,1.0,0.0,-1469.9733140306532,-53.184995274373115,424.94000000000005,492.117,4.07207062032688,0.026122647814062854,-0.6735529091774928,-18.38207482348066,2.3344424380773887,3.2630000000000052,0.0,0.09911405499767535,final_approach,2.940509198489899,0.9138360920981405,-5.919511074839015,
41.225,63.9513337,-22.60653811,570.779,494.827,0.2693,-3.0326,3.2833,-0.0102,-0.0357,0.0033,69.193,73.502,-6.103,123.9525,5.0968,0.0,0.0,0.0,-0.03,1612.6,0.0,3.7,150.0,0,41.225,0.042806503345005076,0.09748416142968994,-0.03,-0.053134484395434556,0.61252209453474,1.0,0.0,-1465.8809442989434,-53.01837527197036,424.279,491.327,4.0748928047520785,0.02578907891228694,-0.6720508492228192,-18.389014681028158,2.334617400332121,3.2632999999999868,0.0,0.09709669335453004,final_approach,2.9393427395487386,0.9118178279839491,-5.925916899546252,
41.333,63.95137042,-22.60653467,570.118,494.104,0.2683,-3.0364,3.2837,-0.01,-0.0356,0.0031,69.203,73.511,-6.1076,123.9674,5.0978,0.0,0.0,0.0,-0.03,1612.2,0.0,3.7,150.0,0,41.333,0.04276361367494641,0.09752661832688522,-0.03,-0.05314032566825655,0.6122940107384698,1.0,0.0,-1461.787459627944,-52.851265721370304,423.61800000000005,490.604,4.077730224514756,0.025869633295235357,-0.6705400209627499,-18.395232550440433,2.334796114694342,3.2637,0.0,0.0966872296489039,final_approach,2.9380853172230736,0.9096570256480838,-5.9323810613071295,
41.417,63.95139866,-22.60653203,569.609,493.533,0.2674,-3.0394,3.2839,-0.01,-0.0356,0.003,69.21,73.518,-6.1111,123.9788,5.0985,0.0,0.0,0.0,-0.03,1611.9,0.0,3.7,150.0,0,41.417,0.04273668358972649,0.0975593512356398,-0.03,-0.05314324621728417,0.6121177600374289,1.0,0.0,-1458.6393113820618,-52.72302117372588,423.10900000000004,490.033,4.079914866535016,0.025892634929084474,-0.6693797023076972,-18.399953794293047,2.334902785193094,3.2639000000000067,0.0,0.09547323907475087,final_approach,2.9371136290850686,0.9080345122442885,-5.937374281713321,
41.508,63.95142691,-22.60652939,569.099,492.932,0.2666,-3.0423,3.2842,-0.0101,-0.0358,0.0029,69.217,73.524,-6.1146,123.9901,5.0991,0.0,0.0,0.0,-0.03,1611.6,0.0,3.7,150.0,0,41.508,0.042710582263494,0.09759228236575815,-0.03,-0.053147626931588754,0.6119409126786539,1.0,0.0,-1455.4900483687018,-52.594777015034666,422.59900000000005,489.432,4.082100003629108,0.025579278364149843,-0.6682179331410778,-18.404948433032864,2.334965201334626,3.264199999999988,0.0,0.09378686069733089,final_approach,2.9361702262007086,0.9065211262036108,-5.942382718321618,
41.633,63.95147212,-22.60652516,568.284,492.117,0.2653,-3.047,3.2846,-0.0099,-0.0357,0.0027,69.229,73.535,-6.1204,124.0079,5.1001,0.0,0.0,0.0,-0.03,1611.2,0.0,3.7,150.0,0,41.633,0.04265843513578932,0.09764408220447165,-0.03,-0.05315346768007384,0.6116545136277773,1.0,0.0,-1450.4501126777113,-52.38929278810461,421.784,488.617,4.08562427950064,0.02601509979883351,-0.6663521536114871,-18.41155516709666,2.3350888051768095,3.2646000000000015,0.0,0.09398805517939204,final_approach,2.934499021192373,0.9038205618993302,-5.950490158667474,
41.717,63.95150037,-22.60652252,567.773,491.533,0.2645,-3.05,3.2848,-0.0097,-0.0356,0.0026,69.236,73.541,-6.124,124.0189,5.1006,0.0,0.0,0.0,-0.03,1610.9,0.0,3.7,150.0,0,41.717,0.04262958214192386,0.09767623519210389,-0.03,-0.053156387966915686,0.611475373594623,1.0,0.0,-1447.3008496643515,-52.2610486294134,421.273,488.033,4.0878196819289085,0.02603520703130765,-0.6651861512315419,-18.41587844933224,2.335110759152485,3.264800000000008,0.0,0.09301944410248339,final_approach,2.9334760514712244,0.902248290849478,-5.955559049817101,
41.808,63.95153146,-22.60651961,567.212,490.815,0.2636,-3.0532,3.285,-0.0099,-0.0358,0.0025,69.243,73.548,-6.128,124.031,5.1012,0.0,0.0,0.0,-0.03,1610.5,0.0,3.7,150.0,0,41.808,0.0425954800335443,0.09771122743735788,-0.03,-0.05315930819548659,0.6112757563248655,1.0,0.0,-1443.8349880959063,-52.11968667630568,420.712,487.315,4.090257976556679,0.02616174693592626,-0.663898172186957,-18.420431685038277,2.3351579623858925,3.2649999999999864,0.0,0.09155613799525533,final_approach,2.932321516942899,0.90044004409717,-5.961205334127207,
41.9,63.95156254,-22.6065167,566.65,490.191,0.2627,-3.0565,3.2852,-0.0099,-0.0359,0.0023,69.251,73.556,-6.132,124.0429,5.1017,0.0,0.0,0.0,-0.03,1610.2,0.0,3.7,150.0,0,41.9,0.042563142647050856,0.09774750455582386,-0.03,-0.05316222836578488,0.6110756791839551,1.0,0.0,-1440.3702412949385,-51.97832433407069,420.15,486.691,4.092693451337797,0.026213547774717086,-0.6626080367068466,-18.42490230058119,2.3351628372445816,3.265199999999993,0.0,0.09113799106289011,final_approach,2.931155069457855,0.8986775412030212,-5.966862490687777,
42.042,63.95160777,-22.60651247,565.832,489.35,0.2613,-3.0612,3.2855,-0.01,-0.036,0.0021,69.262,73.566,-6.1379,124.0599,5.1024,0.0,0.0,0.0,-0.03,1609.7,0.0,3.7,150.0,0,42.042,0.0425206374916573,0.09779925784800608,-0.03,-0.053166608511964586,0.6107819922480533,1.0,0.0,-1435.3280760682003,-51.77284088522139,419.332,485.85,4.096253298908521,0.026022847993864992,-0.6607300091745375,-18.431514757661226,2.335163213138486,3.265500000000003,0.0,0.08989497266920576,final_approach,2.929468602589562,0.8961392903980236,-5.975162592924065,
42.125,63.95163886,-22.60650956,565.269,488.732,0.2604,-3.0645,3.2857,-0.0098,-0.0359,0.002,69.269,73.573,-6.1421,124.0716,5.1028,0.0,0.0,0.0,-0.03,1609.4,0.0,3.7,150.0,0,42.125,0.04248570934698942,0.09783229296263775,-0.03,-0.05316952853656892,0.6105788845133289,1.0,0.0,-1431.8622144997548,-51.63147893211368,418.769,485.232,4.098704832102653,0.02660846407949032,-0.6594351472846105,-18.435254017389653,2.335125776922723,3.2657000000000096,0.0,0.08938973418997363,final_approach,2.928215311915661,0.8943097241988642,-5.980900092847424,
42.217,63.95166713,-22.60650692,564.757,488.183,0.2596,-3.0674,3.2859,-0.0098,-0.036,0.0019,69.276,73.579,-6.1458,124.082,5.1031,0.0,0.0,0.0,-0.03,1609.1,0.0,3.7,150.0,0,42.217,0.042458926795206964,0.09786548534204183,-0.03,-0.05317244850289071,0.6103929580452894,1.0,0.0,-1428.7107219522318,-51.5032355518508,418.25699999999995,484.683,4.100941632558024,0.026225894804233336,-0.6582597845858025,-18.439279138584887,2.3350668963411465,3.265899999999988,0.0,0.08818039076557967,final_approach,2.9271472911802405,0.8927911952470673,-5.986150333980117,
42.3,63.95169823,-22.60650401,564.193,487.582,0.2587,-3.0707,3.2861,-0.0097,-0.0361,0.0017,69.283,73.585,-6.15,124.0934,5.1035,0.0,0.0,0.0,-0.03,1608.8,0.0,3.7,150.0,0,42.3,0.04242193382617576,0.09789938846532933,-0.03,-0.05317536841092835,0.6101875924795651,1.0,0.0,-1425.2437456163084,-51.3618739876963,417.693,484.082,4.103404212964842,0.02679985291279944,-0.6569612655594878,-18.44279158467624,2.3350351628215833,3.2660999999999945,0.0,0.08783102336849535,final_approach,2.9258642172332756,0.890908187147053,-5.991947382354525,
42.433,63.95174065,-22.60650004,563.424,486.576,0.2575,-3.0752,3.2863,-0.0098,-0.0362,0.0015,69.293,73.595,-6.1557,124.1087,5.1039,0.0,0.0,0.0,-0.03,1608.3,0.0,3.7,150.0,0,42.433,0.04237715658295821,0.09794769353464494,-0.03,-0.053178288260678885,0.6099048006104838,1.0,0.0,-1420.5148344719946,-51.16901956366831,416.924,483.076,4.106781505032189,0.02656540633378341,-0.655186356806632,-18.448168327439458,2.3349295146637132,3.266300000000001,0.0,0.08668165487361841,final_approach,2.9241739100785757,0.8885235684382735,-5.999926387314858,
42.517,63.95177175,-22.60649713,562.86,485.999,0.2566,-3.0785,3.2864,-0.0096,-0.0361,0.0013,69.3,73.601,-6.16,124.1199,5.1041,0.0,0.0,0.0,-0.03,1607.9,0.0,3.7,150.0,0,42.517,0.042342909265541295,0.0979814100607602,-0.03,-0.053179748163695584,0.6096958421998304,1.0,0.0,-1417.0478581360715,-51.02765799968786,416.36,482.499,4.109266936859376,0.027069250967014805,-0.6538830726406321,-18.45143963422444,2.3348094234520715,3.2664000000000044,0.0,0.08637726200630952,final_approach,2.9228580301396185,0.8867241015689213,-6.00581948036508,
42.608,63.95180286,-22.60649423,562.295,485.377,0.2558,-3.0818,3.2865,-0.0098,-0.0363,0.0012,69.307,73.608,-6.1642,124.1309,5.1043,0.0,0.0,0.0,-0.03,1607.6,0.0,3.7,150.0,0,42.608,0.04230583381004649,0.0980170865981664,-0.03,-0.05318120805213966,0.6094859569501937,1.0,0.0,-1413.5797672036908,-50.886786761985505,415.79499999999996,481.877,4.111754864287306,0.0271143527800774,-0.6525842153326632,-18.45485543092923,2.3346931435013403,3.2665000000000077,0.0,0.08551779063511201,final_approach,2.9215637652612685,0.8849514046984357,-6.011736416516616,
42.733,63.95184529,-22.60649026,561.524,484.583,0.2545,-3.0863,3.2867,-0.0099,-0.0364,0.001,69.317,73.616,-6.1701,124.1457,5.1045,0.0,0.0,0.0,-0.03,1607.1,0.0,3.7,150.0,0,42.733,0.04226310854280302,0.0980642975070321,-0.03,-0.05318412778530812,0.609197550727437,1.0,0.0,-1408.8497412918994,-50.69393272708478,415.024,481.083,4.11515978640729,0.027135190143376054,-0.6508001941653366,-18.45931022423769,2.334504893546267,3.2667000000000144,0.0,0.08501617330464067,final_approach,2.9197598602024293,0.8825200424087782,-6.019863219639678,
42.817,63.95187358,-22.60648761,561.01,483.891,0.2537,-3.0893,3.2868,-0.0099,-0.0364,0.0009,69.323,73.622,-6.1741,124.1554,5.1046,0.0,0.0,0.0,-0.03,1606.8,0.0,3.7,150.0,0,42.817,0.042231715593129715,0.09809463322882091,-0.03,-0.053185587630031506,0.6090035935099211,1.0,0.0,-1405.6960190384002,-50.565200187577524,414.51,480.391,4.117440783134898,0.027138445610765276,-0.6496067015287829,-18.462191118538243,2.3343672185991977,3.2667999999999893,0.0,0.08378093677045256,final_approach,2.918542074184881,0.8808945854309602,-6.0253261811037895,
42.9,63.95190187,-22.60648497,560.495,483.403,0.2529,-3.0923,3.2868,-0.0101,-0.0364,0.0008,69.329,73.628,-6.1781,124.1651,5.1047,0.0,0.0,0.0,-0.03,1606.5,0.0,3.7,150.0,0,42.9,0.04219928205693774,0.09812510733866406,-0.03,-0.053185587630031506,0.6088091812883797,1.0,0.0,-1402.5422969551294,-50.436957585569466,413.995,479.903,4.119720061702762,0.02719223593640985,-0.6484178172270804,-18.464931068606802,2.3342295651357574,3.2667999999999893,0.0,0.08273622948463961,final_approach,2.9173146377525008,0.8792545549060833,-6.030800005503682,
43.025,63.9519443,-22.606481,559.722,482.458,0.2516,-3.0968,3.2869,-0.0101,-0.0366,0.0006,69.339,73.636,-6.1841,124.1794,5.1047,0.0,0.0,0.0,-0.03,1606.0,0.0,3.7,150.0,0,43.025,0.04215658329379535,0.09817264375903614,-0.03,-0.053187047460181436,0.6085156542996651,1.0,0.0,-1397.812271043338,-50.24410355049467,413.222,478.958,4.123148100691933,0.02723091526590227,-0.6466249431645363,-18.46882197371651,2.3339587665150248,3.2668999999999926,0.0,0.0824874813496761,final_approach,2.9154369764666654,0.8768363299807174,-6.039060789778816,
43.108,63.9519726,-22.60647835,559.207,482.003,0.2508,-3.0998,3.287,-0.0099,-0.0366,0.0004,69.345,73.642,-6.1881,124.1888,5.1047,0.0,0.0,0.0,-0.03,1605.6,0.0,3.7,150.0,0,43.108,0.042124476985702375,0.09820453464304962,-0.03,-0.05318850727575686,0.6083177402125006,1.0,0.0,-1394.657434022361,-50.11537140028875,412.707,478.503,4.125450598132557,0.027315918224846462,-0.6454256942363985,-18.471295232210846,2.3337807929434007,3.266999999999996,0.0,0.08156036092029738,final_approach,2.914166703425906,0.8751924668068316,-6.04462822338958,
43.233,63.95201504,-22.60647439,558.433,481.139,0.2495,-3.1043,3.287,-0.0101,-0.0366,0.0002,69.354,73.65,-6.1943,124.2028,5.1045,0.0,0.0,0.0,-0.03,1605.1,0.0,3.7,150.0,0,43.233,0.042083746427184876,0.09824944292236841,-0.03,-0.05318850727575686,0.6080198935957797,1.0,0.0,-1389.926293514112,-49.92300769166611,411.933,477.639,4.128902359848117,0.027365614141452124,-0.6436329346251587,-18.47478561890478,2.333423669699812,3.266999999999996,0.0,0.08069123720027059,final_approach,2.9122448839480377,0.872837635051841,-6.053003034903671,
43.308,63.95204334,-22.60647174,557.916,480.438,0.2487,-3.1073,3.287,-0.01,-0.0366,0.0001,69.36,73.656,-6.1984,124.2119,5.1044,0.0,0.0,0.0,-0.03,1604.8,0.0,3.7,150.0,0,43.308,0.04205011271372122,0.09828026754806263,-0.03,-0.05318850727575686,0.607820375852169,1.0,0.0,-1386.7714564923433,-49.79427554146046,411.41600000000005,476.938,4.131205724992688,0.027923267661367615,-0.6424294290426201,-18.476780862035714,2.333205397567923,3.266999999999996,0.0,0.08062839745479145,final_approach,2.9109163017767337,0.8711666212282374,-6.0586105164284625,
43.483,63.95208297,-22.60646804,557.193,479.648,0.2475,-3.1116,3.287,-0.0101,-0.0368,-0.0001,69.368,73.663,-6.2042,124.2246,5.1042,0.0,0.0,0.0,-0.03,1604.3,0.0,3.7,150.0,0,43.483,0.04201792335003368,0.0983233551842033,-0.03,-0.05318850727575686,0.6075378673683373,1.0,0.0,-1382.3535700665184,-49.61454085748505,410.693,476.148,4.134455190350384,0.02636411862989845,-0.6407481373788094,-18.481130564381797,2.332872999971954,3.266999999999996,0.0,0.07745438729656141,final_approach,2.9092326975686937,0.8691330331768246,-6.0665470058667665,
43.542,63.9521141,-22.60646513,556.624,479.111,0.2466,-3.1149,3.287,-0.0095,-0.0364,-0.0002,69.374,73.669,-6.2088,124.2345,5.104,0.0,0.0,0.0,-0.03,1604.0,0.0,3.7,150.0,0,43.542,0.041978635190700386,0.09835651635689449,-0.03,-0.05318850727575686,0.6073150251092289,1.0,0.0,-1378.8832494281621,-49.47318046088644,410.124,475.611,4.13700855393352,0.02918299033603303,-0.6394228314055047,-18.48251028799144,2.3325936322164864,3.266999999999996,0.0,0.07965807165634976,final_approach,2.9076793454508163,0.8672156402973581,-6.07280444358339,
43.633,63.9521509,-22.60646169,555.951,478.311,0.2456,-3.1188,3.287,-0.0094,-0.0365,-0.0004,69.382,73.676,-6.2142,124.246,5.1037,0.0,0.0,0.0,-0.03,1603.5,0.0,3.7,150.0,0,43.633,0.041933237840974524,0.0983979979314862,-0.03,-0.05318850727575686,0.6070497863353234,1.0,0.0,-1374.780846618925,-49.30607402330401,409.451,474.811,4.140036567280294,0.029864970603789252,-0.6378534715011153,-18.4844913393578,2.332238013445476,3.266999999999996,0.0,0.08040843677051746,final_approach,2.905878229616441,0.8650400845620592,-6.080249112880537,
43.708,63.95217638,-22.60645931,555.485,477.747,0.2449,-3.1215,3.287,-0.0096,-0.0368,-0.0005,69.387,73.68,-6.218,124.2538,5.1034,0.0,0.0,0.0,-0.03,1603.2,0.0,3.7,150.0,0,43.708,0.0419054632962827,0.09842570452422529,-0.03,-0.05318850727575686,0.6068647952254402,1.0,0.0,-1371.9403786180783,-49.19046044594319,408.985,474.247,4.142141371641206,0.02956481852740732,-0.6367663132876704,-18.48603758450598,2.3319524154667874,3.266999999999996,0.0,0.07915918494288948,final_approach,2.9046496913881086,0.8636208884210745,-6.085439311082425,
43.833,63.95221885,-22.60645535,554.707,476.908,0.2437,-3.1261,3.2869,-0.0099,-0.0372,-0.0006,69.395,73.688,-6.2244,124.2668,5.1029,0.0,0.0,0.0,-0.03,1602.7,0.0,3.7,150.0,0,43.833,0.041858566873929415,0.09847096316863098,-0.03,-0.053187047460181436,0.6065550939230056,1.0,0.0,-1367.2058938073963,-48.99809790470236,408.207,473.408,4.1456522333960635,0.029318497779315635,-0.634955564977743,-18.488381873526087,2.33147649824906,3.2668999999999926,0.0,0.07778107722080539,final_approach,2.9025778957335753,0.8612189403224626,-6.094124596736858,
43.917,63.95224717,-22.6064527,554.188,476.267,0.2429,-3.1292,3.2868,-0.0098,-0.0372,-0.0008,69.401,73.693,-6.2287,124.2753,5.1026,0.0,0.0,0.0,-0.03,1602.3,0.0,3.7,150.0,0,43.917,0.041824815715738595,0.09850192697131459,-0.03,-0.053185587630031506,0.6063470271001723,1.0,0.0,-1364.0488272514635,-48.86936653257692,407.688,472.767,4.148001983050585,0.029094283178241587,-0.6337399996609526,-18.489848564251734,2.33117776696821,3.2667999999999893,0.0,0.07720357669423866,final_approach,2.9011752314661763,0.8595573940975711,-6.099956946068559,
44.008,63.95227548,-22.60645006,553.669,475.73,0.242,-3.1323,3.2868,-0.0101,-0.0374,-0.0009,69.406,73.698,-6.233,124.2837,5.1022,0.0,0.0,0.0,-0.03,1602.0,0.0,3.7,150.0,0,44.008,0.04179834567061236,0.0985323168240103,-0.03,-0.053185587630031506,0.6061377968424249,1.0,0.0,-1360.8928756340297,-48.74112470882314,407.169,472.23,4.150357697460094,0.02855973123737891,-0.6325288880656584,-18.49132281908748,2.330834942607879,3.2667999999999893,0.0,0.07518007471704974,final_approach,2.899779103536172,0.857972033786929,-6.105819733916203,
44.117,63.95231796,-22.60644609,552.889,474.837,0.2408,-3.1369,3.2867,-0.0101,-0.0374,-0.0011,69.415,73.705,-6.2396,124.2962,5.1015,0.0,0.0,0.0,-0.03,1601.4,0.0,3.7,150.0,0,44.117,0.04175005199456144,0.09857763620232354,-0.03,-0.05318412778530812,0.6058223042006904,1.0,0.0,-1356.1572758848495,-48.54827261938472,406.389,471.337,4.153896369107818,0.029210588948158416,-0.6307028518881886,-18.492884290367275,2.330276662773258,3.2667000000000144,0.0,0.0758517776827231,final_approach,2.8976010375973438,0.8555340101298974,-6.11465596568101,
44.2,63.95234345,-22.60644371,552.421,474.325,0.24,-3.1397,3.2866,-0.0101,-0.0375,-0.0012,69.419,73.71,-6.2436,124.3035,5.1011,0.0,0.0,0.0,-0.03,1601.1,0.0,3.7,150.0,0,44.2,0.041724176831404836,0.09860339518526817,-0.03,-0.05318266792601056,0.6056314271654731,1.0,0.0,-1353.3156931165252,-48.43265943115118,405.92100000000005,470.825,4.156029547160562,0.028625647522550826,-0.6296066525505974,-18.493977995992292,2.3299547284814253,3.266600000000011,0.0,0.0733373225374048,final_approach,2.896310733092978,0.85407644727354,-6.119999607732549,
44.325,63.95238593,-22.60643975,551.64,473.53,0.2388,-3.1443,3.2864,-0.0102,-0.0376,-0.0013,69.427,73.717,-6.2502,124.3156,5.1003,0.0,0.0,0.0,-0.03,1600.6,0.0,3.7,150.0,0,44.325,0.04167668153765497,0.09864935496518058,-0.03,-0.053179748163695584,0.6053117198842577,1.0,0.0,-1348.5800935391574,-48.24029727903736,405.14,470.03,4.159589546023054,0.02860137141878099,-0.6277807036080459,-18.49539234229333,2.3293581648338773,3.2664000000000044,0.0,0.07248847503401147,final_approach,2.8941164139245785,0.8516715210387797,-6.128945859024821,
44.408,63.95241426,-22.60643711,551.119,472.888,0.2379,-3.1474,3.2863,-0.0101,-0.0375,-0.0014,69.433,73.722,-6.2547,124.3236,5.0998,0.0,0.0,0.0,-0.03,1600.2,0.0,3.7,150.0,0,44.408,0.041647216672256016,0.09867975143998568,-0.03,-0.053178288260678885,0.605096843784531,1.0,0.0,-1345.4219123867676,-48.11205623353811,404.619,469.388,4.161973224425792,0.028620978999061467,-0.6265613835597429,-18.496226351648442,2.3289771143449514,3.266300000000001,0.0,0.07247035517878408,final_approach,2.8926388672415193,0.8500210633719902,-6.134955838852768,
44.5,63.95244259,-22.60643446,550.598,472.266,0.2371,-3.1505,3.2862,-0.0101,-0.0377,-0.0015,69.438,73.726,-6.2592,124.3315,5.0992,0.0,0.0,0.0,-0.03,1599.8,0.0,3.7,150.0,0,44.5,0.041615678157602864,0.09870972818654568,-0.03,-0.05317682834308973,0.6048805149395856,1.0,0.0,-1342.2637310633577,-47.98332525053995,404.09799999999996,468.766,4.164365789041252,0.02818517201997822,-0.625333926586519,-18.49703531208268,2.3285519938587527,3.2661999999999978,0.0,0.07082285253406806,final_approach,2.8911480447560365,0.8484169402166604,-6.14100417026032,
44.625,63.95248792,-22.60643024,549.763,471.39,0.2357,-3.1555,3.286,-0.0099,-0.0378,-0.0017,69.446,73.734,-6.2665,124.3438,5.0981,0.0,0.0,0.0,-0.03,1599.2,0.0,3.7,150.0,0,44.625,0.0415708597136612,0.09875674830454752,-0.03,-0.053173908464195285,0.6045326013118757,1.0,0.0,-1337.2104183336548,-47.77833563046204,403.26300000000003,467.89,4.1681986278186605,0.02859809505319315,-0.6233791381566294,-18.497886723885248,2.327813923968648,3.265999999999991,0.0,0.07020259321278592,final_approach,2.8887255156212532,0.8458814125307086,-6.150726694288057,
44.7,63.95251341,-22.60642786,549.293,470.863,0.235,-3.1583,3.2859,-0.0097,-0.0377,-0.0018,69.451,73.738,-6.2706,124.3507,5.0975,0.0,0.0,0.0,-0.03,1598.9,0.0,3.7,150.0,0,44.7,0.04154100083348877,0.09878424000950067,-0.03,-0.05317244850289071,0.6043357422982418,1.0,0.0,-1334.3688355653305,-47.66272244205443,402.793,467.363,4.170359234051617,0.028633093062007932,-0.6222734605753727,-18.49831251661869,2.3274078017796,3.265899999999988,0.0,0.06988114534495116,final_approach,2.8873490702941176,0.8444208170889969,-6.156225360467278,
44.825,63.95255592,-22.6064239,548.508,470.02,0.2338,-3.163,3.2856,-0.0099,-0.0379,-0.002,69.458,73.744,-6.2776,124.362,5.0965,0.0,0.0,0.0,-0.03,1598.3,0.0,3.7,150.0,0,44.825,0.04149027970829766,0.09882672886971706,-0.03,-0.053168068531551815,0.6040058831962237,1.0,0.0,-1329.6298916855296,-47.47036145732243,402.00800000000004,466.52,4.173966589707744,0.02867071842650975,-0.6204321809798816,-18.498790237088595,2.3267348008994304,3.2656000000000063,0.0,0.06861922304086833,final_approach,2.885031267278144,0.8419449186892862,-6.165434786165331,
44.908,63.95258425,-22.60642126,547.985,469.335,0.233,-3.1661,3.2855,-0.0098,-0.0379,-0.0021,69.463,73.749,-6.2822,124.3694,5.0957,0.0,0.0,0.0,-0.03,1598.0,0.0,3.7,150.0,0,44.908,0.041459504203417374,0.09885724028709629,-0.03,-0.053166608511964586,0.6037840529473735,1.0,0.0,-1326.4717105331401,-47.342120411823196,401.485,465.835,4.1763834960743935,0.028745490991267223,-0.619202284593539,-18.49900404038725,2.326227391381309,3.265500000000003,0.0,0.06785756311491375,final_approach,2.883471397936198,0.8403606441161333,-6.1716251779899665,
45.033,63.95262676,-22.6064173,547.199,468.562,0.2317,-3.1708,3.2852,-0.0099,-0.0382,-0.0023,69.47,73.755,-6.2893,124.3803,5.0945,0.0,0.0,0.0,-0.03,1597.4,0.0,3.7,150.0,0,45.033,0.041414543643249146,0.09889996977144964,-0.03,-0.05316222836578488,0.6034495414325465,1.0,0.0,-1321.732766653339,-47.14975942709118,400.69899999999996,465.062,4.180014531606729,0.028795956535836928,-0.6173543536936799,-18.499094151097346,2.325470156851395,3.265199999999993,0.0,0.06677960283174342,final_approach,2.8811020812206465,0.8379339346291541,-6.180955589436696,
45.117,63.9526551,-22.60641466,546.675,467.922,0.2309,-3.174,3.285,-0.0099,-0.0381,-0.0024,69.475,73.759,-6.294,124.3875,5.0937,0.0,0.0,0.0,-0.03,1597.0,0.0,3.7,150.0,0,45.117,0.041381081321463786,0.0989300832037222,-0.03,-0.05315930819548659,0.6032246443121477,1.0,0.0,-1318.5734707334716,-47.02151877054516,400.17499999999995,464.422,4.182446665796883,0.028822293522233117,-0.6161201737486801,-18.499050782069162,2.324966662508473,3.2649999999999864,0.0,0.06611998525829021,final_approach,2.8795081966987937,0.836292520030673,-6.187225560236158,
45.2,63.95268061,-22.60641228,546.203,467.405,0.2302,-3.1768,3.2848,-0.01,-0.0382,-0.0025,69.479,73.763,-6.2983,124.3939,5.0929,0.0,0.0,0.0,-0.03,1596.6,0.0,3.7,150.0,0,45.2,0.04135122276291836,0.09895597627997954,-0.03,-0.053156387966915686,0.6030212169517102,1.0,0.0,-1315.729658430192,-46.90590636056616,399.703,463.905,4.184640408494211,0.028423683753121178,-0.6150053809478722,-18.49891552152411,2.324478286936767,3.264800000000008,0.0,0.06449023851520866,final_approach,2.878057848161397,0.8348444032507789,-6.192894895964777,
45.317,63.95272312,-22.60640832,545.415,466.615,0.2289,-3.1816,3.2845,-0.0101,-0.0384,-0.0027,69.486,73.769,-6.3054,124.4044,5.0915,0.0,0.0,0.0,-0.03,1596.1,0.0,3.7,150.0,0,45.317,0.04130725836261179,0.09900098678424606,-0.03,-0.05315200751480226,0.6026808831215177,1.0,0.0,-1310.990714550391,-46.713545375834165,398.91499999999996,463.115,4.188297500669297,0.028895936140543848,-0.6131483429868604,-18.49850810711963,2.3236369222000803,3.264499999999998,0.0,0.06406649499829005,final_approach,2.8756216504905012,0.8324435736795692,-6.202375303215955,
45.4,63.95275147,-22.60640568,544.889,465.885,0.2281,-3.1847,3.2843,-0.0099,-0.0384,-0.0028,69.491,73.773,-6.3103,124.4112,5.0906,0.0,0.0,0.0,-0.03,1595.7,0.0,3.7,150.0,0,45.4,0.041273331676698666,0.09902923815856121,-0.03,-0.05314908714055938,0.6024524609951907,1.0,0.0,-1307.830303863046,-46.58530510858947,398.389,462.385,4.190742983875825,0.028990555632236296,-0.6119082366801266,-18.49811728500105,2.323095178705188,3.2642999999999915,0.0,0.0637187194398426,final_approach,2.873981619642926,0.8307902122099513,-6.208735207218471,
45.525,63.95279682,-22.60640146,544.047,465.037,0.2268,-3.1898,3.2839,-0.01,-0.0385,-0.003,69.498,73.78,-6.3181,124.422,5.089,0.0,0.0,0.0,-0.03,1595.0,0.0,3.7,150.0,0,45.525,0.04122216776717019,0.09907514194211334,-0.03,-0.05314324621728417,0.6020844180073701,1.0,0.0,-1302.77476159918,-46.38031626659177,397.547,461.537,4.194668159416212,0.02939236374737997,-0.609922738950355,-18.49728213868234,2.322156459487985,3.2639000000000067,0.0,0.06301701767258781,final_approach,2.871332595076254,0.8282154839117322,-6.2189773812191085,
45.608,63.95282234,-22.60639909,543.573,464.445,0.226,-3.1927,3.2837,-0.01,-0.0386,-0.0031,69.502,73.783,-6.3225,124.428,5.0881,0.0,0.0,0.0,-0.03,1594.7,0.0,3.7,150.0,0,45.608,0.041194990300534695,0.09910149514741057,-0.03,-0.05314032566825655,0.6018757260658282,1.0,0.0,-1299.9298347002348,-46.265194182890575,397.073,460.945,4.196885681466857,0.028946491979534184,-0.6088064580807735,-18.496637260786024,2.32162991085184,3.2637,0.0,0.06166935889182765,final_approach,2.8698238511132423,0.8267368478968073,-6.224782197260069,
45.733,63.95286487,-22.60639514,542.782,463.557,0.2248,-3.1975,3.2833,-0.0102,-0.0387,-0.0033,69.509,73.789,-6.3299,124.4378,5.0865,0.0,0.0,0.0,-0.03,1594.1,0.0,3.7,150.0,0,45.733,0.04114560440000398,0.09914532531937258,-0.03,-0.053134484395434556,0.6015261562112473,1.0,0.0,-1295.188661456499,-46.07332391373799,396.28200000000004,460.057,4.200587064766485,0.029057254382449143,-0.6069426900823958,-18.49543577512638,2.3207102327845917,3.2632999999999868,0.0,0.06115396262893786,final_approach,2.8672909537440354,0.8243082127704913,-6.234501016830016,
45.817,63.95289322,-22.6063925,542.255,463.079,0.2239,-3.2007,3.283,-0.01,-0.0387,-0.0034,69.513,73.793,-6.3349,124.4442,5.0853,0.0,0.0,0.0,-0.03,1593.7,0.0,3.7,150.0,0,45.817,0.041118605608307046,0.09917376101019292,-0.03,-0.05313010328790757,0.6012908846584623,1.0,0.0,-1292.0282507691538,-45.94508364631923,395.755,459.579,4.203069092901839,0.0291390376507593,-0.6056935591801659,-18.494526813927163,2.320038412226296,3.2630000000000052,0.0,0.059923515809862056,final_approach,2.865581847846471,0.8227466025187162,-6.241038894378466,
45.908,63.95292157,-22.60638987,541.727,462.428,0.2231,-3.2039,3.2827,-0.01,-0.0389,-0.0035,69.518,73.796,-6.3399,124.4505,5.0842,0.0,0.0,0.0,-0.03,1593.2,0.0,3.7,150.0,0,45.908,0.041084102520728694,0.09920333081924398,-0.03,-0.053125722049323365,0.6010550218778077,1.0,0.0,-1288.8678402528292,-45.81733331639941,395.227,458.928,4.205550078381068,0.02882646082477033,-0.6044490726937622,-18.493431614873383,2.3194145000930178,3.2626999999999953,0.0,0.05947092845851135,final_approach,2.8638581040253683,0.8210908130955819,-6.247590631523497,
46.042,63.95296695,-22.60638565,540.881,461.492,0.2218,-3.209,3.2822,-0.0099,-0.0388,-0.0037,69.524,73.802,-6.3479,124.4604,5.0823,0.0,0.0,0.0,-0.03,1592.6,0.0,3.7,150.0,0,46.042,0.04103146883585085,0.09924983343129222,-0.03,-0.053118419693802654,0.6006749742916616,1.0,0.0,-1283.808953687322,-45.61234564178326,394.381,457.992,4.209532558081914,0.02897538364855967,-0.6024466764649509,-18.491555474973254,2.3183554068717456,3.262200000000007,0.0,0.05813503672619093,final_approach,2.861071889244162,0.8184906075949776,-6.2581421075639945,
46.133,63.95299814,-22.60638275,540.298,460.779,0.2209,-3.2125,3.2819,-0.0098,-0.0387,-0.0038,69.529,73.806,-6.3535,124.4671,5.081,0.0,0.0,0.0,-0.03,1592.1,0.0,3.7,150.0,0,46.133,0.04099461695349166,0.09928125345587649,-0.03,-0.053114038105775696,0.6004129367815206,1.0,0.0,-1280.3319446159117,-45.47147751727287,393.798,457.279,4.212267664292107,0.029155505073786878,-0.6010679864803654,-18.490161610135548,2.3176322426301965,3.261899999999997,0.0,0.057845038382446694,final_approach,2.859142173100061,0.8166741014369538,-6.2654133453687315,
46.225,63.95303217,-22.6063796,539.663,460.086,0.2199,-3.2164,3.2815,-0.01,-0.0389,-0.004,69.534,73.81,-6.3596,124.4743,5.0794,0.0,0.0,0.0,-0.03,1591.6,0.0,3.7,150.0,0,46.225,0.040959837862786896,0.09931667369328846,-0.03,-0.05310819578459136,0.6001236885754342,1.0,0.0,-1276.5383373314567,-45.318471472647595,393.163,456.586,4.215276727054382,0.029747454884451043,-0.5995703461146196,-18.48861891970701,2.316761917741104,3.2615000000000123,0.0,0.057527109991957204,final_approach,2.8570427427587823,0.8148236186008937,-6.2734360092139525,
46.317,63.95306053,-22.60637696,539.133,459.54,0.2191,-3.2196,3.2812,-0.0101,-0.0391,-0.0041,69.538,73.814,-6.3647,124.4801,5.0781,0.0,0.0,0.0,-0.03,1591.2,0.0,3.7,150.0,0,46.317,0.04092536281011072,0.09934614065071684,-0.03,-0.0531038138908525,0.5998816565219713,1.0,0.0,-1273.3768118766338,-45.19023159435611,392.63300000000004,456.04,4.217786570713807,0.029336363960638358,-0.598310603277819,-18.486965063854804,2.316055789393033,3.2612000000000023,0.0,0.05624994188991241,final_approach,2.855237393266865,0.8131686650580612,-6.28014615035465,
46.408,63.95309457,-22.60637381,538.496,458.852,0.2181,-3.2235,3.2808,-0.01,-0.0394,-0.0042,69.543,73.818,-6.3709,124.4871,5.0766,0.0,0.0,0.0,-0.03,1590.7,0.0,3.7,150.0,0,46.408,0.04088587447013581,0.09938092190282741,-0.03,-0.053097971162083146,0.5995898564500229,1.0,0.0,-1269.582089825493,-45.03722593903189,391.996,455.352,4.220802888115303,0.02997136081242912,-0.5968082918560519,-18.485197491053345,2.3152353412149864,3.260799999999989,0.0,0.056131315804025875,final_approach,2.853106970406472,0.8111963848841324,-6.288232542534015,
46.5,63.95312293,-22.60637118,537.965,458.221,0.2173,-3.2267,3.2804,-0.0099,-0.0396,-0.0043,69.547,73.821,-6.3761,124.4927,5.0752,0.0,0.0,0.0,-0.03,1590.3,0.0,3.7,150.0,0,46.5,0.04085197751460984,0.09940979777788153,-0.03,-0.053092128200437017,0.5993452297850324,1.0,0.0,-1266.4205645416905,-44.90947599806529,391.46500000000003,454.721,4.22332356364645,0.02954257518997197,-0.5955509949214993,-18.48330024361356,2.314487154332852,3.260400000000004,0.0,0.05498103808270211,final_approach,2.851277767496107,0.809568803306794,-6.295008701275886,
46.633,63.95317116,-22.60636671,537.061,457.187,0.2159,-3.2323,3.2798,-0.01,-0.0396,-0.0045,69.553,73.827,-6.385,124.5022,5.0728,0.0,0.0,0.0,-0.03,1589.5,0.0,3.7,150.0,0,46.633,0.04079785390202184,0.09945837733001786,-0.03,-0.05308336332136748,0.5989263895598458,1.0,0.0,-1261.0439649956609,-44.69235079263557,390.56100000000004,453.687,4.227622615303966,0.030006095437152092,-0.5934102962531052,-18.4802811819352,2.3132065749405797,3.2598000000000127,0.0,0.05408392388926447,final_approach,2.8481865492923113,0.8068426617783739,-6.306604338727233,
46.725,63.95320236,-22.60636382,536.475,456.553,0.215,-3.2359,3.2794,-0.0099,-0.0396,-0.0046,69.557,73.83,-6.3908,124.5082,5.0712,0.0,0.0,0.0,-0.03,1589.1,0.0,3.7,150.0,0,46.725,0.040761898687301124,0.09948971677415916,-0.03,-0.05307751977761743,0.5986541260166376,1.0,0.0,-1257.5658413277931,-44.551972994403265,389.975,453.053,4.230405978174831,0.030047403572382052,-0.5920237031756274,-18.478074500336092,2.3123591998939617,3.2593999999999994,0.0,0.05311977270566033,final_approach,2.846156445389301,0.8050618914909737,-6.314137781289805,
46.817,63.95323073,-22.60636119,535.942,456.063,0.2141,-3.2392,3.279,-0.01,-0.0398,-0.0047,69.561,73.833,-6.3962,124.5135,5.0697,0.0,0.0,0.0,-0.03,1588.6,0.0,3.7,150.0,0,46.817,0.04073097308111906,0.09951716709829028,-0.03,-0.053071676001061885,0.5984049501385402,1.0,0.0,-1254.4032012765133,-44.42422344273799,389.442,452.563,4.232945678845841,0.029640409989683883,-0.5907595444894045,-18.475758283294752,2.3115709380678027,3.258999999999986,0.0,0.05224327162965657,final_approach,2.844271905778495,0.8034112681577348,-6.321029506904036,
46.925,63.95327329,-22.60635725,535.142,455.142,0.2129,-3.2441,3.2784,-0.0101,-0.04,-0.0049,69.567,73.838,-6.4042,124.5214,5.0674,0.0,0.0,0.0,-0.03,1588.0,0.0,3.7,150.0,0,46.925,0.04068363617543408,0.09956105875284123,-0.03,-0.053062909899763366,0.5980283873892264,1.0,0.0,-1249.6586839021563,-44.232844278117746,388.64200000000005,451.642,4.236770075336167,0.030602188093757924,-0.5888631614704399,-18.472842774913698,2.3103666358341854,3.2583999999999946,0.0,0.052544388350181215,final_approach,2.841506558415201,0.8010608331648221,-6.33143929306863,
47.008,63.95329882,-22.60635489,534.662,454.625,0.2121,-3.2471,3.278,-0.0101,-0.04,-0.005,69.57,73.841,-6.4091,124.526,5.066,0.0,0.0,0.0,-0.03,1587.6,0.0,3.7,150.0,0,47.008,0.040654831167844296,0.09958593310650997,-0.03,-0.05305706554128414,0.5978007739297805,1.0,0.0,-1246.812642405962,-44.11821252086898,388.16200000000003,451.125,4.239073837838123,0.030127852531858578,-0.5877258386953532,-18.470515821181483,2.3096375560835156,3.2580000000000098,0.0,0.051053496528642196,final_approach,2.8397841098601972,0.7995651193664344,-6.337728460535221,
47.125,63.95333854,-22.60635121,533.913,453.682,0.2109,-3.2517,3.2775,-0.0102,-0.0403,-0.0051,69.575,73.845,-6.4167,124.533,5.0638,0.0,0.0,0.0,-0.03,1586.9,0.0,3.7,150.0,0,47.125,0.040609552843025476,0.09962537622235952,-0.03,-0.05304975976590526,0.5974462580172816,1.0,0.0,-1242.3847234156704,-43.939461213688496,387.413,450.182,4.242650329917623,0.030201261838515462,-0.5859479717345254,-18.467036722171816,2.308496235706258,3.257499999999993,0.0,0.050297273456504386,final_approach,2.8371089850802456,0.7972556452905817,-6.347519532346521,
47.217,63.95336692,-22.60634859,533.379,453.086,0.2101,-3.255,3.277,-0.0101,-0.0403,-0.0052,69.578,73.848,-6.4222,124.5379,5.0622,0.0,0.0,0.0,-0.03,1586.5,0.0,3.7,150.0,0,47.217,0.04057293280743279,0.09965333783791441,-0.03,-0.053042453626920394,0.5971896169397382,1.0,0.0,-1239.2209687679328,-43.81220198830131,386.879,449.586,4.245230629938918,0.029842174759079878,-0.5846815592049932,-18.464195179670682,2.307669828195287,3.257000000000005,0.0,0.04868922092883813,final_approach,2.835163216600531,0.7955701845423171,-6.354604057419458,
47.3,63.95339813,-22.6063457,532.79,452.435,0.2092,-3.2587,3.2766,-0.0101,-0.0404,-0.0054,69.582,73.851,-6.4282,124.5432,5.0603,0.0,0.0,0.0,-0.03,1586.0,0.0,3.7,150.0,0,47.3,0.0405401313559714,0.09968545479405837,-0.03,-0.05303660845396241,0.5969072722838401,1.0,0.0,-1235.7417303333796,-43.67182457919599,386.28999999999996,448.935,4.248060924648518,0.030551801675940505,-0.5832809873064082,-18.46152322828669,2.3066982329997074,3.2565999999999917,0.0,0.04864408912478248,final_approach,2.8330632643009075,0.7938711602379609,-6.362394816204226,
47.433,63.95344354,-22.60634151,531.932,451.502,0.2078,-3.2641,3.2758,-0.01,-0.0405,-0.0055,69.588,73.855,-6.4371,124.5508,5.0576,0.0,0.0,0.0,-0.03,1585.3,0.0,3.7,150.0,0,47.433,0.04048922984180875,0.09973066329114672,-0.03,-0.05302491741008186,0.5964937915436738,1.0,0.0,-1230.6794999777085,-43.46830788393654,385.432,448.002,4.252190015772321,0.03063413438383823,-0.5812488764568867,-18.456983242543384,2.305316409036351,3.2557999999999936,0.0,0.04832306120024662,final_approach,2.8299429868187467,0.7912534481190185,-6.37379779895765,
47.533,63.95347475,-22.60633863,531.341,450.879,0.2069,-3.2677,3.2753,-0.0098,-0.0405,-0.0057,69.591,73.858,-6.4433,124.5558,5.0557,0.0,0.0,0.0,-0.03,1584.8,0.0,3.7,150.0,0,47.533,0.04045009700657459,0.09975985764263352,-0.03,-0.05301761003513522,0.5962084292441486,1.0,0.0,-1227.2002617141757,-43.328420412156106,384.841,447.379,4.255028918211731,0.03025994938554843,-0.5798492750738615,-18.453444892575625,2.3043506035480164,3.2553000000000054,0.0,0.04665732836386063,final_approach,2.8277483505017678,0.7894030854338911,-6.381663235046695,
47.617,63.95350597,-22.60633574,530.75,450.212,0.206,-3.2714,3.2748,-0.0099,-0.0406,-0.0058,69.595,73.861,-6.4495,124.5607,5.0537,0.0,0.0,0.0,-0.03,1584.3,0.0,3.7,150.0,0,47.617,0.040415812621489966,0.0997909204615266,-0.03,-0.05301030229675818,0.5959206199272291,1.0,0.0,-1223.7199085113527,-43.188043392178336,384.25,446.712,4.257883363876556,0.030880207156261216,-0.5784409907111091,-18.450364290096147,2.303340814809161,3.254799999999989,0.0,0.04674475738706494,final_approach,2.8255930464326653,0.7876781595931774,-6.389592584977098,
47.708,63.95353435,-22.60633313,530.213,449.62,0.2052,-3.2748,3.2743,-0.0099,-0.0407,-0.0059,69.598,73.863,-6.4551,124.5651,5.0519,0.0,0.0,0.0,-0.03,1583.8,0.0,3.7,150.0,0,47.708,0.040379731249654716,0.09982005930510363,-0.03,-0.05300299419499166,0.595656846496843,1.0,0.0,-1220.5561540354277,-43.06127410411574,383.71299999999997,446.12,4.260491746574896,0.03051076365281849,-0.5771700552049833,-18.446920660106507,2.302432257873164,3.2543000000000006,0.0,0.04549223698524393,final_approach,2.8235745461275528,0.7860067809265523,-6.396856626387212,
47.833,63.95357976,-22.60632894,529.351,448.684,0.2039,-3.2802,3.2735,-0.0099,-0.0408,-0.006,69.603,73.867,-6.4643,124.572,5.0489,0.0,0.0,0.0,-0.03,1583.1,0.0,3.7,150.0,0,47.833,0.040328292798245735,0.09986318650369395,-0.03,-0.05299130047641426,0.5952341458850842,1.0,0.0,-1215.493923680548,-42.85775740885601,382.851,445.184,4.264656590579277,0.030978761716522665,-0.5751234666293551,-18.441948924018067,2.3009262010077407,3.2535000000000025,0.0,0.04499294271385482,final_approach,2.820387421657692,0.7834753575836153,-6.408491196841588,
48.833,63.95359396,-22.60632763,529.082,448.288,0.2035,-3.2819,3.2733,-0.0097,-0.0407,-0.0061,69.605,73.869,-6.4671,124.5741,5.048,0.0,0.0,0.0,-0.03,1582.8,0.0,3.7,150.0,0,48.833,0.040191515184178184,0.09987892990836579,-0.03,-0.05298837690144925,0.5951003906008561,1.0,0.0,-1213.9109315892017,-42.79412818520265,382.582,444.788,4.2659706339800545,0.026253649230694853,-0.5744826462711102,-18.421824431753322,2.3004738576485693,3.253299999999996,0.0,0.04126631155805157,final_approach,2.8173368405191717,0.779562743602332,-6.412171154804653,
48.917,63.95393462,-22.60629631,522.58,441.111,0.1988,-3.3183,3.266,0.0011,-0.0317,-0.0092,69.639,73.894,-6.5341,124.6185,5.0241,0.0,0.0,0.0,-0.03,1577.9,0.0,3.7,150.0,0,48.917,0.03983599103613372,0.10027893556216004,-0.03,-0.052881626658031644,0.5918084325959259,1.0,0.0,-1175.9347301993646,-41.272900619377424,376.08000000000004,437.611,4.297756971594384,0.08494617121273876,-0.5590365153634506,-18.41720239063494,2.2886774316066862,3.2460000000000093,0.0,0.07431136548566433,final_approach,2.7969149807605653,0.766573281095912,-6.502507933865594,
49.0,63.95397721,-22.60629241,521.763,440.171,0.1987,-3.3222,3.2648,-0.0058,-0.0346,-0.0094,69.642,73.897,-6.5416,124.6235,5.0211,0.0,0.0,0.0,-0.03,1577.4,0.0,3.7,150.0,0,49.0,0.03974362360750616,0.10034744361085139,-0.03,-0.05286407127074616,0.59138248586448,1.0,0.0,-1171.186869206656,-41.08348237126443,375.26300000000003,436.671,4.3017955280592295,0.0788980271448433,-0.5570962990441388,-18.412487123508182,2.2872078893633443,3.244799999999998,0.0,0.07084165756089986,final_approach,2.7938920511717242,0.7642338519042031,-6.514164468095572,
49.108,63.95401697,-22.60628877,521.0,439.322,0.1974,-3.3267,3.2637,-0.0156,-0.0435,-0.0089,69.645,73.9,-6.5484,124.6281,5.0183,0.0,0.0,0.0,-0.03,1576.9,0.0,3.7,150.0,0,49.108,0.039691479800493645,0.10041619098075642,-0.03,-0.052847976997700885,0.5909812246915777,1.0,0.0,-1166.7544918305352,-40.906692369718456,374.5,435.822,4.305585227688566,0.07159665785116116,-0.5552816328941377,-18.40617258621612,2.285837652365501,3.24369999999999,0.0,0.06692675939879801,final_approach,2.7908539924234645,0.7617220462992638,-6.525138859949596,
49.225,63.95405388,-22.60628539,520.29,438.491,0.1955,-3.3317,3.2628,-0.0198,-0.0489,-0.0085,69.649,73.902,-6.5553,124.6323,5.0155,0.0,0.0,0.0,-0.03,1576.4,0.0,3.7,150.0,0,49.225,0.03966801995543012,0.10047214196058502,-0.03,-0.05283480765110715,0.5906073321408915,1.0,0.0,-1162.6398276059572,-40.7425298363109,373.78999999999996,434.991,4.30910370288002,0.06467595446493307,-0.553593017119186,-18.39915889613282,2.28447490195407,3.2427999999999884,0.0,0.06395051165236862,final_approach,2.787900999596605,0.7593270434940216,-6.535359006907342,
49.3,63.95407944,-22.60628305,519.798,437.98,0.194,-3.3354,3.2622,-0.0207,-0.0511,-0.0082,69.651,73.904,-6.5604,124.6351,5.0135,0.0,0.0,0.0,-0.03,1576.0,0.0,3.7,150.0,0,49.3,0.039662278881508195,0.10050576072866116,-0.03,-0.052826027434331235,0.5903468595536404,1.0,0.0,-1159.7904421493704,-40.62887912091963,373.298,434.48,4.311547676048154,0.059327680205520206,-0.5524221478577119,-18.394592659981818,2.283505255848638,3.242199999999997,0.0,0.060561071199117474,final_approach,2.7858861927141803,0.7577529487115253,-6.542475638554212,
49.408,63.9541192,-22.60627941,519.032,437.168,0.1916,-3.3414,3.2612,-0.0204,-0.0533,-0.0078,69.654,73.906,-6.569,124.6394,5.0104,0.0,0.0,0.0,-0.03,1575.4,0.0,3.7,150.0,0,49.408,0.03965723687609091,0.10054831473958802,-0.03,-0.05281139258013262,0.5899392977850456,1.0,0.0,-1155.3580647732495,-40.45208911937365,372.53200000000004,433.668,4.315360084598864,0.05532308003347284,-0.5505976440014599,-18.38783667195804,2.282003125850764,3.241199999999992,0.0,0.0575807717971775,final_approach,2.7827862466304722,0.7553464831632866,-6.553605726594707,
49.525,63.95415612,-22.60627604,518.32,436.353,0.1894,-3.3472,3.2604,-0.0187,-0.0538,-0.0075,69.657,73.909,-6.5776,124.6434,5.0073,0.0,0.0,0.0,-0.03,1574.7,0.0,3.7,150.0,0,49.525,0.03965037905811958,0.10057928395134556,-0.03,-0.05279968365334453,0.5895582178363179,1.0,0.0,-1151.2422859522142,-40.28841691241825,371.82000000000005,432.853,4.318912043503897,0.051162337214550234,-0.54890669170351,-18.380346191866717,2.280506627378543,3.240399999999994,0.0,0.054677158510254745,final_approach,2.7797771361836006,0.7530683119523971,-6.564006790897444,
49.6,63.95418452,-22.60627344,517.771,435.758,0.1879,-3.3517,3.2598,-0.0171,-0.0535,-0.0073,69.66,73.91,-6.5845,124.6463,5.0049,0.0,0.0,0.0,-0.03,1574.2,0.0,3.7,150.0,0,49.6,0.03964307159540431,0.1005993701581784,-0.03,-0.05279090134969483,0.5892643931861858,1.0,0.0,-1148.0763021123544,-40.162138339761,371.27099999999996,432.258,4.3216424194934495,0.048702783211131515,-0.5475985662333617,-18.375465218854554,2.2793517377174055,3.2398000000000025,0.0,0.05334287137295886,final_approach,2.777550253236285,0.7514537458359687,-6.572022513005429,
49.717,63.95422144,-22.60627007,517.057,434.938,0.1862,-3.3574,3.259,-0.0149,-0.0528,-0.007,69.663,73.913,-6.5939,124.65,5.0016,0.0,0.0,0.0,-0.03,1573.5,0.0,3.7,150.0,0,49.717,0.03961947495985402,0.10061899889177453,-0.03,-0.05277919080021576,0.5888797768682015,1.0,0.0,-1143.9605232913189,-39.998466132805596,370.557,431.438,4.325205697624088,0.04566154744893205,-0.545901738750548,-18.367671407934836,2.277769143139693,3.2390000000000043,0.0,0.05082452176096507,final_approach,2.7744997695700455,0.7492428827136699,-6.582510083150051,
49.825,63.9542612,-22.60626645,516.288,434.137,0.1846,-3.3634,3.2582,-0.0126,-0.0515,-0.0069,69.666,73.915,-6.6044,124.6539,4.9981,0.0,0.0,0.0,-0.03,1572.6,0.0,3.7,150.0,0,49.825,0.039590706902754624,0.10063548948378755,-0.03,-0.05276747932371173,0.5884618203717745,1.0,0.0,-1139.5281462572386,-39.8226560057353,369.788,430.637,4.329064169886054,0.0440057220438113,-0.5440768385638504,-18.360308089431165,2.276091178630139,3.238200000000006,0.0,0.048729363217038954,final_approach,2.771331585096789,0.7469983568306215,-6.593900363365268,
49.9,63.95428676,-22.60626412,515.792,433.557,0.1837,-3.3672,3.2577,-0.0113,-0.0507,-0.0068,69.668,73.916,-6.6112,124.6563,4.9957,0.0,0.0,0.0,-0.03,1572.1,0.0,3.7,150.0,0,49.9,0.039567998803428206,0.10064531137736651,-0.03,-0.05276015918021493,0.5881930936039669,1.0,0.0,-1136.678760971672,-39.70949522766889,369.29200000000003,430.057,4.331537553624789,0.04216784334480815,-0.5428997356984053,-18.355124799384967,2.274945677040108,3.2376999999999896,0.0,0.04672366353065319,final_approach,2.769239962324054,0.7455733215080045,-6.601220290016311,
50.017,63.95432369,-22.60626075,515.075,432.818,0.1825,-3.3726,3.257,-0.0098,-0.0494,-0.0068,69.671,73.918,-6.621,124.6596,4.9923,0.0,0.0,0.0,-0.03,1571.3,0.0,3.7,150.0,0,50.017,0.03952401905949987,0.10066096816752425,-0.03,-0.052749910371144904,0.5878023514560831,1.0,0.0,-1132.561867383159,-39.54582340984076,368.57500000000005,429.318,4.33512372118274,0.0402483702488085,-0.5411938161325212,-18.34685948915487,2.273324793186248,3.2369999999999948,0.0,0.04480706008614159,final_approach,2.766125199566474,0.7433232367641249,-6.6118589721814125,
50.125,63.95436345,-22.60625713,514.302,431.893,0.1815,-3.3783,3.2562,-0.0086,-0.048,-0.0069,69.674,73.92,-6.6317,124.663,4.9886,0.0,0.0,0.0,-0.03,1570.5,0.0,3.7,150.0,0,50.125,0.03947325578149863,0.10067627240247812,-0.03,-0.052738196577801044,0.5873791118170605,1.0,0.0,-1128.1294903490789,-39.370013282770465,367.802,428.393,4.33899460263784,0.03951389103311228,-0.5393589495773174,-18.339061561548263,2.2715644939700326,3.2361999999999966,0.0,0.043258943512654136,final_approach,2.762895669108964,0.7411102479040146,-6.623376003938311,
50.2,63.95438617,-22.60625506,513.86,431.383,0.1809,-3.3814,3.2557,-0.0082,-0.0473,-0.007,69.676,73.921,-6.6378,124.6649,4.9865,0.0,0.0,0.0,-0.03,1570.0,0.0,3.7,150.0,0,50.2,0.03943794092844782,0.10068604559344678,-0.03,-0.05273087498648943,0.587135799525567,1.0,0.0,-1125.5967034483697,-39.269480361969485,367.36,427.883,4.34121359877359,0.037859345051482134,-0.538307747240479,-18.33358698868743,2.270565991679291,3.2357000000000085,0.0,0.04175055470846772,final_approach,2.760933955834883,0.7396594227449498,-6.629993901829586,
50.308,63.95442594,-22.60625145,513.085,430.564,0.18,-3.3869,3.2549,-0.0078,-0.0462,-0.0071,69.678,73.923,-6.6483,124.668,4.9827,0.0,0.0,0.0,-0.03,1569.1,0.0,3.7,150.0,0,50.308,0.039383988191240726,0.10070536020908075,-0.03,-0.05271915968775337,0.5867083661897885,1.0,0.0,-1121.1632118178322,-39.09416056135132,366.58500000000004,427.064,4.345100772474365,0.037548179056444066,-0.5364736254488213,-18.32552522707663,2.268765452270941,3.2349000000000103,0.0,0.03963855141846846,final_approach,2.7576759379919906,0.7374640901066964,-6.641614434879006,
50.417,63.95446287,-22.60624809,512.364,429.813,0.1792,-3.3918,3.2541,-0.0076,-0.0454,-0.0073,69.681,73.924,-6.658,124.6708,4.9792,0.0,0.0,0.0,-0.03,1568.3,0.0,3.7,150.0,0,50.417,0.039325500592660434,0.10072571187893367,-0.03,-0.052707443462839065,0.5863095213347674,1.0,0.0,-1117.0463184003397,-38.930978680848064,365.86400000000003,426.313,4.348715467019201,0.03681720509265825,-0.5347617433014725,-18.31723151543811,2.2671081486627145,3.234100000000012,0.0,0.0385371318149547,final_approach,2.7545497924729645,0.7352516132733076,-6.6524516732582555,
50.525,63.9544998,-22.60624474,511.642,428.997,0.1784,-3.3966,3.2533,-0.0075,-0.0447,-0.0076,69.683,73.926,-6.6676,124.6733,4.9756,0.0,0.0,0.0,-0.03,1567.5,0.0,3.7,150.0,0,50.525,0.039269095873505466,0.10074773611554129,-0.03,-0.05269572631191155,0.5859084215533858,1.0,0.0,-1112.9294251538672,-38.7682867374956,365.142,425.497,4.352338605422562,0.036272267212031604,-0.5330532136340318,-18.30885922905501,2.2654105256369803,3.2332999999999856,0.0,0.03671725787892313,final_approach,2.751419128839345,0.7330930360473467,-6.663344315648793,
50.6,63.95452536,-22.60624242,511.142,428.363,0.1778,-3.3999,3.2528,-0.0076,-0.0443,-0.0078,69.685,73.927,-6.6741,124.675,4.9732,0.0,0.0,0.0,-0.03,1567.0,0.0,3.7,150.0,0,50.6,0.039228830520164126,0.10076642196770723,-0.03,-0.05268840262241481,0.5856290934115904,1.0,0.0,-1110.080040040113,-38.65561589675379,364.642,424.863,4.354854761231682,0.035818346696958006,-0.5318677850274003,-18.302977164859428,2.2642782024639985,3.2327999999999975,0.0,0.035803567768712255,final_approach,2.7492388020975653,0.731514420140817,-6.670926559184167,
50.717,63.95456229,-22.60623907,510.418,427.562,0.177,-3.4047,3.2519,-0.008,-0.044,-0.0081,69.687,73.928,-6.6835,124.6772,4.9696,0.0,0.0,0.0,-0.03,1566.2,0.0,3.7,150.0,0,50.717,0.039164837874873126,0.10079291582389044,-0.03,-0.05267521907006817,0.585224556774093,1.0,0.0,-1105.963146793641,-38.49292395340133,363.918,424.062,4.358488688692772,0.03502515709232257,-0.5301535286482413,-18.29362351676832,2.262586173248451,3.231899999999996,0.0,0.034102699525554565,final_approach,2.745991891084003,0.7291722635616242,-6.681902537203335,
50.833,63.95460206,-22.60623546,509.638,426.723,0.176,-3.4098,3.2509,-0.0084,-0.0436,-0.0084,69.689,73.929,-6.6935,124.6794,4.9657,0.0,0.0,0.0,-0.03,1565.3,0.0,3.7,150.0,0,50.833,0.03910515277830129,0.1008247109522575,-0.03,-0.05266056930470697,0.5847852909198211,1.0,0.0,-1101.5296551631038,-38.31760415278317,363.138,423.223,4.362421233276371,0.03483783864532539,-0.5283020366609069,-18.28417120875615,2.2607565546518913,3.2308999999999912,0.0,0.032569852233259124,final_approach,2.742556823723998,0.7267539041420417,-6.693814143375414,
50.917,63.95463047,-22.60623289,509.08,426.099,0.1753,-3.4133,3.2502,-0.0087,-0.0433,-0.0087,69.691,73.93,-6.7005,124.6808,4.9629,0.0,0.0,0.0,-0.03,1564.6,0.0,3.7,150.0,0,50.917,0.03906133666171402,0.10085071084277095,-0.03,-0.05265031360864786,0.584469981498196,1.0,0.0,-1098.362557068827,-38.1927957812278,362.58,422.599,4.365235591198483,0.03461557570069211,-0.5269829570941721,-18.27724209776754,2.2594462972391796,3.2301999999999964,0.0,0.03177345874020253,final_approach,2.7400878599207097,0.7250084722734584,-6.702360170792554,
51.025,63.95467024,-22.60622929,508.297,425.259,0.1743,-3.4184,3.2492,-0.0093,-0.0433,-0.0089,69.693,73.931,-6.7103,124.6827,4.9589,0.0,0.0,0.0,-0.03,1563.8,0.0,3.7,150.0,0,51.025,0.03900635236895894,0.10088684382393824,-0.03,-0.05263566138551534,0.5840274855607857,1.0,0.0,-1093.9290656093099,-38.017965917934525,361.797,421.759,4.369173408913327,0.034923192273484206,-0.5251314486885517,-18.268158222673943,2.2575763726131015,3.2291999999999916,0.0,0.030568464174591015,final_approach,2.7366932453821953,0.722711710430735,-6.714347474457364,
51.1,63.95469581,-22.60622698,507.794,424.69,0.1736,-3.4216,3.2485,-0.0095,-0.0434,-0.0091,69.694,73.931,-6.7166,124.6837,4.9563,0.0,0.0,0.0,-0.03,1563.2,0.0,3.7,150.0,0,51.1,0.03897007413990872,0.10091101819297091,-0.03,-0.05262540396934329,0.5837401514500661,1.0,0.0,-1091.0785658990983,-37.90578540347079,361.294,421.19,4.371723149423615,0.03476875025076527,-0.5239420555904873,-18.261783481286546,2.256365235465182,3.228499999999997,0.0,0.029001634098118786,final_approach,2.7344527839372965,0.7211611405273324,-6.722127720991402,
51.217,63.95473558,-22.60622339,507.009,423.844,0.1724,-3.4266,3.2475,-0.01,-0.0437,-0.0094,69.696,73.932,-6.7263,124.6852,4.9522,0.0,0.0,0.0,-0.03,1562.3,0.0,3.7,150.0,0,51.217,0.03891828010093584,0.10095037065005154,-0.03,-0.05261074928937415,0.583293351583108,1.0,0.0,-1086.6450746106016,-37.73144547750237,360.509,420.344,4.375676720001263,0.034605825462031496,-0.522090811215553,-18.25164715062175,2.2544568024095497,3.227499999999992,0.0,0.027919123461378682,final_approach,2.7309417210581444,0.7187469187482041,-6.734220141312148,
51.333,63.95477251,-22.60622005,506.28,422.93,0.1714,-3.4313,3.2464,-0.0102,-0.0439,-0.0097,69.697,73.933,-6.7353,124.6864,4.9484,0.0,0.0,0.0,-0.03,1561.5,0.0,3.7,150.0,0,51.333,0.038858779340505856,0.10098787944029329,-0.03,-0.05259462747272192,0.5828746783274559,1.0,0.0,-1082.5281815351498,-37.56924347147478,359.78,419.43,4.379369153311127,0.03414340815781875,-0.5203638925741324,-18.241436326511277,2.252691511272758,3.2264000000000124,0.0,0.026164720388090947,final_approach,2.727582682954605,0.7163460459691056,-6.745545033314693,
51.408,63.95480092,-22.60621749,505.719,422.417,0.1705,-3.435,3.2456,-0.0103,-0.0441,-0.0098,69.698,73.933,-6.7423,124.6872,4.9455,0.0,0.0,0.0,-0.03,1560.9,0.0,3.7,150.0,0,51.408,0.038825441381390935,0.10101661137766396,-0.03,-0.052582901417383476,0.582550299474084,1.0,0.0,-1079.3610836118935,-37.44492503707022,359.219,418.917,4.38222192288426,0.0347923280718111,-0.5190394540955384,-18.234760694752165,2.251346442412114,3.225599999999986,0.0,0.024998230655828773,final_approach,2.7251343075467,0.7146839699666714,-6.754315152180322,
51.517,63.95483785,-22.60621416,504.988,421.561,0.1694,-3.4397,3.2445,-0.0107,-0.0445,-0.01,69.7,73.934,-6.7513,124.688,4.9416,0.0,0.0,0.0,-0.03,1560.1,0.0,3.7,150.0,0,51.517,0.03877431593674935,0.10105634479558857,-0.03,-0.052566776582195274,0.5821277438030658,1.0,0.0,-1075.2441907074622,-37.28321296836751,358.488,418.061,4.385927710133398,0.03465994808604731,-0.5173132428657465,-18.22489487436693,2.249542595884435,3.224500000000006,0.0,0.024393720946507824,final_approach,2.7218140851311965,0.7123996007133577,-6.765734234144373,
51.6,63.95486342,-22.60621185,504.481,420.964,0.1686,-3.443,3.2438,-0.0109,-0.0448,-0.0101,69.701,73.934,-6.7576,124.6885,4.9388,0.0,0.0,0.0,-0.03,1559.5,0.0,3.7,150.0,0,51.6,0.038738058902206995,0.10108284962456669,-0.03,-0.052556514413824196,0.581834157795878,1.0,0.0,-1072.3936909964586,-37.17103245407811,357.981,417.464,4.388495588283081,0.03403967189837835,-0.516113060271104,-18.21731004921702,2.248248889355523,3.2238000000000113,0.0,0.02327140020327719,final_approach,2.719425223648841,0.7107497686742477,-6.7736644771013115,
51.708,63.95490036,-22.60620853,503.749,420.147,0.1674,-3.4479,3.2427,-0.0113,-0.045,-0.0103,69.702,73.934,-6.7667,124.6891,4.9348,0.0,0.0,0.0,-0.03,1558.7,0.0,3.7,150.0,0,51.708,0.03869227757067478,0.10112237013861784,-0.03,-0.05254038672015637,0.5814061865965516,1.0,0.0,-1068.2756834955696,-37.00981071165348,357.249,416.647,4.392228937471656,0.034127734589042884,-0.5143879608644917,-18.207281632813203,2.2464028262940303,3.2227000000000032,0.0,0.021997569208370513,final_approach,2.716088150118715,0.7085035630005301,-6.78521946002159,
51.825,63.95494013,-22.60620495,502.958,419.346,0.1661,-3.4531,3.2415,-0.0113,-0.0452,-0.0104,69.703,73.934,-6.7766,124.6895,4.9305,0.0,0.0,0.0,-0.03,1557.8,0.0,3.7,150.0,0,51.825,0.03864060556722876,0.10116318428595411,-0.03,-0.052522790880908665,0.5809452654314469,1.0,0.0,-1063.8421923788856,-36.83596072283558,356.458,415.846,4.396236697527301,0.034148838732528025,-0.5125229894140269,-18.196238424206673,2.2444227677475226,3.221499999999992,0.0,0.020774790966432196,final_approach,2.712457986208328,0.7060176486965091,-6.7976571876396825,
51.933,63.95497706,-22.60620163,502.224,418.481,0.1648,-3.4579,3.2404,-0.0114,-0.0453,-0.0105,69.704,73.934,-6.7859,124.6897,4.9264,0.0,0.0,0.0,-0.03,1557.0,0.0,3.7,150.0,0,51.933,0.03859834933431433,0.10120134367632813,-0.03,-0.052506659536420974,0.5805125439190454,1.0,0.0,-1059.7252996454747,-36.67473859145773,355.724,414.981,4.399987139334015,0.03424508444796182,-0.5107905643347629,-18.185897346827684,2.2425380997951834,3.220400000000012,0.0,0.019727924447590372,final_approach,2.7090764870104813,0.703762615396597,-6.809327512707442,
52.0,63.95500263,-22.60619933,501.715,417.835,0.164,-3.4613,3.2396,-0.0114,-0.0454,-0.0106,69.705,73.934,-6.7923,124.6898,4.9235,0.0,0.0,0.0,-0.03,1556.5,0.0,3.7,150.0,0,52.0,0.03857084173367781,0.10122903953446083,-0.03,-0.05249492655322585,0.5802117801239934,1.0,0.0,-1056.8748001054912,-36.56304801431916,355.215,414.335,4.402587064037591,0.03500504476030636,-0.5095881536237752,-18.179424582379227,2.241205793811446,3.219600000000014,0.0,0.019291328873663936,final_approach,2.706807438240226,0.70235136256278,-6.817435337992682,
52.117,63.95503957,-22.60619602,500.978,417.087,0.1628,-3.4662,3.2384,-0.0115,-0.0459,-0.0107,69.706,73.934,-6.8017,124.6898,4.9193,0.0,0.0,0.0,-0.03,1555.7,0.0,3.7,150.0,0,52.117,0.038519399815965194,0.10126657494085846,-0.03,-0.05247732534784344,0.5797763774146487,1.0,0.0,-1052.756792776415,-36.4023162092191,354.478,413.587,4.4063410673496275,0.03451845369916807,-0.5078568238218097,-18.1679440748951,2.2392788681028435,3.2184000000000026,0.0,0.018314572480335356,final_approach,2.703300887650915,0.6999715490797715,-6.829167413851842,
52.225,63.95507934,-22.60619245,500.184,416.198,0.1614,-3.4716,3.2372,-0.0113,-0.0462,-0.0108,69.707,73.934,-6.8119,124.6895,4.9147,0.0,0.0,0.0,-0.03,1554.8,0.0,3.7,150.0,0,52.225,0.038480127318751944,0.10130707117026289,-0.03,-0.05245972206625216,0.5793040297062709,1.0,0.0,-1048.323301829959,-36.22895615790042,353.684,412.698,4.410400671521057,0.03503019933484529,-0.5059845773241735,-18.15718581057649,2.2371738448701137,3.217199999999991,0.0,0.01749136218750228,final_approach,2.699692195471009,0.6977061398463746,-6.841887984368361,
52.3,63.95510491,-22.60619016,499.673,415.583,0.1606,-3.475,3.2364,-0.0112,-0.0465,-0.0109,69.707,73.934,-6.8184,124.6893,4.9117,0.0,0.0,0.0,-0.03,1554.2,0.0,3.7,150.0,0,52.3,0.03844811093371042,0.10133419172216249,-0.03,-0.052447985392019,0.5789986532926502,1.0,0.0,-1045.4728024609963,-36.1177555180867,353.173,412.083,4.413018163269082,0.03500848110798314,-0.5047823257460031,-18.149651520480997,2.235801073466149,3.216399999999993,0.0,0.0159012383522748,final_approach,2.697305471367738,0.6961785154250002,-6.850108080805558,
52.408,63.95514184,-22.60618685,498.934,414.839,0.1594,-3.48,3.2352,-0.0111,-0.0468,-0.011,69.708,73.933,-6.828,124.6888,4.9074,0.0,0.0,0.0,-0.03,1553.4,0.0,3.7,150.0,0,52.408,0.03840108158853128,0.10137148020190016,-0.03,-0.0524303786513266,0.5785556881460391,1.0,0.0,-1041.3559098986057,-35.95702332385966,352.434,411.339,4.416805231646141,0.035017975579273795,-0.5030411983405859,-18.13864122442805,2.2338372744214325,3.21520000000001,0.0,0.015297422071095558,final_approach,2.6938378532389464,0.6939128335114422,-6.862026444828553,
52.517,63.95517877,-22.60618354,498.193,413.928,0.1582,-3.485,3.234,-0.011,-0.0469,-0.0111,69.708,73.933,-6.8377,124.6882,4.903,0.0,0.0,0.0,-0.03,1552.6,0.0,3.7,150.0,0,52.517,0.03835471799308554,0.1014067802070316,-0.03,-0.05241276983592125,0.5781116886118297,1.0,0.0,-1037.2390173362148,-35.796291129632614,351.693,410.428,4.420589709416051,0.034968309572804994,-0.5012965659134628,-18.127378820330527,2.231829378171625,3.2139999999999986,0.0,0.013906747337359597,final_approach,2.690337606890573,0.6916644036551567,-6.8739663481829485,
52.625,63.95521571,-22.60618024,497.452,413.169,0.157,-3.4901,3.2328,-0.011,-0.0471,-0.0112,69.709,73.932,-6.8474,124.6875,4.8985,0.0,0.0,0.0,-0.03,1551.8,0.0,3.7,150.0,0,52.625,0.038310891158154836,0.10144457639892503,-0.03,-0.05239515894636476,0.5776632884634975,1.0,0.0,-1033.121010178159,-35.636049261857444,350.952,409.669,4.424400240252385,0.035020706798841575,-0.4995554272736435,-18.11607224272289,2.2297773788893096,3.212799999999987,0.0,0.0134842484211727,final_approach,2.68683679811193,0.6894815477181737,-6.8860182499962015,
52.733,63.9552498,-22.6061772,496.767,412.288,0.1559,-3.4948,3.2316,-0.0109,-0.0473,-0.0113,69.709,73.932,-6.8565,124.6866,4.8944,0.0,0.0,0.0,-0.03,1551.0,0.0,3.7,150.0,0,52.733,0.03826157145809306,0.1014771150382275,-0.03,-0.05237754598321942,0.5772476506791084,1.0,0.0,-1029.3207161708535,-35.48843486222096,350.267,408.788,4.427922213157625,0.034619065704650766,-0.4979492150904314,-18.104632897878854,2.2279124770705607,3.2116000000000042,0.0,0.012258407655611545,final_approach,2.683495353444364,0.6872568809564257,-6.897183933191874,
52.808,63.95527537,-22.60617492,496.252,411.735,0.1551,-3.4983,3.2308,-0.0108,-0.0473,-0.0114,69.709,73.931,-6.8634,124.6859,4.8913,0.0,0.0,0.0,-0.03,1550.4,0.0,3.7,150.0,0,52.808,0.038228292388689855,0.10150048766582363,-0.03,-0.052365802856072396,0.5769354258180842,1.0,0.0,-1026.4702169729112,-35.37772415973212,349.752,408.235,4.430561561176742,0.03471443924080387,-0.49674262732690383,-18.096627012683676,2.2265027595132665,3.210800000000006,0.0,0.011144006959646858,final_approach,2.6810502151919984,0.6856968251385158,-6.905567986846764,
52.908,63.9553123,-22.60617162,495.508,410.792,0.1539,-3.5034,3.2296,-0.0109,-0.0476,-0.0115,69.709,73.93,-6.8733,124.6848,4.8867,0.0,0.0,0.0,-0.03,1549.6,0.0,3.7,150.0,0,52.908,0.03818911352196824,0.1015365028910414,-0.03,-0.05234818643819317,0.5764813684488349,1.0,0.0,-1022.353324581541,-35.21748190282994,349.008,407.292,4.434390283693704,0.03530990356227199,-0.49499214527062774,-18.08580413716846,2.2244119885113776,3.2095999999999947,0.0,0.01013091541786078,final_approach,2.677590444481087,0.6836341499838579,-6.9177552223873775,
53.025,63.95534923,-22.60616833,494.763,409.984,0.1528,-3.5085,3.2283,-0.0107,-0.0478,-0.0117,69.71,73.93,-6.8833,124.6836,4.882,0.0,0.0,0.0,-0.03,1548.8,0.0,3.7,150.0,0,53.025,0.038135454094353705,0.10157265400523456,-0.03,-0.05232909964721233,0.576024745992661,1.0,0.0,-1018.2364323611911,-35.057729583078576,348.263,406.484,4.438229323543156,0.03489363736948873,-0.4932450157454593,-18.072979167875722,2.2222770886168064,3.2083000000000084,0.0,0.009986923884139626,final_approach,2.6739130191226224,0.6813099961143472,-6.930004911361488,
53.133,63.95538616,-22.60616504,494.017,409.136,0.1516,-3.5137,3.227,-0.0105,-0.0479,-0.0118,69.71,73.929,-6.8934,124.6822,4.8774,0.0,0.0,0.0,-0.03,1547.9,0.0,3.7,150.0,0,53.133,0.038087954914583944,0.10160747529394439,-0.03,-0.05231001042511785,0.5755655436928632,1.0,0.0,-1014.119540140841,-34.89797726350126,347.517,405.636,4.442078774735068,0.03501854223987008,-0.4914943491509454,-18.06099783257967,2.220191614343804,3.2069999999999936,0.0,0.009079021712854206,final_approach,2.6703242959763642,0.6790449935869223,-6.942317396061204,
53.208,63.95541173,-22.60616277,493.499,408.552,0.1508,-3.5172,3.2261,-0.0105,-0.0479,-0.0119,69.71,73.928,-6.9004,124.6811,4.8741,0.0,0.0,0.0,-0.03,1547.4,0.0,3.7,150.0,0,53.208,0.03805651400793392,0.10163148127103286,-0.03,-0.05229679338605481,0.5752474366908148,1.0,0.0,-1011.2690411147112,-34.78775649833701,346.999,405.052,4.444738889757262,0.03509348524921229,-0.49028562584931845,-18.05261675993692,2.218697196448119,3.206099999999992,0.0,0.008253656102594733,final_approach,2.667834355038277,0.6775449860867955,-6.950842983595358,
53.317,63.95544866,-22.60615949,492.751,407.692,0.1497,-3.5224,3.2249,-0.0106,-0.0482,-0.012,69.71,73.927,-6.9106,124.6795,4.8694,0.0,0.0,0.0,-0.03,1546.5,0.0,3.7,150.0,0,53.317,0.03800581756075544,0.1016661981921015,-0.03,-0.052279168855702274,0.5747843151901852,1.0,0.0,-1007.1521490653815,-34.62849411591051,346.251,404.192,4.448602205939573,0.035151782328948056,-0.4885358658497191,-18.04027599508677,2.216569329642141,3.204900000000009,0.0,0.007503323729631575,final_approach,2.6642066565337466,0.6752850875900798,-6.963249673118991,
53.425,63.95548559,-22.60615621,492.002,406.797,0.1486,-3.5276,3.2235,-0.0105,-0.0483,-0.0122,69.71,73.926,-6.9209,124.6777,4.8646,0.0,0.0,0.0,-0.03,1545.7,0.0,3.7,150.0,0,53.425,0.03795614239324224,0.10170033470474962,-0.03,-0.0522586042875573,0.5743185793904098,1.0,0.0,-1003.035257016052,-34.46923173365808,345.502,403.297,4.452476166675246,0.03527148640942109,-0.48678255378722163,-18.027903517313476,2.2143990975050087,3.203499999999991,0.0,0.006821203390574159,final_approach,2.6605706622278724,0.6730764981131703,-6.975719953326344,
53.5,63.955514,-22.60615369,491.425,406.083,0.1477,-3.5316,3.2225,-0.0105,-0.0484,-0.0123,69.709,73.925,-6.9288,124.6763,4.8609,0.0,0.0,0.0,-0.03,1545.0,0.0,3.7,150.0,0,53.5,0.03792607886488647,0.10172683932954134,-0.03,-0.052243913585901414,0.5739586877934117,1.0,0.0,-999.8681597768772,-34.34687304837893,344.925,402.583,4.4554621554034695,0.0360284358483474,-0.48543359086835214,-18.019241277835317,2.2127263867104148,3.2024999999999864,0.0,0.004988972779321324,final_approach,2.657868026474194,0.6715246066658391,-6.985351818204808,
53.617,63.95555092,-22.60615042,490.674,405.124,0.1465,-3.5368,3.2212,-0.0107,-0.0487,-0.0124,69.709,73.924,-6.9391,124.6743,4.856,0.0,0.0,0.0,-0.03,1544.2,0.0,3.7,150.0,0,53.617,0.03787476115084326,0.10176240651637564,-0.03,-0.05222481352602337,0.5734890963682335,1.0,0.0,-995.7523826660458,-34.18810021415003,344.174,401.624,4.459348525994706,0.03555983698364635,-0.48368076239094926,-18.0055568860515,2.210513719877781,3.2012,0.0,0.004535429799383022,final_approach,2.6540869329083527,0.6691612763745614,-6.997913897790539,
53.733,63.95559069,-22.60614689,489.863,404.223,0.1453,-3.5424,3.2197,-0.0107,-0.0488,-0.0125,69.709,73.922,-6.9504,124.672,4.8507,0.0,0.0,0.0,-0.03,1543.3,0.0,3.7,150.0,0,53.733,0.037821642397073196,0.10179802087986617,-0.03,-0.05220277197939038,0.5729817223357179,1.0,0.0,-991.3188924036713,-34.01669991195676,343.363,400.723,4.463535302045046,0.03564868031732059,-0.4817833781891774,-17.99182227129538,2.208122781006608,3.199700000000007,0.0,0.004123117999439111,final_approach,2.6501132856511163,0.6667763968615823,-7.011479501295323,
53.817,63.9556191,-22.60614438,489.284,403.575,0.1444,-3.5465,3.2187,-0.0107,-0.0488,-0.0126,69.709,73.921,-6.9584,124.6703,4.8469,0.0,0.0,0.0,-0.03,1542.6,0.0,3.7,150.0,0,53.817,0.03778506969436951,0.10182600917088311,-0.03,-0.05218807582024437,0.5726157319698529,1.0,0.0,-988.151795335517,-33.89483116400249,342.784,400.075,4.466547586607759,0.03568398868251488,-0.4804335304427194,-17.981801585492942,2.206409372718184,3.1987000000000023,0.0,0.003748289090399192,final_approach,2.6472585353754283,0.6650565651720104,-7.021260341351692,
53.9,63.9556475,-22.60614187,488.704,402.884,0.1435,-3.5505,3.2176,-0.0108,-0.0491,-0.0127,69.708,73.92,-6.9665,124.6685,4.843,0.0,0.0,0.0,-0.03,1542.0,0.0,3.7,150.0,0,53.9,0.037750638273980786,0.10185183880168931,-0.03,-0.05217190838731123,0.5722492523497497,1.0,0.0,-984.9858130348404,-33.77296202692093,342.204,399.384,4.469557418414979,0.03578049620575053,-0.4790814275032256,-17.97181569292251,2.2046518071599905,3.1975999999999942,0.0,0.002312245284804529,final_approach,2.6444046086902766,0.6634044985373855,-7.031050421005432,
54.025,63.95569011,-22.60613811,487.832,401.916,0.1422,-3.5566,3.216,-0.0107,-0.0493,-0.0129,69.708,73.918,-6.9788,124.6657,4.8372,0.0,0.0,0.0,-0.03,1541.0,0.0,3.7,150.0,0,54.025,0.037694053844558095,0.10189004236699456,-0.03,-0.052148389021660246,0.5716975208927975,1.0,0.0,-980.2357249014619,-33.590403679262515,341.332,398.416,4.474076621363756,0.03584268410316152,-0.4770529091935989,-17.956564741184536,2.202040081622954,3.195999999999998,0.0,0.0021020411680041174,final_approach,2.6400928645585893,0.6608427746880032,-7.045782111559621,
54.108,63.95571852,-22.6061356,487.25,401.227,0.1413,-3.5607,3.215,-0.0106,-0.0492,-0.013,69.707,73.917,-6.9869,124.6637,4.8333,0.0,0.0,0.0,-0.03,1540.3,0.0,3.7,150.0,0,54.108,0.03765812591812573,0.10191722224738713,-0.03,-0.052133687553172325,0.571327441689135,1.0,0.0,-977.0686278333076,-33.4685349314823,340.75,397.727,4.47709989933303,0.03593974271503239,-0.4756956316602867,-17.946367649495063,2.200285936186731,3.194999999999993,0.0,0.0008156562644453707,final_approach,2.6372085425471496,0.6591397156930086,-7.055658742503384,
54.233,63.95576112,-22.60613185,486.376,400.252,0.14,-3.5668,3.2133,-0.0106,-0.0495,-0.0131,69.707,73.915,-6.9993,124.6606,4.8274,0.0,0.0,0.0,-0.03,1539.3,0.0,3.7,150.0,0,54.233,0.03760126513970696,0.1019560768745227,-0.03,-0.05210869176545346,0.5707698355467754,1.0,0.0,-972.3196546384273,-33.286466131847426,339.876,396.752,4.481643155595448,0.036007460612416956,-0.47366596291680346,-17.930799362986768,2.1976334355683775,3.1932999999999936,0.0,0.0007415056949503369,final_approach,2.6328596834176636,0.6565834513536455,-7.070532874011528,
54.317,63.95578669,-22.6061296,485.851,399.648,0.1392,-3.5705,3.2123,-0.0105,-0.0496,-0.0133,69.706,73.913,-7.0067,124.6586,4.8238,0.0,0.0,0.0,-0.03,1538.7,0.0,3.7,150.0,0,54.317,0.037561677953128425,0.10198017071633593,-0.03,-0.05209398642540469,0.5704330081056428,1.0,0.0,-969.469155954338,-33.177225241158844,339.351,396.148,4.48438066575098,0.035437784945928,-0.47244599770375484,-17.92027858857752,2.1960168175300794,3.192299999999989,0.0,-0.0004081549959223412,final_approach,2.6301166477522173,0.6548860198215873,-7.079513582276359,
54.433,63.95582929,-22.60612585,484.974,398.664,0.1379,-3.5767,3.2107,-0.0108,-0.0498,-0.0134,69.705,73.911,-7.0192,124.6552,4.8178,0.0,0.0,0.0,-0.03,1537.7,0.0,3.7,150.0,0,54.433,0.03751253015702344,0.10201833569348054,-0.03,-0.05207045490018597,0.5698710153082737,1.0,0.0,-964.7201827594577,-32.99515644169802,338.474,395.164,4.488936791277068,0.03607764482000799,-0.4704086487789593,-17.905554247960048,2.193323513537905,3.1906999999999925,0.0,-0.0011547490558579104,final_approach,2.6258509805716557,0.6525165554584618,-7.09449089195272,
54.508,63.95585769,-22.60612335,484.389,397.998,0.137,-3.5808,3.2096,-0.0107,-0.0499,-0.0135,69.705,73.91,-7.0275,124.6529,4.8137,0.0,0.0,0.0,-0.03,1537.0,0.0,3.7,150.0,0,54.508,0.0374848271942923,0.1020458284678022,-0.03,-0.052054274848835125,0.5694936674185646,1.0,0.0,-961.5542006290093,-32.87377724194161,337.889,394.498,4.491988101942382,0.03684539438403764,-0.4690477383205246,-17.895968942714187,2.1914825854635183,3.189600000000013,0.0,-0.0010497718689617367,final_approach,2.6230291976083677,0.6510384469845132,-7.104542547491459,
54.633,63.95589745,-22.60611986,483.568,397.088,0.1357,-3.5866,3.208,-0.0107,-0.0503,-0.0136,69.704,73.908,-7.0393,124.6495,4.808,0.0,0.0,0.0,-0.03,1536.0,0.0,3.7,150.0,0,54.633,0.03742846796265542,0.1020811136216921,-0.03,-0.05203073713477285,0.5689642987110921,1.0,0.0,-957.1218258181942,-32.70433629957243,337.068,393.588,4.496258167834511,0.03639791650953681,-0.4671458514740301,-17.87979563688713,2.188926709849312,3.187999999999988,0.0,-0.0016816107899686877,final_approach,2.6187775457071822,0.6484829549834483,-7.118637241257877,
54.717,63.95592585,-22.60611737,482.981,396.433,0.1349,-3.5908,3.2068,-0.0105,-0.0503,-0.0137,69.703,73.906,-7.0477,124.647,4.8039,0.0,0.0,0.0,-0.03,1535.4,0.0,3.7,150.0,0,54.717,0.037387577563169294,0.10210739492180046,-0.03,-0.05201308144356387,0.5685839936119598,1.0,0.0,-953.9558438595583,-32.583447037140616,336.481,392.933,4.499318355766594,0.03640339854382629,-0.4657867857635893,-17.868858299107988,2.187089143390722,3.186800000000005,0.0,-0.002610988164030637,final_approach,2.6158079438918733,0.6467769880166898,-7.128758446697249,
54.8,63.95595425,-22.60611488,482.393,395.763,0.134,-3.5949,3.2057,-0.0105,-0.0505,-0.0138,69.702,73.905,-7.0562,124.6444,4.7998,0.0,0.0,0.0,-0.03,1534.7,0.0,3.7,150.0,0,54.8,0.03735108101325407,0.10213244453374556,-0.03,-0.05199689524908746,0.5682027284449831,1.0,0.0,-950.7898619009226,-32.4625577747088,335.893,392.263,4.502380072091695,0.036484190202387926,-0.4644255707121197,-17.85796844684956,2.1852532661644943,3.185699999999997,0.0,-0.003468915855586224,final_approach,2.6128407021884215,0.6450720174666404,-7.138901377101583,
54.917,63.95599685,-22.60611116,481.511,394.752,0.1327,-3.6012,3.204,-0.0105,-0.0506,-0.014,69.701,73.902,-7.0689,124.6404,4.7936,0.0,0.0,0.0,-0.03,1533.6,0.0,3.7,150.0,0,54.917,0.03730097978446706,0.10217310463157833,-0.03,-0.05197187681529214,0.5676258936013817,1.0,0.0,-946.0408892191033,-32.28195878704853,335.011,391.252,4.507000657225822,0.03698552194091704,-0.4623902328872437,-17.842422027154655,2.1824781130758026,3.1839999999999975,0.0,-0.003930560645719207,final_approach,2.608485410742855,0.6426907186377946,-7.154239901330355,
55.008,63.95602241,-22.60610892,480.98,394.176,0.1319,-3.605,3.2029,-0.0104,-0.0506,-0.0141,69.7,73.9,-7.0766,124.6379,4.7898,0.0,0.0,0.0,-0.03,1533.0,0.0,3.7,150.0,0,55.008,0.03725442953106012,0.10219582198294555,-0.03,-0.051955686213748686,0.567279950853896,1.0,0.0,-943.1915054727201,-32.173207444557825,334.48,390.676,4.509765108401476,0.035884365675405455,-0.4611610903835785,-17.83026567289719,2.1807779731892083,3.1828999999999894,0.0,-0.004572237949645385,final_approach,2.605548163935353,0.6408263550250428,-7.163434680733641,
55.125,63.95606501,-22.6061052,480.095,393.19,0.1306,-3.6113,3.2012,-0.0106,-0.0509,-0.0142,69.699,73.898,-7.0895,124.6336,4.7835,0.0,0.0,0.0,-0.03,1532.0,0.0,3.7,150.0,0,55.125,0.037204318404155,0.10223499628378561,-0.03,-0.0519306609712174,0.5666986032598972,1.0,0.0,-938.4425327909009,-31.992608456723485,333.595,389.69,4.514399663448097,0.03650556832868042,-0.459117993985472,-17.814444442069192,2.177961896840202,3.18119999999999,0.0,-0.004933580731227582,final_approach,2.60115190757881,0.6384449430823356,-7.1788793628586305,
55.208,63.95609341,-22.60610272,479.503,392.508,0.1297,-3.6155,3.2,-0.0106,-0.0509,-0.0144,69.698,73.896,-7.0981,124.6307,4.7792,0.0,0.0,0.0,-0.03,1531.3,0.0,3.7,150.0,0,55.208,0.03716948899444533,0.10226076956039372,-0.03,-0.05191299360641877,0.5663110927854097,1.0,0.0,-935.2765510032855,-31.87220913161654,333.003,389.008,4.517481350234367,0.03660943301741357,-0.4577532266569486,-17.80315133025866,2.176039080590101,3.180000000000007,0.0,-0.005580363643947084,final_approach,2.5981347239616603,0.6367956591189898,-7.189169606083611,
55.333,63.956136,-22.60609901,478.615,391.53,0.1284,-3.6218,3.1982,-0.0105,-0.0511,-0.0145,69.696,73.893,-7.1111,124.6261,4.7728,0.0,0.0,0.0,-0.03,1530.2,0.0,3.7,150.0,0,55.333,0.03711212641665068,0.10229926326904673,-0.03,-0.05188648870035717,0.5657253069675332,1.0,0.0,-930.5286932599644,-31.69209969215386,332.115,388.03,4.522128493574576,0.03670405196812374,-0.4557089197171033,-17.785935148013888,2.173182027728842,3.178200000000004,0.0,-0.006527603312675777,final_approach,2.593581712426545,0.6342397107491795,-7.204717850420765,
55.417,63.95616439,-22.60609654,478.022,390.861,0.1276,-3.6261,3.197,-0.0103,-0.0512,-0.0146,69.695,73.891,-7.1198,124.623,4.7685,0.0,0.0,0.0,-0.03,1529.5,0.0,3.7,150.0,0,55.417,0.037071100918243616,0.10232518230125648,-0.03,-0.05186881619123512,0.565333298477555,1.0,0.0,-927.3638264108471,-31.572189915070453,331.522,387.361,4.525230852340005,0.03674218371436694,-0.45434564482558737,-17.7742995637648,2.1712624854291107,3.1769999999999925,0.0,-0.00701643591196146,final_approach,2.590528145268326,0.6325306246354714,-7.215117991477962,
55.533,63.95620415,-22.60609308,477.191,389.915,0.1263,-3.632,3.1952,-0.0105,-0.0516,-0.0147,69.693,73.888,-7.1321,124.6185,4.7624,0.0,0.0,0.0,-0.03,1528.5,0.0,3.7,150.0,0,55.533,0.03702195544791376,0.10236065508531852,-0.03,-0.051842303571350556,0.5647806221538532,1.0,0.0,-922.9314521130931,-31.40421878467587,330.691,386.415,4.529594659774776,0.036888324696987225,-0.4524321876158431,-17.75805440588168,2.1685410368040436,3.1751999999999896,0.0,-0.007945976220901754,final_approach,2.5862515811163824,0.630186890496633,-7.229774301052201,
55.617,63.95623254,-22.60609061,476.596,389.26,0.1255,-3.6363,3.194,-0.0104,-0.0517,-0.0148,69.692,73.886,-7.1409,124.6152,4.758,0.0,0.0,0.0,-0.03,1527.8,0.0,3.7,150.0,0,55.617,0.03698172232102154,0.10238612160084336,-0.03,-0.051824625921455314,0.5643855672590656,1.0,0.0,-919.7665852631835,-31.284309007592736,330.096,385.76,4.532706794484389,0.03691514103640437,-0.45106369538925317,-17.74622120395791,2.1665788448513865,3.1740000000000066,0.0,-0.008305865828530622,final_approach,2.583169025422766,0.6284983595830855,-7.240246126347085,
55.7,63.95626093,-22.60608815,476.001,388.575,0.1246,-3.6406,3.1928,-0.0106,-0.0519,-0.0148,69.691,73.884,-7.1497,124.6119,4.7536,0.0,0.0,0.0,-0.03,1527.1,0.0,3.7,150.0,0,55.7,0.0369461213838953,0.10241265566155032,-0.03,-0.05180694621624499,0.5639877886701913,1.0,0.0,-916.6017185850866,-31.164889168008262,329.501,385.075,4.535834461782183,0.037043073951609676,-0.4497000904079877,-17.73444843279749,2.164616543840424,3.172799999999995,0.0,-0.00864607736875237,final_approach,2.5800993601315163,0.6268294068511064,-7.250786351049898,
55.808,63.95629784,-22.60608495,475.226,387.702,0.1235,-3.6462,3.1912,-0.0105,-0.052,-0.0149,69.689,73.881,-7.1612,124.6074,4.7479,0.0,0.0,0.0,-0.03,1526.2,0.0,3.7,150.0,0,55.808,0.036894766897343834,0.10244628540939478,-0.03,-0.051783370079791224,0.5634690491792976,1.0,0.0,-912.4870574388755,-31.009545505578043,328.726,384.202,4.539904412228079,0.037150016018157206,-0.4479227740931217,-17.718980078041476,2.1620782462179307,3.171199999999999,0.0,-0.009543572018739196,final_approach,2.5760844396001055,0.6246039086906219,-7.264526092873913,
55.917,63.95633475,-22.60608175,474.449,386.837,0.1224,-3.6518,3.1896,-0.0104,-0.0522,-0.015,69.688,73.879,-7.1728,124.6028,4.7421,0.0,0.0,0.0,-0.03,1525.2,0.0,3.7,150.0,0,55.917,0.0368438852809897,0.10247943318553919,-0.03,-0.051759790291804,0.5629491816460458,1.0,0.0,-908.3723962918723,-30.854201843322162,327.949,383.337,4.543973350030198,0.03717996411623,-0.44614176566572317,-17.703230569548822,2.159495587956002,3.1696000000000026,0.0,-0.009510002919446432,final_approach,2.5720333207085346,0.6223906885392587,-7.278289341506275,
56.025,63.9563745,-22.60607831,473.611,385.903,0.1211,-3.6578,3.1878,-0.0105,-0.0523,-0.0151,69.686,73.875,-7.1853,124.5977,4.7358,0.0,0.0,0.0,-0.03,1524.2,0.0,3.7,150.0,0,56.025,0.03680230947091073,0.10251549898040084,-0.03,-0.05173325866727446,0.5623862516886574,1.0,0.0,-903.9411371036368,-30.687210198275988,327.111,382.403,4.548368377388926,0.037765753057859015,-0.44422398867220253,-17.687475130275043,2.156691866111487,3.1677999999999997,0.0,-0.010328958882994564,final_approach,2.567804385940377,0.6202426274239681,-7.293185541054017,
56.1,63.95640005,-22.6060761,473.072,385.299,0.1204,-3.6617,3.1867,-0.0104,-0.0525,-0.0152,69.685,73.873,-7.1934,124.5944,4.7317,0.0,0.0,0.0,-0.03,1523.6,0.0,3.7,150.0,0,56.1,0.03676620461222835,0.10253872058948414,-0.03,-0.051717042623316056,0.5620221922211357,1.0,0.0,-901.0928686385847,-30.579928278458272,326.572,381.799,4.551204764019716,0.03777454228330425,-0.44298982951611454,-17.676480679663065,2.1548667606707,3.1666999999999916,0.0,-0.010602083833031102,final_approach,2.5649878785515554,0.6187483870841781,-7.302815356799952,
56.208,63.95643695,-22.60607292,472.292,384.407,0.1192,-3.6674,3.185,-0.0102,-0.0528,-0.0153,69.683,73.87,-7.2051,124.5895,4.7258,0.0,0.0,0.0,-0.03,1522.6,0.0,3.7,150.0,0,56.208,0.03671984251433397,0.10257223323062979,-0.03,-0.0516919780733725,0.5614952152654945,1.0,0.0,-896.979322601892,-30.42556410155052,325.792,380.907,4.555302247479088,0.03780206217956218,-0.4412126239618309,-17.660496312604156,2.1522428460213803,3.164999999999992,0.0,-0.011321759713526081,final_approach,2.5609149834568186,0.6165644654722531,-7.31674918360452,
56.325,63.95647385,-22.60606974,471.511,383.543,0.1182,-3.673,3.1834,-0.01,-0.0529,-0.0154,69.681,73.867,-7.2169,124.5844,4.7199,0.0,0.0,0.0,-0.03,1521.7,0.0,3.7,150.0,0,56.325,0.03665614227881758,0.10260528626517944,-0.03,-0.05166838414844205,0.5609653122695588,1.0,0.0,-892.8657765644074,-30.271199924643046,325.011,380.043,4.55941285101246,0.037357279071816636,-0.43943171303836903,-17.64303388741049,2.149622195495766,3.1633999999999958,0.0,-0.01184651038448717,final_approach,2.556673033176761,0.6141207949812078,-7.330754061167845,
56.4,63.9564994,-22.60606754,470.969,382.949,0.1174,-3.677,3.1822,-0.0099,-0.0529,-0.0154,69.679,73.865,-7.2251,124.5809,4.7157,0.0,0.0,0.0,-0.03,1521.0,0.0,3.7,150.0,0,56.4,0.03662430358228913,0.10262743766098155,-0.03,-0.051650686312671834,0.5605978366168057,1.0,0.0,-890.0175082703756,-30.164407942324264,324.469,379.449,4.562257871875427,0.037453334477552266,-0.4381977427469055,-17.631791133397982,2.147754242660824,3.162200000000013,0.0,-0.013193797319225249,final_approach,2.5538287725751267,0.612649261579362,-7.340462446220137,
56.508,63.9565363,-22.60606436,470.186,382.05,0.1163,-3.6827,3.1805,-0.0102,-0.0532,-0.0155,69.677,73.862,-7.237,124.5757,4.7097,0.0,0.0,0.0,-0.03,1520.0,0.0,3.7,150.0,0,56.508,0.036573355135253005,0.10266057785492437,-0.03,-0.051625610870087546,0.5600635084481393,1.0,0.0,-885.903962232891,-30.01004376541679,323.686,378.55,4.566386628069452,0.03758264940108545,-0.4364105357554515,-17.615449023179337,2.1450890211650346,3.160500000000013,0.0,-0.013677862882793377,final_approach,2.54970259330139,0.6104472234482508,-7.354573613884227,
56.617,63.9565732,-22.60606119,469.401,381.181,0.1152,-3.6884,3.1789,-0.0103,-0.0532,-0.0156,69.675,73.858,-7.249,124.5703,4.7037,0.0,0.0,0.0,-0.03,1519.1,0.0,3.7,150.0,0,56.617,0.03652108369899809,0.10269251919321574,-0.03,-0.0516020066971814,0.5595280441016873,1.0,0.0,-881.7904163672187,-29.85616952565984,322.901,377.681,4.570514736147869,0.03763096636392781,-0.43462672395789514,-17.598820537973197,2.1424270362993525,3.1588999999999885,0.0,-0.014102477516475753,final_approach,2.545548783609018,0.608198637060477,-7.3687085404634605,
56.733,63.95661293,-22.60605778,468.555,380.222,0.114,-3.6946,3.177,-0.0103,-0.0532,-0.0158,69.673,73.855,-7.2619,124.5644,4.6971,0.0,0.0,0.0,-0.03,1518.0,0.0,3.7,150.0,0,56.733,0.036468380588806026,0.10272883603859105,-0.03,-0.051573972012744496,0.5589476052065161,1.0,0.0,-877.3613872269997,-29.690646914333726,322.055,376.722,4.574979090634603,0.03777344106007459,-0.43270415771897297,-17.580965447521766,2.1394978827849798,3.1570000000000107,0.0,-0.014387832225005658,final_approach,2.5410790183577703,0.605876490470763,-7.38402371288554,
56.808,63.95663848,-22.60605559,468.01,379.601,0.1133,-3.6985,3.1758,-0.0101,-0.0533,-0.0158,69.671,73.852,-7.2702,124.5606,4.6929,0.0,0.0,0.0,-0.03,1517.3,0.0,3.7,150.0,0,56.808,0.03642988716457485,0.10275204667791489,-0.03,-0.05155626325176316,0.5585731160337406,1.0,0.0,-874.5131191031963,-29.584344869166028,321.51,376.101,4.577853717154987,0.03786592648424921,-0.4314675826543886,-17.56937310260204,2.137634512262167,3.1557999999999993,0.0,-0.015504089901514553,final_approach,2.5381919603394962,0.6043334839026127,-7.393900995949583,
56.917,63.95667537,-22.60605243,467.221,378.742,0.1122,-3.7043,3.1741,-0.0103,-0.0535,-0.0159,69.669,73.849,-7.2823,124.5549,4.6867,0.0,0.0,0.0,-0.03,1516.4,0.0,3.7,150.0,0,56.917,0.036379521948887106,0.10278437432798483,-0.03,-0.05153117233701149,0.5580322327090707,1.0,0.0,-870.4006881760222,-29.43096017760668,320.721,375.242,4.581997838403358,0.03789151556924519,-0.42968043456323746,-17.552372881029978,2.1348851701192757,3.1540999999999997,0.0,-0.015762683897131258,final_approach,2.5339918987607426,0.6021467919758745,-7.408161782784823,
57.025,63.95671226,-22.60604927,466.432,377.848,0.1111,-3.7101,3.1724,-0.0103,-0.0536,-0.016,69.667,73.845,-7.2944,124.5492,4.6805,0.0,0.0,0.0,-0.03,1515.4,0.0,3.7,150.0,0,57.025,0.03632902419567541,0.10281859752079107,-0.03,-0.051506077316336774,0.5574865001844489,1.0,0.0,-866.288257248056,-29.277575486221668,319.932,374.348,4.586169948982224,0.038014705225708476,-0.427889536155031,-17.535396408563013,2.1321355663991994,3.1524,0.0,-0.016013214317253496,final_approach,2.5297893742715836,0.5999567595582782,-7.4225442685708405,
57.1,63.95674064,-22.60604685,465.824,377.168,0.1102,-3.7145,3.1711,-0.0103,-0.0537,-0.0161,69.665,73.843,-7.3038,124.5447,4.6758,0.0,0.0,0.0,-0.03,1514.6,0.0,3.7,150.0,0,57.1,0.036298565292584406,0.10284368456267906,-0.03,-0.05148688423698833,0.5570652275056958,1.0,0.0,-863.1245060215182,-29.160115006461268,319.324,373.668,4.589384369778616,0.038822078346737544,-0.42651711879858206,-17.523546701451497,2.130054102849897,3.151100000000014,0.0,-0.016981709985376223,final_approach,2.526697461286158,0.5984336647019397,-7.433642507742897,
57.208,63.95677753,-22.6060437,465.032,376.279,0.1091,-3.7203,3.1693,-0.0103,-0.054,-0.0162,69.662,73.839,-7.316,124.5387,4.6695,0.0,0.0,0.0,-0.03,1513.6,0.0,3.7,150.0,0,57.208,0.03624845713757613,0.10287668365676773,-0.03,-0.051460305243120286,0.5565164683925238,1.0,0.0,-859.0120752653647,-29.00722025240085,318.532,372.779,4.593563573931578,0.03880112108055722,-0.42472673766707675,-17.506332420994315,2.1272632613581095,3.149300000000011,0.0,-0.01796317069377653,final_approach,2.5224687774987977,0.5962663232405454,-7.448093933884699,
57.317,63.95681442,-22.60604056,464.238,375.427,0.108,-3.7261,3.1676,-0.0101,-0.0543,-0.0163,69.66,73.835,-7.3283,124.5326,4.6632,0.0,0.0,0.0,-0.03,1512.6,0.0,3.7,150.0,0,57.317,0.03619709717894076,0.10290920918597295,-0.03,-0.05143519863803481,0.5559665825960781,1.0,0.0,-854.8996446794392,-28.85481543549151,317.738,371.927,4.597742454177996,0.038723992714558356,-0.4229397694756096,-17.488826514737543,2.124473861153632,3.1476000000000113,0.0,-0.017998211890096694,final_approach,2.518211883597722,0.5940542641320814,-7.462568997111537,
57.425,63.9568513,-22.60603742,463.444,374.54,0.1069,-3.732,3.1658,-0.0099,-0.0545,-0.0164,69.657,73.831,-7.3406,124.5264,4.6569,0.0,0.0,0.0,-0.03,1511.7,0.0,3.7,150.0,0,57.425,0.036145051256957716,0.10294270242150107,-0.03,-0.05140861070533148,0.5554123284310516,1.0,0.0,-850.7883288617835,-28.702410229454625,316.944,371.04,4.6019456669711,0.038756433424330335,-0.421148910534598,-17.471350821622224,2.121685895758759,3.1458000000000084,0.0,-0.018887263334431505,final_approach,2.513953057203711,0.5918371066184402,-7.477153026409892,
57.5,63.956874,-22.60603549,462.954,373.991,0.1063,-3.7356,3.1647,-0.0098,-0.0546,-0.0165,69.656,73.829,-7.3482,124.5226,4.653,0.0,0.0,0.0,-0.03,1511.0,0.0,3.7,150.0,0,57.5,0.03610148015588671,0.10296343066380216,-0.03,-0.05139236026242733,0.5550711716161408,1.0,0.0,-848.257773889523,-28.608735652425352,316.454,370.491,4.604528487598422,0.03803662924765719,-0.4200466854359202,-17.45917594597586,2.1199592141348944,3.1447000000000003,0.0,-0.01838236060704746,final_approach,2.5111741603772906,0.5902509967014442,-7.486126878139602,
57.608,63.95691372,-22.60603211,462.096,373.033,0.1051,-3.7419,3.1628,-0.0102,-0.0548,-0.0166,69.653,73.825,-7.3616,124.5157,4.6461,0.0,0.0,0.0,-0.03,1510.0,0.0,3.7,150.0,0,57.608,0.03605595195472916,0.10299848978696781,-0.03,-0.051364287275632026,0.554470866393444,1.0,0.0,-843.8298600290508,-28.444682463772782,315.596,369.533,4.609065324909697,0.03869848318674293,-0.4181124840014388,-17.441479060842504,2.1169070816662554,3.142799999999994,0.0,-0.019236489440750383,final_approach,2.506704768818974,0.5881146011780807,-7.501911993832646,
57.717,63.9569506,-22.60602899,461.298,372.157,0.104,-3.7478,3.161,-0.0102,-0.0549,-0.0167,69.65,73.821,-7.3741,124.5092,4.6397,0.0,0.0,0.0,-0.03,1508.9,0.0,3.7,150.0,0,57.717,0.036003260433529305,0.10303093465341351,-0.03,-0.05133768709585135,0.5539109009507049,1.0,0.0,-839.718544553436,-28.293257132211576,314.798,368.657,4.613288312029083,0.03870590283816736,-0.4163258523796915,-17.423487871497496,2.114077517372664,3.140999999999991,0.0,-0.019989802744301902,final_approach,2.5023934902133362,0.585881022717377,-7.51663021682427,
57.825,63.95698748,-22.60602586,460.498,371.293,0.1029,-3.7537,3.1592,-0.0102,-0.0551,-0.0168,69.647,73.817,-7.3866,124.5026,4.6332,0.0,0.0,0.0,-0.03,1507.9,0.0,3.7,150.0,0,57.825,0.035952553450680325,0.1030637427266581,-0.03,-0.05131108232696774,0.5533498076777557,1.0,0.0,-835.6072289060087,-28.141341863499836,313.998,367.793,4.617511268401249,0.038771827013543314,-0.41452822639282494,-17.40553236361053,2.111203401342749,3.139199999999988,0.0,-0.020697800474617892,final_approach,2.49807168303607,0.583698709847619,-7.531372219275147,
57.9,63.95701301,-22.6060237,459.944,370.669,0.1022,-3.7579,3.1579,-0.0102,-0.0552,-0.0169,69.645,73.814,-7.3953,124.498,4.6287,0.0,0.0,0.0,-0.03,1507.2,0.0,3.7,150.0,0,57.9,0.035914415057146654,0.10308676286341359,-0.03,-0.05129186491873172,0.5529588489067905,1.0,0.0,-832.761190831014,-28.03650885205192,313.444,367.169,4.620448771291513,0.038837640045206116,-0.4132864589452993,-17.3930150171224,2.109213969651421,3.137900000000002,0.0,-0.021240424673906768,final_approach,2.495073444636379,0.5821779777979472,-7.5416407341968075,
58.017,63.95704989,-22.60602059,459.142,369.759,0.1011,-3.7638,3.1561,-0.0105,-0.0554,-0.0169,69.642,73.81,-7.4079,124.4912,4.6222,0.0,0.0,0.0,-0.03,1506.2,0.0,3.7,150.0,0,58.017,0.035852867408140754,0.10311973252089886,-0.03,-0.05126525225093809,0.5523931468154678,1.0,0.0,-828.6498755256273,-27.885573457815855,312.642,366.259,4.624692113860513,0.03840934757185901,-0.4114968511002871,-17.373327390134357,2.1063427319625987,3.136099999999999,0.0,-0.02164047930728121,final_approach,2.490569189195984,0.5797162527408801,-7.556493967265002,
58.125,63.95708676,-22.60601747,458.339,368.907,0.0999,-3.7698,3.1542,-0.0105,-0.0556,-0.017,69.639,73.806,-7.4206,124.4844,4.6156,0.0,0.0,0.0,-0.03,1505.2,0.0,3.7,150.0,0,58.125,0.035805583951881825,0.10315207287850281,-0.03,-0.05123715612875712,0.5518249328851214,1.0,0.0,-824.5396748166982,-27.73414773730171,311.839,365.407,4.628945971718741,0.03857238510344487,-0.40969608770589117,-17.35503058900211,2.103425206619079,3.1341999999999928,0.0,-0.022198415531871976,final_approach,2.486204707246362,0.5775349864801242,-7.571407391848904,
58.2,63.95711229,-22.60601532,457.782,368.265,0.0992,-3.7739,3.1529,-0.0104,-0.0556,-0.0171,69.637,73.803,-7.4294,124.4795,4.611,0.0,0.0,0.0,-0.03,1504.5,0.0,3.7,150.0,0,58.2,0.03576830983490181,0.10317479913862962,-0.03,-0.051217929524688344,0.5514304374042124,1.0,0.0,-821.6936369127237,-27.629804663004606,311.282,364.765,4.631894482534637,0.03869590051041759,-0.4084544668628102,-17.342277097544315,2.10139431941019,3.1329000000000065,0.0,-0.022604620180483932,final_approach,2.4831799395256446,0.5760367135579667,-7.581758030450736,
58.308,63.95715199,-22.60601198,456.914,367.326,0.0979,-3.7804,3.1509,-0.0105,-0.0557,-0.0172,69.634,73.798,-7.4432,124.4719,4.6039,0.0,0.0,0.0,-0.03,1503.4,0.0,3.7,150.0,0,58.308,0.0357256244671833,0.1032088065873075,-0.03,-0.05118834546887657,0.5508158039345659,1.0,0.0,-817.2679532712885,-27.467710445222906,310.414,363.826,4.63648058468418,0.03932390189069202,-0.4065224860598643,-17.323749328487622,2.0982599931747927,3.130899999999997,0.0,-0.02307490723478354,final_approach,2.4786194038431155,0.5738866880964899,-7.5978791913492,
58.417,63.95718886,-22.60600888,456.107,366.423,0.0968,-3.7864,3.1491,-0.0102,-0.0559,-0.0173,69.631,73.794,-7.456,124.4648,4.5972,0.0,0.0,0.0,-0.03,1502.3,0.0,3.7,150.0,0,58.417,0.03567418841472253,0.10324184293239057,-0.03,-0.05116171498601335,0.5502414268366455,1.0,0.0,-813.1577529044001,-27.317264599184433,309.607,362.923,4.6407579277778614,0.03931019820200097,-0.4047256504286604,-17.30492146849084,2.0953006663593783,3.129099999999994,0.0,-0.023479273466150228,final_approach,2.4742002975525423,0.5716860341621359,-7.612938634348808,
58.525,63.95722573,-22.60600579,455.299,365.521,0.0957,-3.7924,3.1472,-0.0101,-0.0561,-0.0174,69.628,73.789,-7.4689,124.4575,4.5905,0.0,0.0,0.0,-0.03,1501.3,0.0,3.7,150.0,0,58.525,0.035622633475446974,0.10327450554988143,-0.03,-0.051133600067234,0.5496639164848934,1.0,0.0,-809.0475527093242,-27.167308690470563,308.799,362.021,4.645050593982852,0.03938298338591187,-0.40293225666275306,-17.28614043492385,2.092344382009003,3.1271999999999878,0.0,-0.023870046585389264,final_approach,2.469790587491776,0.5694949373511751,-7.628074639127435,
58.617,63.95725125,-22.60600365,454.738,364.911,0.095,-3.7966,3.1459,-0.0101,-0.0562,-0.0175,69.625,73.786,-7.4778,124.4524,4.5859,0.0,0.0,0.0,-0.03,1500.6,0.0,3.7,150.0,0,58.617,0.035563497221244356,0.10329663193382867,-0.03,-0.051114360607187936,0.5492646643979602,1.0,0.0,-806.2026297430559,-27.063455164371323,308.238,361.411,4.648013641250611,0.03818699207477965,-0.40168781376330726,-17.270084883122976,2.090315978795502,3.1259000000000015,0.0,-0.024664469227824386,final_approach,2.466394586752223,0.5674332105595017,-7.6385354362709865,
58.833,63.95728244,-22.60600103,454.052,364.165,0.0941,-3.8017,3.1443,-0.0104,-0.0563,-0.0175,69.623,73.782,-7.4888,124.4461,4.5802,0.0,0.0,0.0,-0.03,1499.7,0.0,3.7,150.0,0,58.833,0.03537565190791375,0.1033240061825993,-0.03,-0.05109067799746769,0.5487740750623109,1.0,0.0,-802.7256254602163,-26.936305283738832,307.552,360.665,4.651649464816296,0.034627912813616546,-0.4001610860036072,-17.23217506654127,2.0878019535682313,3.124300000000005,0.0,-0.023263995594316498,final_approach,2.4602042640792554,0.5618909019721468,-7.651385801358716,
58.925,63.95734198,-22.60599605,452.74,362.689,0.0923,-3.8115,3.1412,-0.0092,-0.0558,-0.0179,69.617,73.775,-7.5098,124.4339,4.5692,0.0,0.0,0.0,-0.03,1498.0,0.0,3.7,150.0,0,58.925,0.03538798666802634,0.10337660272184819,-0.03,-0.0510447826644822,0.5478322705934929,1.0,0.0,-796.0882152786023,-26.694633379739557,306.24,359.189,4.658613917972881,0.0414733569761754,-0.39725461707334836,-17.21587715444129,2.08295029426435,3.1211999999999875,0.0,-0.027077940658865107,final_approach,2.454627539731078,0.5607977933377661,-7.676044384419665,
59.017,63.95739018,-22.60599203,451.674,361.521,0.0907,-3.8193,3.1386,-0.0123,-0.0557,-0.0182,69.613,73.769,-7.5268,124.4238,4.5603,0.0,0.0,0.0,-0.03,1496.7,0.0,3.7,150.0,0,59.017,0.03538156312110402,0.10342045666623764,-0.03,-0.051006279357599826,0.547067853971803,1.0,0.0,-790.7149677309228,-26.499554184632444,305.174,358.021,4.664252114245982,0.04477525449663308,-0.3949027650109478,-17.199412852215342,2.0790280037228115,3.1185999999999865,0.0,-0.028568878859842422,final_approach,2.4497505367237338,0.5593584601433221,-7.6960483549455265,
59.1,63.95741853,-22.60598967,451.047,360.833,0.0897,-3.8239,3.1371,-0.0121,-0.0563,-0.0182,69.61,73.765,-7.5369,124.4178,4.5549,0.0,0.0,0.0,-0.03,1495.9,0.0,3.7,150.0,0,59.1,0.03535056831678324,0.10344582262423209,-0.03,-0.05098406157851276,0.5466140744318246,1.0,0.0,-787.5545618321486,-26.385032161265656,304.547,357.333,4.667593109376463,0.04402153764374217,-0.39351965195277994,-17.18448994110296,2.076645710384355,3.1170999999999935,0.0,-0.029257578810152663,final_approach,2.4462998178481783,0.5577476814321081,-7.707919060422466,
59.225,63.95746105,-22.60598613,450.104,359.778,0.0882,-3.831,3.1349,-0.0112,-0.0571,-0.0183,69.606,73.759,-7.552,124.4088,4.5469,0.0,0.0,0.0,-0.03,1494.7,0.0,3.7,150.0,0,59.225,0.035299436409304386,0.10348506052480429,-0.03,-0.05095146977057108,0.5459330627210468,1.0,0.0,-782.8145103677259,-26.213248931738864,303.604,356.278,4.672598918458084,0.04335902681194642,-0.3914406494420013,-17.161817980861947,2.073117818935799,3.1149000000000058,0.0,-0.02950688982741507,final_approach,2.4410858587406494,0.5552057108614381,-7.725728292780591,
59.3,63.95748656,-22.60598401,449.537,359.171,0.0874,-3.8352,3.1335,-0.0106,-0.0575,-0.0183,69.603,73.756,-7.5611,124.4033,4.5421,0.0,0.0,0.0,-0.03,1494.0,0.0,3.7,150.0,0,59.3,0.03526418588020619,0.10350777673015202,-0.03,-0.050930725981568614,0.5455237160471044,1.0,0.0,-779.970702510976,-26.110374890988027,303.037,355.671,4.675603186813549,0.0428086742443238,-0.39019368461874393,-17.1481779622562,2.071002510757097,3.1134999999999877,0.0,-0.030460808934014042,final_approach,2.437953779188504,0.5536727797331533,-7.736429891359924,
59.425,63.95752907,-22.60598048,448.591,358.132,0.0861,-3.8424,3.1312,-0.0103,-0.058,-0.0184,69.599,73.75,-7.5763,124.394,4.534,0.0,0.0,0.0,-0.03,1492.8,0.0,3.7,150.0,0,59.425,0.03520541342534644,0.10354703665255967,-0.03,-0.05089664091237117,0.5448383564825372,1.0,0.0,-775.2317659850514,-25.93908120948477,302.091,354.632,4.680625501916957,0.042370315341480065,-0.3881136575118609,-17.12524142793578,2.0674328054772104,3.1111999999999966,0.0,-0.03060073539455144,final_approach,2.4327084989505643,0.5511465841192678,-7.7543419172417405,
59.5,63.95755458,-22.60597837,448.022,357.497,0.0854,-3.8467,3.1298,-0.0099,-0.0581,-0.0185,69.597,73.747,-7.5855,124.3884,4.5291,0.0,0.0,0.0,-0.03,1492.0,0.0,3.7,150.0,0,59.5,0.03516803482974484,0.10356987130427685,-0.03,-0.050875889836000165,0.5444264489324918,1.0,0.0,-772.387958299322,-25.83669710605881,301.522,353.997,4.683639427220561,0.042006207903685734,-0.38686908384046775,-17.111443505653977,2.0652726528953167,3.109800000000007,0.0,-0.030243092782937034,final_approach,2.429561614184145,0.549658915720542,-7.76510400969323,
59.625,63.95759709,-22.60597485,447.073,356.449,0.0842,-3.854,3.1275,-0.0097,-0.0584,-0.0186,69.593,73.741,-7.601,124.379,4.521,0.0,0.0,0.0,-0.03,1490.8,0.0,3.7,150.0,0,59.625,0.0351035164114778,0.10360630353696246,-0.03,-0.050841792799974306,0.5437361019651356,1.0,0.0,-767.6490219444178,-25.665893361880418,300.573,352.949,4.688683221690392,0.04173023254618055,-0.3847881504113204,-17.088244343181834,2.0617037377391227,3.1074999999999875,0.0,-0.030402811620845068,final_approach,2.4242853743576696,0.5470848079999353,-7.783135730154028,
59.7,63.95762543,-22.60597251,446.439,355.75,0.0834,-3.8588,3.1259,-0.0096,-0.0585,-0.0187,69.59,73.737,-7.6113,124.3726,4.5155,0.0,0.0,0.0,-0.03,1490.0,0.0,3.7,150.0,0,59.7,0.03507265616115535,0.10363125144835622,-0.03,-0.050818068738266775,0.5432747543983024,1.0,0.0,-764.489731155162,-25.552350824036093,299.939,352.25,4.692048788291614,0.04225423068008698,-0.3834028921212039,-17.07427894923297,2.059280372255529,3.1058999999999912,0.0,-0.031275283291677336,final_approach,2.420937159158335,0.5456904142485239,-7.795182412164387,
59.825,63.9576651,-22.60596924,445.55,354.757,0.0822,-3.8656,3.1237,-0.0097,-0.0587,-0.0188,69.586,73.732,-7.6259,124.3636,4.5078,0.0,0.0,0.0,-0.03,1488.8,0.0,3.7,150.0,0,59.825,0.035007336205788775,0.10366423333568124,-0.03,-0.050785442282203774,0.5426269199848394,1.0,0.0,-760.0673930133026,-25.393684999798527,299.05,351.257,4.696768019306385,0.04150416691976775,-0.3814640197032284,-17.050819122740734,2.0558878961438154,3.1037000000000035,0.0,-0.03134116662880113,final_approach,2.415815487004025,0.5430832873630749,-7.812093835845497,
59.908,63.95769344,-22.6059669,444.914,354.06,0.0814,-3.8705,3.1222,-0.0095,-0.0587,-0.0189,69.583,73.728,-7.6364,124.3571,4.5023,0.0,0.0,0.0,-0.03,1488.0,0.0,3.7,150.0,0,59.908,0.03496564302368249,0.1036873038499552,-0.03,-0.05076319307514188,0.5421622346059103,1.0,0.0,-756.9081022240467,-25.280142461780137,298.414,350.56,4.700148300088503,0.041374518180363806,-0.38007324867828896,-17.035191269474783,2.0534655792876038,3.1022000000000105,0.0,-0.03177784041829695,final_approach,2.412274894009119,0.5413972355274694,-7.824220854949639,
60.025,63.9577331,-22.60596364,444.022,353.085,0.0803,-3.8773,3.12,-0.0096,-0.0588,-0.019,69.578,73.722,-7.6511,124.3479,4.4946,0.0,0.0,0.0,-0.03,1486.8,0.0,3.7,150.0,0,60.025,0.03490444330222836,0.10371926837082192,-0.03,-0.05073055519317998,0.5415108073810682,1.0,0.0,-752.4868790206855,-25.121966185740174,297.522,349.585,4.704880431503311,0.04121969309162478,-0.37813390230402044,-17.0129956900934,2.0500755610795807,3.0999999999999943,0.0,-0.03277394971981585,final_approach,2.4072926062815867,0.5389965118802849,-7.841216673323437,
60.1,63.95776143,-22.60596131,443.384,352.377,0.0795,-3.8822,3.1184,-0.0096,-0.0588,-0.019,69.575,73.718,-7.6616,124.3413,4.489,0.0,0.0,0.0,-0.03,1486.0,0.0,3.7,150.0,0,60.1,0.03487378574700212,0.1037433143151615,-0.03,-0.05070681428739815,0.5410434292632695,1.0,0.0,-749.3287031699278,-25.008913196093445,296.884,348.877,4.708270949683729,0.041884229088393995,-0.37674485612485703,-16.99871906507753,2.0476082587225903,3.098399999999998,0.0,-0.03343086338165077,final_approach,2.40390411613685,0.5376075919729111,-7.853407347816416,
60.208,63.9578011,-22.60595806,442.49,351.415,0.0784,-3.889,3.1162,-0.0099,-0.0589,-0.0191,69.571,73.712,-7.6764,124.3319,4.4812,0.0,0.0,0.0,-0.03,1484.8,0.0,3.7,150.0,0,60.208,0.034824701247084755,0.10377719337975425,-0.03,-0.05067416468127284,0.5403849110518288,1.0,0.0,-744.9063653701093,-24.851227246331558,295.99,347.915,4.7130416390948735,0.04226569925752727,-0.374805270170366,-16.97800264562165,2.0441746457363195,3.0962000000000103,0.0,-0.03375869735032646,final_approach,2.3990854702641684,0.5355192949798315,-7.8705790064304555,
60.308,63.95783792,-22.60595504,441.657,350.479,0.0773,-3.8954,3.1141,-0.0097,-0.0591,-0.0191,69.567,73.707,-7.6902,124.3232,4.474,0.0,0.0,0.0,-0.03,1483.7,0.0,3.7,150.0,0,60.308,0.03477996254005877,0.10380678075373084,-0.03,-0.050642992820771504,0.5397751137584873,1.0,0.0,-740.8017402079804,-24.704698953081888,295.157,346.979,4.717452813917447,0.042573374085561735,-0.37299840273598484,-16.958709143743178,2.041005065039883,3.0940999999999974,0.0,-0.03432608850030117,final_approach,2.3945968687614716,0.5335305115126339,-7.886475576238517,
60.433,63.95787191,-22.60595226,440.887,349.639,0.0764,-3.9012,3.1122,-0.0095,-0.0594,-0.0191,69.563,73.702,-7.7029,124.315,4.4672,0.0,0.0,0.0,-0.03,1482.7,0.0,3.7,150.0,0,60.433,0.03469665315131387,0.10383544909150555,-0.03,-0.05061478438616429,0.5392096043208557,1.0,0.0,-737.0125983211904,-24.569819031401114,294.387,346.139,4.721538120722315,0.04092488747779162,-0.37133277387630304,-16.934464452378787,2.0380108775415806,3.092199999999991,0.0,-0.034114625909357925,final_approach,2.389740449534287,0.5307226616355614,-7.901213740333452,
60.517,63.95790024,-22.60594995,440.245,348.93,0.0756,-3.9062,3.1106,-0.0094,-0.0594,-0.0192,69.56,73.698,-7.7136,124.3081,4.4616,0.0,0.0,0.0,-0.03,1481.8,0.0,3.7,150.0,0,60.517,0.03465255428703451,0.10385901069657305,-0.03,-0.05059102599466986,0.5387351807359002,1.0,0.0,-733.8544228124734,-24.45774591623006,293.745,345.43,4.724961420647388,0.040896334654258314,-0.3699472015213062,-16.918123516839916,2.035547200679133,3.090599999999995,0.0,-0.034260049527987724,final_approach,2.386126065343703,0.5289876231828607,-7.913575230993301,
60.6,63.95792856,-22.60594764,439.602,348.216,0.0748,-3.9111,3.109,-0.0099,-0.0595,-0.0192,69.557,73.694,-7.7243,124.3011,4.4559,0.0,0.0,0.0,-0.03,1481.0,0.0,3.7,150.0,0,60.6,0.03461168250296459,0.10388267542072267,-0.03,-0.050567264020417835,0.5382603910950258,1.0,0.0,-730.6973620712341,-24.345672411931726,293.102,344.716,4.728383788873493,0.04095250423217184,-0.36855920187930796,-16.901907122199308,2.033038857792718,3.0889999999999986,0.0,-0.03443137032664839,final_approach,2.3825222160409822,0.5273358052821937,-7.92594374093817,
60.717,63.95796821,-22.6059444,438.7,347.232,0.0736,-3.918,3.1067,-0.0103,-0.0595,-0.0193,69.553,73.688,-7.7393,124.2913,4.448,0.0,0.0,0.0,-0.03,1479.8,0.0,3.7,150.0,0,60.717,0.034552401450993975,0.10391622211293304,-0.03,-0.050533099908381784,0.5375940843845092,1.0,0.0,-726.2772539773914,-24.188475621240162,292.2,343.732,4.733180749279508,0.0409603637917886,-0.3666076743775164,-16.8788827823249,2.029563521078984,3.0867000000000075,0.0,-0.03440924885950551,final_approach,2.377429988396539,0.5248978170901122,-7.943297216323206,
60.8,63.95799653,-22.6059421,438.054,346.517,0.0728,-3.9229,3.1051,-0.0103,-0.0595,-0.0193,69.549,73.683,-7.75,124.2843,4.4423,0.0,0.0,0.0,-0.03,1478.9,0.0,3.7,150.0,0,60.8,0.034510583910297044,0.10393946964873388,-0.03,-0.05050932920694934,0.5371181697800311,1.0,0.0,-723.1201934063805,-24.076892054266985,291.554,343.017,4.736602891399746,0.04100540781893787,-0.3652215295885882,-16.862497926916323,2.0270544833435054,3.0851000000000113,0.0,-0.0356622963344801,final_approach,2.3738093948476298,0.5232217716629037,-7.955689169599511,
60.917,63.95804183,-22.60593842,437.02,345.374,0.0714,-3.9308,3.1026,-0.0104,-0.0596,-0.0194,69.544,73.676,-7.7673,124.2729,4.4331,0.0,0.0,0.0,-0.03,1477.5,0.0,3.7,150.0,0,60.917,0.03446925232572695,0.10397691283850158,-0.03,-0.05047218032348394,0.5363516093305504,1.0,0.0,-718.0702342150036,-23.89835788008709,290.52,341.874,4.742107936665223,0.04201311800506349,-0.3629987350120351,-16.839205036997758,2.023005866939144,3.0826000000000136,0.0,-0.03630527327999315,final_approach,2.3683348474668335,0.52107168292242,-7.975644081328172,
61.0,63.95807015,-22.60593613,436.372,344.653,0.0706,-3.9357,3.1009,-0.0099,-0.0596,-0.0195,69.541,73.672,-7.7781,124.2657,4.4274,0.0,0.0,0.0,-0.03,1476.7,0.0,3.7,150.0,0,61.0,0.03442563874958038,0.10400088774547249,-0.03,-0.0504469140957835,0.5358716754919091,1.0,0.0,-714.9131738158051,-23.787264250264442,289.872,341.153,4.74555026526198,0.041923238090078196,-0.36161399545354456,-16.822630531351376,2.0204993490885954,3.080900000000014,0.0,-0.03629066464665333,final_approach,2.36469454779413,0.5193620976858639,-7.988134583965284,
61.108,63.95810979,-22.60593292,435.464,343.683,0.0694,-3.9427,3.0987,-0.0097,-0.0599,-0.0196,69.536,73.666,-7.7932,124.2555,4.4193,0.0,0.0,0.0,-0.03,1475.5,0.0,3.7,150.0,0,61.108,0.034380845569698504,0.10403536104877024,-0.03,-0.05041421063502255,0.5351965908710506,1.0,0.0,-710.4941810017091,-23.631536882420487,288.964,340.183,4.750386849482564,0.042399896279670266,-0.359668384828011,-16.800913246999936,2.0169364249257455,3.0786999999999978,0.0,-0.037200267523889885,final_approach,2.359754252986953,0.5172851985645597,-8.005700164604212,
61.208,63.95814093,-22.6059304,434.749,342.889,0.0685,-3.9482,3.0969,-0.0095,-0.0602,-0.0196,69.532,73.661,-7.8052,124.2474,4.4129,0.0,0.0,0.0,-0.03,1474.5,0.0,3.7,150.0,0,61.208,0.0343240446590104,0.10406045321574287,-0.03,-0.050387448234097465,0.5346656001004659,1.0,0.0,-707.022752266462,-23.50928442887814,288.249,339.389,4.754186707843317,0.04166634416764684,-0.35813801806767176,-16.780724004650036,2.0141215165375286,3.076899999999995,0.0,-0.03745478865808611,final_approach,2.355522389547307,0.5151485931537749,-8.019513403436154,
61.308,63.9581749,-22.60592766,433.967,342.038,0.0676,-3.9541,3.0949,-0.0096,-0.0604,-0.0197,69.528,73.656,-7.8182,124.2386,4.406,0.0,0.0,0.0,-0.03,1473.5,0.0,3.7,150.0,0,61.308,0.03426813792061145,0.1040894314740527,-0.03,-0.05035770693259639,0.5340864204659288,1.0,0.0,-703.2358405979169,-23.376363478242567,287.467,338.538,4.758327133998469,0.04162266373162501,-0.35647208289241394,-16.76043546625711,2.0110873687229684,3.0749000000000137,0.0,-0.037686171507342485,final_approach,2.3511033582048704,0.5130603302922534,-8.03457726429444,
61.433,63.9582117,-22.60592469,433.12,341.097,0.0665,-3.9607,3.0928,-0.0096,-0.0605,-0.0198,69.524,73.65,-7.8324,124.2289,4.3984,0.0,0.0,0.0,-0.03,1472.3,0.0,3.7,150.0,0,61.433,0.03419263644233661,0.10412152448407049,-0.03,-0.05032647256400946,0.5334532398402704,1.0,0.0,-699.1334458266374,-23.232284093014297,286.62,337.597,4.762848625859096,0.040714208923857284,-0.3546622695436098,-16.73493310217399,2.0077450163157664,3.072800000000001,0.0,-0.03716924682486036,final_approach,2.3459171506348184,0.510279958183327,-8.051042198119344,
61.5,63.95823717,-22.60592264,432.532,340.46,0.0658,-3.9652,3.0913,-0.0096,-0.0605,-0.0199,69.521,73.646,-7.8423,124.2222,4.3931,0.0,0.0,0.0,-0.03,1471.5,0.0,3.7,150.0,0,61.5,0.03416476658222445,0.10414207599040588,-0.03,-0.05030415853811471,0.5330158065874362,1.0,0.0,-696.2940982369412,-23.132838056854393,286.032,336.96,4.76596934296472,0.04169148531123374,-0.3534115311704164,-16.721236990834218,2.0054127978355893,3.071300000000008,0.0,-0.03786078069559911,final_approach,2.342770021828141,0.5090511350198845,-8.062414972750021,
61.617,63.95827679,-22.60591945,431.616,339.438,0.0647,-3.9722,3.0889,-0.0102,-0.0606,-0.02,69.516,73.639,-7.8576,124.2116,4.3849,0.0,0.0,0.0,-0.03,1470.3,0.0,3.7,150.0,0,61.617,0.034101656745399556,0.10417619799929943,-0.03,-0.05026844957798554,0.5323330752425732,1.0,0.0,-691.8773352998414,-22.97808978523157,285.116,335.938,4.770835355905862,0.041674546792327696,-0.35146133605343155,-16.697145142888218,2.0018077558779055,3.0689000000000135,0.0,-0.038303895426454175,final_approach,2.33755808909126,0.5066280477572658,-8.08016200419038,
61.7,63.95830226,-22.60591741,431.026,338.797,0.0639,-3.9767,3.0874,-0.0103,-0.0607,-0.0201,69.512,73.635,-7.8675,124.2047,4.3796,0.0,0.0,0.0,-0.03,1469.5,0.0,3.7,150.0,0,61.7,0.03405533469413852,0.10419680189973235,-0.03,-0.0502461274055051,0.5318933780593655,1.0,0.0,-689.0379878803734,-22.879133686396806,284.526,335.297,4.773966240866045,0.04101570658433489,-0.35021324337694365,-16.68001740719318,1.999478124351441,3.067399999999992,0.0,-0.039202884122630434,final_approach,2.3340320928322527,0.504823992208765,-8.091589548774056,
61.817,63.95834188,-22.60591424,430.107,337.792,0.0627,-3.9838,3.0851,-0.0105,-0.061,-0.0202,69.507,73.628,-7.883,124.194,4.3714,0.0,0.0,0.0,-0.03,1468.3,0.0,3.7,150.0,0,61.817,0.03399569942623892,0.1042292221303429,-0.03,-0.05021189399320153,0.5312068603899357,1.0,0.0,-684.6212252861066,-22.725365289423443,283.607,334.292,4.7788501262818714,0.04113685721889235,-0.34827049982270725,-16.655712987784383,1.9958736633535068,3.065100000000001,0.0,-0.039523989451028106,final_approach,2.328805585554136,0.5023780107745281,-8.109428804288799,
61.933,63.9583815,-22.60591107,429.187,336.767,0.0615,-3.9908,3.0827,-0.0105,-0.061,-0.0204,69.502,73.622,-7.8985,124.1832,4.3631,0.0,0.0,0.0,-0.03,1467.1,0.0,3.7,150.0,0,61.933,0.03393833314602274,0.10426329330477854,-0.03,-0.050176164327163764,0.5305160758432311,1.0,0.0,-680.2044626910476,-22.57159689245036,282.687,333.267,4.783758999412567,0.04133369298513332,-0.34632315976738076,-16.631484384097966,1.9922241030943155,3.0627000000000066,0.0,-0.03984939479874787,final_approach,2.323581204189267,0.5000032207292815,-8.127375318115607,
62.008,63.95840696,-22.60590903,428.594,336.133,0.0607,-3.9954,3.0812,-0.0104,-0.061,-0.0205,69.499,73.618,-7.9085,124.1762,4.3577,0.0,0.0,0.0,-0.03,1466.3,0.0,3.7,150.0,0,62.008,0.03390334241730186,0.10428439313887185,-0.03,-0.05015382921965228,0.5300729434526292,1.0,0.0,-677.3662300398494,-22.47264040431399,282.094,332.633,4.786905252717231,0.04143641816464294,-0.34506714238627256,-16.61578570881669,1.9898489120941178,3.0612000000000137,0.0,-0.03986308618067988,final_approach,2.3202033865482434,0.49849127393840753,-8.138886014880345,
62.117,63.95844657,-22.60590587,427.67,335.092,0.0595,-4.0025,3.0788,-0.0108,-0.0611,-0.0206,69.494,73.611,-7.924,124.1652,4.3493,0.0,0.0,0.0,-0.03,1465.0,0.0,3.7,150.0,0,62.117,0.03385669260997598,0.10431863022976688,-0.03,-0.050118086544995666,0.5293814687534077,1.0,0.0,-672.9505823832885,-22.319361555538492,281.17,331.592,4.791810590828815,0.04203086546072576,-0.34311963709123183,-16.592815061184268,1.986155418258818,3.058799999999991,0.0,-0.04040931103998062,final_approach,2.315118272588755,0.4963927158391428,-8.156844830801962,
62.225,63.95848335,-22.60590295,426.811,334.168,0.0583,-4.0091,3.0766,-0.0106,-0.0614,-0.0207,69.489,73.605,-7.9385,124.1549,4.3415,0.0,0.0,0.0,-0.03,1463.9,0.0,3.7,150.0,0,62.225,0.033807227975023835,0.10434983918645478,-0.03,-0.05008531539943312,0.5287358539073532,1.0,0.0,-668.8504180012744,-22.17773107850624,280.311,330.668,4.796386173142193,0.04208680503421249,-0.3413178656540586,-16.569943256454643,1.982726525964722,3.056600000000003,0.0,-0.04094449151782351,final_approach,2.3102330107308653,0.494196497667831,-8.173609669943605,
62.308,63.9585088,-22.60590092,426.215,333.52,0.0575,-4.0136,3.075,-0.0103,-0.0615,-0.0208,69.486,73.6,-7.9486,124.1478,4.3361,0.0,0.0,0.0,-0.03,1463.1,0.0,3.7,150.0,0,62.308,0.0337591437699844,0.10437052983468287,-0.03,-0.05006147761933183,0.5282896185131744,1.0,0.0,-666.0133002885743,-22.079264138567464,279.715,330.02,4.79954630316617,0.04141798014693773,-0.3400616323957495,-16.552324862267298,1.9803518403752207,3.055000000000007,0.0,-0.040508135771953654,final_approach,2.306640588577295,0.49236012597628864,-8.18519559609852,
62.408,63.95854558,-22.605898,425.353,332.54,0.0564,-4.0203,3.0728,-0.0104,-0.0618,-0.0209,69.481,73.594,-7.9631,124.1374,4.3282,0.0,0.0,0.0,-0.03,1461.9,0.0,3.7,150.0,0,62.408,0.033717835934362284,0.10440267531243456,-0.03,-0.05002869487246436,0.5276414475559719,1.0,0.0,-661.9131359065602,-21.937633661535205,278.853,329.04,4.804133088344539,0.042159625419729986,-0.33825312183784917,-16.530975758243525,1.9768774698883362,3.0527999999999906,0.0,-0.041371032519966586,final_approach,2.3019156111317933,0.49047417165576235,-8.202022317480825,
62.525,63.95858517,-22.60589487,424.423,331.555,0.0552,-4.0275,3.0703,-0.0102,-0.0619,-0.021,69.476,73.587,-7.9788,124.1262,4.3198,0.0,0.0,0.0,-0.03,1460.7,0.0,3.7,150.0,0,62.525,0.03365700518495901,0.10443661052556885,-0.03,-0.04999143360440245,0.526942466162996,1.0,0.0,-657.4997182980159,-21.78582384630571,277.923,328.055,4.809075072077757,0.04217288405094051,-0.3363118735715747,-16.50585344199425,1.973184822472689,3.050299999999993,0.0,-0.04149503344860643,final_approach,2.2965978355140066,0.48802340740963857,-8.22016530330138,
62.6,63.9586078,-22.60589308,423.891,330.935,0.0545,-4.0316,3.0689,-0.01,-0.062,-0.0211,69.473,73.583,-7.9878,124.1197,4.3149,0.0,0.0,0.0,-0.03,1460.0,0.0,3.7,150.0,0,62.6,0.03361378136736759,0.10445629386245238,-0.03,-0.04997056351060253,0.5265408735624214,1.0,0.0,-654.9769690915928,-21.69900566741178,277.391,327.435,4.811912461735132,0.04144938039217293,-0.3351995093449058,-16.489728771590134,1.9710299284625137,3.0489000000000033,0.0,-0.04135912131691494,final_approach,2.293357938144876,0.4863871623369427,-8.230587920295477,
62.717,63.95864739,-22.60588995,422.958,329.92,0.0534,-4.0388,3.0665,-0.0104,-0.0624,-0.0211,69.467,73.576,-8.0037,124.1083,4.3063,0.0,0.0,0.0,-0.03,1458.7,0.0,3.7,150.0,0,62.717,0.03355295190662044,0.10448755537173358,-0.03,-0.04993477989021228,0.5258386006408998,1.0,0.0,-650.5635514830485,-21.547195852182288,276.458,326.42,4.816870921696589,0.04160448360523931,-0.33325098729286284,-16.4644091948942,1.967247179626213,3.046500000000009,0.0,-0.042261205859200346,final_approach,2.288008176804084,0.48402400300117954,-8.248812073306153,
62.825,63.95868415,-22.60588705,422.09,328.976,0.0522,-4.0455,3.0642,-0.0106,-0.0625,-0.0213,69.462,73.57,-8.0184,124.0977,4.2984,0.0,0.0,0.0,-0.03,1457.6,0.0,3.7,150.0,0,62.825,0.03350101641026676,0.10451874283899211,-0.03,-0.04990047977049067,0.525184619223861,1.0,0.0,-646.4656169780307,-21.40654447137116,275.59,325.476,4.821484735377101,0.04179048584466255,-0.3314423367388304,-16.44093309416037,1.9637737442668595,3.0441999999999894,0.0,-0.04262803226256872,final_approach,2.2830450089913192,0.48177736769896207,-8.265780787169586,
62.933,63.9587209,-22.60588416,421.221,328.031,0.0511,-4.0523,3.0619,-0.0106,-0.0626,-0.0214,69.457,73.563,-8.0332,124.087,4.2904,0.0,0.0,0.0,-0.03,1456.4,0.0,3.7,150.0,0,62.933,0.03344736190011344,0.10454939259362796,-0.03,-0.049866172330698066,0.5245280019831104,1.0,0.0,-642.3687974115107,-21.266382638757626,274.721,324.531,4.826113730021801,0.04196891512471798,-0.32963716383866354,-16.41734654871597,1.9602551767713692,3.0418999999999983,0.0,-0.04296151081109766,final_approach,2.2780737474348385,0.47958657108650193,-8.282815830826934,
63.008,63.95874635,-22.60588216,420.618,327.378,0.0503,-4.0569,3.0603,-0.0105,-0.0627,-0.0214,69.454,73.559,-8.0434,124.0795,4.2848,0.0,0.0,0.0,-0.03,1455.6,0.0,3.7,150.0,0,63.008,0.0334125719707824,0.10457191799112649,-0.03,-0.04984230197051015,0.5240728182741996,1.0,0.0,-639.5316802118718,-21.169385510793457,274.118,323.878,4.829320738106539,0.04210078057001571,-0.32838574799723025,-16.40093211344397,1.9577919688268253,3.040300000000002,0.0,-0.04269228255554333,final_approach,2.274620241179484,0.47809309967221303,-8.294623811637532,
63.117,63.9587831,-22.60587927,419.745,326.393,0.0492,-4.0637,3.0579,-0.0107,-0.0629,-0.0215,69.448,73.552,-8.0583,124.0687,4.2767,0.0,0.0,0.0,-0.03,1454.4,0.0,3.7,150.0,0,63.117,0.03335788594665989,0.1046001346561911,-0.03,-0.049806489795039655,0.5234161866420218,1.0,0.0,-635.4348606453519,-21.029223678179925,273.245,322.893,4.833944385367612,0.042153780843627614,-0.3265737872428071,-16.376938602907927,1.9542278080386382,3.0379000000000076,0.0,-0.0438153361013701,final_approach,2.269594307142377,0.4758885805955355,-8.311656030447356,
63.208,63.95881419,-22.60587684,419.006,325.599,0.0482,-4.0694,3.056,-0.0105,-0.063,-0.0216,69.444,73.547,-8.0709,124.0595,4.2699,0.0,0.0,0.0,-0.03,1453.5,0.0,3.7,150.0,0,63.208,0.033315427473256,0.10462632472956025,-0.03,-0.04977813284538768,0.5228572121531072,1.0,0.0,-631.9690072858849,-20.91137871475124,272.506,322.099,4.837878001223936,0.04233257534830521,-0.32504909504291585,-16.35684135679468,1.951237299014906,3.0360000000000014,0.0,-0.04382812772451291,final_approach,2.265375228171024,0.47403574455011643,-8.326153788513357,
63.325,63.95885376,-22.60587374,418.064,324.563,0.047,-4.0767,3.0534,-0.0103,-0.0632,-0.0217,69.439,73.54,-8.087,124.0478,4.2611,0.0,0.0,0.0,-0.03,1452.2,0.0,3.7,150.0,0,63.325,0.033258207030409936,0.104659734351225,-0.03,-0.049739320520408914,0.5221432299399642,1.0,0.0,-627.5578197253573,-20.761037933067747,271.564,321.063,4.842899405051551,0.042430143029020706,-0.3230988894450084,-16.330852245568245,1.9473632914193502,3.0334000000000003,0.0,-0.04372875636184116,final_approach,2.2599468207227957,0.4716914984707401,-8.344670205028056,
63.408,63.95888203,-22.60587153,417.389,323.837,0.0461,-4.082,3.0516,-0.0102,-0.0633,-0.0218,69.435,73.535,-8.0985,124.0393,4.2549,0.0,0.0,0.0,-0.03,1451.3,0.0,3.7,150.0,0,63.408,0.033217420894882665,0.10468292300750746,-0.03,-0.04971244498387756,0.5216339837309383,1.0,0.0,-624.4063345309183,-20.653861856033892,270.889,320.337,4.846478928454505,0.042546250522083835,-0.32170635092115396,-16.31237184814863,1.9446374918330207,3.0315999999999974,0.0,-0.044134575882057964,final_approach,2.256079044054893,0.4699692291280524,-8.357875934237185,
63.525,63.95892159,-22.60586845,416.443,322.771,0.045,-4.0893,3.0491,-0.0102,-0.0634,-0.0219,69.429,73.527,-8.1147,124.0275,4.2461,0.0,0.0,0.0,-0.03,1450.0,0.0,3.7,150.0,0,63.525,0.033155873409098036,0.1047142591965076,-0.03,-0.04967511043574341,0.5209190770546533,1.0,0.0,-619.9962620791171,-20.50450055969908,269.943,319.271,4.851501415333859,0.042609748482582886,-0.3197632936995371,-16.286165903303697,1.9407637797317818,3.0290999999999997,0.0,-0.04478434637296673,final_approach,2.250635138641183,0.4676011291087985,-8.376413469931538,
63.608,63.95894985,-22.60586625,415.767,322.06,0.0441,-4.0946,3.0472,-0.0101,-0.0634,-0.022,69.425,73.522,-8.1263,124.0189,4.2398,0.0,0.0,0.0,-0.03,1449.1,0.0,3.7,150.0,0,63.608,0.03311636517641631,0.10473791352406989,-0.03,-0.04964673041639983,0.5204046859136532,1.0,0.0,-616.8458918231763,-20.39781403068876,269.267,318.56,4.855113395238354,0.04276109543126013,-0.3183725662094224,-16.267532433966608,1.937992492424371,3.0271999999999935,0.0,-0.04509420316491495,final_approach,2.2467522139046245,0.46592459163572997,-8.389750735833687,
63.725,63.95898941,-22.60586318,414.817,321.016,0.0429,-4.102,3.0447,-0.0102,-0.0637,-0.0221,69.419,73.515,-8.1425,124.007,4.2309,0.0,0.0,0.0,-0.03,1447.9,0.0,3.7,150.0,0,63.725,0.0330599096771651,0.10476984957710342,-0.03,-0.04960938070744869,0.5196881094158176,1.0,0.0,-612.4358195431874,-20.248942671852596,268.317,317.516,4.860142713443133,0.04279851713969439,-0.3164291471094049,-16.241111267685937,1.934072904656773,3.0246999999999957,0.0,-0.04565673481192734,final_approach,2.2412832299840204,0.4635878229514372,-8.408329191628475,
63.8,63.95901766,-22.60586099,414.138,320.257,0.0421,-4.1072,3.0428,-0.0101,-0.0638,-0.0222,69.415,73.51,-8.1542,123.9984,4.2246,0.0,0.0,0.0,-0.03,1447.0,0.0,3.7,150.0,0,63.8,0.03302750639965263,0.10479191834733635,-0.03,-0.04958098917220333,0.5191736867269054,1.0,0.0,-609.2865642257448,-20.142745691039874,267.638,316.757,4.863751595096037,0.04368516795619977,-0.31504024184790785,-16.224136507655317,1.9313006730234292,3.0227999999999895,0.0,-0.04635460740477141,final_approach,2.2375870762946093,0.46219437260191043,-8.421665746449612,
63.925,63.95905722,-22.60585792,413.186,319.227,0.0409,-4.1147,3.0402,-0.0101,-0.064,-0.0223,69.409,73.502,-8.1705,123.9863,4.2157,0.0,0.0,0.0,-0.03,1445.7,0.0,3.7,150.0,0,63.925,0.03295645458590157,0.10482497128241106,-0.03,-0.04954212954608661,0.5184503151590337,1.0,0.0,-604.8764919457559,-19.993874332029655,266.686,315.727,4.868824205536856,0.0431677872179251,-0.31308878986585564,-16.195672037606652,1.9273829025557916,3.0201999999999884,0.0,-0.04650418854979236,final_approach,2.231879316093192,0.4594947075387541,-8.44041847379456,
64.0,63.95908264,-22.60585596,412.573,318.534,0.0402,-4.1194,3.0385,-0.0098,-0.064,-0.0224,69.406,73.498,-8.181,123.9785,4.2099,0.0,0.0,0.0,-0.03,1444.9,0.0,3.7,150.0,0,64.0,0.032918390935840036,0.10484665853568381,-0.03,-0.04951671630109855,0.5179851035863337,1.0,0.0,-602.0427197318396,-19.898835785809354,266.073,315.034,4.872085244088593,0.043219908352130854,-0.3118421028785366,-16.178571015228524,1.9248279888685715,3.018499999999989,0.0,-0.04591289868162942,final_approach,2.228353463862618,0.458030325774633,-8.452478170768625,
64.117,63.95912501,-22.60585269,411.549,317.444,0.0389,-4.1274,3.0358,-0.0102,-0.0643,-0.0224,69.4,73.49,-8.1986,123.9654,4.2003,0.0,0.0,0.0,-0.03,1443.5,0.0,3.7,150.0,0,64.117,0.03286914488120812,0.1048806507399215,-0.03,-0.04947634592202721,0.5172091117559108,1.0,0.0,-597.319394395549,-19.740275025927044,265.049,313.944,4.877522794498765,0.04376238859853075,-0.30975746133210214,-16.151716211244988,1.9206014093824137,3.015800000000013,0.0,-0.046401003463485954,final_approach,2.2226513981712728,0.4558049642881823,-8.472593552927071,
64.2,63.95915043,-22.60585073,410.934,316.759,0.0382,-4.1322,3.0341,-0.0101,-0.0644,-0.0225,69.396,73.485,-8.2092,123.9575,4.1945,0.0,0.0,0.0,-0.03,1442.7,0.0,3.7,150.0,0,64.2,0.03281769128524725,0.10490093736196407,-0.03,-0.049450922395989694,0.5167413714010638,1.0,0.0,-594.4856221816326,-19.645236479706746,264.434,313.259,4.88079923573992,0.0430478564448688,-0.3085056038590543,-16.13263576151418,1.9180471799594159,3.0141000000000133,0.0,-0.04656389142902334,final_approach,2.218897789992738,0.45399602136949113,-8.484718055482718,
64.317,63.95918997,-22.60584769,409.975,315.685,0.037,-4.1397,3.0314,-0.0102,-0.0646,-0.0226,69.39,73.477,-8.2257,123.9453,4.1855,0.0,0.0,0.0,-0.03,1441.4,0.0,3.7,150.0,0,64.317,0.03275859645971241,0.10493227915988643,-0.03,-0.04941053569720094,0.5160142874943585,1.0,0.0,-590.0777799496605,-19.49783415441658,263.475,312.185,4.88589080279447,0.04312615822620917,-0.3065612244437413,-16.105586145304194,1.9140821465890667,3.011400000000009,0.0,-0.046992815052026446,final_approach,2.213355642950571,0.4516173485668862,-8.503564744461093,
64.4,63.95921821,-22.60584552,409.289,314.964,0.0362,-4.145,3.0296,-0.0101,-0.0646,-0.0226,69.386,73.472,-8.2375,123.9364,4.1791,0.0,0.0,0.0,-0.03,1440.5,0.0,3.7,150.0,0,64.4,0.032714329013691534,0.10495525421364683,-0.03,-0.049383605672341735,0.5154934875848027,1.0,0.0,-586.9296397409443,-19.39261665895254,262.789,311.464,4.889536767307379,0.043259679069850336,-0.30517057213830157,-16.08635651445633,1.9112655759003303,3.009600000000006,0.0,-0.047101901964059396,final_approach,2.209404589494973,0.44990625907336756,-8.517064168455668,
64.525,63.95925774,-22.60584249,408.327,313.913,0.035,-4.1526,3.0269,-0.0105,-0.0649,-0.0227,69.38,73.465,-8.254,123.9241,4.17,0.0,0.0,0.0,-0.03,1439.2,0.0,3.7,150.0,0,64.525,0.032644300262757,0.10498791139889622,-0.03,-0.049343202301586286,0.5147630270878757,1.0,0.0,-582.5229124474702,-19.24570388185997,261.827,310.413,4.894649172054555,0.042866272221109655,-0.3032257290331947,-16.057233245108577,1.9072545398779255,3.0069000000000017,0.0,-0.04718354724005416,final_approach,2.203630017078588,0.4472463759345082,-8.535997979229569,
64.6,63.9592888,-22.60584012,407.57,313.059,0.034,-4.1585,3.0248,-0.0105,-0.065,-0.0228,69.375,73.459,-8.2671,123.9143,4.1628,0.0,0.0,0.0,-0.03,1438.2,0.0,3.7,150.0,0,64.6,0.03262828781704241,0.10501201630464228,-0.03,-0.04931177054780461,0.5141870864639796,1.0,0.0,-579.0604044157664,-19.130797374650832,261.07,309.559,4.8986791288133125,0.044677352981498546,-0.3017026130511937,-16.039717857974647,1.9040814523843892,3.004799999999989,0.0,-0.04895473991519616,final_approach,2.199697442386075,0.44610085915079445,-8.550926572727132,
64.725,63.95932832,-22.6058371,406.604,312.007,0.0328,-4.166,3.0222,-0.0103,-0.0652,-0.0228,69.369,73.451,-8.2837,123.9018,4.1537,0.0,0.0,0.0,-0.03,1436.9,0.0,3.7,150.0,0,64.725,0.03255698247637184,0.1050435693908653,-0.03,-0.04927284667149745,0.5134554260653311,1.0,0.0,-574.6547920607903,-18.9843741455818,260.104,308.507,4.90379759560196,0.04405574986944512,-0.29975697702186976,-16.01035532236082,1.9000720509308167,3.0021999999999878,0.0,-0.04886794537745122,final_approach,2.1938944858340044,0.4433956639401373,-8.56989162398464,
64.808,63.95935655,-22.60583495,405.913,311.251,0.032,-4.1714,3.0203,-0.0099,-0.0652,-0.0229,69.365,73.446,-8.2957,123.8929,4.1471,0.0,0.0,0.0,-0.03,1436.0,0.0,3.7,150.0,0,64.808,0.032515990377409376,0.10506485127489987,-0.03,-0.049244396446205874,0.5129310097097235,1.0,0.0,-571.5077669615927,-18.88013613564022,259.413,307.751,4.907465597644633,0.044078590840345565,-0.29836988588682245,-15.990824706497557,1.8971610496312792,3.00030000000001,0.0,-0.04880656589626374,final_approach,2.189913574286475,0.4417819206074167,-8.58348498353094,
64.933,63.95939889,-22.60583173,404.875,310.106,0.0307,-4.1795,3.0174,-0.01,-0.0653,-0.023,69.359,73.437,-8.3136,123.8794,4.1373,0.0,0.0,0.0,-0.03,1434.6,0.0,3.7,150.0,0,64.933,0.03245332796204331,0.10509927012923849,-0.03,-0.04920096289311343,0.5121420027267979,1.0,0.0,-566.7877867828371,-18.724023894826374,258.375,306.606,4.912983414572583,0.0440892482708885,-0.296288555152325,-15.961232339614524,1.8928422589710294,2.997399999999999,0.0,-0.048733241723876296,final_approach,2.18390789135643,0.43923756650901247,-8.603937240448502,
65.017,63.95942712,-22.60582959,404.182,309.376,0.0299,-4.1849,3.0155,-0.0099,-0.0653,-0.0231,69.355,73.432,-8.3256,123.8704,4.1307,0.0,0.0,0.0,-0.03,1433.7,0.0,3.7,150.0,0,65.017,0.03240986210057317,0.1051220453775766,-0.03,-0.049172500190294066,0.5116138370118035,1.0,0.0,-563.6407618554518,-18.620275822209386,257.682,305.876,4.916676605974788,0.04406880094440281,-0.2949031888749795,-15.941312756929104,1.8899317279717138,2.9954999999999927,0.0,-0.04863195135070053,final_approach,2.1798853696256444,0.4375603292746497,-8.617628504385598,
65.133,63.95946663,-22.60582659,403.209,308.302,0.0287,-4.1925,3.0128,-0.0101,-0.0656,-0.0231,69.349,73.424,-8.3423,123.8578,4.1215,0.0,0.0,0.0,-0.03,1432.4,0.0,3.7,150.0,0,65.133,0.03235180842919211,0.10515413929510897,-0.03,-0.049132044703122324,0.5108768721436235,1.0,0.0,-559.2362646092022,-18.474832078663095,256.709,304.802,4.921829353131801,0.04412737313903186,-0.29295639789112715,-15.91365595642435,1.885874740659375,2.9927999999999884,0.0,-0.04891305922164017,final_approach,2.174269771552339,0.4352094303149485,-8.636733013039512,
65.217,63.95949485,-22.60582446,402.514,307.555,0.0279,-4.198,3.0109,-0.01,-0.0656,-0.0232,69.344,73.419,-8.3544,123.8488,4.1149,0.0,0.0,0.0,-0.03,1431.5,0.0,3.7,150.0,0,65.217,0.03230755389113682,0.10517551123421622,-0.03,-0.04910357005691007,0.5103461751712154,1.0,0.0,-556.090354620315,-18.3715735542437,256.014,304.055,4.92553966541161,0.04413454166309969,-0.29157290753286935,-15.893589843979122,1.8829631721316957,2.9909000000000106,0.0,-0.049877672885484,final_approach,2.1702328847770502,0.4335120677401978,-8.650490983917935,
65.3,63.95952307,-22.60582233,401.817,306.796,0.0271,-4.2034,3.0089,-0.0102,-0.0659,-0.0233,69.34,73.413,-8.3664,123.8397,4.1082,0.0,0.0,0.0,-0.03,1430.5,0.0,3.7,150.0,0,65.3,0.032266423304083525,0.10519857688524983,-0.03,-0.04907359142011791,0.5098172623070878,1.0,0.0,-552.9444446306358,-18.268315029650523,255.317,303.296,4.929237384963201,0.04420392438108017,-0.2901870035218011,-15.873703100036423,1.8800064885109293,2.988900000000001,0.0,-0.04972449999446055,final_approach,2.166212672274945,0.43190789564029153,-8.664203272859355,
65.425,63.95956539,-22.60581914,400.77,305.636,0.0258,-4.2116,3.006,-0.01,-0.0662,-0.0234,69.333,73.405,-8.3845,123.826,4.0983,0.0,0.0,0.0,-0.03,1429.1,0.0,3.7,150.0,0,65.425,0.032203023698502586,0.10523153455863109,-0.03,-0.0490301127013239,0.5090219590744604,1.0,0.0,-548.2266944998968,-18.113671822556732,254.26999999999998,302.136,4.93479741797131,0.044249980995044486,-0.28810740901980925,-15.843576096580414,1.875640724989836,2.98599999999999,0.0,-0.050294999994967775,final_approach,2.1601479178995717,0.4293452076177804,-8.684823064114155,
65.5,63.9595936,-22.60581702,400.071,304.858,0.025,-4.2171,3.0041,-0.0099,-0.0662,-0.0235,69.329,73.4,-8.3966,123.8169,4.0916,0.0,0.0,0.0,-0.03,1428.2,0.0,3.7,150.0,0,65.5,0.0321741933850222,0.10525420455848011,-0.03,-0.04900162042522299,0.5084901764001366,1.0,0.0,-545.0818994495077,-18.010902846160874,253.57100000000003,301.358,4.938515216758278,0.04513675924468808,-0.28672315131412596,-15.825471392687522,1.8726829336976891,2.984100000000012,0.0,-0.050571212116643116,final_approach,2.156328154535281,0.4280450359809276,-8.698611486758622,
65.617,63.9596331,-22.60581405,399.09,303.788,0.0238,-4.2248,3.0013,-0.0099,-0.0664,-0.0236,69.323,73.392,-8.4135,123.8041,4.0822,0.0,0.0,0.0,-0.03,1426.9,0.0,3.7,150.0,0,65.617,0.03211636652837052,0.1052862625320659,-0.03,-0.04895962283975547,0.5077455687328238,1.0,0.0,-540.6785174837969,-17.86692852528786,252.58999999999997,300.288,4.94372115710538,0.04502983547755678,-0.2847796158796963,-15.797071269313964,1.8685329472141916,2.9813000000000045,0.0,-0.05063583385895295,final_approach,2.150632300826228,0.42571328430576116,-8.717919565464495,
65.7,63.95965848,-22.60581215,398.459,303.131,0.0231,-4.2298,2.9996,-0.0097,-0.0665,-0.0237,69.319,73.387,-8.4245,123.7958,4.0762,0.0,0.0,0.0,-0.03,1426.1,0.0,3.7,150.0,0,65.7,0.03206352971076942,0.10530534150567634,-0.03,-0.04893411909536771,0.5072651642609312,1.0,0.0,-537.8492053651217,-17.774828046159833,251.959,299.631,4.947080146334925,0.044269821190222984,-0.283534819269237,-15.776899428801542,1.8658855363193254,2.979600000000005,0.0,-0.050413737243068676,final_approach,2.1467628866309987,0.42387002905460847,-8.730377649011979,
65.808,63.95969797,-22.60580919,397.475,302.019,0.022,-4.2375,2.9968,-0.0099,-0.0667,-0.0238,69.313,73.379,-8.4415,123.7829,4.0668,0.0,0.0,0.0,-0.03,1424.8,0.0,3.7,150.0,0,65.808,0.03201493524808646,0.10533696818574508,-0.03,-0.048892104351718424,0.5065178042834438,1.0,0.0,-533.4469383379092,-17.631343273484408,250.97500000000002,298.519,4.952306194197194,0.04495640633486023,-0.28159118184248594,-15.750514438496843,1.8617356261712814,2.9767999999999972,0.0,-0.05088117527147657,final_approach,2.1412910892738886,0.4218760975337279,-8.749760150824168,
65.925,63.95973745,-22.60580625,396.489,300.973,0.0208,-4.2452,2.994,-0.0099,-0.0669,-0.0239,69.307,73.371,-8.4586,123.77,4.0574,0.0,0.0,0.0,-0.03,1423.5,0.0,3.7,150.0,0,65.925,0.031955888660860465,0.10536738985705528,-0.03,-0.04885007894183463,0.5057696179617369,1.0,0.0,-529.0457864202151,-17.488837986331443,249.98899999999998,297.473,4.957538812825102,0.04491754463504436,-0.2796583430676702,-15.721807458325625,1.8575848312129324,2.9739999999999895,0.0,-0.05091761854516575,final_approach,2.135573907080449,0.41951334592727285,-8.769166200084962,
66.0,63.95976283,-22.60580435,395.854,300.279,0.0201,-4.2502,2.9922,-0.0097,-0.067,-0.0239,69.303,73.366,-8.4696,123.7616,4.0513,0.0,0.0,0.0,-0.03,1422.7,0.0,3.7,150.0,0,66.0,0.03191602984109265,0.10538698130370044,-0.03,-0.048823056978044455,0.5052879836355011,1.0,0.0,-526.2164743015398,-17.396737507203422,249.35399999999998,296.779,4.960907749618723,0.044917813403917525,-0.27840545364970504,-15.703383348703538,1.8548911915450788,2.9721999999999866,0.0,-0.051137228980459457,final_approach,2.1318882991828936,0.41801704335686196,-8.781659778418419,
66.117,63.95979949,-22.60580163,394.935,299.258,0.019,-4.2575,2.9896,-0.0097,-0.0671,-0.024,69.297,73.359,-8.4855,123.7496,4.0425,0.0,0.0,0.0,-0.03,1421.6,0.0,3.7,150.0,0,66.117,0.031848110606348234,0.10541505769759055,-0.03,-0.04878401748028066,0.504591952062282,1.0,0.0,-522.1296905488739,-17.26490110627123,248.435,295.758,4.96577718804799,0.04436803314894306,-0.27661141160793645,-15.674503688801721,1.851002842933724,2.969600000000014,0.0,-0.05115039464424053,final_approach,2.1263317928995953,0.4155007482247779,-8.799716608155233,
66.233,63.95983896,-22.6057987,393.944,298.165,0.0179,-4.2653,2.9868,-0.0097,-0.0672,-0.0241,69.291,73.351,-8.5027,123.7365,4.033,0.0,0.0,0.0,-0.03,1420.3,0.0,3.7,150.0,0,66.233,0.0317871736900579,0.10544553359763113,-0.03,-0.04874196467809422,0.503839881653303,1.0,0.0,-517.729653569678,-17.122885367315867,247.44400000000002,294.665,4.971039951246817,0.044534802335077436,-0.27467407785447007,-15.645757800902807,1.846806520858678,2.9668000000000063,0.0,-0.05120255312485836,final_approach,2.1206034242706195,0.4131897488948528,-8.81922977137247,
66.308,63.95986433,-22.60579682,393.306,297.488,0.0172,-4.2703,2.985,-0.0097,-0.0673,-0.0242,69.287,73.346,-8.5138,123.7281,4.0269,0.0,0.0,0.0,-0.03,1419.5,0.0,3.7,150.0,0,66.308,0.031746744071181554,0.1054647223700765,-0.03,-0.04871492511537273,0.5033554710778423,1.0,0.0,-514.9014565605212,-17.031764373536245,246.80599999999998,293.988,4.974430505444442,0.044646900162842305,-0.27342890244226525,-15.62715057408372,1.844111387006194,2.9650000000000034,0.0,-0.05139626041652642,final_approach,2.1169067758267133,0.4116790156084864,-8.831799739325755,
66.425,63.9599038,-22.6057939,392.312,296.396,0.0161,-4.2781,2.9822,-0.01,-0.0674,-0.0243,69.281,73.338,-8.5311,123.7151,4.0173,0.0,0.0,0.0,-0.03,1418.3,0.0,3.7,150.0,0,66.425,0.0316857994544566,0.1054951401096288,-0.03,-0.04867285483908951,0.5025997884831358,1.0,0.0,-510.5014197523456,-16.890238571731683,245.812,292.896,4.979721175526571,0.04474231720426226,-0.27149158560764836,-15.59796920236089,1.8398658068232692,2.9621999999999957,0.0,-0.051385877767938334,final_approach,2.111129200032355,0.4093680648850153,-8.851411412353924,
66.5,63.95992917,-22.60579203,391.672,295.714,0.0153,-4.2831,2.9804,-0.0099,-0.0673,-0.0244,69.277,73.333,-8.5422,123.7067,4.0112,0.0,0.0,0.0,-0.03,1417.5,0.0,3.7,150.0,0,66.5,0.03164871912385958,0.1055152070725073,-0.03,-0.048645804049679275,0.5021132591840134,1.0,0.0,-507.6732229142092,-16.79960751545099,245.17200000000003,292.214,4.983128434658165,0.04485695129598396,-0.2702492367302586,-15.579242972109757,1.8371697142125925,2.960399999999993,0.0,-0.051562919182979984,final_approach,2.10742254260067,0.40784366121951265,-8.864039619944108,
66.617,63.95996863,-22.60578912,390.674,294.604,0.0142,-4.2909,2.9775,-0.0101,-0.0677,-0.0245,69.271,73.325,-8.5595,123.6937,4.0016,0.0,0.0,0.0,-0.03,1416.3,0.0,3.7,150.0,0,66.617,0.03158610136406126,0.10554559207502423,-0.03,-0.04860221299047851,0.501357775937276,1.0,0.0,-503.27430104453174,-16.658571261844028,244.17399999999998,291.104,4.988420900345345,0.04491991765716489,-0.26831185007387,-15.54987641097717,1.8329226365566171,2.9575000000000102,0.0,-0.05153738573744101,final_approach,2.101623573231741,0.4055026695162329,-8.883651452882246,
66.733,63.96000808,-22.60578622,389.674,293.542,0.013,-4.2988,2.9747,-0.0101,-0.0679,-0.0246,69.264,73.317,-8.5769,123.6806,3.992,0.0,0.0,0.0,-0.03,1415.1,0.0,3.7,150.0,0,66.733,0.031528950657725874,0.10557385607817078,-0.03,-0.04856011426827345,0.5006015510702224,1.0,0.0,-498.8764941125602,-16.51802455626088,243.17399999999998,290.042,4.993720776952589,0.04504802995459794,-0.2663774763084929,-15.520650009439844,1.8286761393892448,2.9547000000000025,0.0,-0.052338062269150935,final_approach,2.0958437846498335,0.4031897190014124,-8.903286047469352,
66.808,63.96003344,-22.60578436,389.031,292.838,0.0123,-4.3039,2.9728,-0.01,-0.068,-0.0247,69.26,73.312,-8.588,123.6722,3.9858,0.0,0.0,0.0,-0.03,1414.3,0.0,3.7,150.0,0,66.808,0.031488971929511944,0.10559522016198725,-0.03,-0.04853154123764769,0.5001119257521384,1.0,0.0,-496.04941221371416,-16.427883048177502,242.531,289.338,4.997153513827545,0.045168329128733156,-0.26513480157902203,-15.50173349453467,1.825932219889438,2.9527999999999963,0.0,-0.0524285414567924,final_approach,2.0921148102998686,0.40170376751388837,-8.916000626956555,
66.925,63.96007289,-22.60578147,388.028,291.719,0.0111,-4.3118,2.9699,-0.0102,-0.0682,-0.0248,69.254,73.304,-8.6054,123.6592,3.9761,0.0,0.0,0.0,-0.03,1413.1,0.0,3.7,150.0,0,66.925,0.031431316529684006,0.10562588616492939,-0.03,-0.04848792036007055,0.49935211941722196,1.0,0.0,-491.6516054527629,-16.287826279919223,241.52800000000002,288.219,5.002482616801424,0.0452315890515502,-0.2632004615103916,-15.472071187902705,1.821636436371449,2.9499000000000137,0.0,-0.05232431507727105,final_approach,2.0862857718978702,0.3993908446934551,-8.935734465538054,
67.0,63.96009825,-22.60577962,387.382,291.04,0.0103,-4.3169,2.9681,-0.0101,-0.0684,-0.0249,69.25,73.299,-8.6167,123.6508,3.9699,0.0,0.0,0.0,-0.03,1412.3,0.0,3.7,150.0,0,67.0,0.03139520208769453,0.1056438631270549,-0.03,-0.04846083961699982,0.49886332437821007,1.0,0.0,-488.8245237241451,-16.198174708986937,240.882,287.54,5.00591237113525,0.04531466717368309,-0.2619606400329772,-15.453038057935421,1.8188915420435592,2.948100000000011,0.0,-0.052416044009646084,final_approach,2.08254708503911,0.39789169473427144,-8.948431686742351,
67.117,63.96013769,-22.60577674,386.375,289.933,0.0091,-4.3248,2.9651,-0.0101,-0.0686,-0.0251,69.244,73.291,-8.6342,123.6378,3.9602,0.0,0.0,0.0,-0.03,1411.1,0.0,3.7,150.0,0,67.117,0.03133589911532242,0.10567292184409117,-0.03,-0.04841569532300949,0.4981038414001598,1.0,0.0,-484.4278319016921,-16.058607488926246,239.875,286.433,5.011243896378498,0.04535698794850768,-0.2600262491862877,-15.423194280664267,1.8145942407510915,2.9450999999999965,0.0,-0.05231295376168292,final_approach,2.076697083654526,0.39554941102044694,-8.968163924536716,
67.225,63.96017713,-22.60577387,385.367,288.834,0.008,-4.3328,2.9622,-0.0098,-0.0686,-0.0252,69.238,73.283,-8.6517,123.6248,3.9505,0.0,0.0,0.0,-0.03,1409.9,0.0,3.7,150.0,0,67.225,0.031287839543277074,0.10570388244878527,-0.03,-0.04837204429466618,0.49733974551291665,1.0,0.0,-480.03114025105157,-15.919530206190151,238.86700000000002,285.334,5.016610962073931,0.04607999874633861,-0.2580949875659707,-15.395545039911003,1.8102960150229421,2.942200000000014,0.0,-0.052607735742944736,final_approach,2.0710958106714443,0.3935837213529165,-8.988020451907023,
67.308,63.96020248,-22.60577203,384.718,288.11,0.0073,-4.3379,2.9603,-0.0097,-0.0687,-0.0253,69.234,73.278,-8.663,123.6165,3.9442,0.0,0.0,0.0,-0.03,1409.1,0.0,3.7,150.0,0,67.308,0.031235478806753203,0.1057231635004047,-0.03,-0.048343439195948246,0.49684790388392036,1.0,0.0,-477.20517346093186,-15.830368183455457,238.21800000000002,284.61,5.020067468512286,0.045340774935913965,-0.2568548595787219,-15.374269651978945,1.8075017715346746,2.9403000000000077,0.0,-0.05220637531943966,final_approach,2.067105698283953,0.3917797033866819,-9.00080437089167,
67.417,63.96024191,-22.60576917,383.706,287.009,0.0061,-4.3459,2.9574,-0.0098,-0.0689,-0.0254,69.228,73.27,-8.6805,123.6035,3.9344,0.0,0.0,0.0,-0.03,1407.9,0.0,3.7,150.0,0,67.417,0.031191286830130283,0.10575406149390443,-0.03,-0.048299769402914194,0.49608417398753896,1.0,0.0,-472.80959674799726,-15.691780448743174,237.20600000000002,283.509,5.02543762812001,0.045995232336082326,-0.2549235606413451,-15.346196473686664,1.8031557175940804,2.9373999999999967,0.0,-0.05246451134127586,final_approach,2.0614564273707856,0.38981373513476036,-9.020659147328217,
67.5,63.96026725,-22.60576734,383.054,286.3,0.0054,-4.351,2.9555,-0.0097,-0.0691,-0.0254,69.224,73.265,-8.6919,123.5952,3.9281,0.0,0.0,0.0,-0.03,1407.2,0.0,3.7,150.0,0,67.5,0.031138335470030254,0.10577109314968257,-0.03,-0.048271152017794916,0.4955942193188713,1.0,0.0,-469.9847448963756,-15.603107974206075,236.55399999999997,282.8,5.028884688534679,0.045251168341651785,-0.2536862265091797,-15.32479462024306,1.800360490847254,2.9354999999999905,0.0,-0.052076171317907684,final_approach,2.0574553955718358,0.38799470725349394,-9.033399171160381,
67.608,63.96030667,-22.60576449,382.039,285.22,0.0043,-4.3591,2.9525,-0.0098,-0.0693,-0.0255,69.218,73.257,-8.7095,123.5823,3.9183,0.0,0.0,0.0,-0.03,1406.0,0.0,3.7,150.0,0,67.608,0.031090498225502194,0.10580157220009025,-0.03,-0.048225956780626245,0.49482791732471404,1.0,0.0,-465.59028312193925,-15.465009787691386,235.539,281.72,5.034279190929012,0.046034156325347075,-0.25175489679753377,-15.296814888464317,1.7960114336637787,2.9325000000000045,0.0,-0.05239247897587567,final_approach,2.051815907877323,0.38604800586472265,-9.053329149683133,
67.725,63.96034328,-22.60576185,381.095,284.177,0.0032,-4.3665,2.9497,-0.0097,-0.0695,-0.0256,69.212,73.25,-8.7259,123.5703,3.9092,0.0,0.0,0.0,-0.03,1404.9,0.0,3.7,150.0,0,67.725,0.03102010641478309,0.10582981583730093,-0.03,-0.048183763638044774,0.494113444676825,1.0,0.0,-461.50907457482504,-15.337090939547718,234.59500000000003,280.677,5.039312525954086,0.045531789851001245,-0.24996237732606316,-15.266402908546457,1.7919725056212314,2.929699999999997,0.0,-0.05229153100371038,final_approach,2.046085156665363,0.3834957594293762,-9.071915976701654,
67.8,63.96037143,-22.60575983,380.367,283.373,0.0024,-4.3723,2.9476,-0.0096,-0.0697,-0.0257,69.208,73.244,-8.7386,123.5611,3.9022,0.0,0.0,0.0,-0.03,1404.0,0.0,3.7,150.0,0,67.8,0.030990273089069043,0.10584995498033979,-0.03,-0.04815211186597734,0.4935660594528607,1.0,0.0,-458.37096983792196,-15.239219001289337,233.86700000000002,279.873,5.043171282623869,0.046518173030907314,-0.2485891896293475,-15.246881090497292,1.7888646416531344,2.9276000000000124,0.0,-0.05238624030640912,final_approach,2.042116516839247,0.3821972048623916,-9.086159324168408,
67.917,63.96040803,-22.6057572,379.419,282.338,0.0014,-4.3798,2.9448,-0.0098,-0.0699,-0.0258,69.202,73.237,-8.755,123.5492,3.893,0.0,0.0,0.0,-0.03,1402.9,0.0,3.7,150.0,0,67.917,0.030917722722969054,0.10587774289363296,-0.03,-0.048109900289263374,0.49285296342955415,1.0,0.0,-454.2908762285138,-15.111789701169478,232.91899999999998,278.838,5.0482016327673245,0.04593088513751538,-0.2467972144818804,-15.216293528338731,1.7847765058359926,2.9248000000000047,0.0,-0.052285859486012956,final_approach,2.0363662408037406,0.37968970897101784,-9.104718958459758,
68.033,63.96044744,-22.60575438,378.397,281.229,0.0003,-4.388,2.9418,-0.0097,-0.0701,-0.0259,69.196,73.229,-8.7728,123.5363,3.8831,0.0,0.0,0.0,-0.03,1401.7,0.0,3.7,150.0,0,68.033,0.03085714198477163,0.10590749102858353,-0.03,-0.048064661922685326,0.4920813751523461,1.0,0.0,-449.8975297346163,-14.975160937502123,231.897,277.729,5.0536491545094995,0.04610263666944531,-0.24487254204921508,-15.185862408240197,1.7803777931503078,2.9217999999999904,0.0,-0.05223479389010601,final_approach,2.0304602488073797,0.3774158194186068,-9.124806716258895,
68.108,63.96047277,-22.60575257,377.738,280.522,-0.0005,-4.3932,2.9398,-0.0097,-0.0702,-0.026,69.193,73.224,-8.7843,123.5281,3.8767,0.0,0.0,0.0,-0.03,1400.9,0.0,3.7,150.0,0,68.108,0.030821646110735568,0.10592555480535906,-0.03,-0.0480344963051732,0.49158789345005866,1.0,0.0,-447.07379299251306,-14.887467948313427,231.238,277.022,5.057135785430948,0.04616693260553516,-0.24363495041857336,-15.16617037350099,1.7775316535976344,2.9198000000000093,0.0,-0.051122539900096374,final_approach,2.0266485112323416,0.37595910517224773,-9.137657396172813,
68.225,63.96051217,-22.60574976,376.712,279.406,-0.0016,-4.4014,2.9368,-0.01,-0.0705,-0.026,69.187,73.217,-8.8021,123.5153,3.8668,0.0,0.0,0.0,-0.03,1399.7,0.0,3.7,150.0,0,68.225,0.03075832915843424,0.10595521353789163,-0.03,-0.0479892378262925,0.4908168407421178,1.0,0.0,-442.6815614371136,-14.751328732669608,230.212,275.906,5.062587748987693,0.04623877369085899,-0.24171027581870366,-15.135302411315127,1.7731299470731585,2.916799999999995,0.0,-0.05113704093482011,final_approach,2.0206930753106818,0.3736151150025364,-9.15774145807918,
68.3,63.9605375,-22.60574796,376.052,278.671,-0.0023,-4.4066,2.9349,-0.0098,-0.0706,-0.026,69.183,73.212,-8.8136,123.5071,3.8604,0.0,0.0,0.0,-0.03,1398.9,0.0,3.7,150.0,0,68.3,0.03071896813387437,0.10597448752712677,-0.03,-0.04796056788747227,0.49031822369571315,1.0,0.0,-439.85782486603085,-14.66412568080578,229.55200000000002,275.171,5.066116184304118,0.046373278778881935,-0.24047560615749006,-15.11549982574865,1.7702828198051463,2.9148999999999887,0.0,-0.05133670388012801,final_approach,2.0168723808998337,0.3721463621906871,-9.170732689948426,
68.417,63.96057971,-22.60574496,374.949,277.495,-0.0036,-4.4154,2.9316,-0.01,-0.0707,-0.0261,69.177,73.203,-8.8328,123.4935,3.8497,0.0,0.0,0.0,-0.03,1397.6,0.0,3.7,150.0,0,68.417,0.030671300530682066,0.10600567929373345,-0.03,-0.04791076124568788,0.4894899860022738,1.0,0.0,-435.1523404261421,-14.518787001614461,228.449,273.995,5.071982228424363,0.04700058718787905,-0.2384133269343384,-15.084443735679546,1.765520334289647,2.911599999999993,0.0,-0.05133173546212103,final_approach,2.010716027836029,0.37004352065994084,-9.19231821809458,
68.533,63.96061629,-22.60574237,373.991,276.464,-0.0047,-4.423,2.9288,-0.0097,-0.0709,-0.0262,69.171,73.196,-8.8495,123.4817,3.8404,0.0,0.0,0.0,-0.03,1396.5,0.0,3.7,150.0,0,68.533,0.030604284673016457,0.10603136019165436,-0.03,-0.0478684896415138,0.4887715454449717,1.0,0.0,-431.07447703577094,-14.39331667253953,227.49099999999999,272.964,5.077075935823308,0.04648570110332626,-0.23662955131472893,-15.053566247854095,1.7613798090910109,2.9088000000000136,0.0,-0.05136740841384063,final_approach,2.0049420416256787,0.3675792031932925,-9.211048643406007,
68.608,63.96064161,-22.60574058,373.327,275.726,-0.0054,-4.4283,2.9268,-0.0095,-0.0709,-0.0263,69.167,73.191,-8.8611,123.4736,3.834,0.0,0.0,0.0,-0.03,1395.7,0.0,3.7,150.0,0,68.608,0.030563374142336897,0.10604917647549297,-0.03,-0.047838289222560615,0.48827306842617113,1.0,0.0,-428.25185540239414,-14.306603168699516,226.827,272.226,5.080613111742825,0.04659847518503127,-0.23539462474433567,-15.033586929090283,1.7585296507978114,2.906800000000004,0.0,-0.05154612886107298,final_approach,2.001100602373576,0.3660837008481401,-9.224048016732178,
68.725,63.96068099,-22.6057378,372.292,274.605,-0.0065,-4.4366,2.9237,-0.0098,-0.0711,-0.0263,69.161,73.184,-8.8791,123.461,3.824,0.0,0.0,0.0,-0.03,1394.5,0.0,3.7,150.0,0,68.725,0.030499872004900064,0.10607752679547534,-0.03,-0.04779146801427475,0.48749849864058,1.0,0.0,-423.86185389501134,-14.171932986775754,225.79199999999997,271.105,5.086114468110242,0.04666875263626903,-0.23347317619871938,-15.002272301682083,1.7540747043683496,2.9036999999999864,0.0,-0.05152212180843521,final_approach,1.995097782349056,0.363748478788148,-9.24425339953159,
68.833,63.96071756,-22.60573523,371.329,273.566,-0.0075,-4.4442,2.9209,-0.0097,-0.0712,-0.0264,69.156,73.177,-8.8958,123.4493,3.8146,0.0,0.0,0.0,-0.03,1393.4,0.0,3.7,150.0,0,68.833,0.03044457830323949,0.10610522462333341,-0.03,-0.04774916686530295,0.4867779713066472,1.0,0.0,-419.7851056141586,-14.047442143049226,224.829,270.066,5.091237667386534,0.046796798919562906,-0.23169388322127216,-14.973287060783925,1.7498841427545244,2.900900000000007,0.0,-0.05104704676187314,final_approach,1.9895401326116406,0.3616859885750614,-9.263055768656692,
68.908,63.96074569,-22.60573325,370.587,272.741,-0.0083,-4.4501,2.9187,-0.0097,-0.0713,-0.0265,69.152,73.171,-8.9087,123.4404,3.8074,0.0,0.0,0.0,-0.03,1392.5,0.0,3.7,150.0,0,68.908,0.03041587989643646,0.10612588207112539,-0.03,-0.04771592291219451,0.4862230450175527,1.0,0.0,-416.6492310962925,-13.951529175661713,224.087,269.241,5.095187235669042,0.04777415083854142,-0.23031985678150402,-14.953127832390576,1.7466729182837923,2.898699999999991,0.0,-0.05125489099564799,final_approach,1.985496688582348,0.3604304347785465,-9.277541267605748,
69.025,63.96078225,-22.60573069,369.621,271.693,-0.0094,-4.4578,2.9158,-0.0095,-0.0716,-0.0266,69.147,73.164,-8.9255,123.4287,3.798,0.0,0.0,0.0,-0.03,1391.4,0.0,3.7,150.0,0,69.025,0.030347058596195187,0.10615281985652279,-0.03,-0.04767209148091078,0.48550096024820083,1.0,0.0,-412.5735977539379,-13.82752788013278,223.12099999999998,268.193,5.100331686432697,0.04714006980655536,-0.22854117027728055,-14.921549950766694,1.742480922207676,2.8958000000000084,0.0,-0.05048035933558929,final_approach,1.9796494627771217,0.357933208138272,-9.296396235513658,
69.1,63.96080756,-22.60572892,368.951,270.961,-0.0101,-4.4632,2.9138,-0.0092,-0.0716,-0.0266,69.143,73.159,-8.9372,123.4207,3.7915,0.0,0.0,0.0,-0.03,1390.6,0.0,3.7,150.0,0,69.1,0.030307431891115955,0.10616994041474256,-0.03,-0.04764185638057422,0.4850010367809949,1.0,0.0,-409.7520912308717,-13.741793861814953,222.45100000000002,267.461,5.10389687596414,0.04720603490867072,-0.2273091837074703,-14.901294264667841,1.7395804372982298,2.893799999999999,0.0,-0.050739720608118134,final_approach,1.9757799074596036,0.356471174379136,-9.309454255817915,
69.217,63.96084692,-22.60572617,367.907,269.833,-0.0112,-4.4715,2.9107,-0.0094,-0.0717,-0.0267,69.137,73.152,-8.9553,123.4083,3.7814,0.0,0.0,0.0,-0.03,1389.4,0.0,3.7,150.0,0,69.217,0.030244383253379192,0.10619829968232326,-0.03,-0.04759498145272412,0.4842236759234648,1.0,0.0,-405.3643197707134,-13.608592713437469,221.40699999999998,266.333,5.109446478793157,0.047243779559244074,-0.22539138220128288,-14.869550008753185,1.7350723286241987,2.8907000000000096,0.0,-0.05078902339665751,final_approach,1.9697321671022827,0.3541483243165171,-9.329765760452457,
69.333,63.96088629,-22.60572343,366.861,268.697,-0.0122,-4.4798,2.9076,-0.0094,-0.0718,-0.0268,69.131,73.144,-8.9735,123.3959,3.7713,0.0,0.0,0.0,-0.03,1388.2,0.0,3.7,150.0,0,69.333,0.030178852216734664,0.10622628662487116,-0.03,-0.047548093742393105,0.48344368351929456,1.0,0.0,-400.9754337148899,-13.475881891511847,220.361,265.197,5.115022266984953,0.04738100623011106,-0.2234769123506404,-14.837977737218681,1.7305632921705296,2.887599999999992,0.0,-0.050874033808873786,final_approach,1.9637076024531197,0.35186182484176953,-9.350154548435956,
69.408,63.96091159,-22.60572168,366.188,267.98,-0.0129,-4.4852,2.9056,-0.0094,-0.0718,-0.0268,69.128,73.139,-8.9852,123.3879,3.7647,0.0,0.0,0.0,-0.03,1387.4,0.0,3.7,150.0,0,69.408,0.030141477120977034,0.1062457499518635,-0.03,-0.047517836828045945,0.48294083494937484,1.0,0.0,-398.15504230055006,-13.391127358542697,219.688,264.48,5.118620928767485,0.04748119804183024,-0.22225283130995233,-14.81755175522388,1.7276148342416775,2.885600000000011,0.0,-0.04988548528079435,final_approach,1.9598286494937334,0.3504579663584497,-9.363303502555107,
69.517,63.96095095,-22.60571895,365.138,266.83,-0.014,-4.4935,2.9025,-0.0096,-0.0721,-0.0269,69.122,73.132,-9.0033,123.3756,3.7546,0.0,0.0,0.0,-0.03,1386.2,0.0,3.7,150.0,0,69.517,0.030091460412086102,0.10627516392421754,-0.03,-0.04747092811161807,0.48216160909428624,1.0,0.0,-393.7672711832246,-13.258906084814672,218.63799999999998,263.33,5.124203930705941,0.048104365246565646,-0.2203384262710754,-14.787731538976782,1.7231028548698077,2.882499999999993,0.0,-0.05035461130614376,final_approach,1.9539994177075641,0.3484705892866842,-9.3836867592025,
69.633,63.96098749,-22.60571642,364.162,265.763,-0.0151,-4.5013,2.8995,-0.0094,-0.0723,-0.027,69.117,73.125,-9.0203,123.3642,3.7451,0.0,0.0,0.0,-0.03,1385.1,0.0,3.7,150.0,0,69.633,0.030023645082481842,0.10630140644412575,-0.03,-0.04742552043566228,0.48143497164797805,1.0,0.0,-389.6938678880945,-13.136373822832015,217.66199999999998,262.263,5.1294173781083545,0.04757755638709963,-0.21856040529106519,-14.75590531737317,1.7188556880156511,2.8795000000000073,0.0,-0.04969541466702369,final_approach,1.9481233153180355,0.346012952068925,-9.402702591347712,
69.708,63.96101279,-22.60571468,363.485,265.051,-0.0158,-4.5067,2.8975,-0.0093,-0.0723,-0.027,69.113,73.12,-9.032,123.3563,3.7385,0.0,0.0,0.0,-0.03,1384.3,0.0,3.7,150.0,0,69.708,0.02998532972011969,0.10632024384076602,-0.03,-0.04739524202049422,0.4809317540578045,1.0,0.0,-386.8734766455672,-13.052109227187458,216.985,261.551,5.133032038179629,0.047680541592082175,-0.21733643819726384,-14.73531578694453,1.7159042700642146,2.8774999999999977,0.0,-0.05002613454578485,final_approach,1.9442255790953205,0.34458519812664434,-9.415876344445442,
69.825,63.96105213,-22.60571197,362.43,263.901,-0.0169,-4.5151,2.8944,-0.0094,-0.0724,-0.0271,69.108,73.113,-9.0502,123.3441,3.7283,0.0,0.0,0.0,-0.03,1383.1,0.0,3.7,150.0,0,69.825,0.029922429924668925,0.10635037434424711,-0.03,-0.0473483000007025,0.48015015584335163,1.0,0.0,-382.48793540444586,-12.9208670498549,215.93,260.401,5.138653314374511,0.04774130060719315,-0.2154256540361534,-14.703052856897676,1.7113420984849768,2.8744000000000085,0.0,-0.04936330801753189,final_approach,1.938126949579523,0.3422670617168748,-9.436345676949847,
69.9,63.96107743,-22.60571023,361.751,263.15,-0.0176,-4.5205,2.8923,-0.0092,-0.0724,-0.0272,69.104,73.108,-9.062,123.3363,3.7217,0.0,0.0,0.0,-0.03,1382.3,0.0,3.7,150.0,0,69.9,0.029882650329457694,0.10636863076420548,-0.03,-0.04731649333664534,0.47964489272034905,1.0,0.0,-379.66754416112644,-12.836602454210622,215.25099999999998,259.65,5.14229180145481,0.04786994401777007,-0.21419654294015503,-14.682359965475943,1.7083882943284152,2.8722999999999956,0.0,-0.04972421940988322,final_approach,1.9342105355887647,0.34081471341546354,-9.449583218391089,
70.008,63.96111677,-22.60570753,360.693,262.011,-0.0186,-4.529,2.8891,-0.0095,-0.0727,-0.0273,69.099,73.101,-9.0803,123.3242,3.7115,0.0,0.0,0.0,-0.03,1381.1,0.0,3.7,150.0,0,70.008,0.029830809222939958,0.1063988731629639,-0.03,-0.04726801481652532,0.4788597503059638,1.0,0.0,-375.28200309181756,-12.705850214028594,214.19299999999998,258.511,5.147953129223276,0.048628236941453684,-0.21228591306238956,-14.65243034821097,1.703823206236052,2.869100000000003,0.0,-0.04941259003591734,final_approach,1.928372407074562,0.3388939909568869,-9.470161620744362,
70.125,63.96115611,-22.60570484,359.632,260.837,-0.0197,-4.5374,2.886,-0.0093,-0.0729,-0.0274,69.093,73.093,-9.0986,123.3122,3.7012,0.0,0.0,0.0,-0.03,1379.9,0.0,3.7,150.0,0,70.125,0.02976937270731833,0.10642756298294152,-0.03,-0.04722103833687913,0.4780763399573269,1.0,0.0,-370.896462192737,-12.575587911171711,213.132,257.337,5.153611142512858,0.04858337877540236,-0.21037858576968974,-14.619900164388,1.6992093847744343,2.866000000000014,0.0,-0.04958254105829315,final_approach,1.922247375230178,0.3366139127441432,-9.49070479446923,
70.2,63.96118139,-22.60570312,358.949,260.106,-0.0204,-4.5428,2.8839,-0.0091,-0.073,-0.0274,69.09,73.089,-9.1104,123.3044,3.6946,0.0,0.0,0.0,-0.03,1379.1,0.0,3.7,150.0,0,70.2,0.029729125214826735,0.1064464435941299,-0.03,-0.04718920834550466,0.47757256365420564,1.0,0.0,-368.07830082641385,-12.492302411922623,212.449,256.606,5.157254518034849,0.04858253902836983,-0.20915740736531074,-14.599037219529427,1.6962540112824342,2.863900000000001,0.0,-0.04871140096208468,final_approach,1.9183216312321107,0.33514983369240703,-9.503920666203808,
70.317,63.96121791,-22.60570063,357.961,259.017,-0.0214,-4.5507,2.8809,-0.0092,-0.0732,-0.0275,69.085,73.082,-9.1274,123.2933,3.685,0.0,0.0,0.0,-0.03,1378.0,0.0,3.7,150.0,0,70.317,0.02965541954808254,0.10647452939391361,-0.03,-0.047143726828064836,0.4768432000383841,1.0,0.0,-364.00712775032076,-12.371729120810834,211.461,255.517,5.162536408373994,0.048009509502482055,-0.2073853979290775,-14.566365065930967,1.6919511962097147,2.8608999999999867,0.0,-0.04816809566872506,final_approach,1.9123565367319095,0.3326418009203902,-9.52306224003682,
70.425,63.96125724,-22.60569796,356.895,257.894,-0.0225,-4.5592,2.8777,-0.0091,-0.0732,-0.0275,69.079,73.075,-9.1458,123.2814,3.6747,0.0,0.0,0.0,-0.03,1376.8,0.0,3.7,150.0,0,70.425,0.029608905547050424,0.10650343553337736,-0.03,-0.04709520012079432,0.47605635831416204,1.0,0.0,-359.6227019607587,-12.242446303302355,210.39499999999998,254.394,5.168244091760592,0.048816077959779804,-0.20548184672765935,-14.5361181911402,1.6873336213215282,2.857699999999994,0.0,-0.0488396829311642,final_approach,1.90649081475674,0.33075859676249664,-9.543722728239597,
70.508,63.96128252,-22.60569625,356.209,257.137,-0.0231,-4.5647,2.8757,-0.0091,-0.0732,-0.0276,69.076,73.07,-9.1576,123.2737,3.668,0.0,0.0,0.0,-0.03,1376.0,0.0,3.7,150.0,0,70.508,0.02955236562409208,0.10652404336084438,-0.03,-0.04706486407286947,0.47554893595863534,1.0,0.0,-356.80454076624795,-12.159650741377858,209.709,253.637,5.171930265875628,0.04808202102077296,-0.20426081529261345,-14.512855245147334,1.684328902194892,2.855700000000013,0.0,-0.047685582511354276,final_approach,1.9022961417451008,0.3289631860337163,-9.557052221225398,
70.617,63.96132184,-22.60569359,355.139,255.973,-0.0242,-4.5732,2.8724,-0.0094,-0.0734,-0.0276,69.071,73.063,-9.1761,123.2619,3.6577,0.0,0.0,0.0,-0.03,1374.8,0.0,3.7,150.0,0,70.617,0.029502682294795468,0.10655228826394912,-0.03,-0.04701479807296893,0.4747630110226013,1.0,0.0,-352.42122991518397,-12.030857472066975,208.639,252.473,5.177648133698236,0.04881126801059479,-0.2023573846124543,-14.482182159346053,1.6797084424496518,2.8523999999999887,0.0,-0.047520671340593165,final_approach,1.8963822830836001,0.32701168739972175,-9.577706937875709,
70.733,63.96135835,-22.60569113,354.144,254.912,-0.0252,-4.5811,2.8694,-0.0094,-0.0735,-0.0277,69.066,73.056,-9.1932,123.251,3.648,0.0,0.0,0.0,-0.03,1373.7,0.0,3.7,150.0,0,70.733,0.029432206856474907,0.10658052134631855,-0.03,-0.046969271087424214,0.47403073832180376,1.0,0.0,-348.3511721196298,-11.911753603628457,207.644,251.412,5.1829851736926935,0.04834421758707247,-0.20059376151516287,-14.449453264665674,1.675353383588373,2.849400000000003,0.0,-0.04711910560743224,final_approach,1.8904204198334682,0.32458730470524344,-9.596961907170861,
70.808,63.96138362,-22.60568943,353.454,254.153,-0.0259,-4.5866,2.8674,-0.0093,-0.0736,-0.0277,69.062,73.052,-9.205,123.2434,3.6414,0.0,0.0,0.0,-0.03,1372.9,0.0,3.7,150.0,0,70.808,0.029390696566953756,0.10660004567970022,-0.03,-0.04693891318660959,0.47352416006654446,1.0,0.0,-345.5341258628251,-11.829447589901832,206.954,250.653,5.186682763690318,0.04850371465061523,-0.19937281409088026,-14.428282592560825,1.6723922145013717,2.8473999999999933,0.0,-0.047684035400701714,final_approach,1.8864592497636714,0.32307847320128324,-9.61028818589523,
70.917,63.96142293,-22.60568679,352.379,252.996,-0.027,-4.5952,2.8641,-0.0096,-0.0739,-0.0278,69.057,73.044,-9.2235,123.2317,3.631,0.0,0.0,0.0,-0.03,1371.7,0.0,3.7,150.0,0,70.917,0.02934269820187463,0.1066301046940977,-0.03,-0.046888811155618826,0.4727347973734077,1.0,0.0,-341.1519301212795,-11.701633805939354,205.87900000000002,249.496,5.192453568443843,0.04924362268824144,-0.19747321756527428,-14.397384413189137,1.6677215958373495,2.8440999999999974,0.0,-0.04751926487636411,final_approach,1.8805242409077323,0.3211707151643548,-9.631063305731873,
71.033,63.96145943,-22.60568435,351.379,251.882,-0.028,-4.6031,2.8611,-0.0094,-0.074,-0.0278,69.052,73.038,-9.2407,123.221,3.6213,0.0,0.0,0.0,-0.03,1370.5,0.0,3.7,150.0,0,71.033,0.029271235543327057,0.10665796787625996,-0.03,-0.04684325144284457,0.4720006102002742,1.0,0.0,-337.0829874352438,-11.5835094230233,204.87900000000002,248.382,5.197831192433231,0.048762823489322406,-0.19571435527459,-14.364417392003325,1.6633616247182488,2.8411000000000115,0.0,-0.047117827003587645,final_approach,1.8745409707348273,0.3187214090720296,-9.650397149660648,
71.108,63.9614847,-22.60568266,350.685,251.159,-0.0287,-4.6087,2.859,-0.0092,-0.0741,-0.0279,69.049,73.033,-9.2526,123.2135,3.6146,0.0,0.0,0.0,-0.03,1369.8,0.0,3.7,150.0,0,71.108,0.029231074105400434,0.10667734203228718,-0.03,-0.04681135261592628,0.47149377815683946,1.0,0.0,-334.2659413494594,-11.501693346447482,204.185,247.659,5.201549381558162,0.04889832874094822,-0.19449357464820388,-14.34309336662193,1.6603511341702415,2.8389999999999986,0.0,-0.046470751821443314,final_approach,1.8705622128204489,0.31726043697369555,-9.663750118649483,
71.225,63.961524,-22.60568004,349.605,249.976,-0.0298,-4.6173,2.8558,-0.0095,-0.0744,-0.028,69.044,73.026,-9.2711,123.202,3.6042,0.0,0.0,0.0,-0.03,1368.6,0.0,3.7,150.0,0,71.225,0.02916763065203498,0.10670926259280329,-0.03,-0.04676273375888729,0.47070093671838503,1.0,0.0,-329.8848607174325,-11.374859048007467,203.10500000000002,246.476,5.207375553564466,0.04904799760649486,-0.19259785367806379,-14.309689251372442,1.65567546208473,2.835800000000006,0.0,-0.04613114190450564,final_approach,1.8643508604291448,0.31494331200558534,-9.68464863385311,
71.3,63.96154927,-22.60567836,348.909,249.235,-0.0305,-4.6229,2.8537,-0.0094,-0.0745,-0.028,69.041,73.022,-9.283,123.1946,3.5974,0.0,0.0,0.0,-0.03,1367.8,0.0,3.7,150.0,0,71.3,0.029129904178878285,0.1067296756129837,-0.03,-0.04673082034090975,0.47019201757751644,1.0,0.0,-327.0678148026685,-11.293532908756518,202.409,245.735,5.211121730840765,0.049198169730520956,-0.19138017941032257,-14.288268541699784,1.6526161899392093,2.8336999999999932,0.0,-0.045573765367732395,final_approach,1.8603649225061467,0.3135450977109091,-9.698069994415297,
71.417,63.96158856,-22.60567575,347.825,248.03,-0.0316,-4.6315,2.8504,-0.0095,-0.0747,-0.0281,69.036,73.015,-9.3016,123.1832,3.587,0.0,0.0,0.0,-0.03,1366.6,0.0,3.7,150.0,0,71.417,0.029065098095614195,0.10675995661610016,-0.03,-0.0466806590166039,0.4694001535540605,1.0,0.0,-322.68784910834756,-11.167188158514374,201.325,244.53,5.216960833696424,0.04931628511113044,-0.18948462116144923,-14.254713995063042,1.6479376881754888,2.8303999999999974,0.0,-0.04531569967384784,final_approach,1.8541363030349203,0.31120616751485564,-9.718963935791864,
71.525,63.96162785,-22.60567315,346.739,246.858,-0.0327,-4.6402,2.8471,-0.0092,-0.0748,-0.0282,69.031,73.008,-9.3202,123.1719,3.5765,0.0,0.0,0.0,-0.03,1365.4,0.0,3.7,150.0,0,71.525,0.029019798234750926,0.10679108586750116,-0.03,-0.0466304834434873,0.46860666708842846,1.0,0.0,-318.3078835858391,-11.041333345596822,200.23899999999998,243.358,5.222824554488702,0.05014585609921027,-0.1875924625557048,-14.223657010636831,1.6432104707987492,2.8271000000000015,0.0,-0.04540484482133916,final_approach,1.84819127214287,0.3093686327624745,-9.739913939427463,
71.6,63.96165311,-22.60567149,346.039,246.098,-0.0334,-4.6458,2.845,-0.0091,-0.0749,-0.0283,69.027,73.004,-9.3322,123.1646,3.5697,0.0,0.0,0.0,-0.03,1364.6,0.0,3.7,150.0,0,71.6,0.028981771147678526,0.10680903948122074,-0.03,-0.04659854612048403,0.46809826879847044,1.0,0.0,-315.49195278059364,-10.960986691694277,199.539,242.598,5.226588317122628,0.05015213038028976,-0.18638301272255534,-14.202076594064435,1.6401483161415626,2.8249999999999886,0.0,-0.04612561650425438,final_approach,1.8441975394905228,0.30796298766356855,-9.753343995740366,
71.717,63.9616924,-22.6056689,344.949,244.927,-0.0344,-4.6545,2.8417,-0.009,-0.0752,-0.0284,69.022,72.997,-9.3508,123.1534,3.5592,0.0,0.0,0.0,-0.03,1363.4,0.0,3.7,150.0,0,71.717,0.02891466923142988,0.10684055208800484,-0.03,-0.046548347259257494,0.4673046143107709,1.0,0.0,-311.11198742910557,-10.835621816101593,198.449,241.427,5.232474696215082,0.050178597385930196,-0.18449111207012206,-14.168273955459787,1.6354182893425104,2.8216999999999928,0.0,-0.04581738252523146,final_approach,1.8379449072249692,0.305665539278662,-9.774320733238893,
71.833,63.96172887,-22.60566651,343.935,243.827,-0.0354,-4.6626,2.8386,-0.0089,-0.0753,-0.0285,69.018,72.991,-9.3682,123.143,3.5494,0.0,0.0,0.0,-0.03,1362.3,0.0,3.7,150.0,0,71.833,0.028842510828838763,0.1068685176734203,-0.03,-0.04650117780471441,0.46656802537449893,1.0,0.0,-307.04638989981277,-10.719945952080218,197.435,240.327,5.237949852362086,0.04968210148109751,-0.1827423682114361,-14.134688077544535,1.6310020863632246,2.8186000000000035,0.0,-0.04478696217027695,final_approach,1.8319029863918104,0.3032124915574155,-9.793801639585759,
71.908,63.96175413,-22.60566485,343.232,243.074,-0.0361,-4.6682,2.8365,-0.0089,-0.0753,-0.0286,69.015,72.986,-9.3802,123.1359,3.5426,0.0,0.0,0.0,-0.03,1361.5,0.0,3.7,150.0,0,71.908,0.028803121074304716,0.10688936935660699,-0.03,-0.04646921718195418,0.46605583841348625,1.0,0.0,-304.23045909456727,-10.639599298351733,196.73200000000003,239.574,5.24176395146421,0.049877527016745485,-0.18152479506423078,-14.11296571698049,1.6279357763772566,2.8164999999999907,0.0,-0.044351783791160865,final_approach,1.8278821090548192,0.30177213708065054,-9.807354851177891,
72.025,63.9617934,-22.60566228,342.136,241.866,-0.0371,-4.677,2.8331,-0.0093,-0.0756,-0.0286,69.01,72.979,-9.3989,123.1248,3.5321,0.0,0.0,0.0,-0.03,1360.3,0.0,3.7,150.0,0,72.025,0.0287344972535733,0.10691936927356614,-0.03,-0.04641745922663132,0.4652633853278093,1.0,0.0,-299.85272362007544,-10.515213518980183,195.63600000000002,238.366,5.247676551561047,0.04998711310773856,-0.17963680306881413,-14.078942656643315,1.6232021440891344,2.8130999999999915,0.0,-0.04420480733151008,final_approach,1.8216088817476326,0.2994490193610684,-9.828336069633057,
72.1,63.96181865,-22.60566064,341.431,241.13,-0.0378,-4.6826,2.831,-0.0092,-0.0756,-0.0287,69.007,72.975,-9.411,123.1178,3.5253,0.0,0.0,0.0,-0.03,1359.5,0.0,3.7,150.0,0,72.1,0.0286954773045221,0.10693929160716883,-0.03,-0.046385483556966645,0.4647502373527312,1.0,0.0,-297.0379079243484,-10.4358463506001,194.93099999999998,237.63,5.251512757443044,0.05018082954977765,-0.17843069371461556,-14.057127602030306,1.6201335755812352,2.811000000000007,0.0,-0.04382255211955531,final_approach,1.8175921784692015,0.298018358530026,-9.841930043570509,
72.208,63.96185792,-22.60565808,340.332,239.93,-0.0389,-4.6914,2.8276,-0.0094,-0.0758,-0.0288,69.002,72.969,-9.4297,123.1068,3.5147,0.0,0.0,0.0,-0.03,1358.3,0.0,3.7,150.0,0,72.208,0.028649946678213745,0.10697116601109138,-0.03,-0.046333701258719495,0.46395403818448067,1.0,0.0,-292.66017262008484,-10.311950508553691,193.832,236.43,5.257476958738416,0.05102137230285758,-0.1765429838705531,-14.025588584921016,1.615350675534728,2.807600000000008,0.0,-0.04404743795381247,final_approach,1.8115968121514001,0.29618883535999885,-9.863034611443604,
72.325,63.96189439,-22.60565572,339.309,238.802,-0.0399,-4.6996,2.8245,-0.0091,-0.076,-0.0289,68.998,72.962,-9.4472,123.0968,3.5049,0.0,0.0,0.0,-0.03,1357.2,0.0,3.7,150.0,0,72.325,0.02857427192902473,0.10699935075713587,-0.03,-0.046286474887526075,0.46321515696888554,1.0,0.0,-288.59457560464534,-10.197744456506646,192.80900000000003,235.302,5.263025043485734,0.05042106487818973,-0.1748001116856971,-13.99134040250705,1.6109257196769136,2.8044999999999902,0.0,-0.043151128520552536,final_approach,1.8054868147904557,0.29364621788490197,-9.88263332690521,
72.4,63.96192243,-22.6056539,338.521,237.976,-0.0406,-4.7059,2.8221,-0.009,-0.076,-0.029,68.995,72.958,-9.4606,123.0891,3.4973,0.0,0.0,0.0,-0.03,1356.3,0.0,3.7,150.0,0,72.4,0.028543225735221167,0.1070220450694305,-0.03,-0.04624990396162543,0.462647139869492,1.0,0.0,-285.4687367296128,-10.109666983475607,192.02100000000002,234.476,5.267298978451756,0.0515151873229852,-0.17345258380409825,-13.969370995286088,1.6074928846872183,2.802099999999996,0.0,-0.04286466229141139,final_approach,1.801267563240721,0.29245956166165676,-9.897708830919758,
72.517,63.96195889,-22.60565155,337.496,236.844,-0.0416,-4.7141,2.819,-0.0093,-0.0762,-0.029,68.99,72.952,-9.4781,123.0791,3.4874,0.0,0.0,0.0,-0.03,1355.2,0.0,3.7,150.0,0,72.517,0.028469438854817564,0.10705164337286541,-0.03,-0.04620265544983293,0.46190308829221655,1.0,0.0,-281.4042546526714,-9.995950479626156,190.99599999999998,233.344,5.272909269955502,0.05092119100810867,-0.17171053831326175,-13.934980581387126,1.6030201048571655,2.7990000000000066,0.0,-0.04285287869538571,final_approach,1.7951420971184646,0.2899657451006128,-9.917468306795264,
72.625,63.96199815,-22.60564902,336.389,235.645,-0.0427,-4.723,2.8156,-0.0092,-0.0763,-0.0291,68.986,72.945,-9.497,123.0685,3.4768,0.0,0.0,0.0,-0.03,1354.0,0.0,3.7,150.0,0,72.625,0.028422997426123753,0.10708297723098277,-0.03,-0.046150820169993945,0.4611051649380854,1.0,0.0,-277.0276346289466,-9.87352406025302,189.889,232.145,5.278940934088644,0.051742449502346965,-0.1698303535323201,-13.903156329475623,1.5982288330145877,2.7956000000000074,0.0,-0.04232416581734604,final_approach,1.7891232892470548,0.2881134488408321,-9.938673664549343,
72.7,63.96202339,-22.6056474,335.676,234.865,-0.0434,-4.7287,2.8134,-0.0092,-0.0764,-0.0291,68.983,72.941,-9.5091,123.0617,3.4699,0.0,0.0,0.0,-0.03,1353.2,0.0,3.7,150.0,0,72.7,0.02838450100335027,0.10710355830820083,-0.03,-0.04611727171205621,0.4605922320943948,1.0,0.0,-274.2139340427381,-9.795136377221343,189.176,231.365,5.282826733748814,0.05175381827455448,-0.1686244829642998,-13.881045274874255,1.5951082188182681,2.7933999999999912,0.0,-0.04211287801576913,final_approach,1.7850724643471736,0.28670979792318363,-9.952313643127624,
72.817,63.96205984,-22.60564507,334.645,233.766,-0.0444,-4.7369,2.8103,-0.0092,-0.0767,-0.0291,68.979,72.935,-9.5266,123.0519,3.46,0.0,0.0,0.0,-0.03,1352.1,0.0,3.7,150.0,0,72.817,0.02830985136474462,0.10713410881087844,-0.03,-0.046069988247859184,0.4598497571046366,1.0,0.0,-270.15056707452317,-9.682399358894633,188.14499999999998,230.266,5.288463365077519,0.05115757125259215,-0.16688746155194498,-13.846435031303827,1.5906307654585987,2.790300000000002,0.0,-0.04139243766779728,final_approach,1.7789279694184437,0.28419428762629373,-9.972069494019614,
72.933,63.96209909,-22.60564256,333.532,232.556,-0.0454,-4.7458,2.8069,-0.0091,-0.0768,-0.0292,68.974,72.929,-9.5455,123.0415,3.4493,0.0,0.0,0.0,-0.03,1350.9,0.0,3.7,150.0,0,72.933,0.028245836133115543,0.10716502237710795,-0.03,-0.04601811466831207,0.45905178342318126,1.0,0.0,-265.7750621603169,-9.560952424869901,187.03199999999998,229.056,5.294537292644209,0.051358216800565376,-0.16501139301824103,-13.81203680410623,1.5857881701441556,2.786900000000003,0.0,-0.04154798408670823,final_approach,1.7726252770976387,0.2819910383405553,-9.993317907088501,
73.0,63.96212432,-22.60564095,332.816,231.802,-0.0461,-4.7516,2.8047,-0.009,-0.0768,-0.0293,68.972,72.925,-9.5577,123.0349,3.4425,0.0,0.0,0.0,-0.03,1350.1,0.0,3.7,150.0,0,73.0,0.02821954294600859,0.10718664068079453,-0.03,-0.04598454144784059,0.45853609051075717,1.0,0.0,-262.96247651260654,-9.483054290209878,186.31599999999997,228.302,5.298471539413209,0.052585197505447295,-0.16380574432938708,-13.792164906780464,1.582710073859289,2.7846999999999866,0.0,-0.040484598830534964,final_approach,1.7688249123127342,0.28090114959790213,-10.00705860869621,
73.117,63.96216356,-22.60563846,331.699,230.571,-0.0471,-4.7605,2.8012,-0.009,-0.0773,-0.0293,68.967,72.918,-9.5766,123.0246,3.4318,0.0,0.0,0.0,-0.03,1348.9,0.0,3.7,150.0,0,73.117,0.028152877155068257,0.10721753050012611,-0.03,-0.045931116622461854,0.4577391489621775,1.0,0.0,-258.58808670791876,-9.36258684170761,185.199,227.071,5.304565514598008,0.05250187425282768,-0.1619384206264457,-13.757322258857313,1.5778648041366239,2.7812000000000126,0.0,-0.04068918464003199,final_approach,1.7624832420805205,0.2786431028956855,-10.028307066566281,
73.233,63.9622,-22.60563615,330.661,229.455,-0.0481,-4.7689,2.7981,-0.0089,-0.0775,-0.0294,68.963,72.913,-9.5942,123.0151,3.4218,0.0,0.0,0.0,-0.03,1347.8,0.0,3.7,150.0,0,73.233,0.028081277386022396,0.10724867770977392,-0.03,-0.04588378428934958,0.4569934481277205,1.0,0.0,-254.5258348492222,-9.250829308555243,184.161,225.955,5.3102834028294215,0.05196691853168617,-0.16020189098820237,-13.72271069881103,1.573334127170682,2.778099999999995,0.0,-0.04012496409282289,final_approach,1.7563379029947477,0.27620658878887205,-10.048204749896216,
73.308,63.96222803,-22.60563438,329.861,228.596,-0.0488,-4.7753,2.7956,-0.009,-0.0776,-0.0294,68.96,72.908,-9.6078,123.0079,3.4142,0.0,0.0,0.0,-0.03,1347.0,0.0,3.7,150.0,0,73.308,0.028048577125745044,0.10727175672792197,-0.03,-0.04584560402710136,0.45642023258521697,1.0,0.0,-251.40111159756142,-9.165201133020997,183.361,225.096,5.314689229856701,0.0530964921703598,-0.15886906907574241,-13.700319102244682,1.5698900729346974,2.775599999999997,0.0,-0.04011360372074808,final_approach,1.7520885506830943,0.27499139473864354,-10.06351025056107,
73.425,63.96226446,-22.60563208,328.819,229.907,-0.0498,-4.7837,2.7924,-0.0091,-0.0778,-0.0294,68.956,72.903,-9.6254,122.9985,3.4042,0.0,0.0,0.0,-0.03,1345.9,0.0,3.7,150.0,0,73.425,0.027973777276556977,0.10730244582744805,-0.03,-0.04579672154184394,0.4556766001974174,1.0,0.0,-247.339974677363,-9.053933148066225,182.31900000000002,226.407,5.320418768092007,0.05240881218656227,-0.15713342485042495,-13.66527246845343,1.5653568415552002,2.7724000000000046,0.0,-0.03957491558140347,final_approach,1.7458950125827712,0.2724859835180844,-10.083379554864624,
73.5,63.96228968,-22.6056305,328.097,229.021,-0.0505,-4.7895,2.7902,-0.0089,-0.0778,-0.0295,68.954,72.899,-9.6377,122.9921,3.3973,0.0,0.0,0.0,-0.03,1345.1,0.0,3.7,150.0,0,73.5,0.027934258435627912,0.1073238120797454,-0.03,-0.04576310718629795,0.45515947189269745,1.0,0.0,-244.52850431019152,-8.977504436079474,181.59699999999998,225.521,5.324412503581089,0.05254897790898476,-0.15593979073107442,-13.642804771587127,1.5622273905275676,2.7701999999999884,0.0,-0.03840143840734797,final_approach,1.7418185280747522,0.27105689927263654,-10.09720591615266,
73.617,63.96232892,-22.60562803,326.971,227.679,-0.0515,-4.7985,2.7868,-0.0094,-0.078,-0.0296,68.95,72.893,-9.6567,122.9822,3.3865,0.0,0.0,0.0,-0.03,1343.9,0.0,3.7,150.0,0,73.617,0.027868687657609248,0.10735753761514076,-0.03,-0.045711145482322024,0.45435709386262435,1.0,0.0,-240.1541148475445,-8.858016862052885,180.471,224.179,5.330624660840117,0.05264004178886543,-0.15406861369874816,-13.60762386078069,1.557326941648256,2.7667999999999893,0.0,-0.03801840166013026,final_approach,1.7354322870412204,0.2688148134517174,-10.11867387228068,
73.725,63.96236814,-22.60562558,325.843,226.322,-0.0526,-4.8076,2.7833,-0.0093,-0.0783,-0.0296,68.946,72.887,-9.6757,122.9724,3.3757,0.0,0.0,0.0,-0.03,1342.7,0.0,3.7,150.0,0,73.725,0.027824846705688022,0.10739122705111172,-0.03,-0.045657639974576614,0.4535554578230097,1.0,0.0,-235.78195526110167,-8.739508384595819,179.34300000000002,222.822,5.336850175819059,0.053473977692792864,-0.1522094091090751,-13.575075031065662,1.552424402610228,2.7632999999999868,0.0,-0.037929186694398945,final_approach,1.7293562438115764,0.2670439681116701,-10.140140337910713,
73.8,63.96239336,-22.60562401,325.117,225.448,-0.0533,-4.8135,2.7811,-0.0092,-0.0785,-0.0297,68.943,72.883,-9.6879,122.9662,3.3688,0.0,0.0,0.0,-0.03,1341.9,0.0,3.7,150.0,0,73.8,0.027784571584693607,0.10741389350616483,-0.03,-0.045623999890170686,0.45303744916450217,1.0,0.0,-232.9704850649505,-8.663569609759877,178.61700000000002,221.948,5.340883365533863,0.05352429188800171,-0.1510159056614667,-13.552463536412606,1.5492910242122377,2.761099999999999,0.0,-0.03811744244945359,final_approach,1.7252631786504473,0.26559577345900465,-10.154021624920578,
73.917,63.96242978,-22.60562174,324.066,224.171,-0.0543,-4.8219,2.7779,-0.0091,-0.0788,-0.0297,68.94,72.877,-9.7056,122.9572,3.3588,0.0,0.0,0.0,-0.03,1340.8,0.0,3.7,150.0,0,73.917,0.027708356167433335,0.10744577320203899,-0.03,-0.04557505777361276,0.4522923324949946,1.0,0.0,-228.910463425291,-8.55377104765244,177.56599999999997,220.671,5.346699261697032,0.05288832894252187,-0.14928639582268063,-13.517075436931849,1.5447495029393394,2.7579000000000065,0.0,-0.0369832227395965,final_approach,1.719037817753211,0.26305480110164403,-10.174002594963483,
74.025,63.962469,-22.60561931,322.933,222.809,-0.0553,-4.8311,2.7744,-0.0089,-0.079,-0.0298,68.936,72.872,-9.7247,122.9477,3.348,0.0,0.0,0.0,-0.03,1339.6,0.0,3.7,150.0,0,74.025,0.027659975859059216,0.10748086702251206,-0.03,-0.045521512303877465,0.45148529403957777,1.0,0.0,-224.538304181681,-8.436242444670775,176.433,219.309,5.353018034163967,0.053824799530704785,-0.1474315610722619,-13.484336573954698,1.539841101286413,2.754400000000004,0.0,-0.036988114948446754,final_approach,1.7129452512079801,0.2612678473442287,-10.195662614373017,
74.1,63.96249421,-22.60561775,322.203,221.925,-0.056,-4.837,2.7722,-0.0088,-0.0792,-0.0299,68.933,72.868,-9.737,122.9416,3.341,0.0,0.0,0.0,-0.03,1338.9,0.0,3.7,150.0,0,74.1,0.02762169677902815,0.10750212645636206,-0.03,-0.04548784712111653,0.450968095123317,1.0,0.0,-221.72794892323589,-8.360793218032704,175.70299999999997,218.425,5.3570783515525715,0.053876927139153666,-0.14623837266745085,-13.461593610469873,1.5366585859154327,2.7521999999999878,0.0,-0.03726192268040683,final_approach,1.70883723412922,0.2598712225181199,-10.209553932210984,
74.217,63.96253063,-22.6056155,321.147,220.665,-0.057,-4.8456,2.7689,-0.0088,-0.0795,-0.03,68.93,72.862,-9.7548,122.9329,3.3309,0.0,0.0,0.0,-0.03,1337.8,0.0,3.7,150.0,0,74.217,0.02754703113577589,0.10753469315400171,-0.03,-0.04543733773416281,0.45021924659398627,1.0,0.0,-217.66792762561707,-8.251974530400943,174.647,217.165,5.362972543766066,0.053293724487035884,-0.14451415030005207,-13.426001550974144,1.532064817394911,2.748899999999992,0.0,-0.03620547749500854,final_approach,1.7025949675268706,0.2573835530524029,-10.22968145811627,
74.325,63.96256984,-22.60561309,320.008,219.272,-0.058,-4.8548,2.7654,-0.0086,-0.0795,-0.0301,68.926,72.857,-9.774,122.9236,3.3201,0.0,0.0,0.0,-0.03,1336.6,0.0,3.7,150.0,0,74.325,0.027497945345890618,0.10756916239118976,-0.03,-0.04538375195763755,0.44941180755327526,1.0,0.0,-213.29688349152556,-8.135425412767681,173.50799999999998,215.772,5.369348495663575,0.05425086901312924,-0.14266367398267754,-13.393075622180765,1.5271518900091507,2.7453999999999894,0.0,-0.03628107381701512,final_approach,1.6964861967767924,0.2555789554000629,-10.251403075352194,
74.4,63.96259505,-22.60561154,319.274,218.403,-0.0586,-4.8607,2.7632,-0.0085,-0.0796,-0.0301,68.924,72.853,-9.7864,122.9177,3.3131,0.0,0.0,0.0,-0.03,1335.8,0.0,3.7,150.0,0,74.4,0.027455122742453486,0.10759067075654022,-0.03,-0.04535006146006998,0.44889404896513896,1.0,0.0,-210.48652840489302,-8.060466123628265,172.774,214.903,5.373448408992818,0.05431997602037052,-0.14147087060661878,-13.37020324842081,1.5239655717413711,2.7432000000000016,0.0,-0.035407036803341334,final_approach,1.6923635498045542,0.2541659760594275,-10.26534240880551,
74.517,63.96263426,-22.60560914,318.131,217.002,-0.0596,-4.87,2.7597,-0.0084,-0.08,-0.0302,68.92,72.848,-9.8056,122.9086,3.3023,0.0,0.0,0.0,-0.03,1334.6,0.0,3.7,150.0,0,74.517,0.02738725759400612,0.10762584345215555,-0.03,-0.04529645021022072,0.4480861008750734,1.0,0.0,-206.1154844410297,-7.944406943146089,171.63099999999997,213.502,5.379864345303786,0.05440615709812709,-0.13962084771613298,-13.33439509493476,1.5190488832716653,2.739699999999999,0.0,-0.03529621838377202,final_approach,1.6859316932229333,0.2518794830572588,-10.287111199576962,
74.625,63.96267066,-22.60560692,317.068,215.717,-0.0605,-4.8786,2.7564,-0.0083,-0.0802,-0.0303,68.917,72.842,-9.8235,122.9002,3.2922,0.0,0.0,0.0,-0.03,1333.5,0.0,3.7,150.0,0,74.625,0.027326025460511882,0.10765892544542861,-0.03,-0.04524588815288,0.4473347082748375,1.0,0.0,-202.05769319142755,-7.8370572892343855,170.56799999999998,212.217,5.385851329355838,0.05457763716827275,-0.13790586091370619,-13.301285105571674,1.5144488146490858,2.7364000000000033,0.0,-0.034612723783227085,final_approach,1.6799784386521779,0.24983742366377726,-10.307374836949617,
74.708,63.96269586,-22.60560538,316.331,214.842,-0.0611,-4.8846,2.7541,-0.0083,-0.0804,-0.0303,68.915,72.839,-9.8359,122.8945,3.2852,0.0,0.0,0.0,-0.03,1332.7,0.0,3.7,150.0,0,74.708,0.027265886543658024,0.10768227529168843,-0.03,-0.04521063972621242,0.44681372958307103,1.0,0.0,-199.24845304329307,-7.762587548118504,169.83100000000002,211.342,5.390013996555147,0.0538401337834167,-0.13671340106511248,-13.275832095734664,1.5112587510381275,2.734100000000012,0.0,-0.033656693034034894,final_approach,1.6755662951771235,0.2479932062744048,-10.321435313275042,
74.817,63.96273506,-22.605603,315.182,213.463,-0.0621,-4.894,2.7506,-0.0088,-0.0807,-0.0304,68.911,72.834,-9.8552,122.8856,3.2743,0.0,0.0,0.0,-0.03,1331.5,0.0,3.7,150.0,0,74.817,0.027216260365760137,0.10771694857718099,-0.03,-0.04515698789589484,0.44600520451202247,1.0,0.0,-194.8785241889483,-7.647507853158792,168.68200000000002,209.963,5.396493276149873,0.0547739334964664,-0.13486780476649698,-13.242297163173044,1.5062910596750214,2.7306000000000097,0.0,-0.033933107095165234,final_approach,1.6693941070621747,0.24617551682815453,-10.343273753421423,
74.9,63.96276026,-22.60560148,314.442,212.548,-0.0627,-4.9,2.7483,-0.0088,-0.0808,-0.0305,68.909,72.83,-9.8676,122.88,3.2673,0.0,0.0,0.0,-0.03,1330.8,0.0,3.7,150.0,0,74.9,0.027156550140268687,0.10774009565615297,-0.03,-0.04512172249512769,0.44548552152895293,1.0,0.0,-192.0692843820625,-7.574017986692924,167.942,209.048,5.400670293753768,0.05403253013037667,-0.1336873735746637,-13.216756193028292,1.5030989754559698,2.72829999999999,0.0,-0.03303885968125102,final_approach,1.6649873999366243,0.24434253975912945,-10.357321852366,
75.008,63.96279946,-22.60559911,313.29,211.176,-0.0638,-4.9094,2.7447,-0.009,-0.081,-0.0305,68.906,72.825,-9.887,122.8713,3.2564,0.0,0.0,0.0,-0.03,1329.6,0.0,3.7,150.0,0,75.008,0.02711179379029649,0.10777675792012872,-0.03,-0.045066510981138064,0.4446723670470559,1.0,0.0,-187.69935569953017,-7.459428229057805,166.79000000000002,207.676,5.407225967310359,0.05514388862190663,-0.13184226970565713,-13.183414835861605,1.4981275992078338,2.724700000000013,0.0,-0.03256057950820833,final_approach,1.6588369685178108,0.24256323157163706,-10.379321112740644,
75.125,63.96283585,-22.60559692,312.218,209.877,-0.0647,-4.9182,2.7414,-0.009,-0.0812,-0.0305,68.903,72.82,-9.905,122.8634,3.2463,0.0,0.0,0.0,-0.03,1328.5,0.0,3.7,150.0,0,75.125,0.027031172688184002,0.10781050100928864,-0.03,-0.045015885972125524,0.44391869943023055,1.0,0.0,-183.64267973046688,-7.353547997819373,165.71800000000002,206.377,5.413324019653691,0.05463992476801595,-0.13013373676739454,-13.147225165203528,1.4935184576067115,2.7213999999999885,0.0,-0.031931529156646266,final_approach,1.6525453437513669,0.2400241915990815,-10.399730860613102,
75.2,63.96286105,-22.60559541,311.474,208.993,-0.0654,-4.9242,2.7391,-0.0089,-0.0813,-0.0306,68.901,72.817,-9.9175,122.858,3.2392,0.0,0.0,0.0,-0.03,1327.7,0.0,3.7,150.0,0,75.2,0.02699374775309804,0.10783298906324115,-0.03,-0.044980593706001215,0.4433982111256625,1.0,0.0,-180.83344009460146,-7.280548068504313,164.974,205.493,5.417547909781766,0.05491969314684603,-0.12895377157513394,-13.124028635158654,1.490276115772474,2.7190999999999974,0.0,-0.03145290529393233,final_approach,1.6484014811247931,0.23866369914988006,-10.413837256831583,
75.308,63.96290023,-22.60559306,310.316,207.592,-0.0665,-4.9337,2.7356,-0.0094,-0.0815,-0.0306,68.898,72.812,-9.937,122.8496,3.2283,0.0,0.0,0.0,-0.03,1326.6,0.0,3.7,150.0,0,75.308,0.026948928056819754,0.10786874344476613,-0.03,-0.044926875220171414,0.442585606826813,1.0,0.0,-176.46574128827328,-7.16693740726466,163.81599999999997,204.092,5.424163186626254,0.05597517151818583,-0.12711312381866544,-13.090510349444497,1.4852992080315914,2.715599999999995,0.0,-0.031118802792463738,final_approach,1.6422361159822785,0.23687018307388286,-10.43587927301729,
75.425,63.96293942,-22.60559072,309.156,206.202,-0.0675,-4.9432,2.732,-0.0089,-0.0817,-0.0307,68.895,72.806,-9.9566,122.8414,3.2174,0.0,0.0,0.0,-0.03,1325.4,0.0,3.7,150.0,0,75.425,0.026881180704800334,0.10790483460042744,-0.03,-0.04487160573884735,0.441769331367744,1.0,0.0,-172.09692788627987,-7.053817072302811,162.656,202.702,5.4308342888276755,0.05614897085407505,-0.12527624330171433,-13.054114679547967,1.480319155332893,2.711999999999989,0.0,-0.030620823051424193,final_approach,1.6357526313626813,0.2346013265194049,-10.45804398717845,
75.5,63.96296461,-22.60558922,308.408,205.303,-0.0682,-4.9493,2.7297,-0.0087,-0.0818,-0.0307,68.893,72.803,-9.9691,122.8361,3.2103,0.0,0.0,0.0,-0.03,1324.6,0.0,3.7,150.0,0,75.5,0.026842996389417673,0.10792789339340543,-0.03,-0.044836286098334455,0.4412488588741302,1.0,0.0,-169.28880318891254,-6.981306691185347,161.90800000000002,201.803,5.435101702238639,0.05627394995831486,-0.12409647656079587,-13.030786628591155,1.477074395063653,2.709699999999998,0.0,-0.030261354289167767,final_approach,1.6315936554183068,0.23322166237539577,-10.472188855439862,
75.617,63.96300099,-22.60558706,307.327,203.983,-0.0691,-4.9581,2.7264,-0.0088,-0.0821,-0.0307,68.89,72.799,-9.9873,122.8286,3.2001,0.0,0.0,0.0,-0.03,1323.5,0.0,3.7,150.0,0,75.617,0.02676389966588355,0.10796102450241651,-0.03,-0.044785598414408156,0.44049249561346154,1.0,0.0,-165.23324250038812,-6.8768958827942495,160.827,200.483,5.441322661246761,0.055756723267429704,-0.12239452105987131,-12.994286719703654,1.4724110160248074,2.706400000000002,0.0,-0.029841324412063937,final_approach,1.6252743026691192,0.23072258517913902,-10.492761684807448,
75.725,63.96304017,-22.60558474,306.161,202.604,-0.0701,-4.9676,2.7228,-0.0088,-0.0822,-0.0308,68.887,72.794,-10.0069,122.8207,3.1892,0.0,0.0,0.0,-0.03,1322.3,0.0,3.7,150.0,0,75.725,0.02671413304820619,0.10799847915326737,-0.03,-0.044730287076451436,0.4396751138245403,1.0,0.0,-160.8655442071211,-6.764755033355141,159.661,199.104,5.448071804216539,0.05687928014535652,-0.1205622242907511,-12.960528007736125,1.4674255612734726,2.7027999999999963,0.0,-0.0296537292634928,final_approach,1.6190916222940857,0.22891581085414003,-10.515017305504761,
75.808,63.96306536,-22.60558326,305.41,201.691,-0.0708,-4.9738,2.7205,-0.0089,-0.0823,-0.0309,68.886,72.791,-10.0196,122.8157,3.1821,0.0,0.0,0.0,-0.03,1321.6,0.0,3.7,150.0,0,75.808,0.026659611197648425,0.1080222849618061,-0.03,-0.04469494071755653,0.4391494991966484,1.0,0.0,-158.05741985179452,-6.693224526713354,158.91000000000003,198.191,5.452426488250686,0.05614374557122318,-0.11939168935278585,-12.934580057130999,1.4641760358843783,2.7005000000000052,0.0,-0.028053225946006184,final_approach,1.6146502237764544,0.22711710841167942,-10.529341524631059,
75.917,63.96310453,-22.60558095,304.24,200.307,-0.0718,-4.9834,2.7169,-0.009,-0.0826,-0.0309,68.883,72.786,-10.0392,122.8079,3.1711,0.0,0.0,0.0,-0.03,1320.4,0.0,3.7,150.0,0,75.917,0.026609924527343898,0.10806017371573777,-0.03,-0.04463960259679145,0.43833250258928913,1.0,0.0,-153.69083649702563,-6.581573225471841,157.74,196.807,5.459218420750707,0.05717167253262682,-0.11755990786394682,-12.900398446213929,1.459141662876732,2.6968999999999994,0.0,-0.02800501774908007,final_approach,1.6084201988165319,0.2253126974773796,-10.5516267136718,
76.025,63.96314091,-22.60557882,303.151,198.987,-0.0728,-4.9923,2.7135,-0.0087,-0.0827,-0.0309,68.881,72.782,-10.0575,122.8008,3.1609,0.0,0.0,0.0,-0.03,1319.3,0.0,3.7,150.0,0,76.025,0.026552237734187523,0.10809505487483519,-0.03,-0.04458732383153036,0.43757374291582296,1.0,0.0,-149.63527632156237,-6.478632228881288,156.651,195.487,5.465551863792607,0.05741689229863888,-0.11586767709170954,-12.866470720933462,1.4544712412474041,2.6935000000000002,0.0,-0.02714260872811594,final_approach,1.602400839148718,0.2232769489483779,-10.572345554630253,
76.108,63.96316609,-22.60557735,302.396,198.065,-0.0734,-4.9984,2.7112,-0.0085,-0.083,-0.031,68.879,72.779,-10.0702,122.796,3.1538,0.0,0.0,0.0,-0.03,1318.5,0.0,3.7,150.0,0,76.108,0.0264931570864268,0.10811829293578264,-0.03,-0.04455195053798,0.4370483532789495,1.0,0.0,-146.82826690473385,-6.407591270437096,155.89600000000002,194.565,5.469952046973044,0.056683119446531455,-0.1146976393660682,-12.840393389339598,1.4512182286651125,2.691200000000009,0.0,-0.026865679347570216,final_approach,1.5979449269776573,0.22146158815404426,-10.586704594462391,
76.217,63.96320526,-22.60557506,301.22,196.656,-0.0744,-5.0081,2.7076,-0.0087,-0.0833,-0.031,68.876,72.774,-10.09,122.7886,3.1428,0.0,0.0,0.0,-0.03,1317.4,0.0,3.7,150.0,0,76.217,0.02644302560588313,0.1081552865049965,-0.03,-0.044496570295691706,0.43622846292211404,1.0,0.0,-142.46168389200574,-6.296919843671259,154.72000000000003,193.156,5.476843115906127,0.05777273552208373,-0.112870573760982,-12.806042852564946,1.4461773919587415,2.6876000000000033,0.0,-0.026925429932320097,final_approach,1.5917012100719568,0.21964625096622825,-10.609133310208327,
76.3,63.96323044,-22.6055736,300.463,195.756,-0.075,-5.0143,2.7053,-0.0086,-0.0834,-0.031,68.875,72.771,-10.1027,122.7839,3.1357,0.0,0.0,0.0,-0.03,1316.6,0.0,3.7,150.0,0,76.3,0.026383755740258696,0.10818134402636695,-0.03,-0.04446117995328924,0.43569988866735854,1.0,0.0,-139.65467464698975,-6.22636882255166,153.96300000000002,192.256,5.481301712253545,0.05709695098209441,-0.11170406308042538,-12.779884237908526,1.442922516823387,2.6853000000000122,0.0,-0.02557295382675846,final_approach,1.5872403780111277,0.2178262648799567,-10.623606481364058,
76.408,63.96326681,-22.60557149,299.367,194.454,-0.076,-5.0233,2.7019,-0.0088,-0.0836,-0.0311,68.873,72.767,-10.1211,122.7772,3.1254,0.0,0.0,0.0,-0.03,1315.5,0.0,3.7,150.0,0,76.408,0.026328009976173572,0.10821662174225392,-0.03,-0.04440885163706937,0.43493923070993895,1.0,0.0,-135.60022958025283,-6.1244073113097866,152.86700000000002,190.954,5.4877403289935,0.05751692942945235,-0.11001449537838479,-12.745758220152918,1.4381987914098886,2.681900000000013,0.0,-0.024931641526005386,final_approach,1.5812011463200975,0.2158409445440732,-10.644453400913624,
76.517,63.96330597,-22.60556922,298.185,193.05,-0.077,-5.0331,2.6983,-0.0086,-0.0838,-0.0312,68.87,72.763,-10.141,122.7701,3.1144,0.0,0.0,0.0,-0.03,1314.3,0.0,3.7,150.0,0,76.517,0.026277376460794644,0.10825379510373344,-0.03,-0.04435342939028947,0.43411763379197965,1.0,0.0,-131.2347616770432,-6.014715370066415,151.685,189.55,5.494724879168504,0.058610514853296936,-0.10819214967161273,-12.711241576267238,1.4331527901441916,2.6783000000000072,0.0,-0.025167213730897524,final_approach,1.5749440627125928,0.21401321166951348,-10.666995808325785,
76.633,63.96334234,-22.60556713,297.086,191.744,-0.0779,-5.0421,2.6949,-0.0082,-0.0839,-0.0312,68.868,72.759,-10.1594,122.7636,3.1041,0.0,0.0,0.0,-0.03,1313.3,0.0,3.7,150.0,0,76.633,0.0262009440224496,0.10829284428455346,-0.03,-0.044301071255911095,0.4333496744192096,1.0,0.0,-127.18031695313918,-5.913733733474003,150.586,188.244,5.501282222557766,0.05826356609795126,-0.10651128198452944,-12.674446750882543,1.4284256008881755,2.674900000000008,0.0,-0.024446683329036586,final_approach,1.568616087406241,0.21159733995408203,-10.688090639652929,
76.708,63.96336751,-22.60556568,296.323,190.838,-0.0785,-5.0484,2.6925,-0.008,-0.084,-0.0313,68.867,72.756,-10.1723,122.7592,3.097,0.0,0.0,0.0,-0.03,1312.5,0.0,3.7,150.0,0,76.708,0.026156854567910504,0.1083159991157956,-0.03,-0.044264103865655435,0.4328228380728265,1.0,0.0,-124.37442264582921,-5.843672260552275,149.82299999999998,187.338,5.505797033935363,0.05858588592073114,-0.10534233403576423,-12.650661309058018,1.425165801749074,2.6725000000000136,0.0,-0.02343637878396117,final_approach,1.5644175056799199,0.2101805451012737,-10.702575740653517,
76.825,63.96340667,-22.60556344,295.135,189.428,-0.0795,-5.0582,2.6889,-0.0084,-0.0844,-0.0313,68.865,72.752,-10.1922,122.7524,3.086,0.0,0.0,0.0,-0.03,1311.3,0.0,3.7,150.0,0,76.825,0.026089628096606587,0.1083567592732216,-0.03,-0.0442086392819222,0.4319977458872513,1.0,0.0,-120.0089552556807,-5.735450131109448,148.635,185.928,5.512894934911877,0.05893254165262279,-0.10353364879538031,-12.61343716686175,1.4201147305437587,2.668900000000008,0.0,-0.022859800448519072,final_approach,1.5578735411660993,0.20792748896620594,-10.725283703687507,
76.933,63.96344303,-22.60556136,294.03,188.116,-0.0804,-5.0673,2.6855,-0.0084,-0.0846,-0.0314,68.863,72.748,-10.2107,122.7463,3.0757,0.0,0.0,0.0,-0.03,1310.2,0.0,3.7,150.0,0,76.933,0.02602899088211702,0.10839527893081242,-0.03,-0.044156241204850843,0.4312297239202505,1.0,0.0,-115.95562546948265,-5.634958042540847,147.52999999999997,184.616,5.5195321258800645,0.059353030031795595,-0.10184968234522107,-12.579028558754331,1.4153814393234256,2.6655000000000086,0.0,-0.022465138454878672,final_approach,1.5518084082366173,0.20591748300955715,-10.746445889184912,
77.008,63.96347099,-22.60555977,293.178,187.107,-0.081,-5.0743,2.6829,-0.0084,-0.0849,-0.0315,68.862,72.745,-10.225,122.7416,3.0678,0.0,0.0,0.0,-0.03,1309.4,0.0,3.7,150.0,0,77.008,0.025995561373304665,0.10842331510383389,-0.03,-0.04411616235694382,0.43064217637809643,1.0,0.0,-112.83870866774068,-5.558146014093297,146.678,183.607,5.524629676194645,0.06078874794778849,-0.10056021503725884,-12.555123003485242,1.4117509678689828,2.6629000000000076,0.0,-0.021634974352925978,final_approach,1.5474380422834955,0.2048008367486709,-10.762651628814814,
77.125,63.96350735,-22.60555771,292.07,185.794,-0.082,-5.0835,2.6794,-0.0083,-0.0852,-0.0316,68.86,72.741,-10.2436,122.7356,3.0575,0.0,0.0,0.0,-0.03,1308.3,0.0,3.7,150.0,0,77.125,0.025919447956999575,0.10846294599225643,-0.03,-0.04406219675789025,0.42986941221241787,1.0,0.0,-108.78537922358343,-5.458633800174433,145.57,182.294,5.531360989366419,0.06024605515844747,-0.09888637091064847,-12.517727729168195,1.4070156476800832,2.659400000000005,0.0,-0.021222160056657852,final_approach,1.5410503861301272,0.20230712980348997,-10.783987839437803,
77.2,63.96353252,-22.60555628,291.301,184.883,-0.0826,-5.0898,2.6771,-0.0081,-0.0853,-0.0316,68.859,72.739,-10.2565,122.7316,3.0504,0.0,0.0,0.0,-0.03,1307.6,0.0,3.7,150.0,0,77.2,0.025875290772483572,0.10848949903946112,-0.03,-0.044026725344474715,0.4293371818194679,1.0,0.0,-105.97948525831418,-5.389552201728382,144.801,181.383,5.53601506350408,0.06054743293795213,-0.09772161390243883,-12.493762530887956,1.4037496378748813,2.657100000000014,0.0,-0.02050499399090682,final_approach,1.536836134175843,0.2008760374768901,-10.798697401174117,
77.317,63.96357167,-22.60555407,290.103,183.465,-0.0835,-5.0998,2.6734,-0.0084,-0.0856,-0.0317,68.857,72.735,-10.2766,122.7254,3.0393,0.0,0.0,0.0,-0.03,1306.4,0.0,3.7,150.0,0,77.317,0.025805410742295976,0.1085307709013942,-0.03,-0.043969648827558994,0.4285078360029935,1.0,0.0,-101.6151331487046,-5.282799495132888,143.603,179.965,5.543296952298931,0.06082925507628707,-0.09591848801231405,-12.456259320114937,1.3986425589833686,2.653400000000005,0.0,-0.02019490518209517,final_approach,1.5302665997606404,0.198668885223384,-10.821642403502755,
77.425,63.96361081,-22.60555187,288.903,182.044,-0.0845,-5.1097,2.6697,-0.0083,-0.0859,-0.0318,68.855,72.731,-10.2968,122.7193,3.0282,0.0,0.0,0.0,-0.03,1305.2,0.0,3.7,150.0,0,77.425,0.025758452822313482,0.10857162703556089,-0.03,-0.04391255529708993,0.42767689494917194,1.0,0.0,-97.25189597759305,-5.17653633656093,142.40300000000002,178.544,5.550629728772389,0.062007058973229334,-0.09411923501903302,-12.421581663944577,1.3935337901264404,2.6496999999999957,0.0,-0.020042506394493308,final_approach,1.5240189731572364,0.1969501047185478,-10.844661022489133,
77.5,63.96363598,-22.60555046,288.13,181.13,-0.0851,-5.1162,2.6673,-0.0083,-0.0861,-0.0318,68.854,72.729,-10.3098,122.7155,3.0211,0.0,0.0,0.0,-0.03,1304.5,0.0,3.7,150.0,0,77.5,0.0257138714700198,0.10859854386518106,-0.03,-0.043875512567681796,0.4271419468657856,1.0,0.0,-94.44600235436462,-5.108434612764615,141.63,177.63,5.555370322861477,0.0622072026756643,-0.09296379425460609,-12.39749999435381,1.3902645714742619,2.6473000000000013,0.0,-0.019432581570757234,final_approach,1.519803241876243,0.1955216108019613,-10.85949585632522,
77.617,63.96367233,-22.60554843,287.012,179.807,-0.086,-5.1255,2.6639,-0.0084,-0.0865,-0.0318,68.853,72.726,-10.3285,122.7101,3.0107,0.0,0.0,0.0,-0.03,1303.4,0.0,3.7,150.0,0,77.617,0.025636273384718578,0.10864001673569601,-0.03,-0.04382302313802311,0.4263678322447192,1.0,0.0,-90.39378819074622,-5.010391821519023,140.512,176.307,5.562258342216212,0.06165132894586618,-0.09129710890348948,-12.359831506117537,1.3854735719432085,2.643900000000002,0.0,-0.018442984023147396,final_approach,1.5133928131216372,0.19307753187681875,-10.880985191731988,
77.725,63.96371147,-22.60554625,285.806,178.38,-0.087,-5.1355,2.6601,-0.0083,-0.0868,-0.0319,68.852,72.722,-10.3488,122.7044,2.9996,0.0,0.0,0.0,-0.03,1302.2,0.0,3.7,150.0,0,77.725,0.025588466501582974,0.10868355789834927,-0.03,-0.04376434153024972,0.42553222985439115,1.0,0.0,-86.03055136167548,-4.905108537596801,139.30599999999998,174.88,5.569731221328477,0.06290832830715125,-0.08950288351004225,-12.325002424114603,1.380358890420581,2.6400999999999897,0.0,-0.017608099953695156,final_approach,1.5071338955712683,0.19135061979184087,-10.904211029077354,
77.8,63.96373663,-22.60554485,285.029,177.462,-0.0876,-5.142,2.6577,-0.0082,-0.0869,-0.0319,68.851,72.72,-10.3618,122.7008,2.9925,0.0,0.0,0.0,-0.03,1301.5,0.0,3.7,150.0,0,77.8,0.025543378132278638,0.10871159449796189,-0.03,-0.04372727025221779,0.42499640404858413,1.0,0.0,-83.22577267694516,-4.837496361998083,138.529,173.962,5.574544123287204,0.06311894460868482,-0.0883480901171061,-12.300816024813098,1.3770865535335872,2.6376999999999953,0.0,-0.017219484806395277,final_approach,1.502906666947176,0.1899094678656592,-10.919120813122895,
77.917,63.96377297,-22.60554284,283.905,176.133,-0.0885,-5.1514,2.6543,-0.0082,-0.0874,-0.0319,68.85,72.717,-10.3807,122.6958,2.9822,0.0,0.0,0.0,-0.03,1300.4,0.0,3.7,150.0,0,77.917,0.02546268500380322,0.10875157308089052,-0.03,-0.04367474041466601,0.4242211934617235,1.0,0.0,-79.17467362284523,-4.740433056100895,137.40499999999997,172.633,5.581536685466186,0.0625600352921115,-0.08668734693271514,-12.262985261907454,1.372336478720399,2.634299999999996,0.0,-0.016431077873727436,final_approach,1.4964849078201077,0.1873865032316573,-10.940714480344184,
78.025,63.96381211,-22.60554068,282.693,174.7,-0.0894,-5.1616,2.6506,-0.0083,-0.0876,-0.0319,68.848,72.713,-10.4011,122.6904,2.971,0.0,0.0,0.0,-0.03,1299.2,0.0,3.7,150.0,0,78.025,0.025413850612258926,0.1087958809893496,-0.03,-0.04361755936348488,0.4233804585778551,1.0,0.0,-74.81143713581525,-4.636129646828411,136.19299999999998,171.2,5.589160308567861,0.06389821320897343,-0.08489820271058655,-12.22800752085733,1.367170470757003,2.630599999999987,0.0,-0.016620845205068093,final_approach,1.4902150851962332,0.18572058233412392,-10.964164127176538,
78.1,63.96383448,-22.60553944,281.999,173.881,-0.09,-5.1674,2.6484,-0.0083,-0.0878,-0.032,68.848,72.712,-10.4128,122.6875,2.9647,0.0,0.0,0.0,-0.03,1298.6,0.0,3.7,150.0,0,78.1,0.025357300844193742,0.10882197187195833,-0.03,-0.04358355180897466,0.42290009947282153,1.0,0.0,-72.31768128755769,-4.57624790123119,135.49900000000002,170.381,5.593535103636841,0.06297027782743458,-0.08386847729764571,-12.203727637852515,1.3642628307256928,2.628399999999999,0.0,-0.01510985927733463,final_approach,1.4861405168685309,0.18395940349019746,-10.977576743715254,
78.217,63.96387361,-22.6055373,280.783,172.444,-0.0909,-5.1776,2.6447,-0.0085,-0.0882,-0.0319,68.847,72.708,-10.4332,122.6824,2.9535,0.0,0.0,0.0,-0.03,1297.4,0.0,3.7,150.0,0,78.217,0.025289539807046568,0.1088682394629858,-0.03,-0.043526343826486846,0.422059070972585,1.0,0.0,-67.95555991004619,-4.47292397730711,134.28300000000002,168.944,5.601228443744144,0.06343440546488999,-0.08208941021358253,-12.165737561059878,1.359092711608298,2.62469999999999,0.0,-0.014513236483672304,final_approach,1.4795450752083994,0.18180823883846386,-11.001085657267542,
78.325,63.96390995,-22.60553531,279.652,171.108,-0.0918,-5.1871,2.6413,-0.0084,-0.0885,-0.032,68.846,72.706,-10.4523,122.6778,2.9432,0.0,0.0,0.0,-0.03,1296.3,0.0,3.7,150.0,0,78.325,0.02522720821025487,0.10891082568547886,-0.03,-0.04347375946015508,0.42127422655567826,1.0,0.0,-63.904461197987054,-4.376840546059658,133.152,167.608,5.608447279227777,0.06400218276955674,-0.08043040743794594,-12.130627389843358,1.3543366393507483,2.621299999999991,0.0,-0.014035602190535871,final_approach,1.473429922079049,0.17975704319828978,-11.02305382446463,
78.4,63.9639379,-22.60553379,278.78,170.079,-0.0925,-5.1945,2.6386,-0.0084,-0.0887,-0.0321,68.845,72.703,-10.467,122.6743,2.9352,0.0,0.0,0.0,-0.03,1295.5,0.0,3.7,150.0,0,78.4,0.02519908313902902,0.10894260491966859,-0.03,-0.04343199115255353,0.4206726185591905,1.0,0.0,-60.78866036086544,-4.303457689410794,132.27999999999997,166.579,5.614006965245267,0.06569001012460747,-0.07916100670451595,-12.106237896871587,1.350641530207099,2.6185999999999865,0.0,-0.013971759567159564,final_approach,1.469028666058918,0.17869128723467398,-11.039912750694441,
78.508,63.96397424,-22.60553181,277.645,168.739,-0.0934,-5.2041,2.6351,-0.0082,-0.0892,-0.032,68.844,72.701,-10.4861,122.6699,2.9249,0.0,0.0,0.0,-0.03,1294.4,0.0,3.7,150.0,0,78.508,0.025135798880081606,0.10898664608391287,-0.03,-0.04337783371091258,0.4198861430470735,1.0,0.0,-56.737561819826695,-4.207864195488212,131.14499999999998,165.239,5.6213099731596925,0.0660117490458558,-0.07750339182472964,-12.071025806759923,1.3458825672851162,2.6151000000000124,0.0,-0.013543350448263635,final_approach,1.4629033689381856,0.176629135554359,-11.061978181462882,
78.625,63.96401057,-22.60552984,276.508,167.404,-0.0943,-5.2137,2.6316,-0.0078,-0.0896,-0.0321,68.844,72.698,-10.5053,122.6657,2.9145,0.0,0.0,0.0,-0.03,1293.3,0.0,3.7,150.0,0,78.625,0.02505598622728572,0.10903091893008278,-0.03,-0.0433236612240423,0.41909910860657074,1.0,0.0,-52.68757821728607,-4.112760249763225,130.00799999999998,163.904,5.6286584151939705,0.06547765701724123,-0.07585045514502671,-12.032823309365526,1.3410743431691685,2.61160000000001,0.0,-0.012312136771148759,final_approach,1.4564480122806565,0.1741431788214527,-11.084089002219354,
78.7,63.96403573,-22.60552849,275.719,166.479,-0.0949,-5.2204,2.6292,-0.0076,-0.0897,-0.0322,68.843,72.696,-10.5186,122.6629,2.9073,0.0,0.0,0.0,-0.03,1292.6,0.0,3.7,150.0,0,78.7,0.02501380505201395,0.10906047385292666,-0.03,-0.04328650568886716,0.41855461111468517,1.0,0.0,-49.88280038765767,-4.047597760614789,129.219,162.979,5.63376626580032,0.06591549330625515,-0.07471613856176565,-12.008344961484243,1.3377441769136738,2.609199999999987,0.0,-0.012404972822244963,final_approach,1.452213082480899,0.1727776488324615,-11.099403581612838,
78.808,63.96407206,-22.60552653,274.579,165.141,-0.0957,-5.2301,2.6257,-0.0081,-0.0902,-0.0322,68.843,72.694,-10.5379,122.6588,2.897,0.0,0.0,0.0,-0.03,1291.5,0.0,3.7,150.0,0,78.808,0.02494646196494682,0.10910640700518519,-0.03,-0.043232307877206055,0.4177618961155859,1.0,0.0,-45.83281695613737,-3.9529837520406104,128.079,161.641,5.641238194551183,0.06646033200037063,-0.0730649606213499,-11.973005935370004,1.3329809501817067,2.605700000000013,0.0,-0.011277248020222693,final_approach,1.44608114056334,0.17071188708615992,-11.121725446896324,
78.925,63.96411118,-22.60552443,273.348,163.698,-0.0966,-5.2406,2.622,-0.0081,-0.0906,-0.0322,68.843,72.691,-10.5587,122.6547,2.8858,0.0,0.0,0.0,-0.03,1290.3,0.0,3.7,150.0,0,78.925,0.024877372144008425,0.10915484827036998,-0.03,-0.04317499673666364,0.4169112299070024,1.0,0.0,-41.47181102939304,-3.8516191881149466,126.84800000000001,160.198,5.649304086218621,0.06687348417044925,-0.07129168777969933,-11.93465233969229,1.3277972013133592,2.602000000000004,0.0,-0.010252043654747904,final_approach,1.4394503502557825,0.16852790368229442,-11.145713626926812,
79.033,63.96414751,-22.60552249,272.203,162.358,-0.0975,-5.2504,2.6185,-0.0081,-0.0908,-0.0323,68.842,72.689,-10.5781,122.6509,2.8754,0.0,0.0,0.0,-0.03,1289.2,0.0,3.7,150.0,0,79.033,0.024816880304833755,0.10919964456064546,-0.03,-0.04312076808346288,0.4161173248810472,1.0,0.0,-37.42182794070562,-3.7579850541902284,125.70299999999997,158.858,5.656877201529934,0.0674148098199931,-0.06964969163146048,-11.899209757965595,1.3229833119551415,2.5985000000000014,0.0,-0.010161790527889287,final_approach,1.4333181869938336,0.16653826047116738,-11.168133723565711,
79.108,63.96417267,-22.60552115,271.409,161.429,-0.0981,-5.2572,2.6161,-0.008,-0.091,-0.0323,68.842,72.687,-10.5916,122.6484,2.8683,0.0,0.0,0.0,-0.03,1288.5,0.0,3.7,150.0,0,79.108,0.024771098527691215,0.10923161579194396,-0.03,-0.04308357406980973,0.41556538198737597,1.0,0.0,-34.617050281305524,-3.693312502366938,124.90899999999999,157.929,5.662168511089695,0.06793747387168611,-0.06851322598532247,-11.874600225519579,1.3196956955731025,2.596100000000007,0.0,-0.009237991388990261,final_approach,1.4290649363026802,0.16508084557468727,-11.18373943137324,
79.217,63.96421179,-22.60551907,270.172,159.983,-0.0991,-5.2678,2.6123,-0.0083,-0.0915,-0.0323,68.842,72.685,-10.6126,122.6447,2.8571,0.0,0.0,0.0,-0.03,1287.3,0.0,3.7,150.0,0,79.217,0.02472246598454325,0.10928162674547537,-0.03,-0.043024669168172436,0.4147072018461763,1.0,0.0,-30.256044697394007,-3.592927812916675,123.67200000000003,156.483,5.6704391908462615,0.06926086088170563,-0.06674527136248742,-11.838731079278704,1.3145066557353289,2.5922999999999945,0.0,-0.008398173989991146,final_approach,1.422719364477988,0.16333530859375145,-11.208034463936194,
79.325,63.96424812,-22.60551715,269.021,158.637,-0.0999,-5.2777,2.6088,-0.008,-0.092,-0.0324,68.842,72.683,-10.6321,122.6413,2.8467,0.0,0.0,0.0,-0.03,1286.2,0.0,3.7,150.0,0,79.325,0.02465783880506439,0.10932953611086044,-0.03,-0.04297039907476358,0.4139080490557549,1.0,0.0,-26.2060619499553,-3.5002735536419705,122.52100000000002,155.137,5.678189509097341,0.06967775173950642,-0.06510954507726076,-11.803143478261644,1.309687574560968,2.588799999999992,0.0,-0.007634703627264678,final_approach,1.4165783242720984,0.16134009024950302,-11.230692386081692,
79.408,63.96427327,-22.60551583,268.223,157.704,-0.1005,-5.2846,2.6064,-0.0077,-0.0923,-0.0324,68.842,72.681,-10.6457,122.6391,2.8395,0.0,0.0,0.0,-0.03,1285.5,0.0,3.7,150.0,0,79.408,0.02459766277118758,0.10936210939416949,-0.03,-0.04293317667138219,0.41335330369851125,1.0,0.0,-23.402399400865754,-3.4365804871668066,121.72300000000001,154.204,5.683597513923316,0.06892424055797294,-0.06398301244622986,-11.775798704671491,1.306349456774683,2.5863999999999976,0.0,-0.006940639661149707,final_approach,1.4120302019397286,0.15951383922516094,-11.246440196830365,
79.517,63.96431239,-22.60551377,266.98,156.251,-0.1014,-5.2953,2.6026,-0.0078,-0.0928,-0.0324,68.842,72.679,-10.6668,122.6357,2.8284,0.0,0.0,0.0,-0.03,1284.3,0.0,3.7,150.0,0,79.517,0.024542081825891904,0.10941561975036103,-0.03,-0.04287422686332504,0.41248681083862226,1.0,0.0,-19.041394158202937,-3.3371756723665578,120.48000000000002,152.751,5.692091333040633,0.0704243581367162,-0.06222044607706041,-11.739795331333585,1.3012030293152748,2.5826000000000136,0.0,-0.006309672419227006,final_approach,1.4056757738821588,0.15769060863296325,-11.271069888336994,
79.633,63.96434871,-22.60551187,265.823,154.9,-0.1022,-5.3054,2.5991,-0.0077,-0.0933,-0.0325,68.842,72.677,-10.6865,122.6328,2.818,0.0,0.0,0.0,-0.03,1283.2,0.0,3.7,150.0,0,79.633,0.024459865919670976,0.10946366803597338,-0.03,-0.04281991545647412,0.4116834407296716,1.0,0.0,-14.992526520282683,-3.2455008984402567,119.32299999999998,151.4,5.700018169611044,0.07007609811739499,-0.06059103531868493,-11.701430016149397,1.29637780854938,2.579100000000011,0.0,-0.005736065835660915,final_approach,1.3992300692335498,0.15524481225783937,-11.293940704894617,
79.708,63.96437386,-22.60551055,265.021,153.963,-0.1028,-5.3124,2.5966,-0.0076,-0.0936,-0.0325,68.842,72.676,-10.7002,122.6308,2.8108,0.0,0.0,0.0,-0.03,1282.5,0.0,3.7,150.0,0,79.708,0.024415509811304303,0.10949784597845275,-0.03,-0.0427811124858804,0.4111236660463681,1.0,0.0,-12.188863971193136,-3.1818078319650924,118.52100000000002,150.463,5.705571432522115,0.0707373326779856,-0.05945625094988251,-11.676635659930264,1.2930370441280843,2.5766000000000133,0.0,-0.0052146053051462865,final_approach,1.3949571375835141,0.15383788896296302,-11.309897004273898,
79.817,63.96441297,-22.60550852,263.771,152.503,-0.1037,-5.3233,2.5928,-0.0079,-0.0942,-0.0325,68.843,72.674,-10.7215,122.6279,2.7996,0.0,0.0,0.0,-0.03,1281.3,0.0,3.7,150.0,0,79.817,0.024363220408982034,0.10955200247790788,-0.03,-0.042722117448417696,0.4102545780300107,1.0,0.0,-7.828974009861263,-3.083872439837839,117.27100000000002,149.003,5.714242909617734,0.07220691652159211,-0.05770825774743261,-11.640500750460323,1.2878378143898601,2.572800000000001,0.0,-0.003906521920437555,final_approach,1.3886061958900804,0.1520996027800603,-11.334703584305577,
79.925,63.9644493,-22.60550664,262.609,151.146,-0.1046,-5.3335,2.5893,-0.0078,-0.0947,-0.0326,68.843,72.672,-10.7413,122.6254,2.7892,0.0,0.0,0.0,-0.03,1280.2,0.0,3.7,150.0,0,79.925,0.024302266231125746,0.10960571317113012,-0.03,-0.04266776443124093,0.4094378649603654,1.0,0.0,-3.778991946504076,-2.993177929688549,116.10899999999998,147.646,5.722447865688075,0.07283439967901335,-0.056085285554978735,-11.604652158598602,1.2830076701353335,2.5692999999999984,0.0,-0.0035513835640341405,final_approach,1.3824509388094057,0.15009959715631283,-11.358052531916679,
80.008,63.96447444,-22.60550534,261.803,150.205,-0.1051,-5.3405,2.5869,-0.0076,-0.0951,-0.0326,68.843,72.671,-10.7551,122.6237,2.782,0.0,0.0,0.0,-0.03,1279.5,0.0,3.7,150.0,0,80.008,0.02423727838496581,0.10964102969919852,-0.03,-0.042630485219131264,0.4088742485238203,1.0,0.0,-0.9764445069329856,-2.9304643485617885,115.303,146.705,5.728142387341481,0.0721301155024027,-0.054960550674467055,-11.577107679999127,1.2796632718791443,2.566900000000004,0.0,-0.0032285305127583096,final_approach,1.3778815490317022,0.1482507014481147,-11.374187002204765,
80.117,63.96451356,-22.60550332,260.546,148.745,-0.106,-5.3516,2.5831,-0.0077,-0.0957,-0.0327,68.844,72.67,-10.7766,122.6212,2.7709,0.0,0.0,0.0,-0.03,1278.3,0.0,3.7,150.0,0,80.117,0.0241813282726126,0.10969673627540612,-0.03,-0.04257144555264408,0.4079981706633713,1.0,0.0,3.3845600516483074,-2.833019282886953,114.04599999999999,145.245,5.737047128418494,0.07372424162969737,-0.05320893594117439,-11.540843962779382,1.2745058503401765,2.5630999999999915,0.0,-0.0021009993819149915,final_approach,1.3715105695678211,0.14641905874478134,-11.39930103345604,
80.233,63.96454988,-22.60550146,259.378,147.388,-0.1068,-5.362,2.5795,-0.0076,-0.0962,-0.0327,68.845,72.668,-10.7967,122.6191,2.7605,0.0,0.0,0.0,-0.03,1277.2,0.0,3.7,150.0,0,80.233,0.024098204285491864,0.10975099776209467,-0.03,-0.04251549714401115,0.4071755532599404,1.0,0.0,7.433427005487036,-2.743304258086067,112.87799999999999,143.888,5.745468572127579,0.07353664346883523,-0.051592410558229856,-11.502204085748057,1.269670913704175,2.559500000000014,0.0,-0.0011263003785396647,final_approach,1.3650492320927228,0.14396429956015844,-11.422921486846521,
80.308,63.96457502,-22.60550017,258.568,146.448,-0.1074,-5.3692,2.5771,-0.0075,-0.0965,-0.0328,68.845,72.667,-10.8106,122.6177,2.7533,0.0,0.0,0.0,-0.03,1276.5,0.0,3.7,150.0,0,80.308,0.02405437707800262,0.10978854260521377,-0.03,-0.04247818951511079,0.40660569413693937,1.0,0.0,10.23597427403773,-2.6810806142841743,112.06799999999998,142.948,5.7513371947168155,0.07432191975566574,-0.0504686180352228,-11.477233721886327,1.2663229774146316,2.5570999999999913,0.0,-0.0010239094350360588,final_approach,1.360769826128621,0.14255841079092413,-11.439306614952576,
80.417,63.96461414,-22.60549818,257.305,144.984,-0.1083,-5.3804,2.5732,-0.008,-0.0972,-0.0328,68.846,72.666,-10.8324,122.6157,2.7421,0.0,0.0,0.0,-0.03,1275.3,0.0,3.7,150.0,0,80.417,0.024001245708911212,0.10984616868866776,-0.03,-0.04241754980688223,0.40571848600835675,1.0,0.0,14.596978319557836,-2.5851053605839454,110.805,141.484,5.760531692580312,0.0759937983644257,-0.048731803576512425,-11.440844872619982,1.261113050263475,2.553200000000004,0.0,-9.679840215552973e-05,final_approach,1.3544033680390797,0.14081282880410662,-11.464853161757672,
80.533,63.96465046,-22.60549633,256.13,143.621,-0.1091,-5.391,2.5697,-0.0077,-0.0977,-0.0329,68.847,72.665,-10.8528,122.614,2.7317,0.0,0.0,0.0,-0.03,1274.2,0.0,3.7,150.0,0,80.533,0.02391775481280861,0.10989904047290582,-0.03,-0.04236311395931269,0.4048921733290149,1.0,0.0,18.64584510237617,-2.495880273107928,109.63,140.121,5.769159501003098,0.07572444177320853,-0.04711258268126425,-11.402071998703544,1.2562734544640364,2.5497000000000014,0.0,0.000695700512139618,final_approach,1.3479227307110158,0.13833595678661048,-11.488686837249128,
80.6,63.9646756,-22.60549506,255.316,142.677,-0.1097,-5.3983,2.5672,-0.0075,-0.098,-0.0329,68.848,72.664,-10.8669,122.6129,2.7245,0.0,0.0,0.0,-0.03,1273.4,0.0,3.7,150.0,0,80.6,0.023891479391787707,0.10993872218700441,-0.03,-0.042324222187885674,0.4043153466428866,1.0,0.0,21.448392028886133,-2.4346365037817126,108.816,139.177,5.775219856295965,0.07817921215644862,-0.04599900822082763,-11.37968930479057,1.2529220774508474,2.5472000000000037,0.0,0.0019893071141633954,final_approach,1.3439470786742973,0.13739371848629212,-11.505347893119874,
80.717,63.96471471,-22.60549309,254.046,141.206,-0.1106,-5.4097,2.5634,-0.0076,-0.0987,-0.0329,68.849,72.663,-10.889,122.6113,2.7133,0.0,0.0,0.0,-0.03,1272.3,0.0,3.7,150.0,0,80.717,0.023820892078383282,0.10999588039364111,-0.03,-0.042265092309549,0.4034227053000337,1.0,0.0,25.80828096488778,-2.339640735429887,107.54599999999999,137.706,5.784660248445512,0.07859719552858868,-0.0442678421583251,-11.340487854034409,1.24770753905608,2.5433999999999912,0.0,0.0025854617898802717,final_approach,1.3372710373289713,0.13518782155863285,-11.531169223754468,
80.825,63.96475103,-22.60549126,252.866,139.837,-0.1114,-5.4204,2.5598,-0.0073,-0.0992,-0.0329,68.85,72.662,-10.9096,122.6101,2.703,0.0,0.0,0.0,-0.03,1271.2,0.0,3.7,150.0,0,80.825,0.023751802832575386,0.1100537672014155,-0.03,-0.042209058538951405,0.40258165660677914,1.0,0.0,29.857147405665323,-2.2513955226036066,106.36600000000001,136.337,5.793625241903243,0.0793325293876057,-0.0426552064224214,-11.304268860053504,1.242909092524826,2.539800000000014,0.0,0.0031921706507249325,final_approach,1.3310853510675678,0.13309400796073234,-11.555541097989249,
80.9,63.96477617,-22.60549,252.047,138.888,-0.1119,-5.4278,2.5573,-0.0073,-0.0995,-0.0329,68.851,72.662,-10.9239,122.6093,2.6958,0.0,0.0,0.0,-0.03,1270.4,0.0,3.7,150.0,0,80.9,0.023703578775137013,0.11009274158968115,-0.03,-0.042170137053977874,0.4020021170476249,1.0,0.0,32.65969416115489,-2.19064169060226,105.547,135.388,5.799843165665722,0.0799280495174027,-0.04154265610522437,-11.279123887111261,1.239554373516171,2.5372999999999877,0.0,0.004114094530967801,final_approach,1.326799987313187,0.13168934797155885,-11.572359452190522,
81.017,63.96481249,-22.60548819,250.862,137.502,-0.1127,-5.4386,2.5538,-0.0075,-0.1001,-0.0329,68.853,72.661,-10.9446,122.6083,2.6854,0.0,0.0,0.0,-0.03,1269.3,0.0,3.7,150.0,0,81.017,0.023618223101146973,0.11015107696965515,-0.03,-0.04211563439598415,0.4011612866151326,1.0,0.0,36.708560259891705,-2.1033763522516558,104.362,134.002,5.8089242909099745,0.07954278377768342,-0.03994130848703171,-11.239808437044513,1.2347069843864915,2.5338000000000136,0.0,0.005294087491241517,final_approach,1.320280474440903,0.1291655385127619,-11.596796354882821,
81.125,63.96484881,-22.60548638,249.675,136.142,-0.1135,-5.4494,2.5502,-0.0076,-0.1005,-0.0329,68.854,72.66,-10.9655,122.6074,2.675,0.0,0.0,0.0,-0.03,1268.2,0.0,3.7,150.0,0,81.125,0.023551865477106415,0.11020813664705248,-0.03,-0.04205955922465776,0.40031553490601124,1.0,0.0,40.75742635862851,-2.0161110139010523,103.17500000000001,132.642,5.8181313744323235,0.08049411537391621,-0.038335657374305936,-11.203485377667576,1.229858479143786,2.5302000000000078,0.0,0.00565455765197439,final_approach,1.3140914865681914,0.1271422848730559,-11.621419472177637,
81.2,63.96487395,-22.60548514,248.852,135.189,-0.1141,-5.4569,2.5477,-0.0076,-0.1008,-0.033,68.855,72.66,-10.98,122.607,2.6678,0.0,0.0,0.0,-0.03,1267.5,0.0,3.7,150.0,0,81.2,0.023508093995976753,0.11024864570815975,-0.03,-0.04202060901772098,0.3997282204539478,1.0,0.0,43.55997277207729,-1.9563370565494431,102.352,131.689,5.8245688446330695,0.0813839188132539,-0.03723370665178237,-11.17826919222229,1.2264995022498795,2.52770000000001,0.0,0.006352628168467309,final_approach,1.3098114887898795,0.12575214228337828,-11.638544191441492,
81.308,63.96491306,-22.6054832,247.57,133.704,-0.115,-5.4687,2.5439,-0.0079,-0.1016,-0.0329,68.857,72.659,-11.0026,122.6064,2.6567,0.0,0.0,0.0,-0.03,1266.3,0.0,3.7,150.0,0,81.308,0.02345395068734607,0.11031482031871488,-0.03,-0.04196139040838731,0.3988083085153548,1.0,0.0,47.91986119501781,-1.862811099998163,101.07,130.204,5.834725511584491,0.08349380109657129,-0.03550510813749873,-11.141861974809139,1.221320851128894,2.5238999999999976,0.0,0.0074586182002861585,final_approach,1.3034513893461614,0.12396892086566247,-11.665409434836787,
81.425,63.96494938,-22.60548142,246.377,132.323,-0.1158,-5.4797,2.5403,-0.0076,-0.1022,-0.0329,68.859,72.659,-11.0237,122.606,2.6463,0.0,0.0,0.0,-0.03,1265.2,0.0,3.7,150.0,0,81.425,0.023368143861305257,0.11037703195311631,-0.03,-0.041905272678160355,0.3979503075942315,1.0,0.0,51.96872678069342,-1.7770155736221656,99.87700000000001,128.823,5.844281329804794,0.08319044424757525,-0.033915529632930055,-11.102376830074439,1.2164670823290749,2.5202999999999918,0.0,0.008334563554258207,final_approach,1.2969271392767858,0.12144757137778939,-11.6905141032599,
81.533,63.96498569,-22.60547964,245.181,130.94,-0.1166,-5.4907,2.5368,-0.0075,-0.1028,-0.033,68.861,72.659,-11.0449,122.6058,2.6359,0.0,0.0,0.0,-0.03,1264.1,0.0,3.7,150.0,0,81.533,0.023302530457879778,0.1104377265846601,-0.03,-0.041850698969294,0.397093820583738,1.0,0.0,56.016477598891385,-1.6912196579448338,98.68100000000001,127.44,5.853901757074543,0.08417170858555494,-0.03232163807003825,-11.065899010397734,1.2116112556653036,2.5167999999999893,0.0,0.00926037764192621,final_approach,1.2907351408313872,0.1194308093215124,-11.71562066096419,
81.608,63.96501084,-22.60547841,244.352,129.981,-0.1172,-5.4984,2.5343,-0.0075,-0.1032,-0.033,68.862,72.659,-11.0597,122.6057,2.6287,0.0,0.0,0.0,-0.03,1263.3,0.0,3.7,150.0,0,81.608,0.023258031039299576,0.11048085166118536,-0.03,-0.04181170882176355,0.39649415740196153,1.0,0.0,58.820138608797485,-1.6319360270453667,97.852,126.481,5.860686872547104,0.085221124871431,-0.031217837278390802,-11.040575600667617,1.2082491246780194,2.5142999999999915,0.0,0.009630646341133557,final_approach,1.286439952684912,0.11802248945738647,-11.733226550436601,
81.717,63.96504995,-22.60547651,243.06,128.491,-0.1181,-5.5105,2.5304,-0.0076,-0.1041,-0.033,68.865,72.659,-11.0827,122.6058,2.6175,0.0,0.0,0.0,-0.03,1262.1,0.0,3.7,150.0,0,81.717,0.02320474636893538,0.11055060039816776,-0.03,-0.04175086935336686,0.3955608371016563,1.0,0.0,63.180026347656494,-1.5403698196195008,96.56,124.99100000000001,5.8713300276248965,0.08729154148734368,-0.02950919230425422,-11.00367801127969,1.2030165669868893,2.510400000000004,0.0,0.011257218108286771,final_approach,1.2800498202734936,0.11627528907803075,-11.760674328423665,
81.833,63.96508626,-22.60547475,241.859,127.107,-0.1189,-5.5217,2.5269,-0.0073,-0.1048,-0.033,68.867,72.659,-11.1043,122.6061,2.6072,0.0,0.0,0.0,-0.03,1261.0,0.0,3.7,150.0,0,81.833,0.02311839829616691,0.1106157814181763,-0.03,-0.041696254450136916,0.39468480924241633,1.0,0.0,67.22777682381366,-1.4555537785919066,95.35900000000001,123.607,5.881413515859369,0.08723072169128106,-0.02792214321480905,-10.964369424915661,1.1982024058001173,2.5069000000000017,0.0,0.01180123276302681,final_approach,1.2735476772589465,0.11372750695162814,-11.786488469647049,
81.908,63.9651114,-22.60547353,241.025,126.147,-0.1194,-5.5296,2.5244,-0.007,-0.1052,-0.033,68.868,72.659,-11.1192,122.6064,2.6,0.0,0.0,0.0,-0.03,1260.2,0.0,3.7,150.0,0,81.908,0.023069770703851522,0.11066040866662381,-0.03,-0.04165723490716633,0.39408133445428495,1.0,0.0,70.03032289522163,-1.3967596958900348,94.525,122.647,5.888413712806159,0.08824826129115608,-0.026819451396442057,-10.938969960208105,1.1948362763058924,2.504400000000004,0.0,0.011940514633043192,final_approach,1.269244875907372,0.11231372396172112,-11.804300366941058,
82.017,63.96514772,-22.60547178,239.819,124.759,-0.1202,-5.541,2.5208,-0.0073,-0.1062,-0.033,68.871,72.659,-11.141,122.6069,2.5896,0.0,0.0,0.0,-0.03,1259.1,0.0,3.7,150.0,0,82.017,0.023001219809303808,0.11072678959387067,-0.03,-0.04160103375269347,0.39320078799866093,1.0,0.0,74.0791879678362,-1.3124339811405221,93.31899999999999,121.259,5.8987085168464395,0.08928150832409965,-0.0252345373887701,-10.901975600594726,1.1899734458193905,2.500799999999998,0.0,0.013357098373659166,final_approach,1.2630053578353682,0.11023579194470656,-11.830333244791772,
82.133,63.96518683,-22.60546991,238.518,123.262,-0.121,-5.5534,2.517,-0.0073,-0.1069,-0.033,68.874,72.659,-11.1645,122.6077,2.5785,0.0,0.0,0.0,-0.03,1257.9,0.0,3.7,150.0,0,82.133,0.022926215422185592,0.11080159127121861,-0.03,-0.041541693667331625,0.3922455403639181,1.0,0.0,78.43907519363401,-1.2223375856892622,92.018,119.762,5.909987323399706,0.09060643876615598,-0.023536665062671776,-10.862551548086364,1.1847807175257117,2.497000000000014,0.0,0.014493913882009997,final_approach,1.2563441243887965,0.10801926911111437,-11.858632950957054,
82.2,63.96521197,-22.60546871,237.68,122.298,-0.1215,-5.5614,2.5145,-0.0071,-0.1073,-0.0331,68.875,72.659,-11.1797,122.6084,2.5713,0.0,0.0,0.0,-0.03,1257.2,0.0,3.7,150.0,0,82.2,0.022896101064796615,0.11084856422346258,-0.03,-0.041502644825110624,0.3916297667470391,1.0,0.0,81.24162092300126,-1.164523377463067,91.18,118.798,5.917320319595786,0.09374664970831255,-0.0224445658717629,-10.839795635542377,1.1814107131255867,2.494499999999988,0.0,0.014533137450408906,final_approach,1.2523520826050998,0.1070803810936134,-11.87690804722,
82.317,63.96524829,-22.60546698,236.468,120.904,-0.1223,-5.573,2.5109,-0.007,-0.1084,-0.033,68.878,72.66,-11.2018,122.6094,2.561,0.0,0.0,0.0,-0.03,1256.1,0.0,3.7,150.0,0,82.317,0.022806746179130366,0.11092014390547301,-0.03,-0.041446401522455045,0.39073196318522785,1.0,0.0,85.29048565357502,-1.081177537363292,89.96799999999999,117.404,5.928101624747561,0.0934801926369493,-0.020866611151116102,-10.799961826068445,1.17658980061006,2.4909000000000106,0.0,0.015542945467737983,final_approach,1.24580154735348,0.10446972700241375,-11.903599371870428,
82.425,63.9652874,-22.60546512,235.159,119.408,-0.1231,-5.5856,2.5071,-0.0068,-0.1092,-0.0331,68.881,72.661,-11.2257,122.6108,2.5498,0.0,0.0,0.0,-0.03,1254.9,0.0,3.7,150.0,0,82.425,0.022751817011837983,0.1109961075995538,-0.03,-0.04138701700210973,0.3897656625685678,1.0,0.0,89.65037270835244,-0.9915710792369006,88.65899999999999,115.908,5.939827220404665,0.09599521555718592,-0.01916536271077294,-10.76315182266736,1.171344676618503,2.487099999999998,0.0,0.016655202950468875,final_approach,1.239429189347831,0.10276830207340382,-11.932388736704088,
82.5,63.96531255,-22.60546393,234.317,118.445,-0.1236,-5.5938,2.5046,-0.0068,-0.1098,-0.0331,68.883,72.661,-11.2412,122.6118,2.5427,0.0,0.0,0.0,-0.03,1254.1,0.0,3.7,150.0,0,82.5,0.022700642952319605,0.11104810405780617,-0.03,-0.04134793895704497,0.38913404172594684,1.0,0.0,92.45403303417709,-0.9342471972887869,87.81700000000001,114.945,5.94756147724727,0.09718325039233029,-0.01807448550454057,-10.737599529523532,1.1680186046135077,2.4846000000000004,0.0,0.017565336015572024,final_approach,1.235123691197355,0.1012899735717685,-11.951241735904626,
82.617,63.96534887,-22.60546222,233.098,117.053,-0.1243,-5.6057,2.501,-0.0068,-0.111,-0.0331,68.887,72.662,-11.2637,122.6134,2.5323,0.0,0.0,0.0,-0.03,1253.0,0.0,3.7,150.0,0,82.617,0.022610200111207845,0.11112304121797316,-0.03,-0.041291653645125714,0.3882223058994874,1.0,0.0,96.50289742271006,-0.8518812318387491,86.59800000000001,113.553,5.958825497661667,0.09703165511952962,-0.0165035488414741,-10.697653806572841,1.1631453909675145,2.4809999999999945,0.0,0.019076490394890445,final_approach,1.2285690104893803,0.09875199294156012,-11.978504872271895,
82.725,63.96538798,-22.60546039,231.782,115.551,-0.1251,-5.6187,2.4971,-0.0068,-0.1118,-0.0332,68.89,72.663,-11.2881,122.6154,2.5212,0.0,0.0,0.0,-0.03,1251.9,0.0,3.7,150.0,0,82.725,0.022552794557308797,0.11120226804908549,-0.03,-0.0412306606914109,0.3872372457899661,1.0,0.0,100.86278396442634,-0.7637445855129034,85.28200000000001,112.051,5.9711310925177905,0.09984982811831955,-0.0148179164051805,-10.660742587840941,1.157941486624111,2.477100000000007,0.0,0.01986751652060781,final_approach,1.2222050132964704,0.09700096368175615,-12.008026411987302,
82.808,63.96541312,-22.60545922,230.935,114.584,-0.1256,-5.6271,2.4946,-0.0068,-0.1125,-0.0332,68.892,72.664,-11.3039,122.6168,2.5141,0.0,0.0,0.0,-0.03,1251.2,0.0,3.7,150.0,0,82.808,0.02248405086934574,0.11125482320465811,-0.03,-0.041191553246614165,0.3865978364591828,1.0,0.0,103.66532918073247,-0.7074001890872537,84.435,111.084,5.9791960518025755,0.09940288745760321,-0.013737778593605894,-10.632388102304512,1.1546117858234197,2.4746000000000095,0.0,0.020251959158926084,final_approach,1.21759781529218,0.09507272313230075,-12.027225998658603,
82.917,63.96545224,-22.6054574,229.614,113.077,-0.1264,-5.6402,2.4908,-0.0071,-0.1136,-0.0332,68.896,72.665,-11.3286,122.6192,2.503,0.0,0.0,0.0,-0.03,1250.0,0.0,3.7,150.0,0,82.917,0.022424749002727618,0.111337734162847,-0.03,-0.04113209588553285,0.38560025183625096,1.0,0.0,108.02633031811406,-0.6197538690392131,83.114,109.577,5.991903443667263,0.10226600233804517,-0.012053495546971929,-10.595070923214093,1.1494043194333017,2.470799999999997,0.0,0.021746985390520866,final_approach,1.2111894468347195,0.09326009196000129,-12.057239217398948,
83.033,63.96548856,-22.60545571,228.386,111.675,-0.1272,-5.6525,2.4872,-0.007,-0.1146,-0.0332,68.9,72.666,-11.3517,122.6216,2.4927,0.0,0.0,0.0,-0.03,1249.0,0.0,3.7,150.0,0,83.033,0.022337264853312278,0.11141908216520198,-0.03,-0.041075752247619335,0.3846613306439358,1.0,0.0,112.07519436460623,-0.5383677782389126,81.886,108.175,6.0040060251860545,0.10261043516502598,-0.010485040649409859,-10.555319580359663,1.1445706886678693,2.467199999999991,0.0,0.022904782956903687,final_approach,1.2046588562735678,0.09069871151515763,-12.085553472131364,
83.108,63.9655137,-22.60545455,227.534,110.703,-0.1277,-5.6611,2.4847,-0.0067,-0.1153,-0.0333,68.902,72.667,-11.3678,122.6235,2.4856,0.0,0.0,0.0,-0.03,1248.2,0.0,3.7,150.0,0,83.108,0.022286543292395655,0.11147400273384282,-0.03,-0.0410366157944142,0.38401036182846293,1.0,0.0,114.87773941068406,-0.48251331913840817,81.03399999999999,107.203,6.012480147112996,0.10434007803072334,-0.009406201595563936,-10.52963674652843,1.14123654346227,2.4646999999999935,0.0,0.023246772385058217,final_approach,1.2003534706884942,0.08923272531101922,-12.105222116727408,
83.217,63.96555003,-22.60545288,226.301,109.297,-0.1284,-5.6736,2.4811,-0.0069,-0.1166,-0.0333,68.906,72.669,-11.3912,122.6264,2.4753,0.0,0.0,0.0,-0.03,1247.2,0.0,3.7,150.0,0,83.217,0.02221186122398433,0.11155684989584688,-0.03,-0.040980246461158665,0.3830615084437692,1.0,0.0,118.92771788261324,-0.4021074919410577,79.80099999999999,105.797,6.02495726437337,0.10602822597418839,-0.00784957228993723,-10.492234669728981,1.1363985002103618,2.4610999999999876,0.0,0.024469542868822802,final_approach,1.1941023060912563,0.08709976316121804,-12.133947337059263,
83.317,63.96558914,-22.60545109,224.97,107.78,-0.1292,-5.6872,2.4772,-0.0069,-0.1178,-0.0334,68.911,72.671,-11.4167,122.6297,2.4642,0.0,0.0,0.0,-0.03,1246.1,0.0,3.7,150.0,0,83.317,0.022172898666721064,0.1116447804415892,-0.03,-0.04091916259947803,0.3820363480414085,1.0,0.0,123.28760373945597,-0.315930594566289,78.47,104.28,6.038609273463848,0.11111020346262186,-0.006176481063336578,-10.457878202269553,1.1311832842316676,2.4572000000000003,0.0,0.026790493517107765,final_approach,1.1880408334336146,0.08582242377707772,-12.165058272624913,
83.408,63.96561988,-22.60544968,223.923,106.586,-0.1298,-5.698,2.4741,-0.0063,-0.1186,-0.0335,68.914,72.672,-11.4368,122.6326,2.4555,0.0,0.0,0.0,-0.03,1245.2,0.0,3.7,150.0,0,83.408,0.0221115915871391,0.11171891743641973,-0.03,-0.04087059610163912,0.38121728578791153,1.0,0.0,126.7144227962921,-0.2480456146432945,77.423,103.086,6.049648426434507,0.11281006510283985,-0.004854998406185754,-10.426597776577628,1.1270929335904896,2.454100000000011,0.0,0.027351997103464445,final_approach,1.1827866519548387,0.08406573635700987,-12.189971717985996,
83.508,63.96565341,-22.60544816,222.778,105.281,-0.1304,-5.7099,2.4708,-0.006,-0.1202,-0.0334,68.918,72.674,-11.4589,122.6359,2.4461,0.0,0.0,0.0,-0.03,1244.2,0.0,3.7,150.0,0,83.508,0.022039716374557317,0.1117993588525728,-0.03,-0.0408188839750373,0.38032230253984084,1.0,0.0,130.45226383529112,-0.174879891169361,76.27799999999999,101.781,6.061848503976443,0.11434185015559506,-0.003427301545246988,-10.392185180810229,1.1226721260375427,2.4507999999999868,0.0,0.028501815548608693,final_approach,1.1770404122352431,0.08206512528516008,-12.21725299477749,
83.6,63.96568694,-22.60544664,221.631,103.974,-0.131,-5.722,2.4674,-0.0058,-0.1216,-0.0334,68.923,72.676,-11.4812,122.6394,2.4366,0.0,0.0,0.0,-0.03,1243.3,0.0,3.7,150.0,0,83.6,0.021987943266372822,0.111882336232454,-0.03,-0.040765591555499026,0.3794190382633111,1.0,0.0,134.19010487349811,-0.10171416752109028,75.131,100.474,6.074311333970973,0.11786246569946392,-0.001995949298964616,-10.360499440257916,1.1182029865557581,2.4473999999999876,0.0,0.03085145287027225,final_approach,1.1715960737359765,0.08059315549364321,-12.244849296579181,
83.7,63.96572047,-22.60544513,220.481,102.665,-0.1316,-5.7342,2.4641,-0.0054,-0.1231,-0.0334,68.927,72.678,-11.5038,122.6432,2.4272,0.0,0.0,0.0,-0.03,1242.3,0.0,3.7,150.0,0,83.7,0.021916021084804116,0.11196208833676734,-0.03,-0.0407138537058826,0.3785129255979071,1.0,0.0,137.92794574147683,-0.0290383811979648,73.981,99.165,6.08696917655198,0.1193151257178959,-0.0005705540382826667,-10.326021497527549,1.1137780149421985,2.4440999999999917,0.0,0.031683138972978905,final_approach,1.165845089487206,0.07859166388098693,-12.27259645376577,
83.808,63.96575121,-22.60544375,219.426,101.463,-0.132,-5.7455,2.461,-0.0052,-0.1243,-0.0334,68.931,72.68,-11.5246,122.6468,2.4185,0.0,0.0,0.0,-0.03,1241.4,0.0,3.7,150.0,0,83.808,0.021808782694234863,0.1120414818962677,-0.03,-0.040665239961945654,0.3776680914020342,1.0,0.0,141.35476428525183,0.03737678692448433,72.92599999999999,97.963,6.098915583664427,0.1178650848767133,0.0007352533415864632,-10.288768412775557,1.1096820306624124,2.4410000000000025,0.0,0.032169856978794396,final_approach,1.159938462689638,0.07585866502111571,-12.298525301156367,
83.917,63.96578754,-22.60544212,218.176,100.039,-0.1326,-5.7589,2.4574,-0.0056,-0.1255,-0.0334,68.936,72.683,-11.5495,122.6513,2.4083,0.0,0.0,0.0,-0.03,1240.3,0.0,3.7,150.0,0,83.917,0.02172735229279754,0.11213387988978613,-0.03,-0.0406087713005025,0.37666514096952125,1.0,0.0,145.40474207309947,0.11582286499642058,71.67599999999999,96.539,6.1132845325042675,0.12019177384961786,0.0022815691917997117,-10.251137196500569,1.1048775727005022,2.4373999999999967,0.0,0.03341546631100567,final_approach,1.1536734267016762,0.0736540532073402,-12.329380537545676,
84.025,63.96582387,-22.6054405,216.923,98.613,-0.1332,-5.7725,2.4538,-0.0061,-0.1266,-0.0334,68.941,72.686,-11.5746,122.6561,2.3981,0.0,0.0,0.0,-0.03,1239.2,0.0,3.7,150.0,0,84.025,0.021648539081737972,0.11222791183181899,-0.03,-0.04055228762161517,0.37565446872409675,1.0,0.0,149.45471968992672,0.19377900574348808,70.423,95.113,6.127975740433454,0.1228314287160183,0.003822532651198753,-10.213820269066836,1.1000707126033262,2.433799999999991,0.0,0.034586450855119015,final_approach,1.1474505481298714,0.07151669739989508,-12.360555066028848,
84.1,63.96585462,-22.60543914,215.861,97.405,-0.1338,-5.7842,2.4507,-0.0064,-0.1277,-0.0334,68.946,72.688,-11.596,122.6604,2.3895,0.0,0.0,0.0,-0.03,1238.3,0.0,3.7,150.0,0,84.1,0.021622484940448383,0.11231209155895944,-0.03,-0.04050363687869235,0.3747873217206702,1.0,0.0,152.88265265913867,0.25921391008892636,69.36099999999999,93.905,6.140755563150197,0.13075912996722586,0.005119359619585723,-10.187901766422705,1.0960158490519802,2.4307000000000016,0.0,0.03750283411070966,final_approach,1.1428309732673512,0.0706643144488357,-12.387368617459153,
84.2,63.96588536,-22.60543778,214.797,96.194,-0.1344,-5.7959,2.4477,-0.0063,-0.1293,-0.0333,68.951,72.691,-11.6176,122.6649,2.381,0.0,0.0,0.0,-0.03,1237.4,0.0,3.7,150.0,0,84.2,0.02153645639070967,0.11239632806116398,-0.03,-0.0404565449363114,0.37391535742108384,1.0,0.0,156.30947086087292,0.3246492037356988,68.297,92.694,6.153774458741435,0.13066410095808345,0.006419260073309379,-10.153300167860628,1.0920061376530725,2.4276999999999873,0.0,0.038638940100640624,final_approach,1.1372297400774514,0.06826204763781973,-12.414393328918022,
84.308,63.9659189,-22.6054363,213.634,94.871,-0.135,-5.8089,2.4443,-0.0061,-0.1309,-0.0333,68.956,72.694,-11.6414,122.67,2.3716,0.0,0.0,0.0,-0.03,1236.4,0.0,3.7,150.0,0,84.308,0.02144569104927546,0.11248980215120702,-0.03,-0.040403161503733354,0.37295423253727994,1.0,0.0,160.04842598247606,0.3958547889572212,67.13399999999999,91.371,6.168326039389752,0.1313428937741998,0.007837314476671216,-10.115901857292847,1.0875710833963126,2.424299999999988,0.0,0.03933506339116275,final_approach,1.1311583852394094,0.06579218786962748,-12.444254386693315,
84.4,63.96595244,-22.60543483,212.468,93.546,-0.1356,-5.822,2.441,-0.0062,-0.1322,-0.0332,68.961,72.697,-11.6654,122.6753,2.3622,0.0,0.0,0.0,-0.03,1235.4,0.0,3.7,150.0,0,84.4,0.021392629556319653,0.11258395489951939,-0.03,-0.040351335419755385,0.3719874159811404,1.0,0.0,163.78738093385098,0.4665704370276591,65.96799999999999,90.046,6.183184057912788,0.13636911170139115,0.009249325284476827,-10.084028820337645,1.0831345866050697,2.4209999999999923,0.0,0.04069985999986685,final_approach,1.1257167868807407,0.06427506901788327,-12.474370322721729,
84.517,63.96599157,-22.60543311,211.106,91.996,-0.1363,-5.8374,2.4371,-0.0062,-0.1338,-0.0332,68.968,72.7,-11.6937,122.6819,2.3513,0.0,0.0,0.0,-0.03,1234.2,0.0,3.7,150.0,0,84.517,0.021305390279403702,0.11270117851002759,-0.03,-0.040290070235587894,0.3708388265030893,1.0,0.0,168.1494951285065,0.5493169950478606,64.606,88.496,6.20113339827991,0.13920978733965406,0.01090615920602957,-10.043425087311226,1.0779865370542439,2.417100000000005,0.0,0.04243887816616146,final_approach,1.1189706919470446,0.06186294748140497,-12.51025131829114,
84.608,63.96602232,-22.60543178,210.033,90.777,-0.1368,-5.8497,2.4341,-0.0055,-0.1346,-0.0332,68.973,72.703,-11.7163,122.6872,2.3428,0.0,0.0,0.0,-0.03,1233.3,0.0,3.7,150.0,0,84.608,0.02123700328245781,0.11279207896281454,-0.03,-0.04024293126043621,0.3699286425597708,1.0,0.0,171.57742758465727,0.6132820875927535,63.53299999999999,87.277,6.21559536466067,0.1424952740298561,0.012190604901612178,-10.011850686167,1.07397100925553,2.4140999999999906,0.0,0.04357580332787406,final_approach,1.1137297622329463,0.060013299523655306,-12.538764985304232,
84.7,63.96605307,-22.60543044,208.957,89.555,-0.1374,-5.8621,2.4311,-0.0059,-0.1365,-0.0332,68.978,72.707,-11.7389,122.6928,2.3343,0.0,0.0,0.0,-0.03,1232.4,0.0,3.7,150.0,0,84.7,0.021169199833484253,0.11288538752148103,-0.03,-0.0401957819403036,0.3690152371669506,1.0,0.0,175.00536021182845,0.677737117462515,62.456999999999994,86.055,6.230328175308436,0.14543593605344243,0.01348785968407256,-9.979906794305153,1.0699531531889193,2.4111000000000047,0.0,0.044555078124149855,final_approach,1.108430249683618,0.05807873801322927,-12.567451713838004,
84.808,63.96609221,-22.60542875,207.586,87.997,-0.138,-5.8781,2.4272,-0.0059,-0.1387,-0.0331,68.985,72.711,-11.7681,122.7003,2.3234,0.0,0.0,0.0,-0.03,1231.2,0.0,3.7,150.0,0,84.808,0.02109983101498425,0.11301037823249069,-0.03,-0.04013447237617862,0.3678294706488643,1.0,0.0,179.36858866090049,0.759013474380837,61.08600000000001,84.497,6.24979488732355,0.1512378356234138,0.015128293489533082,-9.942345274148783,1.0647985465935221,2.407199999999989,0.0,0.04639687236875975,final_approach,1.1020475286859437,0.056224992558854936,-12.604801332008934,
84.908,63.96612576,-22.60542731,206.408,86.659,-0.1386,-5.892,2.4239,-0.0057,-0.1407,-0.0331,68.992,72.715,-11.7934,122.7069,2.3141,0.0,0.0,0.0,-0.03,1230.2,0.0,3.7,150.0,0,84.908,0.021025906350341184,0.11312118488855977,-0.03,-0.04008258142922527,0.36680110425445317,1.0,0.0,183.10865786589991,0.8282589215237326,59.90799999999999,83.159,6.267001999276989,0.1547100496085773,0.016529967029491634,-9.907551126532006,1.0603992951697592,2.403899999999993,0.0,0.04854261124433196,final_approach,1.0962896201576342,0.054174201063977634,-12.637294009841801,
85.0,63.96615652,-22.60542599,205.326,85.43,-0.1391,-5.9049,2.4209,-0.0055,-0.1426,-0.033,68.998,72.718,-11.8168,122.7132,2.3057,0.0,0.0,0.0,-0.03,1229.2,0.0,3.7,150.0,0,85.0,0.020951876557327498,0.11322614692771268,-0.03,-0.040035397017135765,0.3658460407807834,1.0,0.0,186.537704918508,0.8917336876164833,58.82599999999999,81.93,6.283263773990542,0.15838477814039623,0.017818046009055604,-9.875528709511142,1.0564232031231313,2.400900000000007,0.0,0.050058500340697344,final_approach,1.0909927589470634,0.05218059689501331,-12.667555512760238,
85.1,63.96619007,-22.60542456,204.143,84.087,-0.1397,-5.9193,2.4176,-0.0055,-0.1448,-0.0329,69.004,72.723,-11.8427,122.7204,2.2964,0.0,0.0,0.0,-0.03,1228.2,0.0,3.7,150.0,0,85.1,0.020878083634879308,0.11334027522697998,-0.03,-0.03998348227085219,0.3647948397663448,1.0,0.0,190.2777739532791,0.9604891974342338,57.643,80.587,6.301488319980496,0.16236155843358957,0.019216938960347263,-9.840688586583406,1.0520196002870819,2.3976000000000113,0.0,0.0509622730369981,final_approach,1.0852329462183654,0.05013349587439109,-12.70095879690107,
85.225,63.96622363,-22.60542314,202.957,82.741,-0.1402,-5.9338,2.4143,-0.0053,-0.1468,-0.0329,69.011,72.727,-11.8689,122.7278,2.2872,0.0,0.0,0.0,-0.03,1227.1,0.0,3.7,150.0,0,85.225,0.020740175252240145,0.1134581673782949,-0.03,-0.03993155507925722,0.36373063532442446,1.0,0.0,194.0189575837155,1.0287543808001185,56.456999999999994,79.241,6.3203007698232305,0.16038456515163693,0.020609675644367158,-9.797109508017096,1.047661431106775,2.394299999999987,0.0,0.05142024821544612,final_approach,1.07849689302601,0.04654424756709297,-12.734878533459575,
85.308,63.96625159,-22.60542195,201.967,81.617,-0.1406,-5.946,2.4115,-0.0055,-0.1479,-0.0329,69.017,72.731,-11.8909,122.7342,2.2795,0.0,0.0,0.0,-0.03,1226.2,0.0,3.7,150.0,0,85.308,0.02067373850527271,0.11356012101110691,-0.03,-0.039887485895043484,0.3628330394879496,1.0,0.0,197.13586754464217,1.0859689178194663,55.46700000000001,78.117,6.336463436612679,0.16610895848870477,0.021779626118604907,-9.768196462743733,1.0440124375031985,2.3915000000000077,0.0,0.05331742170735991,final_approach,1.073704745938226,0.04481873628412991,-12.763569570612347,
85.433,63.96629354,-22.60542018,200.478,79.937,-0.1414,-5.9646,2.4074,-0.0066,-0.1502,-0.0329,69.026,72.736,-11.9245,122.7441,2.268,0.0,0.0,0.0,-0.03,1224.9,0.0,3.7,150.0,0,85.433,0.020580096509485557,0.11371428223464755,-0.03,-0.03982293989015079,0.36146909353111967,1.0,0.0,201.8123469977715,1.1710554284076953,53.97800000000001,76.437,6.361565635299766,0.17189373032337082,0.023524584640391907,-9.724555071068918,1.0385603893709856,2.3874000000000137,0.0,0.05501583791578198,final_approach,1.0664987485613722,0.042171268962261976,-12.807312012619622,
85.517,63.96632151,-22.60541901,199.483,78.818,-0.1419,-5.9771,2.4047,-0.0067,-0.1515,-0.0329,69.032,72.74,-11.9472,122.751,2.2604,0.0,0.0,0.0,-0.03,1224.0,0.0,3.7,150.0,0,85.517,0.020513954710231985,0.11382028754795334,-0.03,-0.039780423529363895,0.36054616031670333,1.0,0.0,204.9303713841352,1.227289701824093,52.983000000000004,75.318,6.378939571780877,0.1777168714621598,0.024681220528499536,-9.695253094345535,1.0349546979747117,2.3847000000000094,0.0,0.05650790459876394,final_approach,1.0616799471621121,0.04034016041371302,-12.837011236179537,
85.608,63.96634948,-22.60541784,198.487,77.698,-0.1425,-5.9898,2.4019,-0.0071,-0.1535,-0.0329,69.038,72.744,-11.97,122.758,2.2527,0.0,0.0,0.0,-0.03,1223.1,0.0,3.7,150.0,0,85.608,0.02043744242537404,0.11393345049953732,-0.03,-0.0397363237289286,0.3596069604966319,1.0,0.0,208.04839577049881,1.2835239750664298,51.986999999999995,74.198,6.396956804106087,0.18109598688734657,0.025840390813322494,-9.663492684395338,1.0313018892618686,2.3819000000000017,0.0,0.057364828356518356,final_approach,1.0565807947384478,0.038156999791020496,-12.86731800327052,
85.733,63.96639423,-22.60541598,196.888,75.901,-0.1435,-6.0104,2.3976,-0.0071,-0.1564,-0.0329,69.048,72.751,-12.0071,122.7698,2.2405,0.0,0.0,0.0,-0.03,1221.6,0.0,3.7,150.0,0,85.733,0.020362031780512324,0.11411446928456778,-0.03,-0.03966858168985532,0.35809053859068546,1.0,0.0,213.03701163043596,1.3729109656029246,50.388000000000005,72.401,6.426802084808072,0.19070703000876896,0.02768849794060738,-9.619767069301115,1.0255091202454878,2.377600000000001,0.0,0.05942257123320223,final_approach,1.0492291513703798,0.03580397999821017,-12.916432300151033,
85.817,63.96642221,-22.60541482,195.886,74.776,-0.144,-6.0234,2.3948,-0.0066,-0.1581,-0.0329,69.055,72.756,-12.0305,122.7774,2.2329,0.0,0.0,0.0,-0.03,1220.7,0.0,3.7,150.0,0,85.817,0.020295268237944142,0.1142346590470919,-0.03,-0.039624459313108484,0.3571253992280471,1.0,0.0,216.15615061325695,1.4286549125671801,49.385999999999996,71.276,6.446308863740553,0.19762645146064783,0.028844395357832925,-9.590408792297017,1.0218989479969878,2.3747999999999934,0.0,0.0615962768786751,final_approach,1.044404502043669,0.033970804497544194,-12.947809612104777,
85.9,63.96645018,-22.60541366,194.883,73.648,-0.1445,-6.0367,2.3921,-0.0064,-0.1607,-0.0329,69.062,72.76,-12.0543,122.7852,2.2253,0.0,0.0,0.0,-0.03,1219.8,0.0,3.7,150.0,0,85.9,0.020231116160959295,0.1143575490472924,-0.03,-0.03958190431822389,0.3561446231483219,1.0,0.0,219.27417482939234,1.4843992486584325,48.38300000000001,70.148,6.466561864096039,0.20535738496315561,0.030002832560230303,-9.561385092869159,1.018287523533985,2.372099999999989,0.0,0.06366364710765615,final_approach,1.0396140722340057,0.032191170461217666,-12.979790614202976,
86.025,63.96649215,-22.60541194,193.374,71.954,-0.1453,-6.057,2.388,-0.006,-0.1645,-0.0329,69.072,72.767,-12.0904,122.7973,2.2139,0.0,0.0,0.0,-0.03,1218.4,0.0,3.7,150.0,0,86.025,0.020136080588034566,0.11454869051700964,-0.03,-0.039517267985467674,0.35465064078817304,1.0,0.0,223.9528829615831,1.5670352945421084,46.873999999999995,68.454,6.498293332638691,0.21343977885949955,0.031725443371178136,-9.517580307894141,1.012867867869943,2.367999999999995,0.0,0.06514877009787295,final_approach,1.0324176156074145,0.029509200256029544,-13.028693220708126,
86.1,63.96652013,-22.60541079,192.365,70.821,-0.1458,-6.0707,2.3852,-0.0055,-0.1667,-0.0329,69.079,72.772,-12.1148,122.8056,2.2063,0.0,0.0,0.0,-0.03,1217.5,0.0,3.7,150.0,0,86.1,0.02009017691213605,0.11467944277479386,-0.03,-0.039473115173677076,0.35364119299353075,1.0,0.0,227.07202177338377,1.6222893041814952,45.86500000000001,67.321,6.52037107854074,0.22692813994303243,0.03288032832497089,-9.491320332500036,1.0092533919649895,2.3651999999999873,0.0,0.06771100311926857,final_approach,1.027942853261088,0.0282106509426594,-13.061865042390064,
86.217,63.96655931,-22.60540919,190.949,69.232,-0.1464,-6.0903,2.3814,-0.005,-0.1708,-0.0329,69.089,72.779,-12.1495,122.8177,2.1957,0.0,0.0,0.0,-0.03,1216.2,0.0,3.7,150.0,0,86.217,0.019993677742090377,0.11486912581459172,-0.03,-0.0394131793351869,0.3522023498073155,1.0,0.0,231.4397077531833,1.6991546691890873,44.44900000000001,65.732,6.552790337119692,0.23528806331285576,0.03449151459819377,-9.450268675995297,1.0042085852139166,2.3614000000000033,0.0,0.0693254651511647,final_approach,1.0212024107169242,0.025651192251430643,-13.109330574371858,
86.3,63.96658729,-22.60540806,189.936,68.093,-0.1468,-6.1046,2.3786,-0.0046,-0.1735,-0.0329,69.097,72.784,-12.1748,122.8266,2.1882,0.0,0.0,0.0,-0.03,1215.2,0.0,3.7,150.0,0,86.3,0.01992350709171642,0.11500966382353475,-0.03,-0.039369005659875556,0.3511530125102711,1.0,0.0,234.55884622294317,1.7534288043527972,43.43600000000001,64.593,6.577182085758807,0.24505280103202884,0.03563261360479755,-9.421165425729178,1.000636923621272,2.3585999999999956,0.0,0.07178547215275183,final_approach,1.0164251701218205,0.023831443562505328,-13.144084376841016,
86.433,63.96662928,-22.60540636,188.411,66.38,-0.1474,-6.1265,2.3745,-0.0043,-0.1779,-0.0328,69.108,72.792,-12.2133,122.8403,2.1769,0.0,0.0,0.0,-0.03,1213.8,0.0,3.7,150.0,0,86.433,0.019799033506618435,0.1152257763607357,-0.03,-0.03930430683819408,0.349555263246371,1.0,0.0,239.2397835480486,1.8350841973321892,41.911,62.879999999999995,6.615627214859624,0.25238752103648343,0.037354004098524955,-9.374430176463338,0.9952541806885051,2.3545000000000016,0.0,0.07277831713135272,final_approach,1.0088992478900067,0.020596442375968138,-13.19722767956103,
86.508,63.96665447,-22.60540535,187.494,65.35,-0.1477,-6.1399,2.3721,-0.0039,-0.1798,-0.0329,69.116,72.797,-12.2368,122.8488,2.1701,0.0,0.0,0.0,-0.03,1212.9,0.0,3.7,150.0,0,86.508,0.019734986297774038,0.11536070440002993,-0.03,-0.039266425577210606,0.3485788339219112,1.0,0.0,242.0478998654172,1.8835876514457546,40.994,61.849999999999994,6.639952287626901,0.26437865145769285,0.03837960348761668,-9.348115630760613,0.9920134714949143,2.352100000000007,0.0,0.07585907618001371,final_approach,1.0045875700327294,0.018979878481623302,-13.22984130724055,
86.617,63.96669366,-22.60540377,186.064,63.745,-0.1482,-6.1611,2.3682,-0.0045,-0.1844,-0.0328,69.127,72.805,-12.274,122.8624,2.1596,0.0,0.0,0.0,-0.03,1211.5,0.0,3.7,150.0,0,86.617,0.019650086466300842,0.1155759025408328,-0.03,-0.039204854716898885,0.34703258285087496,1.0,0.0,246.41670026986165,1.9594727528506728,39.56399999999999,60.245,6.679868091383401,0.2813488819586231,0.03998794998937425,-9.309792124086671,0.9870064108799284,2.3481999999999914,0.0,0.07813710845388634,final_approach,0.998157360928797,0.01683171936887895,-13.281702235828526,
86.733,63.96673005,-22.60540232,184.732,62.25,-0.1486,-6.1812,2.3647,-0.0041,-0.1885,-0.0328,69.138,72.813,-12.3093,122.8755,2.1499,0.0,0.0,0.0,-0.03,1210.2,0.0,3.7,150.0,0,86.733,0.019534454066678475,0.11578153307269892,-0.03,-0.03914958427497295,0.34556902581738647,1.0,0.0,250.47336358420876,2.0290976250075743,38.232,58.75,6.7193566640580205,0.2911938566244551,0.04146873738334367,-9.268983887670402,0.9823774386650825,2.344699999999989,0.0,0.07965442461325868,final_approach,0.9916145332709831,0.013942865976135366,-13.331035749147667,
86.8,63.96675525,-22.60540132,183.808,61.213,-0.1489,-6.1954,2.3622,-0.0039,-0.191,-0.0328,69.145,72.818,-12.3341,122.8848,2.1432,0.0,0.0,0.0,-0.03,1209.3,0.0,3.7,150.0,0,86.8,0.01948588565315773,0.11593032124591504,-0.03,-0.03911009697613943,0.34453424355443857,1.0,0.0,253.28259449724268,2.0771107528433346,37.30799999999999,57.713,6.74836654367582,0.3148254268333204,0.04249256196501567,-9.245436155336284,0.9791786310606199,2.342199999999991,0.0,0.08191107800661443,final_approach,0.9876165250414637,0.012736518873554203,-13.366062779956934,
86.917,63.96679165,-22.60539988,182.47,59.712,-0.1493,-6.2163,2.3587,-0.004,-0.196,-0.0327,69.157,72.826,-12.3706,122.8986,2.1336,0.0,0.0,0.0,-0.03,1208.0,0.0,3.7,150.0,0,86.917,0.01936530596542735,0.11615146881190871,-0.03,-0.03905480299485492,0.3430142934910067,1.0,0.0,257.340372407255,2.1462452985483704,35.97,56.212,6.792765461513788,0.3256008440676057,0.043970589789361636,-9.204234395325116,0.9745922575851296,2.3386999999999887,0.0,0.0837886256936588,final_approach,0.9810326120788275,0.009721347995075291,-13.41773615393595,
87.025,63.96683086,-22.60539833,181.024,58.091,-0.1498,-6.2393,2.3549,-0.0038,-0.2004,-0.0326,69.169,72.835,-12.4108,122.9139,2.1233,0.0,0.0,0.0,-0.03,1206.5,0.0,3.7,150.0,0,87.025,0.01927868557243384,0.11639592623986125,-0.03,-0.03899475400964736,0.34134411983125484,1.0,0.0,261.7114018343858,2.220659809723859,34.524,54.591,6.844254624697185,0.35079262188256455,0.04556635302342759,-9.166177985375414,0.9696686173533351,2.3349000000000046,0.0,0.08627248800433629,final_approach,0.9746482173014144,0.007516422643291776,-13.474828297929015,
87.1,63.96685607,-22.60539735,180.092,57.049,-0.15,-6.2544,2.3524,-0.0037,-0.2036,-0.0325,69.177,72.841,-12.4371,122.9241,2.1166,0.0,0.0,0.0,-0.03,1205.6,0.0,3.7,150.0,0,87.1,0.01920840093275278,0.11655872369250797,-0.03,-0.03895523929708555,0.340249853815967,1.0,0.0,264.52174717285675,2.267692673782609,33.59200000000001,53.549,6.87968849795845,0.37106912548273874,0.04657831287491808,-9.139769166946362,0.9664645248030581,2.332400000000007,0.0,0.08812650424637965,final_approach,0.9703430429301783,0.005854402484851917,-13.512413783252525,
87.217,63.96689248,-22.60539592,178.743,55.542,-0.1504,-6.2767,2.3489,-0.0037,-0.2092,-0.0324,69.19,72.85,-12.4758,122.9391,2.1071,0.0,0.0,0.0,-0.03,1204.2,0.0,3.7,150.0,0,87.217,0.01908482941162304,0.11680216058775234,-0.03,-0.03889990697848966,0.33863914970915854,1.0,0.0,268.58063967932645,2.336336893209564,32.242999999999995,52.042,6.934577897531991,0.38741429911814923,0.04805818973472881,-9.098501258996306,0.9619180186091683,2.3289000000000044,0.0,0.09021601396134787,final_approach,0.963748645454185,0.002763227183081085,-13.568000948819588,
87.317,63.9669317,-22.6053944,177.284,53.916,-0.1508,-6.3013,2.3451,-0.0037,-0.2141,-0.0323,69.203,72.86,-12.5185,122.9559,2.0969,0.0,0.0,0.0,-0.03,1202.7,0.0,3.7,150.0,0,87.317,0.019011729838669833,0.11706743113792079,-0.03,-0.0388398164253122,0.3368756185909716,1.0,0.0,272.9527833608738,2.409281203283173,30.783999999999992,50.416,6.998883225675955,0.43002079617173794,0.049636557498345744,-9.063209265716486,0.9570322083831968,2.325099999999992,0.0,0.09383273996486713,final_approach,0.9576980458192494,0.0010050437769795195,-13.629227942769544,
87.417,63.96696532,-22.6053931,176.03,52.517,-0.1512,-6.3228,2.3419,-0.0032,-0.2185,-0.0323,69.215,72.869,-12.5559,122.9707,2.0882,0.0,0.0,0.0,-0.03,1201.4,0.0,3.7,150.0,0,87.417,0.018916841184746458,0.11730363720343212,-0.03,-0.03878920138272568,0.33533098288120994,1.0,0.0,276.7006535431398,2.4716648045094507,29.53,49.017,7.059362413600282,0.4591493100169842,0.050990515106969246,-9.027899516653397,0.9528622210909816,2.3218999999999994,0.0,0.09621158178624233,final_approach,0.9519400949064014,-0.0013918970789426055,-13.683175041527472,
87.508,63.96699894,-22.6053918,174.773,51.115,-0.1514,-6.3448,2.3387,-0.0024,-0.2232,-0.0322,69.227,72.878,-12.5941,122.986,2.0795,0.0,0.0,0.0,-0.03,1200.0,0.0,3.7,150.0,0,87.508,0.018835019816214882,0.11750695581436013,-0.03,-0.038738574951853066,0.3338380575933525,1.0,0.0,280.448523726198,2.5340484057354526,28.272999999999996,47.615,7.125651117130776,0.5040323069381424,0.05234813183503448,-8.995751208122563,0.9486892896473478,2.318700000000007,0.0,0.09945308633914263,final_approach,0.9465334467769289,-0.003254122278109506,-13.735605119107174,
87.6,63.96702977,-22.60539062,173.616,49.826,-0.1517,-6.3655,2.3357,-0.0023,-0.2288,-0.032,69.239,72.886,-12.6298,123.0003,2.0715,0.0,0.0,0.0,-0.03,1198.8,0.0,3.7,150.0,0,87.6,0.01874538462233144,0.11701898739347583,-0.03,-0.03869110234194184,0.3338380575933525,1.0,0.0,283.88537175607274,2.5906613259115865,27.116000000000014,46.326,7.191954940191219,0.540142543934764,0.05358403415296415,-8.963234506608915,0.9448512064860495,2.3156999999999925,0.0,0.10226960418182987,final_approach,0.941245053533379,-0.005443282780058567,-13.735605119107174,
87.725,63.9670634,-22.60538933,172.351,48.421,-0.1519,-6.3882,2.3326,-0.0021,-0.2228,-0.0318,69.252,72.895,-12.67,123.0164,2.0629,0.0,0.0,0.0,-0.03,1197.4,0.0,3.7,150.0,0,87.725,0.018581629784548193,0.11646620480673767,-0.03,-0.03864203682053663,0.3338380575933525,1.0,0.0,287.6343565347961,2.6525546006857224,25.851,44.921,7.271858287379509,0.5566565828633561,0.054938557138656884,-8.91902037652238,0.9407205721258549,2.3126000000000033,0.0,0.10242691289256607,final_approach,0.934482328186256,-0.009416273705358691,-13.735605119107174,
87.825,63.96709985,-22.60538794,170.976,46.896,-0.1521,-6.4116,2.3291,-0.0026,-0.2067,-0.0316,69.266,72.906,-12.7144,123.0343,2.0537,0.0,0.0,0.0,-0.03,1196.0,0.0,3.7,150.0,0,87.825,0.0184832630005326,0.06440935462314676,-0.03,-0.038586627463483014,0.3277038041741814,1.0,0.0,291.6977074263032,2.7192375144784453,24.476,43.396,7.271858287379509,0.4638804857194634,0.05640251002405674,-8.88365005759823,0.9362976806231984,2.309100000000001,0.0,0.10584264808415898,flare,0.9285723338814726,-0.011660969921871711,-6.841986622889431,
87.9,63.96712508,-22.60538699,170.021,45.837,-0.1522,-6.4213,2.3267,0.0005,0.2217,-0.032,69.276,72.912,-12.7611,123.0453,2.0472,0.0,0.0,0.0,-0.03,1194.9,0.0,3.7,150.0,0,87.9,0.018403982651337747,0.06425033843649511,-0.03,-0.038548624637867734,0.32722703488522936,1.0,0.0,294.5102817874604,2.764799788481826,23.520999999999987,42.337,7.271858287379509,0.38656707143288616,0.05740601424458734,-8.857135481385889,0.9331863346654359,2.3067000000000064,0.0,0.1083418012886179,flare,0.9242653299259942,-0.013465746629389486,-6.752188948987916,
88.008,63.96716152,-22.60538561,168.636,44.3,-0.1521,-6.3443,2.3236,-0.0024,1.1793,-0.0242,69.29,72.922,-12.8142,123.0609,2.0379,0.0,0.0,0.0,-0.03,1193.4,0.0,3.7,150.0,0,88.008,0.01827868672992189,0.06424409081279378,-0.03,-0.03849952822764946,0.3264402069681935,1.0,0.0,298.5725177404693,2.830993154076954,22.135999999999996,40.8,7.271858287379509,0.32213922619407176,0.0588670554856551,-8.818892151660453,0.9287367413446361,2.3035999999999888,0.0,0.11027705841053757,flare,0.9180350359463212,-0.01615361080856914,-6.6135714744681575,
88.117,63.96719797,-22.60538424,167.249,42.762,-0.1532,-6.1888,2.3217,-0.0216,1.6646,-0.0085,69.3,72.932,-12.791,123.0781,2.0286,0.0,0.0,0.0,-0.03,1191.9,0.0,3.7,150.0,0,88.117,0.018205226114416773,0.06426164750166455,-0.03,-0.03846943163160138,0.32552487532206953,1.0,0.0,302.63586829072773,2.8966961932196638,20.748999999999995,39.262,7.271858287379509,0.26844935516172647,0.06032222458986092,-8.780275054362455,0.9242759911517169,2.301700000000011,0.0,0.10859215485193999,flare,0.9117701360999568,-0.018876868959830873,-6.464465435219852,
88.225,63.96723442,-22.60538288,165.87,41.231,-0.1568,-5.9973,2.3216,-0.0469,1.847,0.0084,69.303,72.941,-12.6865,123.0934,2.0189,0.0,0.0,0.0,-0.03,1190.3,0.0,3.7,150.0,0,88.225,0.01825168009326572,0.06426688720711102,-0.03,-0.03846784748981891,0.3244672031322161,1.0,0.0,306.69921866917355,2.9619092950377803,19.370000000000005,37.731,7.271858287379509,0.2237077959681054,0.061771480322875646,-8.741994744291883,0.9196448437054698,2.3016000000000076,0.0,0.10124539329974375,flare,0.9055507757337011,-0.021274182376693318,-6.305074207736926,
88.3,63.96725966,-22.60538194,164.924,40.18,-0.1609,-5.8577,2.3226,-0.0624,1.8661,0.0182,69.301,72.945,-12.5718,123.1012,2.0119,0.0,0.0,0.0,-0.03,1189.2,0.0,3.7,150.0,0,88.3,0.018358327587387147,0.06426339547056861,-0.03,-0.0384836884108527,0.3236453528312583,1.0,0.0,309.51290762678815,3.006981242589019,18.424000000000007,36.68,7.271858287379509,0.18642316330675449,0.06277576083859254,-8.715431575368259,0.9163281343753056,2.3026000000000124,0.0,0.08961702421189399,flare,0.9012367826174135,-0.02277952275807671,-6.189004431524355,
88.408,63.96729612,-22.60538059,163.575,38.679,-0.1684,-5.6576,2.3251,-0.0768,1.8109,0.0282,69.292,72.948,-12.3575,123.1067,2.0013,0.0,0.0,0.0,-0.03,1187.5,0.0,3.7,150.0,0,88.408,0.01859108663839032,0.06424761334818682,-0.03,-0.03852328588150511,0.32231907746188904,1.0,0.0,313.57737260169137,3.0717040181290547,17.07499999999999,35.179,7.271858287379509,0.15535263608896208,0.06422206585451058,-8.677120038584643,0.9113542147048577,2.30510000000001,0.0,0.07389426443505515,flare,0.8950174594622453,-0.02465938445810245,-6.0134264961241755,
88.517,63.96733257,-22.60537924,162.252,37.204,-0.1771,-5.4661,2.3284,-0.0806,1.7149,0.0325,69.276,72.947,-12.0994,123.1042,1.99,0.0,0.0,0.0,-0.03,1185.9,0.0,3.7,150.0,0,88.517,0.018887735308389386,0.0642192763865573,-0.03,-0.03857554396436608,0.3208193966048069,1.0,0.0,317.640722809909,3.1364271826220267,15.75200000000001,33.704,7.271858287379509,0.12946053007413505,0.06567264873254375,-8.638434850399275,0.9061152039283229,2.308400000000006,0.0,0.05383215032043702,flare,0.888750205500628,-0.026211455232596492,-5.829210346381413,
88.625,63.96736903,-22.60537791,160.958,35.758,-0.1856,-5.2853,2.332,-0.0739,1.6165,0.0313,69.254,72.94,-11.8122,123.0927,1.978,0.0,0.0,0.0,-0.03,1184.2,0.0,3.7,150.0,0,88.625,0.019196882158870332,0.0641797288136258,-0.03,-0.038632539037377234,0.31913537610287646,1.0,0.0,321.7051874427715,3.200170083512325,14.457999999999998,32.258,7.271858287379509,0.10788377506177921,0.06710701745065673,-8.600088927053164,0.9006175398633616,2.312000000000012,0.0,0.03041979995461402,flare,0.8825423184715646,-0.02728349347223258,-5.636979662367139,
88.7,63.96739427,-22.60537698,160.081,34.776,-0.1909,-5.166,2.3342,-0.0647,1.5571,0.0275,69.234,72.932,-11.603,123.0791,1.9694,0.0,0.0,0.0,-0.03,1183.1,0.0,3.7,150.0,0,88.7,0.019390751076133028,0.0641431902352764,-0.03,-0.03866736229138712,0.31785765880827715,1.0,0.0,324.5188762285736,3.244752093913032,13.580999999999989,31.276000000000003,7.271858287379509,0.089903145884816,0.06811203468391006,-8.573480302134238,0.8967168062560233,2.3141999999999996,0.0,0.0034119393526679254,flare,0.8782217530153247,-0.027917203924138434,-5.499707027246058,
88.8,63.96742791,-22.60537576,158.936,33.491,-0.1966,-5.0134,2.3366,-0.0478,1.4937,0.0193,69.204,72.916,-11.3174,123.0534,1.9575,0.0,0.0,0.0,-0.03,1181.5,0.0,3.7,150.0,0,88.8,0.019602754633664954,0.06412301917130012,-0.03,-0.03870534517399227,0.3160053426851365,1.0,0.0,328.268974577632,3.3032154184598745,12.436000000000007,29.991,7.271858287379509,0.07491928823734667,0.06943466097169544,-8.537958568363289,0.8913687977429845,2.316599999999994,0.0,-0.024170964224849923,flare,0.8724788148420046,-0.02851332596888767,-5.311737023147962,
88.908,63.96746995,-22.60537425,157.546,31.926,-0.2014,-4.8301,2.3382,-0.027,1.439,0.0053,69.159,72.89,-10.9559,123.009,1.942,0.0,0.0,0.0,-0.03,1179.5,0.0,3.7,150.0,0,88.908,0.019822169615295038,0.06419509771859541,-0.03,-0.03873066354417132,0.31344578179992394,1.0,0.0,332.9554824907388,3.3755600575006968,11.045999999999992,28.426,7.271858287379509,0.06243274019778889,0.07107757492776293,-8.49954553942498,0.884479841881955,2.3181999999999903,0.0,-0.05985239171954858,flare,0.8659887708383636,-0.02791119304200862,-5.069959876190499,
89.0,63.96750357,-22.60537305,156.466,30.706,-0.2033,-4.6875,2.3382,-0.0109,1.4108,-0.0079,69.118,72.863,-10.6655,122.9639,1.9293,0.0,0.0,0.0,-0.03,1177.8,0.0,3.7,150.0,0,89.0,0.01990656373234012,0.0642372279893744,-0.03,-0.03873066354417132,0.31119620481799015,1.0,0.0,336.70335096280104,3.4330442858264094,9.966000000000008,27.206,7.271858287379509,0.052027283498157405,0.07238769601133734,-8.466820598404368,0.8788953502442212,2.3181999999999903,0.0,-0.09492509919169592,flare,0.8605772588479184,-0.02765009087333503,-4.871741506264778,
89.108,63.96752878,-22.60537215,155.675,29.811,-0.2038,-4.5822,2.3372,-0.0009,1.3975,-0.0184,69.084,72.84,-10.4473,122.9246,1.9196,0.0,0.0,0.0,-0.03,1176.5,0.0,3.7,150.0,0,89.108,0.0198387680601097,0.06425966535810482,-0.03,-0.03871483989589103,0.3093925084659123,1.0,0.0,339.513694933901,3.4761576516340544,9.175000000000011,26.311,7.271858287379509,0.043356069581797836,0.07337264996145389,-8.428415798054274,0.8746625759278004,2.317200000000014,0.0,-0.11491507333924421,flare,0.854952648957056,-0.02975098088535688,-4.7209874326732555,
89.2,63.96755958,-22.60537106,154.731,28.739,-0.2035,-4.4544,2.335,0.0062,1.389,-0.0312,69.04,72.807,-10.1813,122.8701,1.9075,0.0,0.0,0.0,-0.03,1174.9,0.0,3.7,150.0,0,89.2,0.01981450228865228,0.06427791470799785,-0.03,-0.03868002396228781,0.30704999730119775,1.0,0.0,342.94719712215914,3.528362303790371,8.230999999999995,25.239,7.271858287379509,0.03613005798483153,0.07456887385000502,-8.395708319879375,0.8694183412183918,2.3149999999999977,0.0,-0.1479465093597848,flare,0.8496925460327667,-0.029774932971932344,-4.534620563574874,
89.325,63.96760155,-22.60536958,153.482,27.317,-0.2025,-4.281,2.3301,0.0094,1.3866,-0.0481,68.973,72.757,-9.8206,122.7849,1.8908,0.0,0.0,0.0,-0.03,1172.6,0.0,3.7,150.0,0,89.325,0.019750384537072896,0.06428150013244502,-0.03,-0.038602460092749646,0.3036169946829976,1.0,0.0,347.62590114986074,3.5992398547475015,6.981999999999999,23.817,7.271858287379509,0.030108381654026274,0.07619830962807089,-8.35120141317637,0.8622444590662326,2.3101000000000056,0.0,-0.18322409941799145,flare,0.8425324326864398,-0.029754149813165043,-4.278046775250409,
89.408,63.96762952,-22.6053686,152.675,26.394,-0.2017,-4.1654,2.3257,0.009,1.3883,-0.0585,68.925,72.719,-9.5823,122.7217,1.8794,0.0,0.0,0.0,-0.03,1171.0,0.0,3.7,150.0,0,89.408,0.019702703166989965,0.06427196052563891,-0.03,-0.03853278824680961,0.3011787272208676,1.0,0.0,350.7439222876293,3.646165319861421,6.175000000000011,22.894,7.271858287379509,0.025090318045021896,0.0772807871475437,-8.321682117266668,0.8573776036174365,2.3057000000000016,0.0,-0.21914129519927233,flare,0.8377810421165108,-0.029579862733182694,-4.10611641463191,
89.5,63.96765747,-22.60536763,151.887,25.491,-0.2011,-4.0495,2.3205,0.0065,1.3913,-0.0679,68.875,72.679,-9.3454,122.6534,1.8678,0.0,0.0,0.0,-0.03,1169.3,0.0,3.7,150.0,0,89.5,0.01964153722661388,0.06425534801870272,-0.03,-0.03845042120177827,0.29862606264044894,1.0,0.0,353.8597137186298,3.692601625731234,5.3870000000000005,21.991,7.271858287379509,0.02090859837085158,0.07835532018773345,-8.28895360264978,0.85244858839161,2.3004999999999995,0.0,-0.24862647389656956,flare,0.8326781291532157,-0.029842350589824207,-3.9340951727423397,
89.625,63.96770215,-22.60536609,150.668,24.087,-0.2006,-3.8636,2.3106,-0.0005,1.397,-0.0804,68.789,72.608,-8.9687,122.5338,1.8489,0.0,0.0,0.0,-0.03,1166.5,0.0,3.7,150.0,0,89.625,0.01961155061525366,0.06421194628120666,-0.03,-0.038293524596227646,0.2943168386522575,1.0,0.0,358.84052073436277,3.7663133469809917,4.168000000000006,20.587,7.271858287379509,0.01742383197570965,0.08006714270405443,-8.244407903134066,0.8444645667151462,2.290600000000012,0.0,-0.28856952172415307,flare,0.8254047796885331,-0.02876963483415551,-3.659834180785084,
89.708,63.96773006,-22.60536514,149.931,23.235,-0.2008,-3.747,2.3036,-0.0062,1.4013,-0.0867,68.732,72.56,-8.7329,122.4535,1.8367,0.0,0.0,0.0,-0.03,1164.7,0.0,3.7,150.0,0,89.708,0.01960680444559998,0.06417907419024968,-0.03,-0.03818252255484739,0.29149469073385487,1.0,0.0,361.95185275420374,3.8117713348839453,3.4310000000000116,19.735,7.271858287379509,0.014519859979758042,0.08112717606010522,-8.214864818989074,0.8393242948609725,2.283600000000007,0.0,-0.3247674731993979,flare,0.8206798467853602,-0.028142706252843652,-3.4898374887234533,
89.817,63.96776909,-22.60536381,148.933,22.076,-0.202,-3.5831,2.2932,-0.0148,1.4084,-0.0929,68.649,72.489,-8.4024,122.334,1.8192,0.0,0.0,0.0,-0.03,1162.0,0.0,3.7,150.0,0,89.817,0.019658588204958527,0.06413012379532321,-0.03,-0.0380175060737275,0.28740044296700024,1.0,0.0,366.30281260507917,3.875414230073271,2.4329999999999927,18.576,7.271858287379509,0.012099883316465034,0.08261523150938546,-8.176012416578892,0.8319691974372745,2.2732000000000028,0.0,-0.3644675110820235,flare,0.8143423138121406,-0.026606754990405435,-3.2549676449004865,
89.917,63.96780252,-22.60536269,148.108,21.113,-0.2038,-3.442,2.2837,-0.0213,1.415,-0.096,68.574,72.424,-8.119,122.2248,1.8037,0.0,0.0,0.0,-0.03,1159.6,0.0,3.7,150.0,0,89.917,0.019727466411192607,0.06408462565277515,-0.03,-0.037866666618789124,0.28377438779883163,1.0,0.0,370.02949912927784,3.92898635356552,1.608000000000004,17.613,7.271858287379509,0.010083236097054193,0.08387356528339283,-8.14037168532862,0.8254658670962272,2.2637,0.0,-0.3995159191654727,flare,0.8086688081123228,-0.025354185118970918,-3.0572460107074315,
90.017,63.96783592,-22.60536157,147.311,20.173,-0.2062,-3.3001,2.274,-0.0266,1.422,-0.0972,68.496,72.356,-7.8352,122.1097,1.7876,0.0,0.0,0.0,-0.03,1157.0,0.0,3.7,150.0,0,90.017,0.01983324963726868,0.0640381358743167,-0.03,-0.03771255026428155,0.2800407365148005,1.0,0.0,373.75284135104323,3.9825596444395908,0.811000000000007,16.673,7.271858287379509,0.00840269674754516,0.08513531694845045,-8.104723581349349,0.8187099448406912,2.2539999999999907,0.0,-0.43410538105952734,flare,0.8029898362497043,-0.023728593484765526,-2.8625845918965203,
90.133,63.96787206,-22.60536037,146.48,19.193,-0.2093,-3.1457,2.2635,-0.0309,1.4295,-0.0965,68.408,72.278,-7.5273,121.9785,1.7696,0.0,0.0,0.0,-0.03,1154.1,0.0,3.7,150.0,0,90.133,0.01996354680101775,0.06399403982897475,-0.03,-0.03754560831475534,0.2759487685214297,1.0,0.0,377.7816312045219,4.03994581270042,-0.020000000000010232,15.693000000000001,7.271858287379509,0.0070022472896209675,0.0864920708271552,-8.063352236618849,0.8111587632620001,2.2435000000000116,0.0,-0.4636067727500359,flare,0.796540373429341,-0.022065614995099736,-2.658514824037998,
90.217,63.96789984,-22.60535946,145.864,18.461,-0.212,-3.0263,2.2555,-0.0332,1.4351,-0.0948,68.337,72.215,-7.2904,121.8728,1.7553,0.0,0.0,0.0,-0.03,1151.8,0.0,3.7,150.0,0,90.217,0.02010123349651244,0.06396237553463416,-0.03,-0.03741833451415899,0.2727641183293318,1.0,0.0,380.87847056465506,4.083449110131961,-0.6359999999999957,14.960999999999999,7.271858287379509,0.00583520607468414,0.08752472167906791,-8.033422773735273,0.8051581036119728,2.235500000000002,0.0,-0.49830052933985436,flare,0.7918072717399127,-0.02015231157817965,-2.5057379103794624,
90.325,63.96793869,-22.60535819,145.034,17.473,-0.2159,-2.8584,2.2447,-0.0337,1.4428,-0.0909,68.236,72.123,-6.9589,121.7178,1.7345,0.0,0.0,0.0,-0.03,1148.3,0.0,3.7,150.0,0,90.325,0.02034308852426131,0.06393674450447531,-0.03,-0.03724640563409398,0.26830070302663056,1.0,0.0,385.2093635763933,4.144159385836503,-1.4660000000000082,13.972999999999999,7.271858287379509,0.00486267172890345,0.08897013064727245,-7.9948936776399195,0.7964196482965065,2.224700000000013,0.0,-0.5380173162348805,flare,0.7855614803385862,-0.016389781910206125,-2.2996274771153056,
90.408,63.96796363,-22.60535739,144.521,16.867,-0.2185,-2.75,2.2379,-0.0325,1.4473,-0.0877,68.168,72.062,-6.7452,121.6141,1.7208,0.0,0.0,0.0,-0.03,1146.0,0.0,3.7,150.0,0,90.408,0.020480315535571725,0.06393388739971365,-0.03,-0.037138089933611285,0.26547467053449025,1.0,0.0,387.989607117767,4.182383885179135,-1.9790000000000134,13.367,7.271858287379509,0.004052226440752874,0.08988440141861803,-7.965314066480705,0.7906625645741769,2.217899999999986,0.0,-0.5635863882529573,flare,0.781023271684564,-0.014549960955998031,-2.1735467667037662,
90.517,63.96799963,-22.60535624,143.808,16.019,-0.2218,-2.5929,2.2287,-0.0286,1.4539,-0.0823,68.067,71.969,-6.4354,121.4588,1.7005,0.0,0.0,0.0,-0.03,1142.5,0.0,3.7,150.0,0,90.517,0.02070284990560811,0.06395437471929752,-0.03,-0.03699146649434776,0.26141605228094994,1.0,0.0,392.00278937303983,4.2373258149450175,-2.6920000000000073,12.518999999999998,7.271858287379509,0.0033768553672940617,0.09120245490804782,-7.926432357787516,0.7821247345823679,2.2086999999999932,0.0,-0.596588126101536,flare,0.7749048883959659,-0.010897945931233721,-1.9979333744272125,
90.625,63.96803557,-22.6053551,143.129,15.205,-0.2247,-2.435,2.2201,-0.024,1.4602,-0.0766,67.963,71.873,-6.1248,121.297,1.6797,0.0,0.0,0.0,-0.03,1138.9,0.0,3.7,150.0,0,90.625,0.020928494331516168,0.06401348576742813,-0.03,-0.03685432390496535,0.2574163809727616,1.0,0.0,396.00928285242577,4.291780141975612,-3.3710000000000093,11.705,7.271858287379509,0.002814046139411718,0.09251374485473537,-7.887905716855168,0.7733713928435293,2.200099999999992,0.0,-0.6298949294525709,flare,0.7688352895418085,-0.006846989787970159,-1.83064562739788,
90.7,63.96806043,-22.60535432,142.679,14.661,-0.2264,-2.3253,2.2145,-0.02,1.4642,-0.0725,67.889,71.805,-5.9098,121.181,1.665,0.0,0.0,0.0,-0.03,1136.3,0.0,3.7,150.0,0,90.7,0.021082418657036806,0.06408078783396612,-0.03,-0.03676497952179819,0.2546928632169461,1.0,0.0,398.780607912729,4.329027879860477,-3.820999999999998,11.161,7.271858287379509,0.002345038449509765,0.09341405379846017,-7.861179898528144,0.7671817403451655,2.194500000000005,0.0,-0.6623287237447556,flare,0.7646370039579224,-0.003841134916990896,-1.7197516259148102,
90.808,63.96809905,-22.60535312,142.01,13.848,-0.2283,-2.1542,2.2064,-0.0113,1.4687,-0.0661,67.77,71.694,-5.5753,120.9939,1.6416,0.0,0.0,0.0,-0.03,1132.1,0.0,3.7,150.0,0,90.808,0.021330744114810174,0.0642391286289741,-0.03,-0.03663569049148019,0.25055714543448865,1.0,0.0,403.08586007771316,4.38631754456552,-4.490000000000009,10.348,7.271858287379509,0.001954198707924804,0.09480399601303305,-7.822640819324034,0.7573200214947065,2.186399999999992,0.0,-0.7022853717544876,flare,0.758462314114908,0.001724225800996848,-1.555666183325263,
90.917,63.96813486,-22.60535202,141.425,13.127,-0.2292,-1.9949,2.1995,-0.0036,1.4723,-0.0609,67.656,71.587,-5.2613,120.814,1.6197,0.0,0.0,0.0,-0.03,1128.2,0.0,3.7,150.0,0,90.917,0.021515161053735965,0.06447324567963583,-0.03,-0.03652550073442934,0.24683415901428227,1.0,0.0,407.07786089739125,4.438817181124701,-5.074999999999989,9.627,7.271858287379509,0.0016284989232706701,0.09608338996598959,-7.7837454681741995,0.7480932237203604,2.1794999999999902,0.0,-0.7335204797434421,flare,0.7523926582452205,0.00648975177785438,-1.412068150658392,
91.025,63.96817061,-22.60535094,140.873,12.442,-0.2292,-1.8351,2.1931,0.0039,1.4763,-0.0563,67.54,71.476,-4.944,120.6281,1.5974,0.0,0.0,0.0,-0.03,1124.0,0.0,3.7,150.0,0,91.025,0.021681426375271262,0.0648219304505667,-0.03,-0.03642325091902909,0.24325915375505225,1.0,0.0,411.0631727709545,4.49033927797157,-5.6270000000000095,8.942,7.271858287379509,0.0013570824360588918,0.09734521045227561,-7.745210701759925,0.7386866481337506,2.173100000000005,0.0,-0.7644798974098592,flare,0.7463866365912573,0.01162269305274144,-1.2775532269483403,
91.133,63.96820356,-22.60534995,140.394,11.839,-0.2285,-1.6873,2.1876,0.0104,1.479,-0.0528,67.429,71.371,-4.6495,120.4511,1.5767,0.0,0.0,0.0,-0.03,1120.2,0.0,3.7,150.0,0,91.133,0.021793204638444752,0.06525239344721998,-0.03,-0.036335345604853186,0.24008935881021684,1.0,0.0,414.73634823691776,4.53756089487045,-6.1059999999999945,8.339,7.271858287379509,0.0011309020300490765,0.0985058208304557,-7.706689314583904,0.7299565911637274,2.167599999999993,0.0,-0.7884160683524095,flare,0.7405150813986836,0.01593743587224772,-1.1608511162957402,
91.2,63.96822824,-22.60534922,140.055,11.407,-0.2276,-1.5763,2.1837,0.0146,1.4803,-0.0506,67.344,71.29,-4.4282,120.3147,1.5611,0.0,0.0,0.0,-0.03,1117.2,0.0,3.7,150.0,0,91.2,0.02189960979265687,0.06565767595112285,-0.03,-0.036272993529881836,0.23780934159252273,1.0,0.0,417.48760662910416,4.5723659505954,-6.444999999999993,7.907,7.271858287379509,0.0009424183583742305,0.09936498283691134,-7.682820254597924,0.7233790090028549,2.1637000000000057,0.0,-0.8320743090856352,flare,0.7366926782244967,0.02009621675687434,-1.078306410746217,
91.317,63.96826384,-22.60534818,139.594,10.812,-0.2257,-1.416,2.1784,0.0212,1.4772,-0.0481,67.219,71.17,-4.109,120.112,1.5386,0.0,0.0,0.0,-0.03,1112.8,0.0,3.7,150.0,0,91.317,0.021982959209239872,0.0663807691321808,-0.03,-0.03618823315091524,0.23466182823170575,1.0,0.0,421.45619630721205,4.62193413522568,-6.906000000000006,7.311999999999999,7.271858287379509,0.0007853486319785253,0.10059359569606117,-7.641087804908556,0.7139022335116181,2.1584000000000003,0.0,-0.8535562872029554,flare,0.7303692323226123,0.024855979257637273,-0.9661641590785024,
91.425,63.96829938,-22.60534715,139.167,10.252,-0.2232,-1.2561,2.1733,0.026,1.4716,-0.0466,67.09,71.046,-3.7908,119.9026,1.516,0.0,0.0,0.0,-0.03,1108.4,0.0,3.7,150.0,0,91.425,0.022068269498312088,0.06728047588024719,-0.03,-0.036106643583299014,0.23169729766158212,1.0,0.0,425.4180972102252,4.671014717294454,-7.332999999999998,6.752000000000001,7.271858287379509,0.0006544571933154378,0.10181503089463506,-7.602583865474264,0.7043860739434535,2.1533000000000015,0.0,-0.8845461196794424,flare,0.7244192741267845,0.030238941731438373,-0.8623488719229133,
91.533,63.96833486,-22.60534613,138.775,9.727,-0.2202,-1.097,2.1683,0.0294,1.4604,-0.0461,66.958,70.919,-3.4717,119.6877,1.4934,0.0,0.0,0.0,-0.03,1103.9,0.0,3.7,150.0,0,91.533,0.02213521532107532,0.06839575976212012,-0.03,-0.03602662749854463,0.2289212557141771,1.0,0.0,429.3733093381437,4.719607696801724,-7.724999999999994,6.227,7.271858287379509,0.0005453809944295315,0.10302924659094745,-7.564087404926733,0.6948694230970887,2.148300000000006,0.0,-0.9152439471833315,flare,0.7184795160939714,0.035638035460648254,-0.7666258837325515,
91.608,63.96835939,-22.60534544,138.524,9.384,-0.2179,-0.9877,2.1648,0.0311,1.4501,-0.0464,66.865,70.828,-3.2508,119.5357,1.4778,0.0,0.0,0.0,-0.03,1100.8,0.0,3.7,150.0,0,91.608,0.022172257265034634,0.06930173084096489,-0.03,-0.035970600766742744,0.22711151303026614,1.0,0.0,432.10784553566697,4.752458840309809,-7.975999999999999,5.884,7.271858287379509,0.00045448416202460956,0.10385459035115688,-7.5373880921380785,0.6883021191870853,2.1448000000000036,0.0,-0.9447672247121195,flare,0.7143819698440375,0.03936597399603414,-0.7049580586003756,
91.717,63.96839747,-22.60534438,138.166,8.883,-0.2142,-0.8199,2.1593,0.0332,1.4236,-0.0475,66.718,70.685,-2.9091,119.2938,1.4537,0.0,0.0,0.0,-0.03,1096.0,0.0,3.7,150.0,0,91.717,0.022238886104827382,0.07092360620133784,-0.03,-0.03588253306437311,0.22447677162925417,1.0,0.0,436.3528978673211,4.802910396034037,-8.334000000000003,5.382999999999999,7.271858287379509,0.0003787368016871746,0.10512730537197565,-7.4985433724511,0.6781649697381624,2.1392999999999915,0.0,-0.9814814636665629,flare,0.7083257482240732,0.04552585961901201,-0.6161621371926138,
91.825,63.96843277,-22.60534341,137.869,8.452,-0.2105,-0.6669,2.1541,0.0345,1.3933,-0.0492,66.579,70.548,-2.596,119.0631,1.4313,0.0,0.0,0.0,-0.03,1091.5,0.0,3.7,150.0,0,91.825,0.022275571593126542,0.07263931140830795,-0.03,-0.03579924022811887,0.222221028795045,1.0,0.0,440.2880433271228,4.849060693381393,-8.631,4.952,7.271858287379509,0.0003156140014059788,0.10629725011150358,-7.460068513298232,0.6687398293698266,2.1340999999999894,0.0,-1.0092592430638827,flare,0.702446288115194,0.050877814294864265,-0.5410211646803607,
91.9,63.96845716,-22.60534274,137.683,8.174,-0.2079,-0.5631,2.1504,0.0352,1.3674,-0.0507,66.48,70.451,-2.3824,118.8998,1.4159,0.0,0.0,0.0,-0.03,1088.5,0.0,3.7,150.0,0,91.9,0.02229558844255708,0.07392726720435014,-0.03,-0.03573995714421774,0.22077260047456299,1.0,0.0,443.00697243870917,4.880937410021291,-8.817000000000007,4.6739999999999995,7.271858287379509,0.0002630116678383157,0.10710744339374471,-7.433385283760455,0.6622657379610644,2.1304000000000087,0.0,-1.0375084027853307,flare,0.6983702323202223,0.05449747386414039,-0.49318136573084637,
92.008,63.96849234,-22.60534179,137.442,7.8,-0.2041,-0.4172,2.1447,0.0356,1.3198,-0.0533,66.336,70.308,-2.0802,118.659,1.3938,0.0,0.0,0.0,-0.03,1084.3,0.0,3.7,150.0,0,92.008,0.022318816385919593,0.07590237242825468,-0.03,-0.03564860150043686,0.2188334214062073,1.0,0.0,446.92874034752947,4.926112502419975,-9.057999999999993,4.3,7.271858287379509,0.00021917638986526308,0.10826137523174559,-7.394932868213892,0.6529804309373617,2.12469999999999,0.0,-1.0644015782897105,flare,0.6925141451582242,0.05967362101909757,-0.4296117122549248,
92.117,63.96852744,-22.60534086,137.234,7.459,-0.2002,-0.2764,2.1388,0.0353,1.2708,-0.0561,66.188,70.162,-1.7872,118.4124,1.3717,0.0,0.0,0.0,-0.03,1080.4,0.0,3.7,150.0,0,92.117,0.02233652742726311,0.07795376368807358,-0.03,-0.035554005151493706,0.2170759538818167,1.0,0.0,450.8415897760715,4.970310833360616,-9.265999999999991,3.9589999999999996,7.271858287379509,0.0001826469915543859,0.1093969104770806,-7.356140348884043,0.6436898294669788,2.118799999999993,0.0,-1.0910739952758703,flare,0.6866437557588334,0.06483615926069852,-0.3724537170602513,
92.233,63.96856248,-22.60533995,137.057,7.149,-0.1964,-0.1413,2.1326,0.0344,1.2159,-0.059,66.038,70.012,-1.5049,118.16,1.3497,0.0,0.0,0.0,-0.03,1076.7,0.0,3.7,150.0,0,92.233,0.02233905526106139,0.08002763021062678,-0.03,-0.035454560280879344,0.21548802278050677,1.0,0.0,454.7477502577063,5.013531624241098,-9.443000000000012,3.649,7.271858287379509,0.00015220582629532156,0.11051403199489648,-7.314876978490283,0.6344410165992258,2.1125999999999863,0.0,-1.1094403091849654,flare,0.6805186790063757,0.06955117894448826,-0.3211658468574967,
92.3,63.96858668,-22.60533932,136.951,6.953,-0.1939,-0.0511,2.1281,0.0334,1.1793,-0.061,65.932,69.907,-1.3166,117.9821,1.3345,0.0,0.0,0.0,-0.03,1074.2,0.0,3.7,150.0,0,92.3,0.022375846061074622,0.08144279067185342,-0.03,-0.03538235787420141,0.21448923090350053,1.0,0.0,457.4454981047186,5.043455985347286,-9.549000000000007,3.4530000000000003,7.271858287379509,0.00012683818857943464,0.11128916358391161,-7.291084045944869,0.6280470953237796,2.1081000000000074,0.0,-1.1524084221898674,flare,0.6768145221446886,0.0736111448950787,-0.2890734562995956,
92.408,63.96862159,-22.60533843,136.824,6.694,-0.1904,0.0734,2.1214,0.0319,1.1133,-0.0636,65.778,69.752,-1.055,117.7209,1.3127,0.0,0.0,0.0,-0.03,1070.7,0.0,3.7,150.0,0,92.408,0.02240319247229683,0.08342986774254355,-0.03,-0.03527481814607858,0.213175975110975,1.0,0.0,461.3371662678943,5.08570196040637,-9.675999999999988,3.194,7.271858287379509,0.0001056984904828622,0.11238981045623339,-7.2526980438501925,0.6188759567130546,2.1014000000000124,0.0,-1.1772736498022283,flare,0.6710355551715494,0.07873132012393214,-0.24706697282231538,
92.517,63.96865641,-22.60533755,136.724,6.462,-0.187,0.1912,2.1144,0.03,1.0537,-0.0661,65.621,69.595,-0.8067,117.4556,1.2909,0.0,0.0,0.0,-0.03,1067.3,0.0,3.7,150.0,0,92.517,0.022432303782044805,0.08530155045110396,-0.03,-0.03516241429775774,0.21200632562856292,1.0,0.0,465.2188013543342,5.127461500285493,-9.77600000000001,2.9619999999999997,7.271858287379509,8.808207540238517e-05,0.11348256066278274,-7.213976975178628,0.6096859744536687,2.0944000000000074,0.0,-1.2011912245908651,flare,0.6652290479014127,0.08383835262273465,-0.20983027265434195,
92.625,63.96869116,-22.60533669,136.65,6.257,-0.1839,0.3026,2.1071,0.0278,0.996,-0.0683,65.462,69.435,-0.5726,117.1864,1.2692,0.0,0.0,0.0,-0.03,1064.0,0.0,3.7,150.0,0,92.625,0.02247381344146071,0.08702836852610771,-0.03,-0.03504514005929671,0.210978340318483,1.0,0.0,469.0926327263893,5.168243889579853,-9.849999999999994,2.7569999999999997,7.271858287379509,7.340172950198764e-05,0.11455658780361741,-7.175634546585193,0.6005238847123451,2.0870999999999924,0.0,-1.2258304061937038,flare,0.6594897742460653,0.08900474950971393,-0.17723649565677313,
92.708,63.96871517,-22.6053361,136.614,6.13,-0.1818,0.3763,2.1019,0.0263,0.9583,-0.0696,65.351,69.323,-0.4192,116.9979,1.2542,0.0,0.0,0.0,-0.03,1061.8,0.0,3.7,150.0,0,92.708,0.022484878749579384,0.08812692662370239,-0.03,-0.03496156928337546,0.21034419932593362,1.0,0.0,471.7691993096195,5.196215894977993,-9.885999999999996,2.63,7.271858287379509,6.116810791832304e-05,0.11529598294785277,-7.146212391088302,0.5941786667885367,2.0818999999999903,0.0,-1.2359684963206796,flare,0.6551971569479562,0.09210293510692047,-0.1571905700461933,
92.808,63.96874978,-22.60533526,136.581,5.966,-0.1791,0.4774,2.0943,0.0238,0.905,-0.0708,65.19,69.16,-0.2106,116.7225,1.2327,0.0,0.0,0.0,-0.03,1058.6,0.0,3.7,150.0,0,92.808,0.02255738957675013,0.08956264125140787,-0.03,-0.03483937818781496,0.209528472034047,1.0,0.0,475.6274235965299,5.2360238574038895,-9.919000000000011,2.466,7.271858287379509,5.0973423265269196e-05,0.1163531053693276,-7.110756372581072,0.5850751291721394,2.074299999999994,0.0,-1.2699713602915157,flare,0.6498056217400219,0.09770579629140208,-0.13147076843512195,
92.925,63.96878431,-22.60533444,136.569,5.825,-0.1766,0.5733,2.0866,0.0217,0.8588,-0.0715,65.026,68.995,-0.0175,116.4438,1.2111,0.0,0.0,0.0,-0.03,1055.6,0.0,3.7,150.0,0,92.925,0.022603096310340465,0.0908124963374091,-0.03,-0.03471551991333094,0.2088300714438641,1.0,0.0,479.47672940157764,5.274855058372299,-9.931000000000012,2.325,7.271858287379509,4.2477852721057665e-05,0.11739125178588257,-7.069289646269061,0.5758961886137968,2.066599999999994,0.0,-1.2819475458749716,flare,0.6437606843227144,0.10243621242471512,-0.10950833085651013,
93.033,63.96881875,-22.60533363,136.578,5.703,-0.1744,0.6644,2.0788,0.0193,0.8191,-0.0715,64.861,68.828,0.1605,116.1619,1.1896,0.0,0.0,0.0,-0.03,1052.5,0.0,3.7,150.0,0,93.033,0.022680773489376027,0.09188486345453747,-0.03,-0.0345899923301895,0.20822801913889405,1.0,0.0,483.31600212988974,5.313199824160746,-9.921999999999997,2.2030000000000003,7.271858287379509,3.539821060088139e-05,0.11842120322996909,-7.031050713593654,0.5667386528433838,2.058799999999991,0.0,-1.3042957487752147,flare,0.6380906418752019,0.1077001602883545,-0.09061785719285531,
93.1,63.96884255,-22.60533308,136.594,5.63,-0.173,0.7251,2.0735,0.0175,0.7944,-0.0711,64.745,68.711,0.2751,115.9649,1.1747,0.0,0.0,0.0,-0.03,1050.5,0.0,3.7,150.0,0,93.1,0.022760641767979983,0.09252667560329922,-0.03,-0.034504663157369275,0.20786878615135546,1.0,0.0,485.9691579135903,5.339220251931598,-9.906000000000006,2.13,7.271858287379509,2.9498508834067825e-05,0.11912409326296663,-7.007366719418012,0.5603743219657531,2.053500000000014,0.0,-1.343118251939492,flare,0.6344932625121373,0.11187652135709136,-0.0793645549601738,
93.208,63.96887686,-22.6053323,136.633,5.54,-0.1712,0.8093,2.0658,0.0159,0.7566,-0.0698,64.577,68.541,0.429,115.6781,1.1532,0.0,0.0,0.0,-0.03,1047.6,0.0,3.7,150.0,0,93.208,0.02285989547595718,0.09332663007731837,-0.03,-0.03438064435113802,0.20742695462856328,1.0,0.0,489.793938153215,5.376100264573501,-9.86699999999999,2.04,7.271858287379509,2.458209069505652e-05,0.12012583881227828,-6.969166608636379,0.5511651922895737,2.0457999999999856,0.0,-1.3624307340864068,flare,0.6288645294622626,0.11728065174706082,-0.06554225300436478,
93.317,63.96891107,-22.60533153,136.688,5.466,-0.1696,0.8898,2.0584,0.0143,0.7256,-0.0681,64.408,68.369,0.5693,115.3886,1.1317,0.0,0.0,0.0,-0.03,1044.7,0.0,3.7,150.0,0,93.317,0.022968962639180468,0.09398108015181975,-0.03,-0.03426140178700565,0.2070645575189271,1.0,0.0,493.60757054704203,5.41249423116327,-9.812000000000012,1.9660000000000002,7.271858287379509,2.0485075579213767e-05,0.12111917321099548,-6.93064331341167,0.5419234025111734,2.0383999999999958,0.0,-1.3795241869509496,flare,0.6232102833778228,0.1226955430637986,-0.05422002160385908,
93.433,63.96894521,-22.60533077,136.757,5.407,-0.1681,0.9671,2.0511,0.0128,0.6976,-0.0659,64.237,68.196,0.6969,115.0966,1.1102,0.0,0.0,0.0,-0.03,1041.9,0.0,3.7,150.0,0,93.433,0.023068903627060156,0.0945019695671486,-0.03,-0.0341437173288725,0.20677619913537085,1.0,0.0,497.4133993990888,5.448400984492592,-9.742999999999995,1.907,7.271858287379509,1.707089631601147e-05,0.12210417939332643,-6.889680741123514,0.5326470959105905,2.0311000000000092,0.0,-1.388125436413078,flare,0.6172916072592223,0.1277633875809716,-0.045220527452169534,
93.5,63.96896879,-22.60533026,136.813,5.374,-0.1672,1.0189,2.0462,0.0114,0.6807,-0.0642,64.118,68.075,0.7782,114.8932,1.0953,0.0,0.0,0.0,-0.03,1040.0,0.0,3.7,150.0,0,93.5,0.023178844852144442,0.09479177358032684,-0.03,-0.03406469405472551,0.20661514016424304,1.0,0.0,500.04202961578204,5.472470223937493,-9.687000000000012,1.8739999999999997,7.271858287379509,1.422574693000956e-05,0.12276982280417942,-6.866068209340461,0.5261956519060789,2.0261999999999887,0.0,-1.4233976151923668,flare,0.6137510456549613,0.13215691168460886,-0.040197634911006475,
93.617,63.96900277,-22.60532953,136.904,5.336,-0.166,1.0913,2.0394,0.0104,0.6551,-0.0614,63.945,67.9,0.8862,114.5974,1.0738,0.0,0.0,0.0,-0.03,1037.3,0.0,3.7,150.0,0,93.617,0.02329710505773014,0.09511593243041425,-0.03,-0.03395498982202616,0.20642988065899248,1.0,0.0,503.83002167670816,5.50691339132803,-9.596000000000004,1.8360000000000003,7.271858287379509,1.18547891083413e-05,0.12372602913071909,-6.824814597915737,0.5168569227232922,2.0193999999999903,0.0,-1.428418966414186,flare,0.6078372308284159,0.13732626169410977,-0.03442323346057918,
93.725,63.96903667,-22.60532881,137.006,5.314,-0.165,1.1613,2.0329,0.0089,0.6326,-0.0586,63.771,67.724,0.9836,114.2996,1.0523,0.0,0.0,0.0,-0.03,1034.7,0.0,3.7,150.0,0,93.725,0.023449118969325,0.09534334556067939,-0.03,-0.03385008291285457,0.20632272460354525,1.0,0.0,507.6090954267921,5.540869734411886,-9.494,1.814,7.271858287379509,9.878990923617749e-06,0.12467368972699532,-6.786780506872729,0.5074790586601523,2.012900000000002,0.0,-1.4450273432048288,flare,0.6022978961039485,0.14311986226574014,-0.03108482632222831,
93.8,63.96906008,-22.60532832,137.082,5.31,-0.1644,1.2082,2.0285,0.008,0.6177,-0.0567,63.649,67.601,1.0451,114.0922,1.0374,0.0,0.0,0.0,-0.03,1032.9,0.0,3.7,150.0,0,93.8,0.02356068049929344,0.09544737517517246,-0.03,-0.03377904545028604,0.20630324954407397,1.0,0.0,510.21877425590736,5.563965714370144,-9.418000000000006,1.8099999999999996,7.271858287379509,8.232492436348124e-06,0.12532180093797912,-6.760414420535198,0.5009558908863312,2.008499999999998,0.0,-1.461540008974081,flare,0.5984694624272286,0.14718707827903366,-0.03047821105537274,
93.908,63.96909383,-22.60532763,137.2,5.312,-0.1635,1.2741,2.0225,0.0076,0.5956,-0.054,63.473,67.422,1.1259,113.7911,1.0159,0.0,0.0,0.0,-0.03,1030.3,0.0,3.7,150.0,0,93.908,0.02372593945244106,0.0955239450395596,-0.03,-0.033682145612570435,0.2063129867711618,1.0,0.0,513.9811259823485,5.596458082562003,-9.300000000000011,1.8120000000000003,7.271858287379509,6.860410363623437e-06,0.12624036488619225,-6.722442969213561,0.4915095646754253,2.0024999999999977,0.0,-1.476820883579127,flare,0.5929753145811425,0.15315214578006398,-0.03078150453910311,
94.008,63.96912749,-22.60532695,137.327,5.323,-0.1628,1.3375,2.0168,0.007,0.5718,-0.0516,63.296,67.243,1.1975,113.4883,0.9944,0.0,0.0,0.0,-0.03,1027.8,0.0,3.7,150.0,0,94.008,0.023922703011618585,0.09551334511340173,-0.03,-0.033590058172129234,0.20636655233509235,1.0,0.0,517.7334446312618,5.6284640157482375,-9.173000000000002,1.8230000000000004,7.271858287379509,5.717008636352864e-06,0.12715016218063077,-6.687319809764788,0.4820206059212637,1.9968000000000075,0.0,-1.503473530526488,flare,0.5878140748443776,0.15968397254479427,-0.03245012452924456,
94.117,63.96916106,-22.60532629,137.46,5.342,-0.162,1.3976,2.0113,0.0074,0.5296,-0.0496,63.118,67.062,1.2604,113.1838,0.9729,0.0,0.0,0.0,-0.03,1025.3,0.0,3.7,150.0,0,94.117,0.024099906680555117,0.09541910248323535,-0.03,-0.033501171839803334,0.20645911771447797,1.0,0.0,521.4757300316269,5.659493576255858,-9.039999999999992,1.8419999999999996,7.271858287379509,4.764173863627386e-06,0.12804005874897756,-6.649066181385668,0.4724882452590293,1.9912999999999954,0.0,-1.5152511662000456,flare,0.5823256140705126,0.1657873834044299,-0.035334302259609984,
94.217,63.96919453,-22.60532564,137.6,5.366,-0.1612,1.4523,2.006,0.008,0.474,-0.0481,62.939,66.881,1.3139,112.8781,0.9515,0.0,0.0,0.0,-0.03,1022.8,0.0,3.7,150.0,0,94.217,0.024299837765339838,0.09523243338561663,-0.03,-0.033415489901581275,0.20657612012767215,1.0,0.0,525.2068675877784,5.690037090884852,-8.900000000000006,1.8659999999999997,7.271858287379509,3.970144886356155e-06,0.1289210082882291,-6.614010526618895,0.46296031752459044,1.98599999999999,0.0,-1.5402283329091435,flare,0.5772097796322591,0.17244644962818612,-0.03898112305140877,
94.3,63.96922023,-22.60532515,137.711,5.39,-0.1605,1.49,2.002,0.0085,0.4265,-0.0475,62.801,66.741,1.3482,112.6421,0.9351,0.0,0.0,0.0,-0.03,1021.0,0.0,3.7,150.0,0,94.3,0.024437606451839622,0.09502556516274982,-0.03,-0.03335080623719194,0.2066932090176214,1.0,0.0,528.0718281479067,5.713043960879024,-8.788999999999987,1.8899999999999997,7.271858287379509,3.3084540719634624e-06,0.1295890962443478,-6.584955869173635,0.45563080510387977,1.9819999999999993,0.0,-1.551357630136462,flare,0.5730512965084209,0.1772323713661521,-0.04263201569541408,
94.4,63.96925098,-22.60532458,137.848,5.421,-0.1596,1.5301,1.9973,0.0103,0.3688,-0.0473,62.634,66.573,1.3807,112.3584,0.9154,0.0,0.0,0.0,-0.03,1018.8,0.0,3.7,150.0,0,94.4,0.024604599072330702,0.09468822748294434,-0.03,-0.033274783131966135,0.20684457632444075,1.0,0.0,531.4997476065083,5.739773819692926,-8.651999999999987,1.9210000000000003,7.271858287379509,2.757045059969552e-06,0.13037233488590533,-6.549968782787796,0.44678660582241037,1.9773000000000138,0.0,-1.5621433001240448,flare,0.568071633437917,0.18306493581654237,-0.04735377609193847,
94.5,63.96928166,-22.60532401,137.988,5.454,-0.1585,1.5643,1.9926,0.0115,0.3113,-0.0477,62.468,66.404,1.4033,112.0744,0.8958,0.0,0.0,0.0,-0.03,1016.6,0.0,3.7,150.0,0,94.5,0.02476343667716535,0.09425611516329149,-0.03,-0.03319873867713302,0.2070058664978547,1.0,0.0,534.9198636935582,5.766506402571527,-8.512,1.9539999999999997,7.271858287379509,2.2975375499746268e-06,0.13115736079065704,-6.515019817432773,0.43794995401114534,1.9726,0.0,-1.5710393637491373,flare,0.563093845027133,0.18888889041237356,-0.05238762485980075,
94.608,63.96931736,-22.60532337,138.153,5.496,-0.1571,1.5971,1.9869,0.0122,0.2468,-0.0488,62.274,66.208,1.4168,111.743,0.8731,0.0,0.0,0.0,-0.03,1014.1,0.0,3.7,150.0,0,94.608,0.02496359710651913,0.09361836141235078,-0.03,-0.03310648596962301,0.20721137816557908,1.0,0.0,538.8995942048359,5.7964732045011464,-8.347000000000008,1.9960000000000004,7.271858287379509,1.914614624978856e-06,0.13204755639520271,-6.477304609999331,0.4276694479175376,1.9669000000000096,0.0,-1.591517266707966,flare,0.5576653441891679,0.19621166471152307,-0.05880545967094619,
94.7,63.96934533,-22.60532288,138.283,5.529,-0.156,1.6178,1.9824,0.0131,0.2003,-0.05,62.121,66.054,1.4175,111.483,0.8554,0.0,0.0,0.0,-0.03,1012.2,0.0,3.7,150.0,0,94.7,0.025104004537310987,0.09300370007729905,-0.03,-0.03303363280417676,0.20737303389633913,1.0,0.0,542.0176069626057,5.819391742611166,-8.217000000000013,2.029,7.271858287379509,1.5955121874823798e-06,0.13273420650718232,-6.4452293288633395,0.4196172332450203,1.9624000000000024,0.0,-1.5980196495764125,flare,0.5531412293591416,0.20153631502624592,-0.06385677478722229,
94.8,63.96937578,-22.60532235,138.424,5.566,-0.1547,1.6357,1.9773,0.0135,0.1535,-0.0516,61.955,65.886,1.4085,111.1999,0.8362,0.0,0.0,0.0,-0.03,1010.1,0.0,3.7,150.0,0,94.8,0.02525288850405505,0.09222034291938871,-0.03,-0.0329510423853161,0.20755447391471174,1.0,0.0,545.4120827151705,5.844173526117028,-8.075999999999993,2.066,7.271858287379509,1.3295934895686498e-06,0.13347982333305225,-6.4103972487671586,0.4108441625039916,1.9573000000000036,0.0,-1.60365422688766,flare,0.5482282724880534,0.2073619941052609,-0.06952950114381018,
94.9,63.96940614,-22.60532184,138.564,5.601,-0.1533,1.649,1.9721,0.0131,0.1104,-0.0535,61.789,65.719,1.3896,110.9177,0.8171,0.0,0.0,0.0,-0.03,1008.1,0.0,3.7,150.0,0,94.9,0.025399009518560667,0.09130411827438148,-0.03,-0.03286680689853111,0.20772628988963648,1.0,0.0,548.7965252191871,5.867978937466456,-7.936000000000007,2.101,7.271858287379509,1.1079945746405414e-06,0.13420459292360787,-6.375608798645571,0.4020745163399795,1.9521000000000015,0.0,-1.608776569897857,flare,0.5433476042473089,0.21323117963072846,-0.07490447220305363,
95.017,63.96943643,-22.60532134,138.702,5.634,-0.1521,1.6583,1.9667,0.0119,0.0716,-0.0554,61.624,65.552,1.3614,110.6367,0.7981,0.0,0.0,0.0,-0.03,1006.1,0.0,3.7,150.0,0,95.017,0.02551348569188938,0.09025418097692053,-0.03,-0.03277930424076608,0.20788845033629424,1.0,0.0,552.1731641814232,5.891297135207317,-7.798000000000002,2.1340000000000003,7.271858287379509,9.233288122004511e-07,0.13491974463124687,-6.3349583142090005,0.3933074148852995,1.9466999999999928,0.0,-1.5907292826577355,flare,0.5378178113219292,0.21811683241221047,-0.07998020339850065,
95.125,63.96946915,-22.60532081,138.847,5.667,-0.1509,1.664,1.9605,0.0089,0.0313,-0.0576,61.446,65.373,1.3208,110.3339,0.7778,0.0,0.0,0.0,-0.03,1003.9,0.0,3.7,150.0,0,95.125,0.025678704282159015,0.08895361094045037,-0.03,-0.03267880395711559,0.20805076768832925,1.0,0.0,555.8206921308375,5.915990587003363,-7.652999999999992,2.167,7.271858287379509,7.694406768337093e-07,0.13568307830330134,-6.29749869182109,0.3839005156604287,1.940499999999986,0.0,-1.5959491795204983,flare,0.5325847126760515,0.22441575235571776,-0.08506359896151139,
95.2,63.96948925,-22.60532049,138.934,5.685,-0.1504,1.6653,1.9567,0.0066,0.0086,-0.059,61.337,65.263,1.2909,110.1485,0.7653,0.0,0.0,0.0,-0.03,1002.6,0.0,3.7,150.0,0,95.2,0.025772875665652173,0.08806415023383887,-0.03,-0.03261718894523785,0.20813937026313006,1.0,0.0,558.0613800483704,5.930886434251813,-7.5660000000000025,2.1849999999999996,7.271858287379509,6.41200564028091e-07,0.13614682635361414,-6.271543933115016,0.3780785440840191,1.9367000000000019,0.0,-1.582984102594381,flare,0.5290445296500081,0.22785930024529932,-0.08783958898028388,
95.308,63.96952433,-22.60531994,139.082,5.711,-0.1498,1.6646,1.9497,0.003,-0.0228,-0.0612,61.148,65.072,1.2303,109.8263,0.7436,0.0,0.0,0.0,-0.03,1000.4,0.0,3.7,150.0,0,95.308,0.02599856957054253,0.08633996586117523,-0.03,-0.032503651764121566,0.20826743346587925,1.0,0.0,561.9719934423904,5.956467926494751,-7.418000000000006,2.2110000000000003,7.271858287379509,5.343338033567426e-07,0.13694863066316973,-6.234175922844178,0.3679261217496901,1.9296999999999969,0.0,-1.5981673659948858,flare,0.5237710099552366,0.23522219707732894,-0.09185337413834027,
95.417,63.96955433,-22.60531948,139.202,5.728,-0.1497,1.6611,1.9435,-0.0001,-0.0461,-0.0629,60.987,64.909,1.1708,109.5524,0.7251,0.0,0.0,0.0,-0.03,998.5,0.0,3.7,150.0,0,95.417,0.026170770911661867,0.08468289389650965,-0.03,-0.03240305156083584,0.20835121913473048,1.0,0.0,565.3163034660673,5.977837659974359,-7.298000000000002,2.2279999999999998,7.271858287379509,4.4527816946395214e-07,0.13762464482733888,-6.196523997371666,0.3592209305554661,1.92349999999999,0.0,-1.5871579891029481,flare,0.5186309147787327,0.24060232702208495,-0.09448034102646119,
95.525,63.96958673,-22.605319,139.325,5.742,-0.1499,1.655,1.9366,-0.0037,-0.0659,-0.0646,60.814,64.735,1.0993,109.2582,0.7051,0.0,0.0,0.0,-0.03,996.5,0.0,3.7,150.0,0,95.525,0.026395412098934035,0.08269798886459431,-0.03,-0.03229105066025606,0.20842024989563682,1.0,0.0,568.9281580042608,6.0000938772177035,-7.175000000000011,2.242,7.271858287379509,3.710651412199601e-07,0.13833780658050196,-6.159276027870432,0.3497543369774405,1.9165999999999883,0.0,-1.5884937948073898,flare,0.5134874565702567,0.2471263508983501,-0.09664525015214664,
95.625,63.96961905,-22.60531853,139.44,5.753,-0.1505,1.6469,1.9295,-0.0073,-0.0801,-0.0661,60.642,64.562,1.0213,108.9668,0.6852,0.0,0.0,0.0,-0.03,994.5,0.0,3.7,150.0,0,95.625,0.026654378893123443,0.0805093931759994,-0.03,-0.03217575664706146,0.20847450782077595,1.0,0.0,572.531094231612,6.021863270328428,-7.060000000000002,2.253,7.271858287379509,3.092209510166334e-07,0.13904130416558846,-6.124840977360974,0.34027992644203664,1.9095000000000084,0.0,-1.6004489043703607,flare,0.5086741960070498,0.25416037969288574,-0.09834721598971541,
95.717,63.96964881,-22.60531811,139.538,5.755,-0.1514,1.6385,1.9228,-0.0096,-0.0841,-0.0672,60.486,64.405,0.9444,108.7005,0.6668,0.0,0.0,0.0,-0.03,992.7,0.0,3.7,150.0,0,95.717,0.026912297042712363,0.078308675643499,-0.03,-0.03206691476344847,0.2084843747361527,1.0,0.0,575.8486491541183,6.041282593736354,-6.961999999999989,2.255,7.271858287379509,2.576841258471945e-07,0.1396764203496975,-6.093207901024895,0.3314643132371202,1.9028000000000134,0.0,-1.609103747056067,flare,0.5042671927456013,0.26081321680766045,-0.09865675562107867,
95.817,63.96967602,-22.60531774,139.621,5.75,-0.1523,1.6309,1.9166,-0.011,-0.0796,-0.068,60.344,64.261,0.8708,108.4589,0.65,0.0,0.0,0.0,-0.03,991.2,0.0,3.7,150.0,0,95.817,0.027117717961211152,0.07613364481273091,-0.03,-0.03196615806397213,0.20845970850767304,1.0,0.0,578.8819375376731,6.058351457966637,-6.878999999999991,2.25,7.271858287379509,2.1473677153932876e-07,0.1402427146374738,-6.058872936557734,0.3233725662000211,1.8966000000000065,0.0,-1.5919124973237009,flare,0.49964569378042967,0.26604995096650264,-0.09788295921147316,
95.917,63.96970318,-22.60531737,139.697,5.739,-0.1535,1.6233,1.9104,-0.0143,-0.083,-0.0686,60.203,64.119,0.7954,108.2195,0.6332,0.0,0.0,0.0,-0.03,989.7,0.0,3.7,150.0,0,95.917,0.027337600222332337,0.07381920639428632,-0.03,-0.03186536557565217,0.20840545525151266,1.0,0.0,581.9096520846313,6.075422267833012,-6.802999999999997,2.239,7.271858287379509,1.7894730961610728e-07,0.14081012621151898,-6.02459568081472,0.3152378599427266,1.8903999999999996,0.0,-1.5753749975669882,flare,0.49502918151034336,0.27135897958453015,-0.09618122514624083,
96.025,63.96973519,-22.60531695,139.778,5.717,-0.1552,1.6148,1.9029,-0.0171,-0.0718,-0.0692,60.039,63.954,0.7042,107.9399,0.6134,0.0,0.0,0.0,-0.03,988.1,0.0,3.7,150.0,0,96.025,0.027633980285497572,0.07090978241424337,-0.03,-0.03174339149757094,0.20829700018838915,1.0,0.0,585.4780296682395,6.094754037611884,-6.722000000000008,2.2169999999999996,7.271858287379509,1.4912275801342272e-07,0.14146237228345016,-5.987629200157173,0.3055964924230352,1.8829000000000065,0.0,-1.5702062267443961,flare,0.4899973491168268,0.27831477502072843,-0.09278030702975393,
96.125,63.96976712,-22.60531655,139.85,5.685,-0.1573,1.6074,1.8954,-0.0203,-0.0578,-0.0697,59.876,63.79,0.6122,107.6639,0.5935,0.0,0.0,0.0,-0.03,986.6,0.0,3.7,150.0,0,96.125,0.027972752391980604,0.06781392051451565,-0.03,-0.03162136539021293,0.20813937026313006,1.0,0.0,589.0374887707773,6.11310904558487,-6.650000000000006,2.1849999999999996,7.271858287379509,1.242689650111856e-07,0.14209328878296296,-5.953461107278354,0.29584124947695045,1.8754000000000133,0.0,-1.5756420243130993,flare,0.4853094553144395,0.2859612919864336,-0.08783958898028388,
96.208,63.96979408,-22.60531621,139.902,5.651,-0.1592,1.6027,1.889,-0.0217,-0.0369,-0.07,59.741,63.653,0.5343,107.4332,0.5767,0.0,0.0,0.0,-0.03,985.3,0.0,3.7,150.0,0,96.208,0.028269171929604986,0.06507976613708996,-0.03,-0.031517195443561186,0.2079720488231715,1.0,0.0,592.0429074567038,6.128717826195614,-6.598000000000013,2.151,7.271858287379509,1.0355747084265465e-07,0.1426299999220289,-5.925151574888023,0.2875600342779592,1.8689999999999998,0.0,-1.5802660242933988,flare,0.481406925260071,0.29256852609217177,-0.08259796544535725,
96.3,63.96981853,-22.60531592,139.944,5.613,-0.1611,1.6005,1.8831,-0.0218,-0.009,-0.0702,59.619,63.53,0.4643,107.2258,0.5613,0.0,0.0,0.0,-0.03,984.3,0.0,3.7,150.0,0,96.3,0.028515547982319367,0.06250096353678727,-0.03,-0.031421130432785216,0.20778523911827979,1.0,0.0,594.76851867359,6.141974591467744,-6.556000000000012,2.1130000000000004,7.271858287379509,8.629789236887888e-08,0.1430969361580758,-5.8938161919318235,0.2799262051552205,1.8631000000000029,0.0,-1.5571588363141586,flare,0.4772545792440255,0.2978218531402881,-0.07674930556618165,
96.417,63.96985513,-22.60531549,139.996,5.546,-0.1639,1.6016,1.8743,-0.024,0.0258,-0.0706,59.439,63.348,0.3628,106.9187,0.5382,0.0,0.0,0.0,-0.03,982.8,0.0,3.7,150.0,0,96.417,0.028935234897515094,0.0585369653784891,-0.03,-0.03127778779659357,0.2074563733967895,1.0,0.0,598.8485746585143,6.161617688993582,-6.503999999999991,2.0460000000000003,7.271858287379509,7.191491030739907e-08,0.1437931460040301,-5.854006510700817,0.26840911914797516,1.854299999999995,0.0,-1.555459081963915,flare,0.4718436431759798,0.30703547381148155,-0.06646196429528928,
96.508,63.96987946,-22.60531522,140.023,5.494,-0.166,1.6044,1.8684,-0.0249,0.0527,-0.0709,59.32,63.229,0.2979,106.7167,0.5228,0.0,0.0,0.0,-0.03,981.8,0.0,3.7,150.0,0,96.508,0.029199044950964537,0.055835201242142446,-0.03,-0.031181643495910405,0.20720158599336116,1.0,0.0,601.560808325211,6.173899248968643,-6.477000000000004,1.9939999999999998,7.271858287379509,5.992909192283256e-08,0.14423910041411778,-5.823123599480675,0.2606870330670006,1.848399999999998,0.0,-1.5329348297574128,flare,0.4677698985933354,0.3125403907750677,-0.05849956623345598,
96.6,63.96990618,-22.60531492,140.047,5.432,-0.1683,1.6105,1.8619,-0.0258,0.0869,-0.0713,59.191,63.098,0.2297,106.497,0.5058,0.0,0.0,0.0,-0.03,980.8,0.0,3.7,150.0,0,96.6,0.029511181075142612,0.05284717944047437,-0.03,-0.031075685154296984,0.20689832173702105,1.0,0.0,604.5394719099671,6.1875576195077056,-6.453000000000003,1.9320000000000004,7.271858287379509,4.9940909935693796e-08,0.14473398487040895,-5.79195049383419,0.2521202228956554,1.8419000000000096,0.0,-1.5210474736925093,flare,0.46359894121552614,0.3191731164879741,-0.049030871230037576,
96.7,63.96993527,-22.60531461,140.067,5.357,-0.171,1.6207,1.8548,-0.0273,0.1223,-0.0719,59.052,62.958,0.1599,106.2601,0.4871,0.0,0.0,0.0,-0.03,979.8,0.0,3.7,150.0,0,96.7,0.029869242221482684,0.04958609441909498,-0.03,-0.030959902270126627,0.2065322340722991,1.0,0.0,607.782335535786,6.201613704215579,-6.432999999999993,1.8570000000000002,7.271858287379509,4.1617424946411496e-08,0.14525507494293147,-5.758118484693781,0.24264400953356358,1.8348000000000013,0.0,-1.509134066993182,flare,0.4590932417990601,0.3266727941217038,-0.0376130880051857,
96.825,63.96997153,-22.60531425,140.082,5.254,-0.1745,1.6383,1.8457,-0.0295,0.1624,-0.073,58.881,62.785,0.0802,105.9681,0.4637,0.0,0.0,0.0,-0.03,978.5,0.0,3.7,150.0,0,96.825,0.030327911690914366,0.04555402488135199,-0.03,-0.030811437909665174,0.20603085364718593,1.0,0.0,611.8244882324932,6.217840471141648,-6.418000000000006,1.7539999999999996,7.271858287379509,3.468118745534291e-08,0.1458761850607848,-5.715891801208292,0.23071586059344895,1.8257000000000119,0.0,-1.4963036972665287,flare,0.4535080192382388,0.33624300628098425,-0.021997486372942632,
96.917,63.96999807,-22.60531399,140.087,5.173,-0.1774,1.654,1.839,-0.0306,0.1912,-0.0741,58.757,62.66,0.0274,105.7568,0.4465,0.0,0.0,0.0,-0.03,977.5,0.0,3.7,150.0,0,96.917,0.030681179605574427,0.04264803996802588,-0.03,-0.030702081355981514,0.2056377000924443,1.0,0.0,614.7830853201528,6.229546096845665,-6.413000000000011,1.673,7.271858287379509,2.890098954611909e-08,0.1463280782746631,-5.684900883149984,0.22189852144038014,1.8189999999999884,0.0,-1.4828057326928956,flare,0.44941407615933215,0.343369515208515,-0.009770015508996366,
97.008,63.97002455,-22.60531374,140.087,5.087,-0.1802,1.6729,1.8321,-0.0303,0.227,-0.0754,58.634,62.536,-0.0206,105.5478,0.4291,0.0,0.0,0.0,-0.03,976.6,0.0,3.7,150.0,0,97.008,0.03104151162448965,0.03979386190840736,-0.03,-0.03058941836561674,0.20522138638211954,1.0,0.0,617.7349936319258,6.240764119988453,-6.413000000000011,1.5869999999999997,7.271858287379509,2.4084157955099243e-08,0.14676919874251707,-5.654300686718862,0.21293222161475,1.8120999999999867,0.0,-1.4708823344161246,flare,0.44537838909105787,0.35080852181317645,0.00316133450129108,
97.1,63.97005337,-22.60531348,140.083,4.989,-0.1833,1.6971,1.8245,-0.0307,0.2633,-0.0771,58.502,62.402,-0.0651,105.3225,0.4101,0.0,0.0,0.0,-0.03,975.6,0.0,3.7,150.0,0,97.1,0.03145671731588018,0.036823973493428835,-0.03,-0.030465276576025102,0.20474839123645408,1.0,0.0,620.9477576839128,6.252381024681322,-6.417000000000002,1.4889999999999999,7.271858287379509,2.0070131629249367e-08,0.14723656559215365,-5.623415067245113,0.20309459451524958,1.8044999999999902,0.0,-1.4676005411688087,flare,0.44127588560876774,0.35946113562619963,0.01783307705868964,
97.2,63.97007974,-22.60531325,140.076,4.896,-0.1861,1.7226,1.8174,-0.0305,0.2975,-0.0791,58.382,62.281,-0.098,105.1186,0.3925,0.0,0.0,0.0,-0.03,974.8,0.0,3.7,150.0,0,97.2,0.03180946978216259,0.034250935853887915,-0.03,-0.030349255561466004,0.20430093356813187,1.0,0.0,623.8874032129739,6.262623453747887,-6.424000000000007,1.396,7.271858287379509,1.672510969104114e-08,0.14765616156912348,-5.589904734197381,0.19393444118307457,1.7974000000000103,0.0,-1.4432732192443662,flare,0.4369398677080838,0.36673917503593856,0.031693165639437026,
97.3,63.97011323,-22.60531297,140.063,4.774,-0.1897,1.7591,1.808,-0.032,0.3315,-0.0819,58.232,62.13,-0.1289,104.8623,0.37,0.0,0.0,0.0,-0.03,973.6,0.0,3.7,150.0,0,97.3,0.03232614824132879,0.03121834749707056,-0.03,-0.030195581530003124,0.20371604920575828,1.0,0.0,627.6207639755347,6.275038510494954,-6.437000000000012,1.274,7.271858287379509,1.393759140920095e-08,0.1481765158734822,-5.556454066829376,0.18216369890583906,1.788000000000011,0.0,-1.4484301993130666,flare,0.4324779038908062,0.37776543866864287,0.049781941759508896,
97.4,63.97014187,-22.60531275,140.049,4.672,-0.1929,1.7937,1.7997,-0.0313,0.362,-0.0846,58.105,62.001,-0.1466,104.6453,0.3506,0.0,0.0,0.0,-0.03,972.7,0.0,3.7,150.0,0,97.4,0.03274914960895797,0.02883190057309798,-0.03,-0.030059825788448902,0.20322890400322657,1.0,0.0,630.8134615296331,6.2847026703530515,-6.450999999999993,1.1719999999999997,7.271858287379509,1.1614659507667457e-08,0.14860025235578198,-5.523072528037697,0.1719610831629268,1.7796999999999912,0.0,-1.4322092721027802,flare,0.42815088825296854,0.3866293046497571,0.06482401241040847,
97.5,63.97017045,-22.60531254,140.034,4.57,-0.196,1.8312,1.7911,-0.0305,0.3907,-0.0876,57.979,61.874,-0.1566,104.4306,0.331,0.0,0.0,0.0,-0.03,971.7,0.0,3.7,150.0,0,97.5,0.03317689253474565,0.026625980298780744,-0.03,-0.029919099351291445,0.2027434720818491,1.0,0.0,633.9994703086368,6.293879227649646,-6.466000000000008,1.0700000000000003,7.271858287379509,9.678882923056215e-09,0.1490131506264243,-5.489760971214931,0.1616023226047787,1.77109999999999,0.0,-1.4165538837298046,flare,0.4238459989629817,0.3957618622134227,0.07979194262124345,
97.6,63.97019898,-22.60531234,140.019,4.467,-0.199,1.8715,1.7822,-0.0297,0.4181,-0.0907,57.854,61.748,-0.1594,104.2179,0.3113,0.0,0.0,0.0,-0.03,970.7,0.0,3.7,150.0,0,97.6,0.03360614025495373,0.024590731533419813,-0.03,-0.02977339571873555,0.20225504073564143,1.0,0.0,637.1799050800236,6.302567793257461,-6.4809999999999945,0.9669999999999996,7.271858287379509,8.065735769213512e-09,0.14941522408855717,-5.4565202455686945,0.15114260713878025,1.762200000000007,0.0,-1.4014126215725562,flare,0.41956331535615377,0.4050799497199815,0.0948313240509151,
97.7,63.97022744,-22.60531215,140.003,4.365,-0.202,1.9145,1.773,-0.029,0.4431,-0.094,57.73,61.623,-0.1554,104.0071,0.2915,0.0,0.0,0.0,-0.03,969.7,0.0,3.7,150.0,0,97.7,0.03404077046225151,0.02272814561833103,-0.03,-0.029622708217378224,0.2017731146300105,1.0,0.0,640.352536308838,6.310769145605105,-6.497000000000014,0.8650000000000002,7.271858287379509,6.7214464743445924e-09,0.1498063072663871,-5.423351214023491,0.14058207561888025,1.752999999999986,0.0,-1.3867387468841346,flare,0.41530315378894755,0.41458381253286447,0.10965007897452317,
97.808,63.97025821,-22.60531196,139.987,4.255,-0.2051,1.9636,1.7626,-0.0285,0.4648,-0.0975,57.598,61.488,-0.1439,103.7805,0.2698,0.0,0.0,0.0,-0.03,968.6,0.0,3.7,150.0,0,97.808,0.03451684215262263,0.020910565058864572,-0.03,-0.029452277501173074,0.2012553798813504,1.0,0.0,643.7826788028286,6.318880609386273,-6.513000000000005,0.7549999999999999,7.271858287379509,5.60120539528716e-09,0.15021233043906193,-5.3876042179655865,0.12895251504284033,1.7426000000000101,0.0,-1.371782699187591,flare,0.4107321852094614,0.4252310786781113,0.12554782682884813,
97.908,63.97028656,-22.6053118,139.974,4.155,-0.2079,2.0108,1.7527,-0.0275,0.4801,-0.1008,57.476,61.365,-0.1272,103.5727,0.2496,0.0,0.0,0.0,-0.03,967.6,0.0,3.7,150.0,0,97.908,0.03496146426548785,0.01938176405640063,-0.03,-0.029289953937096047,0.200786523665436,1.0,0.0,646.943047077119,6.3256164303331035,-6.5260000000000105,0.6550000000000002,7.271858287379509,4.6676711627393e-09,0.15056988556557,-5.35458854868248,0.11807691487777561,1.7326999999999941,0.0,-1.3579842719887252,flare,0.4065333960920334,0.4353021180156933,0.13992530915965062,
98.017,63.97031485,-22.60531166,139.963,4.058,-0.2106,2.0594,1.7425,-0.0262,0.4908,-0.104,57.354,61.243,-0.1055,103.3661,0.2293,0.0,0.0,0.0,-0.03,966.6,0.0,3.7,150.0,0,98.017,0.03538892827133483,0.01798492883304667,-0.03,-0.02912262357169937,0.2003333994407457,1.0,0.0,650.0967264052941,6.3313747112195,-6.537000000000006,0.5579999999999998,7.271858287379509,3.8897259689494165e-09,0.15090466186849488,-5.318684935478602,0.10710067122505507,1.7224999999999966,0.0,-1.3362826159030161,flare,0.40203844966966784,0.4450779246811134,0.15380317998267046,
98.1,63.97034073,-22.60531153,139.954,3.97,-0.2131,2.1043,1.7328,-0.0267,0.4905,-0.107,57.244,61.131,-0.0816,103.1777,0.2105,0.0,0.0,0.0,-0.03,965.7,0.0,3.7,150.0,0,98.1,0.035825200510358535,0.01683042999817483,-0.03,-0.028963413346151712,0.19992375101843726,1.0,0.0,652.9817466217037,6.336736834620516,-6.545999999999992,0.4700000000000002,7.271858287379509,3.241438307457847e-09,0.15121394143528466,-5.291419150017983,0.0968929415375328,1.7127999999999872,0.0,-1.335284305804496,flare,0.3985524182580882,0.4552159822695643,0.16633522004265622,
98.217,63.97037126,-22.6053114,139.947,3.87,-0.2158,2.1577,1.7211,-0.0238,0.4931,-0.1103,57.114,61.0,-0.0498,102.956,0.1881,0.0,0.0,0.0,-0.03,964.6,0.0,3.7,150.0,0,98.217,0.036299716822545625,0.015569133714841005,-0.03,-0.028771270080581113,0.19945991221440065,1.0,0.0,656.3851336732749,6.341918013854048,-6.552999999999997,0.3700000000000001,7.271858287379509,2.701198589548206e-09,0.15155240063262118,-5.253050984458895,0.08467893211843602,1.7010999999999967,0.0,-1.314904924468732,flare,0.3937742433149083,0.4664307188237551,0.18050896090441348,
98.308,63.97039703,-22.6053113,139.945,3.788,-0.2181,2.2024,1.7108,-0.0234,0.4855,-0.113,57.004,60.889,-0.0204,102.7691,0.169,0.0,0.0,0.0,-0.03,963.6,0.0,3.7,150.0,0,98.308,0.03672535677938216,0.014574547564210116,-0.03,-0.028602022758412837,0.19908090217014623,1.0,0.0,659.2578909359523,6.345814605853973,-6.555000000000007,0.2879999999999998,7.271858287379509,2.250998824623505e-09,0.15182743147292374,-5.223300433541997,0.07422071429340349,1.6907999999999959,0.0,-1.3052582230434921,flare,0.3900526525229573,0.4765905172898428,0.19207806655122894,
98.417,63.97042744,-22.60531119,139.946,3.697,-0.2218,2.2593,1.6991,-0.4925,2.285,0.0925,56.871,60.754,0.2735,102.5402,0.1927,1.0,0.0,0.0,-0.03,962.5,0.0,3.7,150.0,1,98.417,0.03576075108825122,0.01986658361482513,-0.03,-0.028409663058694856,0.19867020444060232,1.0,0.0,662.6479004365423,6.350020580138833,-6.554000000000002,0.19700000000000006,7.271858287379509,1.8758323538529205e-09,0.15214343550172965,-5.187738807497108,0.08767370957679077,1.6791000000000054,0.1830218999999916,-1.2975241560612247,flare,0.38562088037935993,0.44961691018064265,0.204601966796762,
98.508,63.97045543,-22.60531106,139.998,3.66,-0.3018,2.6829,1.7323,-0.7375,4.5054,0.4466,56.741,60.62,0.5842,102.3154,0.2141,1.0,0.0,0.0,-0.03,961.4,0.0,3.7,150.0,1,98.508,0.03810328826120857,0.025818963395512123,-0.03,-0.02895520446618438,0.19867020444060232,1.0,0.0,665.7681365717417,6.355300597691794,-6.5020000000000095,0.16000000000000014,7.271858287379509,1.563193628210767e-09,0.15246888203905914,-5.158127998182147,0.09989405787399619,1.712299999999999,0.3371757007099814,-1.3094375444712545,flare,0.38184863150068793,0.42549490048160976,0.204601966796762,
98.6,63.97047871,-22.60531096,140.053,3.642,-0.3495,3.0122,1.7701,-0.3782,3.229,0.4508,56.63,60.508,0.7049,102.1257,0.1915,1.0,0.0,0.0,-0.03,960.5,0.0,3.7,150.0,1,98.6,0.040658899328531395,0.02730952246080684,-0.03,-0.02957519367203676,0.19867020444060232,1.0,0.0,668.3633167554358,6.35929408220072,-6.447000000000003,0.1419999999999999,7.271858287379509,1.3026613568423058e-09,0.1527306530529478,-5.128258518906851,0.08743749043463822,1.7501000000000033,0.4950828842634477,-1.3000815621675423,flare,0.37813097532025,0.4386762502662478,0.204601966796762,
98.7,63.97050659,-22.60531085,140.135,3.636,-0.3723,3.2712,1.8138,-0.0686,1.8976,0.414,56.492,60.368,0.8932,101.8894,0.1617,1.0,0.0,0.0,-0.03,959.4,0.0,3.7,150.0,1,98.7,0.042497858340185435,0.030004586967219415,-0.03,-0.030290410914927013,0.19867020444060232,1.0,0.0,671.4712901071316,6.363598505677736,-6.365000000000009,0.13600000000000012,7.271858287379509,1.0855511307019216e-09,0.15303340033314125,-5.0958609838105104,0.07092918173214002,1.7938000000000045,0.6695120554208286,-1.30734687469776,flare,0.3740738579102647,0.457455998114467,0.204601966796762,
98.817,63.97053904,-22.60531074,140.253,3.655,-0.3664,3.4266,1.8582,0.1713,0.7481,0.3363,56.326,60.199,1.1146,101.6047,0.1276,0.0,0.0,0.0,-0.03,958.1,0.0,3.7,150.0,0,98.817,0.04333917247378383,0.03298618502418066,-0.03,-0.031015353288158465,0.19867020444060232,1.0,0.0,675.0887121541674,6.367725097831395,-6.247000000000014,0.1549999999999998,7.271858287379509,9.046259422516013e-10,0.15336549274143935,-5.058043363322904,0.0519547188504248,1.8382000000000005,0.0,-1.3174792877982826,flare,0.3693659942823224,0.47897232910916365,0.204601966796762,
98.917,63.97056678,-22.60531067,140.373,3.69,-0.343,3.4681,1.888,0.3009,0.0566,0.2504,56.181,60.052,1.2692,101.3563,0.1005,0.0,0.0,0.0,-0.03,956.9,0.0,3.7,150.0,0,98.917,0.04324798187217077,0.03461347285690028,-0.03,-0.03150091548689171,0.19867020444060232,1.0,0.0,678.1810780786777,6.37007521979021,-6.1270000000000095,0.18999999999999995,7.271858287379509,7.538549518763344e-10,0.15362178797096798,-5.025821039981395,0.0368117024196124,1.867999999999995,0.0,-1.3295266252711575,flare,0.3653897502374015,0.49581242601984066,0.204601966796762,
99.008,63.97059446,-22.60531061,140.505,3.738,-0.3088,3.4502,1.9087,0.3818,-0.4265,0.1542,56.035,59.904,1.3747,101.1065,0.076,0.0,0.0,0.0,-0.03,955.8,0.0,3.7,150.0,0,99.008,0.04263093525947076,0.035225176080797144,-0.03,-0.031837722687717285,0.1988503943880863,1.0,0.0,681.2667552280933,6.371937739361582,-5.9950000000000045,0.238,7.271858287379509,6.282124598969453e-10,0.15386654313135348,-4.9965741940685,0.0230682342170212,1.8887,0.0,-1.3545147142824814,flare,0.3617646877710001,0.5110705887918563,0.19910879965717143,
99.108,63.97062207,-22.60531057,140.645,3.794,-0.2687,3.3919,1.9196,0.4172,-0.7421,0.0546,55.889,59.756,1.4253,100.8573,0.0545,0.0,0.0,0.0,-0.03,954.7,0.0,3.7,150.0,0,99.108,0.041621414074815344,0.03469945613543954,-0.03,-0.03201491578111393,0.19910859351167776,1.0,0.0,684.344628663124,6.372823108174129,-5.85499999999999,0.29400000000000004,7.271858287379509,5.235103832474544e-10,0.15408780188486998,-4.964510166566448,0.01096077011314378,1.8995999999999924,0.0,-1.3641042857113297,flare,0.35785239013883796,0.5234279065000393,0.1912331771422462,
99.208,63.97064962,-22.60531054,140.788,3.853,-0.2267,3.3085,1.9205,0.4161,-0.9216,-0.0425,55.744,59.61,1.4219,100.6104,0.036,0.0,0.0,0.0,-0.03,953.6,0.0,3.7,150.0,0,99.208,0.04038915816238847,0.03305006910860819,-0.03,-0.032029541460511235,0.19938123754599862,1.0,0.0,687.4158133238521,6.373220874424895,-5.711999999999989,0.3530000000000002,7.271858287379509,4.3625865270621204e-10,0.15429739509193008,-4.932532059835369,0.0005013395677053722,1.9004999999999939,0.0,-1.37191298701031,flare,0.3539651251276901,0.5333374883604414,0.1829113851436528,
99.308,63.97067481,-22.60531052,140.915,3.907,-0.1895,3.2205,1.9131,0.3888,-0.9939,-0.1257,55.613,59.478,1.376,100.3874,0.0213,0.0,0.0,0.0,-0.03,952.6,0.0,3.7,150.0,0,99.308,0.039175454300266754,0.03063975591088705,-0.03,-0.0319092634709951,0.19963132440629827,1.0,0.0,690.223912709411,6.373220537554192,-5.585000000000008,0.40700000000000003,7.271858287379509,3.635488772551767e-10,0.15448068699634343,-4.900642217602948,-0.007843094996843547,1.893100000000004,0.0,-1.3662845336457263,flare,0.35012242820014805,0.5401250228443253,0.1752730111748857,
99.408,63.97070223,-22.6053105,141.048,3.965,-0.1527,3.1201,1.8967,0.3392,-1.0018,-0.2075,55.473,59.336,1.2865,100.1486,0.0075,0.0,0.0,0.0,-0.03,951.5,0.0,3.7,150.0,0,99.408,0.03789881027402403,0.027151291354809703,-0.03,-0.03164252030160314,0.19990051673778297,1.0,0.0,693.2806052227004,6.373133425134368,-5.451999999999998,0.46499999999999986,7.271858287379509,3.0295739771264724e-10,0.1546785955363955,-4.868838883990634,-0.01570919268422699,1.8766999999999996,0.0,-1.369349576041577,flare,0.3462702281036414,0.5461768495374582,0.16704560538758173,
99.5,63.97072958,-22.6053105,141.17,4.012,-0.1216,3.0218,1.8726,0.2729,-0.9488,-0.2777,55.335,59.198,1.1637,99.9152,-0.0046,0.0,0.0,0.0,-0.03,950.4,0.0,3.7,150.0,0,99.5,0.03676403672289846,0.02283949708859115,-0.03,-0.03125008845421107,0.20011909413045692,1.0,0.0,696.329494021605,6.372069162129781,-5.3300000000000125,0.5119999999999996,7.271858287379509,2.5246449809387267e-10,0.15485275821414757,-4.839661324324028,-0.022637842746377146,1.8525999999999954,0.0,-1.3812268873105247,flare,0.3427458032500539,0.5513093405324145,0.16036092584644734,
99.6,63.97075687,-22.60531051,141.279,4.046,-0.0978,2.9315,1.8421,0.1938,-0.8415,-0.3347,55.2,59.063,1.0167,99.6872,-0.0156,0.0,0.0,0.0,-0.03,949.4,0.0,3.7,150.0,0,99.6,0.03582570111430655,0.0178636696930847,-0.03,-0.030752684174984002,0.20027745770545116,1.0,0.0,699.3716940462072,6.370517296737473,-5.221000000000004,0.5460000000000003,7.271858287379509,2.1038708174489387e-10,0.15501506666810325,-4.808027613242806,-0.028966187766400253,1.822100000000006,0.0,-1.3783880793732095,flare,0.3389595795891509,0.5551419791806449,0.15551535478535605,
99.708,63.97078637,-22.60531052,141.379,4.065,-0.0813,2.8477,1.8034,0.1032,-0.6899,-0.3811,55.058,58.92,0.8408,99.4464,-0.0267,0.0,0.0,0.0,-0.03,948.3,0.0,3.7,150.0,0,99.708,0.03511260495446228,0.011936748545193776,-0.03,-0.030120350902391457,0.20036604383507944,1.0,0.0,702.6602576620003,6.368879434051146,-5.121000000000009,0.5650000000000004,7.271858287379509,1.753225681207449e-10,0.15519195836822003,-4.773957982331363,-0.03538313379107194,1.7834000000000003,0.0,-1.3726086916860807,flare,0.334879027399424,0.5586643962023992,0.15280393592761143,
99.8,63.97081127,-22.60531054,141.448,4.067,-0.0751,2.7905,1.7673,0.0257,-0.5386,-0.4079,54.941,58.803,0.6858,99.2477,-0.0361,0.0,0.0,0.0,-0.03,947.4,0.0,3.7,150.0,0,99.8,0.03479303772687575,0.00665703693387612,-0.03,-0.02952931065277009,0.20037537238932618,1.0,0.0,705.4360281097918,6.366930632570789,-5.0519999999999925,0.5670000000000002,7.271858287379509,1.4610214010062074e-10,0.15532783623479965,-4.745027683585279,-0.040840559017539135,1.7472999999999956,0.0,-1.3634387315723253,flare,0.3314328623360119,0.561696588956659,0.15251837328466777,
99.908,63.97084064,-22.60531057,141.512,4.05,-0.0767,2.7417,1.7221,-0.0617,-0.3499,-0.4255,54.806,58.667,0.5041,99.0185,-0.0478,0.0,0.0,0.0,-0.03,946.4,0.0,3.7,150.0,0,99.908,0.03477096703862098,0.0003296468522852869,-0.03,-0.028787697103349996,0.2002961021303987,1.0,0.0,708.7100994079179,6.364317954062786,-4.9879999999999995,0.5499999999999998,7.271858287379509,1.2175178341718396e-10,0.15548084826305628,-4.711153652311961,-0.04765885211332943,1.7021000000000015,0.0,-1.3531261196112048,flare,0.3274057872191811,0.5659045862666954,0.15494474423928573,
100.008,63.97086543,-22.6053106,141.552,4.021,-0.0852,2.7162,1.6828,-0.1284,-0.1865,-0.4294,54.694,58.555,0.3569,98.8291,-0.0585,0.0,0.0,0.0,-0.03,945.6,0.0,3.7,150.0,0,100.008,0.035034468260346174,-0.004932384690504277,-0.03,-0.028141484794757088,0.20016099402190343,1.0,0.0,711.4736072440181,6.361883495831077,-4.9480000000000075,0.5209999999999999,7.271858287379509,1.0145981951431996e-10,0.1556047261742826,-4.679889334186829,-0.05391513946847226,1.6628000000000043,0.0,-1.3319328360101872,flare,0.32371177848695254,0.5697673697156702,0.15907907901935658,
100.1,63.97089243,-22.60531065,141.58,3.975,-0.101,2.7051,1.64,-0.1921,-0.0187,-0.4237,54.576,58.435,0.2085,98.627,-0.0715,0.0,0.0,0.0,-0.03,944.7,0.0,3.7,150.0,0,100.1,0.03565812644759997,-0.010375078177763536,-0.03,-0.027436272052817345,0.19994698974096176,1.0,0.0,714.4834783292688,6.358383165829671,-4.9199999999999875,0.4750000000000001,7.271858287379509,8.454984959526664e-11,0.15571919221990144,-4.6512115078777585,-0.06153677509718136,1.6200000000000045,0.0,-1.3274488232503714,flare,0.32032225199890263,0.5761473747806587,0.1656246559377017,
100.208,63.97092161,-22.6053107,141.595,3.909,-0.1247,2.7119,1.5949,-0.2467,0.1539,-0.4074,54.45,58.308,0.0661,98.4129,-0.0874,0.0,0.0,0.0,-0.03,943.7,0.0,3.7,150.0,0,100.208,0.0366407819640483,-0.015817207153205726,-0.03,-0.026691565488664637,0.1996405969093518,1.0,0.0,717.7363687048614,6.354798006089572,-4.905000000000001,0.4089999999999998,7.271858287379509,7.045820799605553e-11,0.15584808262282446,-4.617635553526132,-0.07088407935250984,1.5749000000000137,0.0,-1.3128322635609377,flare,0.3163605242028744,0.5842659959373844,0.17498970797336355,
100.317,63.97094849,-22.60531077,141.596,3.836,-0.1511,2.7338,1.5551,-0.2823,0.2959,-0.385,54.337,58.193,-0.0454,98.2194,-0.1042,0.0,0.0,0.0,-0.03,942.9,0.0,3.7,150.0,0,100.317,0.037789056664821186,-0.020294897322416933,-0.03,-0.02603304649296584,0.19930261480189954,1.0,0.0,720.7328622399228,6.350322471139218,-4.903999999999996,0.33599999999999985,7.271858287379509,5.871517333004627e-11,0.1559383286550045,-4.583860866524927,-0.08078450881862409,1.5351,0.0,-1.2877290803014405,flare,0.3124272086033173,0.593260921108314,0.18531174265803507,
100.408,63.97097532,-22.60531084,141.587,3.752,-0.1808,2.768,1.5178,-0.3081,0.4008,-0.3575,54.225,58.081,-0.1356,98.0293,-0.123,0.0,0.0,0.0,-0.03,942.1,0.0,3.7,150.0,0,100.408,0.03918373184717344,-0.02421588877759595,-0.03,-0.02541478891438287,0.19891489089724063,1.0,0.0,723.7237819383877,6.345848881650892,-4.913000000000011,0.2519999999999998,7.271858287379509,4.8929311108371894e-11,0.15602848140809278,-4.555757896754995,-0.09189051826126615,1.4978000000000122,0.0,-1.2825509121621406,flare,0.3091345550937028,0.6050383379693525,0.19714199653683728,
100.517,63.97100209,-22.60531093,141.57,3.661,-0.2119,2.813,1.4835,-0.3197,0.5276,-0.3233,54.115,57.97,-0.2019,97.8422,-0.1432,1.0,0.0,0.0,-0.03,941.3,0.0,3.7,150.0,1,100.517,0.04066216369210002,-0.027369311782520167,-0.03,-0.02484533668203709,0.19867020444060232,1.0,0.0,726.7080126899453,6.340397752450531,-4.930000000000007,0.16100000000000003,7.271858287379509,4.077442592364324e-11,0.15609435123022675,-4.522191025446026,-0.10385696323155003,1.4635000000000105,0.15952149999999332,-1.2576984939589142,flare,0.3052567596685165,0.6172300310775771,0.204601966796762,
100.608,63.9710288,-22.60531098,141.597,3.611,-0.3261,3.2574,1.4982,-1.2205,5.6843,0.3656,53.99,57.841,0.3608,97.6246,-0.0609,1.0,0.0,0.0,-0.03,940.5,0.0,3.7,150.0,1,100.608,0.04215503080469224,-0.014765826998373893,-0.03,-0.025089494343896956,0.19867020444060232,1.0,0.0,729.6855555215103,6.336908707313008,-4.902999999999992,0.11100000000000021,7.271858287379509,3.3978688269702705e-11,0.1562083070845282,-4.494258756724145,-0.055742144087929546,1.4781999999999869,0.2925860543500042,-1.2682373921104901,flare,0.30195200359668917,0.5397158594725795,0.204601966796762,
100.7,63.971051,-22.60531103,141.634,3.584,-0.4135,3.6994,1.5324,-0.8323,4.6559,0.4472,53.886,57.736,0.4619,97.4471,-0.0807,1.0,0.0,0.0,-0.03,939.8,0.0,3.7,150.0,1,100.7,0.046183512358639434,-0.013474320527508993,-0.03,-0.02565691334187059,0.19867020444060232,1.0,0.0,732.1603382626014,6.33359515838708,-4.866000000000014,0.08400000000000007,7.271858287379509,2.8315573558085585e-11,0.15629303677181167,-4.466097403820518,-0.0674490092540907,1.5124000000000137,0.4290350626499836,-1.2557098821557822,flare,0.29865983999462387,0.5524027023142839,0.204601966796762,
100.8,63.9710776,-22.60531109,141.69,3.564,-0.4759,4.0871,1.5778,-0.3989,3.0029,0.4527,53.755,57.604,0.6201,97.2242,-0.1175,1.0,0.0,0.0,-0.03,938.9,0.0,3.7,150.0,1,100.8,0.04986539770877929,-0.011079929216171458,-0.03,-0.026408784628595527,0.19867020444060232,1.0,0.0,735.1256184816832,6.3296204561503595,-4.810000000000002,0.06400000000000006,7.271858287379509,2.3596311298404654e-11,0.15639468884214353,-4.435570943590237,-0.0892445997510265,1.557799999999986,0.5805247120234738,-1.2606453474143544,flare,0.2950782543583337,0.57986156888491,0.204601966796762,
100.917,63.97110856,-22.6053112,141.777,3.564,-0.502,4.3518,1.6287,-0.0416,1.5031,0.4092,53.597,57.443,0.847,96.9523,-0.1627,0.0,0.0,0.0,-0.03,937.9,0.0,3.7,150.0,0,100.917,0.05244468504782862,-0.0073497503339637615,-0.03,-0.027249834864706446,0.19867020444060232,1.0,0.0,738.576936425555,6.323026408160309,-4.723000000000013,0.06400000000000006,7.271858287379509,1.9663592748670544e-11,0.15646463580434442,-4.399965854521126,-0.1161505253201085,1.608699999999999,0.0,-1.2688073476882595,flare,0.2909647982652892,0.6142179905696938,0.204601966796762,
101.0,63.97113062,-22.60531129,141.855,3.58,-0.4988,4.4459,1.6609,0.1321,0.7005,0.3553,53.48,57.324,1.0001,96.7526,-0.1945,0.0,0.0,0.0,-0.03,937.2,0.0,3.7,150.0,0,101.0,0.0534227120569335,-0.005026723084274598,-0.03,-0.02778082665122672,0.19867020444060232,1.0,0.0,741.0361117386686,6.317758557890519,-4.64500000000001,0.08000000000000007,7.271858287379509,1.6386327290558787e-11,0.1565004983270356,-4.374803074295807,-0.13518051301420542,1.6408999999999878,0.0,-1.281610184645413,flare,0.28807559507691494,0.6385445557306753,0.204601966796762,
101.117,63.97116144,-22.60531144,141.982,3.622,-0.4723,4.4781,1.6971,0.322,-0.1577,0.2549,53.314,57.156,1.171,96.469,-0.2365,0.0,0.0,0.0,-0.03,936.2,0.0,3.7,150.0,0,101.117,0.05383019918597226,-0.0029410661148108197,-0.03,-0.02837676962433827,0.19867020444060232,1.0,0.0,744.4718222561469,6.309210208381992,-4.518000000000001,0.12199999999999989,7.271858287379509,1.3655272742132323e-11,0.15652124154188143,-4.3394283570456516,-0.160464032052829,1.6770999999999958,0.0,-1.2940822968415882,flare,0.28405290373260783,0.6705832962796965,0.204601966796762,
101.2,63.9711834,-22.60531157,142.083,3.663,-0.4421,4.4483,1.7153,0.4058,-0.5828,0.1737,53.196,57.036,1.2497,96.2657,-0.2641,0.0,0.0,0.0,-0.03,935.5,0.0,3.7,150.0,0,101.2,0.05357913908595202,-0.002509220116592381,-0.03,-0.02867597673503386,0.19867020444060232,1.0,0.0,746.9198492111938,6.301986500259244,-4.417000000000002,0.1629999999999998,7.271858287379509,1.1379393951776935e-11,0.1565079266221001,-4.314432447348191,-0.17718763179743746,1.6953000000000031,0.0,-1.3056827014003534,flare,0.2812472730818776,0.6915539305461671,0.204601966796762,
101.317,63.97121406,-22.60531177,142.232,3.727,-0.3906,4.3564,1.7291,0.4717,-0.9855,0.054,53.03,56.869,1.2939,95.9829,-0.2986,0.0,0.0,0.0,-0.03,934.5,0.0,3.7,150.0,0,101.317,0.05267939721352738,-0.0033697185665730045,-0.03,-0.02890266261486829,0.19879974352454272,1.0,0.0,750.3377225947187,6.290994690510594,-4.268000000000001,0.22699999999999987,7.271858287379509,9.482828293147445e-12,0.15646674958240533,-4.279299551102395,-0.19824492248147862,1.7091000000000065,0.0,-1.3159664029824585,flare,0.2773333886928526,0.7173811794070648,0.20065316165736213,
101.4,63.97123591,-22.60531192,142.338,3.774,-0.3505,4.2674,1.7304,0.4867,-1.1522,-0.0308,52.913,56.751,1.2789,95.7836,-0.3205,0.0,0.0,0.0,-0.03,933.8,0.0,3.7,150.0,0,101.4,0.0517757261770585,-0.004949205688596636,-0.03,-0.028924008788662692,0.1990163143518494,1.0,0.0,752.773486766262,6.282795388311902,-4.162000000000006,0.274,7.271858287379509,7.902356910956204e-12,0.15642821895568854,-4.254476613504353,-0.2117157926916775,1.7103999999999928,0.0,-1.3244820530946628,flare,0.2745804701778525,0.7335263375565795,0.1940484739734618,
101.508,63.97126643,-22.60531216,142.483,3.835,-0.2946,4.1264,1.7207,0.4655,-1.2515,-0.143,52.752,56.589,1.1994,95.5104,-0.3473,0.0,0.0,0.0,-0.03,932.8,0.0,3.7,150.0,0,101.508,0.05034619557012465,-0.008490498022774823,-0.03,-0.028764699035352614,0.19929799155338504,1.0,0.0,756.1757527226014,6.26984927704505,-4.016999999999996,0.33499999999999996,7.271858287379509,6.585297425796837e-12,0.15633702649412323,-4.222276098834374,-0.22834104477209394,1.7007000000000119,0.0,-1.3395964792443142,flare,0.271063611238354,0.7532703546198221,0.1854528757968268,
101.6,63.97129035,-22.60531236,142.587,3.874,-0.2535,4.0115,1.7042,0.423,-1.2409,-0.2225,52.628,56.465,1.0962,95.3012,-0.3656,0.0,0.0,0.0,-0.03,932.0,0.0,3.7,150.0,0,101.6,0.049176219985811065,-0.012233164870107865,-0.03,-0.02849352622357637,0.19947843143821117,1.0,0.0,758.8422728879219,6.259119739057113,-3.913000000000011,0.3740000000000001,7.271858287379509,5.4877478548306975e-12,0.15625081067560626,-4.19495271088246,-0.23980031973471228,1.6842000000000041,0.0,-1.3403446253999733,flare,0.2680910401965342,0.7660519167373181,0.17994338426062306,
101.708,63.97131854,-22.60531261,142.697,3.907,-0.211,3.8808,1.6759,0.3527,-1.1581,-0.3041,52.486,56.322,0.9391,95.0608,-0.3847,0.0,0.0,0.0,-0.03,931.1,0.0,3.7,150.0,0,101.708,0.047893957939758314,-0.017509730408568763,-0.03,-0.028027895277991433,0.19963132440629827,1.0,0.0,761.9847978723171,6.245774357286694,-3.8029999999999973,0.40700000000000003,7.271858287379509,4.5731232123589145e-12,0.15613143593312676,-4.162988686042504,-0.25186808918434167,1.6559000000000026,0.0,-1.3380237335285934,flare,0.2646379700039212,0.7790252549102572,0.1752730111748857,
101.8,63.97134235,-22.60531283,142.775,3.92,-0.1815,3.7791,1.6455,0.2809,-1.0425,-0.3613,52.37,56.206,0.7846,94.8636,-0.3993,0.0,0.0,0.0,-0.03,930.4,0.0,3.7,150.0,0,101.8,0.04696715417124908,-0.022527379361595018,-0.03,-0.027526978621240372,0.1996916084510184,1.0,0.0,764.639055254926,6.234069225048475,-3.7249999999999943,0.41999999999999993,7.271858287379509,3.810936010299095e-12,0.15601951005580214,-4.135868392480174,-0.2611680523096993,1.6254999999999882,0.0,-1.3310097182275762,flare,0.26172216628443223,0.7886388475539263,0.17343102907167918,
101.908,63.97137042,-22.60531311,142.849,3.917,-0.1557,3.6745,1.6036,0.1885,-0.8732,-0.4144,52.236,56.072,0.5871,94.6378,-0.4153,0.0,0.0,0.0,-0.03,929.5,0.0,3.7,150.0,0,101.908,0.04614675463719159,-0.028871770401176527,-0.03,-0.026835348484609334,0.19967769406902958,1.0,0.0,767.7682025173194,6.219258700830454,-3.6510000000000105,0.4169999999999998,7.271858287379509,3.175780008582579e-12,0.15586188446790544,-4.10414618274471,-0.27143002575871833,1.58359999999999,0.0,-1.3228034475469508,flare,0.2583467474571819,0.7990083378262796,0.17385620912874344,
102.0,63.97139412,-22.60531335,142.894,3.898,-0.1417,3.6009,1.5641,0.1079,-0.7108,-0.447,52.127,55.962,0.4145,94.453,-0.4283,0.0,0.0,0.0,-0.03,928.8,0.0,3.7,150.0,0,102.0,0.04571167541926241,-0.03437376565700087,-0.03,-0.026182065124128295,0.19958960699288272,1.0,0.0,770.4101971164247,6.206577974516289,-3.6059999999999945,0.39800000000000013,7.271858287379509,2.6464833404854824e-12,0.15572404776070217,-4.077233522056975,-0.27980767336282497,1.544099999999986,0.0,-1.3102560985604652,flare,0.2554884902755781,0.8073187273659475,0.1765475216067518,
102.1,63.97141992,-22.60531362,142.926,3.859,-0.1349,3.5384,1.5183,0.0216,-0.5249,-0.47,52.012,55.847,0.2278,94.2576,-0.4425,0.0,0.0,0.0,-0.03,928.0,0.0,3.7,150.0,0,102.1,0.0455499638133795,-0.04030536827190692,-0.03,-0.025423083495860255,0.19940899915121013,1.0,0.0,773.2862923537812,6.192345719506738,-3.5740000000000123,0.359,7.271858287379509,2.205402783737902e-12,0.155562884552698,-4.04808645519485,-0.2889777395327826,1.4983000000000004,0.0,-1.2956873623277034,flare,0.25240856304633397,0.8164879741335511,0.18206370669805771,
102.2,63.97144781,-22.60531392,142.94,3.796,-0.1369,3.4914,1.4666,-0.065,-0.3304,-0.4816,51.892,55.726,0.0348,94.053,-0.4584,0.0,0.0,0.0,-0.03,927.2,0.0,3.7,150.0,0,102.2,0.045757895127858494,-0.04641555674321854,-0.03,-0.02456444278093789,0.19911782540427805,1.0,0.0,776.3953734611189,6.176562325103409,-3.5600000000000023,0.2959999999999998,7.271858287379509,1.8378356531149183e-12,0.1553781905238635,-4.019055014625145,-0.29924869346996275,1.4465999999999894,0.0,-1.2869885112069914,flare,0.24937266939345193,0.827380308654293,0.1909514901278868,
102.308,63.9714735,-22.60531422,142.935,3.72,-0.1467,3.4667,1.4184,-0.1349,-0.1532,-0.4809,51.785,55.617,-0.13,93.8705,-0.474,0.0,0.0,0.0,-0.03,926.5,0.0,3.7,150.0,0,102.308,0.0462575596838431,-0.05161596376407582,-0.03,-0.02376218364328231,0.19876752260639946,1.0,0.0,779.2592057439514,6.160864538693042,-3.5649999999999977,0.2200000000000002,7.271858287379509,1.5315297109290987e-12,0.1551784159369986,-3.9878271476512976,-0.30931313533253046,1.3984000000000094,0.0,-1.2600568957100615,flare,0.2461085338294282,0.8376174291373655,0.20163548694391586,
102.4,63.97149701,-22.60531449,142.917,3.637,-0.1614,3.4586,1.3747,-0.1892,-0.0105,-0.4723,51.69,55.521,-0.2659,93.7082,-0.4895,0.0,0.0,0.0,-0.03,925.8,0.0,3.7,150.0,0,102.4,0.04699230109746377,-0.05571561862577529,-0.03,-0.02303341273843601,0.19867020444060232,1.0,0.0,781.8800192495029,6.146721393821913,-3.5829999999999984,0.137,7.271858287379509,1.2762747591075822e-12,0.15500076472428428,-3.9613377407105332,-0.3192910863666327,1.3547000000000082,0.0,-1.23937978661389,flare,0.24335046630657686,0.8484854310536996,0.204601966796762,
102.5,63.97152259,-22.60531477,142.923,3.57,-0.2535,3.779,1.3655,-1.4035,6.0445,0.2853,51.573,55.401,0.2603,93.5047,-0.3859,1.0,0.0,0.0,-0.03,925.1,0.0,3.7,150.0,1,102.5,0.04667247193347973,-0.04467056056576038,-0.03,-0.02287982013561657,0.19867020444060232,1.0,0.0,784.7315894329132,6.132007762461015,-3.576999999999998,0.06999999999999984,7.271858287379509,1.0635622992563185e-12,0.15482404283124057,-3.9326508772917093,-0.25646207925498743,1.345499999999987,0.13454999999999107,-1.2330725332853583,flare,0.2403429584100074,0.7493549579794827,0.204601966796762,
102.6,63.9715481,-22.60531502,142.958,3.531,-0.3782,4.372,1.4035,-1.0325,5.4409,0.4619,51.455,55.281,0.3613,93.303,-0.3919,1.0,0.0,0.0,-0.03,924.4,0.0,3.7,150.0,1,102.6,0.05170075954997788,-0.04346287069832483,-0.03,-0.02351384979033805,0.19867020444060232,1.0,0.0,787.5753567578325,6.1187666667912985,-3.5420000000000016,0.03100000000000014,7.271858287379509,8.863019160469321e-13,0.15468356961912208,-3.9040736840721597,-0.2606576845687698,1.383499999999998,0.27155449999998316,-1.228247757532152,flare,0.23730009153393894,0.7510911577935246,0.204601966796762,
102.7,63.97157145,-22.60531523,143.011,3.517,-0.3709,4.7844,1.4457,1.303,3.3199,0.43,51.337,55.159,0.7194,93.0972,-0.3565,1.0,1.0,0.0,-0.03,923.7,0.0,3.7,150.0,1,102.7,0.05026358944111692,-0.03608151160580775,-0.03,-0.024216778966136276,0.19867020444060232,1.0,0.0,790.1783350114468,6.1075693717311434,-3.4890000000000043,0.016999999999999904,7.271858287379509,7.385849300391101e-13,0.15457803256808836,-3.875602301868441,-0.23940343594429692,1.4257000000000062,0.41140895499999586,-1.2238615977564882,flare,0.23422315793063575,0.7144410216143111,0.204601966796762,
102.8,63.97159898,-22.60531547,143.096,3.524,-0.2582,5.0646,1.4909,0.7699,1.7764,0.3984,51.194,55.015,0.8156,92.8532,-0.387,0.0,1.0,0.0,-0.03,922.9,0.0,3.7,150.0,1,102.8,0.047153923137524256,-0.03527275768505195,-0.03,-0.02496826587359785,0.19867020444060232,1.0,0.0,793.2472855196692,6.094739609509365,-3.4039999999999964,0.02400000000000002,7.271858287379509,6.154874416992584e-13,0.1544627188289524,-3.8472373556459862,-0.2587999366757856,1.4709000000000003,0.5543848654499878,-1.2426014525059064,flare,0.23117110931358908,0.7390615659306796,0.204601966796762,
102.908,63.97162644,-22.60531573,143.191,3.542,-0.1933,5.1946,1.5316,0.4252,0.5943,0.3464,51.048,54.866,0.9233,92.6029,-0.4112,0.0,0.0,0.0,-0.03,922.0,0.0,3.7,150.0,0,102.908,0.04560746094181767,-0.03423713232548606,-0.03,-0.025643650409688412,0.19867020444060232,1.0,0.0,796.3084323135068,6.080932696702826,-3.3089999999999975,0.041999999999999815,7.271858287379509,5.129062014160486e-13,0.1543217601064825,-3.8167205510741593,-0.27441827078311576,1.5115999999999872,0.0,-1.2525333069918974,flare,0.22790976047316747,0.757673268292292,0.204601966796762,
103.008,63.97165172,-22.60531599,143.287,3.568,-0.1606,5.2156,1.5636,0.2264,-0.2002,0.2854,50.911,54.728,0.9983,92.3696,-0.4299,0.0,0.0,0.0,-0.03,921.2,0.0,3.7,150.0,0,103.008,0.045065681642128375,-0.033889837517694005,-0.03,-0.02617378794607611,0.19867020444060232,1.0,0.0,799.1265598170024,6.067210613634977,-3.212999999999994,0.06800000000000006,7.271858287379509,4.2742183451337384e-13,0.15416595737033773,-3.7885815535002134,-0.2866600025157311,1.5435999999999979,0.0,-1.2632120972653686,flare,0.22493652921165364,0.7716318575715171,0.204601966796762,
103.1,63.97167485,-22.60531624,143.38,3.598,-0.1449,5.1742,1.5871,0.1146,-0.7217,0.2216,50.786,54.602,1.0317,92.1563,-0.4452,0.0,0.0,0.0,-0.03,920.5,0.0,3.7,150.0,0,103.1,0.045021749350597495,-0.034386904978666616,-0.03,-0.026562606064358785,0.19867020444060232,1.0,0.0,801.7050125044015,6.054062130248592,-3.1200000000000045,0.09799999999999986,7.271858287379509,3.5618486209447817e-13,0.15400796765451216,-3.7627945037119312,-0.2967893525204772,1.5671000000000106,0.0,-1.2718924204388744,flare,0.22223182995923807,0.782812722884028,0.204601966796762,
103.208,63.97170002,-22.60531652,143.483,3.632,-0.137,5.0831,1.6059,0.0436,-1.1052,0.1468,50.652,54.466,1.0232,91.9264,-0.4606,0.0,0.0,0.0,-0.03,919.7,0.0,3.7,150.0,0,103.208,0.045233450882310955,-0.03593047056740792,-0.03,-0.026873350110926952,0.19867020444060232,1.0,0.0,804.5108772251855,6.039364453104523,-3.016999999999996,0.13200000000000012,7.271858287379509,2.968207184120651e-13,0.15382571056231323,-3.7326352667578373,-0.30707982907475184,1.5859000000000094,0.0,-1.269060449557222,flare,0.21906522031543219,0.7935399202853937,0.204601966796762,
103.308,63.97172722,-22.60531683,143.59,3.664,-0.1346,4.9498,1.6176,0.0024,-1.3476,0.0628,50.508,54.321,0.9604,91.6829,-0.4762,0.0,0.0,0.0,-0.03,918.9,0.0,3.7,150.0,0,103.308,0.04564673791406043,-0.03880499553304914,-0.03,-0.027066597893577682,0.19867020444060232,1.0,0.0,807.5430392118765,6.023117971155978,-2.9099999999999966,0.16400000000000015,7.271858287379509,2.4735059867672094e-13,0.15361897350043913,-3.7048312518519317,-0.31759098866044155,1.5976,0.0,-1.2846004086883709,flare,0.2161968710071953,0.8050477596831218,0.204601966796762,
103.408,63.97175226,-22.60531713,143.68,3.686,-0.1354,4.8098,1.6203,-0.0181,-1.4414,-0.0147,50.38,54.192,0.857,91.4647,-0.4901,0.0,0.0,0.0,-0.03,918.1,0.0,3.7,150.0,0,103.408,0.046070810164417664,-0.04244162740912494,-0.03,-0.02711117809543928,0.19867020444060232,1.0,0.0,810.3344116149934,6.007445478016171,-2.819999999999993,0.18599999999999994,7.271858287379509,2.0612549889726745e-13,0.15340987123713817,-3.6771408272220465,-0.3270079800622625,1.6003000000000043,0.0,-1.2841821897167076,flare,0.21334445747650221,0.8149314356089157,0.204601966796762,
103.508,63.97177724,-22.60531744,143.758,3.701,-0.1379,4.665,1.6154,-0.0328,-1.4416,-0.0897,50.256,54.067,0.7167,91.2539,-0.5037,0.0,0.0,0.0,-0.03,917.4,0.0,3.7,150.0,0,103.508,0.046510060444986956,-0.04687314185045516,-0.03,-0.027030268995724027,0.1986801107679741,1.0,0.0,813.1190952422236,5.991285382315136,-2.7419999999999902,0.20100000000000007,7.271858287379509,1.717712490810562e-13,0.1531873236079792,-3.64956495877051,-0.33625597423321096,1.5954000000000121,0.0,-1.2801656270151973,flare,0.21052268069527003,0.8246061962322404,0.20430003207876446,
103.6,63.9718001,-22.60531774,143.816,3.703,-0.1415,4.535,1.6044,-0.0466,-1.3792,-0.1544,50.146,53.957,0.5624,91.0675,-0.5161,0.0,0.0,0.0,-0.03,916.7,0.0,3.7,150.0,0,103.6,0.04692678183885923,-0.05147634607039259,-0.03,-0.026848566915370686,0.19868930891890962,1.0,0.0,815.6674483549983,5.975697718914022,-2.6839999999999975,0.20299999999999985,7.271858287379509,1.4314270756754683e-13,0.15296272453601273,-3.624300388906301,-0.34470458987189545,1.584399999999988,0.0,-1.2724825858240933,flare,0.20796467199435043,0.8334740613919625,0.20401967521399555,
103.708,63.97182497,-22.60531806,143.862,3.688,-0.1469,4.4021,1.586,-0.0651,-1.2643,-0.2189,50.03,53.841,0.3743,90.872,-0.5297,0.0,0.0,0.0,-0.03,916.0,0.0,3.7,150.0,0,103.708,0.047391934161833515,-0.05689071391867412,-0.03,-0.02654441564837562,0.19867020444060232,1.0,0.0,818.4398693697453,5.95905196646191,-2.6380000000000052,0.18800000000000017,7.271858287379509,1.1928558963962235e-13,0.15272580426425356,-3.594758520645698,-0.35397780035935966,1.5660000000000025,0.0,-1.2544454483922693,flare,0.20493973301834956,0.842879807156681,0.204601966796762,
103.808,63.97185187,-22.60531843,143.89,3.65,-0.1553,4.2723,1.5591,-0.0915,-1.1127,-0.2803,49.911,53.721,0.1566,90.6697,-0.5449,0.0,0.0,0.0,-0.03,915.3,0.0,3.7,150.0,0,103.808,0.04800517417704986,-0.0628910817198633,-0.03,-0.026099284681837698,0.19867020444060232,1.0,0.0,821.4385873091505,5.939877534555311,-2.6100000000000136,0.1499999999999999,7.271858287379509,9.940465803301863e-14,0.15243885727048895,-3.567532106516494,-0.36432775672213324,1.5390999999999906,0.0,-1.24858677126569,flare,0.2022422118646361,0.8543985008790731,0.204601966796762,
103.917,63.97187664,-22.60531877,143.895,3.594,-0.1657,4.1684,1.5288,-0.1186,-0.9465,-0.3281,49.807,53.616,-0.0494,90.4917,-0.5594,0.0,0.0,0.0,-0.03,914.6,0.0,3.7,150.0,0,103.917,0.04863000627908398,-0.06833080505508246,-0.03,-0.025597226340376034,0.19867020444060232,1.0,0.0,824.1998603078715,5.92225579872592,-2.6049999999999898,0.09399999999999986,7.271858287379509,8.283721502751553e-14,0.15217483332215245,-3.537983016364038,-0.37418553077691286,1.508800000000008,0.0,-1.2218178320930828,flare,0.1992521316239575,0.8647352270131918,0.204601966796762,
104.0,63.97189929,-22.60531908,143.9,3.542,-0.2131,4.2236,1.5147,-1.2336,3.7961,0.2348,49.706,53.511,0.2472,90.3159,-0.4708,1.0,0.0,0.0,-0.03,914.1,0.0,3.7,150.0,1,104.0,0.04704308534839541,-0.06263720788189786,-0.03,-0.0253633583313006,0.19867020444060232,1.0,0.0,826.72480313497,5.906186369671849,-2.5999999999999943,0.041999999999999815,7.271858287379509,6.90310125229296e-14,0.15193396814794785,-3.5155840773291516,-0.31866954396335245,1.4946999999999946,0.12406009999999718,-1.2213677991645782,flare,0.1970392072336793,0.7778245884855437,0.204601966796762,
104.108,63.971926,-22.60531938,143.938,3.511,-0.3131,4.6869,1.5542,1.0941,3.5249,0.3794,49.582,53.383,0.5414,90.0994,-0.3889,1.0,1.0,0.0,-0.03,913.4,0.0,3.7,150.0,1,104.108,0.04795220665217065,-0.057044654515919474,-0.03,-0.026018141209072476,0.19867020444060232,1.0,0.0,829.7023416910254,5.890448892282912,-2.562000000000012,0.01100000000000012,7.271858287379509,5.7525843769108e-14,0.15173197289375392,-3.48654092157824,-0.2673067553701287,1.5341999999999985,0.28841385092000327,-1.2147114672539916,flare,0.19402457191700506,0.6959177654160644,0.204601966796762,
104.2,63.97194854,-22.60531958,143.998,3.513,-0.261,4.9288,1.5798,0.0714,1.8125,0.1959,49.471,53.27,0.658,89.9085,-0.3493,1.0,1.0,1.0,-0.03,912.8,0.0,3.7,150.0,1,104.2,0.04452078996962788,-0.055362080859878426,-0.03,-0.026441870193395278,0.19867020444060232,1.0,0.0,832.2150239570932,5.879773053854282,-2.5020000000000095,0.0129999999999999,7.271858287379509,4.7938203140923334e-14,0.15162826180398567,-3.4618990626661006,-0.24259647411176388,1.5597999999999956,0.4292620434915369,-1.213966946515492,flare,0.19137765572742893,0.6546965973443797,0.204601966796762,
104.325,63.97197309,-22.6053198,144.063,3.516,-0.2546,5.0559,1.5958,0.0515,0.6859,0.1182,49.351,53.148,0.6335,89.7028,-0.3478,0.0,1.0,1.0,-0.03,912.2,0.0,3.7,150.0,1,104.325,0.044128264583301935,-0.05695728845174716,-0.03,-0.026706442352676274,0.19867020444060232,1.0,0.0,834.951774125925,5.868039126200319,-2.437000000000012,0.016000000000000014,7.271858287379509,3.994850261743611e-14,0.15151229627967552,-3.428535446203366,-0.24214883212835048,1.5757999999999868,0.620871267947891,-1.1908790422868092,flare,0.18776167316318393,0.6485728758702898,0.204601966796762,
104.4,63.97199147,-22.60531996,144.11,3.517,-0.2513,5.0844,1.6027,0.0337,0.0255,0.0579,49.26,53.056,0.6157,89.5485,-0.3469,0.0,1.0,1.0,-0.03,911.8,0.0,3.7,150.0,1,104.4,0.043904314617627005,-0.05813853105375688,-0.03,-0.026820477146309807,0.19867020444060232,1.0,0.0,837.0007138441524,5.859484913829296,-2.3899999999999864,0.016999999999999904,7.271858287379509,3.3290418847863425e-14,0.15143125036956245,-3.4086067638101394,-0.24195577244191213,1.5826999999999884,0.7349172334382853,-1.192920341472854,flare,0.1856172865249306,0.6450503510934844,0.204601966796762,
104.517,63.97202,-22.60532021,144.18,3.516,-0.249,5.0422,1.6037,0.0031,-0.7669,-0.0503,49.121,52.915,0.5915,89.3098,-0.3394,0.0,1.0,1.0,-0.03,911.1,0.0,3.7,150.0,1,104.517,0.0576344411031085,0.04781879997751845,-0.03,-0.14974144342879736,0.0,1.0,0.0,840.1811409196221,5.846126301732687,-2.319999999999993,0.016000000000000014,7.271858287379509,2.7742015706552853e-14,0.1513030678213893,-3.37761073849618,-0.23773751541278898,1.5836999999999932,0.9116116018070418,-1.1924761457057083,landing,,,,-3.282624116475091
104.6,63.97204033,-22.60532038,144.228,3.514,-0.2483,4.9559,1.5949,0.0662,-1.6461,-0.2492,49.023,52.815,0.5775,89.1414,-0.3258,0.0,1.0,1.0,-0.03,910.4,0.0,3.7,150.0,1,104.6,0.05786089746609174,0.047658385269519016,-0.03,-0.15061939953564074,0.0,1.0,0.0,842.4474601067677,5.837006272224839,-2.2719999999999914,0.01399999999999979,7.271858287379509,2.3118346422127376e-14,0.15122184157791654,-3.3557146026020406,-0.2294075463018146,1.5749000000000137,1.0347619255120422,-1.191407668056669,landing,,,,-3.279174698001583
104.708,63.97206874,-22.60532061,144.299,3.516,-0.2545,4.7864,1.5479,-0.1124,-1.0837,-0.5967,48.886,52.676,0.6278,88.9072,-0.3129,1.0,1.0,0.0,-0.03,907.5,0.0,3.7,150.0,1,104.708,0.058137300979908546,0.04743180050248172,-0.03,-0.1507709921418524,0.0,1.0,0.0,845.6145103153375,5.8246322041309115,-2.2009999999999934,0.016000000000000014,7.271858287379509,1.9265288685106147e-14,0.15111766954824393,-3.3273133217214617,-0.2216459340866095,1.5278999999999883,1.1885996967165167,-1.1984177453713787,landing,,,,-3.274754013738601
104.833,63.97209707,-22.60532085,144.37,3.517,-0.2715,4.6866,1.4585,-0.1655,-0.5837,-0.9566,48.752,52.541,0.6015,88.6779,-0.317,1.0,1.0,0.0,-0.03,902.3,0.0,3.7,150.0,1,104.833,0.05852410935505198,0.047207689434769357,-0.03,-0.14989596015808904,0.0,1.0,0.0,848.772642213857,5.811771311904086,-2.1299999999999955,0.016999999999999904,7.271858287379509,1.6054407237588456e-14,0.1509999391017528,-3.29457452382657,-0.22481636056511434,1.4385000000000048,1.3535547005075608,-1.18692522306489,landing,,,,-3.269762245187856
104.908,63.97211524,-22.605321,144.415,3.516,-0.2806,4.651,1.3794,-0.0576,-0.3552,-1.1747,48.665,52.453,0.5936,88.5306,-0.3172,1.0,1.0,0.0,-0.03,898.0,0.0,3.7,150.0,1,104.908,0.05849900064976532,0.04705944063725295,-0.03,-0.14862121747864399,0.0,1.0,0.0,850.7981719884489,5.803715208355784,-2.085000000000008,0.016000000000000014,7.271858287379509,1.337867269799038e-14,0.1509292583003668,-3.2750183931444754,-0.2252865731373106,1.3593999999999937,1.4453580402537571,-1.1844774755135363,landing,,,,-3.2667675654901274
105.025,63.97214545,-22.60532125,144.488,3.514,-0.2762,4.6231,1.2127,0.1358,-0.0908,-1.5084,48.521,52.307,0.5829,88.2841,-0.3192,1.0,1.0,0.0,-0.03,889.5,0.0,3.7,150.0,1,105.025,0.0573577058168282,0.04680969355715123,-0.03,-0.1452465587899715,0.0,1.0,0.0,854.1658799843348,5.790291222882771,-2.0120000000000005,0.01399999999999979,7.271858287379509,1.1148893914991983e-14,0.15081068160625832,-3.2446009716632784,-0.22715772293435066,1.192700000000002,1.567993251182793,-1.1886858169004122,landing,,,,-3.261747263496467
105.108,63.97216354,-22.60532141,144.532,3.513,-0.2628,4.6204,1.0934,0.2243,0.0258,-1.6888,48.434,52.219,0.5781,88.1351,-0.3229,1.0,1.0,0.0,-0.03,883.7,0.0,3.7,150.0,1,105.108,0.05610910558307752,0.046656864080189514,-0.03,-0.1426905130193632,0.0,1.0,0.0,856.1824914480845,5.781748295201848,-1.9679999999999893,0.0129999999999999,7.271858287379509,9.290744929159985e-15,0.15072635014336083,-3.2231139552464447,-0.2299132403414319,1.0733999999999924,1.6440711071979737,-1.175913721826229,landing,,,,-3.258179644334426
105.225,63.97219162,-22.60532165,144.6,3.511,-0.2457,4.6256,0.8821,-0.0689,-0.0308,-1.9518,48.296,52.08,0.5918,87.9001,-0.3289,1.0,1.0,1.0,-0.03,874.0,0.0,3.7,150.0,1,105.225,0.053977591235912004,0.04641192009422754,-0.03,-0.13762561726805012,0.0,1.0,0.0,859.3127541620372,5.768897130981967,-1.9000000000000057,0.01100000000000012,7.271858287379509,7.742287440966655e-15,0.15060583115785575,-3.192922928575517,-0.23438535265560745,0.8620999999999981,1.7257011752437503,-1.1762385816135956,landing,,,,-3.253085173176288
105.3,63.97220963,-22.60532181,144.644,3.51,-0.2511,4.6218,0.7308,-0.0793,-0.0631,-2.0934,48.207,51.989,0.591,87.7473,-0.3395,1.0,1.0,1.0,-0.03,867.5,0.0,3.7,150.0,1,105.3,0.05304468853250416,0.046249198095860894,-0.03,-0.13378265570628345,0.0,1.0,0.0,861.3204474875494,5.760357316318679,-1.8559999999999945,0.009999999999999787,7.271858287379509,6.4519062008055456e-15,0.15052058248181255,-3.173651577567942,-0.24167998425798487,0.7108000000000061,1.7660684164294242,-1.1771865893456872,landing,,,,-3.2494844956241877
105.4,63.97223559,-22.60532206,144.708,3.509,-0.2597,4.6155,0.4955,-0.0788,-0.05,-2.2545,48.076,51.857,0.5898,87.5244,-0.3645,1.0,1.0,1.0,-0.03,857.8,0.0,3.7,150.0,1,105.4,0.05146612544251178,0.04600981822643954,-0.03,-0.12740195800924436,0.0,1.0,0.0,864.2143793442139,5.747098709923319,-1.7920000000000016,0.008999999999999897,7.271858287379509,5.376588500671288e-15,0.15037259418540141,-3.1480354795575063,-0.2586099293234554,0.4755000000000109,1.7959577322651337,-1.1892605357687966,landing,,,,-3.243239527619693
105.508,63.97226148,-22.60532233,144.772,3.509,-0.2682,4.6109,0.2449,-0.0769,-0.0338,-2.3714,47.943,51.724,0.5883,87.2986,-0.402,1.0,1.0,1.0,-0.03,847.9,0.0,3.7,150.0,1,105.508,0.04962702175048739,0.045764598155097674,-0.03,-0.1202383468110827,0.0,1.0,0.0,867.1005074880778,5.732862952768583,-1.7280000000000086,0.008999999999999897,7.271858287379509,4.4804904172260735e-15,0.15019807742956306,-3.120481159468709,-0.283838601791615,0.224899999999991,1.8008505887566688,-1.1930988035608716,landing,,,,-3.2358843203924295
105.617,63.97228731,-22.60532262,144.835,3.508,-0.2764,4.6079,359.984,-0.0728,-0.0222,-2.4408,47.808,51.588,0.5867,87.0698,-0.4528,1.0,1.0,1.0,-0.03,838.1,0.0,3.7,150.0,1,105.617,0.047542177436922184,0.0455096404821341,-0.03,-0.11238876570579903,0.0,1.0,0.0,869.9799466850345,5.71764965590181,-1.664999999999992,0.008000000000000007,7.271858287379509,3.7337420143550615e-15,0.14999699527090832,-3.0927937387714417,-0.3179597413957822,-0.03600000000005821,1.7772973173392128,-1.1972291041545764,landing,,,,-3.227421880314168
105.725,63.97231307,-22.60532296,144.898,3.508,-0.2845,4.5927,359.7188,-0.1542,-0.3169,-2.4414,47.672,51.452,0.5507,86.8393,-0.5136,1.0,1.0,1.0,-0.03,828.3,0.0,3.7,150.0,1,105.725,0.045251014252356225,0.04525040314635062,-0.03,-0.10397603110113596,0.0,1.0,0.0,872.8515816553374,5.6999893964753925,-1.6020000000000039,0.008000000000000007,7.271858287379509,3.111451678629218e-15,0.14973056830584955,-3.065488779934835,-0.3588646528344839,-0.30119999999999436,1.7255729063119547,-1.202868209164106,landing,,,,-3.216229883166278
105.825,63.97233678,-22.60532331,144.952,3.507,-0.2931,4.5765,359.4745,-0.0489,-0.0433,-2.4314,47.545,51.325,0.5403,86.6246,-0.5884,1.0,1.0,1.0,-0.03,819.4,0.0,3.7,150.0,1,105.825,0.043041727746066016,0.04500443420311581,-0.03,-0.09585780918547393,0.0,1.0,0.0,875.4946891406962,5.681918970808519,-1.5480000000000018,0.007000000000000117,7.271858287379509,2.5928763988576816e-15,0.14943697256602353,-3.0403267867451147,-0.40917718747363097,-0.5454999999999472,1.6537671772488343,-1.2089710992400824,landing,,,,-3.203923579131356
105.9,63.97235453,-22.60532361,144.993,3.507,-0.2965,4.5748,359.2932,-0.049,-0.0068,-2.39,47.449,51.229,0.5392,86.462,-0.651,1.0,1.0,1.0,-0.03,812.9,0.0,3.7,150.0,1,105.9,0.04119444900600522,0.04481600082825907,-0.03,-0.08959397756886589,0.0,1.0,0.0,877.4733961190861,5.666530151427806,-1.507000000000005,0.007000000000000117,7.271858287379509,2.1607303323814013e-15,0.1491677280867788,-3.021538390171743,-0.4513900631690433,-0.726799999999912,1.586853923419472,-1.2154282720364384,landing,,,,-3.1926628587250647
106.008,63.97238011,-22.60532409,145.051,3.506,-0.3014,4.5747,359.0392,-0.0384,0.002,-2.2843,47.308,51.089,0.5375,86.2249,-0.7526,1.0,1.0,1.0,-0.03,803.7,0.0,3.7,150.0,1,106.008,0.03844698885233583,0.044537318222599515,-0.03,-0.08038456492878177,0.0,1.0,0.0,880.324962882881,5.6420177742655,-1.4490000000000123,0.005999999999999783,7.271858287379509,1.8006086103178346e-15,0.14871729900813327,-2.994599383674249,-0.5200841830495904,-0.9808000000000447,1.4637895010465485,-1.2236216614472768,landing,,,,-3.1738776108316245
106.117,63.97240561,-22.60532465,145.109,3.505,-0.3052,4.5751,358.7983,-0.031,0.004,-2.1406,47.166,50.948,0.5357,85.9853,-0.867,1.0,1.0,1.0,-0.03,794.9,0.0,3.7,150.0,1,106.117,0.03560777110217739,0.04425196438314569,-0.03,-0.07111801551666497,0.0,1.0,0.0,883.1676101386907,5.613589011870553,-1.3909999999999911,0.004999999999999893,7.271858287379509,1.5005071752648621e-15,0.1481617110958655,-2.967569379404114,-0.5977005773273447,-1.2217000000000553,1.314668895485123,-1.2308153552773338,landing,,,,-3.1507984823209227
106.225,63.97243105,-22.60532528,145.167,3.504,-0.3081,4.5756,358.5751,-0.0232,0.0055,-1.957,47.023,50.805,0.5336,85.7436,-0.9929,1.0,1.0,1.0,-0.03,786.5,0.0,3.7,150.0,1,106.225,0.03275673001079432,0.04395773971479397,-0.03,-0.06200934508049749,0.0,1.0,0.0,886.0035675924917,5.581733023313286,-1.3329999999999984,0.0040000000000000036,7.271858287379509,1.2504226460540517e-15,0.1475136366453147,-2.940954656880568,-0.6834481975302822,-1.4448999999999614,1.1444212714139037,-1.239293420622498,landing,,,,-3.124005591677033
106.325,63.97245446,-22.60532595,145.221,3.504,-0.3101,4.5762,358.3882,-0.0172,0.0068,-1.7553,46.889,50.673,0.5316,85.5189,-1.1178,1.0,1.0,1.0,-0.03,779.2,0.0,3.7,150.0,1,106.325,0.030150875287054513,0.04368181523743772,-0.03,-0.05382724724984145,0.0,1.0,0.0,888.6132265840347,5.547996278286136,-1.2789999999999964,0.0040000000000000036,7.271858287379509,1.0420188717117098e-15,0.1467987520005365,-2.9164715994909103,-0.7688587368452033,-1.6317999999999984,0.96979705869975,-1.2484485642022607,landing,,,,-3.094610682248941
106.4,63.97247198,-22.6053265,145.26,3.503,-0.3111,4.5768,358.262,-0.0145,0.0079,-1.5857,46.789,50.573,0.53,85.3496,-1.2159,1.0,1.0,1.0,-0.03,773.9,0.0,3.7,150.0,1,106.4,0.02824718900021117,0.043470000886036114,-0.03,-0.04793909239651373,0.0,1.0,0.0,890.5662896373038,5.520367976754529,-1.240000000000009,0.0030000000000001137,7.271858287379509,8.683490597597581e-16,0.14619958007035858,-2.8982154519869052,-0.8361869058917648,-1.7580000000000382,0.8306735807594937,-1.2561653613959918,landing,,,,-3.0701030552168405
106.5,63.97249529,-22.6053273,145.313,3.503,-0.3121,4.5776,358.1147,-0.0048,0.0092,-1.3344,46.655,50.44,0.5278,85.1229,-1.3511,1.0,1.0,1.0,-0.03,767.2,0.0,3.7,150.0,1,106.5,0.02580951990976349,0.043184559186174226,-0.03,-0.04046963998470687,0.0,1.0,0.0,893.1647987308047,5.480265938473062,-1.1870000000000118,0.0030000000000001137,7.271858287379509,7.236242164664651e-16,0.14531206982962455,-2.8740235268306544,-0.9293419963282759,-1.9052999999998974,0.6318368449519203,-1.2637866921781815,landing,,,,-3.034018475463519
106.608,63.97252047,-22.60532827,145.37,3.502,-0.3122,4.5787,357.9843,0.0024,0.0084,-1.0452,46.509,50.296,0.5254,84.8766,-1.5013,1.0,1.0,1.0,-0.03,760.4,0.0,3.7,150.0,1,106.608,0.02331627721572571,0.042870692155067086,-0.03,-0.03297541270249982,0.0,1.0,0.0,895.9717664186601,5.431762199396688,-1.1299999999999955,0.0019999999999997797,7.271858287379509,6.030201803887208e-16,0.14421330883713995,-2.848102004779652,-1.0333438984901022,-2.035699999999906,0.4051574070264411,-1.271792615784875,landing,,,,-2.9897034344523163
106.717,63.97254557,-22.60532933,145.427,3.502,-0.3113,4.5796,357.8861,0.009,0.0098,-0.74,46.362,50.151,0.5225,84.63,-1.6526,1.0,1.0,1.0,-0.03,754.2,0.0,3.7,150.0,1,106.717,0.021018332678445772,0.04254956473158508,-0.03,-0.026211928022644382,0.0,1.0,0.0,898.7698144283022,5.378852137936587,-1.0730000000000075,0.0019999999999997797,7.271858287379509,5.025168169906007e-16,0.14299395412022076,-2.82216755982985,-1.138692812280027,-2.1339000000000397,0.1681460912898602,-1.27877727373271,landing,,,,-2.9409890669188528
106.817,63.97256868,-22.60533041,145.479,3.501,-0.3103,4.5808,357.8252,0.0094,0.0136,-0.4481,46.228,50.018,0.5202,84.4025,-1.7906,1.0,1.0,1.0,-0.03,749.2,0.0,3.7,150.0,1,106.817,0.01912763338216733,0.042250514384831156,-0.03,-0.020693876440533554,0.0,1.0,0.0,901.3460233860542,5.3250396381478,-1.0209999999999866,0.0009999999999998899,7.271858287379509,4.1876401415883386e-16,0.1417327996006598,-2.7985870546703526,-1.235348304310321,-2.1947999999999865,-0.0530153696230245,-1.2843429761206528,landing,,,,-2.8911186705591305
106.925,63.97259364,-22.60533167,145.535,3.5,-0.3091,4.5824,357.7927,0.0125,0.0154,-0.1248,46.083,49.875,0.5178,84.1568,-1.9356,1.0,1.0,1.0,-0.03,744.4,0.0,3.7,150.0,1,106.925,0.017368061047507266,0.04192416103117699,-0.03,-0.015601009107563457,0.0,1.0,0.0,904.1284612313925,5.262336278668118,-0.9650000000000034,0.0,7.271858287379509,3.489700117990282e-16,0.14024515025710932,-2.7733656650457705,-1.3375662749895696,-2.227300000000014,-0.2929912036311064,-1.289638395799918,landing,,,,-2.8329634127367385
107.025,63.97261662,-22.60533291,145.587,3.5,-0.3078,4.5841,357.7938,0.0122,0.017,0.1735,45.95,49.743,0.5157,83.9311,-2.0625,1.0,1.0,1.0,-0.03,740.5,0.0,3.7,150.0,1,107.025,0.016023688953528292,0.041618468048589013,-0.03,-0.011760404899738397,0.0,1.0,0.0,906.6901754764,5.200689841031951,-0.9130000000000109,0.0,7.271858287379509,2.908083431658568e-16,0.13876758370590705,-2.7502443544583586,-1.4276875792633632,-2.2262000000000626,-0.5126812915948203,-1.2933076325453656,landing,,,,-2.7759213747299682
107.1,63.97263382,-22.60533389,145.626,3.499,-0.3069,4.5854,357.8142,0.0109,0.018,0.3952,45.85,49.644,0.5141,83.7627,-2.1519,1.0,1.0,1.0,-0.03,737.9,0.0,3.7,150.0,1,107.1,0.015207041778811659,0.0413863923597054,-0.03,-0.009442348220333852,0.0,1.0,0.0,908.6075586196738,5.152006688343239,-0.8739999999999952,-0.0009999999999998899,7.271858287379509,2.4234028597154734e-16,0.13759145699280528,-2.733049384297755,-1.4916296619605305,-2.205799999999954,-0.6742711819078312,-1.2969463326170192,landing,,,,-2.731028387045818
107.2,63.97265669,-22.60533526,145.677,3.499,-0.3058,4.5873,357.8671,0.0108,0.0196,0.6864,45.719,49.514,0.5121,83.5396,-2.2612,1.0,1.0,1.0,-0.03,734.8,0.0,3.7,150.0,1,107.2,0.014382108249705261,0.041077986803985306,-0.03,-0.007124316454618751,0.0,1.0,0.0,911.1570082007455,5.083995346405416,-0.8230000000000075,-0.0009999999999998899,7.271858287379509,2.0195023830962278e-16,0.13593666496891932,-2.710345553186535,-1.5704693672345797,-2.152900000000045,-0.8828184700887751,-1.2981330296518256,landing,,,,-2.6686321443822507
107.308,63.9726814,-22.60533682,145.732,3.498,-0.3047,4.5895,357.9566,0.0078,0.021,0.987,45.578,49.374,0.51,83.3,-2.3647,1.0,1.0,1.0,-0.03,731.8,0.0,3.7,150.0,1,107.308,0.013834954640237707,0.04074120315535831,-0.03,-0.005630443681952313,0.0,1.0,0.0,913.9115717309056,5.006603596579105,-0.7680000000000007,-0.0019999999999997797,7.271858287379509,1.6829186525801898e-16,0.13403966334814232,-2.6861120255534634,-1.6460618557738655,-2.0634000000000015,-1.0961312306118245,-1.2988078047339768,landing,,,,-2.5982054540117403
107.408,63.97270414,-22.60533831,145.783,3.498,-0.3041,4.5916,358.0673,0.0037,0.0223,1.2483,45.45,49.245,0.5082,83.081,-2.4443,1.0,1.0,1.0,-0.03,729.4,0.0,3.7,150.0,1,107.408,0.01366061979793537,0.040426601816265645,-0.03,-0.005183471150823182,0.0,1.0,0.0,916.4465272833143,4.9327180659193175,-0.717000000000013,-0.0019999999999997797,7.271858287379509,1.4024322104834916e-16,0.13221817776006403,-2.6639365010256135,-1.705195019124318,-1.9527000000000498,-1.2804399183057007,-1.297098004303622,landing,,,,-2.53168850714561
107.517,63.97272871,-22.60533998,145.838,3.497,-0.3039,4.5942,358.2159,-0.0027,0.0237,1.5101,45.312,49.108,0.5064,82.8462,-2.5106,1.0,1.0,1.0,-0.03,727.0,0.0,3.7,150.0,1,107.517,0.013823307261998818,0.04008799132731097,-0.03,-0.005688620045701698,0.0,1.0,0.0,919.1854821891462,4.849942453822909,-0.6620000000000061,-0.0030000000000001137,7.271858287379509,1.168693508736243e-16,0.13016622900921912,-2.6400694127765503,-1.7557799661221338,-1.8041000000000622,-1.4631300231961664,-1.2942759171734446,landing,,,,-2.4580505943047797
107.625,63.97275322,-22.60534168,145.893,3.496,-0.3043,4.5968,358.3915,-0.0071,0.025,1.7464,45.176,48.971,0.5048,82.6141,-2.5549,1.0,1.0,1.0,-0.03,724.9,0.0,3.7,150.0,1,107.625,0.014357982597878571,0.03974474320512664,-0.03,-0.007226646720462582,0.0,1.0,0.0,921.9177479778429,4.765699364689317,-0.6069999999999993,-0.0040000000000000036,7.271858287379509,9.739112572802024e-17,0.12806917041617127,-2.6167336924856075,-1.7913483087872066,-1.628500000000031,-1.623206218945657,-1.2910925846357835,landing,,,,-2.384207583243196
107.733,63.97277578,-22.60534327,145.944,3.496,-0.3053,4.5994,358.5752,-0.0124,0.0262,1.9381,45.052,48.846,0.5034,82.4023,-2.5745,1.0,1.0,1.0,-0.03,723.2,0.0,3.7,150.0,1,107.733,0.01512818427271978,0.0394275132066729,-0.03,-0.00939401312074406,0.0,1.0,0.0,924.4326360070329,4.686921465419331,-0.5560000000000116,-0.0040000000000000036,7.271858287379509,8.115927144001686e-17,0.126100911305835,-2.593694552771628,-1.8095133612742131,-1.4447999999999865,-1.7617139917810478,-1.2780976358641782,landing,,,,-2.3161958200969153
107.8,63.97279266,-22.60534447,145.981,3.496,-0.3064,4.6013,358.7249,-0.016,0.0267,2.0648,44.96,48.753,0.5024,82.2449,-2.5753,1.0,1.0,1.0,-0.03,722.0,0.0,3.7,150.0,1,107.8,0.015938406220502688,0.039188988646013584,-0.03,-0.011669752814168044,0.0,1.0,0.0,926.3143428317395,4.627472144525454,-0.5190000000000055,-0.0040000000000000036,7.271858287379509,6.763272620001405e-17,0.12461154906203115,-2.579552994483284,-1.8134926654623769,-1.2951000000000477,-1.8366822080361103,-1.2867373351818285,landing,,,,-2.2655631798633564
107.908,63.97281698,-22.60534619,146.036,3.495,-0.3084,4.6043,358.9565,-0.0232,0.0279,2.216,44.828,48.619,0.5012,82.0197,-2.555,1.0,1.0,1.0,-0.03,720.5,0.0,3.7,150.0,1,107.908,0.017338265016443366,0.038841550525962804,-0.03,-0.015593769846484418,0.0,1.0,0.0,929.0254276971104,4.542256574160044,-0.46399999999999864,-0.004999999999999893,7.271858287379509,5.636060516667838e-17,0.12247287011371799,-2.557039533730862,-1.8042468610696858,-1.0634999999999764,-1.9317040401893213,-1.2808723249127674,landing,,,,-2.194103903075316
108.017,63.97284124,-22.60534789,146.09,3.494,-0.3112,4.6074,359.2028,-0.0288,0.0287,2.3326,44.698,48.486,0.5002,81.7968,-2.509,1.0,1.0,1.0,-0.03,719.0,0.0,3.7,150.0,1,108.017,0.019022008597763373,0.03849232182300674,-0.03,-0.020274849344610768,0.0,1.0,0.0,931.7298243012401,4.458023213033397,-0.4099999999999966,-0.005999999999999783,7.271858287379509,4.696717097223198e-17,0.1203548644824775,-2.5346302765297173,-1.776915323969689,-0.8171999999999571,-1.9997232661512496,-1.2728530726896792,landing,,,,-2.1247788532711525
108.117,63.97286358,-22.60534942,146.139,3.494,-0.3138,4.5921,359.4386,-0.0066,-0.1585,2.3954,44.579,48.365,0.4592,81.5945,-2.4488,1.0,1.0,1.0,-0.03,717.8,0.0,3.7,150.0,1,108.117,0.02076203437052121,0.03817081332192082,-0.03,-0.02515612407383183,0.0,1.0,0.0,934.2201884744187,4.382193498337749,-0.36099999999999,-0.005999999999999783,7.271858287379509,3.913930914352665e-17,0.11844665819547946,-2.514336843121735,-1.7390350165401003,-0.5814000000000306,-2.0378660334897436,-1.2653209751724261,landing,,,,-2.06354467621464
108.225,63.97288772,-22.60535103,146.189,3.494,-0.3172,4.5869,359.7015,-0.041,0.0163,2.4499,44.453,48.235,0.4613,81.3769,-2.3549,1.0,1.0,1.0,-0.03,716.6,0.0,3.7,150.0,1,108.225,0.022857606992104984,0.037821374627070664,-0.03,-0.03101872919587001,0.0,1.0,0.0,936.9112094087911,4.302374242313805,-0.31100000000000705,-0.005999999999999783,7.271858287379509,3.261609095293887e-17,0.11643703736791826,-2.492710030450764,-1.6775734262397464,-0.3184999999999718,-2.0502550803280504,-1.2563524016719105,landing,,,,-2.000303545482282
108.3,63.97290254,-22.60535199,146.219,3.493,-0.3201,4.5885,359.8652,-0.0401,0.0302,2.4595,44.375,48.155,0.4611,81.2439,-2.2852,1.0,1.0,1.0,-0.03,715.9,0.0,3.7,150.0,1,108.3,0.0242448889985169,0.03760427119876261,-0.03,-0.0348343247945091,0.0,1.0,0.0,938.5632782557933,4.254763576558437,-0.2810000000000059,-0.007000000000000117,7.271858287379509,2.7180075794115727e-17,0.11523845858242995,-2.477835370980954,-1.6311708331290902,-0.15480000000002292,-2.0464881672255917,-1.2366840015199188,landing,,,,-1.9631914664388077
108.4,63.97292657,-22.60535348,146.269,3.493,-0.3247,4.592,0.1309,-0.0457,0.0331,2.438,44.25,48.025,0.4609,81.0288,-2.1542,1.0,1.0,1.0,-0.03,714.7,0.0,3.7,150.0,1,108.4,0.026594517004374763,0.0372481310471012,-0.03,-0.041354331346262097,0.0,1.0,0.0,941.2420388009473,4.180827848310466,-0.23099999999999454,-0.007000000000000117,7.271858287379509,2.2650063161763106e-17,0.11337951734514772,-2.4582379680098345,-1.5428844740996226,0.11089999999998668,-2.0149332855533344,-1.23789454683628,landing,,,,-1.9065236705653348
108.508,63.97295053,-22.60535487,146.319,3.492,-0.3297,4.5956,0.3927,-0.0472,0.0326,2.3825,44.126,47.896,0.4608,80.8148,-2.0025,1.0,1.0,1.0,-0.03,713.7,0.0,3.7,150.0,1,108.508,0.029045106296888612,0.03689064459577804,-0.03,-0.048162860585933,0.0,1.0,0.0,943.9129976847535,4.111794217027758,-0.1810000000000116,-0.008000000000000007,7.271858287379509,1.8875052634802587e-17,0.11164855117964945,-2.437330267797599,-1.4394346210137599,0.3727000000000089,-1.9529204060693632,-1.2297357833191889,landing,,,,-1.8547264078448507
108.617,63.97297444,-22.60535615,146.369,3.492,-0.3348,4.5991,0.6467,-0.0476,0.0319,2.2912,44.003,47.767,0.4608,80.6015,-1.8326,1.0,1.0,1.0,-0.03,712.6,0.0,3.7,150.0,1,108.617,0.03153615299633111,0.0365291018604986,-0.03,-0.05512004202484533,0.0,1.0,0.0,946.5783846131869,4.0481518414325155,-0.13100000000000023,-0.008000000000000007,7.271858287379509,1.5729210529002154e-17,0.11005948139231204,-2.416478151019504,-1.3224839218784439,0.6266999999999996,-1.8633232736432,-1.220527109105841,landing,,,,-1.8079932406328965
108.725,63.97299828,-22.60535732,146.419,3.491,-0.34,4.6025,0.8891,-0.0473,0.0312,2.1663,43.881,47.639,0.4608,80.3888,-1.6469,1.0,1.0,1.0,-0.03,711.6,0.0,3.7,150.0,1,108.725,0.034016869777848235,0.03616636814565041,-0.03,-0.06207740157343766,0.0,1.0,0.0,949.2359700505007,3.989901499779559,-0.08099999999998886,-0.008999999999999897,7.271858287379509,1.3107675440835127e-17,0.10861276586256155,-2.3960486509626793,-1.1936363952080171,0.8691000000000031,-1.7493365822878637,-1.2122637018807403,landing,,,,-1.7661235246388074
108.833,63.97302023,-22.60535828,146.465,3.491,-0.3447,4.6056,1.0996,-0.0454,0.0305,2.0232,43.768,47.521,0.4609,80.1928,-1.464,1.0,1.0,1.0,-0.03,710.7,0.0,3.7,150.0,1,108.833,0.036295460276476676,0.03582846409693738,-0.03,-0.06851954342790556,0.0,1.0,0.0,951.6828680441702,3.9420133861268596,-0.03499999999999659,-0.008999999999999897,7.271858287379509,1.0923062867362606e-17,0.10743406010128087,-2.3758199973282745,-1.065875744479058,1.0795999999999992,-1.6138469471991497,-1.197175755918514,landing,,,,-1.7324846943718768
108.908,63.97303848,-22.60535899,146.504,3.49,-0.3486,4.6081,1.2633,-0.0428,0.0298,1.8872,43.675,47.423,0.461,80.0296,-1.3046,1.0,1.0,1.0,-0.03,709.9,0.0,3.7,150.0,1,108.908,0.03807588200182571,0.035545284410732764,-0.03,-0.07355716718329208,0.0,1.0,0.0,953.7173063798583,3.906517681805125,0.003999999999990678,-0.009999999999999787,7.271858287379509,9.102552389468838e-18,0.10656980525759967,-2.3618877119406334,-0.9539226220903743,1.243300000000005,-1.5084955950951517,-1.201068869016831,landing,,,,-1.7080892725288663
109.017,63.97306216,-22.60535979,146.554,3.49,-0.3532,4.6113,1.4578,-0.0431,0.0287,1.6828,43.554,47.295,0.4612,79.8176,-1.091,1.0,1.0,1.0,-0.03,708.9,0.0,3.7,150.0,1,109.017,0.04033745441455511,0.03517195267846249,-0.03,-0.08004156193161516,0.0,1.0,0.0,956.3570618668668,3.8664012456415873,0.054000000000002046,-0.009999999999999787,7.271858287379509,7.585460324557364e-18,0.10560816542071436,-2.3417948965563924,-0.8031080230404086,1.43780000000001,-1.335332793108622,-1.1927982212079622,landing,,,,-1.6812116874023815
109.125,63.97308577,-22.60536045,146.604,3.489,-0.3574,4.6139,1.6292,-0.0262,0.0177,1.4595,43.434,47.168,0.4602,79.6056,-0.8728,1.0,1.0,1.0,-0.03,708.0,0.0,3.7,150.0,1,109.125,0.042443647994397316,0.0347976806470843,-0.03,-0.08613765413933161,0.0,1.0,0.0,958.9890163766086,3.833146655568728,0.10400000000001342,-0.01100000000000012,7.271858287379509,6.321216937131136e-18,0.10483137428074125,-2.3220426465064685,-0.64816878065335,1.609199999999987,-1.1471175989430433,-1.1853721202900667,landing,,,,-1.6597049414376883
109.2,63.97310026,-22.60536078,146.634,3.489,-0.3591,4.6151,1.7224,-0.0287,0.0195,1.3144,43.36,47.09,0.4599,79.4753,-0.7375,1.0,1.0,1.0,-0.03,707.4,0.0,3.7,150.0,1,109.2,0.04367277335294184,0.03456591923809346,-0.03,-0.08980912768296134,0.0,1.0,0.0,960.60430867509,3.816414879693758,0.13399999999998613,-0.01100000000000012,7.271858287379509,5.2676807809426136e-18,0.10445431990381751,-2.3084034658974155,-0.5516673804170296,1.7024000000000115,-1.0108342169509645,-1.167307988142479,landing,,,,-1.649331202395956
109.308,63.97312377,-22.6053612,146.684,3.488,-0.3626,4.6176,1.8523,-0.0324,0.0248,1.0615,43.24,46.963,0.4598,79.2635,-0.5189,1.0,1.0,1.0,-0.03,706.4,0.0,3.7,150.0,1,109.308,0.04548997805049698,0.03418550005860385,-0.03,-0.09515016229620532,0.0,1.0,0.0,963.2251196153359,3.7949226756458407,0.1839999999999975,-0.01200000000000001,7.271858287379509,4.389733984118844e-18,0.10399628202666489,-2.2888616149613044,-0.39508254464089987,1.8323000000000036,-0.8020288074078858,-1.1621991811396215,landing,,,,-1.6367869624559148
109.417,63.97314902,-22.60536149,146.738,3.488,-0.3661,4.6205,1.9612,-0.0265,0.0236,0.7815,43.112,46.828,0.4599,79.0355,-0.2876,1.0,1.0,1.0,-0.03,705.3,0.0,3.7,150.0,1,109.417,0.04718461564784454,0.03377698334908183,-0.03,-0.10013899173375451,0.0,1.0,0.000413964716859172,966.0399023041292,3.779731948158991,0.23799999999999955,-0.01200000000000001,7.271858287379509,3.65811165343237e-18,0.10371963142420082,-2.269239977935041,-0.22849103829116757,1.9412000000000091,-0.5816958934071497,-1.1633003398183435,landing,,,,-1.6292408943513124
109.525,63.9731706,-22.6053616,146.784,3.487,-0.3685,4.6228,2.0281,-0.0191,0.0218,0.5333,43.002,46.712,0.46,78.8401,-0.0963,1.0,1.0,1.0,-0.03,704.4,0.0,3.7,150.0,1,109.525,0.048520673572888584,0.03342258655575389,-0.03,-0.10414309031537483,0.0,1.0,0.0008445433033321681,968.4455684410236,3.7735029015209887,0.2839999999999918,-0.0129999999999999,7.271858287379509,3.0484263778603086e-18,0.1036681426441425,-2.249874554608907,-0.08998444729397193,2.008100000000013,-0.3585387777583426,-1.1501383560638099,landing,,,,-1.6278389943748692
109.608,63.97319034,-22.60536161,146.826,3.487,-0.3701,4.6247,2.0675,-0.0123,0.02,0.3028,42.902,46.605,0.4601,78.6611,0.0712,1.0,1.0,1.0,-0.03,703.7,0.0,3.7,150.0,1,109.608,0.04945964677334325,0.03309294364193169,-0.03,-0.10698276040340349,0.0,1.0,0.0012472944933596408,970.6461190888541,3.772244827021993,0.3259999999999934,-0.0129999999999999,7.271858287379509,2.5403553148835905e-18,0.1037430432064054,-2.2350392290883576,0.031861191710248704,2.0475000000000136,-0.18562040590295054,-1.155109348886052,landing,,,,-1.6298785967699203
109.725,63.97321361,-22.6053615,146.876,3.487,-0.3711,4.6268,2.0866,-0.0057,0.0176,0.0281,42.783,46.48,0.46,78.4497,0.2566,1.0,1.0,1.0,-0.03,702.9,0.0,3.7,150.0,1,109.725,0.050451794726656674,0.032704543419890236,-0.03,-0.11008308542615763,0.0,1.0,0.0017246691329922959,973.240184676091,3.7767286379830614,0.3760000000000048,-0.0129999999999999,7.271858287379509,2.116962762402992e-18,0.10399584425723987,-2.214155062316818,0.1674072761568084,2.066599999999994,0.05834355284609288,-1.1425625005413291,landing,,,,-1.6367750034723798
109.8,63.97322968,-22.60536135,146.91,3.486,-0.3714,4.6281,2.0825,0.001,0.016,-0.1576,42.701,46.394,0.46,78.3035,0.3759,1.0,1.0,1.0,-0.03,702.3,0.0,3.7,150.0,1,109.8,0.05095306929788962,0.032435275104160416,-0.03,-0.11168091373999689,0.0,1.0,0.002057453915368934,975.031618429982,3.7834523698572378,0.4099999999999966,-0.01399999999999979,7.271858287379509,1.7641356353358265e-18,0.10427076014647291,-2.2007993676500397,0.2550492388636201,2.0625,0.21259347619975302,-1.1380871217042356,landing,,,,-1.644296492913874
109.908,63.97325462,-22.60536101,146.964,3.486,-0.3708,4.6298,2.0485,0.0094,0.0137,-0.4443,42.573,46.26,0.4597,78.0765,0.5437,1.0,1.0,1.0,-0.03,701.6,0.0,3.7,150.0,1,109.908,0.051420481379152005,0.03201242248715194,-0.03,-0.11328436415510001,0.0,1.0,0.002583139767957987,977.8118541036262,3.7991397541708523,0.46399999999999864,-0.01399999999999979,7.271858287379509,1.470113029446522e-18,0.10484330679338576,-2.1815534127928133,0.3789831996878945,2.028500000000008,0.4293754666568048,-1.1423687638388635,landing,,,,-1.6600339350878812
110.025,63.97327772,-22.6053606,147.014,3.485,-0.3694,4.6313,1.9876,0.0182,0.0118,-0.6979,42.454,46.136,0.4593,77.8661,0.6782,1.0,1.0,1.0,-0.03,700.9,0.0,3.7,150.0,1,110.025,0.05167378926923882,0.03161758901504394,-0.03,-0.11428939957288298,0.0,1.0,0.003077466789436878,980.3869737759372,3.818328298822652,0.51400000000001,-0.015000000000000124,7.271858287379509,1.225094191205435e-18,0.10550370116550446,-2.1607014214465567,0.4790235173964277,1.9676000000000045,0.6545609736969292,-1.1309801504984194,landing,,,,-1.6783088095906251
110.1,63.97329367,-22.60536027,147.048,3.485,-0.3678,4.6321,1.9297,0.0248,0.0105,-0.865,42.372,46.05,0.459,77.7207,0.758,1.0,1.0,1.0,-0.03,700.5,0.0,3.7,150.0,1,110.1,0.051653816028226496,0.03134177926106982,-0.03,-0.11442396035137603,0.0,1.0,0.003424807335093205,982.1650333992544,3.8338755713752266,0.5480000000000018,-0.015000000000000124,7.271858287379509,1.0209118260045293e-18,0.10602419701879917,-2.1473478531165324,0.5387806587469584,1.9096999999999866,0.7928792663941803,-1.1275577125743366,landing,,,,-1.6928052507318299
110.208,63.97331843,-22.60535968,147.102,3.484,-0.3644,4.6332,1.8153,0.0339,0.0085,-1.1107,42.243,45.917,0.4584,77.4951,0.8591,1.0,1.0,1.0,-0.03,699.8,0.0,3.7,150.0,1,110.208,0.051316366410179004,0.030912092472639457,-0.03,-0.11374280878480669,0.0,1.0,0.0039693254429397085,984.9252075361852,3.861818392056287,0.6020000000000039,-0.016000000000000014,7.271858287379509,8.507598550037743e-19,0.10693941030141797,-2.128067944532759,0.6151470982577223,1.7952999999999975,0.9782085703171299,-1.1336383245625221,landing,,,,-1.7184943308774336
110.325,63.97334311,-22.60535904,147.155,3.484,-0.36,4.6342,1.6734,0.0424,0.0065,-1.3326,42.114,45.785,0.4575,77.2701,0.9307,1.0,1.0,1.0,-0.03,699.2,0.0,3.7,150.0,1,110.325,0.05070939295114768,0.030481911845614634,-0.03,-0.11230618090747513,0.0,1.0,0.00451869411346123,987.6764643891883,3.8922140122055406,0.6550000000000011,-0.016000000000000014,7.271858287379509,7.089665458364787e-19,0.1079246150309373,-2.107141299590461,0.6700806842127633,1.6534000000000049,1.160211330044427,-1.1308133952899386,landing,,,,-1.746432939556179
110.4,63.97335894,-22.6053586,147.189,3.484,-0.3566,4.6346,1.5691,0.0467,0.0056,-1.4607,42.03,45.699,0.4569,77.1257,0.9606,1.0,1.0,1.0,-0.03,698.8,0.0,3.7,150.0,1,110.4,0.050163333879766236,0.03019967510060914,-0.03,-0.11094758062517596,0.0,1.0,0.0048814725655251245,989.4411486847891,3.9131552643364937,0.688999999999993,-0.016000000000000014,7.271858287379509,5.908054548637322e-19,0.1085980245095218,-2.09372859450327,0.6935815959064087,1.54910000000001,1.2676922450690986,-1.129830359354481,landing,,,,-1.7657001993616817
110.517,63.97338176,-22.60535795,147.239,3.483,-0.3513,4.6342,1.4025,0.0502,-0.1043,-1.6209,41.91,45.576,0.4495,76.9177,0.982,1.0,1.0,1.0,-0.03,698.3,0.0,3.7,150.0,1,110.517,0.049195703011779224,0.02979335326384755,-0.03,-0.10845838188380141,0.0,1.0,0.005407073158715581,991.9850589753813,3.944113199477389,0.7390000000000043,-0.016999999999999904,7.271858287379509,4.923378790531101e-19,0.10959220525757825,-2.0727407649695726,0.7114493135712223,1.3824999999999932,1.4146127458017772,-1.1203586017441782,landing,,,,-1.7943993428285552
110.625,63.97340626,-22.60535725,147.29,3.483,-0.3443,4.6202,1.2053,0.063,-0.0378,-1.7665,41.779,45.444,0.4312,76.6952,0.9727,1.0,1.0,1.0,-0.03,697.8,0.0,3.7,150.0,1,110.625,0.04780138670131445,0.02935387605265824,-0.03,-0.10481175133050469,0.0,1.0,0.0059800724736371325,994.7162510406997,3.9774554475183788,0.789999999999992,-0.016999999999999904,7.271858287379509,4.1028156587759174e-19,0.11066523837214548,-2.0533270524714897,0.7066245720086499,1.1853000000000122,1.5273473281471235,-1.128777180036785,landing,,,,-1.8257159805928609
110.7,63.97342197,-22.6053568,147.322,3.483,-0.3396,4.6188,1.0701,0.0606,-0.0043,-1.8439,41.695,45.359,0.4305,76.5522,0.9514,1.0,1.0,1.0,-0.03,697.4,0.0,3.7,150.0,1,110.7,0.046799307140846125,0.029069034388741394,-0.03,-0.10216393981004124,0.0,1.0,0.006354009503199365,996.4675582991724,3.998891306500929,0.8220000000000027,-0.016999999999999904,7.271858287379509,3.4190130489799313e-19,0.1113563516490422,-2.0398420084666324,0.6920422185316681,1.0500999999999863,1.5946497231860215,-1.1279792545788954,landing,,,,-1.8460744619133465
110.817,63.97344462,-22.60535618,147.369,3.482,-0.3328,4.6188,0.866,0.0656,0.002,-1.9249,41.573,45.237,0.4292,76.3458,0.8995,1.0,1.0,1.0,-0.03,696.9,0.0,3.7,150.0,1,110.817,0.04519754842102358,0.028657721922079465,-0.03,-0.09786757229409371,0.0,1.0,0.00689759470268575,998.9925170311664,4.028386044830313,0.8689999999999998,-0.017999999999999794,7.271858287379509,2.849177540816609e-19,0.11231551460935206,-2.01874570942432,0.655022976588981,0.8460000000000036,1.6749743214247388,-1.1202297807749166,landing,,,,-1.8745742266440004
110.925,63.97346894,-22.60535557,147.419,3.482,-0.325,4.6187,0.6379,0.0676,-0.0174,-1.9805,41.44,45.105,0.4268,76.1235,0.8165,1.0,1.0,1.0,-0.03,696.4,0.0,3.7,150.0,1,110.925,0.043222209727506455,0.02820946433460733,-0.03,-0.0925364716317385,0.0,1.0,0.00749497734076221,1001.7036417442863,4.0573258617600345,0.9190000000000111,-0.017999999999999794,7.271858287379509,2.3743146173471744e-19,0.1132718207067964,-1.9992448682340578,0.5945304676599221,0.6178999999999917,1.7236177987533525,-1.1303435717482386,landing,,,,-1.9032737569329896
111.0,63.97348453,-22.60535521,147.451,3.481,-0.3203,4.6174,0.4886,0.0632,-0.0088,-1.9972,41.354,45.02,0.4236,75.9807,0.749,1.0,1.0,1.0,-0.03,696.1,0.0,3.7,150.0,1,111.0,0.04188757476941435,0.02791907205606045,-0.03,-0.08888863858329865,0.0,1.0,0.007884802261069412,1003.441570255427,4.074356954693616,0.9509999999999934,-0.019000000000000128,7.271858287379509,1.9785955144559786e-19,0.11384369600931762,-1.9857084788627732,0.5447901224243026,0.46860000000000923,1.7458356652627038,-1.13182748946809,landing,,,,-1.9205724051414208
111.117,63.97350701,-22.60535475,147.496,3.481,-0.3132,4.6171,0.2723,0.0669,0.0004,-1.9898,41.23,44.897,0.4217,75.7743,0.6346,1.0,1.0,1.0,-0.03,695.6,0.0,3.7,150.0,1,111.117,0.0398294642404024,0.02749649388063033,-0.03,-0.0832812094494767,0.0,1.0,0.008456128675816466,1005.9475752047656,4.096019311684715,0.9960000000000093,-0.019000000000000128,7.271858287379509,1.6488295953799822e-19,0.11458901326125598,-1.9645573012436406,0.4598335535775675,0.2522999999999911,1.7549284879791296,-1.1252821776827218,landing,,,,-1.9432708935765177
111.233,63.97353115,-22.60535434,147.545,3.48,-0.3055,4.6172,0.0417,0.0645,0.001,-1.9531,41.096,44.764,0.4196,75.5517,0.4906,1.0,1.0,1.0,-0.03,695.1,0.0,3.7,150.0,1,111.233,0.03748857019634566,0.027036487010349414,-0.03,-0.07690753737956679,0.0,1.0,0.00908364088067537,1008.6386306852552,4.115167387103397,1.0449999999999875,-0.020000000000000018,7.271858287379509,1.374024662816652e-19,0.11527616032301785,-1.9435889784146951,0.3520487341724561,0.021700000000009823,1.7370885175185728,-1.1279994718745752,landing,,,,-1.9643519629509925
111.308,63.97355178,-22.60535409,147.587,3.48,-0.2991,4.6173,359.8487,0.0585,0.001,-1.8947,40.98,44.651,0.4178,75.3608,0.3526,1.0,1.0,1.0,-0.03,694.6,0.0,3.7,150.0,1,111.308,0.035439678783763806,0.026643212180822412,-0.03,-0.07132848176902018,0.0,1.0,0.009624845539702942,1010.9384000772123,4.126613049856116,1.086999999999989,-0.020000000000000018,7.271858287379509,1.14502055234721e-19,0.11572690217535389,-1.9300504883055063,0.24807497316834315,-0.1712999999999738,1.7112128536371845,-1.1660601259465777,landing,,,,-1.9782608100313581
111.408,63.97357236,-22.60535392,147.629,3.479,-0.2936,4.6174,359.6632,0.0541,0.0012,-1.8027,40.864,44.537,0.4158,75.1695,0.2044,1.0,1.0,1.0,-0.03,694.2,0.0,3.7,150.0,1,111.408,0.03336234561802476,0.026244246986543568,-0.03,-0.06558978775422108,0.0,1.0,0.010178435696223176,1013.232594263618,4.134141159820313,1.1289999999999907,-0.020999999999999908,7.271858287379509,9.541837936226749e-20,0.11606835530848249,-1.912010151146974,0.13579761031166981,-0.3568000000000211,1.6584207251008134,-1.1655092054059855,landing,,,,-1.9888397733206489
111.508,63.97359289,-22.60535385,147.67,3.479,-0.2885,4.6176,359.488,0.0489,0.0013,-1.6883,40.748,44.423,0.4138,74.9782,0.0479,1.0,1.0,1.0,-0.03,693.7,0.0,3.7,150.0,1,111.508,0.031288478310370904,0.02584312456089352,-0.03,-0.05984806759008998,0.0,1.0,0.010739748876352984,1015.5212129032232,4.136771842520035,1.1699999999999875,-0.020999999999999908,7.271858287379509,7.951531613522291e-20,0.11627260657256272,-1.894009523319229,0.016603538966109,-0.5319999999999254,1.5886365178498167,-1.1650083685509016,landing,,,,-1.9951854590183729
111.6,63.97361166,-22.60535387,147.708,3.479,-0.2838,4.6129,359.3386,0.1091,-0.0755,-1.5555,40.641,44.32,0.4047,74.8029,-0.0996,1.0,1.0,1.0,-0.03,693.3,0.0,3.7,150.0,1,111.6,0.029405229289334034,0.025478906034581555,-0.03,-0.05466925466375727,0.0,1.0,0.011253620227351435,1017.6136309441989,4.1350615762124345,1.2079999999999984,-0.020999999999999908,7.271858287379509,6.62627634460191e-20,0.11634395825504981,-1.8774975832882523,-0.09628923834611669,-0.6813999999999396,1.511332261885605,-1.1648297421608995,landing,,,,-1.9974053114373547
111.708,63.97362868,-22.60535396,147.741,3.478,-0.2791,4.6097,359.2133,0.0375,-0.0104,-1.4359,40.545,44.226,0.3992,74.6439,-0.2368,1.0,1.0,1.0,-0.03,692.9,0.0,3.7,150.0,1,111.708,0.027634138515911955,0.02514506397580582,-0.03,-0.049853268451794275,0.0,1.0,0.011728219676402862,1019.5109634944796,4.129989846072409,1.2410000000000139,-0.021999999999999797,7.271858287379509,5.521896953834924e-20,0.11630962778667553,-1.8581771521874528,-0.20176428447106787,-0.806699999999978,1.407886273457239,-1.1397442100452562,landing,,,,-1.996337041561354
111.817,63.97365246,-22.60535421,147.788,3.478,-0.2751,4.6095,359.0556,0.029,0.0025,-1.2487,40.41,44.094,0.3969,74.4212,-0.4306,1.0,1.0,1.0,-0.03,692.4,0.0,3.7,150.0,1,111.817,0.025443303189086774,0.024674008005942855,-0.03,-0.04370870468481214,0.0,1.0,0.012403854012571824,1022.1618760615942,4.116816069241403,1.288000000000011,-0.021999999999999797,7.271858287379509,4.6015807948624367e-20,0.11608988936680391,-1.8387719772601911,-0.3515088623767042,-0.9643999999999551,1.287420713076566,-1.1487249282313101,landing,,,,-1.989508174971192
111.933,63.97367447,-22.60535456,147.831,3.477,-0.2726,4.6099,358.9296,0.0171,0.0039,-1.0581,40.286,43.972,0.3947,74.2147,-0.6081,1.0,1.0,1.0,-0.03,691.9,0.0,3.7,150.0,1,111.933,0.023504372394467343,0.024236381672903623,-0.03,-0.038171332989226925,0.0,1.0,0.013037953365008181,1024.6154730915814,4.098811795379542,1.3309999999999889,-0.02300000000000013,7.271858287379509,3.8346506623853635e-20,0.11572193167214091,-1.8182383148741477,-0.48945933648232653,-1.090400000000045,1.1460002328048557,-1.1414740726867556,landing,,,,-1.9781070837398147
112.008,63.97368968,-22.60535488,147.86,3.477,-0.2714,4.6102,358.8547,0.0075,0.0042,-0.9203,40.2,43.889,0.3933,74.072,-0.728,1.0,1.0,1.0,-0.03,691.5,0.0,3.7,150.0,1,112.008,0.022275048995724134,0.023937461372577545,-0.03,-0.03462563772531857,0.0,1.0,0.01347471073755091,1026.311028812351,4.0825419396682445,1.3600000000000136,-0.02300000000000013,7.271858287379509,3.1955422186544696e-20,0.11535896780881987,-1.805040796501303,-0.5831005579466648,-1.165300000000002,1.0500077310588338,-1.1419461266849433,landing,,,,-1.9669024248593914
112.125,63.97371327,-22.60535548,147.906,3.477,-0.2711,4.6107,358.7597,-0.0019,0.0049,-0.6897,40.067,43.759,0.3911,73.8506,-0.9064,1.0,1.0,1.0,-0.03,690.9,0.0,3.7,150.0,1,112.125,0.020558595310002203,0.023467415326374835,-0.03,-0.02952646552092142,0.0,1.0,0.014167618441368046,1028.9407548132597,4.052227751451022,1.406000000000006,-0.02300000000000013,7.271858287379509,2.6629518488787245e-20,0.11465108413326713,-1.7845869605513547,-0.72318030068854,-1.2602999999999156,0.8902675406054493,-1.1414739457819592,landing,,,,-1.9451690922663332
112.2,63.9737284,-22.60535593,147.935,3.476,-0.2714,4.6111,358.7128,-0.0118,0.0054,-0.5415,39.982,43.675,0.3897,73.7087,-1.0148,1.0,1.0,1.0,-0.03,690.6,0.0,3.7,150.0,1,112.2,0.019581942729877677,0.02316253503614127,-0.03,-0.026576159537925914,0.0,1.0,0.014621136133927237,1030.627390171734,4.029591824056523,1.4350000000000023,-0.02400000000000002,7.271858287379509,2.2191265407322704e-20,0.11410567600065012,-1.771567567449927,-0.8087818365324324,-1.3071999999999662,0.785550534050907,-1.1407338901048085,landing,,,,-1.9285311497424829
112.308,63.97375188,-22.60535672,147.981,3.476,-0.2733,4.6118,358.6627,-0.0213,0.0063,-0.3001,39.85,43.546,0.3876,73.4888,-1.1706,1.0,1.0,1.0,-0.03,690.0,0.0,3.7,150.0,1,112.308,0.018337149300755806,0.022692642420621162,-0.03,-0.02264498839928386,0.0,1.0,0.01532657198223969,1033.2448504825848,3.989973107936554,1.4809999999999945,-0.02400000000000002,7.271858287379509,1.8492721172768918e-20,0.11313014465091507,-1.7529718685848077,-0.9325848799988705,-1.3573000000000093,0.6304781882831504,-1.1481419202972947,landing,,,,-1.899003969934789
112.425,63.97377529,-22.60535763,148.026,3.475,-0.2766,4.6101,358.6407,-0.0604,-0.0354,-0.0592,39.72,43.418,0.383,73.2702,-1.3084,1.0,1.0,1.0,-0.03,689.5,0.0,3.7,150.0,1,112.425,0.017338533331715533,0.022224483470879658,-0.03,-0.01928936239610013,0.0,1.0,0.016037399042746148,1035.8545053688467,3.9444778681571955,1.5260000000000105,-0.02499999999999991,7.271858287379509,1.5410600977307432e-20,0.11198481330862634,-1.7330330551402193,-1.0430329805607528,-1.3793000000000575,0.4617234934802449,-1.144775483098561,landing,,,,-1.8647157980103017
112.5,63.9737903,-22.60535826,148.054,3.475,-0.2798,4.609,358.6412,-0.0417,-0.0003,0.0915,39.637,43.337,0.3788,73.1307,-1.3863,1.0,1.0,1.0,-0.03,689.1,0.0,3.7,150.0,1,112.5,0.01687585663478286,0.02192730028099929,-0.03,-0.017541844249243876,0.0,1.0,0.016492874940013447,1037.527760440014,3.9130277393123674,1.554000000000002,-0.02499999999999991,7.271858287379509,1.2842167481089526e-20,0.11118412084329946,-1.7203616634391208,-1.1059957167251753,-1.3787999999999556,0.3548505672791423,-1.1413110452411104,landing,,,,-1.840987145182055
112.617,63.97381359,-22.6053593,148.098,3.474,-0.2851,4.6096,358.6646,-0.0496,0.0087,0.3243,39.509,43.21,0.3772,72.9144,-1.489,1.0,1.0,1.0,-0.03,688.5,0.0,3.7,150.0,1,112.617,0.016389616195518097,0.021459990508913757,-0.03,-0.01548144303757304,0.0,1.0,0.017215946460526654,1040.1240358948621,3.8611679843586266,1.5980000000000132,-0.0259999999999998,7.271858287379509,1.0701806234241272e-20,0.10985202781199314,-1.7007995656977042,-1.1898863237832416,-1.3553999999999178,0.19211701564197983,-1.1370115951298325,landing,,,,-1.8019497458954419
112.733,63.97383516,-22.60536033,148.139,3.474,-0.2909,4.6107,358.71,-0.0584,0.01,0.5291,39.392,43.092,0.3758,72.715,-1.563,1.0,1.0,1.0,-0.03,688.0,0.0,3.7,150.0,1,112.733,0.016182337840895233,0.02102441126470253,-0.03,-0.014192456125207809,0.0,1.0,0.017897663252941343,1042.528571530404,3.80986509661525,1.63900000000001,-0.0259999999999998,7.271858287379509,8.918171861867727e-21,0.10852201349918249,-1.6816345871444347,-1.2513761274064166,-1.3099999999999454,0.037928458260539644,-1.1253396946321343,landing,,,,-1.7635184591799415
112.808,63.97385171,-22.60536115,148.17,3.474,-0.2958,4.6115,358.7597,-0.0018,-0.008,0.6794,39.302,43.002,0.3792,72.5623,-1.605,1.0,1.0,1.0,-0.03,687.6,0.0,3.7,150.0,1,112.808,0.01626136936142103,0.0206913593328448,-0.03,-0.013858308719596368,0.0,1.0,0.01842409471086609,1044.3734975294963,3.769046233699031,1.6699999999999875,-0.0259999999999998,7.271858287379509,7.431809884889772e-21,0.10745787265190446,-1.6693711602276804,-1.2871143764563158,-1.2602999999999156,-0.05687850517641166,-1.132126995120122,landing,,,,-1.7331600749743643
112.925,63.97387317,-22.60536224,148.211,3.473,-0.3007,4.6111,358.8425,-0.0683,-0.0123,0.8599,39.186,42.886,0.3672,72.3655,-1.6397,1.0,1.0,1.0,-0.03,687.1,0.0,3.7,150.0,1,112.925,0.016442419419239573,0.020261117295975878,-0.03,-0.013827092488904458,0.0,1.0,0.019110970721688714,1046.7657696974525,3.7148080025802344,1.7110000000000127,-0.027000000000000135,7.271858287379509,6.19317490407481e-21,0.10603773791419933,-1.6504541973668327,-1.3180193136292075,-1.177500000000009,-0.19398052666583723,-1.1193384493322083,landing,,,,-1.6931834763753884
113.025,63.97389458,-22.60536335,148.25,3.473,-0.31,4.6105,358.9439,-0.0791,0.0003,1.023,39.071,42.771,0.3663,72.1696,-1.652,1.0,1.0,1.0,-0.03,686.5,0.0,3.7,150.0,1,113.025,0.017086313941961584,0.019833596377248103,-0.03,-0.014659612244613651,0.0,1.0,0.019801330253302274,1049.1524676867718,3.659591842621852,1.75,-0.027000000000000135,7.271858287379509,5.160979086729008e-21,0.10458597527308787,-1.6344940858483,-1.3313014488885813,-1.0760999999999967,-0.2996507213991875,-1.1221258630292732,landing,,,,-1.6529485148600003
113.117,63.97391264,-22.60536429,148.284,3.473,-0.3171,4.6106,359.0429,-0.0774,-0.0457,1.1451,38.975,42.673,0.3625,72.0048,-1.6448,1.0,1.0,1.0,-0.03,686.1,0.0,3.7,150.0,1,113.117,0.017747254943861757,0.01946857736176874,-0.03,-0.015798700376811525,0.0,1.0,0.020397113391654287,1051.1657215092905,3.612834974115806,1.7839999999999918,-0.027000000000000135,7.271858287379509,4.300815905607507e-21,0.10335351945851748,-1.6199731135281816,-1.3285754256377231,-0.977100000000064,-0.38678713476231974,-1.1149760810147522,landing,,,,-1.619289924240654
113.217,63.97393231,-22.6053653,148.32,3.472,-0.3248,4.6041,359.1628,-0.0788,-0.0255,1.2604,38.871,42.567,0.3538,71.8262,-1.6192,1.0,1.0,1.0,-0.03,685.6,0.0,3.7,150.0,1,113.217,0.018641098439271142,0.019073120797477777,-0.03,-0.017561160202375192,0.0,1.0,0.021049365542609,1053.358451683531,3.5625858951980334,1.8199999999999932,-0.028000000000000025,7.271858287379509,3.5840132546729225e-21,0.10202773223712544,-1.6043704299260426,-1.3114175489808417,-0.8571999999999207,-0.468639263414684,-1.1081600736497794,landing,,,,-1.583590227429859
113.308,63.97395192,-22.60536629,148.355,3.472,-0.3328,4.6038,359.2935,-0.0808,0.0098,1.3559,38.767,42.461,0.3527,71.6482,-1.5751,1.0,1.0,1.0,-0.03,685.2,0.0,3.7,150.0,1,113.308,0.0197330728817805,0.018677083698725422,-0.03,-0.019879841211731364,0.0,1.0,0.021709848907948526,1055.5444935949456,3.5133190255195776,1.8549999999999898,-0.028000000000000025,7.271858287379509,2.9866777122274353e-21,0.10072685842708075,-1.590337695505068,-1.2793763440326131,-0.7264999999999873,-0.5304861461176148,-1.1113143526686204,landing,,,,-1.5490697790219627
113.4,63.97397148,-22.60536725,148.39,3.471,-0.3409,4.605,359.4326,-0.0802,0.014,1.4282,38.664,42.355,0.3524,71.4706,-1.5138,1.0,1.0,1.0,-0.03,684.7,0.0,3.7,150.0,1,113.4,0.020969329411250126,0.018280554944695687,-0.03,-0.022619431679273938,0.0,1.0,0.02237865745910378,1057.7249621836172,3.4655239132774818,1.8899999999999864,-0.028999999999999915,7.271858287379509,2.4888980935228628e-21,0.09946509915022965,-1.5763098707836982,-1.2333854222191007,-0.5874000000000024,-0.5796464735733323,-1.1120644312797765,landing,,,,-1.5160652614096009
113.517,63.97398938,-22.60536809,148.423,3.471,-0.3481,4.6064,359.5656,-0.0783,0.0144,1.4732,38.57,42.258,0.3521,71.308,-1.4436,1.0,1.0,1.0,-0.03,684.3,0.0,3.7,150.0,1,113.517,0.022160909937117723,0.017917340337043147,-0.03,-0.025334450156711874,0.0,1.0,0.022998056435776293,1059.7203814374884,3.423672643708099,1.9230000000000018,-0.028999999999999915,7.271858287379509,2.0740817446023858e-21,0.09836223485543207,-1.5586538808095578,-1.1797701579073419,-0.45439999999996417,-0.6260294098325163,-1.084005737837877,landing,,,,-1.4876001040791138
113.633,63.97401209,-22.60536909,148.464,3.47,-0.3571,4.6081,359.7397,-0.0761,0.0145,1.5083,38.451,42.134,0.3518,71.1015,-1.3362,1.0,1.0,1.0,-0.03,683.7,0.0,3.7,150.0,1,113.633,0.023854652096111095,0.017452649655738867,-0.03,-0.02934477324882845,0.0,1.0,0.023800252042103065,1062.252001068255,3.3737952072596937,1.9639999999999986,-0.029999999999999805,7.271858287379509,1.7284014538353214e-21,0.09705245921770421,-1.5413690005345073,-1.096624399280472,-0.2802999999998974,-0.6512822686784472,-1.0787199497585716,landing,,,,-1.4542556341798019
113.708,63.97402665,-22.60536969,148.49,3.47,-0.3628,4.6092,359.8532,-0.0706,0.0145,1.5172,38.375,42.055,0.3517,70.9689,-1.2576,1.0,1.0,1.0,-0.03,683.4,0.0,3.7,150.0,1,113.708,0.02499802572038823,0.017156441226282987,-0.03,-0.032101303307112694,0.0,1.0,0.024317472684309727,1063.8750921199462,3.3438324009413334,1.990000000000009,-0.029999999999999805,7.271858287379509,1.4403345448627677e-21,0.09626898438568735,-1.530295404204244,-1.0352000612540166,-0.16679999999996653,-0.6589076516633566,-1.072775711901729,landing,,,,-1.4345477115003433
113.825,63.97404926,-22.60537055,148.531,3.47,-0.3708,4.6109,0.0296,-0.0667,0.0145,1.5005,38.256,41.931,0.3515,70.7623,-1.1233,1.0,1.0,1.0,-0.03,682.8,0.0,3.7,150.0,1,113.825,0.02683042626841209,0.016691374352378746,-0.03,-0.03666220416053223,0.0,1.0,0.02513907194757431,1066.3955664710127,3.3008179777913655,2.031000000000006,-0.029999999999999805,7.271858287379509,1.2002787873856397e-21,0.09515110854841681,-1.513194572427682,-0.9294524038305951,0.009600000000006048,-0.6500752321388943,-1.0677137396464786,landing,,,,-1.406734538127246
113.9,63.97406375,-22.60537105,148.558,3.469,-0.3758,4.6118,0.1415,-0.0594,-0.0082,1.4769,38.18,41.851,0.3502,70.6295,-1.0298,1.0,1.0,1.0,-0.03,682.5,0.0,3.7,150.0,1,113.9,0.028029722261025736,0.016391309662656534,-0.03,-0.039682795941659466,0.0,1.0,0.02567552877147905,1068.0108558613556,3.275757268264208,2.0579999999999927,-0.03100000000000014,7.271858287379509,1.0002323228213663e-21,0.09450549945147001,-1.5023236735377523,-0.855331033102857,0.1214999999999975,-0.6360871678978522,-1.0627700663452808,landing,,,,-1.390834871701017
114.017,63.97408786,-22.60537178,148.601,3.469,-0.3846,4.6103,0.3223,-0.0558,0.0037,1.4075,38.054,41.719,0.3468,70.408,-0.8659,1.0,1.0,1.0,-0.03,681.9,0.0,3.7,150.0,1,114.017,0.030080875242784855,0.015896299212272952,-0.03,-0.04483573257781637,0.0,1.0,0.026571779738086665,1070.6985475430886,3.2390536607293168,2.100999999999999,-0.03100000000000014,7.271858287379509,8.3352693568447195e-22,0.09357323827332382,-1.4855165423329777,-0.7246062157326492,0.30230000000000246,-0.5932758480334507,-1.0640567036705413,landing,,,,-1.3680856054829604
114.133,63.97410868,-22.60537231,148.639,3.469,-0.39,4.6113,0.471,-0.0446,0.0129,1.3246,37.944,41.604,0.3467,70.2157,-0.7166,1.0,1.0,1.0,-0.03,681.4,0.0,3.7,150.0,1,114.133,0.031789811543765256,0.01546527235191894,-0.03,-0.04937334453203601,0.0,1.0,0.027364004881093973,1073.0194841759485,3.212276821683666,2.13900000000001,-0.03100000000000014,7.271858287379509,6.946057797370599e-22,0.09290840658115587,-1.4689951698725427,-0.6047229351972305,0.4509999999999934,-0.5340778481962636,-1.0535311726158523,landing,,,,-1.3520130323012438
114.208,63.97412466,-22.60537265,148.668,3.468,-0.3936,4.6124,0.5786,-0.0361,0.0132,1.2465,37.86,41.515,0.3467,70.0674,-0.5994,1.0,1.0,1.0,-0.03,681.0,0.0,3.7,150.0,1,114.208,0.03303388652835759,0.015131933578530016,-0.03,-0.05272693946347207,0.0,1.0,0.027984496290047844,1074.8008766433334,3.1949971286991263,2.1680000000000064,-0.03200000000000003,7.271858287379509,5.788381497808832e-22,0.09249180128335319,-1.4583857968516094,-0.5101316805959186,0.5586000000000126,-0.4881772643347889,-1.0595737932871385,landing,,,,-1.342005155995281
114.325,63.97414698,-22.60537302,148.708,3.468,-0.3973,4.614,0.717,-0.0284,0.0123,1.1128,37.742,41.391,0.3468,69.8591,-0.4348,1.0,1.0,1.0,-0.03,680.5,0.0,3.7,150.0,1,114.325,0.03470369150097885,0.014667984195805478,-0.03,-0.05737850619356577,0.0,1.0,0.028859866096870856,1077.289031119921,3.176000917243158,2.2079999999999984,-0.03200000000000003,7.271858287379509,4.823651248174027e-22,0.09205761214732519,-1.4419273516226505,-0.37660183511957257,0.6970000000000027,-0.4009165903420683,-1.0549349946743976,landing,,,,-1.331626955293416
114.408,63.97416129,-22.60537319,148.734,3.468,-0.3993,4.6149,0.7975,-0.0189,0.0117,1.0187,37.667,41.311,0.3468,69.725,-0.3299,1.0,1.0,1.0,-0.03,680.1,0.0,3.7,150.0,1,114.408,0.03573446860209806,0.014369030622926687,-0.03,-0.0602939653527903,0.0,1.0,0.029431408385391877,1078.8842603409216,3.1671151421604904,2.234000000000009,-0.03200000000000003,7.271858287379509,4.019709373478356e-22,0.0918741984110778,-1.430312460815042,-0.29108980442953225,0.7775000000000034,-0.33305648264223014,-1.041178582234115,landing,,,,-1.3272588462282187
114.517,63.9741835,-22.60537337,148.775,3.467,-0.4067,4.6145,0.9074,-0.056,0.0377,0.8534,37.548,41.187,0.3528,69.5156,-0.1708,1.0,1.0,1.0,-0.03,679.6,0.0,3.7,150.0,1,114.517,0.03735932093151639,0.013906353731609505,-0.03,-0.06440102392689706,0.0,1.0,0.030327950758768818,1081.3601556262254,3.1574320195802383,2.2750000000000057,-0.03299999999999992,7.271858287379509,3.349757811231963e-22,0.0917082633431448,-1.4151194581696787,-0.1607755877590762,0.8874000000000137,-0.23269956698143326,-1.0457753583279326,landing,,,,-1.323315143492053
114.6,63.97419774,-22.60537343,148.801,3.457,-0.407,4.6203,0.9681,0.0135,0.0349,0.7455,37.472,41.107,0.3457,69.3812,-0.0729,1.0,1.0,1.0,-0.03,679.3,0.0,3.7,150.0,1,114.6,0.0382003078471978,0.013608378646586233,-0.03,-0.06695540826918356,0.0,1.0,0.030913311972662505,1082.9475833568986,3.1539382786136425,2.3009999999999877,-0.04300000000000015,7.271858287379509,2.7914648426933024e-22,0.09168056438033703,-1.4035948074918414,-0.0802016221888664,0.9481000000000108,-0.152075860575488,-1.0339469303528872,landing,,,,-1.3226575875705322
114.708,63.97421984,-22.60537342,148.841,3.467,-0.4052,4.6216,1.045,0.0185,-0.0002,0.5589,37.354,40.983,0.3457,69.1711,0.0723,1.0,1.0,1.0,-0.03,678.7,0.0,3.7,150.0,1,114.708,0.039240172638346116,0.013147467115235484,-0.03,-0.07038318751941619,0.0,1.0,0.0318315256100245,1085.411219450127,3.153568244735325,2.341000000000008,-0.03299999999999992,7.271858287379509,2.3262207022444186e-22,0.09178453014409652,-1.3886291369293078,0.039887486973924524,1.0250000000000057,-0.03973344128126785,-1.0392783541928585,landing,,,,-1.3251267817380352
114.825,63.9742403,-22.60537333,148.879,3.467,-0.3945,4.6179,1.0967,0.1938,-0.0946,0.3794,37.243,40.867,0.354,68.9749,0.1986,1.0,1.0,1.0,-0.03,678.2,0.0,3.7,150.0,1,114.825,0.03976091260134629,0.012717484048407862,-0.03,-0.07327928441722609,0.0,1.0,0.032702649528217664,1087.6920350594287,3.1571815259756977,2.3789999999999907,-0.03299999999999992,7.271858287379509,1.938517251870349e-22,0.09199628154308827,-1.3724499183547416,0.14497175590057054,1.0766999999999882,0.08670533998172641,-1.0310455900587703,landing,,,,-1.3301652776595105
114.9,63.97425599,-22.6053732,148.908,3.466,-0.3904,4.6147,1.1233,0.0058,0.0022,0.2418,37.158,40.778,0.3443,68.825,0.2836,1.0,1.0,1.0,-0.03,677.9,0.0,3.7,150.0,1,114.9,0.04016689909572163,0.012388465139341526,-0.03,-0.07503276043750517,0.0,1.0,0.03337907714928334,1089.4411073110857,3.1629401700351436,2.407999999999987,-0.03399999999999981,7.271858287379509,1.6154310432252908e-22,0.0922461356018463,-1.3621003333887158,0.2160914072615867,1.1032999999999902,0.16880254993186583,-1.0403444758110003,landing,,,,-1.336126614400861
115.017,63.97427635,-22.60537297,148.945,3.466,-0.3892,4.6161,1.1403,0.0171,0.0156,0.0581,37.047,40.662,0.3444,68.629,0.3829,1.0,1.0,1.0,-0.03,677.4,0.0,3.7,150.0,1,115.017,0.04077711015412844,0.01196091100822469,-0.03,-0.07707674887815807,0.0,1.0,0.03427135910345175,1091.7107776406879,3.1734164643998937,2.444999999999993,-0.03399999999999981,7.271858287379509,1.3461925360210756e-22,0.09265872199976764,-1.3459470716145283,0.29966553997854817,1.120299999999986,0.2979026600976506,-1.0320147915298243,landing,,,,-1.346009115501971
115.133,63.97429821,-22.60537266,148.986,3.465,-0.3865,4.6174,1.1366,0.0305,-0.0286,-0.1355,36.926,40.537,0.342,68.4177,0.4724,1.0,1.0,1.0,-0.03,676.9,0.0,3.7,150.0,1,115.133,0.04115237840815339,0.011501977692295856,-0.03,-0.0785724838074382,0.0,1.0,0.03524653490421209,1094.1476644474383,3.187753888102944,2.48599999999999,-0.03500000000000014,7.271858287379509,1.1218271133508962e-22,0.09319308375116232,-1.329932345222484,0.37560078941353936,1.1166000000000054,0.42397258924051806,-1.033022851234006,landing,,,,-1.3588798876883388
115.208,63.97431223,-22.60537243,149.011,3.465,-0.3819,4.614,1.1225,0.1021,-0.0443,-0.2558,36.848,40.457,0.3392,68.282,0.5196,1.0,1.0,1.0,-0.03,676.6,0.0,3.7,150.0,1,115.208,0.04117866340780796,0.011209329090952819,-0.03,-0.07920898219847072,0.0,1.0,0.035878183367524796,1095.7105722555686,3.1984768893123627,2.5109999999999957,-0.03500000000000014,7.271858287379509,9.348559277924135e-23,0.09358119442051815,-1.3195889247778885,0.4159906331730099,1.102499999999992,0.5034802948212166,-1.03365713748546,landing,,,,-1.3682787073734772
115.325,63.97433397,-22.60537203,149.05,3.465,-0.3754,4.6124,1.0825,0.0489,0.0015,-0.4398,36.727,40.332,0.3352,68.0708,0.575,1.0,1.0,1.0,-0.03,676.1,0.0,3.7,150.0,1,115.325,0.04107391630926788,0.010753886514113992,-0.03,-0.07966543801658621,0.0,1.0,0.03687706830368992,1098.1340833925622,3.217228417944054,2.5500000000000114,-0.03500000000000014,7.271858287379509,7.79046606493678e-23,0.09424646253101787,-1.303415691855125,0.4639709489798918,1.0625,0.6219020753718129,-1.0337054008220559,landing,,,,-1.384488951370109
115.4,63.97434792,-22.60537176,149.075,3.464,-0.3716,4.6126,1.0458,0.0538,0.0031,-0.551,36.648,40.252,0.3349,67.9348,0.5997,1.0,1.0,1.0,-0.03,675.8,0.0,3.7,150.0,1,115.4,0.04091108021971118,0.010463653229503017,-0.03,-0.07961487417476143,0.0,1.0,0.03752408270653318,1099.6891885124298,3.229913892169801,2.5749999999999886,-0.03600000000000003,7.271858287379509,6.492055054113982e-23,0.09469336434589191,-1.2930551502995449,0.4857700397107294,1.0258000000000038,0.6941728098065273,-1.0354897583230696,landing,,,,-1.395449195426906
115.508,63.97436956,-22.60537132,149.114,3.464,-0.3649,4.6129,0.9726,0.0605,0.0012,-0.7131,36.525,40.126,0.3341,67.7229,0.6201,1.0,1.0,1.0,-0.03,675.3,0.0,3.7,150.0,1,115.508,0.040430336683822954,0.010008671722097268,-0.03,-0.07892130272805997,0.0,1.0,0.03855553120959493,1102.1015526595197,3.2506290613734246,2.6140000000000043,-0.03600000000000003,7.271858287379509,5.410045878428319e-23,0.09541846505936563,-1.2780949575320564,0.5046101393062088,0.9525999999999897,0.7895565434606068,-1.0448896792836122,landing,,,,-1.413353788768923
115.625,63.97439112,-22.60537087,149.153,3.463,-0.3576,4.613,0.8814,0.0652,-0.0009,-0.8578,36.401,40.001,0.3332,67.5107,0.6187,1.0,1.0,1.0,-0.03,674.9,0.0,3.7,150.0,1,115.625,0.0397484252730258,0.009560076286804414,-0.03,-0.07767398545566417,0.0,1.0,0.03959399438556882,1104.5049988386,3.2718372807457676,2.6529999999999916,-0.03699999999999992,7.271858287379509,4.508371565356932e-23,0.09615941119161021,-1.2618597360882624,0.5050709356069092,0.8614000000000033,0.8811025319021215,-1.0462478047877364,landing,,,,-1.431805587567439
115.7,63.97440496,-22.60537059,149.178,3.463,-0.3527,4.6108,0.8143,0.0656,-0.058,-0.9392,36.321,39.92,0.331,67.3741,0.6069,1.0,1.0,1.0,-0.03,674.6,0.0,3.7,150.0,1,115.7,0.039199951360009866,0.009270966694603117,-0.03,-0.07655579324032247,0.0,1.0,0.0402751181018306,1106.0478416888175,3.2850169726958374,2.6779999999999973,-0.03699999999999992,7.271858287379509,3.75697630446411e-23,0.09662323016289838,-1.251458344485824,0.49610141159396903,0.7942999999999927,0.9340667629128571,-1.0481040649585511,landing,,,,-1.443436604659695
115.825,63.97442641,-22.60537016,149.216,3.463,-0.3439,4.6068,0.6985,0.0694,-0.0098,-1.0505,36.196,39.794,0.3247,67.1617,0.5708,1.0,1.0,1.0,-0.03,674.1,0.0,3.7,150.0,1,115.825,0.038160004323161356,0.00882387609071486,-0.03,-0.074381784686261,0.0,1.0,0.041347646426389495,1108.4390250843942,3.305249597992235,2.716000000000008,-0.03699999999999992,7.271858287379509,3.130813587053425e-23,0.0973378231030902,-1.2340767068292469,0.46693888859130084,0.6785000000000139,1.0072034283764482,-1.0437309681441373,landing,,,,-1.461477981327306
115.9,63.97444017,-22.6053699,149.24,3.462,-0.3386,4.6063,0.6176,0.0676,-0.0047,-1.1118,36.115,39.712,0.3239,67.0248,0.5372,1.0,1.0,1.0,-0.03,673.8,0.0,3.7,150.0,1,115.9,0.03740552550766213,0.008534730966752585,-0.03,-0.0726788102771363,0.0,1.0,0.04205425248619726,1109.9729494535409,3.317452528310478,2.740000000000009,-0.03799999999999981,7.271858287379509,2.6090113225445206e-23,0.09777427945146429,-1.2236584441033136,0.43921261532329936,0.5975999999999999,1.0444694026636263,-1.047028152858298,landing,,,,-1.47257010795429
116.017,63.97446152,-22.60536954,149.278,3.462,-0.3308,4.5983,0.484,0.0697,-0.0612,-1.1816,35.988,39.586,0.312,66.8119,0.4705,1.0,1.0,1.0,-0.03,673.4,0.0,3.7,150.0,1,116.017,0.036104783710016186,0.008093400159853464,-0.03,-0.06959185219669572,0.0,1.0,0.043153443397402236,1112.3529839779897,3.3342594837793125,2.7779999999999916,-0.03799999999999981,7.271858287379509,2.1741761021204337e-23,0.09839008164808938,-1.2073745366184856,0.38347930003510555,0.46399999999999864,1.0865371106524582,-1.0505228740048345,landing,,,,-1.4883144566894018
116.125,63.9744828,-22.60536923,149.314,3.462,-0.323,4.5951,0.3429,0.0643,-0.0104,-1.2342,35.86,39.459,0.3091,66.5986,0.3863,1.0,1.0,1.0,-0.03,673.0,0.0,3.7,150.0,1,116.125,0.034647417992360874,0.0076524148907809175,-0.03,-0.06603492411399481,0.0,1.0,0.04427807504306902,1114.7252142757848,3.348619476862562,2.813999999999993,-0.03799999999999981,7.271858287379509,1.8118134184336947e-23,0.09893470174814165,-1.1923430404978592,0.3123359861324104,0.3229000000000042,1.109675709857413,-1.0627649022939534,landing,,,,-1.5023311355873332
116.2,63.97449644,-22.60536907,149.337,3.461,-0.3182,4.5945,0.2496,0.0589,-0.0079,-1.2527,35.778,39.378,0.3082,66.461,0.3246,1.0,1.0,1.0,-0.03,672.7,0.0,3.7,150.0,1,116.2,0.03365630515471757,0.0073732866424061905,-0.03,-0.06356415521064851,0.0,1.0,0.04500426060964002,1116.2457597265795,3.355927703981028,2.836999999999989,-0.039000000000000146,7.271858287379509,1.5098445153614123e-23,0.09922842512951187,-1.1819200510119008,0.25983422083311325,0.2296000000000049,1.1185731420334832,-1.0655438505702577,landing,,,,-1.5099266229625599
116.308,63.9745161,-22.60536889,149.37,3.461,-0.312,4.5936,0.1135,0.0559,-0.0079,-1.2574,35.658,39.259,0.3067,66.2614,0.2264,1.0,1.0,1.0,-0.03,672.2,0.0,3.7,150.0,1,116.308,0.032167831811309444,0.0069663752280837155,-0.03,-0.059746109900512434,0.0,1.0,0.046083892372704216,1118.4373954847674,3.3639815508021464,2.8700000000000045,-0.039000000000000146,7.271858287379509,1.2582037628011769e-23,0.09957918731552656,-1.1669105865981806,0.17576577016586725,0.09350000000000591,1.116590552099522,-1.0696863288012384,landing,,,,-1.5190302531251092
116.417,63.9745357,-22.60536878,149.403,3.461,-0.3063,4.5928,359.9777,0.0498,-0.0086,-1.2428,35.538,39.14,0.3052,66.0612,0.119,1.0,1.0,1.0,-0.03,671.8,0.0,3.7,150.0,1,116.417,0.030620539348328757,0.006563415084108709,-0.03,-0.05570446432079057,0.0,1.0,0.04717894756823865,1120.6223414409465,3.3686081716350054,2.9029999999999916,-0.039000000000000146,7.271858287379509,1.0485031356676474e-23,0.09982883318534833,-1.1517894686496717,0.08321021094511138,-0.04229999999995471,1.099809015081643,-1.07252551992774,landing,,,,-1.5255315454648155
116.525,63.97455524,-22.60536874,149.436,3.46,-0.3012,4.5919,359.8446,0.0425,-0.009,-1.207,35.417,39.021,0.3036,65.8602,0.0048,1.0,1.0,1.0,-0.03,671.4,0.0,3.7,150.0,1,116.525,0.02904390281004149,0.006164613780532652,-0.03,-0.05151818141813058,0.0,1.0,0.048289693310326565,1122.8005975967008,3.369807566130932,2.936000000000007,-0.040000000000000036,7.271858287379509,8.737526130563728e-24,0.09997701693201012,-1.1368455087338751,-0.0158241890978843,-0.1753999999999678,1.0689878777187636,-1.076875051786153,landing,,,,-1.5293992272504937
116.633,63.97457322,-22.60536878,149.466,3.46,-0.2973,4.591,359.726,0.0345,-0.0094,-1.1559,35.305,38.911,0.3021,65.6739,-0.1047,1.0,1.0,1.0,-0.03,671.0,0.0,3.7,150.0,1,116.633,0.027578484161889627,0.00579985438380512,-0.03,-0.04754177596260345,0.0,1.0,0.04933062813621486,1124.8049486720245,3.367148166225706,2.966000000000008,-0.040000000000000036,7.271858287379509,7.281271775469772e-24,0.10000190643600229,-1.1219526590073463,-0.11134318249381181,-0.2939999999999827,1.0256908086394068,-1.0732534140816983,landing,,,,-1.5300494918936423
116.708,63.97458667,-22.60536885,149.489,3.46,-0.2948,4.5903,359.6408,0.0277,-0.0095,-1.1082,35.22,38.828,0.301,65.5339,-0.1884,1.0,1.0,1.0,-0.03,670.7,0.0,3.7,150.0,1,116.708,0.02650217722250553,0.00552719879878269,-0.03,-0.044586388444344704,0.0,1.0,0.050125228902377916,1126.304309608065,3.3631952289863527,2.9890000000000043,-0.040000000000000036,7.271858287379509,6.067726479558143e-24,0.09996219722075063,-1.1116506125682712,-0.1847162021853137,-0.3791999999999689,0.9895581275746121,-1.0787152249227532,landing,,,,-1.5290121332548026
116.817,63.97460754,-22.60536904,149.524,3.459,-0.292,4.5892,359.5164,0.0204,-0.0099,-1.0137,35.089,38.699,0.2992,65.3152,-0.3187,1.0,1.0,1.0,-0.03,670.3,0.0,3.7,150.0,1,116.817,0.02488394001902805,0.0051080087951456965,-0.03,-0.040042603989522196,0.0,1.0,0.05137611989626939,1128.6308258922147,3.3530743121317226,3.024000000000001,-0.040999999999999925,7.271858287379509,5.056438732965119e-24,0.09978180540065194,-1.096735398553936,-0.2995676965849441,-0.5036000000000058,0.9238795439840515,-1.0899079192375376,landing,,,,-1.524305443928931
116.925,63.97462538,-22.60536927,149.554,3.459,-0.2904,4.5882,359.4191,0.0102,-0.01,-0.9197,34.976,38.588,0.2977,65.1271,-0.429,1.0,1.0,1.0,-0.03,669.9,0.0,3.7,150.0,1,116.925,0.023530718538285977,0.004751949756423207,-0.03,-0.036166846743809766,0.0,1.0,0.052468224840995614,1130.6195669742551,3.341111551531785,3.054000000000002,-0.040999999999999925,7.271858287379509,4.213698944137599e-24,0.09952861896083795,-1.0820380602713708,-0.3974086964112189,-0.6008999999999105,0.8490044449090306,-1.0859432262428754,landing,,,,-1.517715580538038
117.0,63.97463872,-22.60536949,149.576,3.459,-0.2897,4.5875,359.3526,0.0027,-0.0099,-0.842,34.891,38.504,0.2965,64.9857,-0.5097,1.0,1.0,1.0,-0.03,669.6,0.0,3.7,150.0,1,117.0,0.022578872880586687,0.004485465019087281,-0.03,-0.03339648492435632,0.0,1.0,0.05330453628595999,1132.1066629043194,3.329813835515098,3.0759999999999934,-0.040999999999999925,7.271858287379509,3.5114157867813326e-24,0.09926882244639336,-1.0718878034372126,-0.46937670905248297,-0.6674000000000433,0.7925819115722075,-1.0902514177965505,landing,,,,-1.5109732488646017
117.1,63.97465794,-22.60536988,149.608,3.458,-0.2882,4.5841,359.2677,0.0371,-0.0417,-0.714,34.769,38.383,0.2915,64.781,-0.6209,1.0,1.0,1.0,-0.03,669.2,0.0,3.7,150.0,1,117.1,0.021261650367982332,0.004106258093512255,-0.03,-0.02963180044492486,0.0,1.0,0.05452439767856798,1134.249239149286,3.3099583788541964,3.108000000000004,-0.041999999999999815,7.271858287379509,2.9261798223177772e-24,0.09878702038690153,-1.0584361420537325,-0.569140337454229,-0.7522999999999911,0.709426092456491,-1.1020467434514158,landing,,,,-1.4985217437541536
117.217,63.97467709,-22.60537034,149.639,3.458,-0.2865,4.5806,359.1969,-0.0134,-0.0167,-0.5806,34.646,38.263,0.2878,64.576,-0.725,1.0,1.0,1.0,-0.03,668.8,0.0,3.7,150.0,1,117.217,0.01998043095811114,0.0037358174814163536,-0.03,-0.026005190955708413,0.0,1.0,0.05575218350128136,1136.3840108255583,3.286676085157973,3.13900000000001,-0.041999999999999815,7.271858287379509,2.438483185264814e-24,0.09820135260379696,-1.042818682845078,-0.6632373477266924,-0.823099999999954,0.6048231071747515,-1.0974317714360136,landing,,,,-1.4834774296678006
117.333,63.97469766,-22.6053709,149.673,3.457,-0.2886,4.5792,359.1372,-0.0239,-0.0092,-0.4289,34.515,38.132,0.2861,64.3545,-0.8272,1.0,1.0,1.0,-0.03,668.3,0.0,3.7,150.0,1,117.333,0.01890681323742549,0.003338087045233612,-0.03,-0.022560852002015186,0.0,1.0,0.05711341221384075,1138.6770777599984,3.258439162493059,3.173000000000002,-0.04300000000000015,7.271858287379509,2.0320693210540117e-24,0.09747423242838132,-1.0274794396430516,-0.7564280487605402,-0.8827999999999747,0.49540235913152764,-1.1003298235625207,landing,,,,-1.4649387484268672
117.417,63.9747123,-22.60537135,149.697,3.457,-0.2908,4.5785,359.1055,-0.0322,-0.009,-0.3174,34.42,38.039,0.285,64.196,-0.8925,1.0,1.0,1.0,-0.03,668.0,0.0,3.7,150.0,1,117.417,0.018250347870592043,0.0030601076969999086,-0.03,-0.020350701187281883,0.0,1.0,0.058093277245333974,1140.309089516817,3.2358223025073602,3.1970000000000027,-0.04300000000000015,7.271858287379509,1.693391100878343e-24,0.09688021377054316,-1.016464559255325,-0.8165167446750843,-0.9144999999999754,0.4144229793148218,-1.1031136924161393,landing,,,,-1.4499076554059513
117.525,63.97473275,-22.60537203,149.73,3.457,-0.2949,4.5775,359.0773,-0.039,-0.0088,-0.1553,34.288,37.908,0.2836,63.9734,-0.9716,1.0,1.0,1.0,-0.03,667.5,0.0,3.7,150.0,1,117.525,0.017541237020411382,0.0026749391255942168,-0.03,-0.017765079999666922,0.0,1.0,0.05949291822928504,1142.588777190864,3.2017108018188707,3.2299999999999898,-0.04300000000000015,7.271858287379509,1.4111592507319525e-24,0.0959732486697021,-1.0024401759856774,-0.8901163258111069,-0.9427000000000589,0.3081356111382113,-1.1139417405803287,landing,,,,-1.427154713994078
117.608,63.97474585,-22.60537249,149.751,3.456,-0.298,4.5769,359.069,-0.0458,-0.0089,-0.0522,34.204,37.823,0.2827,63.8301,-1.0144,1.0,1.0,1.0,-0.03,667.3,0.0,3.7,150.0,1,117.608,0.017153014907540398,0.0024291440821957166,-0.03,-0.016251136414444978,0.0,1.0,0.060413441192679496,1144.049114598558,3.178663930103708,3.2510000000000048,-0.04400000000000004,7.271858287379509,1.1759660422766271e-24,0.09535525804882287,-0.9917522717473982,-0.9304786996649455,-0.9510000000000218,0.2266450855657639,-1.1046786907794857,landing,,,,-1.4117870494152953
117.725,63.97476617,-22.60537325,149.784,3.456,-0.3036,4.5759,359.0716,-0.0508,-0.0086,0.1078,34.072,37.691,0.2814,63.6065,-1.0675,1.0,1.0,1.0,-0.03,666.8,0.0,3.7,150.0,1,117.725,0.016766401972464873,0.0020540883952167854,-0.03,-0.01445247752856238,0.0,1.0,0.06186264211327841,1146.3143089288155,3.140637989992453,3.283999999999992,-0.04400000000000004,7.271858287379509,9.799717018971892e-25,0.09432640821134383,-0.9768482481268573,-0.9814976942123224,-0.9483999999999924,0.11303053806465485,-1.1068174578181873,landing,,,,-1.3864454287602754
117.8,63.9747792,-22.60537376,149.805,3.456,-0.3075,4.5753,359.083,-0.0551,-0.0084,0.2061,33.987,37.606,0.2806,63.4627,-1.0928,1.0,1.0,1.0,-0.03,666.5,0.0,3.7,150.0,1,117.8,0.016628894012687745,0.0018169780837772043,-0.03,-0.01359150932249742,0.0,1.0,0.06280874685719867,1147.7668421098558,3.1151441557176445,3.305000000000007,-0.04400000000000004,7.271858287379509,8.166430849143243e-25,0.09363201614326416,-0.967383726295795,-1.0065108235088474,-0.9369999999998981,0.04190780902917489,-1.109227991955925,landing,,,,-1.3695126142908052
117.917,63.97479941,-22.60537456,149.838,3.455,-0.3142,4.5743,359.1152,-0.0593,-0.0084,0.3549,33.855,37.473,0.2795,63.2381,-1.1176,1.0,1.0,1.0,-0.03,666.0,0.0,3.7,150.0,1,117.917,0.01660188406614127,0.0014531111397591834,-0.03,-0.01273387145786975,0.0,1.0,0.06430985118077592,1150.019773314569,3.0751627467066456,3.337999999999994,-0.04499999999999993,7.271858287379509,6.805359040952703e-25,0.09253966560426717,-0.9527837888875417,-1.0324766217733838,-0.9048000000000229,-0.06444411233647317,-1.1109531861603978,landing,,,,-1.3431524828833332
118.033,63.97481955,-22.60537537,149.87,3.455,-0.3213,4.5734,359.1641,-0.0629,-0.0081,0.4917,33.724,37.34,0.2785,63.013,-1.1249,1.0,1.0,1.0,-0.03,665.6,0.0,3.7,150.0,1,118.033,0.016786583429771074,0.0010982263005062387,-0.03,-0.012458390273659359,0.0,1.0,0.06583680893971205,1152.2649009759175,3.0346941244357524,3.3700000000000045,-0.04499999999999993,7.271858287379509,5.671132534127252e-25,0.09142967280061781,-0.9384938495256382,-1.0427282776451534,-0.8559000000000196,-0.16298096063337206,-1.1126220187665063,landing,,,,-1.3167113783931512
118.108,63.97483389,-22.60537595,149.893,3.454,-0.3266,4.5728,359.2085,-0.0642,-0.0082,0.5813,33.629,37.245,0.2778,62.8518,-1.1195,1.0,1.0,1.0,-0.03,665.3,0.0,3.7,150.0,1,118.108,0.01706102853939956,0.0008504052236036619,-0.03,-0.01265817924299073,0.0,1.0,0.0669436885244214,1153.8634674875157,3.005719753566315,3.3930000000000007,-0.04599999999999982,7.271858287379509,4.725943778439377e-25,0.09063291489393711,-0.9293501462847784,-1.0404296965155027,-0.8115000000000236,-0.2226211034286258,-1.1266260776665151,landing,,,,-1.2979447118330327
118.208,63.9748539,-22.60537676,149.926,3.454,-0.3341,4.5718,359.2825,-0.0652,-0.0081,0.6931,33.497,37.11,0.2769,62.625,-1.0974,1.0,1.0,1.0,-0.03,664.8,0.0,3.7,150.0,1,118.208,0.017612041853738603,0.0005066061906231212,-0.03,-0.01342393347152071,0.0,1.0,0.0685403910985361,1156.094103173238,2.965256189949423,3.4259999999999877,-0.04599999999999982,7.271858287379509,3.938286482032814e-25,0.08951788753163582,-0.9173005237106663,-1.0239114387127586,-0.7374999999999545,-0.2941448923943309,-1.1442055251513823,landing,,,,-1.2719783093579906
118.3,63.97486957,-22.60537737,149.951,3.454,-0.34,4.5711,359.3492,-0.0645,-0.0089,0.7673,33.393,37.004,0.2763,62.4459,-1.0689,1.0,1.0,1.0,-0.03,664.5,0.0,3.7,150.0,1,118.3,0.018134667842835572,0.0002437285223736152,-0.03,-0.014291401932859826,0.0,1.0,0.06981409126225308,1157.8409332344313,2.9347602531821626,3.4509999999999934,-0.04599999999999982,7.271858287379509,3.2819054016940115e-25,0.08867886933661333,-0.9063290127923186,-1.0006485028900443,-0.6707999999999856,-0.3531523593843009,-1.142953639465684,landing,,,,-1.2526663080236773
118.4,63.97488662,-22.60537802,149.979,3.453,-0.3464,4.5702,359.4291,-0.0633,-0.0087,0.8341,33.279,36.887,0.2756,62.2496,-1.0272,1.0,1.0,1.0,-0.03,664.1,0.0,3.7,150.0,1,118.4,0.018812051558048937,-3.901099650630013e-05,-0.03,-0.015561073778999734,0.0,1.0,0.07124088294345654,1159.7416005100038,2.9022508677304577,3.4790000000000134,-0.04700000000000015,7.271858287379509,2.734921168078343e-25,0.08778453654420368,-0.8945294624285894,-0.965369668541399,-0.5908999999999196,-0.4087108357904546,-1.1426851267869742,landing,,,,-1.2322941371020661
118.5,63.97490361,-22.60537864,150.006,3.453,-0.3526,4.5693,359.5151,-0.0613,-0.0087,0.8859,33.165,36.77,0.2751,62.0524,-0.9753,1.0,1.0,1.0,-0.03,663.7,0.0,3.7,150.0,1,118.5,0.01958533472200491,-0.00031376986793477113,-0.03,-0.017139880508569072,0.0,1.0,0.07269013624642162,1161.6355796945636,2.8712136288426615,3.5060000000000002,-0.04700000000000015,7.271858287379509,2.279100973398619e-25,0.08693267269803047,-0.8828544302840251,-0.9204643325121822,-0.5048999999999069,-0.4551137274325381,-1.1424410243518046,landing,,,,-1.2130925421355556
118.6,63.97492055,-22.60537923,150.034,3.453,-0.3585,4.5685,359.6055,-0.0579,-0.0089,0.922,33.051,36.652,0.2746,61.8542,-0.9145,1.0,1.0,1.0,-0.03,663.3,0.0,3.7,150.0,1,118.6,0.020433731527668086,-0.0005825890390226685,-0.03,-0.018978228173956446,0.0,1.0,0.07417508877076945,1163.5239855555874,2.8416481475655617,3.533999999999992,-0.04700000000000015,7.271858287379509,1.8992508111655158e-25,0.08612345348494345,-0.8712992368345847,-0.8670430958131874,-0.41449999999997544,-0.49201259015820814,-1.1422191130470984,landing,,,,-1.195034645979817
118.7,63.97493743,-22.60537978,150.061,3.452,-0.3641,4.5676,359.6987,-0.0536,-0.009,0.9421,32.936,36.533,0.2741,61.6548,-0.8458,1.0,1.0,1.0,-0.03,662.9,0.0,3.7,150.0,1,118.7,0.021344193733947248,-0.0008450493089281752,-0.03,-0.021037936611346786,0.0,1.0,0.07569693492022556,1165.4057034958266,2.8140447501775174,3.561000000000007,-0.04800000000000004,7.271858287379509,1.5827090093045965e-25,0.08537183900411134,-0.8598577221447239,-0.8059522806988184,-0.32130000000006476,-0.5192224642566349,-1.142926466406446,landing,,,,-1.1784205097138951
118.8,63.97495426,-22.60538028,150.088,3.452,-0.3692,4.563,359.7932,-0.049,-0.0832,0.9443,32.82,36.413,0.2717,61.454,-0.7706,1.0,1.0,1.0,-0.03,662.5,0.0,3.7,150.0,1,118.8,0.022296341682709386,-0.0011007213298599716,-0.03,-0.0232822378253168,0.0,1.0,0.07725693083809665,1167.281848454571,2.788892984875847,3.587999999999994,-0.04800000000000004,7.271858287379509,1.318924174420497e-25,0.08469292619837425,-0.848522237117738,-0.738420506058759,-0.22679999999991196,-0.5367102396140587,-1.1444786058240475,landing,,,,-1.163543728294627
118.9,63.97496825,-22.60538066,150.111,3.452,-0.3734,4.5588,359.8717,-0.0445,-0.0232,0.9368,32.724,36.314,0.2653,61.2867,-0.7047,1.0,1.0,1.0,-0.03,662.2,0.0,3.7,150.0,1,118.9,0.02311337825671078,-0.0013047026589909916,-0.03,-0.025230697628568777,0.0,1.0,0.07856357695236982,1168.8414015288172,2.769730978912606,3.61099999999999,-0.04800000000000004,7.271858287379509,1.0991034786837474e-25,0.08418059966929556,-0.8372757696937484,-0.6787817019140903,-0.14830000000006294,-0.5461731372179253,-1.1277078234764026,landing,,,,-1.1523987776207463
119.017,63.97498776,-22.60538113,150.141,3.451,-0.3783,4.5502,359.9796,-0.0392,-0.1476,0.9061,32.588,36.173,0.2613,61.05,-0.6068,1.0,1.0,1.0,-0.03,661.7,0.0,3.7,150.0,1,119.017,0.024265998435787306,-0.0015841321961822807,-0.03,-0.028102536709737946,0.0,1.0,0.08045605494234986,1171.0163046593066,2.745944739311053,3.640999999999991,-0.04899999999999993,7.271858287379509,9.159195655697895e-26,0.08355406008038821,-0.8242345691625385,-0.5894665713104246,-0.0403999999999769,-0.544509711512473,-1.1308610361052045,landing,,,,-1.1388640996990347
119.125,63.97500581,-22.6053815,150.168,3.451,-0.3818,4.5429,0.0762,-0.0306,-0.0232,0.8677,32.462,36.043,0.2499,60.831,-0.5144,1.0,1.0,1.0,-0.03,661.3,0.0,3.7,150.0,1,119.125,0.02531228626775639,-0.0018299595428199755,-0.03,-0.030824218990203378,0.0,1.0,0.08223460891329454,1173.0284534625096,2.727114685187008,3.6680000000000064,-0.04899999999999993,7.271858287379509,7.632663046414913e-26,0.08306986488659038,-0.8122957793058011,-0.504493868236608,0.056199999999989814,-0.5325594066281389,-1.1341160934289678,landing,,,,-1.1284755462470173
119.225,63.97502241,-22.60538179,150.193,3.45,-0.3845,4.5413,0.1607,-0.0225,-0.0128,0.8145,32.345,35.921,0.2496,60.6259,-0.4277,1.0,1.0,1.0,-0.03,660.9,0.0,3.7,150.0,1,119.225,0.0262519766634719,-0.002050124113719104,-0.03,-0.03332425432306463,0.0,1.0,0.08393403198311877,1174.8789623630707,2.712260552763735,3.693000000000012,-0.04999999999999982,7.271858287379509,6.360552538679093e-26,0.08269875733639655,-0.8013182509744761,-0.4242001581898478,0.1407000000000096,-0.5131638125618577,-1.1373782667536172,landing,,,,-1.1205551557401492
119.325,63.97503896,-22.60538203,150.218,3.45,-0.3865,4.5401,0.2392,-0.0148,-0.013,0.748,32.227,35.798,0.2494,60.4192,-0.342,1.0,1.0,1.0,-0.03,660.5,0.0,3.7,150.0,1,119.325,0.027142765482640163,-0.0022615513378172747,-0.03,-0.035763310886214095,0.0,1.0,0.08567797953145323,1176.723898281345,2.699858052253052,3.7179999999999893,-0.04999999999999982,7.271858287379509,5.300460448899244e-26,0.082401499111027,-0.7904070402267909,-0.344316563551331,0.21920000000000073,-0.4861121744362368,-1.1412529697760083,landing,,,,-1.1142370038767808
119.408,63.97505545,-22.60538221,150.243,3.45,-0.3876,4.5388,0.3106,-0.0073,-0.0143,0.6702,32.107,35.674,0.2491,60.2108,-0.2586,1.0,1.0,1.0,-0.03,660.1,0.0,3.7,150.0,1,119.408,0.02794786054494819,-0.0024637716695780354,-0.03,-0.038053984975542576,0.0,1.0,0.08746811713123614,1178.5621466216676,2.6903975104549454,3.742999999999995,-0.04999999999999982,7.271858287379509,4.417050374082703e-26,0.08219324172355151,-0.7813982083524421,-0.26607873469453125,0.29060000000001196,-0.45795764338841555,-1.1689375300263818,landing,,,,-1.109824342739273
119.5,63.97507052,-22.60538234,150.266,3.449,-0.3879,4.5374,0.3687,-0.0001,-0.0161,0.588,31.997,35.56,0.2487,60.0178,-0.1856,1.0,1.0,1.0,-0.03,659.8,0.0,3.7,150.0,1,119.5,0.02862809572682451,-0.002639825947100022,-0.03,-0.04006597493704622,0.0,1.0,0.08914307509038577,1180.2420988487202,2.6834419110011845,3.765999999999991,-0.051000000000000156,7.271858287379509,3.680875311735586e-26,0.08205424556868318,-0.7714529299211759,-0.19718181572363846,0.348700000000008,-0.4216640330692419,-1.1713661340160793,landing,,,,-1.106885538593673
119.617,63.97508826,-22.60538243,150.293,3.449,-0.3875,4.5356,0.4272,0.0067,-0.017,0.4827,31.865,35.423,0.2483,59.788,-0.1045,1.0,1.0,1.0,-0.03,659.4,0.0,3.7,150.0,1,119.617,0.0293507683978263,-0.0028386756722626194,-0.03,-0.04229093721651722,0.0,1.0,0.09119409345598817,1182.2196946510605,2.6783421636996847,3.7930000000000064,-0.051000000000000156,7.271858287379509,3.067396093112988e-26,0.08198483384989981,-0.7588520379340445,-0.12014388944342613,0.4071999999999889,-0.36908816388233107,-1.167442406215081,landing,,,,-1.1054198530594022
119.708,63.97510322,-22.60538247,150.316,3.449,-0.3867,4.5341,0.4678,0.0144,-0.0179,0.3913,31.753,35.307,0.2479,59.5923,-0.0412,1.0,1.0,1.0,-0.03,659.1,0.0,3.7,150.0,1,119.708,0.029864598429682587,-0.002995997686449786,-0.03,-0.04393562812978502,0.0,1.0,0.09296425864671554,1183.8873859758341,2.6758002802213525,3.8160000000000025,-0.051000000000000156,7.271858287379509,2.55616341092749e-26,0.08198006745908634,-0.749090000613535,-0.059612260977189635,0.44780000000000086,-0.32497966159100466,-1.173199390265464,landing,,,,-1.105319252979271
119.817,63.97511949,-22.60538248,150.34,3.448,-0.3849,4.5322,0.502,0.0208,-0.0203,0.2837,31.629,35.18,0.2474,59.3766,0.0207,1.0,1.0,1.0,-0.03,658.7,0.0,3.7,150.0,1,119.817,0.030324115835053178,-0.003156423267616143,-0.03,-0.045535658674894175,0.0,1.0,0.09493867941571871,1185.701112340577,2.674677232875172,3.8400000000000034,-0.052000000000000046,7.271858287379509,2.1301361757729084e-26,0.08202521198379928,-0.7374275588384056,-2.542099292668354e-05,0.4819999999999993,-0.26889938327966556,-1.169964416504888,landing,,,,-1.1062723174203555
119.9,63.97513165,-22.60538246,150.359,3.448,-0.3832,4.5307,0.5206,0.0263,-0.0215,0.2021,31.535,35.083,0.247,59.2138,0.062,1.0,1.0,1.0,-0.03,658.5,0.0,3.7,150.0,1,119.9,0.03059895667742729,-0.003270513428043992,-0.03,-0.046566875025092824,0.0,1.0,0.09647306762004554,1187.0566698238483,2.675183928625363,3.859000000000009,-0.052000000000000046,7.271858287379509,1.775113479810757e-26,0.08210031935527211,-0.728573016085797,0.039991708548427596,0.5005999999999915,-0.2251177183984384,-1.1665612986846046,landing,,,,-1.107859119734755
120.017,63.97515049,-22.60538239,150.388,3.448,-0.3798,4.5282,0.5372,0.0321,-0.0226,0.0729,31.388,34.932,0.2462,58.9583,0.1166,1.0,1.0,1.0,-0.03,658.1,0.0,3.7,150.0,1,120.017,0.030870850881448197,-0.0034333493012739524,-0.03,-0.04779008886746716,0.0,1.0,0.09890856407744386,1189.1568927747674,2.6778803740030988,3.8880000000000052,-0.052000000000000046,7.271858287379509,1.4792612331756306e-26,0.08227562812997401,-0.7161053328318565,0.09331193710582397,0.5172000000000025,-0.16197144109318162,-1.1747293857505812,landing,,,,-1.1115686292035107
120.133,63.97516926,-22.60538229,150.416,3.447,-0.3758,4.5255,0.5389,0.0381,-0.0246,-0.054,31.239,34.779,0.2454,58.7005,0.1588,1.0,1.0,1.0,-0.03,657.7,0.0,3.7,150.0,1,120.133,0.030977947255663163,-0.0035797144821081706,-0.03,-0.048585608417663684,0.0,1.0,0.10143663118976448,1191.2493128679878,2.6820493548976807,3.915999999999997,-0.052999999999999936,7.271858287379509,1.2327176943130255e-26,0.08249628001804823,-0.7037668237294797,0.1349994904822438,0.5189000000000021,-0.09990017237650065,-1.1847069651024102,landing,,,,-1.1162490316259692
120.208,63.97518128,-22.60538221,150.435,3.447,-0.3728,4.5237,0.5322,0.0414,-0.026,-0.1338,31.142,34.68,0.2448,58.5334,0.179,1.0,1.0,1.0,-0.03,657.5,0.0,3.7,150.0,1,120.208,0.030955768630377856,-0.0036642827673823153,-0.03,-0.048871852262083904,0.0,1.0,0.1031059399615703,1192.5892646334853,2.6855011223786347,3.9350000000000023,-0.052999999999999936,7.271858287379509,1.0272647452608545e-26,0.0826619136284357,-0.6958077631480231,0.15521470753895983,0.5122000000000071,-0.06073592108367488,-1.1945820894870367,landing,,,,-1.1197707923812246
120.317,63.97519991,-22.60538207,150.463,3.446,-0.3678,4.5205,0.5099,0.0452,-0.0288,-0.2551,30.989,34.525,0.2438,58.2705,0.1993,1.0,1.0,1.0,-0.03,657.1,0.0,3.7,150.0,1,120.317,0.030773992945799578,-0.0037804648188471124,-0.03,-0.04891015148327316,0.0,1.0,0.10577429334656108,1194.666078666891,2.691635300180182,3.962999999999994,-0.053999999999999826,7.271858287379509,8.560539543840455e-27,0.08294326973213528,-0.6842388452077831,0.17596544272024062,0.4899000000000058,-0.006674799543864844,-1.213590056331006,landing,,,,-1.1257696067728205
120.4,63.97521184,-22.60538198,150.481,3.446,-0.3643,4.5184,0.4883,0.0469,-0.0309,-0.3286,30.89,34.424,0.2431,58.1001,0.2053,1.0,1.0,1.0,-0.03,656.9,0.0,3.7,150.0,1,120.4,0.030587695684692995,-0.0038453945686901803,-0.03,-0.04875806701645902,0.0,1.0,0.10755015859262357,1195.9959976969012,2.6955805069571284,3.9809999999999945,-0.053999999999999826,7.271858287379509,7.133782953200378e-27,0.08312429781424939,-0.6754464676841242,0.18245704529664408,0.4682999999999993,0.03224950129235509,-1.2116974225133845,landing,,,,-1.1296403344060053
120.508,63.97523033,-22.60538183,150.509,3.446,-0.357,4.5127,0.4441,0.0771,-0.0525,-0.4358,30.734,34.265,0.2398,57.8323,0.2041,1.0,1.0,1.0,-0.03,656.6,0.0,3.7,150.0,1,120.508,0.03007547470699945,-0.003930166157043474,-0.03,-0.04806665698506607,0.0,1.0,0.11040743846397927,1198.0572051582237,2.7022100700388796,4.008999999999986,-0.053999999999999826,7.271858287379509,5.9448191276669816e-27,0.08342127968510014,-0.6640053621944716,0.18220568867150178,0.4241000000000099,0.07770400667839447,-1.2328562426889467,landing,,,,-1.136009094732799
120.625,63.97524874,-22.60538169,150.537,3.445,-0.3494,4.5072,0.388,0.0505,-0.0377,-0.5309,30.575,34.105,0.2371,57.5617,0.1897,1.0,1.0,1.0,-0.03,656.2,0.0,3.7,150.0,1,120.625,0.029419373963937956,-0.0039936818068167235,-0.03,-0.04697603795091987,0.0,1.0,0.1133616944905903,1200.1094943087037,2.708352808639889,4.037000000000006,-0.05500000000000016,7.271858287379509,4.9540159397224844e-27,0.0837034735850627,-0.6516224348724603,0.1688229504108847,0.367999999999995,0.11985086980025828,-1.2443215259876177,landing,,,,-1.1420823220472442
120.7,63.97525922,-22.60538161,150.553,3.445,-0.3461,4.5049,0.3511,0.049,-0.0366,-0.5795,30.483,34.012,0.2364,57.4055,0.1759,1.0,1.0,1.0,-0.03,656.0,0.0,3.7,150.0,1,120.7,0.02903611334807521,-0.0040204494276439295,-0.03,-0.04620554489897766,0.0,1.0,0.1151166627201663,1201.277771896889,2.711864501715972,4.052999999999997,-0.05500000000000016,7.271858287379509,4.1283466164354035e-27,0.08386485423356292,-0.6437035147177617,0.15556324871894844,0.3310999999999922,0.14378448827675666,-1.2427165387766164,landing,,,,-1.1455649472637646
120.8,63.97527618,-22.60538151,150.578,3.445,-0.3408,4.5008,0.2848,0.0489,-0.0382,-0.6475,30.332,33.86,0.2351,57.1487,0.1455,1.0,1.0,1.0,-0.03,655.7,0.0,3.7,150.0,1,120.8,0.028297417797215396,-0.004047980377135302,-0.03,-0.04459748354216231,0.0,1.0,0.11804709284280934,1203.1684190932747,2.7161039146412356,4.078000000000003,-0.05500000000000016,7.271858287379509,3.4402888470295025e-27,0.08408176136590255,-0.6331496601987795,0.12587414773341266,0.26480000000000814,0.16882664339398848,-1.267015035251477,landing,,,,-1.1502567260314862
120.908,63.97529307,-22.60538142,150.604,3.444,-0.3356,4.4967,0.2118,0.0466,-0.0404,-0.7026,30.179,33.706,0.2338,56.8889,0.106,1.0,1.0,1.0,-0.03,655.3,0.0,3.7,150.0,1,120.908,0.02747119112127855,-0.004055177658794179,-0.03,-0.042716100764800036,0.0,1.0,0.12109759918051388,1205.051262746296,2.719856114306605,4.104000000000013,-0.05600000000000005,7.271858287379509,2.8669073725245856e-27,0.08428365843081807,-0.6217676863115351,0.086758007271726,0.19180000000000064,0.18771771564533418,-1.2806197290164913,landing,,,,-1.1546350619935168
121.008,63.97530859,-22.60538137,150.627,3.444,-0.3311,4.4926,0.1396,0.0436,-0.0428,-0.7407,30.036,33.562,0.2325,56.646,0.0624,1.0,1.0,1.0,-0.03,655.0,0.0,3.7,150.0,1,121.008,0.026635708981438966,-0.004042900919509346,-0.03,-0.04072767424611967,0.0,1.0,0.12402740620444097,1206.7813825834608,2.7217018752785935,4.1270000000000095,-0.05600000000000005,7.271858287379509,2.3890894771038213e-27,0.08441984951325184,-0.6112531424058387,0.043115757431365864,0.11959999999999127,0.1978005384888794,-1.2941997536513605,landing,,,,-1.1575946235931625
121.117,63.97532533,-22.60538135,150.652,3.443,-0.3265,4.4879,0.0579,0.0402,-0.045,-0.7677,29.878,33.404,0.231,56.3793,0.0086,1.0,1.0,1.0,-0.03,654.7,0.0,3.7,150.0,1,121.117,0.025663927854711,-0.004008137510455173,-0.03,-0.0383443815221961,0.0,1.0,0.12733182944636479,1208.6475035287579,2.722030350926552,4.151999999999987,-0.05699999999999994,7.271858287379509,1.9909078975865177e-27,0.08451541805569654,-0.599820075420359,-0.01126020188277721,0.037900000000007594,0.19977561261935162,-1.3083217109924699,landing,,,,-1.1596743681405854
121.225,63.97534072,-22.60538137,150.675,3.443,-0.3227,4.4834,359.9804,0.0355,-0.0476,-0.7795,29.73,33.256,0.2297,56.1299,-0.0459,1.0,1.0,1.0,-0.03,654.4,0.0,3.7,150.0,1,121.225,0.0247215117833518,-0.003955237444103227,-0.03,-0.035959644799805845,0.0,1.0,0.13051597075568272,1210.3631301931537,2.720451609452522,4.175000000000011,-0.05699999999999994,7.271858287379509,1.6590899146554315e-27,0.08454500179244306,-0.5885298629552629,-0.06685338283952547,-0.03960000000006403,0.1933412360030563,-1.313962498208654,landing,,,,-1.1603186571775126
121.3,63.97535221,-22.6053814,150.692,3.443,-0.3201,4.48,359.9218,0.0311,-0.0485,-0.7809,29.618,33.144,0.2286,55.9408,-0.0894,1.0,1.0,1.0,-0.03,654.1,0.0,3.7,150.0,1,121.3,0.024000196032426202,-0.0039020645572130086,-0.03,-0.03410089338047473,0.0,1.0,0.1329850022044443,1211.6439974058599,2.7185346904518735,4.192000000000007,-0.05699999999999994,7.271858287379509,1.3825749288795262e-27,0.08454416570774545,-0.5807177258697935,-0.11156533921166556,-0.09819999999990614,0.1845261767330401,-1.3302689377654402,landing,,,,-1.1603004453137373
121.4,63.97536874,-22.60538148,150.717,3.442,-0.3169,4.4746,359.8377,0.0268,-0.0514,-0.7685,29.454,32.98,0.227,55.6637,-0.1546,1.0,1.0,1.0,-0.03,653.8,0.0,3.7,150.0,1,121.4,0.02294704472360909,-0.0038036983984600925,-0.03,-0.0313213171398532,0.0,1.0,0.13669646076469305,1213.486706526297,2.713971964871178,4.217000000000013,-0.05799999999999983,7.271858287379509,1.1521457740662718e-27,0.08448677178884076,-0.5703333229380093,-0.17913251789576634,-0.18229999999994106,0.16445091496571387,-1.3584263070594764,landing,,,,-1.1590507180881744
121.508,63.97538392,-22.6053816,150.74,3.442,-0.3145,4.4694,359.7617,0.0208,-0.0541,-0.7455,29.301,32.826,0.2256,55.4043,-0.2165,1.0,1.0,1.0,-0.03,653.5,0.0,3.7,150.0,1,121.508,0.02195892077208783,-0.003689078684192687,-0.03,-0.028647191575984943,0.0,1.0,0.140289853113085,1215.1789213650409,2.7075020221687707,4.240000000000009,-0.05799999999999983,7.271858287379509,9.601214783885599e-28,0.08436292611063925,-0.5591689269554845,-0.24389007942616558,-0.2582999999999629,0.13477844508409095,-1.3637208852055986,landing,,,,-1.1563570233777867
121.608,63.97540029,-22.60538177,150.764,3.442,-0.3125,4.4636,359.6826,0.015,-0.056,-0.7087,29.132,32.658,0.2239,55.1191,-0.2839,1.0,1.0,1.0,-0.03,653.1,0.0,3.7,150.0,1,121.608,0.020919296690823652,-0.003539406712831289,-0.03,-0.02577664181892325,0.0,1.0,0.1443350542114059,1217.0037926682355,2.6985360870482,4.26400000000001,-0.05799999999999983,7.271858287379509,8.001012319904665e-28,0.08416708582090537,-0.5488883219502081,-0.3151087365638148,-0.33740000000000236,0.09969066063324682,-1.3933826229141646,landing,,,,-1.152105748461615
121.717,63.97541657,-22.60538199,150.788,3.441,-0.3112,4.4575,359.6082,0.0084,-0.0593,-0.6589,28.96,32.486,0.2223,54.829,-0.3503,1.0,1.0,1.0,-0.03,652.7,0.0,3.7,150.0,1,121.717,0.019900304949599434,-0.003359521128175752,-0.03,-0.022890126681177403,0.0,1.0,0.14861824303106141,1218.8186302090282,2.6871239676228074,4.288000000000011,-0.05900000000000016,7.271858287379509,6.667510266587221e-28,0.08389402534207356,-0.5377495789515035,-0.38605516210489554,-0.4117999999999711,0.05371783243234983,-1.4101643527743524,landing,,,,-1.146195202142124
121.825,63.97543153,-22.60538223,150.81,3.441,-0.3106,4.4515,359.5447,0.002,-0.0626,-0.6033,28.799,32.325,0.2208,54.5566,-0.4094,1.0,1.0,1.0,-0.03,652.4,0.0,3.7,150.0,1,121.825,0.018990905339383024,-0.0031667218955707954,-0.03,-0.02025204986835183,0.0,1.0,0.15276359257257793,1220.4863181133937,2.6747833385174036,4.310000000000002,-0.05900000000000016,7.271858287379509,5.556258555489351e-28,0.08358469817037165,-0.5267865330648775,-0.44994709798442045,-0.4753000000000611,0.0018052798420718844,-1.417489478953111,landing,,,,-1.139523532956197
121.925,63.97544765,-22.60538253,150.834,3.44,-0.3107,4.4448,359.4826,-0.0041,-0.0645,-0.5347,28.622,32.148,0.2191,54.2569,-0.4702,1.0,1.0,1.0,-0.03,652.0,0.0,3.7,150.0,1,121.925,0.018096685471965857,-0.0029275713339585174,-0.03,-0.017580586418458166,0.0,1.0,0.15748010533125234,1222.2833180079642,2.659457946877004,4.334000000000003,-0.06000000000000005,7.271858287379509,4.6302154629077925e-28,0.08318732398828249,-0.5167118455558336,-0.5165230435886485,-0.5373999999999342,-0.0519527729563392,-1.4495358899573825,landing,,,,-1.1309899818091012
122.0,63.97545875,-22.60538276,150.85,3.44,-0.3111,4.44,359.4442,-0.0099,-0.0684,-0.4821,28.497,32.023,0.218,54.0459,-0.5094,1.0,1.0,1.0,-0.03,651.8,0.0,3.7,150.0,1,122.0,0.0175111502819012,-0.002741576436358889,-0.03,-0.015793891972252005,0.0,1.0,0.1609158007981898,1223.5207058725919,2.647757458037505,4.349999999999994,-0.06000000000000005,7.271858287379509,3.8585128857564934e-28,0.08287732191324886,-0.5092042667984501,-0.5600151695790316,-0.5757999999999583,-0.09474812715916514,-1.4692750514764026,landing,,,,-1.1243616603804512
122.108,63.97547471,-22.60538312,150.874,3.439,-0.3124,4.4324,359.396,-0.014,-0.0714,-0.3993,28.315,31.839,0.2164,53.7357,-0.5613,1.0,1.0,1.0,-0.03,651.4,0.0,3.7,150.0,1,122.108,0.01674324533973942,-0.0024421536584433856,-0.03,-0.013362362362890345,0.0,1.0,0.1661381808698893,1225.2998684629806,2.6294986688318356,4.373999999999995,-0.06099999999999994,7.271858287379509,3.215427404797078e-28,0.0823858813855219,-0.4984734562483389,-0.6184652931746655,-0.6240000000000236,-0.16111684738585122,-1.4889032454499214,landing,,,,-1.1139056937188414
122.217,63.97549058,-22.60538352,150.897,3.439,-0.3142,4.4247,359.357,-0.0196,-0.0742,-0.3139,28.129,31.652,0.2147,53.4199,-0.6069,1.0,1.0,1.0,-0.03,651.0,0.0,3.7,150.0,1,122.217,0.016061966288337337,-0.0021067616037789005,-0.03,-0.011131646475497914,0.0,1.0,0.17165631755694244,1227.06899746278,2.6092836324718762,4.396999999999991,-0.06099999999999994,7.271858287379509,2.679522837330898e-28,0.08183168265934815,-0.4877426826141015,-0.6709056110265124,-0.6630000000000109,-0.23162767374934318,-1.508677679349811,landing,,,,-1.1021903901737744
122.333,63.97550636,-22.60538394,150.92,3.438,-0.3166,4.4166,359.3273,-0.0246,-0.0784,-0.2261,27.939,31.462,0.2131,53.0976,-0.6455,1.0,1.0,1.0,-0.03,650.6,0.0,3.7,150.0,1,122.333,0.015469488089292938,-0.001734176854227415,-0.03,-0.00909606098812843,0.0,1.0,0.17749155954267337,1228.8280932140315,2.5880922237814237,4.4199999999999875,-0.06199999999999983,7.271858287379509,2.2329356977757485e-28,0.08124531255072288,-0.4764322879854431,-0.7165023630250573,-0.6927000000000589,-0.3092939927338574,-1.5204279843618984,landing,,,,-1.0898822341899574
122.408,63.97551843,-22.60538428,150.937,3.438,-0.3187,4.4014,359.311,-0.0291,-0.2589,-0.1577,27.79,31.312,0.2074,52.8443,-0.6698,1.0,1.0,1.0,-0.03,650.3,0.0,3.7,150.0,1,122.408,0.015114671984103045,-0.001417609389420288,-0.03,-0.007800716257248763,0.0,1.0,0.18226874812280303,1230.1736116340617,2.5709646795480716,4.437000000000012,-0.06199999999999983,7.271858287379509,1.860779748146457e-28,0.08076718748211704,-0.46918366820432045,-0.7461834896141397,-0.70900000000006,-0.36014928778835986,-1.5628133191168716,landing,,,,-1.0799122677826887
122.525,63.97553523,-22.60538478,150.96,3.438,-0.322,4.3807,359.2976,-0.031,-0.1032,-0.0645,27.581,31.1,0.1917,52.4871,-0.696,1.0,1.0,1.0,-0.03,649.8,0.0,3.7,150.0,1,122.525,0.014691530550903997,-0.0009368756940711098,-0.03,-0.006164277685974051,0.0,1.0,0.18928937445853167,1232.046412290373,2.5458140814541594,4.460000000000008,-0.06199999999999983,7.271858287379509,1.5506497901220475e-28,0.08005928819792085,-0.45798691517916645,-0.7797204920188676,-0.7223999999999933,-0.4404563411212383,-1.5831325434084937,landing,,,,-1.0652594637336392
122.6,63.97554597,-22.60538511,150.974,3.437,-0.3244,4.3738,359.2947,-0.0345,-0.0927,-0.0066,27.443,30.961,0.1907,52.2511,-0.708,1.0,1.0,1.0,-0.03,649.6,0.0,3.7,150.0,1,122.6,0.014488516841464016,-0.0006007718450552757,-0.03,-0.005284765475895403,0.0,1.0,0.1940707687004566,1233.2436668187672,2.529228228468892,4.4739999999999895,-0.06300000000000017,7.271858287379509,1.2922081584350397e-28,0.07959000722171718,-0.45087269734959085,-0.7963076671796046,-0.7253000000000611,-0.4915504185628259,-1.606484130371381,landing,,,,-1.0556168488847035
122.717,63.97556258,-22.60538563,150.996,3.437,-0.3285,4.3628,359.2987,-0.0357,-0.094,0.0801,27.222,30.738,0.1892,51.8749,-0.7186,1.0,1.0,1.0,-0.03,649.2,0.0,3.7,150.0,1,122.717,0.014275944176575794,-2.7551324816604827e-05,-0.03,-0.0041802532778828505,0.0,1.0,0.20205067147665962,1235.0952865533375,2.5031051493166694,4.496000000000009,-0.06300000000000017,7.271858287379509,1.0768401320291998e-28,0.07884814918433991,-0.43988906037535924,-0.8136422792028668,-0.7212999999999283,-0.5701913786656354,-1.6321572902366026,landing,,,,-1.0404883054748595
122.825,63.97557789,-22.60538611,151.017,3.436,-0.3325,4.3525,359.3111,-0.0372,-0.1008,0.153,27.013,30.526,0.1879,51.5168,-0.7203,1.0,1.0,1.0,-0.03,648.9,0.0,3.7,150.0,1,122.825,0.014185861968637858,0.0005554902927063787,-0.03,-0.003450330152108161,0.0,1.0,0.21000627021653445,1236.8019872109737,2.478992405831534,4.516999999999996,-0.06400000000000006,7.271858287379509,8.973667766909998e-29,0.07816193567798801,-0.4298639707047849,-0.8210486088054836,-0.7088999999999714,-0.6405945117760461,-1.6597052806864667,landing,,,,-1.0266191140159648
122.9,63.97558843,-22.60538645,151.031,3.436,-0.3353,4.3451,359.3241,-0.0377,-0.1079,0.1987,26.865,30.375,0.1869,51.2629,-0.7169,1.0,1.0,1.0,-0.03,648.7,0.0,3.7,150.0,1,122.9,0.01417264119354833,0.0009929167633025704,-0.03,-0.0030870425790747724,0.0,1.0,0.21590218335291678,1237.9769462211693,2.4619243980660364,4.531000000000006,-0.06400000000000006,7.271858287379509,7.478056472424998e-29,0.07767400902885474,-0.42296376010085857,-0.8212162186003411,-0.6958999999999378,-0.6879825529377229,-1.688216921836179,landing,,,,-1.0168299662382267
123.017,63.97560356,-22.60538693,151.051,3.435,-0.3393,4.3329,359.3486,-0.037,-0.1144,0.2566,26.645,30.152,0.1855,50.8864,-0.7059,1.0,1.0,1.0,-0.03,648.4,0.0,3.7,150.0,1,123.017,0.014208237167044335,0.0016717897190341169,-0.03,-0.0027294582594485917,0.0,1.0,0.2249734515917588,1239.663581066583,2.4378186588709925,4.550999999999988,-0.06499999999999995,7.271858287379509,6.231713727020831e-29,0.07698497084543875,-0.4123069598475498,-0.8147604215339186,-0.6713999999999487,-0.7584869570683397,-1.7056828271548927,landing,,,,-1.0031079227521928
123.133,63.97561973,-22.60538743,151.072,3.435,-0.3436,4.3197,359.3814,-0.0358,-0.1196,0.3075,26.403,29.906,0.184,50.4704,-0.6868,1.0,1.0,1.0,-0.03,648.1,0.0,3.7,150.0,1,123.133,0.014353559221236711,0.0024648449870223466,-0.03,-0.0026621217608647774,0.0,1.0,0.23550539501419832,1241.4661513773422,2.412692575967432,4.572000000000003,-0.06499999999999995,7.271858287379509,5.193094772517359e-29,0.0762672765115974,-0.4018657021941273,-0.7996314807981832,-0.6385999999999967,-0.8237661083663463,-1.7402759243727877,landing,,,,-0.9889413864033685
123.208,63.97563005,-22.60538775,151.086,3.434,-0.3462,4.311,359.4054,-0.0344,-0.1262,0.3334,26.243,29.743,0.183,50.196,-0.6709,1.0,1.0,1.0,-0.03,648.0,0.0,3.7,150.0,1,123.208,0.0144782068703328,0.0030150190184180248,-0.03,-0.002730334885212571,0.0,1.0,0.24279948376188998,1242.6165858466527,2.3966130036511335,4.586000000000013,-0.06599999999999984,7.271858287379509,4.327578977097799e-29,0.07580710358523748,-0.3951755051697489,-0.7857472661057159,-0.6145999999999958,-0.8636828625535999,-1.7760084160964664,landing,,,,-0.9799254067032948
123.317,63.97564599,-22.60538823,151.107,3.434,-0.3501,4.2954,359.4459,-0.0315,-0.1386,0.3606,25.986,29.481,0.1814,49.7544,-0.6415,1.0,1.0,1.0,-0.03,647.7,0.0,3.7,150.0,1,123.317,0.014734599766166423,0.0039390271274274136,-0.03,-0.003038268982747949,0.0,1.0,0.2550711687389569,1244.3935168498415,2.3724757451497083,4.606999999999999,-0.06599999999999984,7.271858287379509,3.606315814248166e-29,0.07511730897175072,-0.38555191415637846,-0.7586925790407122,-0.574100000000044,-0.9168456193517679,-1.8288983932820342,landing,,,,-0.966508532979411
123.433,63.97566067,-22.60538865,151.127,3.433,-0.3533,4.28,359.4857,-0.0279,-0.1517,0.3724,25.739,29.23,0.1799,49.3303,-0.61,1.0,1.0,1.0,-0.03,647.5,0.0,3.7,150.0,1,123.433,0.014980875153909057,0.004868185303588984,-0.03,-0.003397301667059094,0.0,1.0,0.2674820692582466,1246.0299881896324,2.3513271404554605,4.6270000000000095,-0.06700000000000017,7.271858287379509,3.005263178540138e-29,0.07451508850665971,-0.37541736315486673,-0.7284620255404093,-0.5343000000000302,-0.968189010167297,-1.856208570695243,landing,,,,-0.9548906009937639
123.508,63.97567075,-22.60538893,151.14,3.433,-0.3553,4.269,359.5138,-0.0249,-0.1588,0.3734,25.564,29.051,0.1788,49.0285,-0.5864,1.0,1.0,1.0,-0.03,647.3,0.0,3.7,150.0,1,123.508,0.015168084083930833,0.0055558325627786675,-0.03,-0.0037203147809412584,0.0,1.0,0.2767354528870955,1247.1536689251427,2.3372166561445256,4.639999999999986,-0.06700000000000017,7.271858287379509,2.5043859821167817e-29,0.07411398147860665,-0.36892027113608505,-0.7052472165605366,-0.5062000000000353,-0.9988925925910402,-1.8995835491169204,landing,,,,-0.9472016783408961
123.625,63.97568631,-22.60538934,151.161,3.432,-0.358,4.2494,359.5568,-0.0204,-0.1729,0.3604,25.28,28.762,0.177,48.5409,-0.548,1.0,1.0,1.0,-0.03,647.1,0.0,3.7,150.0,1,123.625,0.015461387984427533,0.006707628332305399,-0.03,-0.004276617484582856,0.0,1.0,0.2923988934413267,1248.888239965281,2.316523745578128,4.661000000000001,-0.06800000000000006,7.271858287379509,2.0869883184306515e-29,0.07352838967631899,-0.3588786604865246,-0.6668102849859565,-0.46319999999991524,-1.0413999492577168,-1.9475623562290483,landing,,,,-0.9360465388422412
123.7,63.97569624,-22.60538958,151.174,3.432,-0.3594,4.2369,359.5834,-0.0167,-0.1818,0.3458,25.093,28.57,0.1759,48.2186,-0.5226,1.0,1.0,1.0,-0.03,647.0,0.0,3.7,150.0,1,123.7,0.0156413210348883,0.007499660152030602,-0.03,-0.004647609654361395,0.0,1.0,0.30330598729199065,1249.9951998742915,2.3043788473011553,4.674000000000007,-0.06800000000000006,7.271858287379509,1.739156932025543e-29,0.07318778227751893,-0.35249238016449413,-0.6409554413394005,-0.43659999999999854,-1.0663344496382847,-1.9971778996021579,landing,,,,-0.9295963606471744
123.808,63.97571154,-22.60538995,151.194,3.431,-0.3611,4.2143,359.6218,-0.0114,-0.2013,0.3078,24.789,28.26,0.174,47.6953,-0.4834,1.0,1.0,1.0,-0.03,646.8,0.0,3.7,150.0,1,123.808,0.015897154285131554,0.008820397797661278,-0.03,-0.0052087929351322115,0.0,1.0,0.32176560086393013,1251.7007876464668,2.2856558031684506,4.693999999999988,-0.06899999999999995,7.271858287379509,1.449297443354619e-29,0.07266183097491677,-0.3433759298506106,-0.6006826148865514,-0.39819999999997435,-1.0978236375821897,-2.071508528257843,landing,,,,-0.9196911480131789
123.925,63.97572666,-22.60539028,151.214,3.43,-0.3621,4.1901,359.6552,-0.0055,-0.2204,0.2569,24.471,27.936,0.172,47.1487,-0.4455,1.0,1.0,1.0,-0.03,646.5,0.0,3.7,150.0,1,123.925,0.016091957995121364,0.010251484814312567,-0.03,-0.005670249153101881,0.0,1.0,0.3421702901090117,1253.3863102897083,2.268899512277468,4.713999999999999,-0.06999999999999984,7.271858287379509,1.2077478694621824e-29,0.07219666168981446,-0.33358975430648574,-0.5613619077219312,-0.3648000000000593,-1.1276607010224826,-2.1302758182297623,landing,,,,-0.9109858988977351
124.0,63.9757363,-22.60539049,151.227,3.43,-0.3624,4.1737,359.6732,-0.0014,-0.2416,0.2175,24.258,27.719,0.1706,46.7829,-0.4226,1.0,1.0,1.0,-0.03,646.4,0.0,3.7,150.0,1,124.0,0.016174244458335374,0.011236131692099666,-0.03,-0.005879359189466027,0.0,1.0,0.3564553186894345,1254.4609424580945,2.2582357106649242,4.727000000000004,-0.06999999999999984,7.271858287379509,1.0064565578851519e-29,0.07190024962578738,-0.3273632611987852,-0.5375510253489324,-0.3468000000000302,-1.145213245764817,-2.1947961983906845,landing,,,,-0.9054657357450822
124.125,63.97575218,-22.6053908,151.248,3.429,-0.3622,4.1418,359.6959,0.0043,-0.2728,0.1395,23.887,27.341,0.1672,46.1444,-0.3878,1.0,1.0,1.0,-0.03,646.2,0.0,3.7,150.0,1,124.125,0.016231162197819393,0.0129955422818879,-0.03,-0.006071187906685149,0.0,1.0,0.3824612881952908,1256.231187764555,2.2424297209274484,4.7479999999999905,-0.07100000000000017,7.271858287379509,8.387137982376265e-30,0.07146730511528479,-0.31706583447104636,-0.5015054527711413,-0.324100000000044,-1.1714105801927623,-2.2650874530824394,landing,,,,-0.8974404162268925
124.208,63.9757616,-22.60539098,151.26,3.429,-0.3607,4.1213,359.7047,0.0348,-0.3013,0.0854,23.655,27.105,0.1645,45.7461,-0.3692,1.0,1.0,1.0,-0.03,646.0,0.0,3.7,150.0,1,124.208,0.01616137381307825,0.014119010975807783,-0.03,-0.0060380377078453895,0.0,1.0,0.39936592861918874,1257.2812955630766,2.2332442919149127,4.759999999999991,-0.07100000000000017,7.271858287379509,6.989281651980221e-30,0.07121615995752482,-0.31027767771920206,-0.4824031891978393,-0.31529999999997926,-1.1878577723771604,-2.313277750337819,landing,,,,-0.8928053854823546
124.325,63.97577609,-22.60539123,151.279,3.428,-0.3564,4.0848,359.7099,0.0238,-0.3135,-0.0007,23.277,26.719,0.1612,45.096,-0.3447,1.0,1.0,1.0,-0.03,645.8,0.0,3.7,150.0,1,124.325,0.015908255359991463,0.01599098892516812,-0.03,-0.005785805458995541,0.0,1.0,0.4279715986631767,1258.896589228929,2.220432014465109,4.778999999999996,-0.07200000000000006,7.271858287379509,5.824401376650184e-30,0.07087130327851383,-0.3007756522925107,-0.4579428458467021,-0.31009999999992033,-1.2102415364403392,-2.3966860667406635,landing,,,,-0.8864651070171163
124.417,63.97578834,-22.60539144,151.295,3.427,-0.3546,4.0544,359.7065,0.0183,-0.3306,-0.076,22.937,26.374,0.1584,44.5129,-0.3293,1.0,1.0,1.0,-0.03,645.6,0.0,3.7,150.0,1,124.417,0.01569043763036454,0.01769324198065178,-0.03,-0.005348783812011093,0.0,1.0,0.4543439506810739,1260.2621756852388,2.209666650642499,4.7949999999999875,-0.07299999999999995,7.271858287379509,4.8536678138751534e-30,0.07058139013109,-0.29335978573342014,-0.44385816268484746,-0.31349999999997635,-1.2279493143050857,-2.5147738946654297,landing,,,,-0.8811566266357218
124.517,63.97580043,-22.60539165,151.31,3.427,-0.3526,4.0203,359.6953,0.0216,-0.3638,-0.157,22.578,26.009,0.1559,43.8963,-0.3186,1.0,1.0,1.0,-0.03,645.3,0.0,3.7,150.0,1,124.517,0.015376558869407642,0.019515971014227612,-0.03,-0.004650380477416394,0.0,1.0,0.4827877468816855,1261.6099258626973,2.1989075126819264,4.810000000000002,-0.07299999999999995,7.271858287379509,4.044723178229294e-30,0.07029053476048767,-0.2853528663049271,-0.4358463201348286,-0.3247000000000071,-1.2481398211620345,-2.612521722423138,landing,,,,-0.8758506979192049
124.625,63.97581333,-22.60539186,151.327,3.426,-0.3501,3.9803,359.6739,0.0251,-0.3869,-0.2454,22.168,25.592,0.1531,43.1938,-0.3124,1.0,1.0,1.0,-0.03,645.1,0.0,3.7,150.0,1,124.625,0.014926711617314292,0.021615554059550374,-0.03,-0.0036072397591342398,0.0,1.0,0.5155304952616055,1263.0479721987224,2.1881168555887562,4.826999999999998,-0.07399999999999984,7.271858287379509,3.370602648524412e-30,0.07000176251549013,-0.27676540563455615,-0.4343856162509496,-0.34609999999997854,-1.272038711093483,-2.72013759277523,landing,,,,-0.8706023331522914
124.708,63.97582214,-22.605392,151.338,3.426,-0.3481,3.9516,359.6535,0.0261,-0.4141,-0.3051,21.871,25.291,0.1511,42.6852,-0.3115,1.0,1.0,1.0,-0.03,644.8,0.0,3.7,150.0,1,124.708,0.014537969284637853,0.023136153728581327,-0.03,-0.0026874251061052012,0.0,1.0,0.5390191720615282,1264.030079870729,2.1809149126374376,4.837999999999994,-0.07399999999999984,7.271858287379509,2.8088355404370097e-30,0.06980964134217317,-0.2702054877809003,-0.4381149087363667,-0.3664999999999736,-1.2919002897914045,-2.798153561887675,landing,,,,-0.8671213458132314
124.825,63.97583563,-22.60539223,151.355,3.425,-0.3449,3.9024,359.6129,0.0294,-0.4259,-0.3957,21.387,24.8,0.1477,41.8558,-0.3155,1.0,1.0,1.0,-0.03,644.5,0.0,3.7,150.0,1,124.825,0.013829515536099901,0.025613650052532216,-0.03,-0.0009600991278904125,0.0,1.0,0.576410448984634,1265.5338971403546,2.169121422387334,4.85499999999999,-0.07500000000000018,7.271858287379509,2.340696283697508e-30,0.06949052130038941,-0.2610212953864089,-0.4518750587489251,-0.4070999999999003,-1.3244157564008345,-2.9198443414207924,landing,,,,-0.8613582623421578
124.9,63.97584416,-22.60539238,151.366,3.424,-0.3426,3.8716,359.5815,0.029,-0.4403,-0.4482,21.064,24.471,0.1454,41.302,-0.3214,1.0,1.0,1.0,-0.03,644.3,0.0,3.7,150.0,1,124.9,0.01330253628454664,0.027264348763468255,-0.03,0.00033371008859783835,0.0,1.0,0.600393311873218,1266.4847911551324,2.161440437499636,4.866000000000014,-0.07600000000000007,7.271858287379509,1.9505802364145898e-30,0.06928128710029684,-0.2551726456154204,-0.4658498824598212,-0.43849999999997635,-1.3473701382278274,-3.045919098261312,landing,,,,-0.8575924528878858
125.017,63.97585719,-22.60539262,151.382,3.423,-0.3391,3.8182,359.525,0.031,-0.4627,-0.5242,20.534,23.934,0.1417,40.3947,-0.3348,1.0,1.0,1.0,-0.03,643.9,0.0,3.7,150.0,1,125.017,0.01238362530514353,0.02992832138749643,-0.03,0.00264822224205441,0.0,1.0,0.6368327496360471,1267.9373289537232,2.149174909951919,4.882000000000005,-0.07699999999999996,7.271858287379509,1.6254835303454916e-30,0.06894416099697646,-0.24611100546087478,-0.49486892468402743,-0.49500000000000455,-1.3895209076105588,-3.180827773866185,landing,,,,-0.8515461177765928
125.125,63.97586993,-22.60539288,151.398,3.422,-0.3355,3.7651,359.4603,0.0302,-0.4706,-0.5854,19.981,23.373,0.1378,39.4468,-0.3532,1.0,1.0,1.0,-0.03,643.4,0.0,3.7,150.0,1,125.125,0.011359384775417924,0.03265342762847476,-0.03,0.005262127238425007,0.0,1.0,0.6702537012851687,1269.357538156587,2.1359407924442877,4.897999999999996,-0.07799999999999985,7.271858287379509,1.3545696086212429e-30,0.06857414685538664,-0.23781899798083356,-0.5330030457735404,-0.5597000000000207,-1.4349616818083688,-3.3571498280938186,landing,,,,-0.8449400646047991
125.208,63.97587796,-22.60539304,151.408,3.422,-0.3332,3.7306,359.4153,0.0266,-0.4854,-0.6155,19.61,22.997,0.1352,38.8121,-0.3666,1.0,1.0,1.0,-0.03,643.1,0.0,3.7,150.0,1,125.208,0.010638516589081659,0.034437425933723315,-0.03,0.007128497691159419,0.0,1.0,0.6894650588304327,1270.2526936304187,2.12778932676807,4.907999999999987,-0.07799999999999985,7.271858287379509,1.128808007184369e-30,0.06834672705928857,-0.23148825374049908,-0.5611716485789486,-0.6046999999999798,-1.4732415998493569,-3.458307072637326,landing,,,,-0.8408954111825366
125.317,63.97589018,-22.60539332,151.423,3.421,-0.3301,3.6748,359.3416,0.0277,-0.4628,-0.6483,19.013,22.391,0.1311,37.7905,-0.3894,1.0,1.0,1.0,-0.03,642.5,0.0,3.7,150.0,1,125.317,0.009494015800543265,0.03722695442650367,-0.03,0.010155123184840131,0.0,1.0,0.7143096501739541,1271.614934587153,2.1135955692272597,4.923000000000002,-0.07900000000000018,7.271858287379509,9.406733393203074e-31,0.06794269728884246,-0.22324142574742517,-0.6103649584457287,-0.6784000000000106,-1.5311288664109972,-3.6418304496869993,landing,,,,-0.8337389178082049
125.4,63.97589786,-22.60539351,151.433,3.42,-0.328,3.6414,359.2926,0.0225,-0.4531,-0.6563,18.619,21.992,0.1284,37.1161,-0.405,1.0,1.0,1.0,-0.03,642.1,0.0,3.7,150.0,1,125.4,0.008700183965323183,0.038998764683650794,-0.03,0.012260143129545376,0.0,1.0,0.7262010139339607,1272.4710726901635,2.1039879112036832,4.932999999999993,-0.08000000000000007,7.271858287379509,7.838944494335895e-31,0.06766635644502533,-0.21700748355125257,-0.6451699345149393,-0.7273999999999887,-1.5787946968197923,-3.7422993135160474,landing,,,,-0.8288655686362176
125.508,63.97590953,-22.60539381,151.447,3.419,-0.3254,3.5907,359.216,0.0224,-0.4084,-0.6507,17.992,21.356,0.1242,36.0417,-0.4291,1.0,1.0,1.0,-0.03,641.2,0.0,3.7,150.0,1,125.508,0.007500739106651777,0.04170545860980965,-0.03,0.015507204628430249,0.0,1.0,0.7372879457816408,1273.7720010983342,2.088835681185575,4.947000000000003,-0.08099999999999996,7.271858287379509,6.5324537452799125e-31,0.06722813806886048,-0.20896561769903188,-0.7021114836891513,-0.8039999999999736,-1.6485757140941293,-3.9298680627924147,landing,,,,-0.821172981120931
125.625,63.97592006,-22.60539411,151.46,3.418,-0.3233,3.5493,359.1467,0.0174,-0.3583,-0.6222,17.399,20.754,0.1203,35.0262,-0.4507,1.0,1.0,1.0,-0.03,640.1,0.0,3.7,150.0,1,125.625,0.006353142102551501,0.044125143207050715,-0.03,0.018659369928874625,0.0,1.0,0.7383700494590485,1274.9458460243413,2.0737278116730424,4.960000000000008,-0.08199999999999985,7.271858287379509,5.443711454399927e-31,0.06678593644290964,-0.2003366972261849,-0.7572133648789077,-0.873299999999972,-1.7314634782392277,-4.033368790572729,landing,,,,-0.8134544339170162
125.7,63.97592795,-22.60539435,151.47,3.417,-0.3219,3.5214,359.096,0.0112,-0.3064,-0.5856,16.939,20.287,0.1173,34.238,-0.466,1.0,1.0,1.0,-0.03,639.3,0.0,3.7,150.0,1,125.7,0.0055279188049171535,0.04590243754157872,-0.03,0.020939427265812438,0.0,1.0,0.7326096401039979,1275.825393386906,2.06166229535321,4.969999999999999,-0.08300000000000018,7.271858287379509,4.5364262119999395e-31,0.06643020035002682,-0.19485359045686723,-0.7997822516972803,-0.9239999999999782,-1.787777502152434,-4.224274658096401,landing,,,,-0.807277026139424
125.817,63.9759387,-22.6053947,151.483,3.416,-0.3207,3.49,359.0316,0.0094,-0.2267,-0.51,16.294,19.633,0.1132,33.1324,-0.484,1.0,1.0,1.0,-0.03,637.9,0.0,3.7,150.0,1,125.817,0.004414984349535855,0.04824131576201082,-0.03,0.02409517818972995,0.0,1.0,0.7146157253052092,1277.023762340737,2.0440961785909315,4.983000000000004,-0.08400000000000007,7.271858287379509,3.7803551766666162e-31,0.06590860913697826,-0.1863823541850597,-0.8569205059179126,-0.988399999999956,-1.8825033053772375,-4.3414151903440885,landing,,,,-0.7982706801565769
125.933,63.97594836,-22.60539504,151.495,3.415,-0.32,3.4699,358.9806,0.0031,-0.1324,-0.4192,15.7,19.029,0.1096,32.114,-0.4969,1.0,1.0,1.0,-0.03,636.5,0.0,3.7,150.0,1,125.933,0.0034499671156907885,0.050244820871406665,-0.03,0.026872321411848255,0.0,1.0,0.6879533761641621,1278.1006218200214,2.0270624140230065,4.9950000000000045,-0.08499999999999996,7.271858287379509,3.1502959805555136e-31,0.06539901535031585,-0.17807538996823982,-0.9064669959393541,-1.0394000000000005,-1.9812366670348736,-4.412258323510245,landing,,,,-0.7895299197479559
126.008,63.97595488,-22.60539527,151.503,3.415,-0.3199,3.4613,358.9514,-0.0036,-0.0616,-0.3464,15.294,18.617,0.1071,31.4177,-0.5032,1.0,1.0,1.0,-0.03,635.5,0.0,3.7,150.0,1,126.008,0.002871903850123869,0.051525821531598875,-0.03,0.028573595999784263,0.0,1.0,0.6647739241406243,1278.8274462226234,2.0155401456338606,5.002999999999986,-0.08499999999999996,7.271858287379509,2.625246650462928e-31,0.06505389795149025,-0.17275115914695827,-0.9375964918997681,-1.0686000000000604,-2.0465223920321067,-4.503265142585144,landing,,,,-0.783642941054083
126.125,63.97596473,-22.60539564,151.516,3.414,-0.3204,3.4605,358.918,-0.0057,0.0467,-0.2128,14.68,17.992,0.1035,30.363,-0.5079,1.0,1.0,1.0,-0.03,633.9,0.0,3.7,150.0,1,126.125,0.0021082595288808847,0.053339042240292706,-0.03,0.03089524021064738,0.0,1.0,0.6235865161520137,1279.9254857693393,1.9970291756736873,5.015999999999991,-0.08599999999999985,7.271858287379509,2.18770554205244e-31,0.06449632982349969,-0.16453135903693536,-0.9783312795251504,-1.1019999999999754,-2.151512080045332,-4.570955879428591,landing,,,,-0.7741873316197854
126.2,63.97597089,-22.60539588,151.523,3.413,-0.3209,3.4647,358.9049,-0.0125,0.1197,-0.1232,14.295,17.6,0.1013,29.701,-0.5076,1.0,1.0,1.0,-0.03,632.8,0.0,3.7,150.0,1,126.2,0.0017103188555059878,0.05439828945950284,-0.03,0.03213331518351903,0.0,1.0,0.5953671624112578,1280.6121783740991,1.9850309785406863,5.022999999999996,-0.08700000000000019,7.271858287379509,1.8230879517103665e-31,0.06413365896954581,-0.1593100062166269,-0.9991086706846772,-1.115099999999984,-2.2190082394449933,-4.622081102510823,landing,,,,-0.7680734204545487
126.317,63.9759802,-22.60539624,151.535,3.413,-0.3225,3.4854,358.8988,-0.0144,0.225,0.0306,13.722,17.016,0.0981,28.716,-0.5015,1.0,1.0,1.0,-0.03,631.0,0.0,3.7,150.0,1,126.317,0.001273682250528374,0.05586881262419871,-0.03,0.03361397735726257,0.0,1.0,0.5523984431978286,1281.6500206535825,1.9670309587762111,5.034999999999997,-0.08700000000000019,7.271858287379509,1.5192399597586388e-31,0.06358931765675052,-0.1512487470265429,-1.0205193176829823,-1.1212000000000444,-2.3242262430434835,-4.647113356594958,landing,,,,-0.7589505770102107
126.4,63.97598666,-22.6053965,151.543,3.412,-0.3238,3.5044,358.9053,-0.0198,0.2894,0.1378,13.328,16.613,0.0959,28.0361,-0.4929,1.0,1.0,1.0,-0.03,629.7,0.0,3.7,150.0,1,126.4,0.0010853645939688517,0.056811310707852364,-0.03,0.034323373186382455,0.0,1.0,0.5235746036607165,1282.3701559374651,1.9540412131763762,5.043000000000006,-0.08800000000000008,7.271858287379509,1.2660332997988656e-31,0.06319506836307101,-0.1455851014856337,-1.0272078712405346,-1.1146999999999707,-2.397455265226231,-4.656192865250554,landing,,,,-0.7523831954290117
126.508,63.97599546,-22.60539685,151.555,3.411,-0.3262,3.542,358.9295,-0.0216,0.3499,0.288,12.803,16.077,0.0931,27.131,-0.4751,1.0,1.0,1.0,-0.03,627.9,0.0,3.7,150.0,1,126.508,0.0010382795455912697,0.05797769690638174,-0.03,0.03474102697456505,0.0,1.0,0.4879903981582862,1283.3511452513576,1.9365509762260549,5.055000000000007,-0.08899999999999997,7.271858287379509,1.0550277498323879e-31,0.06266412067605723,-0.1382932700872719,-1.023222989367241,-1.09050000000002,-2.489336748361781,-4.674821796692463,landing,,,,-0.7435914802882664
126.633,63.97600397,-22.60539719,151.566,3.411,-0.3288,3.584,358.9706,-0.0236,0.3816,0.4237,12.304,15.565,0.0904,26.2676,-0.4507,1.0,1.0,1.0,-0.03,626.1,0.0,3.7,150.0,1,126.633,0.001149142700685224,0.05900358849770945,-0.03,0.03471300705550928,0.0,1.0,0.458076914735456,1284.299806481793,1.9195619612907013,5.0660000000000025,-0.08899999999999997,7.271858287379509,8.791897915269899e-32,0.0621476768583728,-0.12994858852127833,-1.0029856620667488,-1.0493999999999915,-2.589395039007258,-4.612747087902239,landing,,,,-0.7350976889787972
126.708,63.9760093,-22.60539739,151.572,3.41,-0.3307,3.6112,359.0049,-0.0245,0.3832,0.4996,11.993,15.247,0.0888,25.7303,-0.4317,1.0,1.0,1.0,-0.03,625.0,0.0,3.7,150.0,1,126.708,0.0013402094588502722,0.05959958304699073,-0.03,0.03436590481596591,0.0,1.0,0.44178050347910325,1284.8939740779037,1.909555810844043,5.072000000000003,-0.08999999999999986,7.271858287379509,7.326581596058249e-32,0.06184448224840457,-0.1249853808813446,-0.9812117814506394,-1.0150999999999613,-2.6461070762147028,-4.570376140517173,landing,,,,-0.7301375231832807
126.825,63.97601795,-22.60539771,151.584,3.41,-0.3336,3.6599,359.074,-0.0236,0.3742,0.6091,11.499,14.739,0.0862,24.8732,-0.3958,1.0,1.0,1.0,-0.03,623.1,0.0,3.7,150.0,1,126.825,0.0018229412866895278,0.06048977549461951,-0.03,0.03326922412281752,0.0,1.0,0.41945080318940875,1285.8582423934836,1.8935412227771522,5.084000000000003,-0.08999999999999986,7.271858287379509,6.105484663381874e-32,0.061359265147707696,-0.11731890387362527,-0.9316541385308597,-0.9459999999999127,-2.7258296234229835,-4.538725784308526,landing,,,,-0.7222399088091578
126.9,63.97602299,-22.60539789,151.59,3.409,-0.3353,3.6866,359.1214,-0.0205,0.3659,0.6594,11.212,14.442,0.0847,24.3729,-0.3722,1.0,1.0,1.0,-0.03,622.0,0.0,3.7,150.0,1,126.9,0.002178418181583208,0.06097667482051369,-0.03,0.03241151523212882,0.0,1.0,0.4084316510674411,1286.4200820771578,1.8845262314962705,5.090000000000003,-0.09100000000000019,7.271858287379509,5.087903886151562e-32,0.06108654971676096,-0.11244411538518395,-0.8948992375961495,-0.8985999999999876,-2.772780901247312,-4.473993137250163,landing,,,,-0.7178227847154801
127.017,63.97603011,-22.60539813,151.6,3.409,-0.3375,3.7252,359.1958,-0.0184,0.3377,0.7131,10.809,14.027,0.0826,23.672,-0.3362,1.0,1.0,1.0,-0.03,620.6,0.0,3.7,150.0,1,127.017,0.0027610674883409847,0.061617871061471735,-0.03,0.03093834211307578,0.0,1.0,0.3953601681188227,1287.2137923518578,1.872490677973726,5.099999999999994,-0.09100000000000019,7.271858287379509,4.2399199051263014e-32,0.06072368710598004,-0.1049009119437827,-0.8336847780293795,-0.8242000000000189,-2.8367707647027154,-4.380397801540579,landing,,,,-0.7119696721398441
127.133,63.97603754,-22.60539835,151.609,3.408,-0.3394,3.7614,359.281,-0.0139,0.2906,0.7459,10.385,13.588,0.0804,22.9315,-0.2958,1.0,1.0,1.0,-0.03,619.2,0.0,3.7,150.0,1,127.133,0.003485350728578751,0.06224921461724006,-0.03,0.029011383080415287,0.0,1.0,0.3841905775123051,1288.042060756448,1.861422936156826,5.109000000000009,-0.09200000000000008,7.271858287379509,3.533266587605251e-32,0.06039307973454834,-0.09748969783505916,-0.7590337163762797,-0.7390000000000327,-2.8895882238321677,-4.314468220836264,landing,,,,-0.7066607124206712
127.208,63.97604219,-22.60539848,151.615,3.408,-0.3403,3.7797,359.3373,-0.0085,0.2003,0.7536,10.117,13.31,0.0771,22.4627,-0.2698,1.0,1.0,1.0,-0.03,618.4,0.0,3.7,150.0,1,127.208,0.003971753793061417,0.06262547889609346,-0.03,0.027674357111293624,0.0,1.0,0.37836559274012904,1288.5604253675533,1.8548728072885077,5.115000000000009,-0.09200000000000008,7.271858287379509,2.944388823004376e-32,0.06019823380692386,-0.09273110605495205,-0.708147818825438,-0.6826999999999543,-2.919118812153424,-4.247092321972347,landing,,,,-0.7035424511836581
127.317,63.97604924,-22.60539866,151.624,3.407,-0.3411,3.8,359.4249,-0.0052,0.1472,0.7444,9.708,12.886,0.075,21.748,-0.2303,1.0,1.0,1.0,-0.03,617.2,0.0,3.7,150.0,1,127.317,0.004753160678002466,0.06316628726192883,-0.03,0.025452586056004645,0.0,1.0,0.37109737575426827,1289.346333296032,1.8457796016060894,5.123999999999995,-0.09299999999999997,7.271858287379509,2.4536573525036466e-32,0.05992980068059662,-0.08586183476210103,-0.6267098046099591,-0.5951000000000022,-2.9521663171009505,-4.20211061797321,landing,,,,-0.6992593661295956
127.433,63.97605558,-22.6053988,151.632,3.407,-0.3413,3.8151,359.5045,0.0009,0.1696,0.7178,9.336,12.499,0.0676,21.0955,-0.1954,1.0,1.0,1.0,-0.03,616.3,0.0,3.7,150.0,1,127.433,0.005463567714343254,0.06362708940925085,-0.03,0.02337254635180508,0.0,1.0,0.3659306781326263,1290.0530934240107,1.8386737729092253,5.132000000000005,-0.09299999999999997,7.271858287379509,2.0447144604197054e-32,0.059723004440780485,-0.07860196715255617,-0.5506949421652223,-0.5154999999999745,-2.9777191878225797,-4.111636611950532,landing,,,,-0.6959698717146168
127.508,63.97606033,-22.60539889,151.638,3.407,-0.3412,3.8292,359.5633,0.0055,0.1677,0.688,9.053,12.204,0.0664,20.5968,-0.17,1.0,1.0,1.0,-0.03,615.6,0.0,3.7,150.0,1,127.508,0.006004881535868534,0.0639586129196624,-0.03,0.021758889173333018,0.0,1.0,0.36279045583067554,1290.582606393182,1.8340795018938638,5.138000000000005,-0.09299999999999997,7.271858287379509,1.7039287170164213e-32,0.0595916640264223,-0.07393608743269381,-0.4928919708326589,-0.45669999999995525,-2.989638793913905,-4.080881768439929,landing,,,,-0.6938852088567984
127.625,63.97606634,-22.60539899,151.645,3.407,-0.3405,3.8462,359.6353,0.0078,0.1419,0.636,8.687,11.823,0.0646,19.9537,-0.1398,1.0,1.0,1.0,-0.03,614.8,0.0,3.7,150.0,1,127.625,0.0066627495636282785,0.06436307069016997,-0.03,0.019731387376727638,0.0,1.0,0.3595995512957313,1291.2525798816453,1.8289462635213303,5.14500000000001,-0.09299999999999997,7.271858287379509,1.4199405975136844e-32,0.059447464257725915,-0.0666923833735521,-0.42142023374225346,-0.3847000000000662,-2.9996699200251205,-3.994274801145847,landing,,,,-0.6916005107291738
127.7,63.97607038,-22.60539905,151.65,3.406,-0.3398,3.8559,359.6818,0.0123,0.1213,0.5962,8.435,11.56,0.0633,19.51,-0.1205,1.0,1.0,1.0,-0.03,614.4,0.0,3.7,150.0,1,127.7,0.007090905952212734,0.06462754133473,-0.03,0.018383821843096948,0.0,1.0,0.3578841153711767,1291.7029448792964,1.8258494325147754,5.150000000000006,-0.09399999999999986,7.271858287379509,1.1832838312614036e-32,0.059361972360978135,-0.06207350448804468,-0.3738725598535666,-0.33819999999991524,-3.002537395624926,-3.9366134555871204,landing,,,,-0.69024798756611
127.808,63.9760765,-22.60539913,151.657,3.406,-0.3383,3.8688,359.7475,0.0137,0.096,0.5253,8.046,11.153,0.0613,18.8233,-0.0939,1.0,1.0,1.0,-0.03,613.7,0.0,3.7,150.0,1,127.808,0.007700122877123017,0.06501463263054971,-0.03,0.016408395784642038,0.0,1.0,0.355884529161868,1292.3851811504712,1.821691788392525,5.157000000000011,-0.09399999999999986,7.271858287379509,9.86069859384503e-33,0.05924973650680041,-0.05545106832915303,-0.30581752769316495,-0.2725000000000364,-2.999539991752181,-3.9061805825202662,landing,,,,-0.6884746285083736
127.925,63.97608198,-22.60539918,151.664,3.406,-0.3366,3.878,359.8011,0.0166,0.0756,0.456,7.687,10.776,0.0594,18.1875,-0.0728,1.0,1.0,1.0,-0.03,613.2,0.0,3.7,150.0,1,127.925,0.008205448038006158,0.06535072077297785,-0.03,0.014717329977131266,0.0,1.0,0.3546216778617547,1292.9960728224696,1.8190288602141065,5.163999999999987,-0.09399999999999986,7.271858287379509,8.217248828204192e-33,0.059183649636602116,-0.048310322155187484,-0.24933940740265825,-0.21889999999996235,-2.9900566738486765,-3.830016535779907,landing,,,,-0.6874316388689792
128.0,63.97608606,-22.60539921,151.669,3.405,-0.3352,3.8837,359.8371,0.0191,0.0616,0.4022,7.411,10.487,0.0579,17.6992,-0.0589,1.0,1.0,1.0,-0.03,612.8,0.0,3.7,150.0,1,128.0,0.008543365834680794,0.06559473609131813,-0.03,0.013556123549900989,0.0,1.0,0.3539676708795899,1293.4508974030923,1.8174002843249424,5.169000000000011,-0.0950000000000002,7.271858287379509,6.847707356836827e-33,0.059145938523646496,-0.04375360096052586,-0.21067014077712543,-0.18290000000001783,-2.9813487487948125,-3.816378668890813,landing,,,,-0.6868368771583846
128.108,63.97609121,-22.60539925,151.675,3.405,-0.3331,3.8896,359.8771,0.0189,0.0465,0.3307,7.054,10.111,0.056,17.0652,-0.0438,1.0,1.0,1.0,-0.03,612.4,0.0,3.7,150.0,1,128.108,0.008919046531051356,0.0658957302508548,-0.03,0.01220234568608869,0.0,1.0,0.3534502114739987,1294.0250019225145,1.8152401346703095,5.175000000000011,-0.0950000000000002,7.271858287379509,5.7064227973640224e-33,0.05909490859417078,-0.03721383786889727,-0.1670565614272732,-0.1429000000000542,-2.9645833823078336,-3.769940204042141,landing,,,,-0.6860325185326275
128.225,63.97609655,-22.60539927,151.682,3.405,-0.3308,3.8943,359.9117,0.0194,0.0325,0.2579,6.671,9.706,0.0538,16.3824,-0.0308,1.0,1.0,1.0,-0.03,612.0,0.0,3.7,150.0,1,128.225,0.00925359560112543,0.06620060070089315,-0.03,0.010947080495688155,0.0,1.0,0.35323302077441576,1294.6202873644702,1.8140524662477722,5.181999999999988,-0.0950000000000002,7.271858287379509,4.7553523311366856e-33,0.05907622587228492,-0.030156785474151827,-0.12771974373697503,-0.10829999999998563,-2.942568856734832,-3.72480966490236,landing,,,,-0.6857381649163514
128.3,63.97609986,-22.60539928,151.685,3.405,-0.3294,3.8964,359.9297,0.0206,0.0248,0.2138,6.425,9.446,0.0524,15.9434,-0.0242,1.0,1.0,1.0,-0.03,611.8,0.0,3.7,150.0,1,128.3,0.009432477301934472,0.06638651445038177,-0.03,0.010256206155156433,0.0,1.0,0.35324268127964215,1294.9892751976854,1.8134337278061863,5.185000000000002,-0.0950000000000002,7.271858287379509,3.962793609280571e-33,0.059068464310449896,-0.025651258687181683,-0.10696744730577734,-0.09029999999995653,-2.927272090309314,-3.684372422638442,landing,,,,-0.6856158993448531
128.417,63.97610484,-22.6053993,151.691,3.405,-0.3271,3.8988,359.951,0.0188,0.015,0.1492,6.044,9.041,0.0503,15.2599,-0.0163,1.0,1.0,1.0,-0.03,611.6,0.0,3.7,150.0,1,128.417,0.009643574378332465,0.06666199953694826,-0.03,0.009365989195110336,0.0,1.0,0.3534408413566922,1295.5444290136113,1.8122600679643863,5.1910000000000025,-0.0950000000000002,7.271858287379509,3.3023280077338094e-33,0.05904887119447881,-0.018642500848548238,-0.08120098105973739,-0.06899999999995998,-2.9010960068526925,-3.645466771163177,landing,,,,-0.6853073093416384
128.533,63.97610926,-22.6053993,151.697,3.404,-0.3251,3.9,359.9645,0.0182,0.0075,0.0967,5.691,8.665,0.0482,14.6245,-0.0111,1.0,1.0,1.0,-0.03,611.3,0.0,3.7,150.0,1,128.533,0.009794526981864726,0.06690353989944806,-0.03,0.008688302811367787,0.0,1.0,0.35378131621332365,1296.0371561983698,1.8120880737236382,5.197000000000003,-0.09600000000000009,7.271858287379509,2.7519400064448412e-33,0.05905981592513707,-0.01171947786461882,-0.06348750592971442,-0.055499999999938154,-2.8738812931731976,-3.5907064690825465,landing,,,,-0.6854796783435262
128.608,63.97611222,-22.60539931,151.7,3.404,-0.3237,3.9004,359.9707,0.0181,0.0032,0.0645,5.448,8.404,0.0468,14.184,-0.0087,1.0,1.0,1.0,-0.03,611.2,0.0,3.7,150.0,1,128.608,0.009860264969353216,0.06706378340751037,-0.03,0.008332002629832802,0.0,1.0,0.3540857302051901,1296.3671271730332,1.811482954735516,5.199999999999989,-0.09600000000000009,7.271858287379509,2.2932833387040345e-33,0.05905117776394808,-0.007261340837660154,-0.055143345970947166,-0.049299999999902866,-2.8560246834743874,-3.5588240628022474,landing,,,,-0.6853436335703549
128.717,63.97611663,-22.60539931,151.706,3.404,-0.3217,3.9005,359.9757,0.0161,-0.0022,0.0192,5.072,7.997,0.0446,13.4978,-0.0061,1.0,1.0,1.0,-0.03,611.0,0.0,3.7,150.0,1,128.717,0.009920888651370363,0.06730249968050192,-0.03,0.007921440802286739,0.0,1.0,0.35464420535768204,1296.8587395903137,1.8113113496220414,5.205999999999989,-0.09600000000000009,7.271858287379509,1.9110694489200285e-33,0.05906210348393087,-0.000797188686200997,-0.04589342198255508,-0.0443000000000211,-2.8297227144245167,-3.5488892647659878,landing,,,,-0.6855157082772507
128.833,63.97612054,-22.60539932,151.71,3.404,-0.32,3.9001,359.9759,0.0153,-0.0063,-0.0171,4.726,7.619,0.0425,12.8594,-0.005,1.0,1.0,1.0,-0.03,610.8,0.0,3.7,150.0,1,128.833,0.009945723226345404,0.06751302041634463,-0.03,0.007651409414431765,0.0,1.0,0.3552296933979423,1297.2946134666483,1.8106692635459862,5.210000000000008,-0.09600000000000009,7.271858287379509,1.5925578741000236e-33,0.05905581604752699,0.006056368438231252,-0.04227777992198867,-0.04409999999995762,-2.8020135309371907,-3.497422842577264,landing,,,,-0.6854166812855524
128.908,63.97612341,-22.60539932,151.714,3.404,-0.3188,3.8995,359.9736,0.0145,-0.0089,-0.041,4.462,7.328,0.0409,12.3675,-0.0047,1.0,1.0,1.0,-0.03,610.7,0.0,3.7,150.0,1,128.908,0.009933450802848298,0.06766838550402063,-0.03,0.007548944504509714,0.0,1.0,0.3557105765275911,1297.6145517066168,1.8105575840276407,5.213999999999999,-0.09600000000000009,7.271858287379509,1.3271315617500196e-33,0.059062930341381714,0.010470947292738633,-0.0417740166361682,-0.046399999999948704,-2.7844784294551608,-3.499475311433925,landing,,,,-0.6855287318630943
129.025,63.97612698,-22.60539932,151.718,3.404,-0.3173,3.8984,359.9678,0.0132,-0.0115,-0.0671,4.122,6.948,0.0388,11.7267,-0.0049,1.0,1.0,1.0,-0.03,610.6,0.0,3.7,150.0,1,129.025,0.009902885568632003,0.06786325075320385,-0.03,0.007465890923882501,0.0,1.0,0.356363996224751,1298.0125236628974,1.8104186656026444,5.217999999999989,-0.09600000000000009,7.271858287379509,1.1059429681250164e-33,0.05907178344682578,0.017341509261576665,-0.04394103228312929,-0.052199999999970714,-2.758007431830528,-3.445521456392881,landing,,,,-0.6856681832114759
129.1,63.9761301,-22.60539933,151.722,3.403,-0.316,3.8972,359.9602,0.0119,-0.0129,-0.0857,3.814,6.597,0.0369,11.1341,-0.0056,1.0,1.0,1.0,-0.03,610.5,0.0,3.7,150.0,1,129.1,0.009825409021579468,0.06803587722405488,-0.03,0.0075447196598079636,0.0,1.0,0.3569821109741375,1298.3603309164123,1.8098073205784242,5.222000000000008,-0.09699999999999998,7.271858287379509,9.216191401041803e-34,0.05906353467429165,0.02172792058899393,-0.048817447141459525,-0.059799999999995634,-2.741807376091801,-3.505625566417827,landing,,,,-0.6855382506190324
129.2,63.97613307,-22.60539933,151.726,3.403,-0.3148,3.8958,359.951,0.0107,-0.0145,-0.0992,3.513,6.245,0.0349,10.5401,-0.0065,1.0,1.0,1.0,-0.03,610.6,0.0,3.7,150.0,1,129.2,0.009751998755986202,0.06820256014616408,-0.03,0.007623082940992454,0.0,1.0,0.3576069696088138,1298.6914168303658,1.8096917497876208,5.225999999999999,-0.09699999999999998,7.271858287379509,7.680159500868169e-34,0.05907090282546249,0.027562584469576535,-0.055333869661865265,-0.06899999999995998,-2.72128930233088,-3.4605686967434948,landing,,,,-0.6856543112249867
129.3,63.97613587,-22.60539933,151.729,3.403,-0.3138,3.8943,359.9406,0.0096,-0.0153,-0.1082,3.22,5.892,0.033,9.9451,-0.0076,1.0,1.0,1.0,-0.03,610.8,0.0,3.7,150.0,1,129.3,0.009669946919055983,0.0683638572479622,-0.03,0.007750134323523339,0.0,1.0,0.358231639965064,1299.0035516979904,1.809582794160189,5.229000000000013,-0.09699999999999998,7.271858287379509,6.4001329173901405e-34,0.059077851776503446,0.033378494365662946,-0.06378516450644156,-0.07939999999996417,-2.7020164093075634,-3.4123351788576617,landing,,,,-0.6857637788538824
129.4,63.97613851,-22.60539934,151.732,3.403,-0.3129,3.8928,359.9295,0.0086,-0.0157,-0.1132,2.938,5.539,0.031,9.349,-0.0086,1.0,1.0,1.0,-0.03,611.0,0.0,3.7,150.0,1,129.4,0.009577704542676146,0.06851985946416614,-0.03,0.007918891184713006,0.0,1.0,0.35884889138898857,1299.2978501165348,1.8089901272437108,5.231999999999999,-0.09699999999999998,7.271858287379509,5.333444097825117e-34,0.05906840813910489,0.03917407353168756,-0.07270548345576344,-0.09050000000002001,-2.684046245214491,-3.3584865262342527,landing,,,,-0.6856150145390529
129.5,63.97614098,-22.60539935,151.735,3.403,-0.3121,3.8912,359.9181,0.0073,-0.0157,-0.1148,2.673,5.185,0.0291,8.7519,-0.0096,1.0,1.0,1.0,-0.03,611.4,0.0,3.7,150.0,1,129.5,0.009481911066219373,0.06867152212392832,-0.03,0.008109715089796299,0.0,1.0,0.3594562333916444,1299.573197489542,1.808404075664387,5.235000000000014,-0.09699999999999998,7.271858287379509,4.444536748187597e-34,0.05905853943048862,0.04494934722963047,-0.0828479830349238,-0.10190000000000055,-2.667395782762347,-3.294078660212971,landing,,,,-0.6854595735229623
129.608,63.97614348,-22.60539935,151.738,3.403,-0.3114,3.8895,359.9057,0.0061,-0.0153,-0.1135,2.409,4.802,0.027,8.104,-0.0104,1.0,1.0,1.0,-0.03,611.8,0.0,3.7,150.0,1,129.608,0.009381732273121057,0.06883079234789977,-0.03,0.008325073614911638,0.0,1.0,0.36009653577851886,1299.851889336003,1.8083067938540518,5.2379999999999995,-0.09699999999999998,7.271858287379509,3.703780623489664e-34,0.05906474488739614,0.05116652202744282,-0.09352860066877611,-0.11429999999995744,-2.650932308308508,-3.2168391860521877,landing,,,,-0.6855573127253294
129.7,63.97614544,-22.60539936,151.741,3.403,-0.3109,3.8881,359.8954,0.0053,-0.0155,-0.1103,2.212,4.476,0.0252,7.5551,-0.0109,1.0,1.0,1.0,-0.03,612.3,0.0,3.7,150.0,1,129.7,0.0092966134600172,0.06896284092515734,-0.03,0.00851901593912363,0.0,1.0,0.3606256689631141,1300.070383573191,1.8077405875896768,5.241000000000014,-0.09699999999999998,7.271858287379509,3.0864838529080534e-34,0.05905360652848351,0.05644254316051159,-0.1026625145109108,-0.12459999999998672,-2.638006931072071,-3.119063291668029,landing,,,,-0.6853818833163317
129.8,63.97614742,-22.60539937,151.743,3.403,-0.3104,3.8866,359.8846,0.004,-0.0148,-0.1053,2.033,4.121,0.0232,6.9555,-0.0113,1.0,1.0,1.0,-0.03,612.8,0.0,3.7,150.0,1,129.8,0.009206076026941734,0.06910336830033356,-0.03,0.008728984739829526,0.0,1.0,0.36118370813008516,1300.2911073437504,1.8071736030713081,5.242999999999995,-0.09699999999999998,7.271858287379509,2.5720698774233777e-34,0.05904251502974026,0.06215865285295188,-0.11308342159236418,-0.13540000000000418,-2.6251668617613477,-2.998239356061808,landing,,,,-0.6852072170316035
129.9,63.97614924,-22.60539937,151.745,3.403,-0.3101,3.8851,359.8744,0.0027,-0.0143,-0.099,1.903,3.765,0.0212,6.3553,-0.0114,1.0,1.0,1.0,-0.03,613.5,0.0,3.7,150.0,1,129.9,0.00912830536055298,0.06924125781151544,-0.03,0.00892432081304495,0.0,1.0,0.36172325801115446,1300.4939950080627,1.8071027819133532,5.2450000000000045,-0.09699999999999998,7.271858287379509,2.1433915645194813e-34,0.05904703240254871,0.06785616058369659,-0.12277582268231413,-0.14560000000005857,-2.6134751931437408,-2.8438539600561956,landing,,,,-0.6852783525243566
130.008,63.97615103,-22.60539938,151.747,3.403,-0.3099,3.8836,359.864,0.001,-0.0134,-0.0915,1.828,3.38,0.0191,5.7045,-0.0113,1.0,1.0,1.0,-0.03,614.2,0.0,3.7,150.0,1,130.008,0.00904875177698966,0.0693873855291319,-0.03,0.009136494544233487,0.0,1.0,0.36228342450231266,1300.6935381989213,1.8065431908123495,5.247000000000014,-0.09699999999999998,7.271858287379509,1.7861596370995676e-34,0.05903546582829562,0.07398770871505145,-0.13349661875002994,-0.15599999999994907,-2.6020976610577824,-2.6484530950005793,landing,,,,-0.6850962208869049
130.1,63.97615239,-22.60539939,151.749,3.403,-0.3098,3.8831,359.8559,0.0003,0.0225,-0.0846,1.827,3.053,0.0168,5.1522,-0.0109,1.0,1.0,1.0,-0.03,614.8,0.0,3.7,150.0,1,130.1,0.008988317796653267,0.06948617833549084,-0.03,0.009303680688817484,0.0,1.0,0.3626539885596647,1300.8451463929905,1.8060003323565046,5.248999999999995,-0.09699999999999998,7.271858287379509,1.4884663642496396e-34,0.05902282963058281,0.0791909134010047,-0.1412148334601966,-0.16409999999996217,-2.593255562576049,-2.408672774111199,landing,,,,-0.6848972776503857
130.2,63.97615372,-22.6053994,151.751,3.402,-0.3098,3.8862,359.8478,0.0006,0.0332,-0.0758,1.889,2.694,0.0149,4.5465,-0.0102,1.0,1.0,1.0,-0.03,615.5,0.0,3.7,150.0,1,130.2,0.008931355132815677,0.06948617833549084,-0.03,0.009472163650040888,0.0,1.0,0.3626539885596647,1300.9934102838342,1.8054586411086955,5.251000000000005,-0.09799999999999986,7.271858287379509,1.2403886368746996e-34,0.05901011681973546,0.08482795537164124,-0.17219999999997526,-0.17219999999997526,-2.5845430069502866,-2.133338885555632,landing,,,,-0.6846971609826014
130.3,63.97615488,-22.6053994,151.752,3.402,-0.3098,3.8894,359.8407,0.0003,0.0313,-0.0661,2.014,2.335,0.013,3.9405,-0.0093,1.0,1.0,1.0,-0.03,616.1,0.0,3.7,150.0,1,130.3,0.00888460112580175,0.06948617833549084,-0.03,0.009610451368192718,0.0,1.0,0.3626539885596647,1301.1227233009533,1.8054135023485738,5.2520000000000095,-0.09799999999999986,7.271858287379509,1.033657197395583e-34,0.059012994667040033,0.09044649498710772,-0.179300000000012,-0.179300000000012,-2.576627576880783,-1.825762623232419,landing,,,,-0.6847424592762792
130.4,63.97615587,-22.60539941,151.753,3.402,-0.3098,3.8926,359.8345,-0.0004,0.0329,-0.0563,2.189,1.975,0.011,3.3342,-0.0083,1.0,1.0,1.0,-0.03,616.7,0.0,3.7,150.0,1,130.4,0.008842161488233302,0.06948617833549084,-0.03,0.009735977964298814,0.0,1.0,0.3626539885596647,1301.2330851007225,1.8048850414269553,5.252999999999986,-0.09799999999999986,7.271858287379509,8.613809978296525e-35,0.05899943566359572,0.09604495023684329,-0.1855000000000473,-0.1855000000000473,-2.5694113011119804,-1.5006932938476443,landing,,,,-0.6845290506777744
130.5,63.9761567,-22.60539941,151.754,3.402,-0.3098,3.8961,359.8294,-0.0012,0.0379,-0.0464,2.405,1.616,0.009,2.7275,-0.0071,1.0,1.0,1.0,-0.03,617.3,0.0,3.7,150.0,1,130.5,0.008811667584105398,0.06948617833549084,-0.03,0.0098261717521686,0.0,1.0,0.3626539885596647,1301.325610793453,1.804852743866027,5.253999999999991,-0.09799999999999986,7.271858287379509,7.17817498191377e-35,0.05900149448744291,0.10162494985146445,-0.19059999999990396,-0.19059999999990396,-2.5627771881008514,-1.1679029944069383,landing,,,,-0.6845614526228516
130.6,63.97615736,-22.60539942,151.755,3.402,-0.31,3.9002,359.8252,-0.0041,0.0458,-0.0363,2.651,1.256,0.007,2.1201,-0.0054,1.0,1.0,1.0,-0.03,617.7,0.0,3.7,150.0,1,130.6,0.008794004060757643,0.06948617833549084,-0.03,0.009901544826052766,0.0,1.0,0.3626539885596647,1301.3991852704182,1.8043371241430481,5.2549999999999955,-0.09799999999999986,7.271858287379509,5.981812484928141e-35,0.05898711482871007,0.10718491150149692,-0.19479999999998654,-0.19479999999998654,-2.5566294162198417,-0.8380936312790221,landing,,,,-0.684335162332431
130.7,63.97615786,-22.60539942,151.756,3.402,-0.3102,3.9053,359.8222,-0.0058,0.0556,-0.0208,2.92,0.896,0.005,1.5119,-0.0042,1.0,1.0,1.0,-0.03,618.2,0.0,3.7,150.0,1,130.7,0.008790037266625694,0.06948617833549084,-0.03,0.009936406091619165,0.0,1.0,0.3626539885596647,1301.454923639552,1.8043176677810364,5.256,-0.09799999999999986,7.271858287379509,4.984843737440118e-35,0.05898835478369903,0.11272646394152819,-0.1977999999999156,-0.1977999999999156,-2.550843122057635,-0.5173578466172788,landing,,,,-0.6843546736416855
130.8,63.97615819,-22.60539942,151.756,3.402,-0.3105,3.9113,359.8204,-0.0072,0.067,-0.0115,3.206,0.535,0.0029,0.9025,-0.0024,1.0,1.0,1.0,-0.03,618.6,0.0,3.7,150.0,1,130.8,0.008801483730146553,0.06948617833549084,-0.03,0.009937242756355213,0.0,1.0,0.3626539885596647,1301.4917109631485,1.8043048265821198,5.256,-0.09799999999999986,7.271858287379509,4.154036447866765e-35,0.058989173197197806,0.11824962638144414,-0.1995999999999185,-0.1995999999999185,-2.5452946908370495,-0.21032531510667613,landing,,,,-0.6843675519568251
130.9,63.97615835,-22.60539942,151.756,3.402,-0.311,3.9186,359.8196,-0.006,0.0794,0.0006,3.507,0.173,0.0008,0.2917,-0.0007,1.0,1.0,1.0,-0.03,618.9,0.0,3.7,150.0,1,130.9,0.008830529698993839,0.06948617833549084,-0.03,0.009909152467588167,0.0,1.0,0.3626539885596647,1301.5095472412079,1.8042986005462982,5.256,-0.09799999999999986,7.271858287379509,3.4616970398889705e-35,0.0589895700161097,0.12375441796178331,-0.20039999999994507,-0.20039999999994507,-2.539881743928674,0.0824315317212192,landing,,,,-0.6843737962320162
131.0,63.97615836,-22.60539943,151.757,3.402,-0.3114,3.9557,359.8193,-0.0052,1.2634,-0.0077,3.692,0.045,-0.0014,-0.0762,-0.0,1.0,1.0,1.0,-0.03,619.2,0.0,3.7,150.0,1,131.0,0.008857883256202514,0.06948617833549084,-0.03,0.009874503621608355,0.0,1.0,0.3626539885596647,1301.510661837665,1.8038082742682162,5.257000000000005,-0.09799999999999986,7.271858287379509,2.8847475332408086e-35,0.05897357685345947,0.12923926092058968,-0.20069999999998345,-0.20069999999998345,-2.534552926489386,0.24311957429202707,landing,,,,-0.6841221558762385
131.1,63.97615833,-22.60539942,151.757,3.402,-0.3119,4.1255,359.8183,-0.0038,1.9231,-0.0115,3.712,0.068,-0.0025,-0.1141,0.0001,1.0,1.0,1.0,-0.03,619.5,0.0,3.7,150.0,1,131.1,0.008886614463101739,0.06948617833549084,-0.03,0.00984734375827545,0.0,1.0,0.3626539885596647,1301.5073177062525,1.8042993788008448,5.257000000000005,-0.09799999999999986,7.271858287379509,2.4039562777006738e-35,0.05898952041329958,0.13470741542551737,-0.2016999999999598,-0.2016999999999598,-2.529377397224488,0.23919961299275294,landing,,,,-0.6843730156888483
131.2,63.97615829,-22.60539942,151.758,3.402,-0.3122,4.3101,359.8172,-0.0027,1.6856,-0.01,3.704,0.059,-0.0025,-0.1,0.0002,1.0,1.0,1.0,-0.03,619.7,0.0,3.7,150.0,1,131.2,0.008903372291364953,0.06948617833549084,-0.03,0.009832470045981423,0.0,1.0,0.3626539885596647,1301.5028586371336,1.8043009353096622,5.25800000000001,-0.09799999999999986,7.271858287379509,2.0032968980838948e-35,0.05898942120807558,0.14015733282823956,-0.20280000000002474,-0.20280000000002474,-2.524363623252246,0.2101814663570477,landing,,,,-0.6843714546102362
131.3,63.97615826,-22.60539942,151.759,3.402,-0.3124,4.4602,359.8163,-0.0019,1.2783,-0.0076,3.692,0.045,-0.002,-0.0759,0.0001,1.0,1.0,1.0,-0.03,619.9,0.0,3.7,150.0,1,131.3,0.008917825539171309,0.06948617833549084,-0.03,0.009812848776220462,0.0,1.0,0.3626539885596647,1301.4995143347005,1.8043021026914823,5.258999999999986,-0.09799999999999986,7.271858287379509,1.6694140817365788e-35,0.05898934680447566,0.14558907639926089,-0.2037000000000262,-0.2037000000000262,-2.519489987019725,0.1801649694155004,landing,,,,-0.6843702838076027
131.4,63.97615824,-22.60539942,151.76,3.401,-0.3126,4.5706,359.8156,-0.0013,0.9139,-0.0054,3.681,0.032,-0.0015,-0.0543,0.0001,1.0,1.0,1.0,-0.03,620.0,0.0,3.7,150.0,1,131.4,0.008933953762006952,0.06948617833549084,-0.03,0.009788273337962505,0.0,1.0,0.3626539885596647,1301.497284799745,1.8043028809460293,5.259999999999991,-0.0990000000000002,7.271858287379509,1.391178401447149e-35,0.05898929720223348,0.15100270919815306,-0.20439999999996417,-0.20439999999996417,-2.5147350871495244,0.15378633583227241,landing,,,,-0.6843695032756258
131.508,63.97615822,-22.60539942,151.76,3.401,-0.3127,4.6538,359.8151,-0.0009,0.6161,-0.0037,3.672,0.022,-0.001,-0.0366,0.0001,1.0,1.0,1.0,-0.03,620.2,0.0,3.7,150.0,1,131.508,0.00894912864154307,0.06948617833549084,-0.03,0.00975495386272518,0.0,1.0,0.3626539885596647,1301.4950552655816,1.8043036592002994,5.259999999999991,-0.0990000000000002,7.271858287379509,1.1593153345392909e-35,0.05898924760013513,0.15682993818585453,-0.20489999999995234,-0.20489999999995234,-2.509705148208304,0.13223000227176318,landing,,,,-0.6843687227464059
131.608,63.97615821,-22.60539942,151.76,3.401,-0.3128,4.706,359.8148,-0.0006,0.4223,-0.0025,3.666,0.015,-0.0007,-0.0251,0.0001,1.0,1.0,1.0,-0.03,620.3,0.0,3.7,150.0,1,131.608,0.008964887806645172,0.06948617833549084,-0.03,0.009719906223772501,0.0,1.0,0.3626539885596647,1301.493940498104,1.804304048327573,5.259999999999991,-0.0990000000000002,7.271858287379509,9.660961121160757e-36,0.05898922279912446,0.16220609400514716,-0.20519999999999072,-0.20519999999999072,-2.5051280967262204,0.1147545475197842,landing,,,,-0.6843683324825918
131.708,63.9761582,-22.60539942,151.76,3.401,-0.3128,4.7416,359.8146,-0.0004,0.2875,-0.0017,3.662,0.01,-0.0004,-0.0171,0.0,1.0,1.0,1.0,-0.03,620.3,0.0,3.7,150.0,1,131.708,0.008977552106835818,0.06948617833549084,-0.03,0.009682448611450734,0.0,1.0,0.3626539885596647,1301.492825730626,1.8043044374548463,5.259999999999991,-0.0990000000000002,7.271858287379509,8.050800934300631e-36,0.05898919799814535,0.16756432682494424,-0.2054000000000542,-0.2054000000000542,-2.500616815758964,0.1006859522907127,landing,,,,-0.6843679422193958
131.808,63.9761582,-22.60539942,151.761,3.401,-0.3129,4.7659,359.8145,-0.0002,0.1951,-0.0012,3.659,0.007,-0.0003,-0.0116,0.0,1.0,1.0,1.0,-0.03,620.4,0.0,3.7,150.0,1,131.808,0.008994979672944159,0.06948617833549084,-0.03,0.009642466280944784,0.0,1.0,0.3626539885596647,1301.492825730626,1.8043044374548463,5.260999999999996,-0.0990000000000002,7.271858287379509,6.70900077858386e-36,0.05898919799814535,0.17290469886867532,-0.2055000000000291,-0.2055000000000291,-2.4961606476013776,0.08880541117337493,landing,,,,-0.6843679422193958
131.908,63.9761582,-22.60539942,151.761,3.401,-0.3129,4.7823,359.8144,-0.0001,0.1321,-0.0008,3.658,0.005,-0.0002,-0.0078,0.0,1.0,1.0,1.0,-0.03,620.4,0.0,3.7,150.0,1,131.908,0.009008319880475624,0.06948617833549084,-0.03,0.009603009491712666,0.0,1.0,0.3626539885596647,1301.492825730626,1.8043044374548463,5.260999999999996,-0.0990000000000002,7.271858287379509,5.590833982153216e-36,0.05898919799814535,0.17822726967226063,-0.205600000000004,-0.205600000000004,-2.4917590411253645,0.07982310106670452,landing,,,,-0.6843679422193958
132.0,63.9761582,-22.60539942,151.761,3.401,-0.3129,4.7893,359.8143,-0.0001,0.1052,-0.0006,3.657,0.004,-0.0001,-0.0062,0.0,1.0,1.0,1.0,-0.03,620.4,0.0,3.7,150.0,1,132.0,0.009020348679982138,0.06948617833549084,-0.03,0.009567431481102395,0.0,1.0,0.3626539885596647,1301.492825730626,1.8043044374548463,5.260999999999996,-0.0990000000000002,7.271858287379509,4.6590283184610134e-36,0.05898919799814535,0.18310771226109576,-0.2056999999999789,-0.2056999999999789,-2.4877592579470087,0.07157831322269606,landing,,,,-0.6843679422193958
132.117,63.97615819,-22.60539942,151.761,3.401,-0.3129,4.8004,359.8143,-0.0,0.0625,-0.0004,3.655,0.002,-0.0001,-0.0037,0.0,1.0,1.0,1.0,-0.03,620.4,0.0,3.7,150.0,1,132.117,0.009036798564639459,0.06948617833549084,-0.03,0.009518777040270154,0.0,1.0,0.3626539885596647,1301.4917109631485,1.8043048265821198,5.260999999999996,-0.0990000000000002,7.271858287379509,3.882523598717511e-36,0.058989173197197806,0.18929532544734912,-0.2056999999999789,-0.2056999999999789,-2.482719374629027,0.06351719228481274,landing,,,,-0.6843675519568251
132.233,63.97615819,-22.60539942,151.761,3.401,-0.3129,4.806,359.8142,0.0,0.0409,-0.0002,3.655,0.001,-0.0,-0.0024,0.0,1.0,1.0,1.0,-0.03,620.4,0.0,3.7,150.0,1,132.233,0.009051854572474705,0.06948617833549084,-0.03,0.00947424529116625,0.0,1.0,0.3626539885596647,1301.4917109631485,1.8043048265821198,5.260999999999996,-0.0990000000000002,7.271858287379509,3.235436332264592e-36,0.058989173197197806,0.1954061276131617,-0.2057999999999538,-0.2057999999999538,-2.477792629883324,0.05774290207710249,landing,,,,-0.6843675519568251
132.308,63.97615819,-22.60539942,151.761,3.401,-0.3129,4.809,359.8142,0.0,0.0296,-0.0002,3.655,0.001,-0.0,-0.0018,0.0,1.0,1.0,1.0,-0.03,620.3,0.0,3.7,150.0,1,132.308,0.009062134034346248,0.06948617833549084,-0.03,0.009443841303642952,0.0,1.0,0.3626539885596647,1301.4917109631485,1.8043048265821198,5.260999999999996,-0.0990000000000002,7.271858287379509,2.696196943553827e-36,0.058989173197197806,0.19934180028391804,-0.2057999999999538,-0.2057999999999538,-2.474644185159196,0.05249354734282045,landing,,,,-0.6843675519568251
132.4,63.97615819,-22.60539942,151.761,3.401,-0.3129,4.8113,359.8142,0.0001,0.0207,-0.0001,3.654,0.001,-0.0,-0.0012,0.0,1.0,1.0,1.0,-0.03,620.3,0.0,3.7,150.0,1,132.4,0.009074649224559195,0.06948617833549084,-0.03,0.009406824591041918,0.0,1.0,0.3626539885596647,1301.4917109631485,1.8043048265821198,5.260999999999996,-0.0990000000000002,7.271858287379509,2.2468307862948557e-36,0.058989173197197806,0.20415748936385691,-0.2057999999999538,-0.2057999999999538,-2.470811058655727,0.04673326438280145,landing,,,,-0.6843675519568251
132.5,63.97615819,-22.60539942,151.761,3.401,-0.3129,4.813,359.8142,0.0001,0.014,-0.0001,3.654,0.0,-0.0,-0.0008,0.0,1.0,1.0,1.0,-0.03,620.2,0.0,3.7,150.0,1,132.5,0.009088127893224773,0.06948617833549084,-0.03,0.009366958132620562,0.0,1.0,0.3626539885596647,1301.4917109631485,1.8043048265821198,5.260999999999996,-0.0990000000000002,7.271858287379509,1.8723589885790465e-36,0.058989173197197806,0.2093758817190302,-0.2057999999999538,-0.2057999999999538,-2.466682948069165,0.04248478580254677,landing,,,,-0.6843675519568251
132.6,63.97615819,-22.60539942,151.761,3.401,-0.3129,4.8142,359.8142,0.0001,0.0095,-0.0001,3.654,0.0,0.0,-0.0006,0.0,1.0,1.0,1.0,-0.03,620.2,0.0,3.7,150.0,1,132.6,0.0091014721348881,0.06948617833549084,-0.03,0.009327489249161491,0.0,1.0,0.3626539885596647,1301.4917109631485,1.8043048265821198,5.260999999999996,-0.0990000000000002,7.271858287379509,1.5602991571492053e-36,0.058989173197197806,0.2145768794330196,-0.2057999999999538,-0.2057999999999538,-2.462596118588469,0.03862253254776979,landing,,,,-0.6843675519568251
132.7,63.97615819,-22.60539942,151.761,3.401,-0.3129,4.815,359.8142,0.0001,0.0065,-0.0,3.654,0.0,0.0,-0.0004,0.0,1.0,1.0,1.0,-0.03,620.1,0.0,3.7,150.0,1,132.7,0.009114683285797287,0.06948617833549084,-0.03,0.009288413988365996,0.0,1.0,0.3626539885596647,1301.4917109631485,1.8043048265821198,5.260999999999996,-0.0990000000000002,7.271858287379509,1.3002492976243378e-36,0.058989173197197806,0.21976054048796234,-0.2057999999999538,-0.2057999999999538,-2.4585501574025797,0.035111393225245265,landing,,,,-0.6843675519568251
132.8,63.97615819,-22.60539942,151.761,3.401,-0.3129,4.8156,359.8142,0.0001,0.0044,-0.0,3.654,0.0,0.0,-0.0003,0.0,1.0,1.0,1.0,-0.03,620.0,0.0,3.7,150.0,1,132.8,0.009127762669023431,0.06948617833549084,-0.03,0.009249728436939608,0.0,1.0,0.3626539885596647,1301.4917109631485,1.8043048265821198,5.260999999999996,-0.0990000000000002,7.271858287379509,1.0835410813536147e-36,0.058989173197197806,0.22492692267272343,-0.2057999999999538,-0.2057999999999538,-2.454544655828548,0.031919448386586606,landing,,,,-0.6843675519568251
132.925,63.97615819,-22.60539942,151.761,3.401,-0.3129,4.816,359.8142,0.0,0.0028,-0.0,3.654,0.0,0.0,-0.0002,0.0,1.0,1.0,1.0,-0.03,619.9,0.0,3.7,150.0,1,132.925,0.009143948878146624,0.06948617833549084,-0.03,0.00920185363252446,0.0,1.0,0.3626539885596647,1301.4917109631485,1.8043048265821198,5.260999999999996,-0.0990000000000002,7.271858287379509,9.029509011280123e-37,0.058989173197197806,0.2313633738112368,-0.2057999999999538,-0.2057999999999538,-2.4495878476306854,0.02901768035144237,landing,,,,-0.6843675519568251
133.025,63.97615819,-22.60539942,151.761,3.401,-0.3129,4.8162,359.8142,0.0,0.0019,-0.0,3.654,0.0,0.0,-0.0001,0.0,1.0,1.0,1.0,-0.03,619.9,0.0,3.7,150.0,1,133.025,0.009156736351844441,0.06948617833549084,-0.03,0.009164031417055574,0.0,1.0,0.3626539885596647,1301.4917109631485,1.8043048265821198,5.260999999999996,-0.0990000000000002,7.271858287379509,7.524590842733435e-37,0.058989173197197806,0.23649107988491885,-0.2057999999999538,-0.2057999999999538,-2.445671969154374,0.026379709410402154,landing,,,,-0.6843675519568251
133.125,63.97615819,-22.60539942,151.761,3.401,-0.3129,4.8164,359.8142,0.0,0.0014,-0.0,3.654,0.0,0.0,-0.0001,0.0,1.0,1.0,1.0,-0.03,619.8,0.0,3.7,150.0,1,133.125,0.009169396270377272,0.06948617833549084,-0.03,0.00912658645162212,0.0,1.0,0.3626539885596647,1301.4917109631485,1.8043048265821198,5.260999999999996,-0.0990000000000002,7.271858287379509,6.270492368944529e-37,0.058989173197197806,0.24160169360502196,-0.2057999999999538,-0.2057999999999538,-2.441795249462826,0.023981554009456504,landing,,,,-0.6843675519568251
133.225,63.97615819,-22.60539942,151.761,3.401,-0.3129,4.8165,359.8142,0.0,0.001,-0.0,3.654,0.0,0.0,-0.0001,0.0,1.0,1.0,1.0,-0.03,619.7,0.0,3.7,150.0,1,133.225,0.009181929902199182,0.06948617833549084,-0.03,0.009089514984578773,0.0,1.0,0.3626539885596647,1301.4917109631485,1.8043048265821198,5.260999999999996,-0.0990000000000002,7.271858287379509,5.225410307453774e-37,0.058989173197197806,0.24669527194605803,-0.2057999999999538,-0.2057999999999538,-2.437957296968193,0.02180141273586955,landing,,,,-0.6843675519568251
133.325,63.97615819,-22.60539942,151.761,3.401,-0.3128,4.8166,359.8142,0.0,0.0007,-0.0,3.654,0.0,0.0,-0.0,0.0,1.0,1.0,1.0,-0.03,619.7,0.0,3.7,150.0,1,133.325,0.009190428755886604,0.06948617833549084,-0.03,0.009052813301336449,0.0,1.0,0.3626539885596647,1301.4917109631485,1.8043048265821198,5.260999999999996,-0.0990000000000002,7.271858287379509,4.354508589544812e-37,0.058989173197197806,0.251771871692624,-0.2057999999999538,-0.2057999999999538,-2.434157723998507,0.019819466123517773,landing,,,,-0.6843675519568251
133.425,63.97615819,-22.60539942,151.761,3.401,-0.3128,4.8167,359.8142,0.0,0.0006,-0.0,3.654,0.0,0.0,-0.0,0.0,1.0,1.0,1.0,-0.03,619.6,0.0,3.7,150.0,1,133.425,0.009202713565281018,0.06948617833549084,-0.03,0.009016477724002825,0.0,1.0,0.3626539885596647,1301.4917109631485,1.8043048265821198,5.260999999999996,-0.0990000000000002,7.271858287379509,3.62875715795401e-37,0.058989173197197806,0.25683154944003617,-0.2057999999999538,-0.2057999999999538,-2.4303961467585165,0.018017696475925247,landing,,,,-0.6843675519568251
